{
  "AGI": {
    "_ts": 1776524174.3979228,
    "days": 11
  },
  "AGX": {
    "_ts": 1776524174.3979228,
    "days": 46
  },
  "AIR": {
    "_ts": 1776524174.3979228,
    "days": 89
  },
  "ARR": {
    "_ts": 1776524174.3979228,
    "days": 11
  },
  "ATI": {
    "_ts": 1776524174.3979228,
    "days": 11
  },
  "AU": {
    "_ts": 1776524174.3979228,
    "days": 19
  },
  "BTSG": {
    "_ts": 1776524174.3979228,
    "days": 12
  },
  "BURL": {
    "_ts": 1776524174.3979228,
    "days": 39
  },
  "CAMT": {
    "_ts": 1776524174.3979228,
    "days": 30
  },
  "CASY": {
    "_ts": 1776524174.3979228,
    "days": 51
  },
  "CC": {
    "_ts": 1776524174.3979228,
    "days": 17
  },
  "CELC": {
    "_ts": 1776524174.3979228,
    "days": 25
  },
  "CMI": {
    "_ts": 1776524174.3979228,
    "days": 16
  },
  "CRS": {
    "_ts": 1776524174.3979228,
    "days": 10
  },
  "CX": {
    "_ts": 1776524174.3979228,
    "days": 4
  },
  "GLNG": {
    "_ts": 1776524174.3979228,
    "days": 31
  },
  "HYMC": {
    "_ts": 1776524174.3979228,
    "days": 25
  },
  "KGC": {
    "_ts": 1776524174.3979228,
    "days": 11
  },
  "KYMR": {
    "_ts": 1776524174.3979228,
    "days": 19
  },
  "LFUS": {
    "_ts": 1776524174.3979228,
    "days": 17
  },
  "LYG": {
    "_ts": 1776524174.3979228,
    "days": 10
  },
  "MIRM": {
    "_ts": 1776524174.3979228,
    "days": 18
  },
  "MOG-A": {
    "_ts": 1776524174.3979228,
    "days": 5
  },
  "MT": {
    "_ts": 1776524174.3979228,
    "days": 11
  },
  "NEM": {
    "_ts": 1776524174.3979228,
    "days": 5
  },
  "PAAS": {
    "_ts": 1776524174.3979228,
    "days": 17
  },
  "PPLT": {
    "_ts": 1776524174.3979228,
    "days": 999
  },
  "RGLD": {
    "_ts": 1776524174.3979228,
    "days": 18
  },
  "ROST": {
    "_ts": 1776524174.3979228,
    "days": 33
  },
  "SCCO": {
    "_ts": 1776524174.3979228,
    "days": 5
  },
  "SLB": {
    "_ts": 1776524174.3979228,
    "days": 5
  },
  "SRRK": {
    "_ts": 1776524174.3979228,
    "days": 18
  },
  "SSRM": {
    "_ts": 1776524174.3979228,
    "days": 17
  },
  "STNG": {
    "_ts": 1776524174.3979228,
    "days": 11
  },
  "STRL": {
    "_ts": 1776524174.3979228,
    "days": 16
  },
  "TECK": {
    "_ts": 1776524174.3979228,
    "days": 4
  },
  "TER": {
    "_ts": 1776524174.3979228,
    "days": 10
  },
  "TERN": {
    "_ts": 1776524174.3979228,
    "days": 19
  },
  "UNF": {
    "_ts": 1776524174.3979228,
    "days": 73
  },
  "VRT": {
    "_ts": 1776524174.3979228,
    "days": 3
  }
}
