{
  "AEIS": {
    "_ts": 1776525280.446076,
    "days": 999
  },
  "AGI": {
    "_ts": 1776524174.3979228,
    "days": 11
  },
  "AGX": {
    "_ts": 1776524174.3979228,
    "days": 46
  },
  "AIR": {
    "_ts": 1776524174.3979228,
    "days": 89
  },
  "APG": {
    "_ts": 1776525280.446076,
    "days": 999
  },
  "AROC": {
    "_ts": 1776525280.446076,
    "days": 999
  },
  "ARR": {
    "_ts": 1776524174.3979228,
    "days": 11
  },
  "ATI": {
    "_ts": 1776524174.3979228,
    "days": 11
  },
  "AU": {
    "_ts": 1776524174.3979228,
    "days": 19
  },
  "BP": {
    "_ts": 1776525280.446076,
    "days": 999
  },
  "BTSG": {
    "_ts": 1776524174.3979228,
    "days": 12
  },
  "BURL": {
    "_ts": 1776524174.3979228,
    "days": 39
  },
  "CAH": {
    "_ts": 1776525280.446076,
    "days": 999
  },
  "CAMT": {
    "_ts": 1776524174.3979228,
    "days": 30
  },
  "CASY": {
    "_ts": 1776524174.3979228,
    "days": 51
  },
  "CC": {
    "_ts": 1776524174.3979228,
    "days": 17
  },
  "CELC": {
    "_ts": 1776524174.3979228,
    "days": 25
  },
  "CLS": {
    "_ts": 1776525280.446076,
    "days": 999
  },
  "CMI": {
    "_ts": 1776524174.3979228,
    "days": 16
  },
  "CRS": {
    "_ts": 1776524174.3979228,
    "days": 10
  },
  "CX": {
    "_ts": 1776524174.3979228,
    "days": 4
  },
  "DBD": {
    "_ts": 1776525280.446076,
    "days": 999
  },
  "DOV": {
    "_ts": 1776525280.446076,
    "days": 999
  },
  "EA": {
    "_ts": 1776525280.446076,
    "days": 999
  },
  "ESE": {
    "_ts": 1776525280.446076,
    "days": 999
  },
  "EVR": {
    "_ts": 1776525280.446076,
    "days": 999
  },
  "FDX": {
    "_ts": 1776525280.446076,
    "days": 999
  },
  "FIX": {
    "_ts": 1776525280.446076,
    "days": 999
  },
  "FLS": {
    "_ts": 1776525280.446076,
    "days": 999
  },
  "FTI": {
    "_ts": 1776525280.446076,
    "days": 999
  },
  "GLNG": {
    "_ts": 1776524174.3979228,
    "days": 31
  },
  "HAS": {
    "_ts": 1776525280.446076,
    "days": 999
  },
  "HSBC": {
    "_ts": 1776525280.446076,
    "days": 999
  },
  "HYMC": {
    "_ts": 1776524174.3979228,
    "days": 25
  },
  "INDV": {
    "_ts": 1776525280.446076,
    "days": 999
  },
  "JBHT": {
    "_ts": 1776525280.446076,
    "days": 999
  },
  "JCI": {
    "_ts": 1776525280.446076,
    "days": 999
  },
  "KGC": {
    "_ts": 1776524174.3979228,
    "days": 11
  },
  "KYMR": {
    "_ts": 1776524174.3979228,
    "days": 19
  },
  "LFUS": {
    "_ts": 1776524174.3979228,
    "days": 17
  },
  "LRCX": {
    "_ts": 1776525280.446076,
    "days": 999
  },
  "LYG": {
    "_ts": 1776524174.3979228,
    "days": 10
  },
  "MIRM": {
    "_ts": 1776524174.3979228,
    "days": 18
  },
  "MKSI": {
    "_ts": 1776525280.446076,
    "days": 999
  },
  "MOG-A": {
    "_ts": 1776524174.3979228,
    "days": 5
  },
  "MT": {
    "_ts": 1776524174.3979228,
    "days": 11
  },
  "MTSI": {
    "_ts": 1776525280.446076,
    "days": 999
  },
  "MUFG": {
    "_ts": 1776525280.446076,
    "days": 999
  },
  "NEM": {
    "_ts": 1776524174.3979228,
    "days": 5
  },
  "NUVL": {
    "_ts": 1776525280.446076,
    "days": 999
  },
  "ON": {
    "_ts": 1776525280.446076,
    "days": 999
  },
  "PAAS": {
    "_ts": 1776524174.3979228,
    "days": 17
  },
  "PPLT": {
    "_ts": 1776524174.3979228,
    "days": 999
  },
  "RGLD": {
    "_ts": 1776524174.3979228,
    "days": 18
  },
  "ROST": {
    "_ts": 1776524174.3979228,
    "days": 33
  },
  "SAIA": {
    "_ts": 1776525280.446076,
    "days": 999
  },
  "SCCO": {
    "_ts": 1776524174.3979228,
    "days": 5
  },
  "SGML": {
    "_ts": 1776525280.446076,
    "days": 999
  },
  "SLB": {
    "_ts": 1776524174.3979228,
    "days": 5
  },
  "SQM": {
    "_ts": 1776525280.446076,
    "days": 999
  },
  "SRRK": {
    "_ts": 1776524174.3979228,
    "days": 18
  },
  "SSRM": {
    "_ts": 1776524174.3979228,
    "days": 17
  },
  "STNG": {
    "_ts": 1776524174.3979228,
    "days": 11
  },
  "STRL": {
    "_ts": 1776524174.3979228,
    "days": 16
  },
  "TECK": {
    "_ts": 1776524174.3979228,
    "days": 4
  },
  "TEL": {
    "_ts": 1776525280.446076,
    "days": 999
  },
  "TER": {
    "_ts": 1776524174.3979228,
    "days": 10
  },
  "TERN": {
    "_ts": 1776524174.3979228,
    "days": 19
  },
  "UNF": {
    "_ts": 1776524174.3979228,
    "days": 73
  },
  "VIK": {
    "_ts": 1776525280.446076,
    "days": 999
  },
  "VOD": {
    "_ts": 1776525280.446076,
    "days": 999
  },
  "VRT": {
    "_ts": 1776524174.3979228,
    "days": 3
  },
  "WAB": {
    "_ts": 1776525280.446076,
    "days": 999
  },
  "WBS": {
    "_ts": 1776525280.446076,
    "days": 999
  },
  "WCC": {
    "_ts": 1776525280.446076,
    "days": 999
  },
  "WMT": {
    "_ts": 1776525280.446076,
    "days": 999
  }
}
