{
  "AAOI": {
    "_ts": 1776951756.754745,
    "days": 10,
    "event_ts": 1778184000.0
  },
  "ACLS": {
    "_ts": 1776597239.6536996,
    "days": 999
  },
  "ADI": {
    "_ts": 1776610161.9870622,
    "days": 999
  },
  "AEIS": {
    "_ts": 1776525280.446076,
    "days": 999
  },
  "AEM": {
    "_ts": 1776526474.4889562,
    "days": 12,
    "event_ts": 1777579200.0
  },
  "AER": {
    "_ts": 1776693205.647353,
    "days": 7,
    "event_ts": 1777464000.0
  },
  "AGI": {
    "_ts": 1776524174.3979228,
    "days": 11
  },
  "AGNC": {
    "_ts": 1776526474.4889562,
    "days": 2,
    "event_ts": 1776715200.0
  },
  "AGX": {
    "_ts": 1776524174.3979228,
    "days": 46
  },
  "AIR": {
    "_ts": 1776524174.3979228,
    "days": 89
  },
  "ALB": {
    "_ts": 1776693205.647353,
    "days": 12,
    "event_ts": 1778097600.0
  },
  "ALM": {
    "_ts": 1776597239.6536996,
    "days": 999
  },
  "ALSN": {
    "_ts": 1776526474.4889562,
    "days": 12,
    "event_ts": 1777579200.0
  },
  "AMAT": {
    "_ts": 1776951741.2237134,
    "days": 15,
    "event_ts": 1778788800.0
  },
  "AME": {
    "_ts": 1776526474.4889562,
    "days": 11,
    "event_ts": 1777550400.0
  },
  "APG": {
    "_ts": 1776525280.446076,
    "days": 999
  },
  "APH": {
    "_ts": 1776693181.3381379,
    "days": 7,
    "event_ts": 1777464000.0
  },
  "AROC": {
    "_ts": 1776525280.446076,
    "days": 999
  },
  "ARR": {
    "_ts": 1776524174.3979228,
    "days": 11
  },
  "ARW": {
    "_ts": 1776693205.647353,
    "days": 8,
    "event_ts": 1777550400.0
  },
  "ARWR": {
    "_ts": 1776778940.4179416,
    "days": 999
  },
  "ASND": {
    "_ts": 1776599361.9083884,
    "days": 999
  },
  "ATI": {
    "_ts": 1776524174.3979228,
    "days": 11
  },
  "ATMU": {
    "_ts": 1776526474.4889562,
    "days": 12,
    "event_ts": 1777636800.0
  },
  "AU": {
    "_ts": 1776524174.3979228,
    "days": 19
  },
  "AVT": {
    "_ts": 1776526474.4889562,
    "days": 10,
    "event_ts": 1777464000.0
  },
  "AXSM": {
    "_ts": 1776526474.4889562,
    "days": 15,
    "event_ts": 1777896000.0
  },
  "AZN": {
    "_ts": 1776693227.6852486,
    "days": 7,
    "event_ts": 1777492800.0
  },
  "BALL": {
    "_ts": 1776693227.6852486,
    "days": 11,
    "event_ts": 1777982400.0
  },
  "BHP": {
    "_ts": 1776693205.647353,
    "days": 85,
    "event_ts": 1786996800.0
  },
  "BMO": {
    "_ts": 1776597239.6536996,
    "days": 999
  },
  "BNS": {
    "_ts": 1776693205.647353,
    "days": 27,
    "event_ts": 1779883200.0
  },
  "BP": {
    "_ts": 1776525280.446076,
    "days": 999
  },
  "BTSG": {
    "_ts": 1776524174.3979228,
    "days": 12
  },
  "BURL": {
    "_ts": 1776524174.3979228,
    "days": 39
  },
  "CAH": {
    "_ts": 1776525280.446076,
    "days": 999
  },
  "CAMT": {
    "_ts": 1776524174.3979228,
    "days": 30
  },
  "CASY": {
    "_ts": 1776524174.3979228,
    "days": 51
  },
  "CAT": {
    "_ts": 1776610168.793616,
    "days": 999
  },
  "CC": {
    "_ts": 1776524174.3979228,
    "days": 17
  },
  "CELC": {
    "_ts": 1776524174.3979228,
    "days": 25
  },
  "CFG": {
    "_ts": 1776610168.793616,
    "days": 999
  },
  "CGNX": {
    "_ts": 1776610168.793616,
    "days": 999
  },
  "CHRW": {
    "_ts": 1776598251.4639716,
    "days": 999
  },
  "CLH": {
    "_ts": 1776778947.632302,
    "days": 999
  },
  "CLS": {
    "_ts": 1776525280.446076,
    "days": 999
  },
  "CM": {
    "_ts": 1776526474.4889562,
    "days": 39,
    "event_ts": 1779969600.0
  },
  "CMI": {
    "_ts": 1776524174.3979228,
    "days": 16
  },
  "CNTA": {
    "_ts": 1776778952.5617049,
    "days": 999
  },
  "COHR": {
    "_ts": 1776693205.647353,
    "days": 12,
    "event_ts": 1778097600.0
  },
  "CRS": {
    "_ts": 1776524174.3979228,
    "days": 10
  },
  "CRUS": {
    "_ts": 1776693205.647353,
    "days": 11,
    "event_ts": 1778011200.0
  },
  "CSCO": {
    "_ts": 1776526474.4889562,
    "days": 25,
    "event_ts": 1778702400.0
  },
  "CSTM": {
    "_ts": 1776778940.4179416,
    "days": 999
  },
  "CSX": {
    "_ts": 1776526474.4889562,
    "days": 4,
    "event_ts": 1776888000.0
  },
  "CW": {
    "_ts": 1776693170.0068429,
    "days": 12,
    "event_ts": 1778097600.0
  },
  "CX": {
    "_ts": 1776524174.3979228,
    "days": 4
  },
  "CYTK": {
    "_ts": 1776951741.2237134,
    "days": 8,
    "event_ts": 1778011200.0
  },
  "DBC": {
    "_ts": 1776951756.754745,
    "days": 999
  },
  "DBD": {
    "_ts": 1776525280.446076,
    "days": 999
  },
  "DD": {
    "_ts": 1776597239.6536996,
    "days": 999
  },
  "DNTH": {
    "_ts": 1776693205.647353,
    "days": 15,
    "event_ts": 1778500800.0
  },
  "DOV": {
    "_ts": 1776525280.446076,
    "days": 999
  },
  "DY": {
    "_ts": 1776778940.4179416,
    "days": 999
  },
  "EA": {
    "_ts": 1776525280.446076,
    "days": 999
  },
  "EME": {
    "_ts": 1776693181.3381379,
    "days": 7,
    "event_ts": 1777464000.0
  },
  "ENS": {
    "_ts": 1776526474.4889562,
    "days": 32,
    "event_ts": 1779307200.0
  },
  "ENTG": {
    "_ts": 1776693227.6852486,
    "days": 8,
    "event_ts": 1777550400.0
  },
  "ESE": {
    "_ts": 1776525280.446076,
    "days": 999
  },
  "EVR": {
    "_ts": 1776525280.446076,
    "days": 999
  },
  "EWBC": {
    "_ts": 1776693227.6852486,
    "days": 1,
    "event_ts": 1776801600.0
  },
  "FCFS": {
    "_ts": 1776693227.6852486,
    "days": 8,
    "event_ts": 1777550400.0
  },
  "FCX": {
    "_ts": 1776597232.0559423,
    "days": 999
  },
  "FDX": {
    "_ts": 1776525280.446076,
    "days": 999
  },
  "FER": {
    "_ts": 1776693181.3381379,
    "days": 13,
    "event_ts": 1778184000.0
  },
  "FERG": {
    "_ts": 1776597239.6536996,
    "days": 999
  },
  "FIVE": {
    "_ts": 1776693181.3381379,
    "days": 32,
    "event_ts": 1780516800.0
  },
  "FIX": {
    "_ts": 1776525280.446076,
    "days": 999
  },
  "FLG": {
    "_ts": 1776599361.9083884,
    "days": 999
  },
  "FLS": {
    "_ts": 1776525280.446076,
    "days": 999
  },
  "FNB": {
    "_ts": 1776610168.793616,
    "days": 999
  },
  "FNV": {
    "_ts": 1776526474.4889562,
    "days": 19,
    "event_ts": 1778184000.0
  },
  "FORM": {
    "_ts": 1776693181.3381379,
    "days": 7,
    "event_ts": 1777492800.0
  },
  "FTI": {
    "_ts": 1776525280.446076,
    "days": 999
  },
  "GKOS": {
    "_ts": 1776693181.3381379,
    "days": 7,
    "event_ts": 1777492800.0
  },
  "GLNG": {
    "_ts": 1776524174.3979228,
    "days": 31
  },
  "GLW": {
    "_ts": 1776778952.5617049,
    "days": 999
  },
  "GM": {
    "_ts": 1776526474.4889562,
    "days": 9,
    "event_ts": 1777377600.0
  },
  "GOOG": {
    "_ts": 1776693181.3381379,
    "days": 7,
    "event_ts": 1777492800.0
  },
  "GOOGL": {
    "_ts": 1776693181.3381379,
    "days": 7,
    "event_ts": 1777492800.0
  },
  "GS": {
    "_ts": 1776597239.6536996,
    "days": 999
  },
  "GSAT": {
    "_ts": 1776526474.4889562,
    "days": 18,
    "event_ts": 1778155200.0
  },
  "GSK": {
    "_ts": 1776693170.0068429,
    "days": 7,
    "event_ts": 1777464000.0
  },
  "GTLS": {
    "_ts": 1776693170.0068429,
    "days": 8,
    "event_ts": 1777579200.0
  },
  "H": {
    "_ts": 1776951741.2237134,
    "days": 5,
    "event_ts": 1777550400.0
  },
  "HAS": {
    "_ts": 1776525280.446076,
    "days": 999
  },
  "HBM": {
    "_ts": 1776778940.4179416,
    "days": 999
  },
  "HSBC": {
    "_ts": 1776525280.446076,
    "days": 999
  },
  "HST": {
    "_ts": 1776610168.793616,
    "days": 999
  },
  "HTHT": {
    "_ts": 1776693227.6852486,
    "days": 22,
    "event_ts": 1779278400.0
  },
  "HUBB": {
    "_ts": 1776610161.9870622,
    "days": 999
  },
  "HUN": {
    "_ts": 1776693170.0068429,
    "days": 8,
    "event_ts": 1777579200.0
  },
  "HWM": {
    "_ts": 1776526474.4889562,
    "days": 18,
    "event_ts": 1778155200.0
  },
  "HXL": {
    "_ts": 1776778947.632302,
    "days": 999
  },
  "HYMC": {
    "_ts": 1776524174.3979228,
    "days": 25
  },
  "IDCC": {
    "_ts": 1776951756.754745,
    "days": 5,
    "event_ts": 1777550400.0
  },