{
  "ACLS": {
    "_ts": 1776597239.6536996,
    "days": 999
  },
  "AEIS": {
    "_ts": 1776525280.446076,
    "days": 999
  },
  "AEM": {
    "_ts": 1776526474.4889562,
    "days": 12,
    "event_ts": 1777579200.0
  },
  "AGI": {
    "_ts": 1776524174.3979228,
    "days": 11
  },
  "AGNC": {
    "_ts": 1776526474.4889562,
    "days": 2,
    "event_ts": 1776715200.0
  },
  "AGX": {
    "_ts": 1776524174.3979228,
    "days": 46
  },
  "AIR": {
    "_ts": 1776524174.3979228,
    "days": 89
  },
  "ALM": {
    "_ts": 1776597239.6536996,
    "days": 999
  },
  "ALSN": {
    "_ts": 1776526474.4889562,
    "days": 12,
    "event_ts": 1777579200.0
  },
  "AME": {
    "_ts": 1776526474.4889562,
    "days": 11,
    "event_ts": 1777550400.0
  },
  "APG": {
    "_ts": 1776525280.446076,
    "days": 999
  },
  "AROC": {
    "_ts": 1776525280.446076,
    "days": 999
  },
  "ARR": {
    "_ts": 1776524174.3979228,
    "days": 11
  },
  "ATI": {
    "_ts": 1776524174.3979228,
    "days": 11
  },
  "ATMU": {
    "_ts": 1776526474.4889562,
    "days": 12,
    "event_ts": 1777636800.0
  },
  "AU": {
    "_ts": 1776524174.3979228,
    "days": 19
  },
  "AVT": {
    "_ts": 1776526474.4889562,
    "days": 10,
    "event_ts": 1777464000.0
  },
  "AXSM": {
    "_ts": 1776526474.4889562,
    "days": 15,
    "event_ts": 1777896000.0
  },
  "BMO": {
    "_ts": 1776597239.6536996,
    "days": 999
  },
  "BP": {
    "_ts": 1776525280.446076,
    "days": 999
  },
  "BTSG": {
    "_ts": 1776524174.3979228,
    "days": 12
  },
  "BURL": {
    "_ts": 1776524174.3979228,
    "days": 39
  },
  "CAH": {
    "_ts": 1776525280.446076,
    "days": 999
  },
  "CAMT": {
    "_ts": 1776524174.3979228,
    "days": 30
  },
  "CASY": {
    "_ts": 1776524174.3979228,
    "days": 51
  },
  "CC": {
    "_ts": 1776524174.3979228,
    "days": 17
  },
  "CELC": {
    "_ts": 1776524174.3979228,
    "days": 25
  },
  "CHRW": {
    "_ts": 1776598251.4639716,
    "days": 999
  },
  "CLS": {
    "_ts": 1776525280.446076,
    "days": 999
  },
  "CM": {
    "_ts": 1776526474.4889562,
    "days": 39,
    "event_ts": 1779969600.0
  },
  "CMI": {
    "_ts": 1776524174.3979228,
    "days": 16
  },
  "CRS": {
    "_ts": 1776524174.3979228,
    "days": 10
  },
  "CSCO": {
    "_ts": 1776526474.4889562,
    "days": 25,
    "event_ts": 1778702400.0
  },
  "CSX": {
    "_ts": 1776526474.4889562,
    "days": 4,
    "event_ts": 1776888000.0
  },
  "CX": {
    "_ts": 1776524174.3979228,
    "days": 4
  },
  "DBD": {
    "_ts": 1776525280.446076,
    "days": 999
  },
  "DD": {
    "_ts": 1776597239.6536996,
    "days": 999
  },
  "DOV": {
    "_ts": 1776525280.446076,
    "days": 999
  },
  "EA": {
    "_ts": 1776525280.446076,
    "days": 999
  },
  "ENS": {
    "_ts": 1776526474.4889562,
    "days": 32,
    "event_ts": 1779307200.0
  },
  "ESE": {
    "_ts": 1776525280.446076,
    "days": 999
  },
  "EVR": {
    "_ts": 1776525280.446076,
    "days": 999
  },
  "FCX": {
    "_ts": 1776597232.0559423,
    "days": 999
  },
  "FDX": {
    "_ts": 1776525280.446076,
    "days": 999
  },
  "FERG": {
    "_ts": 1776597239.6536996,
    "days": 999
  },
  "FIX": {
    "_ts": 1776525280.446076,
    "days": 999
  },
  "FLS": {
    "_ts": 1776525280.446076,
    "days": 999
  },
  "FNV": {
    "_ts": 1776526474.4889562,
    "days": 19,
    "event_ts": 1778184000.0
  },
  "FTI": {
    "_ts": 1776525280.446076,
    "days": 999
  },
  "GLNG": {
    "_ts": 1776524174.3979228,
    "days": 31
  },
  "GM": {
    "_ts": 1776526474.4889562,
    "days": 9,
    "event_ts": 1777377600.0
  },
  "GS": {
    "_ts": 1776597239.6536996,
    "days": 999
  },
  "GSAT": {
    "_ts": 1776526474.4889562,
    "days": 18,
    "event_ts": 1778155200.0
  },
  "HAS": {
    "_ts": 1776525280.446076,
    "days": 999
  },
  "HSBC": {
    "_ts": 1776525280.446076,
    "days": 999
  },
  "HWM": {
    "_ts": 1776526474.4889562,
    "days": 18,
    "event_ts": 1778155200.0
  },
  "HYMC": {
    "_ts": 1776524174.3979228,
    "days": 25
  },
  "INDV": {
    "_ts": 1776525280.446076,
    "days": 999
  },
  "ITT": {
    "_ts": 1776526474.4889562,
    "days": 17,
    "event_ts": 1778068800.0
  },
  "JBHT": {
    "_ts": 1776525280.446076,
    "days": 999
  },
  "JCI": {
    "_ts": 1776525280.446076,
    "days": 999
  },
  "KGC": {
    "_ts": 1776524174.3979228,
    "days": 11
  },
  "KGS": {
    "_ts": 1776597239.6536996,
    "days": 999
  },
  "KYMR": {
    "_ts": 1776524174.3979228,
    "days": 19
  },
  "LFUS": {
    "_ts": 1776524174.3979228,
    "days": 17
  },
  "LRCX": {
    "_ts": 1776525280.446076,
    "days": 999
  },
  "LSCC": {
    "_ts": 1776597232.0559423,
    "days": 999
  },
  "LYG": {
    "_ts": 1776524174.3979228,
    "days": 10
  },
  "MFC": {
    "_ts": 1776526474.4889562,
    "days": 25,
    "event_ts": 1778702400.0
  },
  "MIRM": {
    "_ts": 1776524174.3979228,
    "days": 18
  },
  "MKSI": {
    "_ts": 1776525280.446076,
    "days": 999
  },
  "MOG-A": {
    "_ts": 1776524174.3979228,
    "days": 5
  },
  "MT": {
    "_ts": 1776524174.3979228,
    "days": 11
  },
  "MTSI": {
    "_ts": 1776525280.446076,
    "days": 999
  },
  "MUFG": {
    "_ts": 1776525280.446076,
    "days": 999
  },
  "NEM": {
    "_ts": 1776524174.3979228,
    "days": 5
  },
  "NSC": {
    "_ts": 1776526474.4889562,
    "days": 5,
    "event_ts": 1777032000.0
  },
  "NTRS": {
    "_ts": 1776526474.4889562,
    "days": 2,
    "event_ts": 1776772800.0
  },
  "NUVL": {
    "_ts": 1776525280.446076,
    "days": 999
  },
  "NVMI": {
    "_ts": 1776597239.6536996,
    "days": 999
  },
  "ON": {
    "_ts": 1776525280.446076,
    "days": 999
  },
  "PAAS": {
    "_ts": 1776524174.3979228,
    "days": 17
  },
  "PCAR": {
    "_ts": 1776526474.4889562,
    "days": 9,
    "event_ts": 1777377600.0
  },
  "PCVX": {
    "_ts": 1776526474.4889562,
    "days": 18,
    "event_ts": 1778097600.0
  },
  "PLD": {
    "_ts": 1776597239.6536996,
    "days": 999
  },
  "PLXS": {
    "_ts": 1776526474.4889562,
    "days": 11,
    "event_ts": 1777492800.0
  },
  "POWL": {
    "_ts": 1776597232.0559423,
    "days": 999
  },
  "PPLT": {
    "_ts": 1776524174.3979228,
    "days": 999
  },
  "RBC": {
    "_ts": 1776526474.4889562,
    "days": 26,
    "event_ts": 1778846400.0
  },
  "RGLD": {
    "_ts": 1776524174.3979228,
    "days": 18
  },
  "ROK": {
    "_ts": 1776526474.4889562,
    "days": 17,
    "event_ts": 1778068800.0
  },
  "ROST": {
    "_ts": 1776524174.3979228,
    "days": 33
  },
  "SAIA": {
    "_ts": 1776525280.446076,
    "days": 999
  },
  "SCCO": {
    "_ts": 1776524174.3979228,
    "days": 5
  },
  "SGML": {
    "_ts": 1776525280.446076,
    "days": 999
  },
  "SKM": {
    "_ts": 1776526474.4889562,
    "days": 23,
    "event_ts": 1778529600.0
  },
  "SLAB": {
    "_ts": 1776526474.4889562,
    "days": 23,
    "event_ts": 1778587200.0
  },
  "SLB": {
    "_ts": 1776524174.3979228,
    "days": 5
  },
  "SQM": {
    "_ts": 1776525280.446076,
    "days": 999
  },
  "SRRK": {
    "_ts": 1776524174.3979228,
    "days": 18
  },
  "SSRM": {
    "_ts": 1776524174.3979228,
    "days": 17
  },
  "ST": {
    "_ts": 1776597232.0559423,
    "days": 999
  },
  "STNG": {
    "_ts": 1776524174.3979228,
    "days": 11
  },
  "STRL": {
    "_ts": 1776524174.3979228,
    "days": 16
  },
  "TDW": {
    "_ts": 1776597239.6536996,
    "days": 999
  },
  "TECK": {
    "_ts": 1776524174.3979228,
    "days": 4
  },
  "TEL": {
    "_ts": 1776525280.446076,
    "days": 999
  },
  "TER": {
    "_ts": 1776524174.3979228,
    "days": 10
  },
  "TERN": {
    "_ts": 1776524174.3979228,
    "days": 19
  },
  "TGT": {
    "_ts": 1776597232.0559423,
    "days": 999
  },
  "TKR": {
    "_ts": 1776526474.4889562,
    "days": 17,
    "event_ts": 1778068800.0
  },
  "TS": {
    "_ts": 1776597232.0559423,
    "days": 999
  },
  "UNF": {
    "_ts": 1776524174.3979228,
    "days": 73
  },
  "USFD": {
    "_ts": 1776526474.4889562,
    "days": 18,
    "event_ts": 1778155200.0
  },
  "VIK": {
    "_ts": 1776525280.446076,