ticker,price,pct_from_hi,pct_above_lo,ret_1y,rs_vs_spy,vol_ratio,all_pass,atr_ratio,range5_pct,ret_6m,ret_15d,contracting_pbs,vol_dry_up,atr_compression,tight_range,hh_hl_count,hh_hl_pct,hh_hl_orderly,candle_quality,abr21_pct,candle_orderly,atr50ma_ext,not_extended_50ma,ret_5d,compression_1w,tightness_score,support_score,avg_close_in_range,close_in_upper_range,up_down_vol_ratio,accumulation_support,distribution_days,quiet_pullback_weeks,quiet_pullback,recent_expansion,post_expansion_tight,base_length,base_depth_pct,base_tightness_pct,base_close_position,pivot_age,breakout_ready,leadership_score,entry_score,sepa_vcp_score,power_play_score,pct_to_pivot,pivot,adv_usd,rs_pct_rank,rs_top_20,qm_breakout_vendor_score,qm_breakout_score,qm_breakout_entry_price,qm_breakout_stop_price,qm_breakout_stop_loss_pct,qm_episodic_pivot_vendor_score,qm_episodic_pivot_score,qm_episodic_pivot_entry_price,qm_episodic_pivot_stop_price,qm_episodic_pivot_stop_loss_pct,sepa_vcp_qualifies,power_play_qualifies,qm_breakout_qualifies,qm_episodic_pivot_qualifies,qualified_count,also_fits,primary_setup,primary_setup_score,setup_score,primary_setup_valid,best_family_excess,best_family_pct,market_regime,regime_score,regime_eligible
A,171.38999938964844,-2.034404349268226,56.35711325637107,23.243279244262794,5.98210333860969,0.28119708856142966,True,1.234420020719786,7.620046446760501,46.3622757933978,9.698684031646376,False,True,False,True,30,50.0,True,0.4753661113259868,1.5831921370138877,True,2.8299577144902046,True,2.303925555645314,True,2,1,0.518008003037054,False,1.9743756736857605,True,4,3,True,False,False,25.0,20.220279439197714,7.857185137010012,0.8490368132002873,8.0,False,6,4,4,5,-3.0525178221219917,176.78643688258376,416489554.086895,64.5578231292517,False,0.0,0,,,,0.0,0,,,,False,False,False,False,0,,none,0,0,False,-1,0.625,risk_on,6,False
AA,42.04999923706055,-49.71762347199239,21.02245685417399,14.546112605049345,-2.7150633006037594,0.6567960560715086,False,0.7110971131872563,6.147441453921314,-42.43756236974482,-5.356743308052558,False,False,False,True,22,36.666666666666664,False,0.43100621987887133,1.349660004922643,False,-4.051697107352847,True,0.23837538093547384,True,2,0,0.5097953519063452,False,0.524478801505448,False,5,4,True,False,False,25.0,22.870039996567705,7.60999006182894,0.08552639215276608,22.0,False,0,2,3,4,-20.91404798727181,53.16999816894531,174514309.48334694,56.12244897959183,False,0.0,0,,,,0.0,0,,,,False,False,False,False,0,,none,0,0,False,-2,0.5,risk_on,6,False
AAL,12.664999961853027,-30.220384418506143,24.41060493302547,8.99311606356068,-8.268059842092423,0.7544184544814386,False,0.940424296129208,6.474541263074431,12.778276741861161,-2.2762351498891276,True,False,False,True,17,28.333333333333332,False,0.4533498802054109,1.4589921926983969,True,-2.645605663085988,True,-2.1251903203085565,True,2,0,0.46093064762402103,False,0.5422258745672223,False,4,4,True,False,False,25.0,11.237559247693428,10.896171485175502,0.11708880815523878,13.0,False,0,2,3,4,-9.921766828807122,14.0600004196167,918821201.0622793,51.22448979591837,False,0.0,0,,,,0.0,0,,,,False,False,False,False,0,,none,0,0,False,-2,0.5,risk_on,6,False
AAOI,111.0,-50.24652758256878,469.52283890987337,242.91011326127636,225.64893735562327,1.4166456871532633,False,0.8363527265022206,23.666663642402167,-27.54096335858701,5.543407751789964,False,False,False,False,25,41.66666666666667,True,0.3760677874084546,2.896603091530731,False,-0.31813379124558955,True,-3.9709286991178927,True,1,0,0.5464779872369618,False,0.8578622669342034,False,3,2,True,False,False,25.0,28.61608303201635,33.81080283774986,0.4630962257358058,3.0,False,5,2,2,4,-15.364082984547146,131.14999389648438,964281122.6226552,98.16326530612245,True,0.0,0,,,,0.0,0,,,,False,False,False,False,0,,none,0,0,False,-2,0.5,risk_on,6,False
AAON,87.12000274658203,-41.11795310018111,18.93124293067425,-13.559062988449499,-30.8202388941026,0.195957201019353,False,1.054896928028594,9.297518616571532,-6.6788147458514135,13.496613238708699,False,True,False,False,20,33.33333333333333,False,0.4623019965421376,2.229593632692799,True,1.0564670011354982,True,4.623521386722906,True,1,1,0.4912855261639836,False,1.2687404258772685,True,3,1,False,False,False,25.0,19.055939086218245,12.0752942050144,0.7477066969392733,9.0,False,1,3,3,3,-4.807685814986007,91.5199966430664,91674677.46066666,24.285714285714285,False,0.0,0,,,,0.0,0,,,,False,False,False,False,0,,none,0,0,False,-3,0.375,risk_on,6,False
AAP,42.0,-33.05017511772264,10.014657565633044,-14.857837955297848,-32.11901386095095,0.3262333231662543,False,0.7371833686920426,11.166663396926154,-25.138788409549562,-1.292595174905442,False,True,False,False,21,35.0,False,0.5167135735668835,2.104079267797104,True,-2.6282076366272915,True,8.58324629945768,False,0,0,0.522515023756144,False,0.5631050061598976,False,4,0,False,False,False,25.0,16.410371585198604,11.261903671991258,0.5287818095654412,19.0,False,1,1,2,5,-7.732865602735995,45.52000045776367,70815864.18258819,23.26530612244898,False,0.0,0,,,,0.0,0,,,,False,False,False,False,0,,none,0,0,False,-1,0.625,risk_on,6,False
AAPL,336.95001220703125,-1.2079617171588675,37.886697201648275,33.12655904379993,15.865383138146825,0.6614166576636265,True,0.8807050009417723,3.2497438226247235,30.228124952820924,0.2439554078204509,False,True,False,True,32,53.333333333333336,True,0.3598459951110269,0.6928953969559938,False,2.258585627579627,True,0.976957577923665,True,2,0,0.5442738616001846,False,1.0388916149156107,False,4,0,False,False,False,55.0,13.203942136780721,5.098676970881186,0.8160030403372549,13.0,True,7,3,5,6,-2.429485208730464,345.3399963378906,12447916886.275095,71.36054421768708,False,0.0,0,,,,0.0,0,,,,False,True,False,False,1,,power_play,6,6,True,0,0.75,risk_on,6,False
ABBV,276.2749938964844,0.0,40.96740644751813,23.475590191298945,6.214414285645841,0.3652404309508275,True,1.0064962411423781,6.265495589904716,35.87921206084275,4.66548069407029,False,False,False,True,26,43.333333333333336,True,0.3436787797098829,0.7213369533494791,False,3.011661829619643,True,5.119468152083018,False,1,2,0.5853420197976033,False,2.3503247955738793,True,1,0,False,False,False,55.0,13.11239494054624,7.141439298599941,0.9635985748965316,0.0,True,7,4,4,6,-0.47730986235539064,277.6000061035156,1165423366.2635741,65.03401360544217,False,0.0,0,,,,0.0,0,,,,False,True,False,False,1,,power_play,6,6,True,0,0.75,risk_on,6,True
ABCL,12.609999656677246,-14.912281266232409,353.5971146205907,113.36717398053663,96.10599807488353,0.5869518960746176,True,1.0597156322105195,20.935760995445428,244.5355016655752,-0.15835675045484665,False,False,False,False,26,43.333333333333336,True,0.46537430566192095,3.1455072463168365,True,1.4990250148797943,True,-8.224163997558486,False,0,0,0.4218686146180691,False,0.9579806400423169,False,3,2,True,True,False,25.0,31.268734872766256,24.781919786534253,0.48775285315144123,7.0,False,7,2,3,4,-16.017320224138544,15.015000343322754,72286151.4535583,93.06122448979592,True,0.0,0,,,,0.0,0,,,,False,False,False,False,0,,none,0,0,False,-2,0.5,risk_on,6,False
ABG,166.27000427246094,-35.058389616371045,0.0,-31.83979560203597,-49.100971507689074,0.5796804997768853,False,1.0032014361218877,7.4998501836019456,-19.180475513807636,-9.17185267674806,False,False,False,True,20,33.33333333333333,False,0.47434283237742475,1.8525672470743069,True,-5.31253262480228,True,-5.46395289035535,False,1,0,0.43858864320928614,False,0.408657644163661,False,10,2,True,False,False,25.0,26.469800296245804,11.812112157924195,0.032623526286331826,23.0,False,0,2,2,4,-25.606262070487272,223.5,50657205.4132721,10.612244897959183,False,0.0,0,,,,0.0,0,,,,False,False,False,False,0,,none,0,0,False,-2,0.5,risk_on,6,False
ABNB,165.64999389648438,-13.044622626517388,48.511737974555146,37.86932317333787,20.608147267684764,0.19488992739273928,False,1.0022002888762072,4.361001684039794,27.110178473493598,-0.342923426803432,False,True,False,True,26,43.333333333333336,True,0.4023688142479985,1.4236505351927422,False,-0.975368863436498,True,1.9823932561090496,True,2,2,0.6080430239550528,True,1.5834293301563265,True,4,1,False,False,False,25.0,19.245566941643546,7.352857460521048,0.46888190572034943,24.0,False,3,3,3,6,-10.221668837377162,184.50999450683594,741060454.0870842,74.6938775510204,False,0.0,0,,,,0.0,0,,,,False,True,False,False,1,,power_play,6,6,True,0,0.75,risk_on,6,False
ABT,99.12000274658203,-23.928404551698456,20.914434784874736,-23.928404551698456,-41.18958045735156,0.36201294355820335,False,0.9197900857364627,3.783292873374453,-0.23514724039870316,-3.401225848367695,False,False,False,True,23,38.333333333333336,False,0.42736803012769753,0.9826415656636852,False,-3.159186239945233,True,1.6615412785456751,True,2,1,0.507611835088614,False,0.8648284410918018,False,2,2,True,False,False,25.0,13.589677563248692,6.759487885373122,0.2715721702227119,24.0,False,0,3,2,4,-9.899099334770344,110.01000213623047,930928174.3112736,16.054421768707485,False,0.0,0,,,,0.0,0,,,,False,False,False,False,0,,none,0,0,False,-2,0.5,risk_on,6,False
ABVX,87.79000091552734,-39.584335289712236,21.089656435210124,-3.1122389094234815,-20.373414815076586,0.41670283311318973,False,1.0114695936946567,10.889620069365874,-27.631685201276145,-16.422315165317226,False,False,False,False,17,28.333333333333332,False,0.6232289574668964,2.8743077271575888,True,-5.134815594781198,True,-5.480185711034046,False,0,0,0.5172635908115872,False,0.48564408221762206,False,8,0,False,False,False,25.0,30.274390677756262,18.191139143590696,0.10076672079526208,22.0,False,0,1,1,1,-27.223739605084106,120.62999725341797,142346618.7559967,34.5578231292517,False,0.0,0,,,,0.0,0,,,,False,False,False,False,0,,none,0,0,False,-5,0.125,risk_on,6,False
ACA,146.96499633789062,0.0,65.14267230784941,61.5191574606262,44.25798155497309,0.29072124538022176,True,1.1688667674930782,0.5545554803624525,28.487849181127412,0.7713933271045414,False,True,False,True,23,38.333333333333336,False,0.41552066321248293,0.1422124215773817,False,2.70213771292722,True,0.317403643611347,True,2,2,0.37864039160740737,False,1.4697744200135419,True,0,1,False,False,False,,,,,,False,6,3,3,7,,,101288416.25154114,84.62585034013605,True,0.0,0,,,,0.0,0,,,,False,True,False,False,1,,power_play,7,7,True,1,0.875,risk_on,6,False
ACAD,19.864999771118164,-35.01799159493779,1.4555661313718993,-3.7081891457527827,-20.969365051405887,0.28772254194944824,False,1.010883158244964,5.688402119984665,-7.432429549862151,-27.207771694080584,False,False,False,True,21,35.0,False,0.47003984094933493,2.058797084127936,True,-6.8795269835476445,True,-0.426070118148536,True,2,0,0.45840726503689033,False,0.34576716872353347,False,7,2,True,False,False,25.0,31.58640279245568,6.946896974656027,0.06109866273906808,20.0,False,0,2,2,3,-29.65651582109907,28.239999771118164,55097373.92739935,33.87755102040816,False,0.0,0,,,,0.0,0,,,,False,False,False,False,0,,none,0,0,False,-3,0.375,risk_on,6,False
ACGL,96.15550231933594,-9.696187746152397,13.497994492283262,4.256206027891496,-13.004969877761608,0.21445320573831056,False,0.9808144564123311,3.5254354932924676,-0.9727046031178688,-0.7580731499013393,False,True,False,True,21,35.0,False,0.46299702123342795,0.8767747104205125,True,-0.6782140162638143,True,2.7302391953792693,True,2,2,0.5664304806252033,False,1.2038370742872417,True,2,3,True,False,False,25.0,7.525806260476656,4.47182300119318,0.5160455975561563,24.0,False,2,4,3,7,-3.6421470716971216,99.79000091552734,377628987.36111295,44.285714285714285,False,0.0,0,,,,0.0,0,,,,False,True,False,False,1,,power_play,7,7,True,1,0.875,risk_on,6,False
ACI,12.28499984741211,-35.1150030534102,11.37806114980615,-25.92077755098262,-43.181953456635725,0.3519287268160309,False,0.9855542578688604,7.895802404579003,-25.23840648117872,-0.5263200975697546,False,False,False,True,21,35.0,False,0.5488058151997958,1.843139455809517,True,0.4636502760164847,True,4.553190190741363,True,2,0,0.49610599302501796,False,0.7891562388029142,False,6,1,False,False,False,55.0,16.65387659834684,7.895802404579003,0.6566820924580625,18.0,False,1,2,2,4,-5.717574066206077,13.029999732971191,94848010.5149456,14.285714285714285,False,0.0,0,,,,0.0,0,,,,False,False,False,False,0,,none,0,0,False,-2,0.5,risk_on,6,False
ACM,59.09000015258789,-55.52161390203165,1.3898445268649473,-54.484935805029046,-71.74611171068216,0.22720533309898497,False,0.8977842328097128,7.801659499825986,-30.417817715854234,-4.67817623383977,False,True,False,True,24,40.0,True,0.49055059151741115,1.7109865958250468,True,-2.6073758284501958,True,-0.9554135036574984,True,2,0,0.43700131864993486,False,0.8088728555140321,False,5,5,True,False,False,25.0,16.223441635753126,8.647826361746533,0.24725285857810977,24.0,False,1,2,2,4,-12.212149315338038,67.30999755859375,95591936.67175885,2.925170068027211,False,0.0,0,,,,0.0,0,,,,False,False,False,False,0,,none,0,0,False,-2,0.5,risk_on,6,False
ACMR,71.30000305175781,-43.80959618983622,140.31008718711075,73.60604719153012,56.34487128587702,0.23876609236254498,False,0.9904504034486693,20.384286058839002,43.69206889672448,4.072399399403737,False,False,False,False,20,33.33333333333333,False,0.42464210342900044,2.7216269072243855,False,-0.9927759022985386,True,-14.487880306526357,False,0,0,0.42404716977179613,False,0.9063271307876852,False,5,1,False,True,False,25.0,27.169372387573965,24.325376435166092,0.36379184195489733,5.0,False,3,1,1,2,-17.285376361939907,86.19999694824219,98458721.10915336,88.09523809523809,True,0.0,0,,,,0.0,0,,,,False,False,False,False,0,,none,0,0,False,-4,0.25,risk_on,6,False
ACN,207.1999969482422,-26.71045525676272,68.50804452097464,-16.096780358464578,-33.35795626411768,0.273537682032957,False,1.2526264731553103,7.953666008815485,9.24272809740685,14.292020862516775,False,False,False,True,25,41.66666666666667,True,0.4764469009656178,2.0264806401233937,True,2.330426992746802,True,4.172952894145121,True,2,0,0.5037328348097129,False,0.5709956371710573,False,5,3,True,True,True,25.0,24.39045955345101,26.795369252022542,0.6320243810805322,6.0,False,2,2,2,4,-8.975094449911381,227.6300048828125,1432295058.9267037,22.040816326530614,False,0.0,0,,,,0.0,0,,,,False,False,False,False,0,,none,0,0,False,-2,0.5,risk_on,6,False
ACVA,10.454999923706055,-0.4285721551804289,151.92770321564035,15.270124316235467,-1.991051589417637,0.028561044785491853,False,0.0933110504101499,0.6695331930658254,131.3053090226558,-0.238545988761929,False,True,True,True,14,23.333333333333332,False,0.4960321963908839,0.15043690801306492,True,52.916990530222336,False,0.04784798595387496,True,3,2,0.36832882713921783,False,1.3823355853707189,True,0,1,False,False,False,25.0,37.1428580511184,0.717358295671331,0.988461519181141,16.0,True,7,4,6,7,-0.4285721551804289,10.5,100445755.48289709,56.59863945578232,False,0.0,0,,,,0.0,0,,,,True,True,False,False,2,sepa_vcp,power_play,7,7,True,1,0.875,risk_on,6,True
ADBE,242.99000549316406,-32.485898413291146,25.63466257809075,-30.068781581284288,-47.32995748693739,0.37961451244993155,False,0.8367493227200282,7.473559920809279,1.1994522824920306,-2.3822885744023248,True,True,False,True,24,40.0,True,0.4786189370295819,1.6912364408523315,True,-1.8610711066819345,True,2.229796372299808,True,2,1,0.6243453734074542,True,0.8817948753285362,False,4,2,True,False,False,25.0,18.571274985706808,9.724681817613801,0.35753328181556937,24.0,False,2,3,3,5,-11.931426092567666,275.9100036621094,1162273897.3882766,11.360544217687076,False,0.0,0,,,,0.0,0,,,,False,False,False,False,0,,none,0,0,False,-1,0.625,risk_on,6,False
ADC,65.94999694824219,-17.799843971625805,1.4147288731584773,-2.508949820778017,-19.77012572643112,0.19205323814789457,False,0.9103369887420095,2.5170524784369817,-13.079872377951107,-2.7019622484606765,False,False,False,True,14,23.333333333333332,False,0.5207564395296137,0.9340211191507488,True,-5.146404489475979,True,0.10625333597837905,True,2,0,0.5062287269981465,False,0.4428248575522877,False,7,2,True,False,False,25.0,12.040662748435436,4.689081843650471,0.17233998530189584,24.0,False,0,2,1,4,-9.965575107344982,73.24975644246312,113185050.73947258,35.51020408163265,False,0.0,0,,,,0.0,0,,,,False,False,False,False,0,,none,0,0,False,-2,0.5,risk_on,6,False
ADI,403.3664855957031,-9.177642584433098,81.35495860740933,71.68797593681889,54.42680003116578,0.3072040714664196,True,0.9595433148165315,5.7342406245410915,15.912023934636466,7.358267934945539,True,True,False,True,26,43.333333333333336,True,0.4172270576032826,1.2299363090207824,False,2.2058233764481336,True,-3.304209157965765,True,2,1,0.6096272925486105,True,1.0418754780946455,False,4,1,False,False,False,35.0,17.66626707728369,8.562934645874758,0.7414821968565306,3.0,False,6,3,5,6,-4.5670445545651805,422.6700134277344,1186054076.74599,87.55102040816325,True,0.0,0,,,,0.0,0,,,,False,True,False,False,1,,power_play,6,6,True,0,0.75,risk_on,6,False
ADM,80.69999694824219,-8.389147118706076,48.31762193968559,35.471971928927594,18.21079602327449,0.33976435977843217,False,0.7539275599704123,4.2255218855855485,17.083414229935556,-5.259454497397287,False,True,False,True,25,41.66666666666667,True,0.408504803098185,1.1707889324201401,False,-0.5323731569377532,True,0.3107520316760759,True,2,0,0.4581629297793227,False,0.6494220590091239,False,5,1,False,False,False,45.0,15.16379900471517,6.319700950412716,0.40183683712826984,21.0,False,3,1,2,5,-9.070425973811624,88.75,276623722.9415558,72.99319727891157,False,0.0,0,,,,0.0,0,,,,False,False,False,False,0,,none,0,0,False,-1,0.625,risk_on,6,False
ADP,271.8399963378906,-4.835217383825907,46.01164745599462,-2.154841272229935,-19.416017177883038,0.20086140905447636,False,1.0169103600430793,6.273914127548524,41.08678275946751,0.22859490981381736,False,True,False,True,26,43.333333333333336,True,0.428611477634867,0.8984412706247058,False,0.18063477178312823,True,5.495189407245049,False,1,0,0.5575483560006739,False,1.0862774981676033,False,6,3,True,False,False,65.0,16.59374513265204,6.273914127548524,0.6982577087438417,27.0,False,5,3,3,6,-5.0070346768471445,286.16855512734946,570151953.3499085,36.054421768707485,False,0.0,0,,,,0.0,0,,,,False,True,False,False,1,,power_play,6,6,True,0,0.75,risk_on,6,False
ADPT,26.549999237060547,-11.025472180642792,113.9403671515523,69.64856156050128,52.387385654848174,0.3417002876426463,True,1.1559844257543859,21.167604871490674,87.89808225073077,-7.200284268940815,False,False,False,False,23,38.333333333333336,False,0.4506275232752919,2.7202469482988008,True,0.3569483859542622,True,-6.349210300489827,False,0,1,0.4685879544752476,False,1.7876698870408065,True,4,2,True,False,False,25.0,23.454779239285575,21.167604871490674,0.4188625428426006,3.0,False,6,3,3,5,-13.630450765306579,30.739999771118164,73482402.57923517,87.27891156462584,True,0.0,0,,,,0.0,0,,,,False,False,False,False,0,,none,0,0,False,-1,0.625,risk_on,6,False
ADSK,234.5850067138672,-25.179406236339585,24.96537672512835,-24.40545205685836,-41.66662796251146,0.366135805652403,False,0.818492729869616,8.687677831380645,3.277717418431081,8.128605675819479,False,False,False,False,23,38.333333333333336,False,0.414240905161141,1.3723525788881894,False,0.153863314874753,True,10.653305053710938,False,0,0,0.5742016325392999,False,0.9442534333179822,False,5,3,True,False,False,25.0,16.517877642404173,16.799881720565097,0.8983763194147069,0.0,True,1,3,3,3,-1.6786075214786367,238.58999633789062,480496169.4805977,15.714285714285714,False,0.0,0,,,,0.0,0,,,,False,False,False,False,0,,none,0,0,False,-3,0.375,risk_on,6,False
ADT,6.394999980926514,-25.35769767125008,5.180922058769544,-23.541379641792958,-40.80255554744606,0.29931715220277666,False,0.9724969657403222,5.003912003374471,-5.4056905889246165,-7.318842137117776,False,False,False,True,18,30.0,False,0.488566916159893,1.3424496118169618,True,-3.800285090531301,True,2.319999694824215,True,2,0,0.43300529872602567,False,0.38958825954295795,False,7,2,True,False,False,25.0,19.075734260102386,7.5058642768587385,0.256786843404557,24.0,False,0,2,2,4,-14.177336673826535,7.45141170534639,53870443.799620345,16.598639455782312,False,0.0,0,,,,0.0,0,,,,False,False,False,False,0,,none,0,0,False,-2,0.5,risk_on,6,False
AEE,102.24500274658203,-12.972997158162958,7.352769067884357,2.089576911371882,-15.171598994281222,0.2700136850419736,False,0.8598430063286471,2.992808916224557,-7.231899398256603,0.014672199115617346,False,False,False,True,22,36.666666666666664,False,0.4854235050966637,0.6863258329168448,True,-1.7071358783758115,True,2.30638407931516,True,2,1,0.6221903893459535,True,0.7001958040308663,False,5,1,False,False,False,25.0,8.584730996006076,4.009974437854033,0.44088957735476847,23.0,False,1,2,1,4,-4.799812575472573,107.4000015258789,218340299.31288528,41.224489795918366,False,0.0,0,,,,0.0,0,,,,False,False,False,False,0,,none,0,0,False,-2,0.5,risk_on,6,False
AEHR,84.0199966430664,-42.297921646259965,333.0927747174445,234.0755384392185,216.81436253356537,0.5612521414749782,False,0.8367638618368055,30.040465213292073,17.248105427452607,-10.129427144176951,False,False,False,False,21,35.0,False,0.3772839202386165,3.30918142769271,False,-1.656386613956602,True,-21.630447383116223,False,0,0,0.3575772030006794,False,0.5680710746805389,False,3,1,False,False,False,25.0,28.900261279576533,31.682937169908588,0.195322343053093,5.0,False,3,1,1,2,-23.25539453160307,109.4800033569336,222061128.20892334,97.95918367346938,True,0.0,0,,,,0.0,0,,,,False,False,False,False,0,,none,0,0,False,-4,0.25,risk_on,6,False
AEIS,286.3399963378906,-26.35169422777548,69.06116510321063,59.32968631145859,42.06851040580548,0.23149584017205274,False,0.8139048168702513,9.551584289063731,-24.38678828662718,9.206705952324135,False,False,False,False,26,43.333333333333336,True,0.4315375161193186,1.869242924679105,False,-0.3248638473550215,True,-5.895886194747446,False,0,0,0.46878594685381686,False,0.6516471465515569,False,5,1,False,False,False,25.0,20.85151376882191,13.054402054655604,0.6435659585561728,5.0,False,3,2,2,2,-7.432189322842797,309.3299865722656,141317813.17198485,84.08163265306122,True,0.0,0,,,,0.0,0,,,,False,False,False,False,0,,none,0,0,False,-4,0.25,risk_on,6,False
AEM,189.11000061035156,-24.66126784737648,39.01269738077404,17.95872748045715,0.6975515748040451,0.6133122423378558,False,0.8243684113661686,6.4777113640014745,-12.596956203740739,-5.203270638622637,False,True,False,True,31,51.66666666666667,True,0.396636756986087,1.07952051833364,False,-0.3809425180812971,True,2.950622296754668,True,2,0,0.5383296516671209,False,1.0703942287290473,False,6,3,True,False,False,25.0,14.810196504447202,6.4777113640014745,0.3679610797101521,22.0,False,1,2,2,4,-9.360620607951287,208.63999938964844,325748706.72567827,60.0,False,0.0,0,,,,0.0,0,,,,False,False,False,False,0,,none,0,0,False,-2,0.5,risk_on,6,False
AEO,18.270000457763672,-33.95970006044378,30.096166324395025,23.905242986097175,6.644067080444071,0.3949218564399146,False,0.9849412628910432,6.048174175690294,1.813885709001517,21.31474069526402,False,True,False,True,24,40.0,True,0.4528919719464218,1.8654860167107885,True,2.1538020911277047,True,3.1620632537581628,True,2,3,0.6041143094313253,True,2.3972418882217315,True,1,0,False,False,False,25.0,24.518200475816084,12.97208965436171,0.9104803811698877,7.0,True,2,6,5,5,-2.1948599609953323,18.68000030517578,92179085.71787357,65.23809523809524,False,0.0,0,,,,0.0,0,,,,False,False,False,False,0,,none,0,0,False,-1,0.625,risk_on,6,False
AEP,122.94000244140625,-10.681379358663822,10.608806576786156,8.420044517235858,-8.841131388417246,0.22691228104020372,False,0.8968759172362073,3.5545816331545903,-7.202418151616829,2.4500020345052054,False,True,False,True,23,38.333333333333336,False,0.49021682571880404,0.7518658228327664,True,0.11620007403185996,True,2.8184350214796483,True,2,2,0.6128851612484233,True,1.2038525134238147,True,5,1,False,False,False,25.0,7.6222871082432,4.717750883828166,0.6469371893872953,23.0,True,2,5,5,7,-2.6911461097333333,126.33999633789062,489979586.70571744,50.40816326530613,False,0.0,0,,,,0.0,0,,,,False,True,False,False,1,,power_play,7,7,True,1,0.875,risk_on,6,False
AER,144.7899932861328,-6.480979304005996,21.828626570200484,20.153973538655023,2.892797633001919,0.4752582063605686,False,1.03774195155047,5.5666813539148725,-2.0311211855434053,2.223943737685863,False,False,False,True,22,36.666666666666664,False,0.4637107833347512,0.96157037228884,True,-0.5008848787119334,True,0.31176178443899083,True,2,0,0.4931321464968444,False,0.6034480914687775,False,7,1,False,False,False,25.0,8.77134075312995,5.829123264021536,0.6098853791723815,10.0,False,2,2,2,5,-3.421828272057126,149.9199981689453,163489195.0224266,61.836734693877546,False,0.0,0,,,,0.0,0,,,,False,False,False,False,0,,none,0,0,False,-1,0.625,risk_on,6,False
AES,14.925000190734863,-11.514799082015337,15.113780247530716,7.53589724156285,-9.725278664090254,0.43761072374799354,False,1.009640622704196,0.6700129079896948,6.182250707265524,0.640595195667859,False,False,False,True,17,28.333333333333332,False,0.38237212230968387,0.11367734183750527,False,2.73941888254525,True,0.10060592539413715,True,2,2,0.44583601554490615,False,1.4940944987162788,True,0,0,False,False,False,,,,,,False,2,3,1,6,,,127552592.27082229,49.25170068027211,False,0.0,0,,,,0.0,0,,,,False,True,False,False,1,,power_play,6,6,True,0,0.75,risk_on,6,False
AFG,141.77000427246094,-3.380352756424987,15.660663171881083,4.150522712139515,-13.110653193513588,0.1708075484900833,False,0.9029569262604701,2.779140201650214,8.66048879822776,-0.3794485948961368,False,False,False,True,24,40.0,True,0.4074029374736874,0.6012975341463296,False,-0.26462200539179853,True,1.9194809861894147,True,2,0,0.5161802943941568,False,0.7786881380991388,False,4,3,True,False,False,25.0,6.089472720541867,4.500239424245232,0.6519280241234406,17.0,True,4,4,4,6,-2.1195748018854155,144.83999633789062,62617941.29293747,43.945578231292515,False,0.0,0,,,,0.0,0,,,,False,True,False,False,1,,power_play,6,6,True,0,0.75,risk_on,6,False
AFL,114.80000305175781,-10.939274903156427,10.87990374484602,5.4241750788908805,-11.837000826762225,0.28124243152212813,False,0.9445760753530144,5.052267332382273,3.4203908760892743,-1.3152228618709016,False,True,False,True,19,31.666666666666664,False,0.446018621995712,0.7161011047310973,True,-1.3744609729136832,True,2.922720198558504,True,2,1,0.5619758496654883,False,1.3025032411969093,True,5,3,True,False,False,25.0,7.078896306678208,5.052267332382273,0.5727929146754821,24.0,False,2,3,1,6,-3.0241546584904966,118.37999725341797,229137237.88573876,46.46258503401361,False,0.0,0,,,,0.0,0,,,,False,True,False,False,1,,power_play,6,6,True,0,0.75,risk_on,6,False
AFRM,80.37999725341797,-6.295175568575784,88.996001788145,3.769685261370781,-13.491490644282322,0.7592741302855307,False,0.8946942825420596,12.77680641203269,54.6661446322946,12.877402453084464,True,False,False,False,26,43.333333333333336,True,0.5652505810883394,2.581093071609826,True,2.0700627783764003,True,13.579201732649926,False,0,1,0.6077097284060138,True,0.9191123500616202,False,4,3,True,False,False,25.0,17.9955271583053,16.63348541184352,0.9903382049490504,0.0,True,4,4,4,4,-0.1738690952373445,80.5199966430664,281145432.8060894,43.333333333333336,False,0.0,0,,,,0.0,0,,,,False,False,False,False,0,,none,0,0,False,-2,0.5,risk_on,6,False
AG,17.350000381469727,-45.70576146793371,62.92460910367792,26.521512656119505,9.2603367504664,0.6577044552489553,False,0.8085095990592852,7.9538854779535235,-16.36388361001343,-12.550401975643998,False,False,False,True,25,41.66666666666667,True,0.3937661494938712,1.7028247602655038,False,-2.2425600063285285,True,-1.8109773256511197,True,2,0,0.545875624606486,False,0.8523738049287555,False,4,3,True,False,False,25.0,23.499298701005923,10.547549760635997,0.1801980168103536,22.0,False,1,2,3,3,-19.26477167865054,21.489999771118164,175161942.28611487,67.21088435374149,False,0.0,0,,,,0.0,0,,,,False,False,False,False,0,,none,0,0,False,-3,0.375,risk_on,6,False
AGCO,103.72000122070312,-25.759493048752113,5.352975556953576,-3.866126950878046,-21.127302856531152,0.5522115418542172,False,1.0183434848838246,14.635557391553291,-14.04277214896863,-13.415142809921466,False,True,False,False,27,45.0,True,0.4132064278008817,1.6814259930484792,False,-2.1295919369931875,True,-9.50178809148776,False,0,0,0.3344959265052709,False,0.5768673252291616,False,5,4,True,False,False,25.0,23.459347128820102,15.397224289190827,0.00819937381700472,24.0,False,1,2,2,2,-23.266995172208027,135.1699981689453,113456592.38394776,33.74149659863945,False,0.0,0,,,,0.0,0,,,,False,False,False,False,0,,none,0,0,False,-4,0.25,risk_on,6,False
AGI,32.8650016784668,-40.41706848006923,18.22004207029082,0.632586109947586,-16.62858979570552,0.31517195240532936,False,0.8477137241912505,5.933365779248071,-31.64441997200038,-7.992719609935472,False,True,False,True,28,46.666666666666664,True,0.42379536559836917,1.3247694363665994,False,-1.2787206587176578,True,1.2476974905026195,True,2,0,0.5318849276478774,False,1.0442180990979804,False,7,3,True,False,False,25.0,17.40193452262929,7.150459011419484,0.25650538659440064,22.0,False,1,2,2,4,-12.938244580411817,37.749068486014515,123127380.93005618,39.25170068027211,False,0.0,0,,,,0.0,0,,,,False,False,False,False,0,,none,0,0,False,-2,0.5,risk_on,6,False
AGNC,8.619999885559082,-21.905975528066534,1.8912511429155288,-1.248519338245524,-18.509695243898626,0.4590396372052106,False,1.2352264898853564,4.988402678475117,-12.268190102436483,-11.541351981689607,False,False,False,True,16,26.666666666666668,False,0.5269743101295472,1.3949506701238679,True,-5.916780492484995,True,-1.9340168035462346,True,2,0,0.3869933569255503,False,0.21875223749672576,False,10,2,True,False,False,25.0,21.63599606075736,13.307193742691096,0.09044053230180943,23.0,False,0,2,2,4,-19.679225060142613,10.731968026968824,417871417.65799123,37.482993197278915,False,0.0,0,,,,0.0,0,,,,False,False,False,False,0,,none,0,0,False,-2,0.5,risk_on,6,False
AGQ,67.8499984741211,-83.05740797879932,13.956999379935509,-13.885013725453932,-31.146189631107035,0.5965146924842584,False,0.8515422543217184,11.171705234371968,-43.12180572270461,-16.72803672221823,False,False,False,False,28,46.666666666666664,True,0.37071398478669304,1.4807756305006965,False,-2.2952490905772707,True,0.6377934097510085,True,1,0,0.49309518969433946,False,0.6695258420416208,False,6,2,True,False,False,25.0,27.937459316987646,11.260131999210635,0.21275709957457498,22.0,False,1,2,2,3,-21.993566503222674,86.9800033569336,208553863.37856293,24.01360544217687,False,0.0,0,,,,0.0,0,,,,False,False,False,False,0,,none,0,0,False,-3,0.375,risk_on,6,False
AGX,395.0400085449219,-50.48977546762438,54.95819882881185,46.96042469179533,29.699248786142228,0.2660723414336122,False,0.6852163429276049,10.765997838029255,-33.880525687953714,1.3312818674236837,False,True,False,False,17,28.333333333333332,False,0.42140058611889025,1.92209912123532,False,-3.535410372781006,True,2.9205696180138574,True,1,0,0.5145471085031688,False,0.8669874607920265,False,6,2,True,False,False,25.0,20.18986350672807,16.810956415964533,0.44857949599582175,23.0,False,2,2,2,4,-11.133104710655562,444.5299987792969,151624383.2430954,79.65986394557824,False,0.0,0,,,,0.0,0,,,,False,False,False,False,0,,none,0,0,False,-2,0.5,risk_on,6,False
AHR,51.0099983215332,-11.198819735456523,28.3968433036867,28.3968433036867,11.135667398033597,0.22244966282462098,False,0.8307103072563351,3.871786981195359,6.9872403860447685,-1.7142066267965772,False,False,False,True,22,36.666666666666664,False,0.450300423780169,0.8860457814187108,True,-2.568102327917517,True,0.5123119636122331,True,2,0,0.384945093430886,False,0.4217577057657643,False,8,4,True,False,False,25.0,11.621473244012245,5.818716418630091,0.2717637895665819,24.0,False,2,2,2,5,-8.463177634872842,55.72620613599813,179672174.73231125,68.29931972789116,False,0.0,0,,,,0.0,0,,,,False,False,False,False,0,,none,0,0,False,-1,0.625,risk_on,6,False
AIG,77.43000030517578,-8.853580334749111,9.78395215975365,-4.608167023461219,-21.869342929114325,0.5647516624767047,False,1.0836681375516943,4.081110228147765,0.8105746703535921,2.787731877175359,False,False,False,True,20,33.33333333333333,False,0.4251100316242527,0.8663960148459678,False,1.0312347932747854,True,3.336447337272075,True,2,2,0.5155229275587571,False,1.4135125895911587,True,2,1,False,False,False,45.0,8.347598981418129,6.534941454275116,0.7256175113583749,44.0,True,2,5,4,6,-2.290434982703804,79.24505680837838,368309843.31780547,32.7891156462585,False,0.0,0,,,,0.0,0,,,,False,True,False,False,1,,power_play,6,6,True,0,0.75,risk_on,6,False
AIR,100.94999694824219,-34.32438192774158,30.510664433971414,24.215579079705527,6.954403174052423,0.2245859693518909,False,0.9806569001455034,6.934126014475218,-18.4374245081654,-10.481511081565653,False,False,False,True,20,33.33333333333333,False,0.502254944891849,2.487945822284869,True,-4.759289828254382,True,-1.5218077801960384,True,2,0,0.4100125394407453,False,0.6390450670634777,False,6,2,True,False,False,25.0,25.145125748064707,20.40614075965041,0.08961109089687107,23.0,False,0,2,2,4,-22.89184359904163,130.9199981689453,76794593.78920479,65.51020408163265,False,0.0,0,,,,0.0,0,,,,False,False,False,False,0,,none,0,0,False,-2,0.5,risk_on,6,False
AIT,337.1199951171875,-6.8600680349311,40.7832978032296,35.19863650282458,17.937460597171473,0.1598838539375275,True,0.9349949259652786,6.558500293480036,15.306441661406755,4.747700395588761,False,True,False,True,24,40.0,True,0.473356293461888,1.023304281120834,True,0.00967346283250791,True,-1.8430679472586586,True,2,0,0.4664220906709688,False,1.0593162745391878,False,3,2,True,False,False,25.0,11.295136121867095,6.558500293480036,0.6255027416690716,4.0,False,5,3,4,6,-4.229997510113859,352.010009765625,90502952.21954346,72.78911564625851,False,0.0,0,,,,0.0,0,,,,False,True,False,False,1,,power_play,6,6,True,0,0.75,risk_on,6,False
AIZ,268.3699951171875,-10.734054834626095,31.088380609925316,24.6374769846623,7.376301079009195,0.43284004509150215,False,1.013359302620506,3.589821090595487,21.458177996396422,-4.910893714209585,False,False,False,True,18,30.0,False,0.43268652075518943,1.0215930522224053,False,-1.70419618003512,True,0.3927830929973286,True,2,1,0.5596557891953771,False,0.4321297503551181,False,2,1,False,False,False,25.0,9.323680616942607,5.212948723372028,0.2884322384198264,17.0,False,1,2,1,4,-6.634430546286307,287.44000244140625,112326638.30082245,65.85034013605441,False,0.0,0,,,,0.0,0,,,,False,False,False,False,0,,none,0,0,False,-2,0.5,risk_on,6,False
AJG,233.32000732421875,-22.278007671933842,22.25109410174444,-21.89743119826507,-39.15860710391817,0.35038802076471054,False,0.879676889331621,6.981830976151766,5.493086555486371,-2.57223505646319,False,True,False,True,26,43.333333333333336,True,0.46182054353977103,1.2612913818415976,True,-2.1559079112480566,True,3.1887164187363704,True,2,0,0.5545006946284174,False,1.026412144999193,False,5,1,False,False,False,25.0,17.424586728239984,6.981830976151766,0.29493479742697437,24.0,False,1,1,2,4,-12.285469771297775,265.9992668442418,348387586.4242958,18.299319727891156,False,0.0,0,,,,0.0,0,,,,False,False,False,False,0,,none,0,0,False,-2,0.5,risk_on,6,False
AKAM,108.2699966430664,-32.80998072907922,50.437675151686825,43.40396906366411,26.142793158011003,0.5648857630654306,False,1.1723618102398567,11.360483793966175,14.04044012942487,3.5878301955999614,False,True,False,False,20,33.33333333333333,False,0.3954244736094791,2.583070038319791,False,-0.44393408093176295,True,-0.5967696812395173,True,1,0,0.34430871283717307,False,0.32173626276663797,False,6,3,True,False,False,25.0,22.69967471437285,14.593142987203658,0.3076129103153797,10.0,False,1,2,2,3,-15.716961712272182,128.4600067138672,659087647.4365723,77.82312925170068,False,0.0,0,,,,0.0,0,,,,False,False,False,False,0,,none,0,0,False,-3,0.375,risk_on,6,False
ALAB,341.989990234375,-29.19754916712257,241.0691150731412,51.70562983880902,34.44445393315591,0.6569365047424792,False,1.0052266046706557,22.073742621133345,105.036118581911,12.774934949505369,False,False,False,False,23,38.333333333333336,False,0.4371831152178107,2.992820600082839,False,1.0064342881595414,True,-2.380611611210237,True,1,1,0.5236541214949018,False,1.4064463678903778,True,5,2,True,False,False,25.0,37.366205477029546,22.073742621133345,0.6019717957099945,3.0,False,5,3,2,4,-14.872803667153445,401.739990234375,1483788194.0457764,81.36054421768706,True,0.0,0,,,,0.0,0,,,,False,False,False,False,0,,none,0,0,False,-2,0.5,risk_on,6,False
ALB,100.88999938964844,-52.9318673427126,15.372298320251865,5.747966004500427,-11.513209901152678,0.5148976145887698,False,0.7012671049938171,7.017538154913083,-45.26867195350203,-9.03435573132535,False,False,False,True,22,36.666666666666664,False,0.49094613616217003,1.5295265013192247,True,-6.012549317860011,True,-3.537620305759359,True,2,0,0.4396455275224828,False,0.32459737840864855,False,10,3,True,False,False,25.0,23.19807128986676,8.117746914023703,0.012516745535768358,23.0,False,0,2,3,4,-22.907706934610882,130.8691120447984,260133465.6421093,47.074829931972786,False,0.0,0,,,,0.0,0,,,,False,False,False,False,0,,none,0,0,False,-2,0.5,risk_on,6,False
ALC,64.00499725341797,-26.223487369477095,3.200575267660799,-13.701381783857592,-30.962557689510696,0.48208586458883607,False,0.7059383208877394,2.9997629112354685,-19.339904007014873,-1.5913340214333882,False,False,False,True,22,36.666666666666664,False,0.5450515038132976,0.873406505210751,True,-5.246745564537975,True,0.38425178534238214,True,2,0,0.5448165054399923,False,0.936427830439818,False,7,1,False,False,False,25.0,12.243462411021676,4.82774231776975,0.18082630468353778,24.0,False,0,1,2,3,-10.029522346704834,71.13999938964844,114453618.00617981,24.081632653061224,False,0.0,0,,,,0.0,0,,,,False,False,False,False,0,,none,0,0,False,-3,0.375,risk_on,6,False
ALGM,35.470001220703125,-49.051996809286955,55.57018599828707,27.77377855998615,10.512602654333048,0.3914169920676738,False,0.8579888876885396,13.431067874292015,-6.756045302236535,4.017603542187076,False,False,False,False,24,40.0,True,0.45030610846090324,1.9457582671337175,True,-1.3831285155292703,True,-10.27067463690411,False,0,0,0.4469043917717623,False,0.9619914323642078,False,3,2,True,True,False,25.0,18.386212427660833,14.333237831471045,0.38043516570089875,5.0,False,2,2,2,3,-11.391450656131763,40.029998779296875,99009180.23425579,67.82312925170068,False,0.0,0,,,,0.0,0,,,,False,False,False,False,0,,none,0,0,False,-3,0.375,risk_on,6,False
ALGN,141.74000549316406,-28.236540207964843,12.67986681099378,7.484652113018941,-9.776523792634162,0.6861700347265804,False,0.8012040517344002,3.9438380988070607,-21.54756908746832,-3.97669202148615,False,False,False,True,17,28.333333333333332,False,0.438888980649253,1.2402243218233882,False,-3.843078181621767,True,-1.3914010877751903,True,2,0,0.5401184566217773,False,0.9966861919453014,False,6,3,True,False,False,25.0,13.987537039403234,6.3778699984379505,0.16436538721646346,24.0,False,0,2,3,4,-11.688470097717097,160.5,139523834.25434265,49.047619047619044,False,0.0,0,,,,0.0,0,,,,False,False,False,False,0,,none,0,0,False,-2,0.5,risk_on,6,False
ALHC,7.585000038146973,-69.11644868451575,0.0,-56.780624684418015,-74.04180059007112,1.5121597137609006,False,0.810337245309519,36.58536064039639,-63.846519525050184,-9.16168033980499,False,False,False,False,17,28.333333333333332,False,0.45491576244196996,4.394857103004936,True,-5.908108435354195,True,-4.471032953591192,True,1,1,0.6351698074184757,True,0.7421292171192712,False,6,3,True,False,False,,,,,,False,0,3,2,3,,,121574789.35692243,2.585034013605442,False,0.0,0,,,,0.0,0,,,,False,False,False,False,0,,none,0,0,False,-3,0.375,risk_on,6,False
ALK,38.880001068115234,-35.42600621274239,13.717468937663124,-20.895219000870668,-38.15639490652377,0.7108927366259432,False,0.944427478193987,6.558639832836202,-2.727045582433729,-4.094720794089346,False,False,False,True,22,36.666666666666664,False,0.44099020967009916,1.550063147441017,True,-2.5009625282492545,True,-1.6443150297339892,True,2,0,0.46387939977204173,False,0.525923905919122,False,5,3,True,False,False,25.0,12.207442143177014,6.8415632055975575,0.11654179277746347,13.0,False,0,2,2,4,-10.784764950584002,43.58000183105469,123174706.65785447,18.979591836734695,False,0.0,0,,,,0.0,0,,,,False,False,False,False,0,,none,0,0,False,-2,0.5,risk_on,6,False
ALKS,40.7599983215332,-26.186169104517454,49.85293080237527,29.891648857958252,12.630472952305148,0.3810292722995212,False,0.9416624960146752,10.08341702551121,20.770365397135414,-6.0613069949539415,False,False,False,False,19,31.666666666666664,False,0.5233360510103698,1.868745886798982,True,-3.7243726138749578,True,-2.3712615053096964,True,1,0,0.5508312124972222,False,0.440968561138244,False,6,4,True,False,False,25.0,17.48945284527315,10.08341702551121,0.19903468383111522,16.0,False,1,2,2,4,-14.008445127835012,47.400001525878906,109689840.89641686,69.52380952380952,False,0.0,0,,,,0.0,0,,,,False,False,False,False,0,,none,0,0,False,-2,0.5,risk_on,6,False
ALL,230.6199951171875,-15.822827462748013,23.72710720016713,12.48457272619492,-4.776603179458185,0.2755063854821182,False,0.9172853309867179,5.298760506214407,8.233662039317679,-7.689231306517696,False,True,False,True,19,31.666666666666664,False,0.39807119172612265,0.9547655517149047,False,-3.626846463238832,True,3.074993052252184,True,2,0,0.5507512169548481,False,0.2855613173894988,False,5,1,False,False,False,25.0,16.63438663851383,5.298760506214407,0.2536529642982682,24.0,False,0,1,2,4,-12.415025158371296,263.30999755859375,560440187.5060669,54.625850340136054,False,0.0,0,,,,0.0,0,,,,False,False,False,False,0,,none,0,0,False,-2,0.5,risk_on,6,False
ALLE,151.54249572753906,-14.732298700948586,21.53418988834175,-12.632801543625238,-29.893977449278342,0.3697329190032694,False,1.0415018450570561,9.343916103617495,3.7346066509712728,-0.4843072351390587,False,True,False,False,22,36.666666666666664,False,0.42702174234442497,0.9733453969241569,False,-1.5333552706157463,True,-1.7297911096506358,True,1,0,0.5491354770148504,False,0.868306070519811,False,3,3,True,False,False,25.0,9.978275218580071,10.096179938375807,0.6062691657448273,23.0,False,0,3,3,4,-3.9287546262392503,157.73970154958434,165090296.64737853,25.510204081632654,False,0.0,0,,,,0.0,0,,,,False,False,False,False,0,,none,0,0,False,-2,0.5,risk_on,6,False
ALLY,37.564998626708984,-19.94500051297301,5.904809081403051,-1.3745256358215108,-18.635701541474614,0.39871349656395155,False,0.8673454047793228,3.4074341562308734,-9.195594776457483,-6.087503433227537,False,False,False,True,17,28.333333333333332,False,0.4966854646466764,1.0268915732537724,True,-5.115130635075924,True,-0.9100533423681223,True,2,0,0.5254320367091221,False,0.5354427930376773,False,8,3,True,False,False,25.0,16.562317216942727,5.590306271508765,0.12577283693488062,24.0,False,0,2,2,4,-14.479227594352428,43.92499923706055,155442139.9617054,37.07482993197279,False,0.0,0,,,,0.0,0,,,,False,False,False,False,0,,none,0,0,False,-2,0.5,risk_on,6,False
ALM,11.859999656677246,-49.35952340716641,112.16456767334182,51.46870718057086,34.207531274917756,0.5757232598145834,False,0.7742857080368768,20.61551235752077,-42.48303019410463,-14.306361806942691,False,False,False,False,17,28.333333333333332,False,0.4358103950077377,3.095135905891347,False,-3.6055602459424065,True,-11.492537355922227,False,0,0,0.4368321640589613,False,0.5911171285432547,False,6,4,True,True,False,,,,,,False,1,2,2,2,,,79592639.77056889,81.29251700680273,True,0.0,0,,,,0.0,0,,,,False,False,False,False,0,,none,0,0,False,-4,0.25,risk_on,6,False
ALNY,230.57000732421875,-53.06176321174989,12.2104400030981,-49.54152507610527,-66.80270098175838,0.3618981719158055,False,0.9680251233687237,7.546512271224056,-30.759757560294666,-3.7527092694915165,False,False,False,True,25,41.66666666666667,True,0.4369208244995613,1.8565505697730762,False,-0.698910507368437,True,4.938105790659031,True,2,0,0.4500111740188143,False,0.7552360782526523,False,6,1,False,False,False,25.0,20.810049490119304,18.133313515063165,0.2668669372214603,23.0,False,1,1,1,3,-15.256535319264152,272.0799865722656,311739587.60034484,4.353741496598639,False,0.0,0,,,,0.0,0,,,,False,False,False,False,0,,none,0,0,False,-3,0.375,risk_on,6,False
ALSN,110.88999938964844,-18.076620529704424,41.37150427190812,38.3179436034522,21.056767697799096,0.4337502423320272,False,0.9563658721938688,12.291464476358234,-14.031021663161368,-5.303158979839829,False,False,False,False,21,35.0,False,0.40731893578283973,1.362354376680724,False,-2.682659199297702,True,-6.001527301681664,False,0,0,0.5777144188535226,False,0.424863312386656,False,9,3,True,False,False,25.0,20.62533376079299,12.607091201985005,0.21201024590335674,23.0,False,1,2,2,3,-16.252551678328466,132.41000366210938,97693969.20261689,75.23809523809524,False,0.0,0,,,,0.0,0,,,,False,False,False,False,0,,none,0,0,False,-3,0.375,risk_on,6,False
ALV,110.11009979248047,-15.790884771684022,11.35765694126658,-5.415648204576151,-22.676824110229255,0.2959074282224374,False,1.1008872002954244,6.838608623085733,1.2287292098452474,-5.87271616285685,False,False,False,True,22,36.666666666666664,False,0.5130731692012039,1.1363772700425272,True,-2.9872497173218178,True,-1.5555643320309787,True,2,0,0.3839451454953636,False,0.595515234868702,False,6,2,True,False,False,25.0,14.692997525747916,8.355270738634337,0.16206490734315906,24.0,False,0,2,2,4,-12.31177824314431,125.56999969482422,86837681.56390838,31.63265306122449,False,0.0,0,,,,0.0,0,,,,False,False,False,False,0,,none,0,0,False,-2,0.5,risk_on,6,False
AM,21.145000457763672,-8.524450782983184,27.406966264604414,17.48828462888625,0.22710872323314746,0.3517078378403468,False,1.0249480958987582,4.209038910993707,-0.19310342840737071,-0.21236467748841914,False,False,False,True,20,33.33333333333333,False,0.45631885957614393,1.1250212718383692,True,-1.0580092229455311,True,3.8555983491129986,True,2,0,0.46165523324300783,False,0.5204962666541264,False,5,2,True,False,False,25.0,13.990079648972195,6.289902553384563,0.36825888695443637,22.0,False,2,2,2,6,-8.838108489037777,23.19499969482422,55418399.097458646,59.31972789115646,False,0.0,0,,,,0.0,0,,,,False,True,False,False,1,,power_play,6,6,True,0,0.75,risk_on,6,False
AMAT,507.8999938964844,-29.675921000113327,143.25277289987815,131.8244288180279,114.56325291237481,0.2692550136428361,False,0.8184482456790595,8.535146017810513,28.642039206338055,14.245222468658337,True,True,False,False,23,38.333333333333336,False,0.4924633731789439,1.6893436937458004,True,1.0736964299986569,True,-5.951408310225514,False,0,1,0.5610799367358463,False,1.814824607706638,True,3,2,True,False,False,25.0,24.804018316011877,14.937979135445833,0.7101074927471848,5.0,False,4,4,4,3,-7.19049905957344,547.25,2942130031.2657137,94.6938775510204,True,0.0,0,,,,0.0,0,,,,False,False,False,False,0,,none,0,0,False,-2,0.5,risk_on,6,False
AMBA,66.30500030517578,-30.577951186094833,36.289821635268524,-21.32771563178594,-38.58889153743904,0.8835399839050997,False,0.8873102758228605,13.000531946169303,22.10865789464256,0.23431409784056,False,True,False,False,19,31.666666666666664,False,0.42465271994090015,2.1702406576924833,False,-1.489513782914717,True,-3.415879342434003,True,1,0,0.44898546667996914,False,0.8901182961943802,False,3,2,True,False,False,25.0,22.496332060885806,16.846388835735183,0.4851809064327287,10.0,False,0,2,3,3,-11.58154128017358,74.98999786376953,89707357.24198608,18.775510204081634,False,0.0,0,,,,0.0,0,,,,False,False,False,False,0,,none,0,0,False,-3,0.375,risk_on,6,False
AMCR,41.72999954223633,-13.800996539674603,17.29273075294957,13.214986443307076,-4.046189462346028,0.4384559518629113,False,0.8903358273991738,3.474720294381645,5.065191352921916,-0.40573264308255697,False,False,False,True,18,30.0,False,0.4515847396376986,0.9209934404911999,True,-2.9155931187331365,True,-0.3105615533199213,True,2,0,0.4570150002311906,False,0.7780002245865083,False,3,3,True,False,False,25.0,10.312222238158734,5.343876268149179,0.20042620510714096,24.0,False,0,2,2,4,-8.245382668743106,45.47999954223633,137130927.2848919,55.44217687074829,False,0.0,0,,,,0.0,0,,,,False,False,False,False,0,,none,0,0,False,-2,0.5,risk_on,6,False
AMD,611.9774780273438,-5.765530145072928,220.49095983658114,162.7753358371751,145.514159931522,0.4476748442485809,True,0.9364479390905771,8.108140723925535,147.934802693158,9.316828627190898,False,False,False,False,29,48.333333333333336,True,0.4449870409705966,1.6804348473377935,True,3.7875101267586007,True,-3.459875383943034,True,1,1,0.5180084689628178,False,1.9615025539045192,True,3,1,False,False,False,25.0,30.450102287548503,10.204625897072788,0.7678907990698014,3.0,False,10,3,3,5,-7.067748910205696,658.52001953125,13082374108.840448,96.05442176870748,True,0.0,0,,,,0.0,0,,,,False,False,False,False,0,,none,0,0,False,-1,0.625,risk_on,6,False
AME,248.8350067138672,-3.606049092217667,39.64582567104517,36.57577081579304,19.314594910139938,0.27277105639255467,True,0.9410433678580368,3.9303146725423543,6.440589795831109,4.710910348835151,False,True,False,True,28,46.666666666666664,True,0.39087969083869906,0.792145965617188,False,0.8749753741975564,True,-1.2285103210784132,True,2,1,0.458361855927202,False,1.3657697433078473,True,3,1,False,False,False,35.0,10.236131390342141,3.9303146725423543,0.7485093748415759,3.0,True,6,4,5,6,-2.57429108256092,255.41000366210938,347458882.36013794,73.67346938775509,False,0.0,0,,,,0.0,0,,,,False,True,False,False,1,,power_play,6,6,True,0,0.75,risk_on,6,True
AMG,388.79998779296875,0.0,68.4944704188021,60.79541757851543,43.53424167286233,0.5095945945945946,True,1.009828311346328,5.910496838432181,33.57036637551436,9.274873842660703,False,False,False,True,28,46.666666666666664,True,0.3867065353537792,1.162964385162212,False,2.0771906566901555,True,4.676519252539113,True,2,1,0.5697513207020827,False,1.3467844234580855,True,7,1,False,False,False,65.0,16.602842943751153,9.578194938571597,0.9292697038071688,1.0,True,8,3,3,4,-1.1743239990545717,393.4200134277344,110715318.76904145,84.421768707483,True,0.0,0,,,,0.0,0,,,,False,False,False,False,0,,none,0,0,False,-2,0.5,risk_on,6,False
AMGN,416.81500244140625,-6.148111541020896,47.65019745690255,45.001356780654646,27.740180875001542,0.30579571998360344,True,1.0061499232077473,5.203748021151259,20.752623489862152,8.081164018710485,False,True,False,True,29,48.333333333333336,True,0.5297846713272724,1.3433904694159091,True,0.5130129337144882,True,3.4177733238483388,True,2,3,0.6082641343474444,True,1.2587584406805123,True,2,0,False,False,False,55.0,17.232012778842982,7.336584910127943,0.607761815861379,32.0,False,5,5,5,6,-6.759053401426884,447.0299987792969,1204503799.9690309,78.70748299319727,False,0.0,0,,,,0.0,0,,,,False,True,False,False,1,,power_play,6,6,True,0,0.75,risk_on,6,False
AMH,30.815000534057617,-10.543272955521289,14.870948838139242,-1.2653317876492043,-18.526507693302307,0.26537273816630946,False,0.9004365573720616,2.807079874980928,5.719883584638286,-0.6608637030330766,False,False,False,True,18,30.0,False,0.46013387249166726,0.7440519838598197,True,-3.1066592792021592,True,1.8341054229274567,True,2,0,0.49892646838086563,False,0.45103564226114523,False,7,3,True,False,False,25.0,7.77986622955273,2.9855591768597733,0.3382818317199207,24.0,False,2,2,2,6,-5.1480788308836845,32.48748170225881,105521163.01189709,37.41496598639456,False,0.0,0,,,,0.0,0,,,,False,True,False,False,1,,power_play,6,6,True,0,0.75,risk_on,6,False
AMKR,49.13999938964844,-47.375274751042994,75.09737104300582,61.54921635169386,44.28804044604075,0.6632240184008893,False,0.8695018996322081,15.860399777794271,-18.454957411500395,-2.3061627534925133,False,False,False,False,26,43.333333333333336,True,0.46617849585323157,2.100911163541889,True,-1.000491582992331,True,-12.281329903419792,False,0,0,0.3861592866207556,False,0.9602200096779828,False,5,2,True,False,False,25.0,19.85501992498077,15.860399777794271,0.33926960943001355,4.0,False,2,2,2,3,-13.118815069807411,56.560001373291016,188714208.2256481,84.6938775510204,True,0.0,0,,,,0.0,0,,,,False,False,False,False,0,,none,0,0,False,-3,0.375,risk_on,6,False
AMP,501.7200012207031,-12.083828474823743,17.361872962988123,3.459876541850271,-13.801299363802833,0.2970506448940954,False,1.1278908173520197,3.42022903268365,11.001963827387895,-7.827974671863025,False,True,False,True,20,33.33333333333333,False,0.4431429020063984,1.2860759883855166,True,-2.799762345291329,True,2.2020324454488316,True,2,2,0.6657131004534025,True,1.338570181564246,True,4,2,True,False,False,25.0,15.50090363496838,3.452120059894062,0.27158656224251776,24.0,False,0,4,3,5,-11.291066505094772,565.5800170898438,343649725.5278778,42.857142857142854,False,0.0,0,,,,0.0,0,,,,False,False,False,False,0,,none,0,0,False,-1,0.625,risk_on,6,False
AMPX,9.470000267028809,-58.66433727585323,20.945087602842747,-26.073380508818357,-43.334556414471464,0.6815313473834447,False,0.8753780046541526,10.612461310481404,-48.50461891608661,-0.31578666285464463,False,False,False,False,22,36.666666666666664,False,0.31880804770955457,1.9735847877795059,False,-1.252297230332397,True,-2.068250338026756,True,1,0,0.4456842680975652,False,0.39254415966094885,False,7,2,True,False,False,25.0,22.039176568858007,25.184785722881585,0.28888901732990396,9.0,False,0,2,2,3,-15.672300507120374,11.229999542236328,53243319.90116997,14.14965986394558,False,0.0,0,,,,0.0,0,,,,False,False,False,False,0,,none,0,0,False,-3,0.375,risk_on,6,False
AMR,182.38999938964844,-26.941716864100872,32.976082327149946,8.928569475788063,-8.332606429865042,0.43218427939133525,False,0.8548532351787791,8.95608682961281,-6.028129820701167,4.689471996154726,True,True,False,False,32,53.333333333333336,True,0.5153243834149643,2.529483342359556,True,-0.3405268969361179,True,6.325059186295734,False,0,0,0.5561057573762694,False,0.47745543638590965,False,4,3,True,False,False,25.0,29.68944801055188,11.305450104161167,0.26692195345094605,22.0,False,2,2,4,5,-21.76468255069507,233.1300048828125,52625970.79582214,51.088435374149654,False,0.0,0,,,,0.0,0,,,,False,False,False,False,0,,none,0,0,False,-1,0.625,risk_on,6,False
AMRX,19.8700008392334,-3.07316663788586,104.42387133089271,93.10010605340374,75.83893014775063,0.1411614674430447,True,1.0809808931118492,8.203326619376837,54.87140262970305,6.199902787400036,False,False,False,False,22,36.666666666666664,False,0.4374161172948983,2.1062315634773503,False,1.868532517401656,True,-2.1182187881176096,True,1,0,0.5442725705000997,False,0.8325433879781421,False,4,2,True,False,False,25.0,21.794568771653026,9.109216390757068,0.7172267686784821,14.0,False,7,3,4,6,-6.1629206368193685,21.174999237060547,65363494.52612505,91.22448979591836,True,0.0,0,,,,0.0,0,,,,False,True,False,False,1,,power_play,6,6,True,0,0.75,risk_on,6,False
AMRZ,36.275001525878906,-44.23987339901686,0.0,-23.68324894378301,-40.94442484943612,0.4744002727909659,False,0.7992866730560008,5.430740559163612,-38.00874358576196,-3.3697372370739775,False,True,False,True,18,30.0,False,0.4783400549530287,1.1213143713320486,True,-6.356236994227814,True,-2.643577133724806,True,2,0,0.4821884090195945,False,0.27711007809107396,False,6,3,True,False,False,25.0,18.799636725173695,7.153690176558168,0.05914323325182113,24.0,False,0,2,3,4,-17.68776542528725,44.06999969482422,138388789.6157112,16.39455782312925,False,0.0,0,,,,0.0,0,,,,False,False,False,False,0,,none,0,0,False,-2,0.5,risk_on,6,False
AMT,179.64500427246094,-5.563229288741189,12.014866412366265,0.8816810507338291,-16.379494854919276,2.031965241134366,False,1.0796195366540453,11.687886443932264,2.32801766966515,4.372510415783837,False,False,False,False,27,45.0,True,0.43403538181028295,0.9820224677255537,False,1.934694290064394,True,10.755245161801973,False,0,0,0.4824951531794344,False,1.0490220304062698,False,6,1,False,True,True,25.0,11.581404004103536,11.687886443932264,0.921335135606523,0.0,True,3,2,2,6,-0.9110495754688808,181.2967071533203,514547220.95604324,39.455782312925166,False,0.0,0,,,,0.0,0,,,,False,True,False,False,1,,power_play,6,6,True,0,0.75,risk_on,6,False
AMX,21.350000381469727,-22.141804308749048,8.625687040998198,1.8653930279729725,-15.395782877680132,0.9601654474901528,False,1.127436022973154,6.276347206770614,-18.65343112271872,-4.814979531930019,False,False,False,True,14,23.333333333333332,False,0.4945780657489184,1.2631355930002333,True,-2.9614976558058497,True,0.2818199312458525,True,2,0,0.4385279676424204,False,0.8444427375887472,False,7,3,True,False,False,25.0,12.109541386729735,9.27400237404598,0.2862189002753187,22.0,False,0,2,2,4,-8.643561768181495,23.3700008392334,61158341.598992154,40.74829931972789,False,0.0,0,,,,0.0,0,,,,False,False,False,False,0,,none,0,0,False,-2,0.5,risk_on,6,False
AMZN,261.0199890136719,-8.098021579351888,31.304390477023112,14.61314776402196,-2.648028141631144,0.6034773949955805,False,0.8316737960531605,4.390476766151419,8.80819945716138,2.8812353105365895,True,False,False,True,24,40.0,True,0.40393740738963096,0.8793787828091032,False,0.35204420467081304,True,3.7770294926203984,True,2,1,0.5271951185411159,False,1.4773208869144616,True,4,2,True,False,False,35.0,8.693375212691189,6.478438293096669,0.7188301767225347,29.0,True,3,5,5,6,-2.4443147722370773,267.55999755859375,9173879647.911057,56.25850340136055,False,0.0,0,,,,0.0,0,,,,False,True,False,False,1,,power_play,6,6,True,0,0.75,risk_on,6,False
AN,157.03750610351562,-31.716884502615418,0.5297351988238441,-28.033774221255303,-45.294950126908404,0.2830682382759341,False,0.8601199564095676,5.158007347732765,-22.354755943873606,-6.686367360824175,False,False,False,True,19,31.666666666666664,False,0.46671256706365327,2.4172241533388132,True,-5.741886774752959,True,-3.3377449133693227,True,2,0,0.46681838185409197,False,0.3823498779495525,False,8,2,True,False,False,25.0,28.305428546093875,9.628270018004956,0.06922129363166223,24.0,False,0,2,3,4,-26.34609016533468,213.2100067138672,114339310.26887894,12.993197278911564,False,0.0,0,,,,0.0,0,,,,False,False,False,False,0,,none,0,0,False,-2,0.5,risk_on,6,False
ANET,217.10800170898438,0.0,86.9525590663823,37.210394723658524,19.94921881800542,0.48146333658947654,True,0.7748426506333616,5.946301724931633,42.815416134226744,8.886103803386526,False,False,False,True,26,43.333333333333336,True,0.38053190430642025,1.2403634153425098,False,3.122252176392711,True,4.706050310216647,True,2,1,0.5384314437630265,False,0.5997176532547899,False,2,1,False,False,False,35.0,16.622928901420707,7.663881858734545,0.9916464848104087,0.0,True,8,3,4,4,-0.1388598890735171,217.40989685058594,1003027961.7250656,74.35374149659863,False,0.0,0,,,,0.0,0,,,,False,False,False,False,0,,none,0,0,False,-2,0.5,risk_on,6,False
ANF,142.0,-6.628091602900255,116.43042017834713,84.63137854452864,67.37020263887554,0.4917173094349348,False,0.7886654152059488,5.46479560959507,52.19720831222916,4.596350726023246,False,True,False,True,24,40.0,True,0.34986054114401893,1.3420154588721658,False,2.652820033629299,True,4.480903666981839,True,2,0,0.49219718364793835,False,1.0880364805905698,False,5,2,True,False,False,35.0,32.096378883534804,9.359160947128082,0.7346446948678615,22.0,False,6,3,4,6,-8.516944412277105,155.22000122070312,159749750.72310105,90.47619047619048,True,0.0,0,,,,0.0,0,,,,False,True,False,False,1,,power_play,6,6,True,0,0.75,risk_on,6,False
AON,273.5509948730469,-28.087252696912845,1.5219827352854765,-23.72847233738803,-40.98964824304113,0.3533157775381468,False,0.8149558086764803,4.229561413069732,-15.520025227921186,-7.47159338415605,False,True,False,True,18,30.0,False,0.6211035375652978,1.4672040889989812,True,-7.156466374314297,True,1.5219827352854765,True,2,0,0.4946508423954644,False,0.6676649744976032,False,6,3,True,False,False,25.0,19.00924779885794,4.810804533252325,0.11551763194175933,24.0,False,0,2,3,4,-16.81334450813977,328.8399963378906,595424785.6196747,16.3265306122449,False,0.0,0,,,,0.0,0,,,,False,False,False,False,0,,none,0,0,False,-2,0.5,risk_on,6,False
AOS,56.709999084472656,-28.69668709940352,2.47560341183104,-16.858768270177325,-34.119944175830426,0.8325976465479523,False,0.9485713195115295,5.871983573998065,-14.590982331596791,-0.42142524188161223,True,False,False,True,24,40.0,True,0.39546197558732077,0.9500428237312836,False,-2.141584095536614,True,-0.07048619476184292,True,2,1,0.4859790660963119,False,1.2498525281323343,True,5,2,True,False,False,25.0,10.734742771676233,7.4942692093318355,0.3292682004925378,24.0,False,1,3,3,4,-7.200133336496117,61.11000061035156,86005536.04982452,21.63265306122449,False,0.0,0,,,,0.0,0,,,,False,False,False,False,0,,none,0,0,False,-2,0.5,risk_on,6,False
APA,45.880001068115234,-3.227164699896934,116.77965114948216,100.67693947472662,83.41576356907352,0.40629614612421605,True,0.9966774210325721,8.48953872512122,17.782155688083257,2.250951995260153,False,True,False,False,33,55.00000000000001,True,0.5414934919619214,1.8057248954638159,True,2.189488598086049,True,5.036631748097231,False,0,0,0.536444671649592,False,0.7301057504782379,False,6,1,False,False,False,35.0,14.71332155205112,11.671751128091927,0.7765046331086233,18.0,False,7,2,4,6,-3.2883591984664617,47.439998626708984,265174377.08594188,92.10884353741497,True,0.0,0,,,,0.0,0,,,,False,True,False,False,1,,power_play,6,6,True,0,0.75,risk_on,6,False
APD,281.44000244140625,-9.837079144914329,25.205179337904582,9.978103898498247,-7.283072007154857,0.24897503069995908,False,0.9034526382597506,2.8212060732408855,-4.556285573180208,-0.31568089304238045,False,True,False,True,23,38.333333333333336,False,0.4485371209565522,0.8473531714773223,True,-2.128651577395397,True,1.3942410977664021,True,2,0,0.5166100882910295,False,1.0719501435656487,False,8,4,True,False,False,25.0,11.619523923035931,5.500288108315714,0.4029627551435106,24.0,False,2,2,2,6,-6.937288549553444,302.4197318721641,334453875.71219635,52.244897959183675,False,0.0,0,,,,0.0,0,,,,False,True,False,False,1,,power_play,6,6,True,0,0.75,risk_on,6,False
APG,40.47999954223633,-18.056683619675006,20.33293780228982,15.624111633672232,-1.6370642719808721,0.2971111053552955,False,0.8710681624510752,4.9036576897201725,-9.68317755943463,8.2642423188789,False,True,False,True,24,40.0,True,0.33261682097676504,0.8819490619812042,False,0.41477765911517817,True,0.0,True,2,1,0.5685748479661639,False,1.686541592302155,True,5,0,False,False,False,25.0,14.46434897697128,9.48616649212479,0.8162926592913732,3.0,True,2,4,4,4,-2.6572070856409447,41.584999084472656,121376864.83472824,56.93877551020409,False,0.0,0,,,,0.0,0,,,,False,False,False,False,0,,none,0,0,False,-2,0.5,risk_on,6,False
APH,86.79499816894531,-2.0593596491477295,46.13640531151981,38.457107440807704,21.1959315351546,0.4324108925312166,True,0.9416356329593226,6.878277949937388,19.860614182192982,12.094925032710456,False,True,False,True,29,48.333333333333336,True,0.42174666714062736,1.2966057369317416,False,1.757303232126798,True,-0.18974346511556606,True,2,0,0.46099883384788604,False,0.8260435578671761,False,4,1,False,False,False,35.0,15.898264778903165,8.537362542120112,0.7807278269973504,3.0,False,6,2,4,5,-3.4860470650415865,89.93000030517578,980653679.7866516,75.4421768707483,False,0.0,0,,,,0.0,0,,,,False,False,False,False,0,,none,0,0,False,-1,0.625,risk_on,6,False
APLD,23.575000762939453,-52.517623286171435,14.748117183711784,-19.51177867515268,-36.77295458080579,0.8739301369719014,False,0.8471540517516365,13.849413717861278,-14.583331749635065,-16.162873188654746,False,False,False,False,21,35.0,False,0.4069251967566533,2.327562262887402,False,-2.243559314867975,True,-7.111893055604924,False,0,0,0.3805053193761212,False,0.6833463680232108,False,6,1,False,False,False,25.0,22.384218538316606,17.921528079488095,0.14559399516921911,23.0,False,0,1,1,1,-19.125210732582197,29.149999618530273,537550936.5410408,19.931972789115644,False,0.0,0,,,,0.0,0,,,,False,False,False,False,0,,none,0,0,False,-5,0.125,risk_on,6,False
APO,118.93000030517578,-21.13561347589815,19.57726956929564,-2.1385404093981264,-19.39971631505123,0.6649405783367057,False,0.9042638894845614,6.20112669728047,9.08231532503514,-5.543644789070967,False,False,False,True,20,33.33333333333333,False,0.3853037504158185,1.2535264464824547,False,-2.4265611885255995,True,4.3062653978844345,True,2,0,0.443103999806395,False,0.6951493825090203,False,9,2,True,False,False,25.0,17.00600252057513,8.198099701489435,0.2973443273630106,23.0,False,0,2,2,4,-11.94936413996106,135.07000732421875,377161395.98245734,36.19047619047619,False,0.0,0,,,,0.0,0,,,,False,False,False,False,0,,none,0,0,False,-2,0.5,risk_on,6,False
APP,276.5799865722656,-62.29825575561709,3.1168389059410773,-53.927907916137265,-71.18908382179038,0.3565640962342033,False,0.7913249485621409,6.432138769474433,-33.74536387961636,-10.218792194965387,False,False,False,True,17,28.333333333333332,False,0.5058337153219096,2.380410558550437,True,-3.258482158733391,True,3.1168389059410773,True,2,0,0.37232305132400545,False,0.4609561012975297,False,9,0,False,False,False,25.0,21.132588749157215,20.210432051380934,0.13622363964160839,19.0,False,0,1,1,3,-18.253830594697718,338.3399963378906,1637008968.4013076,3.061224489795918,False,0.0,0,,,,0.0,0,,,,False,False,False,False,0,,none,0,0,False,-3,0.375,risk_on,6,False
APPF,201.02999877929688,-23.347063489034337,40.24696798890348,-12.868412917961658,-30.12958882361476,0.6544114390560248,False,0.9072354793015288,10.903844352608507,35.35550296006322,-6.336488745336977,False,False,False,False,27,45.0,True,0.44817916226904164,1.542954336776561,True,-1.0603648871224727,True,-0.9558074738821865,True,1,0,0.45655890668864885,False,0.9115707864490633,False,6,3,True,False,False,25.0,16.75293968969825,10.903844352608507,0.29484141887950394,18.0,False,2,2,2,4,-11.81347918118486,227.9600067138672,65662553.90005112,25.238095238095237,False,0.0,0,,,,0.0,0,,,,False,False,False,False,0,,none,0,0,False,-2,0.5,risk_on,6,False
APTV,43.72999954223633,-50.682304674331455,1.6503930193346283,-47.128521307835605,-64.38969721348872,0.2773786682857721,False,0.7917598838533599,3.6130757669718045,-26.330864062338943,0.32117317999167394,True,True,False,True,22,36.666666666666664,False,0.48251642885909135,1.3465540084347285,True,-1.9570283441809133,True,0.43637717665097053,True,2,1,0.49826852017577095,False,1.2068495114175717,True,4,2,True,False,False,25.0,11.77446125113051,5.442481770710435,0.2059855820569545,24.0,False,0,3,4,4,-9.349091996909332,48.2400016784668,159634763.00605354,5.3061224489795915,False,0.0,0,,,,0.0,0,,,,False,False,False,False,0,,none,0,0,False,-2,0.5,risk_on,6,False
AR,35.88999938964844,-20.509417105828565,19.513814748625368,6.815479224771748,-10.445696680881356,0.343760768044337,False,0.9903640269973805,8.247420269743424,-3.547432752759838,2.9546722927796587,False,False,False,False,29,48.333333333333336,True,0.5059322341387562,1.7718787422434032,True,-0.7221628797483993,True,5.311025414747572,False,0,0,0.4610334731643449,False,0.9756030089714931,False,5,2,True,False,False,25.0,17.570934095741116,9.361941118674606,0.3923512633075364,23.0,False,2,2,2,5,-10.676955905783625,40.18000030517578,154044595.83628923,48.435374149659864,False,0.0,0,,,,0.0,0,,,,False,False,False,False,0,,none,0,0,False,-1,0.625,risk_on,6,False
ARCC,18.674999237060547,-5.205678125931867,12.482234875878206,8.057104375201817,-9.204071530451287,0.4887603921382597,False,1.0492111323471294,4.176710674759204,7.906255107487148,-3.7371154418850083,False,False,False,True,24,40.0,True,0.4555304265485581,0.7083065954972598,True,-1.9222223097009496,True,-0.9809192327887573,True,2,0,0.3973248216247147,False,0.71997121863784,False,5,3,True,False,False,65.0,9.263891298996132,6.318609656669061,0.37126725500042135,16.0,False,2,2,2,5,-5.824511805795551,19.829999923706055,92917786.96734428,49.93197278911565,False,0.0,0,,,,0.0,0,,,,False,False,False,False,0,,none,0,0,False,-1,0.625,risk_on,6,False
ARE,45.3650016784668,-38.242805478928474,15.449867756765645,-35.3885122653655,-52.6496881710186,0.26052817550185536,False,0.8300101988126589,8.44262730001262,6.636096038960915,-13.60405145820951,False,False,False,False,21,35.0,False,0.39871038824089267,1.617082317363224,False,-2.8230064131057215,True,-4.232630987180375,True,1,0,0.39441909770173245,False,0.5070520402977072,False,7,3,True,False,False,25.0,21.671659505733366,10.930798572995283,0.09526442414948433,15.0,False,0,2,2,3,-19.607121342555978,56.429129589659496,102139886.57223186,9.047619047619047,False,0.0,0,,,,0.0,0,,,,False,False,False,False,0,,none,0,0,False,-3,0.375,risk_on,6,False
ARES,117.34500122070312,-31.456850819274706,25.813862176603198,-17.01838499936499,-34.279560905018094,0.47479335304849535,False,0.8587565907753266,4.883040007947652,12.27939082001841,-5.214056277814471,False,False,False,True,17,28.333333333333332,False,0.360765110613643,1.1805251676782376,False,-3.6007817210475515,True,-0.17439542810085973,True,2,0,0.464533978337729,False,0.4138510565876295,False,5,4,True,False,False,25.0,19.151742179920966,6.502198477514985,0.15999433471313973,23.0,False,0,2,2,4,-16.087571931246934,139.84221875281372,273808731.86447144,21.564625850340136,False,0.0,0,,,,0.0,0,,,,False,False,False,False,0,,none,0,0,False,-2,0.5,risk_on,6,False
ARGX,821.2249755859375,-22.44546636587731,23.691501309682295,2.028196133272453,-15.232979772380652,0.9306168108935208,False,1.0764866269286097,18.868765770218396,1.477251815359737,-17.074786986800884,False,False,False,False,22,36.666666666666664,False,0.5012997998275569,1.1667934944565739,True,-4.207088607113534,True,-10.659701705214164,False,0,0,0.5326709355035464,False,0.3673829736046192,False,6,2,True,False,False,25.0,24.86611602579179,23.048498879594497,0.12847849132086214,24.0,False,0,2,2,2,-21.671354953788548,1048.43505859375,361117227.87961423,41.0204081632653,False,0.0,0,,,,0.0,0,,,,False,False,False,False,0,,none,0,0,False,-4,0.25,risk_on,6,False
ARM,266.1300048828125,-39.44158511412148,154.5480603678835,55.94163786010733,38.68046195445422,0.5271332253016586,False,0.9932166628418381,17.033023612736265,68.88564652267036,-3.439636070027552,False,True,False,False,22,36.666666666666664,False,0.44319375889010565,2.5641653300490055,True,-0.2140700682483251,True,-13.450839593196873,False,0,0,0.30987624025797267,False,1.028613802044983,False,5,2,True,False,False,25.0,29.363169944723683,19.79934059189858,0.2839673709804543,12.0,False,3,2,2,3,-21.024987771868208,336.9800109863281,1724895310.28851,83.06122448979592,True,0.0,0,,,,0.0,0,,,,False,False,False,False,0,,none,0,0,False,-3,0.375,risk_on,6,False
ARMK,55.2400016784668,-11.284201092905821,54.90363688060036,39.988151962297415,22.72697605664431,0.22969357699266651,False,0.8308587921666163,2.027514297345422,27.92011849242819,-2.143488163187135,False,True,False,True,19,31.666666666666664,False,0.4982836969291108,1.0389314941260328,True,-1.984209159099436,True,-0.5580514182742524,True,2,0,0.510035374663233,False,0.602696624946559,False,6,2,True,False,False,25.0,11.471323941546789,4.996376244878144,0.2884059765788697,18.0,False,2,2,3,5,-8.162925557532418,60.150001525878906,118523589.9937149,76.19047619047619,False,0.0,0,,,,0.0,0,,,,False,False,False,False,0,,none,0,0,False,-1,0.625,risk_on,6,False
AROC,30.350000381469727,-27.175036123827702,34.308595403837174,24.75065769481768,7.489481789164575,0.27028343190274357,False,0.80311412415883,3.887974597510165,-15.727287402357959,-3.833964210862595,True,False,False,True,25,41.66666666666667,True,0.3623163129865723,1.1393614888959684,False,-1.9060544420234034,True,0.065942821674847,True,2,0,0.4235559113340071,False,0.6531941196368092,False,7,1,False,False,False,25.0,12.371135989853242,5.238880173321743,0.14285720773293492,22.0,False,1,1,3,3,-10.603830045858388,33.95000076293945,51705898.596404836,65.91836734693878,False,0.0,0,,,,0.0,0,,,,False,False,False,False,0,,none,0,0,False,-3,0.375,risk_on,6,False
ARQT,26.489999771118164,-15.09615665591908,35.846152672400834,27.90922714708892,10.648051241435816,0.2992601605051367,False,1.143846402696914,13.590028332299736,9.82586587654568,4.373525008099466,False,True,False,False,21,35.0,False,0.5262155428776412,3.0982671683685616,True,0.8012160081274458,True,5.286168250286605,False,0,0,0.4296117557221931,False,0.8996710271650354,False,4,0,False,False,False,25.0,18.34570649027097,16.100413086067793,0.6531790059370355,13.0,False,2,1,2,4,-6.362676161743163,28.290000915527344,88864945.60960989,67.89115646258503,False,0.0,0,,,,0.0,0,,,,False,False,False,False,0,,none,0,0,False,-2,0.5,risk_on,6,False
ARR,13.489899635314941,-20.99278348753456,2.2525408827708926,1.4739608452652542,-15.787215060387851,0.392527980715817,False,1.3877177911634895,4.225381286989177,-16.34272691583295,-8.106952623435859,False,False,False,True,16,26.666666666666668,False,0.46106000436827865,1.1882968213094929,True,-4.614938019857355,True,-0.7365748061002542,True,2,0,0.5094494791601077,False,0.2723817622618795,False,9,3,True,False,False,25.0,18.84048293009953,7.931858084570828,0.10798752201595414,23.0,False,0,2,2,4,-16.805945864894202,16.21498047613783,68857141.03511448,40.34013605442177,False,0.0,0,,,,0.0,0,,,,False,False,False,False,0,,none,0,0,False,-2,0.5,risk_on,6,False
ARW,227.4250030517578,-6.026607076620616,123.25021784628198,93.04389081125832,75.78271490560522,0.2717701466102529,True,0.956013979566644,11.854453597145834,30.03145282346933,3.700244212987114,True,False,False,False,23,38.333333333333336,False,0.530974739088168,1.8656733174821225,True,1.2786265006917683,True,-6.026607076620616,False,0,1,0.38753234992876884,False,0.851906336175306,False,1,1,False,False,False,25.0,16.65797579001537,11.854453597145834,0.47039720604329016,4.0,False,6,2,3,5,-8.822110520055372,249.42999267578125,119617883.10718536,91.15646258503402,True,0.0,0,,,,0.0,0,,,,False,False,False,False,0,,none,0,0,False,-1,0.625,risk_on,6,False
ARWR,62.60499954223633,-30.12054682297317,76.80033835643106,73.61341419306409,56.352238287410984,0.33059774428948074,False,0.783029790963097,8.873093755760053,-1.8576600662856713,-5.8288261417380305,False,True,False,False,21,35.0,False,0.5356242647938183,3.058244941793427,True,-6.183030359083546,True,-2.4692363902256265,True,1,0,0.4486991858931707,False,0.3638246208877315,False,4,3,True,False,False,25.0,32.10435332217272,12.1795384645851,0.12145019839972093,22.0,False,2,2,3,3,-28.2052732417001,87.19999694824219,156054087.17484474,88.16326530612245,True,0.0,0,,,,0.0,0,,,,False,False,False,False,0,,none,0,0,False,-3,0.375,risk_on,6,False
AS,28.03499984741211,-33.18636687533558,6.718688081053381,-13.578911731735044,-30.840087637388148,0.32630308973530353,False,0.745829736503586,4.619226264820137,-20.468085539256432,4.8821561074617215,True,True,False,True,21,35.0,False,0.393677223429151,1.2591783508689516,False,-2.8098900124747592,True,3.183657595470102,True,2,1,0.6596131590861358,True,0.8384561868995335,False,3,3,True,False,False,25.0,12.150786988376664,5.403957188850443,0.536011124971535,24.0,False,1,3,4,5,-5.637829985447396,29.709999084472656,175922278.09656143,24.149659863945576,False,0.0,0,,,,0.0,0,,,,False,False,False,False,0,,none,0,0,False,-1,0.625,risk_on,6,False
ASAN,10.039999961853027,-33.903882559556465,83.88278189940132,-33.903882559556465,-51.16505846520957,0.37334832020448244,False,1.0072660722220959,16.484070646749817,73.10344192559334,5.573078025398814,False,True,False,False,27,45.0,True,0.44378880140220406,2.999446335466906,True,1.3364100766688893,True,16.473318969213025,False,0,1,0.5186084864990835,False,1.1733048045753265,False,2,3,True,False,False,25.0,22.35179979845868,22.260962339078144,0.8913043568400212,16.0,True,4,4,3,4,-2.429543254876554,10.289999961853027,75697385.25833583,9.455782312925171,False,0.0,0,,,,0.0,0,,,,False,False,False,False,0,,none,0,0,False,-2,0.5,risk_on,6,False
ASB,28.655000686645508,-10.666727635513173,23.06470199669326,13.204497414380079,-4.056678491273026,0.24479613502924336,False,0.9836015496428753,4.048158505027432,4.568787572025812,-3.3883990759841165,False,True,False,True,18,30.0,False,0.4932396570622218,0.9668877634502689,True,-2.891221673196422,True,-1.18965280467066,True,2,0,0.4342708503308067,False,0.40167542830305386,False,5,4,True,False,False,25.0,10.288464465790174,4.885707851972709,0.2071653302356258,24.0,False,1,2,2,5,-8.157051327117248,31.200000762939453,62642676.30910282,55.374149659863946,False,0.0,0,,,,0.0,0,,,,False,False,False,False,0,,none,0,0,False,-1,0.625,risk_on,6,False
ASML,1779.3699951171875,-10.44357851672989,91.31693578145774,82.66363284063422,65.40245693498112,0.585220138947016,True,0.9245324154459157,6.000439471511839,19.021657034114604,5.919921696887176,True,False,False,True,26,43.333333333333336,True,0.5398255169925936,1.2772156278170057,True,0.8364615655922689,True,-4.7094516024183575,True,2,1,0.4822724279008795,False,1.4074506653145533,True,5,1,False,False,False,25.0,16.048040255120764,7.755553953291848,0.6869221240540526,5.0,False,6,3,4,5,-5.024286356168273,1873.5,2487618184.5336914,90.20408163265307,True,0.0,0,,,,0.0,0,,,,False,False,False,False,0,,none,0,0,False,-1,0.625,risk_on,6,False
ASND,229.125,-17.33710727526838,16.89454947258271,6.683892276375825,-10.577283629277279,0.5469484971902872,False,0.8761174826647138,6.30223783585652,-7.815330039530421,-3.208432401798622,True,False,False,True,19,31.666666666666664,False,0.40884747738386457,1.8338337307960468,False,-2.2807596723625667,True,0.5507547767169108,True,2,0,0.5419966188541904,False,0.43511641439251647,False,5,2,True,False,False,25.0,19.43244656621117,6.30223783585652,0.18140772089390725,23.0,False,0,2,4,4,-15.907250723242171,272.4670104980469,227195611.76140976,48.16326530612245,False,0.0,0,,,,0.0,0,,,,False,False,False,False,0,,none,0,0,False,-2,0.5,risk_on,6,False
ASO,53.44499969482422,-11.882089699056753,29.521150390584737,2.755093112476237,-14.506082793176867,0.36280926646676576,False,0.928847634913811,10.365798385557582,-5.903137821149363,10.675085279692587,False,False,False,False,26,43.333333333333336,True,0.40912485338240273,1.6548756687635324,False,3.0230896756682744,True,9.675764820192946,False,0,1,0.5751600443341174,False,0.5445280229658136,False,1,2,True,False,False,25.0,23.435305963771906,12.40527852179463,0.7542692617832801,20.0,False,3,4,4,4,-5.758775034812369,56.71084996461645,81195455.01883984,41.904761904761905,False,0.0,0,,,,0.0,0,,,,False,False,False,False,0,,none,0,0,False,-2,0.5,risk_on,6,False
ASST,27.65999984741211,-23.591162252875854,286.0432658014784,-23.591162252875854,-40.85233815852896,0.6941654826272284,False,0.9761359428300114,13.85032319422836,138.8601038829698,-8.07577365521146,False,False,False,False,30,50.0,True,0.4020028567324336,2.269710898157165,False,3.0329564259778845,True,-7.892110506302286,False,0,0,0.3567921629950678,False,0.706502538175748,False,4,1,False,False,False,25.0,21.50873170836118,17.17643305944101,0.3594201440296684,5.0,False,4,1,1,3,-13.778060259846503,32.08000183105469,247436611.00503922,16.462585034013603,False,0.0,0,,,,0.0,0,,,,False,False,False,False,0,,none,0,0,False,-3,0.375,risk_on,6,False
ASTS,49.39500045776367,-62.886015615810074,0.0,-43.08676122052378,-60.34793712617689,3.9518393364184967,False,1.004727809839942,34.78084855949325,-50.09093680052321,-15.592959549933516,False,False,False,False,17,28.333333333333332,False,0.4602275678944983,3.4203582444614624,True,-3.012930122903049,True,-15.491873715966065,False,0,0,0.3603432646735854,False,0.5100734182000505,False,7,1,False,False,False,25.0,29.21130676320879,36.238488429987385,0.09296999583745151,23.0,False,0,1,1,1,-26.49553169502674,67.19999694824219,753326319.9131062,6.802721088435375,False,0.0,0,,,,0.0,0,,,,False,False,False,False,0,,none,0,0,False,-5,0.125,risk_on,6,False
ASX,46.185001373291016,-2.829786325582051,321.02532221008096,298.3740761656179,281.1129002599648,0.4762578259029031,True,0.9774361708867347,7.23178532699888,75.70472207344882,10.941629085531046,False,True,False,True,24,40.0,True,0.457954555691147,1.4856074989009256,True,3.648414865626436,True,-2.6659628436433214,True,2,2,0.6174164767799539,True,1.56753151396634,True,4,2,True,False,False,25.0,23.47172945622776,11.497241995020948,0.8448889838324652,5.0,False,10,5,5,6,-3.6407238071649473,47.93000030517578,286461288.1941584,98.63945578231292,True,0.0,0,,,,0.0,0,,,,False,True,False,False,1,,power_play,6,6,True,0,0.75,risk_on,6,True
ATI,193.64999389648438,-16.450947054806164,141.94151884238332,135.35488182968982,118.09370592403671,0.2558779510452373,False,0.7966582364093655,5.990183945436806,18.23787723764674,1.0541089402503312,True,True,False,True,25,41.66666666666667,True,0.41538471770895835,1.6900470930918214,False,-1.3905179749760488,True,0.6392244773119282,True,2,1,0.7166848978470632,True,0.917203912544612,False,6,2,True,False,False,25.0,16.029958950269457,9.207334052685649,0.45224801474313847,24.0,False,5,3,3,5,-8.780441838596087,212.2899932861328,284870842.83943635,94.82993197278911,True,0.0,0,,,,0.0,0,,,,False,False,False,False,0,,none,0,0,False,-1,0.625,risk_on,6,False
ATKR,94.8550033569336,0.0,72.89997208225687,52.28996845572702,35.028792550073916,0.2193620607409763,True,0.19583678950114092,0.18976363797959195,39.175665685606795,0.5672218658189232,False,True,True,True,29,48.333333333333336,True,0.5152656180444195,0.08538640189194935,True,9.651444064793246,False,0.24836250637294555,True,3,1,0.36270686716135514,False,0.9087242118721289,False,0,0,False,False,False,55.0,25.773371905956793,0.3689826173998127,0.9981602560563985,1.0,True,8,2,5,5,-0.04741640487017085,94.9000015258789,73067450.32863235,81.56462585034014,True,0.0,0,,,,0.0,0,,,,False,False,False,False,0,,none,0,0,False,-1,0.625,risk_on,6,False
ATO,161.74000549316406,-14.901701517508915,3.520225170653002,-5.396705688312653,-22.657881593965758,0.2890306588056521,False,0.8520480209126726,3.5118138627801505,-12.843930937168867,0.8983171640622567,False,False,False,True,19,31.666666666666664,False,0.48884771162309687,0.625105952079993,True,-1.431018219182601,True,2.907684276554079,True,2,1,0.6456501150130086,True,0.5646648424012065,False,5,3,True,False,False,25.0,8.762826070231998,4.358849271867856,0.4724094201968445,24.0,False,1,3,1,5,-4.6231844871079115,169.5800018310547,182363776.9714958,31.700680272108844,False,0.0,0,,,,0.0,0,,,,False,False,False,False,0,,none,0,0,False,-1,0.625,risk_on,6,False
ATR,121.01499938964844,-16.330990391741594,8.48927701051052,-5.943448699535936,-23.20462460518904,0.41622318914768364,False,0.8721857959358259,3.007891094498325,-7.711403476107581,-2.752332838767424,False,False,False,True,16,26.666666666666668,False,0.383722553048124,0.6519242314307082,False,-3.3234594264780566,True,0.9215208854907564,True,2,0,0.5542093597603459,False,0.6076041594410571,False,4,2,True,False,False,25.0,7.542618782076178,4.867164747638932,0.23065015967397534,24.0,False,0,2,2,4,-5.80291255563038,128.47000122070312,58252473.86221085,30.8843537414966,False,0.0,0,,,,0.0,0,,,,False,False,False,False,0,,none,0,0,False,-2,0.5,risk_on,6,False
ATRC,55.125,-9.289123605794703,113.1670483330688,51.151626418665685,33.89045051301258,0.16414792286246843,True,1.2481484247260115,9.015868310214712,92.3412431733756,-5.120479435892267,False,True,False,False,34,56.666666666666664,True,0.486746460568371,2.176940058645621,True,1.6810196930176424,True,-0.027202375434287607,True,1,0,0.5542861143678752,False,0.845541329179015,False,4,1,False,False,False,45.0,36.06158788471948,13.460314138676305,0.7044943477330583,11.0,False,6,2,4,5,-10.656403049655673,61.70000076293945,86734079.49412766,80.95238095238095,True,0.0,0,,,,0.0,0,,,,False,False,False,False,0,,none,0,0,False,-1,0.625,risk_on,6,False
AU,94.51499938964844,-23.681058092123486,55.47699321980464,36.865365332409425,19.60418942675632,0.5960264758849743,False,0.7539264761619225,7.289847573551432,-11.776718206750614,-8.495499514086823,False,False,False,True,27,45.0,True,0.4262502094512709,1.0709258689747878,False,-1.9934138399727992,True,-0.4266738170138118,True,2,1,0.5742722092869046,False,1.3920377583878674,True,8,4,True,False,False,25.0,20.43427402621765,8.231496407488697,0.27358914230872605,22.0,False,2,3,2,4,-14.843678521683279,110.98999786376953,225037367.2982788,74.08163265306122,False,0.0,0,,,,0.0,0,,,,False,False,False,False,0,,none,0,0,False,-2,0.5,risk_on,6,False
AUGO,92.5999984741211,-13.477631533455304,215.23508125397015,158.54243809294158,141.28126218728846,0.6493017424624478,True,1.0462736315083585,13.833690895981773,-9.16649123270491,4.929176741213714,False,False,False,False,30,50.0,True,0.3740138870417991,1.9128348211720665,False,2.3691398121723033,True,12.995731449026415,False,0,0,0.5549860889275,False,0.8032309990470549,False,5,2,True,False,False,25.0,17.638248198270578,17.375806266764997,0.9460279257158747,16.0,True,6,3,4,4,-0.9519728419989049,93.48999786376953,89841358.84720688,95.91836734693877,True,0.0,0,,,,0.0,0,,,,False,False,False,False,0,,none,0,0,False,-2,0.5,risk_on,6,False
AUR,5.744999885559082,-31.607141113605554,52.38726563991105,5.219777388661573,-12.041398516991531,0.2841137434108157,False,0.8787175890261146,5.152306522385451,32.67898352852456,-8.954042192456468,False,True,False,True,22,36.666666666666664,False,0.3787006370105185,2.0576766192663523,False,-1.560159935893021,True,1.3227479410222287,True,2,1,0.6247638039492565,True,0.39109942427957567,False,5,1,False,False,False,25.0,23.224853824022265,14.064405636788024,0.3535030367234427,17.0,False,1,2,2,4,-15.014797469772335,6.760000228881836,187547067.4192485,46.054421768707485,False,0.0,0,,,,0.0,0,,,,False,False,False,False,0,,none,0,0,False,-2,0.5,risk_on,6,False
AVAV,136.38499450683594,-66.72156772921079,0.0,-65.7573648394814,-83.0185407451345,0.47231348352116403,False,0.7596679359374134,8.20471671525813,-29.83950052211449,-14.732730785253834,False,True,False,False,20,33.33333333333333,False,0.4378175816423238,2.2086092768317482,False,-3.1358338837475523,True,-3.1494195332427477,True,1,0,0.3420596917284778,False,0.5756479303840246,False,6,1,False,False,False,25.0,20.089285714285715,12.501377525738894,0.06325909649884259,15.0,False,0,1,2,2,-18.81845565069289,168.0,231946644.25341034,0.8843537414965987,False,0.0,0,,,,0.0,0,,,,False,False,False,False,0,,none,0,0,False,-4,0.25,risk_on,6,False
AVGO,361.8900146484375,-24.59605479001894,23.759520374943467,5.669462470510389,-11.591713435142715,0.47452292661922846,False,0.8435756714255476,6.825273063543416,-4.378464275372718,1.3811136573774307,True,False,False,True,23,38.333333333333336,False,0.49455374709611355,1.254629896503734,True,-0.922187835339428,True,1.900658816687284,True,2,0,0.3973329060234,False,1.0882954647579401,False,6,1,False,False,False,25.0,11.984132442868024,10.376077336493285,0.5847978034889731,3.0,False,1,1,2,4,-4.975838113557862,380.8399963378906,8430950896.756266,47.006802721088434,False,0.0,0,,,,0.0,0,,,,False,False,False,False,0,,none,0,0,False,-2,0.5,risk_on,6,False
AVT,99.45999908447266,-6.994579377377496,128.82066031479903,99.30846659821965,82.04729069256655,0.3514087063739425,True,0.9888845298722687,10.205109209038278,36.41440722340978,3.4748192285183777,False,True,False,False,24,40.0,True,0.45190925244365204,1.8605739688892242,True,1.1575290315459632,True,-6.994579377377496,False,0,1,0.44499017615845515,False,1.1040304801096479,False,1,1,False,False,False,35.0,21.589225396594284,10.868688576412191,0.608994901949082,5.0,False,6,3,4,5,-8.441497193038716,108.62999725341797,138054202.6648182,91.70068027210885,True,0.0,0,,,,0.0,0,,,,False,False,False,False,0,,none,0,0,False,-1,0.625,risk_on,6,False
AVTR,15.694999694824219,-1.0403528715308696,111.80836731468476,15.915803094849256,-1.3453728108038483,0.26937883101087595,False,1.0689051689681934,9.015609999149317,91.87040475895125,1.127572370482799,False,False,False,False,26,43.333333333333336,True,0.4654894257102917,1.4651959568814095,True,2.162198843061557,True,2.3142082053789315,True,1,2,0.6096637400411293,True,1.3139835159487283,True,4,2,True,False,False,45.0,19.175574615711476,11.500480027221798,0.7834394169345206,3.0,False,6,5,4,8,-4.152673619394087,16.375,136560699.50669613,57.55102040816327,False,0.0,0,,,,0.0,0,,,,False,True,False,False,1,,power_play,8,8,True,2,1.0,risk_on,6,True
AVY,167.13499450683594,-13.891124150574353,9.866231990597928,6.308735762394901,-10.952440143258203,0.21594944730844698,False,0.8366067065020029,4.714745494966429,-1.7630677833243902,-0.34286100054380375,False,True,False,True,25,41.66666666666667,True,0.4329924687017221,0.9516396149854566,False,-1.7768178109608277,True,-1.6100551533334562,True,2,2,0.5475486440486541,False,1.2991181480672636,True,2,2,True,False,False,65.0,17.662707747879423,5.923351914239276,0.4033236626074513,50.0,False,1,4,3,5,-10.538919767439692,186.8242525938172,134141602.41276856,47.755102040816325,False,0.0,0,,,,0.0,0,,,,False,False,False,False,0,,none,0,0,False,-1,0.625,risk_on,6,False
AWI,163.3800048828125,-19.176327531140704,8.091438571965348,-15.427411280418735,-32.68858718607184,0.2559325588222959,False,0.9165931784770174,4.015177722205992,-8.041370455379903,2.3491824126378624,False,False,False,True,27,45.0,True,0.36930734115089325,0.7817444614353127,False,-2.187856479935702,True,0.1593978502992366,True,2,0,0.49079841357362763,False,0.8910344007918367,False,3,1,False,False,False,25.0,9.556747539389512,4.131472516995926,0.3902292223264221,24.0,False,2,1,1,4,-5.827425379123596,173.49000549316406,56167392.394182585,22.857142857142858,False,0.0,0,,,,0.0,0,,,,False,False,False,False,0,,none,0,0,False,-2,0.5,risk_on,6,False
AWK,128.9199981689453,-8.934130980100763,7.13903840286525,-6.106296163926617,-23.36747206957972,0.2606391191881674,False,0.9070112823742318,3.5370754137135703,-2.7558435226622158,-5.136126593836165,False,False,False,True,19,31.666666666666664,False,0.40500980836789297,0.790342648901661,False,-2.3966189494153602,True,-1.0211146495621382,True,2,0,0.5189943028042574,False,0.36839918595739296,False,7,3,True,False,False,25.0,11.259394064108994,4.010237544504309,0.16094834856673984,21.0,False,1,2,2,5,-9.4472131836285,142.3699951171875,242614616.42876586,30.612244897959183,False,0.0,0,,,,0.0,0,,,,False,False,False,False,0,,none,0,0,False,-1,0.625,risk_on,6,False
AXGN,36.20500183105469,-30.011594526510375,132.23220960036213,120.49331097948625,103.23213507383315,0.3286548923454141,False,0.8051178605241678,7.816604579280163,8.171498388412978,-18.143788818081198,False,False,False,True,23,38.333333333333336,False,0.4047588413512684,2.0143340305587776,False,-5.238034149214508,True,-3.1692901255350625,True,2,0,0.3416921393445161,False,0.44613825247712796,False,6,3,True,False,False,25.0,26.76172954387288,23.477419058460484,0.05907360303290508,24.0,False,3,2,2,3,-25.18081775632417,48.38999938964844,58010508.34477234,93.87755102040816,True,0.0,0,,,,0.0,0,,,,False,False,False,False,0,,none,0,0,False,-3,0.375,risk_on,6,False
AXON,417.4949951171875,-45.02594098611511,20.68422043440925,-43.12367069717893,-60.384846602832035,0.3501599675753055,False,0.5727284336380818,5.9665394683635276,16.090145273954715,-6.759204481945447,True,False,True,True,22,36.666666666666664,False,0.41023405898629695,1.8627157627526119,False,-6.39027477160705,True,1.002779473198756,True,3,0,0.4177973519878172,False,0.6782078408732393,False,7,3,True,False,False,25.0,24.994371100611477,7.995306596057038,0.13650712692001885,24.0,False,0,2,4,4,-21.58246131249425,532.4000244140625,502368201.0282074,6.73469387755102,False,0.0,0,,,,0.0,0,,,,False,False,False,False,0,,none,0,0,False,-2,0.5,risk_on,6,False
AXP,307.7749938964844,-19.38453030954377,5.927101123217859,-4.121844666332086,-21.383020571985192,0.43483510882451504,False,0.9523440671364165,2.906346357439056,-4.694741535293012,-1.2148554666096212,False,False,False,True,22,36.666666666666664,False,0.5186223861061163,1.0355600056611922,True,-3.084523924747321,True,1.6497110566502382,True,2,1,0.6419103984850942,True,0.6686657044248164,False,4,3,True,False,False,25.0,9.539171949466073,3.794977794625396,0.3374276619384215,24.0,False,0,3,2,4,-6.320391461729158,328.5400085449219,1087903243.8204315,33.40136054421769,False,0.0,0,,,,0.0,0,,,,False,False,False,False,0,,none,0,0,False,-2,0.5,risk_on,6,False
AXS,97.38999938964844,-17.965939138860676,11.807701049705187,1.942661005626567,-15.318514900026537,0.2907202290901232,False,0.9261355222641174,3.6963746940682496,-1.8001167926920525,-1.3689326442117289,False,False,False,True,21,35.0,False,0.4294905621224925,0.853115371136335,False,-0.7302961833387202,True,2.6454492083578307,True,2,1,0.6213222555346591,True,0.7581569948895217,False,5,2,True,False,False,25.0,8.056146228131599,4.969611680345366,0.5361678300597424,24.0,False,1,3,2,5,-3.736699786350306,101.17043481108388,68174759.93023834,40.8843537414966,False,0.0,0,,,,0.0,0,,,,False,False,False,False,0,,none,0,0,False,-1,0.625,risk_on,6,False
AXSM,169.25999450683594,-33.66775258791564,39.71109564590491,38.14887295494764,20.887697049294538,0.6079476717982779,False,0.9007701055987726,8.023160978246533,-5.086080430151874,-18.5388413219584,False,False,False,False,17,28.333333333333332,False,0.45614939812913396,1.9265493772620101,True,-4.994354465863891,True,-5.5732248218488545,False,0,0,0.3641006481324914,False,0.10570038484188614,False,7,2,True,False,False,25.0,27.654386094552663,19.40211075414715,0.04944880928580216,20.0,False,1,2,2,2,-26.286909630647195,229.6199951171875,152896561.36488646,75.10204081632654,False,0.0,0,,,,0.0,0,,,,False,False,False,False,0,,none,0,0,False,-4,0.25,risk_on,6,False
AXTA,32.744998931884766,-14.257658786654536,28.714615740859095,22.45699032223849,5.195814416585385,0.3789590320217331,False,0.9771064145565023,4.504499991553961,14.412990816536464,1.692540857243019,False,False,False,True,24,40.0,True,0.4468449855400423,0.9192233998993141,True,-2.5698929149246226,True,1.692540857243019,True,2,0,0.5408579931319071,False,0.6210702792579594,False,6,2,True,False,False,25.0,14.356298376130614,7.680560304430211,0.2954107656163727,23.0,False,2,2,2,5,-10.11529328142078,36.43000030517578,71079026.47573528,63.6734693877551,False,0.0,0,,,,0.0,0,,,,False,False,False,False,0,,none,0,0,False,-1,0.625,risk_on,6,False
AXTI,68.79119873046875,-51.1530229098531,1606.9775471237551,1215.3192825925719,1198.0581066869188,0.8435388114384511,False,0.821659761999622,29.306079897078725,3.5232534081982347,-1.768956262204524,False,False,False,False,26,43.333333333333336,True,0.4253302976186854,3.6964615184025162,False,-0.4242552561270523,True,-19.88913877936621,False,0,1,0.36394674878903405,False,1.3657755964615075,True,4,1,False,False,False,25.0,36.611591291714504,29.306079897078725,0.395091174795784,3.0,False,4,2,1,2,-22.14667467712793,88.36000061035156,615610138.3287601,99.93197278911565,True,0.0,0,,,,0.0,0,,,,False,False,False,False,0,,none,0,0,False,-4,0.25,risk_on,6,False
AYI,300.25,-20.23931629474818,16.62154047334734,-16.548827322024028,-33.81000322767713,0.24242919389978212,False,1.0575743634857608,5.562025541866153,6.522583637608537,-0.8945047304967146,False,False,False,True,17,28.333333333333332,False,0.4253346110212949,1.3064561123227716,False,-2.636889638260455,True,-2.75618911013924,True,2,0,0.5541214125282508,False,1.0152693032918898,False,6,2,True,False,False,25.0,13.255227189266858,7.077435470441299,0.1578125989862446,23.0,False,0,2,2,4,-11.16338533637552,337.9800109863281,133120418.0065628,21.836734693877553,False,0.0,0,,,,0.0,0,,,,False,False,False,False,0,,none,0,0,False,-2,0.5,risk_on,6,False
AZN,159.13999938964844,-23.71776286340377,2.2619228781046052,-5.456798700577026,-22.71797460623013,0.4525040876667974,False,0.8450992320928583,4.071883720241214,-21.31131573024628,-4.178710479824044,False,True,False,True,26,43.333333333333336,True,0.3970785137626073,0.7314923825184227,False,-0.9879751423867208,True,1.4276644871267008,True,2,0,0.3845870551870213,False,0.5083621762752113,False,4,1,False,False,False,25.0,8.585773853491482,7.9866826458552405,0.29779912561103333,13.0,False,1,1,2,4,-6.028937907227649,169.35000610351562,446123773.8517853,31.49659863945578,False,0.0,0,,,,0.0,0,,,,False,False,False,False,0,,none,0,0,False,-2,0.5,risk_on,6,False
AZO,2915.3798828125,-28.857953328885788,4.417927179196157,-26.51439118782861,-43.77556709348171,0.12569372398124679,False,1.2020410818528613,6.893448638668377,-17.04638517001662,2.103793387970443,True,True,False,True,20,33.33333333333333,False,0.48180610149099695,1.330027904991494,True,-0.32730206063327894,True,4.417927179196157,True,2,0,0.5796207483814368,False,0.6131726375736706,False,3,2,True,False,False,25.0,8.957094725795805,6.893448638668377,0.6876228540582393,13.0,True,1,4,5,5,-2.7979916863740906,2999.300048828125,1045913586.642334,13.741496598639454,False,0.0,0,,,,0.0,0,,,,False,False,False,False,0,,none,0,0,False,-1,0.625,risk_on,6,False
B,40.98500061035156,-21.35957527618825,32.832941864171296,26.64158581516245,9.380409909509346,0.5849417660961928,False,0.8257767604000299,5.758196316967319,-3.96059871390535,-5.4119573542746995,False,False,False,True,26,43.333333333333336,True,0.4545280829778776,1.1036016914428648,True,-1.3471699697756883,True,1.876711600064973,True,2,0,0.5007627744828549,False,0.9121444781215039,False,7,4,True,False,False,25.0,14.298299076976036,6.8805652136844735,0.3212634469592327,24.0,False,1,2,2,4,-9.704778229852696,45.38999938964844,338102736.3086567,67.3469387755102,False,0.0,0,,,,0.0,0,,,,False,False,False,False,0,,none,0,0,False,-2,0.5,risk_on,6,False
BA,189.84500122070312,-24.70949600790371,5.987609644863423,-12.108795731155963,-29.36997163680907,0.37444843767233765,False,1.083014963713476,5.783663334266219,-14.53812832343523,-4.215436859830469,True,False,False,True,22,36.666666666666664,False,0.486348815056086,1.5473754902302466,True,-3.2576463473115407,True,-1.9192996408082919,True,2,0,0.4770214525447297,False,0.7852786277881127,False,7,3,True,False,False,25.0,14.529239516359663,6.805550889341168,0.18654114263358515,23.0,False,0,2,3,4,-11.818938575380889,215.2899932861328,1766627008.072644,25.98639455782313,False,0.0,0,,,,0.0,0,,,,False,False,False,False,0,,none,0,0,False,-2,0.5,risk_on,6,False
BABA,110.91999816894531,-37.8014745902326,16.991879575142256,-35.54889127824825,-52.81006718390135,0.9691676859139533,False,0.919290222656349,5.995313411157928,-12.554731837528765,-2.0487457952933164,True,False,False,True,25,41.66666666666667,True,0.5069533617010576,1.1343710022519298,True,-1.6684847128547309,True,4.789796663118295,True,2,1,0.40315330373639907,False,0.5937613562584002,False,2,3,True,False,False,25.0,12.99833997303985,5.995313411157928,0.39424904583827536,13.0,False,2,3,3,5,-7.873756841187374,120.4000015258789,943978393.6441139,8.843537414965986,False,0.0,0,,,,0.0,0,,,,False,False,False,False,0,,none,0,0,False,-1,0.625,risk_on,6,False
BAC,54.209999084472656,-15.92873821754437,17.22962488535511,11.198109945455048,-6.063065960198056,0.3691997189244178,False,0.9107100172867245,4.095180674226818,2.661071710622709,-6.09735057279599,False,False,False,True,20,33.33333333333333,False,0.4289839220547035,1.0352354795997065,False,-5.654705448837485,True,0.8558122501816756,True,2,0,0.5186013174233708,False,0.5261166892256962,False,8,1,False,False,False,25.0,18.15760585948958,8.171917663336389,0.16997388956599674,20.0,False,0,1,1,3,-15.071286966345799,63.83000183105469,2231161839.6422186,53.80952380952381,False,0.0,0,,,,0.0,0,,,,False,False,False,False,0,,none,0,0,False,-3,0.375,risk_on,6,False
BAH,73.6050033569336,-26.35075832521777,24.205526885917727,-24.008217384331676,-41.26939328998478,0.31482644978510993,False,1.0619727686896907,10.379728335313972,-8.6644753839502,-4.495908072675547,False,False,False,False,21,35.0,False,0.4483691710105118,1.5396850687607881,True,-0.24894927795498362,True,9.28731258281461,False,0,0,0.45703265938728777,False,0.523511619795073,False,4,1,False,False,False,65.0,24.19837526039258,10.379728335313972,0.613929364126139,18.0,False,1,2,2,4,-9.342282123894075,81.19000244140625,127415385.93756637,15.918367346938775,False,0.0,0,,,,0.0,0,,,,False,False,False,False,0,,none,0,0,False,-2,0.5,risk_on,6,False
BALL,58.59000015258789,-12.678907411317653,28.00833207553208,24.36395627387895,7.102780368225847,0.30544660472114527,False,1.0182445825444855,4.659497414450417,-7.244504760847626,-2.593518426794783,False,False,False,True,22,36.666666666666664,False,0.5820212989341096,1.1821497670450034,True,-1.840807740875322,True,3.9382672747354297,True,2,1,0.5770660328344345,False,1.2692039351741837,True,4,2,True,False,False,25.0,12.509923572218321,6.024916828987167,0.4416242475292819,24.0,False,1,3,2,5,-6.9852379879885795,62.9900016784668,125207134.25535241,65.64625850340136,False,0.0,0,,,,0.0,0,,,,False,False,False,False,0,,none,0,0,False,-1,0.625,risk_on,6,False
BAM,46.26499938964844,-18.165346849983532,10.096532539279002,-18.165346849983532,-35.42652275563664,0.6676175447495061,False,0.8167267680094473,5.944018234690172,1.8743375131342388,0.4450673257606397,False,False,False,True,25,41.66666666666667,True,0.4748976199351689,1.1204744335676269,True,-2.4337747904044758,True,3.154963129695121,True,2,1,0.7136991343206629,True,0.42743466742232056,False,5,1,False,False,False,25.0,14.428641024815924,6.549232970858071,0.3596193912147335,24.0,False,2,2,1,4,-9.239821923415692,50.974998474121094,143288301.30054474,20.54421768707483,False,0.0,0,,,,0.0,0,,,,False,False,False,False,0,,none,0,0,False,-2,0.5,risk_on,6,False
BAND,53.16999816894531,-32.215710716400515,314.7425852935978,232.52031851171932,215.25914260606623,0.3721140472878999,False,1.1158115194919387,26.812106817840704,214.24348657917588,5.85307317042052,False,True,False,False,19,31.666666666666664,False,0.40545152180563193,3.6791828114341154,False,0.23378251856416052,True,-16.58299848004606,False,0,0,0.3858831625489169,False,1.1166853695182646,False,6,1,False,True,False,25.0,38.06970180362343,29.75362091335206,0.4534427795355501,5.0,False,6,1,2,4,-20.807270401698872,67.13999938964844,51263707.09105797,97.89115646258504,True,0.0,0,,,,0.0,0,,,,False,False,False,False,0,,none,0,0,False,-2,0.5,risk_on,6,False
BAP,379.6099853515625,-5.633033604537485,60.40052613800941,52.17911514125344,34.917939235600336,0.3923432214415821,False,0.9149249564956546,4.354468906814502,10.021787552216765,-0.5814109155313774,False,False,False,True,21,35.0,False,0.3768283223012585,0.8804426758188296,False,-0.1241342422782649,True,1.6876022164340476,True,2,1,0.3554074417749346,False,1.3071241735393095,True,6,0,False,False,False,35.0,7.724053105221519,5.3291567047670805,0.4955749025758388,13.0,False,2,2,1,4,-3.8962062401107556,395.0,114472012.98431854,81.49659863945578,True,0.0,0,,,,0.0,0,,,,False,False,False,False,0,,none,0,0,False,-2,0.5,risk_on,6,False
BAX,24.364999771118164,-14.023283206911808,54.34852806906796,8.449394903022922,-8.811781002630182,0.16782260951002054,False,0.8539798922131915,5.58177969680789,38.327103478752676,6.864037659763467,False,False,False,True,21,35.0,False,0.4216930664777115,1.2548924487133528,False,-1.2861275091698317,True,3.724989393468814,True,2,0,0.5990961355041867,False,0.6011748337645809,False,5,1,False,False,False,25.0,13.629407576219277,6.115328483952555,0.5070223620467772,24.0,False,2,1,1,4,-6.71899315362634,26.1200008392334,170241237.32043523,50.544217687074834,False,0.0,0,,,,0.0,0,,,,False,False,False,False,0,,none,0,0,False,-2,0.5,risk_on,6,False
BB,8.774999618530273,-31.498834261608565,178.57140802742464,80.92783074384533,63.66665483819223,0.29523774020799703,False,1.3440170885165381,13.903137550599082,126.74418289453224,9.824779347925471,False,False,False,False,16,26.666666666666668,False,0.4768334136210944,3.028739547777752,True,0.6289507562481091,True,-5.645167327282663,False,0,1,0.5487605025805756,False,0.9921577056784509,False,1,3,True,True,False,25.0,23.251030522581136,21.310546366832174,0.5818581624807683,3.0,False,6,3,2,4,-9.72222862692782,9.720000267028809,171445746.26133364,89.59183673469387,True,0.0,0,,,,0.0,0,,,,False,False,False,False,0,,none,0,0,False,-2,0.5,risk_on,6,False
BBIO,65.62000274658203,-27.22634570355169,23.25319436104074,19.76638373806907,2.505207832415966,0.3151601727598692,False,0.9532947853030362,6.735754036329729,-15.731346562123615,-1.48626010313484,False,False,False,True,19,31.666666666666664,False,0.40299933033018964,1.685875110632971,False,-3.6786084019778427,True,-2.4237877374244876,True,2,0,0.45482300974898876,False,0.4162994261151885,False,4,2,True,False,False,25.0,17.068086463163166,7.589148634248912,0.1464532763485511,22.0,False,0,2,2,4,-14.568409279632565,76.80999755859375,207383032.05311203,61.42857142857143,False,0.0,0,,,,0.0,0,,,,False,False,False,False,0,,none,0,0,False,-2,0.5,risk_on,6,False
BBWI,17.389999389648438,-32.92125875457381,20.642474308106884,-29.562119191504344,-46.82329509715745,0.5018013296837669,False,0.7609416615754179,11.845896754414213,-3.1772241923344935,-0.05747258104067399,True,False,False,False,19,31.666666666666664,False,0.4711732855581137,1.9544189443461972,True,-1.3282216511727514,True,8.281444383149061,False,0,0,0.46565055794116555,False,0.992725232876062,False,5,3,True,False,False,25.0,20.933735242584202,15.526169394500695,0.3932852181398457,24.0,False,1,2,3,4,-12.700806611222692,19.920000076293945,119829995.30799094,11.700680272108844,False,0.0,0,,,,0.0,0,,,,False,False,False,False,0,,none,0,0,False,-2,0.5,risk_on,6,False
BBY,88.55999755859375,-6.601984978251563,63.328763175786726,23.988482310357018,6.7273064047039135,0.2933453353239074,True,0.9205656553905618,6.300815249416424,49.02238743839029,-4.620356473913178,False,False,False,True,22,36.666666666666664,False,0.4537832312381093,1.5580996356480636,True,0.5934323298650116,True,0.670679015236586,True,2,0,0.5110159686841379,False,0.9155800902311234,False,9,2,True,False,False,35.0,21.367918317701264,7.7913298510579505,0.6136028874686424,12.0,False,3,3,5,5,-8.25650193876567,96.52999877929688,299254462.21582603,65.37414965986395,False,0.0,0,,,,0.0,0,,,,False,False,False,False,0,,none,0,0,False,-1,0.625,risk_on,6,False
BC,62.0,-29.384851699711067,7.928356715922047,2.2708276661905114,-14.990348239462593,0.28705355486002004,False,0.7973130467007392,7.758060578377016,-19.419304766929734,-8.216140342000156,False,False,False,True,17,28.333333333333332,False,0.365818693407438,1.0383640111791588,False,-5.972126561522656,True,-5.242244061099988,False,1,0,0.35618234040866215,False,0.7900501973144655,False,7,3,True,False,False,25.0,18.024031675534182,9.22580842048891,0.04444433141637732,24.0,False,0,2,2,4,-17.22296563828746,74.9000015258789,51442163.11271229,41.42857142857143,False,0.0,0,,,,0.0,0,,,,False,False,False,False,0,,none,0,0,False,-2,0.5,risk_on,6,False
BCE,18.809999465942383,-26.06551506026512,0.0,-15.448043132240164,-32.70921903789327,1.520715256306741,False,1.0832697706673418,7.389683302039362,-17.822535600682066,-14.732547954126451,False,False,False,True,21,35.0,False,0.4633332833311531,1.1758362802589062,True,-6.995889127131432,True,-4.662950317482196,True,2,0,0.42681344943414085,False,0.32398268398721364,False,9,3,True,False,False,25.0,21.04818078763019,12.068051686411597,0.026104251549433657,18.0,False,0,2,2,3,-20.498733781691936,23.65999984741211,105972872.4361473,22.789115646258505,False,0.0,0,,,,0.0,0,,,,False,False,False,False,0,,none,0,0,False,-3,0.375,risk_on,6,False
BCS,22.934099197387695,-18.79659088223078,21.228194256314815,17.76105893423363,0.4998830285805269,0.6393514973347927,False,1.0140385209264866,6.017245570614882,-2.6785888448680684,-7.78408354048683,False,False,False,True,24,40.0,True,0.4279664038281436,0.7762052230768997,False,-6.479995029932847,True,-3.2724585282379315,True,2,1,0.6071074531983331,True,0.6907491973725918,False,10,2,True,False,False,25.0,16.814163835475433,10.028739845474991,0.08203939008363052,23.0,False,1,3,2,4,-15.434740089646793,27.1200008392334,130869112.54353447,59.795918367346935,False,0.0,0,,,,0.0,0,,,,False,False,False,False,0,,none,0,0,False,-2,0.5,risk_on,6,False
BDX,183.27999877929688,-3.9787297978766456,35.47368155112216,26.381459649999982,9.120283744346878,0.2729884522876164,False,0.9388830607277899,6.225449442439781,19.44963085930489,1.2932443386300951,False,False,False,True,27,45.0,True,0.4582194865861883,1.0227557055474759,True,0.4971388293948498,True,3.665155891225891,True,2,0,0.5576907132417832,False,1.1628069884807213,False,6,1,False,False,False,55.0,20.588389054250058,6.40549449616274,0.7809014838439612,33.0,False,4,2,2,5,-4.51088549182942,191.93810700131104,331376488.6222969,67.14285714285714,False,0.0,0,,,,0.0,0,,,,False,False,False,False,0,,none,0,0,False,-1,0.625,risk_on,6,False
BE,277.57000732421875,-19.74266230281926,260.62102497350475,220.33468255776043,203.0735066521073,0.3457498906289968,True,1.0346520855319385,13.077777438168289,57.11213573386986,4.494975048723804,False,True,False,False,23,38.333333333333336,False,0.3953601029287299,2.7593225642844144,False,1.5677720732027172,True,-4.0048372182955205,True,1,0,0.4426496531995441,False,0.8974154031057037,False,4,1,False,False,False,25.0,22.094630794175263,15.45340322056808,0.629004307151992,8.0,False,6,1,3,4,-8.197012859705987,302.35400390625,4487187334.32785,97.55102040816327,True,0.0,0,,,,0.0,0,,,,False,False,False,False,0,,none,0,0,False,-2,0.5,risk_on,6,False
BEKE,17.790000915527344,-9.188357442778084,24.754562622628406,-1.311423615655738,-18.57259952130884,1.3032482113456634,False,0.8953103945673792,8.375490131749643,12.52372196938023,9.275185289890619,False,False,False,False,27,45.0,True,0.4171098917485571,0.8275853029018914,False,1.7246545747416766,True,8.277544644494839,False,0,0,0.5687585108237998,False,0.7799439812955326,False,3,2,True,False,False,25.0,12.928907363067237,9.30297186130199,0.8195332706729619,24.0,True,3,4,4,5,-2.333237625585005,18.21500015258789,90622177.22114964,37.2108843537415,False,0.0,0,,,,0.0,0,,,,False,False,False,False,0,,none,0,0,False,-1,0.625,risk_on,6,False
BEN,32.09000015258789,-9.372523142474687,59.00461181743486,42.51873309091722,25.25755718526412,0.5778532696083534,False,0.9656583357333807,5.063876861715501,27.55281101513205,-1.7950575329224394,False,False,False,True,18,30.0,False,0.3477641980058569,0.8185088807473855,False,-1.644417026107573,True,-2.194456539368639,True,2,0,0.5594195952091423,False,1.1502974806141066,False,7,2,True,False,False,25.0,9.167974812148124,5.35992304511031,0.16638149831167828,24.0,False,2,2,2,5,-7.6425934264191975,34.745453930673015,139664802.5034069,77.41496598639456,False,0.0,0,,,,0.0,0,,,,False,False,False,False,0,,none,0,0,False,-1,0.625,risk_on,6,False
BEPC,29.665000915527344,-31.00295844758161,6.060070231619785,-18.9498724397536,-36.21104834540671,0.40384371273863867,False,0.8590840732649969,5.899207638601521,-27.61858648857669,-0.8853972166602775,True,False,False,True,21,35.0,False,0.4048530429187511,1.0963548938984333,False,-2.2588155376609906,True,4.01472804833698,True,2,0,0.5842561494137877,False,0.5115950456258679,False,3,2,True,False,False,25.0,16.65659562043257,7.989215459598673,0.38021785997643337,23.0,False,1,2,3,5,-10.323460479138868,33.08000183105469,53111473.33623771,20.272108843537413,False,0.0,0,,,,0.0,0,,,,False,False,False,False,0,,none,0,0,False,-1,0.625,risk_on,6,False
BETA,20.584999084472656,-44.06250132814701,51.471661908353504,,,0.09130093535625465,False,0.8829797723841165,14.243377881685634,21.949052771977694,-1.5071796163016793,False,True,False,False,22,36.666666666666664,False,0.3893364213913485,2.7224269997894384,False,-1.1536400316848558,True,-7.149305306119991,False,0,0,0.38037223502429407,False,0.46727664041051725,False,8,3,True,False,False,25.0,20.195047124918077,20.91327952049522,0.19014073696555875,10.0,False,0,2,2,3,-16.355145981531972,24.610000610351562,78719293.14127341,,False,0.0,0,,,,0.0,0,,,,False,False,False,False,0,,none,0,0,False,-3,0.375,risk_on,6,False
BF-B,26.55500030517578,-11.71072632323239,18.48422898737261,0.35588307036871214,-16.905292835284392,0.352242569558919,False,0.8115586078072761,5.008472635742455,-7.70617582834271,2.3708548899631143,False,False,False,True,19,31.666666666666664,False,0.4729296630141985,1.2021828341790413,True,-0.6945785202107438,True,1.5099405965889101,True,2,0,0.5452387224142086,False,0.6750859509000502,False,4,1,False,False,False,25.0,7.293179491406446,5.535685196044264,0.50000047446478,24.0,False,2,1,1,5,-3.6465862853464204,27.559999465942383,63256021.2498558,38.91156462585034,False,0.0,0,,,,0.0,0,,,,False,False,False,False,0,,none,0,0,False,-1,0.625,risk_on,6,False
BFAM,68.97000122070312,-36.85800686526747,16.542752391082914,-28.852899232810646,-46.11407513846375,0.22367097498577282,False,0.85701745498167,8.916916923782162,-16.753165370007228,5.025130415365764,True,True,False,False,19,31.666666666666664,False,0.4011171674721872,1.270910329613635,False,-0.36314024103099735,True,7.3295968376837495,False,0,1,0.4320795556985829,False,1.0676760059078907,False,1,1,False,False,False,25.0,10.930429028292194,9.989844066992653,0.7736093009529835,24.0,True,1,4,5,5,-2.4745474685988755,70.72000122070312,60881381.289765164,12.176870748299319,False,0.0,0,,,,0.0,0,,,,False,False,False,False,0,,none,0,0,False,-1,0.625,risk_on,6,False
BFH,101.1500015258789,-10.608024929011306,89.16225225209158,83.29859080719326,66.03741490154016,0.30590244406141526,False,1.0371160084429296,5.8625805395154735,26.742423163332106,-6.799960689602235,False,False,False,True,25,41.66666666666667,True,0.4588172407537818,1.6160291825925794,True,-1.31569945041303,True,3.161650563625873,True,2,1,0.47202535087476427,False,1.285634957694391,True,6,3,True,False,False,25.0,15.453649083318972,8.46267664801142,0.40301985769097853,20.0,False,4,3,2,5,-9.225521628953437,111.43000030517578,62747813.89712791,90.27210884353741,True,0.0,0,,,,0.0,0,,,,False,False,False,False,0,,none,0,0,False,-1,0.625,risk_on,6,False
BFLY,8.270000457763672,-16.717017083543016,319.7969714547612,221.78990943897327,204.52873353332018,0.4070063272084337,False,1.1694678053469536,29.262393498686073,93.22430028885411,4.949242863690295,False,False,False,False,26,43.333333333333336,True,0.4688508537267001,3.8543726024077416,True,-0.29844256175424777,True,-7.597758279251831,False,0,0,0.3922433792740779,False,0.9762517143996859,False,4,2,True,True,False,25.0,31.243878994141678,29.262393498686073,0.39184967223051415,3.0,False,6,2,2,4,-19.000975251077413,10.210000038146973,54375640.921817586,97.68707482993197,True,0.0,0,,,,0.0,0,,,,False,False,False,False,0,,none,0,0,False,-2,0.5,risk_on,6,False
BG,103.55000305175781,-20.7039742934346,31.492080106422083,30.683084441021833,13.421908535368729,0.27782774678669525,False,0.788392645456437,5.012066305220274,-15.117820603086285,-10.408373930363258,False,True,False,True,24,40.0,True,0.44886762187080914,1.5450917102753294,True,-3.1044552159554915,True,-2.9703880553651585,True,2,0,0.46576370304679793,False,0.5200887562289378,False,8,3,True,False,False,25.0,18.765198038658472,6.470301063046131,0.0,21.0,False,2,2,3,4,-18.765198038658472,127.47000122070312,213176801.2864189,70.06802721088435,False,0.0,0,,,,0.0,0,,,,False,False,False,False,0,,none,0,0,False,-2,0.5,risk_on,6,False
BH-A,1796.5,-27.060198899588407,34.6863226500453,7.816954238559637,-9.444221667093467,0.8238420205528337,False,0.7638462950616501,5.757308862284303,1.3831912087936216,5.203055328413919,False,False,False,True,21,35.0,False,0.2976656482693462,1.1442225810285105,False,-1.1162360298821365,True,-1.2727670963069815,True,2,0,0.48628602336148263,False,0.5147704312001873,False,6,1,False,False,False,25.0,15.014234298454557,10.993598664069024,0.412399074208181,24.0,False,1,1,1,4,-8.822377973827178,1970.3299560546875,67702253.18504639,49.59183673469388,False,0.0,0,,,,0.0,0,,,,False,False,False,False,0,,none,0,0,False,-2,0.5,risk_on,6,False
BHF,48.88999938964844,-26.602613809238342,8.307487928012591,1.2005754499483157,-16.060600455704787,0.3767575448316081,False,1.037039368473039,5.3794254468166125,-20.244698208592006,-2.1221248390400183,True,True,False,True,14,23.333333333333332,False,0.38790679999313005,1.216063682491318,False,-2.8932317776440466,True,-2.2590984761573396,True,2,0,0.38272836134824545,False,1.1230508778593737,False,7,2,True,False,False,25.0,12.502279467633159,10.902028835335225,0.12828002767045468,13.0,False,0,2,3,4,-10.898486711581423,54.869998931884766,50946686.65601425,40.0,False,0.0,0,,,,0.0,0,,,,False,False,False,False,0,,none,0,0,False,-2,0.5,risk_on,6,False
BHP,86.62000274658203,-10.314811331776575,71.64947935364243,61.05156066766539,43.79038476201229,0.6459811463226878,False,0.8441479620118407,4.1907235831341945,13.329466331832652,0.40571011607168916,False,False,False,True,25,41.66666666666667,True,0.46258092407612106,0.9290426338949432,True,-0.6877663023465959,True,0.6390183033669672,True,2,2,0.668413340032506,True,1.2044960944322811,True,5,2,True,False,False,55.0,17.465297217907192,5.703073522011842,0.4083708051206521,32.0,False,4,4,3,7,-10.332979731358948,96.60185259537988,231782909.95126954,84.5578231292517,True,0.0,0,,,,0.0,0,,,,False,True,False,False,1,,power_play,7,7,True,1,0.875,risk_on,6,False
BIDU,85.08499908447266,-47.646445454290244,1.3882280039877903,-35.736402562831294,-52.9975784684844,0.5987993318933478,False,0.7639910259188649,6.02926168962509,-24.03803458463529,-5.387524968599688,True,False,False,True,23,38.333333333333336,False,0.38260854691217216,0.7481297376384038,False,-4.749736311800405,True,0.9072573439482534,True,2,0,0.42730491925779396,False,0.38704232618417905,False,9,2,True,False,False,25.0,16.84062513256111,6.076274577863628,0.13259825005865267,24.0,False,0,2,3,4,-14.607587710089742,99.63999938964844,196314742.97341615,8.707482993197278,False,0.0,0,,,,0.0,0,,,,False,False,False,False,0,,none,0,0,False,-2,0.5,risk_on,6,False
BIIB,225.5500030517578,-1.3730374551257252,58.54773777663795,50.75864055317165,33.49746464751855,0.39752548935254894,True,1.0482997040695856,5.440037289489769,27.884566137166967,4.663574501975787,False,False,False,True,21,35.0,False,0.35500071053648896,0.9310727947600149,False,1.4169603847326464,True,2.5786783895912713,True,2,0,0.4175317295409672,False,0.5767291373472487,False,7,1,False,False,False,65.0,19.28934255467567,6.544007788037123,0.8888888507552688,9.0,True,5,3,4,5,-2.143261019425313,230.49000549316406,251568300.42622375,80.81632653061224,True,0.0,0,,,,0.0,0,,,,False,False,False,False,0,,none,0,0,False,-1,0.625,risk_on,6,False
BILL,44.64500045776367,-20.71568217197788,39.69024323112029,-12.580770071380476,-29.841945977033582,0.24083121451154288,False,0.8285702262397954,4.703779297314742,21.449952383734484,-6.148831733919047,False,True,False,True,26,43.333333333333336,True,0.49390685305083903,1.7311832653197066,True,-1.6426570331830916,True,2.3498430788123192,True,2,0,0.5303734481745614,False,0.6076456558512706,False,3,3,True,False,False,25.0,18.747521316114426,10.057120914836938,0.3853066395901095,24.0,False,1,2,2,4,-11.523976877158425,50.459999084472656,76814833.36615753,25.64625850340136,False,0.0,0,,,,0.0,0,,,,False,False,False,False,0,,none,0,0,False,-2,0.5,risk_on,6,False
BIO,366.760009765625,-6.040884048134809,51.735550692276554,21.99714060763509,4.735964701981985,0.24981391756196897,False,1.1414257935249277,9.82386242227487,27.2720937904245,-2.563692198028522,False,False,False,False,32,53.333333333333336,True,0.4478006803828561,1.5782266594169443,True,-0.2617454226528428,True,-0.6447431295355965,True,1,1,0.5076124608804096,False,1.3970083543296645,True,5,4,True,False,False,55.0,21.343665290193485,10.0065468507551,0.6515312916111851,30.0,False,2,4,3,5,-7.437599475956902,396.2300109863281,101708763.0996643,63.26530612244898,False,0.0,0,,,,0.0,0,,,,False,False,False,False,0,,none,0,0,False,-1,0.625,risk_on,6,False
BIRK,33.619998931884766,-31.345725763079656,12.029319145184946,-22.73040627711046,-39.991582182763565,0.20253297758272448,False,0.7339170923408318,5.443182850972299,-13.595479147448986,10.013087432650657,False,True,False,True,17,28.333333333333332,False,0.3873661495474669,1.219051889636692,False,-0.8133011630739813,True,0.8700782625216563,True,2,3,0.6226518861498309,True,1.3853755127606788,True,1,3,True,False,False,25.0,13.447082937118171,5.948840165200679,0.7935478313658253,24.0,True,1,7,6,5,-2.776179434171655,34.58000183105469,62383383.844041064,17.346938775510203,False,0.0,0,,,,0.0,0,,,,True,False,False,False,1,,sepa_vcp,6,6,True,0,0.75,risk_on,6,False
BJ,99.3550033569336,-3.3323559671545544,18.53376726159621,12.151492791561047,-5.109683114092057,0.348417107101325,False,1.1114653207907057,6.69316458336197,6.638408618161606,7.959366157554015,True,False,False,True,25,41.66666666666667,True,0.5419287439269069,1.4655497302971343,True,1.9477767186728792,True,4.628269076278446,True,2,1,0.5839489318613752,False,1.2773351485030795,True,6,1,False,False,False,65.0,14.362658307460027,9.511344802931568,0.9371528692083497,51.0,True,4,4,4,5,-0.9026518651647275,100.26000213623047,180209888.50811386,54.48979591836734,False,0.0,0,,,,0.0,0,,,,False,False,False,False,0,,none,0,0,False,-1,0.625,risk_on,6,False
BKD,10.3149995803833,-38.49135778879498,20.08148308676949,16.159903687486942,-1.1012722181661623,2.1279153538758697,False,0.8552631987790675,13.184688954694321,-24.154416977534098,-9.912665919552365,False,False,False,False,17,28.333333333333332,False,0.40114916639391124,1.3010261804592391,False,-4.400256653623803,True,-5.018417067433822,False,0,0,0.4453633645816387,False,0.1575393377746551,False,9,1,False,False,False,25.0,23.846756839966215,13.766360970042607,0.18852451583834065,21.0,False,0,1,1,2,-19.35105855239695,12.789999961853027,54261816.03842449,57.89115646258504,False,0.0,0,,,,0.0,0,,,,False,False,False,False,0,,none,0,0,False,-4,0.25,risk_on,6,False
BKH,75.8499984741211,-0.8755857270493217,31.25783492277332,29.086339719194875,11.82516381354177,0.7222274014029264,False,1.2540053991484135,10.29664514845434,7.114547298296081,7.665013143785027,False,False,False,False,25,41.66666666666667,True,0.43129298461751814,0.9037735874483412,False,1.8434552922679448,True,6.891205542191803,False,0,0,0.49327070360631914,False,0.8886722422553374,False,4,1,False,True,True,25.0,13.38805077196496,13.7640114059702,0.7959765915030196,2.0,True,6,2,2,5,-2.7314757516269217,77.9800033569336,94666219.93218422,68.63945578231294,False,0.0,0,,,,0.0,0,,,,False,False,False,False,0,,none,0,0,False,-1,0.625,risk_on,6,False
BKNG,160.4149932861328,-26.45158324930581,4.591353354771677,-22.050402372975487,-39.31157827862859,0.2648943345899606,False,0.8848484397711582,4.22653683449861,-9.051257910250099,-4.458011246245963,False,True,False,True,19,31.666666666666664,False,0.41329620225167085,1.441055924347806,False,-4.6461291527102935,True,0.8772412125469087,True,2,0,0.48604953119718586,False,0.5150928625342428,False,6,1,False,False,False,25.0,21.026816748071845,7.561640364361806,0.15492856217879275,24.0,False,0,1,3,4,-17.769162262096117,195.07887515073963,1406147349.4762993,17.959183673469386,False,0.0,0,,,,0.0,0,,,,False,False,False,False,0,,none,0,0,False,-2,0.5,risk_on,6,False
BKR,56.70500183105469,-18.03656200843583,29.50678890443834,20.25825199754547,2.9970760918923673,0.17775109950208548,False,0.8529961624755289,5.413983944433845,-8.721344541819388,-0.9519618671533836,True,True,False,True,25,41.66666666666667,True,0.48425884701591004,1.307034925565166,True,-2.6406729069879633,True,1.2589318411690753,True,2,0,0.46525306809430234,False,1.0394337120733523,False,5,1,False,False,False,65.0,17.95954698539328,6.7718896545117495,0.20931606091357294,22.0,False,1,1,3,4,-14.200325354618526,66.08999633789062,435453343.2949797,62.10884353741497,False,0.0,0,,,,0.0,0,,,,False,False,False,False,0,,none,0,0,False,-2,0.5,risk_on,6,False
BLDR,52.630001068115234,-59.18889707807693,0.0,-58.80557280204498,-76.06674870769808,0.3240509121331258,False,0.8015923518265188,9.367281408174847,-39.872041811836965,-9.445970345257015,False,True,False,False,16,26.666666666666668,False,0.4073859422492226,1.6468393460029798,False,-5.198568463093804,True,-6.435553656684023,False,0,0,0.4419446160238043,False,1.1594713875832159,False,7,2,True,False,False,25.0,21.937322735846553,14.231422595024773,0.03896101525696274,24.0,False,0,2,2,3,-21.08262237003832,66.69000244140625,212577637.02442703,2.1768707482993195,False,0.0,0,,,,0.0,0,,,,False,False,False,False,0,,none,0,0,False,-3,0.375,risk_on,6,False
BLK,1082.280029296875,-8.080980454280795,18.53550585104444,-5.31262665556681,-22.573802561219914,0.38776591264307575,False,0.9789422400354544,4.25304967111578,6.868971921521427,1.1684645121124326,False,False,False,True,23,38.333333333333336,False,0.392968653086533,0.8943735004582674,False,-1.0797807469507292,True,2.137540868953347,True,2,1,0.5406433563715594,False,1.5724533056626149,True,6,2,True,False,False,25.0,9.080431700299817,4.5228545151735196,0.6378852950506556,24.0,False,2,4,3,6,-3.2881578459667438,1119.077049088905,555107869.4014648,31.83673469387755,False,0.0,0,,,,0.0,0,,,,False,True,False,False,1,,power_play,6,6,True,0,0.75,risk_on,6,False
BLLN,97.98999786376953,-34.66026734269162,53.03763818820046,,,0.34191202127742065,False,1.1207310525780156,22.308399925411162,24.51080262203009,-7.486782894885636,False,False,False,False,27,45.0,True,0.5227285388165002,3.793259811148818,True,-0.7916329927191272,True,-7.469314020903384,False,0,0,0.4052428642213265,False,0.7399857633707957,False,5,2,True,False,False,25.0,28.73976843294986,34.687211557065325,0.19016474132076988,11.0,False,1,2,2,3,-23.274477803279115,127.71499633789062,69004851.3868103,,False,0.0,0,,,,0.0,0,,,,False,False,False,False,0,,none,0,0,False,-3,0.375,risk_on,6,False
BMI,133.14999389648438,-28.309042181169954,18.174108763129524,-22.424956316844337,-39.68613222249744,0.5118019725948502,False,1.0167262803120058,8.411563996727983,-16.756977351831615,0.29376273409558173,True,False,False,False,21,35.0,False,0.4586179139056523,1.4385369913517063,True,0.48435874418806957,True,4.210689046543004,True,1,0,0.5352214419089024,False,0.841743690520877,False,4,3,True,False,False,25.0,10.583408225609983,8.411563996727983,0.7721601115878014,24.0,True,1,4,5,5,-2.411322549143724,136.44000244140625,53531753.68306656,17.551020408163264,False,0.0,0,,,,0.0,0,,,,False,False,False,False,0,,none,0,0,False,-1,0.625,risk_on,6,False
BMNR,23.985000610351562,-59.40432179133468,80.20285390075352,-59.40432179133468,-76.66549769698779,0.43073273122067024,False,0.9207141195159262,16.843864134753204,11.506277801645503,-7.714502417944191,False,True,False,False,23,38.333333333333336,False,0.4602192477386024,2.5227287318609974,True,0.47743257450463467,True,-8.698134022060188,False,0,0,0.30932365032221804,False,0.7086343991670676,False,5,2,True,False,False,25.0,23.21552536813282,20.63790134240442,0.2723881425557899,13.0,False,0,2,2,3,-16.891891534650295,28.860000610351562,964243999.2804687,2.0408163265306123,False,0.0,0,,,,0.0,0,,,,False,False,False,False,0,,none,0,0,False,-3,0.375,risk_on,6,False
BMO,161.68499755859375,-12.9836931903475,36.87419932888139,29.846954624588307,12.585778718935202,0.32817819467753534,False,0.9659338657284685,4.4407384995434205,12.26286929098186,-7.338533744886588,False,True,False,True,22,36.666666666666664,False,0.44887646713137663,0.739159742554231,True,-4.179035500468765,True,-2.4230533878057736,True,2,0,0.4036937726702984,False,0.5208628067701823,False,8,3,True,False,False,25.0,10.188002775199719,8.120731719746761,0.11740327532747373,13.0,False,1,2,2,4,-8.991897880345878,177.66000366210938,110859534.44471283,69.45578231292518,False,0.0,0,,,,0.0,0,,,,False,False,False,False,0,,none,0,0,False,-2,0.5,risk_on,6,False
BMRN,54.95500183105469,-21.761099797241013,10.64023325334782,2.052002577984524,-15.20917332766858,0.415254577651204,False,0.8712022231281806,7.660811471565843,0.1366631951161379,-14.05223176201491,False,False,False,True,21,35.0,False,0.46474925347781654,1.188755081870534,True,-5.486519668420055,True,-3.8912180172193778,True,2,0,0.4121259286408379,False,0.32229108603070356,False,10,2,True,False,False,25.0,19.407889145622995,12.391952200328138,0.08127894086570733,19.0,False,0,2,2,3,-17.830436471427703,66.87999725341797,129940697.40738487,41.08843537414966,False,0.0,0,,,,0.0,0,,,,False,False,False,False,0,,none,0,0,False,-3,0.375,risk_on,6,False
BMY,59.209999084472656,-12.140955795340059,45.17524189332684,38.41684557848153,21.155669672828424,0.3555186163455252,False,0.946723578132248,3.073804632605541,4.199996267433792,-5.1328585273917815,False,False,False,True,20,33.33333333333333,False,0.47926924977174723,1.0246313105677645,True,-3.0746706744270496,True,-3.1725304873217897,True,2,0,0.5487472343656502,False,0.9056507718716259,False,8,3,True,False,False,65.0,17.27855957031128,8.68539947151267,0.2565954719678589,36.0,False,1,2,2,4,-12.844959422442493,67.93640240667764,808115695.9044769,75.37414965986395,False,0.0,0,,,,0.0,0,,,,False,False,False,False,0,,none,0,0,False,-2,0.5,risk_on,6,False
BN,37.064998626708984,-24.22772871837635,2.1918890513141553,-17.084093573329806,-34.345269478982914,0.4634911359153424,False,0.8187810216059443,3.237557823824481,-14.876190536265,-1.1863495460855855,False,False,False,True,20,33.33333333333333,False,0.4246195422478142,0.7582472218678374,False,-4.260854288956443,True,0.3927423211132153,True,2,1,0.663351736208148,True,0.5899396473281275,False,8,1,False,False,False,25.0,11.932296023265089,4.6404998905455095,0.28434711210784447,24.0,False,1,2,1,4,-8.53938210823374,40.525637680002774,196134853.46024704,21.496598639455783,False,0.0,0,,,,0.0,0,,,,False,False,False,False,0,,none,0,0,False,-2,0.5,risk_on,6,False
BNO,64.05000305175781,0.0,135.47794579118994,116.31206258525415,99.05088667960105,0.34521107121927563,True,1.178625844906809,7.743948240665278,30.527824434679275,5.745424095207596,False,True,False,True,34,56.666666666666664,True,0.49677783888427046,1.381859407086151,True,3.578413596390997,True,1.5055540421706093,True,2,1,0.524559054867935,False,0.750663215199389,False,2,0,False,False,False,25.0,16.158345902091316,9.882900413357122,0.9170643189363938,1.0,True,9,3,4,6,-1.3401034222512709,64.91999816894531,132571002.95310211,93.46938775510203,True,0.0,0,,,,0.0,0,,,,False,True,False,False,1,,power_play,6,6,True,0,0.75,risk_on,6,False
BNS,88.1500015258789,-6.724582906439824,43.13266241996712,42.862387281312245,25.60121137565914,0.20174798978788386,False,0.9544487806126785,4.673854424577054,21.76584550403686,-5.455398404868339,False,False,False,True,23,38.333333333333336,False,0.475195480219982,0.7358859559391089,True,-1.4378791098147166,True,-2.469454799552473,True,2,1,0.4581077235243474,False,1.4028591966122492,True,4,1,False,False,False,65.0,10.39272702604752,7.327974842025379,0.3163930410147259,13.0,False,2,2,1,4,-7.104540517840419,94.89161474335349,181616998.91658783,77.68707482993197,False,0.0,0,,,,0.0,0,,,,False,False,False,False,0,,none,0,0,False,-2,0.5,risk_on,6,False
BNTX,96.69499969482422,-18.97519468573722,15.264036712766792,-7.451190095690919,-24.712366001344023,1.0463798624952412,False,0.8495411231445332,8.66642254497729,-0.005167790667715,0.661047420746752,False,False,False,False,16,26.666666666666668,False,0.43448142550424923,1.5352166309277724,False,-0.6644862032157011,True,-0.21156019383543612,True,1,0,0.4379175458697958,False,1.0264272898744078,False,4,2,True,False,False,25.0,12.573936599454674,8.862919201480638,0.3835356743649455,24.0,False,0,2,2,4,-7.751383346360752,104.81999969482422,85740345.89342003,30.0,False,0.0,0,,,,0.0,0,,,,False,False,False,False,0,,none,0,0,False,-2,0.5,risk_on,6,False
BNY,143.7100067138672,-12.818484647810225,39.982203068135156,36.99437465358413,19.733198747931027,0.2288478952108465,False,0.9632244590781975,3.402685381112421,12.160074082833727,-6.554383908133332,False,True,False,True,19,31.666666666666664,False,0.4452810675421013,0.9081575792187904,True,-4.585597316693749,True,-1.1623021001089917,True,2,0,0.5391599004617444,False,0.6433699899897031,False,8,3,True,False,False,25.0,15.123011568304337,6.339155371754986,0.11762408260187887,24.0,False,1,2,2,4,-13.344181206404937,165.83999633789062,599476066.0995522,74.21768707482993,False,0.0,0,,,,0.0,0,,,,False,False,False,False,0,,none,0,0,False,-2,0.5,risk_on,6,False
BOIL,22.389999389648438,-74.33516742559789,19.860808478920113,-60.92495691489117,-78.18613282054427,0.615583857347874,False,1.4737427511164585,15.274676951867686,-17.19675062292142,11.838156232237695,False,False,False,False,26,43.333333333333336,True,0.42997539364638626,2.739734125548344,False,1.3115407809694928,True,12.45605003135486,False,0,1,0.555672681085191,False,1.541589488723518,True,5,1,False,True,False,25.0,26.524881982803706,18.043774120847704,0.6172465275292999,11.0,False,2,2,1,2,-10.152490685793625,24.920000076293945,153704421.94984168,1.5646258503401362,False,0.0,0,,,,0.0,0,,,,False,False,False,False,0,,none,0,0,False,-4,0.25,risk_on,6,False
BOOT,120.4800033569336,-42.07135021063924,0.008302594944065156,-28.285712287539532,-45.546888193192636,0.34934417976098997,False,0.7397517798449045,6.619354458759761,-22.966746765556113,-1.985026723363692,True,False,False,True,14,23.333333333333332,False,0.3672610156497423,1.7375058810587651,False,-5.426933772832826,True,-1.1486658418390472,True,2,1,0.47158439564076343,False,0.6446457713996115,False,2,3,True,False,False,25.0,23.376119556939017,6.748005500408288,0.04663362420050825,24.0,False,0,3,4,4,-22.286006382254563,155.02999877929688,92606722.6961319,12.721088435374151,False,0.0,0,,,,0.0,0,,,,False,False,False,False,0,,none,0,0,False,-2,0.5,risk_on,6,False
BOX,36.400001525878906,0.0,70.33224191106152,10.202854590156218,-7.058321315496887,0.2531304627624243,False,0.994049700248705,6.5109858036676,62.86353872305956,7.947806074011465,False,True,False,True,29,48.333333333333336,True,0.5155671295401275,1.6600963590522348,True,2.515806037537491,True,5.537836342306068,False,1,2,0.6623131060118224,True,1.4010957018075563,True,3,2,True,False,False,25.0,17.439648994040404,17.664830022756135,0.9269055174003336,0.0,True,7,5,4,6,-1.2747421199391762,36.869998931884766,88344174.70275497,52.51700680272109,False,0.0,0,,,,0.0,0,,,,False,True,False,False,1,,power_play,6,6,True,0,0.75,risk_on,6,True
BP,46.220001220703125,-1.5758046809975612,48.26445738932688,41.73546603579001,24.474290130136907,0.5884559202997143,True,1.0386947612836057,5.906532821581777,1.9019951479149144,3.678778201633004,False,False,False,True,32,53.333333333333336,True,0.513323093318405,1.2265762714431334,True,2.0639586136120083,True,3.192677552904555,True,2,1,0.4902385328968588,False,1.3372486566109285,True,4,0,False,False,False,65.0,19.085452152663958,7.5075749222369605,0.9086635945387951,18.0,True,6,4,4,5,-1.7431965962261375,47.040000915527344,424432009.25475883,77.00680272108843,False,0.0,0,,,,0.0,0,,,,False,False,False,False,0,,none,0,0,False,-1,0.625,risk_on,6,False
BPOP,156.27000427246094,-11.661409439478,46.328336184036914,28.10472371354573,10.843547807892627,0.29061891297518067,False,0.8899256492230794,3.762721393774684,7.868176262686055,-3.5548938778193206,False,True,False,True,18,30.0,False,0.4592844404060584,0.8315145334342173,True,-3.716517425882919,True,-1.1824934389812025,True,2,0,0.5190855556981437,False,0.6379467772333207,False,4,3,True,False,False,25.0,11.303966100775357,5.151342440435604,0.19766758723211958,24.0,False,2,2,1,5,-9.069538395481425,171.85660505290502,86646688.92001343,68.02721088435374,False,0.0,0,,,,0.0,0,,,,False,False,False,False,0,,none,0,0,False,-1,0.625,risk_on,6,False
BR,165.40499877929688,-28.0093598613527,22.876377543964654,-27.735693526834005,-44.99686943248711,0.34031640525293144,False,0.7435219514550864,6.892179341257208,6.476544818596186,1.3945894859248353,False,True,False,True,26,43.333333333333336,True,0.4602427833343481,1.0581159808444767,True,-0.9224627672034502,True,5.400501178270667,False,1,0,0.4976631544030063,False,0.8253295576396714,False,6,3,True,False,False,25.0,12.49508770094112,6.892179341257208,0.4374719431986195,24.0,False,2,2,2,5,-7.028837403973243,177.91000366210938,154672596.00272828,13.197278911564625,False,0.0,0,,,,0.0,0,,,,False,False,False,False,0,,none,0,0,False,-1,0.625,risk_on,6,False
BRK-A,773327.5,-2.580891013649278,10.48088118691648,3.8434682189591785,-13.417707686693927,0.6,False,0.7688391140551962,2.8327665187129645,7.294831772459243,1.2738999476165525,False,True,False,True,30,50.0,True,0.5927107767628949,0.593549701952386,True,1.6986421057851568,True,2.4559811338253024,True,2,2,0.551831897140808,False,1.888,True,2,2,True,False,False,65.0,9.49320372210499,3.7781615809602016,0.5717020581509311,43.0,False,4,4,3,7,-4.065919615731484,806103.0,164805859.721875,43.605442176870746,False,0.0,0,,,,0.0,0,,,,False,True,False,False,1,,power_play,7,7,True,1,0.875,risk_on,6,False
BRK-B,515.6900024414062,-2.5934004971399083,10.805760465073732,3.8148755042029414,-13.446300401450163,0.515408827878591,False,0.7933847660646653,2.9610850431379094,7.392906936735266,1.1613106999862177,False,True,False,True,29,48.333333333333336,True,0.4596805159461074,0.5712643456167038,True,1.5700242838426852,True,2.5942522039714477,True,2,1,0.5735295466875161,False,2.7857469564647475,True,3,1,False,False,False,65.0,9.610591292132918,3.9965901552420293,0.5733360890489828,43.0,False,4,2,2,6,-4.1004924672532255,537.739990234375,2342174873.0575957,43.46938775510204,False,0.0,0,,,,0.0,0,,,,False,True,False,False,1,,power_play,6,6,True,0,0.75,risk_on,6,False
BRKR,58.720001220703125,-9.312739427485518,79.81555265748746,64.12179076622637,46.860614860573264,0.2725272975205789,True,1.0486823006091044,17.251357361767898,50.6254837589107,-4.271273109500029,False,False,False,False,21,35.0,False,0.4339905131462702,2.4514401803108354,False,0.009563847322633852,True,-7.147375613215279,False,0,0,0.4620270965855619,False,0.956660428546812,False,7,2,True,False,False,25.0,23.114329844709044,18.20504465118648,0.46647633442565684,7.0,False,4,2,3,4,-12.332041986043606,66.9800033569336,148746349.69493884,85.578231292517,True,0.0,0,,,,0.0,0,,,,False,False,False,False,0,,none,0,0,False,-2,0.5,risk_on,6,False
BRO,63.23500061035156,-33.45149066034418,16.552755337928037,-33.14486999756402,-50.40604590321713,0.3425811464978254,False,0.9130395086533457,8.128414888485484,-5.770545628593293,-2.745303175750302,False,False,False,False,23,38.333333333333336,False,0.49127291450245925,1.3815947294711552,True,-2.760600457662197,True,5.5499929417594185,False,0,2,0.5321878325292261,False,1.6037336208930553,True,2,3,True,False,False,25.0,18.132634818955363,8.587023116093963,0.3232594609282583,24.0,False,1,4,3,6,-12.271089062170882,72.08000183105469,157766260.04531556,9.659863945578232,False,0.0,0,,,,0.0,0,,,,False,True,False,False,1,,power_play,6,6,True,0,0.75,risk_on,6,False
BROS,38.26499938964844,-47.80384577278869,1.3910908527626997,-22.914988194726003,-40.17616410037911,0.578048483673888,False,0.6510046809656233,7.160595118702734,-27.610671684035115,-4.4091917148927795,False,False,False,True,13,21.666666666666668,False,0.47263522690322646,1.8156631960412464,True,-6.459014747207518,True,-1.0473203994669888,True,2,0,0.46317621016590105,False,0.4665576628102142,False,6,2,True,False,False,25.0,21.22998760223377,7.212853431482992,0.08581329702305962,23.0,False,0,2,3,4,-19.408172370327403,47.47999954223633,173413722.15572816,17.142857142857142,False,0.0,0,,,,0.0,0,,,,False,False,False,False,0,,none,0,0,False,-2,0.5,risk_on,6,False
BRX,27.3700008392334,-15.328162778424481,15.913057793347264,5.831797087519841,-11.429378818133262,0.21230911565783317,False,0.9968534564725211,2.7767636301728467,-5.653320127648231,-1.251443576345046,False,False,False,True,19,31.666666666666664,False,0.5224850795220295,0.7944186295231949,True,-2.803670594067927,True,-0.07301405936721572,True,2,0,0.5175024721318071,False,0.6046694994661262,False,5,2,True,False,False,25.0,8.734042553106018,4.00262659951772,0.24619169435457422,24.0,False,0,2,2,4,-6.583793818391892,29.29898564497906,101454543.76894227,47.14285714285714,False,0.0,0,,,,0.0,0,,,,False,False,False,False,0,,none,0,0,False,-2,0.5,risk_on,6,False
BRZE,28.920000076293945,-20.088418972886135,83.15389579583035,4.896628206068376,-12.364547699584728,0.2597857665710376,False,0.9159028562760171,13.098545224574801,40.320229111340296,18.37904099480059,False,False,False,False,27,45.0,True,0.3950644987296898,2.223998384603044,False,0.7916242584339007,True,13.76868603263306,False,0,1,0.5689007296494324,False,1.3456870329318738,True,4,2,True,False,False,25.0,32.237945168416005,24.578488814013657,0.62765444571501,24.0,False,3,3,2,3,-12.003655562742976,32.8650016784668,52702090.405481055,45.57823129251701,False,0.0,0,,,,0.0,0,,,,False,False,False,False,0,,none,0,0,False,-3,0.375,risk_on,6,False
BSOL,15.0600004196167,-41.056748065291494,75.5244819758887,,,0.3352322092346276,False,1.0855689231931558,15.073037455779371,33.15649744358797,-4.259371532851142,False,False,False,False,28,46.666666666666664,True,0.505992565891286,1.9482608456215806,True,2.463355504751551,True,-7.493858818013289,False,0,0,0.31049284378691333,False,1.106584133659167,False,5,3,True,False,False,25.0,22.70190812169792,16.33466115274905,0.49159138026414684,5.0,False,2,2,2,3,-11.541845773522596,17.024999618530273,64591101.77209811,,False,0.0,0,,,,0.0,0,,,,False,False,False,False,0,,none,0,0,False,-3,0.375,risk_on,6,False
BSX,42.32500076293945,-59.68279728565658,1.7917241440050802,-56.49156939345372,-73.75274529910683,0.31886053588191504,False,0.7031804573108867,4.512698908406259,-33.00886268043887,-2.3419459761765404,False,True,False,True,18,30.0,False,0.32680304389398696,0.8293239296115137,False,-3.906342867123482,True,-0.6455345564124748,True,2,1,0.4406872555948064,False,1.4015454081229635,True,4,2,True,False,False,25.0,13.878488957658211,6.8753686827104765,0.14018007424645454,24.0,False,0,3,3,4,-11.933001345145088,48.060001373291016,840915574.8724549,2.6530612244897958,False,0.0,0,,,,0.0,0,,,,False,False,False,False,0,,none,0,0,False,-2,0.5,risk_on,6,False
BSY,35.13999938964844,-32.23559051633421,23.91672378179979,-30.198311497083886,-47.45948740273699,0.21054031277630417,False,0.9540387884385381,8.608417085154379,7.517458949452882,8.094324934703877,True,False,False,False,25,41.66666666666667,True,0.45927953208574546,1.6744949475181137,True,0.6809293299503861,True,9.028854758743176,False,0,1,0.5971760585123722,False,1.3091938004895636,True,3,2,True,False,False,25.0,16.36363292439007,16.903809703704187,0.8047137852530448,3.0,False,2,3,3,3,-3.1955919333127802,36.29999923706055,92549814.11446953,11.224489795918368,False,0.0,0,,,,0.0,0,,,,False,False,False,False,0,,none,0,0,False,-3,0.375,risk_on,6,False
BTC,36.40999984741211,-32.09623168089779,40.30828045065464,-32.09623168089779,-49.35740758655089,0.34782804574606635,False,0.9283403694470278,7.800055381735321,12.20338672224408,1.392369819338879,False,True,False,True,27,45.0,True,0.4052111535465746,1.0052063576302677,False,3.063349624889246,True,-2.2550339666788988,True,2,0,0.3858639643009518,False,0.8921960152759738,False,6,2,True,False,False,25.0,14.11154016698182,8.376817494761209,0.6066176599491047,5.0,False,1,3,3,4,-5.55123069260951,38.54999923706055,68096400.60942078,10.476190476190476,False,0.0,0,,,,0.0,0,,,,False,False,False,False,0,,none,0,0,False,-2,0.5,risk_on,6,False
BTDR,9.634900093078613,-62.79961299232886,32.347524936846916,-53.02340328835828,-70.28457919401139,0.3671422833612669,False,0.7962987024098567,21.328714209003827,-14.318362017488074,-25.713956093188315,False,True,False,False,19,31.666666666666664,False,0.4772276673610434,3.31425056763471,True,-1.6769381115578899,True,-12.568968304436368,False,0,0,0.2513029227353224,False,0.3897547908068928,False,6,3,True,False,False,25.0,30.69995491378632,24.49428259637679,0.04051990149838094,14.0,False,0,2,2,2,-29.45599576467496,13.657999992370605,109403576.77725181,3.4013605442176873,False,0.0,0,,,,0.0,0,,,,False,False,False,False,0,,none,0,0,False,-4,0.25,risk_on,6,False
BTG,5.235000133514404,-14.644359499412774,43.944312886465674,4.548022698403198,-12.713153207249906,0.5722061944063899,False,0.8623020944766482,5.730662523086979,8.646856357943333,-4.644802335789954,False,True,False,True,26,43.333333333333336,True,0.4272219402322603,1.5035144219678704,False,0.22998918175613953,True,0.6730831833283046,True,2,0,0.48869123185997615,False,1.1955434423392544,False,5,2,True,False,False,55.0,37.62711702698513,8.787011010793645,0.7089944358828185,32.0,False,1,3,3,4,-10.949700416541008,5.8787001930387675,103778662.65826173,44.82993197278912,False,0.0,0,,,,0.0,0,,,,False,False,False,False,0,,none,0,0,False,-2,0.5,risk_on,6,False
BTI,55.57500076293945,-14.17292696672041,16.793265864890007,14.58746821024568,-2.6737076954074244,0.3916537327899364,False,0.9080859657410448,6.367966894399915,-2.4592713067361105,1.13084737159741,False,True,False,True,22,36.666666666666664,False,0.4169646972320167,0.6259111395631981,False,0.2595561461666339,True,5.575610576219314,False,1,1,0.5918431395083276,False,1.1811668018476937,False,1,2,True,False,False,25.0,8.016874264756515,6.367966894399915,0.7746832573370294,19.0,True,1,5,4,5,-1.8063359956735359,56.59733886749637,240495527.26542664,56.19047619047619,False,0.0,0,,,,0.0,0,,,,False,False,False,False,0,,none,0,0,False,-1,0.625,risk_on,6,False
BTSG,64.8499984741211,-11.054731563779896,128.66712651074656,125.56521208389944,108.30403617824633,0.28692857418497686,True,0.7368282955945079,8.61989249671089,40.88637887014017,14.212750736737778,False,False,False,False,25,41.66666666666667,True,0.4375751279383285,1.534040888978392,False,2.778266741352268,True,7.6348522392051255,False,0,3,0.627012558808203,True,2.825767664670659,True,2,1,False,False,False,25.0,16.407679094924127,16.222051974236766,0.9266480146750724,3.0,True,8,5,4,4,-1.2035358361869974,65.63999938964844,154384176.18773192,94.01360544217687,True,0.0,0,,,,0.0,0,,,,False,False,False,False,0,,none,0,0,False,-2,0.5,risk_on,6,False
BTU,25.274900436401367,-35.6129711565279,21.771355959646897,-19.74574728365045,-37.00692318930355,0.29559615454851657,False,0.9201879405643196,6.009918855673851,-10.699175650609295,0.217688836406138,False,True,False,True,25,41.66666666666667,True,0.3825678100142988,1.8987423952139049,False,-0.7759865412180923,True,1.8738451449673343,True,2,0,0.42223126280703693,False,0.47840591839439184,False,6,2,True,False,False,25.0,21.017624738825806,8.304685259068771,0.24128172627131433,22.0,False,1,2,3,4,-15.94645595971923,30.06999969482422,61978571.27142515,19.727891156462583,False,0.0,0,,,,0.0,0,,,,False,False,False,False,0,,none,0,0,False,-2,0.5,risk_on,6,False
BUD,77.13999938964844,-10.800189182157693,32.283298296404574,32.283298296404574,15.02212239075147,0.3713066209597495,False,1.0601196383877993,5.418719650309854,3.483482333983834,-0.7590427657334309,False,False,False,True,27,45.0,True,0.39097118170770073,0.608810548368854,False,-1.1293425956865202,True,5.0524296187578255,False,1,0,0.506058056739525,False,0.5789006796738183,False,6,1,False,False,False,25.0,10.867430909612548,6.909517595575624,0.5442175811552381,23.0,False,4,1,1,5,-4.953183946611539,81.16000366210938,156592843.37853774,70.74829931972789,False,0.0,0,,,,0.0,0,,,,False,False,False,False,0,,none,0,0,False,-1,0.625,risk_on,6,False
BULL,6.364999771118164,-49.24242591323252,37.47299381841918,-49.24242591323252,-66.50360181888563,1.02168494711236,False,0.9220407171865896,31.406122034956773,20.549233299163006,-22.848487622810133,False,False,False,False,20,33.33333333333333,False,0.4890667203475038,2.705796744165434,True,-3.8039488094677005,True,-13.283383667587078,False,0,0,0.4876059338575618,False,1.041475085571834,False,4,2,True,False,False,,,,,,False,0,2,2,2,,,119139334.2703486,4.625850340136054,False,0.0,0,,,,0.0,0,,,,False,False,False,False,0,,none,0,0,False,-4,0.25,risk_on,6,False
BURL,274.7449951171875,-26.181521987431534,20.883930215074532,5.480475229233317,-11.780700676419787,0.5186821077919365,False,0.8411278406778517,4.484160782970359,-17.34258461170082,15.867493579107617,False,True,False,True,19,31.666666666666664,False,0.4794635880504604,1.6296884430387273,True,-2.1319691835592556,True,-0.21609690877345544,True,2,2,0.6075710304415592,True,1.5531980335975437,True,3,3,True,False,False,25.0,18.947405264445692,9.426926646735186,0.9031678317211328,3.0,True,1,6,5,5,-1.8347183350146956,279.8800048828125,386723487.91682434,46.59863945578231,False,0.0,0,,,,0.0,0,,,,False,False,False,False,0,,none,0,0,False,-1,0.625,risk_on,6,False
BWA,61.7400016784668,-19.636471664963207,52.542351954539576,50.051264764173276,32.79008885852017,0.34561161201932866,False,0.9341128809818918,6.219630787485347,15.853060307077582,-2.495259039754183,False,False,False,True,23,38.333333333333336,False,0.33760981185395567,1.0920620593390782,False,-1.3283005983963667,True,2.015864526561839,True,2,0,0.5310271805273865,False,0.554468385450035,False,8,2,True,True,True,25.0,14.218225905087994,7.353412661816469,0.3779856031892913,24.0,False,2,2,2,5,-8.843941210071705,67.7300033569336,164838360.31886902,80.68027210884354,True,0.0,0,,,,0.0,0,,,,False,False,False,False,0,,none,0,0,False,-1,0.625,risk_on,6,False
BWET,984.6300048828125,-2.77659788863861,6371.017550967301,6371.017550967301,6353.756375061647,0.491391575413636,True,1.5969175200624857,18.52969884165672,519.0694661995043,12.898157216157546,False,True,False,False,36,60.0,True,0.47246726704128694,4.160133959246309,True,4.754900535418746,False,12.786942140070167,False,0,2,0.72538319474418,True,1.148844789500138,False,1,1,False,False,False,,,,,,False,11,2,4,5,,,139748031.97229004,100.0,True,0.0,0,,,,0.0,0,,,,False,False,False,False,0,,none,0,0,False,-1,0.625,risk_on,6,False
BWIN,31.864999771118164,-1.9236745923680965,93.12121073404948,9.690191421645133,-7.570984484007971,0.4573299552302833,False,0.1200392406818169,0.5178064000121629,44.05514720686825,-0.20357198069641536,False,True,True,True,21,35.0,False,0.3255502888412393,0.23283712541502288,False,9.212469551165803,False,0.29902207109120393,True,3,1,0.23229484239115,False,0.7183803439743802,False,2,2,True,False,False,25.0,15.18117040807519,0.6119557389765394,0.8308153652715176,18.0,True,3,4,5,4,-2.568420770241042,32.70500183105469,181145531.91074124,52.04081632653062,False,0.0,0,,,,0.0,0,,,,False,False,False,False,0,,none,0,0,False,-1,0.625,risk_on,6,False
BWXT,143.47999572753906,-39.64491477338372,6.795674885931047,-26.22583742703575,-43.48701333268885,0.2769637231988619,False,1.0131773008133538,8.482017376175211,-38.195855757324004,-2.738617426732315,False,False,False,False,18,30.0,False,0.44692773891334575,1.485301127067778,True,-1.8544110872902064,True,6.391810083178839,False,0,0,0.46300296972739197,False,0.5608351278658056,False,6,2,True,False,False,25.0,19.059604906865285,10.551993197991514,0.37423491063166464,23.0,False,1,2,2,5,-11.926835367869714,162.91000366210938,185272106.25737303,13.945578231292515,False,0.0,0,,,,0.0,0,,,,False,False,False,False,0,,none,0,0,False,-1,0.625,risk_on,6,False
BX,114.56999969482422,-27.725523380344164,14.386148605905102,-25.79051295502911,-43.05168886068222,0.4865433629028682,False,0.8772820260785839,5.717024910369431,-4.111693845383179,-8.314660263901585,False,False,False,True,23,38.333333333333336,False,0.4312006447259292,1.1695156530845048,False,-4.5772592216291255,True,2.5234896597979617,True,2,0,0.47666404119154926,False,0.6918840894016696,False,7,1,False,False,False,25.0,21.070160267554154,7.27938933412373,0.19106521821773664,24.0,False,0,1,1,3,-17.044385498151236,138.11000061035156,548089682.4032383,14.557823129251702,False,0.0,0,,,,0.0,0,,,,False,False,False,False,0,,none,0,0,False,-3,0.375,risk_on,6,False
BXP,59.380001068115234,-17.690421107312392,19.630313764112618,-13.010542492700171,-30.271718398353276,0.5377375497889391,False,0.9101802096418496,3.6207502310628517,13.299906484208002,-4.921165023210039,False,False,False,True,19,31.666666666666664,False,0.4011354056372321,0.8431637702215007,False,-4.115456522381457,True,-1.7700573719102608,True,2,0,0.41361073625172323,False,0.4363276349772476,False,6,3,True,False,False,25.0,14.013670176957643,7.562875644147398,0.12548072690388642,24.0,False,0,2,2,4,-12.25522465656168,67.6735461863095,89873614.04579163,25.102040816326532,False,0.0,0,,,,0.0,0,,,,False,False,False,False,0,,none,0,0,False,-2,0.5,risk_on,6,False
BYD,68.83999633789062,-24.37112462609874,4.192518020071079,-16.65390256750986,-33.915078473162964,0.48296054864075677,False,1.130269948881774,6.246373155878602,-19.710884309855437,-5.659866813378556,False,False,False,True,17,28.333333333333332,False,0.4274288355539278,1.1753263467120947,False,-4.016629830336182,True,2.3643068221421926,True,2,0,0.35669606447705426,False,0.7024395609642093,False,6,2,True,False,False,25.0,17.08785997290155,9.137131391834819,0.28664733062008585,24.0,False,0,2,2,4,-12.189670525659512,78.39623965652778,82904905.96914673,21.700680272108844,False,0.0,0,,,,0.0,0,,,,False,False,False,False,0,,none,0,0,False,-2,0.5,risk_on,6,False
BZ,15.664999961853027,-30.57481010711871,28.477767817357268,-30.57481010711871,-47.83598601277181,0.1721384374201139,False,0.7277426571411297,7.341204094035881,23.404987258650035,9.813765209252567,False,True,False,True,26,43.333333333333336,True,0.41047614326288934,1.272949631930737,False,0.6407706098170477,True,5.630479045466541,False,1,1,0.6853389119262884,True,0.5519091803239835,False,4,3,True,False,False,25.0,18.269225916200845,13.884450956636096,0.7105064477111828,23.0,False,2,4,3,3,-5.288823108047902,16.539758533170684,114351190.12931156,11.020408163265307,False,0.0,0,,,,0.0,0,,,,False,False,False,False,0,,none,0,0,False,-3,0.375,risk_on,6,False
C,129.52000427246094,-10.63464056918595,40.8069479303349,37.88571105076694,20.62453514511384,0.36247274585172556,False,0.9061595940523758,4.60933342585368,3.574842785560506,-1.7075206246086716,False,True,False,True,26,43.333333333333336,True,0.4359890425222745,1.0406399962911537,False,-1.4646850832779639,True,0.7937776439384647,True,2,0,0.5517905088576033,False,0.46720516209627644,False,6,0,False,False,False,25.0,12.529202266816341,8.021932270158311,0.3361583637754717,20.0,False,3,1,2,5,-8.317406133391426,141.27000427246094,1303363892.9004593,74.76190476190476,False,0.0,0,,,,0.0,0,,,,False,False,False,False,0,,none,0,0,False,-1,0.625,risk_on,6,False
CACC,543.1599731445312,-17.352409760238274,32.14284786225869,10.20349758061181,-7.057678325041294,0.35497873706170263,False,1.0060662017097326,4.742619309094493,14.332617250207402,-6.074807833026529,False,True,False,True,22,36.666666666666664,False,0.3782532098835578,1.3093698630161108,False,-1.9079998391596071,True,2.9687152880627954,True,2,0,0.548721197169389,False,0.39818542984337174,False,8,2,True,False,False,25.0,17.310115152677554,9.008394413253516,0.3452468112538564,17.0,False,0,2,2,4,-11.333853093778568,612.5900268554688,68818709.4339447,52.585034013605444,False,0.0,0,,,,0.0,0,,,,False,False,False,False,0,,none,0,0,False,-2,0.5,risk_on,6,False
CACI,607.7999877929688,-10.628165433557546,37.898170053169665,18.873460258926112,1.612284353273008,0.40365043630342157,False,0.9107294314210925,9.879892892235992,12.588907371941671,-3.0390027175421164,False,False,False,False,24,40.0,True,0.3869161885056933,1.1923984956186553,False,-0.6421596229298567,True,-1.1771576634085235,True,1,0,0.4301351350014044,False,0.9874818854397072,False,6,3,True,False,False,55.0,30.955971520797892,10.635079951738241,0.6426848484385114,40.0,False,2,3,3,5,-11.061037655687024,683.3900146484375,161092911.1856079,60.74829931972789,False,0.0,0,,,,0.0,0,,,,False,False,False,False,0,,none,0,0,False,-1,0.625,risk_on,6,False
CAG,13.475000381469727,-30.207083435004634,8.337632852852916,-21.3997814479043,-38.66095735355741,0.32065076247325586,False,1.0700585870970578,4.526898993755079,-3.7040535512020023,-10.93853086882377,False,False,False,True,24,40.0,True,0.4159348020109623,1.3044219955923673,False,-3.384416309941502,True,0.8607838903274434,True,2,0,0.4897772085711335,False,0.6170750095079437,False,4,2,True,False,False,25.0,18.37769117619774,11.725416541574326,0.2051725328606616,24.0,False,1,2,2,4,-14.60709372944622,15.779999732971191,207577548.1826311,18.639455782312925,False,0.0,0,,,,0.0,0,,,,False,False,False,False,0,,none,0,0,False,-2,0.5,risk_on,6,False
CAH,237.99000549316406,-4.04922879683447,56.74257624246846,52.814309150450775,35.55313324479767,0.2398690817319067,True,1.0401008818463904,5.617887334500103,11.61755834066267,5.840447875137844,False,True,False,True,23,38.333333333333336,False,0.3607242607495354,0.9832526280487548,False,0.8659884747513702,True,4.244416255749872,True,2,0,0.5267470814701605,False,0.9095390579906321,False,4,2,True,False,False,25.0,13.07313029434279,10.825059971181272,0.6702427646792145,24.0,False,5,3,4,6,-4.310959302850881,248.71187312493828,423580864.3932236,81.70068027210884,True,0.0,0,,,,0.0,0,,,,False,True,False,False,1,,power_play,6,6,True,0,0.75,risk_on,6,False
CAI,29.790000915527344,-7.68515496453821,104.74227164957011,-4.702492970541716,-21.96366887619482,0.5063740996856061,False,1.2288555340714158,22.45720150539039,55.72400534456459,-0.6337512662110356,False,False,False,False,22,36.666666666666664,False,0.4849718922800328,3.545299941306034,True,2.1149717196636675,True,5.265023740762342,False,0,1,0.5122117260093896,False,1.4359941832760972,True,4,3,True,False,False,25.0,29.461838876648766,22.45720150539039,0.6800826714694854,12.0,False,3,3,2,5,-9.42535278701393,32.88999938964844,154498448.6618786,32.6530612244898,False,0.0,0,,,,0.0,0,,,,False,False,False,False,0,,none,0,0,False,-1,0.625,risk_on,6,False
CAKE,109.01000213623047,-7.059424260095415,155.8378749362785,106.85815165582765,89.59697575017455,0.43327603338257353,True,0.8987603931445084,4.9995384289886475,86.49807104951834,12.952025410128364,False,True,False,True,28,46.666666666666664,True,0.488144698903004,1.694959811238967,True,0.6495541726422362,True,-0.5836747658388264,True,2,2,0.6105141089991493,True,1.5040133691655428,True,3,3,True,False,False,25.0,14.82882800402942,6.705804435686921,0.8791009736053527,4.0,True,8,6,7,7,-1.7927908682608407,111.0,133649636.1663498,92.58503401360544,True,0.0,0,,,,0.0,0,,,,True,True,False,False,2,power_play,sepa_vcp,7,7,True,1,0.875,risk_on,6,True
CALM,65.56999969482422,-29.871658080401907,4.577350712858608,-26.276415522354668,-43.53759142800777,0.4345679352790522,False,1.119974779104795,6.618880849149172,-13.291301941383393,-10.042529504896358,False,False,False,True,18,30.0,False,0.4546526329198686,1.6616370633203075,True,-4.037454496374096,True,-1.64991526073488,True,2,1,0.6379735485944518,True,0.6791517189618157,False,5,3,True,False,False,25.0,18.867177406988052,10.629857310424903,0.2564280584722491,21.0,False,0,3,2,4,-14.029103735662629,76.2699966430664,98326037.16090393,13.80952380952381,False,0.0,0,,,,0.0,0,,,,False,False,False,False,0,,none,0,0,False,-2,0.5,risk_on,6,False
CAMT,152.75999450683594,-26.366533518180468,61.822025463588744,33.88255613472535,16.621380229072244,0.316121308858739,False,0.9039945302201778,15.566902091131412,-12.673640368827787,2.4409867950893505,False,False,False,False,25,41.66666666666667,True,0.3702496515035792,1.5568114707590044,False,0.4960983430897509,True,-7.524673255561753,False,0,0,0.5260643870131915,False,0.8923522003259742,False,6,2,True,False,False,35.0,25.302136221390565,19.357167051282858,0.6244437831072978,4.0,False,3,2,2,4,-9.502374558609251,168.8000030517578,57135810.938008115,71.97278911564626,False,0.0,0,,,,0.0,0,,,,False,False,False,False,0,,none,0,0,False,-2,0.5,risk_on,6,False
CARR,55.900001525878906,-26.1828718934806,12.276307050877143,-2.3067678889312493,-19.56794379458435,0.2815657588336539,False,0.8343378916489385,4.221825663562818,-12.467593892070262,3.749072787155261,True,True,False,True,19,31.666666666666664,False,0.41178906924886405,1.2614690845133933,False,-2.0955132950669224,True,1.4150990731295998,True,2,0,0.5690486573349602,False,0.7452424371344729,False,5,2,True,False,False,25.0,12.253959891070407,4.847940984792393,0.39751250375873537,23.0,False,1,2,4,5,-7.382857613811888,60.35599899291992,380523311.20794296,35.78231292517007,False,0.0,0,,,,0.0,0,,,,False,False,False,False,0,,none,0,0,False,-1,0.625,risk_on,6,False
CART,47.564998626708984,-8.140209061328074,44.44275185516151,21.680732773187316,4.419556867534212,0.33632502922612206,True,0.8920137709708825,7.148116522744346,18.971983920258893,4.837998118800124,False,True,False,True,21,35.0,False,0.4414417146348873,1.5643393695370291,True,0.0385810950803477,True,7.491522320246302,False,1,0,0.5622432198044004,False,0.8939025531618746,False,3,1,False,False,False,25.0,19.04853570577339,12.488179570914113,0.559656237512555,24.0,False,3,1,3,5,-8.38790388255669,51.91999816894531,177504504.41624984,62.925170068027214,False,0.0,0,,,,0.0,0,,,,False,False,False,False,0,,none,0,0,False,-1,0.625,risk_on,6,False
CASY,647.8099975585938,-29.246981701254505,26.532283455555337,17.714323042650882,0.453147136997778,0.31167968518847267,False,0.6711335887971027,7.33239687238752,-11.73529967964737,8.423716063316068,False,True,False,True,25,41.66666666666667,True,0.35448415797658384,1.1324503554263672,False,-4.509166407467463,True,4.864346561437283,True,2,2,0.6316004678849221,True,1.076921601876357,False,2,1,False,False,False,25.0,25.115238650502945,8.023954657175302,0.3769702412483474,23.0,False,2,3,4,5,-15.64754107741303,767.97998046875,396890989.74510497,59.65986394557823,False,0.0,0,,,,0.0,0,,,,False,False,False,False,0,,none,0,0,False,-1,0.625,risk_on,6,False
CAT,802.5499877929688,-24.496313985585772,64.82276260012742,61.838328310416976,44.57715240476387,0.3792438404814166,False,0.9577569500540821,10.972524939008572,1.7480118132810807,-0.7960546507553845,False,False,False,False,21,35.0,False,0.40308508045062214,1.075682837913012,False,-0.7685237205679714,True,-5.070851882352933,False,0,1,0.5070283389680896,False,1.4532730560578662,True,3,0,False,False,False,35.0,12.037173851327006,10.972524939008572,0.2951873234672549,3.0,False,1,2,1,3,-8.483952720043764,876.9500122070312,1940509842.1697755,84.82993197278913,True,0.0,0,,,,0.0,0,,,,False,False,False,False,0,,none,0,0,False,-3,0.375,risk_on,6,False
CAVA,53.459999084472656,-45.10730114024941,22.642805453853153,-17.791788270043263,-35.05296417569637,0.19459931471821623,False,0.7386385965140964,6.285074201072083,-36.515853621081376,3.5243991408509867,False,False,False,True,24,40.0,True,0.39418646252787903,1.6518970740492493,False,-3.3495063208387177,True,-1.7460039801574068,True,2,0,0.5191265800318514,False,0.6339249360772269,False,5,2,True,False,False,25.0,19.323408417313605,8.323982115876891,0.3181206095562987,24.0,False,2,2,3,5,-13.176233952892492,61.573001861572266,199617449.3583668,20.884353741496597,False,0.0,0,,,,0.0,0,,,,False,False,False,False,0,,none,0,0,False,-1,0.625,risk_on,6,False
CB,342.5849914550781,-5.469077228740615,28.899911780379426,21.58743503267402,4.326259127020915,0.2988609744759845,False,0.969148449696155,4.857193123890672,4.45846199312756,0.5709771967477018,False,False,False,True,24,40.0,True,0.4002179061402139,0.639263865985004,False,0.5023767045123496,True,3.5344000389574415,True,2,0,0.5390835921525595,False,1.1289434823333324,False,5,2,True,False,False,25.0,6.240860238132109,5.969325194362107,0.8128828441230772,24.0,True,3,4,4,6,-1.1677720179846585,346.63287315289386,541210826.005188,62.78911564625851,False,0.0,0,,,,0.0,0,,,,False,True,False,False,1,,power_play,6,6,True,0,0.75,risk_on,6,False
CBC,32.43000030517578,-2.859661254929957,43.747015074081965,,,0.16707175487363854,False,0.8505985784263107,3.376501088653187,32.237952187904064,1.8210358453982778,False,True,False,True,20,33.33333333333333,False,0.31901256954266816,0.7428955769112917,False,0.23995872915287142,True,1.2488340341038517,True,2,1,0.5193396259391466,False,1.3639217693888603,True,6,1,False,False,False,65.0,11.56189096430349,6.074620088856684,0.6761446051877529,45.0,False,4,3,3,6,-3.7443807630206605,33.69153984177671,50624064.02933369,,False,0.0,0,,,,0.0,0,,,,False,True,False,False,1,,power_play,6,6,True,0,0.75,risk_on,6,False
CBRE,129.80999755859375,-24.357556612721332,4.147944635961465,-14.856361116251527,-32.11753702190463,0.3672351100064439,False,0.9605194325882975,5.615818689707153,-11.052490484429423,-6.946238309251795,False,False,False,True,20,33.33333333333333,False,0.46076131684446603,1.3338122019137972,True,-3.073087435277133,True,0.17749322757296682,True,2,0,0.47522558764298867,False,0.8063810456175433,False,4,2,True,False,False,25.0,16.243617451948186,7.541792696751514,0.2100039392789637,24.0,False,0,2,2,4,-12.832393798898545,148.9199981689453,287995214.284243,23.333333333333332,False,0.0,0,,,,0.0,0,,,,False,False,False,False,0,,none,0,0,False,-2,0.5,risk_on,6,False
CBRL,57.415000915527344,-2.7523712310319914,134.15575412444625,44.73745933074951,27.476283425096405,0.34550087399664314,True,1.1248732616840227,5.921800002896818,107.17255400324089,27.418995041486305,False,True,False,True,26,43.333333333333336,True,0.47549659271079747,2.6766738466541944,True,1.2664908575137372,True,2.9680822163063336,True,2,0,0.5364363929651645,False,0.6283014726452381,False,3,1,False,True,False,35.0,27.067029904423595,10.41539570997219,0.9142050360238339,32.0,True,9,3,6,6,-2.322214855591831,58.779998779296875,56412081.97840347,78.50340136054422,False,0.0,0,,,,0.0,0,,,,True,True,False,False,2,power_play,sepa_vcp,6,6,True,0,0.75,risk_on,6,False
CBSH,54.34000015258789,-9.502365787206335,15.571677553761676,-0.5252816909571911,-17.786457596610294,0.24441569599984378,False,1.0688521943115954,4.158995795338755,7.807885898611788,-4.8169556711331385,False,True,False,True,20,33.33333333333333,False,0.42438218750008194,0.720460951195125,False,-3.254886921700472,True,-1.7004317067044306,True,2,0,0.4625202669834965,False,0.34419248958241594,False,7,4,True,False,False,25.0,9.492380609977209,5.668012527988077,0.15151496606549453,19.0,False,1,2,2,5,-8.054142883975757,59.099998474121094,55966421.44355621,38.095238095238095,False,0.0,0,,,,0.0,0,,,,False,False,False,False,0,,none,0,0,False,-1,0.625,risk_on,6,False
CCC,6.980000019073486,-25.347596424629238,65.40285227730998,-25.10729348038746,-42.368469386040566,1.0807371602793598,False,0.88688778622322,10.744985643990782,34.4894015822357,6.5648826842305885,False,True,False,False,21,35.0,False,0.4033706871114075,1.761081422808341,False,0.3618463134314135,True,6.402440243253826,False,0,0,0.48001813310202557,False,0.7243612721353415,False,4,1,False,False,False,55.0,29.63541762709309,10.744985643990782,0.6924429691451165,36.0,False,2,2,3,5,-9.114581053533232,7.679999828338623,80388210.1497091,15.034013605442176,False,0.0,0,,,,0.0,0,,,,False,False,False,False,0,,none,0,0,False,-1,0.625,risk_on,6,False
CCEP,104.43499755859375,-6.512399593144491,24.389301278278364,22.359444450651967,5.098268544998863,0.49716505456548127,False,0.9753711351379453,4.371142383418962,8.591140533086072,4.675755309701657,False,False,False,True,23,38.333333333333336,False,0.5453941856563372,1.0903115081228365,True,-0.3114714742835201,True,3.339600318160718,True,2,0,0.5278629354368312,False,0.9061638639654914,False,6,2,True,False,False,25.0,8.043844851880902,4.371142383418962,0.6275976051111636,23.0,True,2,4,4,6,-2.9955470869546863,107.66000366210938,187661538.35817415,63.60544217687075,False,0.0,0,,,,0.0,0,,,,False,True,False,False,1,,power_play,6,6,True,0,0.75,risk_on,6,False
CCI,77.55999755859375,-17.513894352291448,17.3018668130698,-15.593045977798836,-32.85422188345194,2.4570980562217564,False,1.1613319307654364,18.179472560541353,-8.582977995587571,6.159321311763,False,False,False,False,19,31.666666666666664,False,0.368905822868571,1.175885413988657,False,1.9872621359223295,True,16.736897514406746,False,0,0,0.5686965280781031,False,0.7399429298413848,False,5,2,True,True,True,65.0,18.00324646029114,18.179472560541353,0.8534557308164284,63.0,True,1,3,3,4,-2.6382725954550823,79.66169009751279,290975011.98085403,22.721088435374153,False,0.0,0,,,,0.0,0,,,,False,False,False,False,0,,none,0,0,False,-2,0.5,risk_on,6,False
CCJ,88.23999786376953,-34.19345195489798,11.293810332938614,1.9391255818020259,-15.322050323851078,0.35419321120592556,False,0.8924225954132365,10.482774505820743,-24.387317762394634,-3.68915605925213,True,False,False,False,24,40.0,True,0.42741814274280815,1.4303147105707115,False,-2.007665965433736,True,3.592389701374321,True,1,0,0.43579411874982155,False,0.5037260845855273,False,6,2,True,True,True,25.0,19.51594233461665,12.205345539212054,0.2185036849750862,23.0,False,1,2,3,3,-15.251637018741626,104.12000274658203,294699905.26118433,40.816326530612244,False,0.0,0,,,,0.0,0,,,,False,False,False,False,0,,none,0,0,False,-3,0.375,risk_on,6,False
CCK,108.41500091552734,-10.982018145542838,21.669402268794524,20.124723636152765,2.8635477304996613,0.24815165601956105,False,0.9513421379118857,4.3628679767470775,1.1942486752151593,-0.7188608559090981,False,True,False,True,19,31.666666666666664,False,0.5072454267905665,1.095390099700269,True,-2.504461634855672,True,2.2300780723365943,True,2,0,0.504606963675402,False,0.5770354376208888,False,5,2,True,False,False,25.0,10.993460631773749,5.414382416650722,0.39350037937853616,24.0,False,1,2,2,5,-6.667529702487773,116.16000366210938,109797154.43046951,61.70068027210884,False,0.0,0,,,,0.0,0,,,,False,False,False,False,0,,none,0,0,False,-1,0.625,risk_on,6,False
CCL,26.045000076293945,-22.143176110805886,19.52730143179815,-6.982307329178495,-24.2434832348316,0.3111582900036536,False,1.1698600007077073,5.260122587335806,-5.074702047211277,19.25366251981364,False,True,False,True,22,36.666666666666664,False,0.5013798897153945,1.6342514771639873,True,0.9571593169732076,True,1.1063658574527846,True,2,0,0.5317088701509274,False,1.0666752085917603,False,4,1,False,True,True,25.0,19.692993267794616,18.660006484033307,0.8735742927034101,3.0,True,1,2,3,4,-2.4897006026679214,26.709999084472656,636075412.9459109,30.272108843537417,False,0.0,0,,,,0.0,0,,,,False,False,False,False,0,,none,0,0,False,-2,0.5,risk_on,6,False
CDE,17.364999771118164,-35.96869054380885,25.792333229591712,-13.294263538073569,-30.555439443726673,0.4866630279077109,False,0.8045349104757761,9.386703654475635,-14.404233785195952,-12.120447520355103,False,False,False,False,29,48.333333333333336,True,0.44171832211113676,2.005193133213197,True,-2.144616268155031,True,-1.6704421225528732,True,1,0,0.44530656149898923,False,0.5245154534465104,False,8,4,True,False,False,25.0,25.069253663104462,14.224021038061188,0.20902397147196725,24.0,False,1,2,2,2,-19.8291787006042,21.65999984741211,683850244.2878449,24.693877551020407,False,0.0,0,,,,0.0,0,,,,False,False,False,False,0,,none,0,0,False,-4,0.25,risk_on,6,False
CDNA,63.77000045776367,-8.704363849929099,346.568639007217,332.9260179194956,315.66484201384253,0.3819288240569949,True,1.4405243253292028,17.75129908775676,278.9067186384228,18.465536482621058,False,False,False,False,28,46.666666666666664,True,0.44379408342086807,2.8314957534242042,True,2.617959322810427,True,-5.03350854997765,False,0,2,0.5126136011548438,False,3.429311262860237,True,2,1,False,True,False,25.0,32.9196001149407,17.75129908775676,0.633849992760546,3.0,False,10,3,3,5,-12.053511820405472,72.51000213623047,90084437.50039673,98.843537414966,True,0.0,0,,,,0.0,0,,,,False,False,False,False,0,,none,0,0,False,-1,0.625,risk_on,6,False
CDNS,351.42498779296875,-15.601965601965606,32.283739723177575,0.7901380271135183,-16.471037878539587,0.24889192728316395,False,1.105844511655601,4.060607386882404,21.937880953495316,24.222338414598287,False,True,False,True,23,38.333333333333336,False,0.48215333588067466,1.6369125160859983,True,2.5681935483404117,True,0.021341024092946803,True,2,1,0.5324040928236623,False,2.1876128830540975,True,3,1,False,False,False,25.0,24.547538183231445,13.633066892310483,0.8819786548700169,3.0,True,1,4,4,4,-2.8971334760146017,361.9100036621094,761815547.1341126,39.38775510204081,False,0.0,0,,,,0.0,0,,,,False,False,False,False,0,,none,0,0,False,-2,0.5,risk_on,6,False
CDW,141.24000549316406,-9.571426059296373,43.762518233754875,-5.0556605158315175,-22.316836421484624,0.6183422243276829,False,0.8140017126023157,7.625321335025154,8.238824323745963,-3.386002370597241,False,False,False,True,25,41.66666666666667,True,0.491012133347985,1.8817289889077156,True,-0.09784719082685736,True,5.964447901175163,False,1,0,0.4582159920351129,False,0.5836523620304102,False,4,2,True,False,False,55.0,28.84356199583556,10.903427447561418,0.631256605038816,25.0,False,3,3,3,6,-10.635872973117788,158.0500030517578,199240018.7114914,32.10884353741497,False,0.0,0,,,,0.0,0,,,,False,True,False,False,1,,power_play,6,6,True,0,0.75,risk_on,6,False
CE,44.880001068115234,-35.13814693162962,26.532086549283697,6.580521267868167,-10.680654637784937,0.21064366945233307,False,1.0202709996475001,5.704102745910484,-34.137960801051015,-1.167141116665471,False,True,False,True,24,40.0,True,0.44312138833500975,1.7720208744255035,True,-0.1883180522760849,True,1.5614448129654512,True,2,0,0.38744551560449103,False,0.5637902165717805,False,3,1,False,False,False,55.0,17.233738421890326,11.786989281703912,0.4404207398375723,12.0,False,1,1,2,4,-9.643642595954194,49.66999816894531,86473232.14820862,48.02721088435374,False,0.0,0,,,,0.0,0,,,,False,False,False,False,0,,none,0,0,False,-2,0.5,risk_on,6,False
CECO,65.87999725341797,-33.90187773280753,38.870150001073476,31.733652198607444,14.47247629295434,0.6913175802321666,False,0.9188353713748812,18.791750757351775,-1.4657543344112178,-5.181355684486122,False,False,False,False,22,36.666666666666664,False,0.4266067586349933,2.3389599498999236,False,-1.7045947339757224,True,-10.562049989000243,False,0,0,0.3284787491326847,False,0.42441393043982856,False,6,0,False,False,False,25.0,20.758217450171284,18.791750757351775,0.10172507773492832,23.0,False,1,1,1,2,-18.64658616641407,80.9800033569336,55079931.850335695,70.40816326530613,False,0.0,0,,,,0.0,0,,,,False,False,False,False,0,,none,0,0,False,-4,0.25,risk_on,6,False
CEG,299.7749938964844,-25.374238844778464,26.949602516239413,-21.33947070089518,-38.60064660654828,0.5949912117836366,False,1.2822544813261625,17.379693652475964,3.0790789500884763,17.692664596896535,False,False,False,False,26,43.333333333333336,True,0.45550975931580046,2.0267228144516736,True,1.7810918285440895,True,16.421999015814293,False,0,0,0.5363896883893619,False,0.8314147985137198,False,4,1,False,True,True,25.0,20.206582734457854,20.882325784098935,0.839856304111123,3.0,False,2,1,1,3,-3.2359568403804495,309.79998779296875,1114755937.3081298,18.70748299319728,False,0.0,0,,,,0.0,0,,,,False,False,False,False,0,,none,0,0,False,-3,0.375,risk_on,6,False
CELC,68.5,-52.75210234608362,48.686781970384295,38.46775482053728,21.206578914884176,0.5401876487025641,False,1.1175545648097744,19.072996264826642,-43.10631301339599,-15.022950649620082,False,False,False,False,23,38.333333333333336,False,0.4150139990604013,2.582643682380676,False,-3.5232378856918456,True,-4.9930631765730755,True,1,0,0.4344261867321836,False,0.49202198563143773,False,6,2,True,False,False,25.0,35.10725826122943,37.16058661467837,0.154217256059017,23.0,False,1,2,2,2,-29.69311322442737,97.43000030517578,97670219.21790238,75.578231292517,False,0.0,0,,,,0.0,0,,,,False,False,False,False,0,,none,0,0,False,-4,0.25,risk_on,6,False
CELH,28.485000610351562,-56.082330647086984,19.835927899815808,-55.67226943135842,-72.93344533701153,0.4082356239408292,False,0.7701748044227947,7.0212390982824555,-15.374329353891603,1.6595294253789028,False,True,False,True,21,35.0,False,0.4687712314397173,1.7957611805540685,True,-0.6799513473984785,True,6.485983590099309,False,1,0,0.46723929560156874,False,0.41976428324242376,False,5,2,True,False,False,25.0,15.881603306815602,7.723358990525463,0.4118237273416337,24.0,False,1,2,2,5,-9.341182236841583,31.420000076293945,180405073.45092887,2.7891156462585034,False,0.0,0,,,,0.0,0,,,,False,False,False,False,0,,none,0,0,False,-1,0.625,risk_on,6,False
CENX,36.310001373291016,-47.20080973429581,38.64070497468413,15.932317136297481,-1.328858769355623,0.256903988326064,False,0.5681378246672509,5.315340766126918,-46.55578441492406,-6.921294704982883,False,False,True,True,23,38.333333333333336,False,0.4207051890251841,1.7633412304503586,False,-5.320159431972357,True,1.9371208930290207,True,3,0,0.4862027998521564,False,0.3703115835964459,False,7,2,True,False,False,25.0,29.596141062398928,8.868072939194189,0.08621863524992743,23.0,False,0,2,3,4,-27.044402171334557,49.77000045776367,68920603.09479675,57.61904761904761,False,0.0,0,,,,0.0,0,,,,False,False,False,False,0,,none,0,0,False,-2,0.5,risk_on,6,False
CF,110.86000061035156,-20.399226531600767,47.82946991182611,27.6992701689581,10.438094263304997,1.1799059073640283,False,0.777033580917072,6.900596683890499,-8.048873819329783,-13.18715484755728,False,False,False,True,23,38.333333333333336,False,0.49009727664798913,1.8331771823631908,True,-3.246525500209294,True,-3.608383139549187,True,2,0,0.3271012962238782,False,0.45471055323672777,False,7,1,False,False,False,25.0,21.742201225140917,6.900596683890499,0.0,21.0,False,1,1,2,2,-21.742201225140924,141.66000366210938,309452207.0049942,67.75510204081633,False,0.0,0,,,,0.0,0,,,,False,False,False,False,0,,none,0,0,False,-4,0.25,risk_on,6,False
CFG,63.72999954223633,-14.7196618768473,35.66271198469859,26.609812723779047,9.348636818125943,0.31596142906949004,False,0.9107161015068732,4.385692772193138,-0.23898187903376167,-4.937352816360685,False,False,False,True,22,36.666666666666664,False,0.3728932818213044,0.9433301397514327,False,-4.095679167168364,True,-0.9326943443808688,True,2,0,0.5065399203911126,False,0.5168573197769237,False,7,3,True,False,False,25.0,13.157155876660767,5.6645232014462445,0.20833340125885003,24.0,False,0,2,2,4,-10.416080841983167,71.13999938964844,282447272.7818977,67.27891156462586,False,0.0,0,,,,0.0,0,,,,False,False,False,False,0,,none,0,0,False,-2,0.5,risk_on,6,False
CFR,150.6699981689453,-10.844343736397166,29.414425259479327,21.297550815714004,4.0363749100609,0.3044239212118815,False,1.0363969318327757,6.995426211596173,6.779588802227665,-5.713394686141138,False,True,False,True,18,30.0,False,0.46848974812404603,0.8772057115990631,True,-3.153595213722561,True,-2.8186244236495073,True,2,0,0.4065391537673061,False,0.762675171911179,False,6,3,True,False,False,25.0,12.70764764102324,8.004246170542162,0.24115148756974109,20.0,False,1,2,2,5,-9.643179508878374,166.75,77002519.51062623,62.38095238095238,False,0.0,0,,,,0.0,0,,,,False,False,False,False,0,,none,0,0,False,-1,0.625,risk_on,6,False
CG,38.56999969482422,-40.43517009292235,2.0370382891667704,-32.912108167703046,-50.17328407335615,0.21703045961381562,False,0.8015601480612579,7.518791117778507,-20.465231748227296,-3.815458447671194,False,False,False,True,20,33.33333333333333,False,0.3844804412742747,1.3398286758519835,False,-5.015847857041261,True,-3.1391260913607555,True,2,0,0.46055390999719703,False,0.46910482675003645,False,7,4,True,False,False,25.0,22.117199420928802,12.08192866031431,0.14150028836651238,24.0,False,0,2,2,4,-18.987609325007714,47.61000061035156,139609353.91868132,9.863945578231291,False,0.0,0,,,,0.0,0,,,,False,False,False,False,0,,none,0,0,False,-2,0.5,risk_on,6,False
CGNX,63.27000045776367,-12.511998982163487,82.58037059546768,36.739831295532085,19.47865538987898,0.4633772989039569,True,0.9600030662705041,10.810810973763118,16.64628303905893,2.7777762285992713,False,False,False,False,27,45.0,True,0.4901895845897315,1.8678042864252151,True,0.43832939212338196,True,-2.6165933984894862,True,1,1,0.6969073131581613,True,1.0087037220727844,False,4,0,False,False,False,25.0,14.277138641479853,13.924452836336224,0.6487908094296407,3.0,False,4,3,3,3,-5.014262305934936,66.61000061035156,105062619.24454689,73.94557823129252,False,0.0,0,,,,0.0,0,,,,False,False,False,False,0,,none,0,0,False,-3,0.375,risk_on,6,False
CGON,64.62000274658203,-19.90579759276906,72.91946639968208,45.34413872525273,28.08296281959963,0.1894596028532171,False,1.1648544360172626,12.47291429281171,-4.54947465361758,-13.401232420161024,False,True,False,False,25,41.66666666666667,True,0.5320532990130087,2.633454116607367,True,-2.375405249608499,True,-4.096162985070373,True,1,0,0.5389758238635618,False,0.8170402765101579,False,5,2,True,False,False,25.0,24.209348019342688,18.647481491162853,0.179815714132166,13.0,False,2,2,2,2,-19.85612681657044,80.62999725341797,76199760.48331757,78.843537414966,False,0.0,0,,,,0.0,0,,,,False,False,False,False,0,,none,0,0,False,-4,0.25,risk_on,6,False
CHD,97.88500213623047,-6.418386951365218,21.213575295979293,13.162181554539965,-4.09899435111314,0.2604565579585081,False,0.7475487068477128,4.127293075914442,3.655698134170726,3.308709378607344,False,False,False,True,20,33.33333333333333,False,0.3929517253218526,0.5988283892357585,False,-0.21885444100975052,True,3.790695228695773,True,2,1,0.49030499466902244,False,1.2199490251291656,True,5,1,False,False,False,25.0,6.124507776655423,5.056951361509988,0.7981880501302779,24.0,True,2,4,3,5,-1.235998856399112,99.11000061035156,168258060.43817443,55.306122448979586,False,0.0,0,,,,0.0,0,,,,False,False,False,False,0,,none,0,0,False,-1,0.625,risk_on,6,False
CHDN,80.55000305175781,-31.499272420844136,8.92495791194554,-11.237442290486532,-28.49861819613964,0.8777251987104022,False,1.1069284410823679,10.639363127909565,-10.030152853766838,-1.6603596014496125,False,False,False,False,20,33.33333333333333,False,0.4263368010004399,1.783772987617887,False,-1.1514499096358044,True,5.917159525868021,False,0,0,0.4551216323110337,False,0.8043291646304951,False,4,2,True,False,False,25.0,18.86101814810003,10.639363127909565,0.4390820660339825,24.0,False,1,2,2,5,-10.579483332127825,90.08000183105469,103040485.89921303,26.73469387755102,False,0.0,0,,,,0.0,0,,,,False,False,False,False,0,,none,0,0,False,-1,0.625,risk_on,6,False
CHE,499.9100036621094,-9.435592160345552,35.99175169134077,16.496544975413197,-0.7646309302399068,0.45935601458080194,False,0.8626338488840493,4.910881481292012,29.31531381897301,-0.8233134778765971,False,False,False,True,23,38.333333333333336,False,0.3247155786113301,0.753650367505506,False,-1.9038080787803462,True,-1.495565780865149,True,2,0,0.5165238547865478,False,0.7026686703285314,False,8,3,True,False,False,25.0,7.223959470758487,5.124921471766372,0.20966060936372025,21.0,False,1,2,2,5,-5.709379726100449,530.1799926757812,83037455.71593018,58.43537414965987,False,0.0,0,,,,0.0,0,,,,False,False,False,False,0,,none,0,0,False,-1,0.625,risk_on,6,False
CHEF,113.9000015258789,-2.1645736838180163,102.95795383767592,102.95795383767592,85.69677793202281,0.29903543911157554,True,1.0008853817149634,6.821777145187778,76.1794258895502,2.751468735897067,True,False,False,True,24,40.0,True,0.39696920047769685,1.5698377170744942,False,0.7338456829921581,True,-2.1645736838180163,True,2,1,0.43091871424582784,False,1.434128746523844,True,4,3,True,False,False,55.0,23.23854562408105,9.306407666476368,0.8326071003232104,5.0,False,9,4,5,6,-3.8899675362862984,118.51000213623047,65560215.14287567,92.31292517006803,True,0.0,0,,,,0.0,0,,,,False,True,False,False,1,,power_play,6,6,True,0,0.75,risk_on,6,True
CHH,104.62999725341797,-13.827147880204071,25.371172935455544,6.057212475995333,-11.203963429657772,0.24590871482552437,False,0.968352382095127,6.957850492592896,-8.894237284712636,8.337707163116615,False,False,False,True,22,36.666666666666664,False,0.37441302154365586,1.1536818313406922,False,0.3764761282899039,True,2.0780461008955697,True,2,0,0.5023052193919646,False,1.0161403627800605,False,5,1,False,False,False,25.0,9.879523485664937,6.957850492592896,0.8720067264072272,1.0,True,1,2,2,3,-1.2645125524669343,105.97000122070312,57251731.995069884,47.55102040816326,False,0.0,0,,,,0.0,0,,,,False,False,False,False,0,,none,0,0,False,-3,0.375,risk_on,6,False
CHKP,136.1999969482422,-33.36269027106803,21.09895569483724,-31.22949010374513,-48.49066600939823,0.43039675639381236,False,0.9908333683648799,6.390598345082339,-4.152011894338314,2.629786796635214,False,True,False,True,26,43.333333333333336,True,0.48477753252761435,1.5806070943324007,True,0.9429617422697703,True,4.487909912394539,True,2,1,0.537982016950783,False,2.3228186725279985,True,3,3,True,False,False,55.0,13.947592360760064,8.431713500432389,0.7090904607151747,19.0,False,2,4,3,5,-4.057487667801263,141.9600067138672,149316577.46297836,10.748299319727892,False,0.0,0,,,,0.0,0,,,,False,False,False,False,0,,none,0,0,False,-1,0.625,risk_on,6,False
CHRD,142.3300018310547,-9.34394787830911,74.69290467199544,54.70613884435196,37.44496293869886,0.44379319916724497,True,0.8420837156280767,6.955672751992739,7.488163641019119,-1.4949156204520753,False,False,False,True,29,48.333333333333336,True,0.51775554942168,1.545104690973093,True,0.17634810104898288,True,3.8829337548461185,True,2,0,0.4763066952210796,False,0.6258066848786759,False,9,1,False,False,False,65.0,26.615660441335525,8.367879933175661,0.6476293015523691,18.0,False,5,2,3,5,-9.378578859358377,157.05999755859375,99632696.55393219,82.44897959183673,True,0.0,0,,,,0.0,0,,,,False,False,False,False,0,,none,0,0,False,-1,0.625,risk_on,6,False
CHRW,143.00999450683594,-31.416845430553565,16.721930945742123,12.638030306726812,-4.623145598926293,0.48382310117997257,False,1.281207000989534,8.880496074444029,-12.61295869137754,-6.523309123466925,False,False,False,False,23,38.333333333333336,False,0.4664088446150592,1.4939238877337904,True,-0.7906348666695688,True,-9.32665901598806,False,0,1,0.6527057077777731,True,1.1213884410726516,False,5,1,False,False,False,25.0,16.608779310412615,18.390325195418885,0.4167296647650234,5.0,False,0,2,1,2,-9.687408276228105,158.35000610351562,293795628.2494873,54.96598639455782,False,0.0,0,,,,0.0,0,,,,False,False,False,False,0,,none,0,0,False,-4,0.25,risk_on,6,False
CHTR,104.08999633789062,-60.90516569468897,0.0,-60.72075609890919,-77.9819320045623,1.19574281881174,False,0.7902395920888334,10.087424699214646,-54.00353736889527,-18.78754948510961,False,False,False,False,20,33.33333333333333,False,0.46905262321602625,2.188313549706343,True,-6.3050608879780405,True,-4.757987495723349,True,1,0,0.3480563351851981,False,0.1832355849101862,False,7,2,True,False,False,25.0,33.37888825534033,11.768662149083754,0.03353467655696394,24.0,False,0,2,3,3,-32.259538033866455,153.66000366210938,375708136.88394165,1.7687074829931975,False,0.0,0,,,,0.0,0,,,,False,False,False,False,0,,none,0,0,False,-3,0.375,risk_on,6,False
CHWY,18.875,-51.75102117751869,7.795543993578402,-51.75102117751869,-69.0121970831718,0.37129878485451195,False,0.839075928020169,6.410591176014073,-25.57176835281496,-8.462661339534039,False,True,False,True,19,31.666666666666664,False,0.41629841351081043,1.9177866056291035,False,-3.4803004819824603,True,3.880021578127857,True,2,0,0.574443279598496,False,0.5385393011978941,False,4,1,False,False,False,25.0,27.26520534458498,7.470197867084023,0.19650987045658858,24.0,False,0,1,3,4,-21.907323374348298,24.170000076293945,185391258.18232536,3.741496598639456,False,0.0,0,,,,0.0,0,,,,False,False,False,False,0,,none,0,0,False,-2,0.5,risk_on,6,False
CHYM,29.895000457763672,-13.47322397131524,81.84306257066267,40.51704344908886,23.255867543435755,0.4801996170913786,False,0.7324848557608541,9.028269847558855,40.484020174513425,-1.4342217838331894,False,True,False,False,25,41.66666666666667,True,0.5135363973369325,2.2774651178720373,True,-0.41909704767051154,True,9.706423698215305,False,0,1,0.6314729076214947,True,0.5286483310381318,False,5,1,False,False,False,25.0,27.088605815573175,13.447066051874524,0.4127726612546552,22.0,False,4,2,3,4,-15.907169903400709,35.54999923706055,190259739.24102107,76.53061224489795,False,0.0,0,,,,0.0,0,,,,False,False,False,False,0,,none,0,0,False,-2,0.5,risk_on,6,False
CI,282.5299987792969,-6.699929586130315,18.216664208592782,-5.617438350976222,-22.878614256629326,0.28161966765089197,False,1.120174946495195,7.585043459438019,3.862035634388583,2.633682080844757,False,False,False,True,23,38.333333333333336,False,0.4405779123046817,1.1629356032109808,True,0.7698569104797558,True,4.43573727651172,True,2,1,0.6398295355561179,True,0.9353191947593551,False,5,1,False,False,False,25.0,9.654910325900543,8.862778697168475,0.7006050281763436,19.0,True,2,4,3,5,-2.8906316049829184,290.94000244140625,443964755.8890381,31.360544217687075,False,0.0,0,,,,0.0,0,,,,False,False,False,False,0,,none,0,0,False,-1,0.625,risk_on,6,False
CIEN,452.44000244140625,-27.84050997744717,190.13722929202115,176.53566453979982,159.27448863414673,0.8407869187887561,False,0.8741308013263794,15.964152165915687,-5.722023714174352,29.71330799184355,True,False,False,False,26,43.333333333333336,True,0.4638858072144801,2.8241721486992586,True,3.22746884478568,True,15.613023630418986,False,0,1,0.6943524585556577,True,1.0029780544747082,False,5,0,False,True,False,45.0,32.65469224332856,25.505751758079327,0.9321596383053887,40.0,True,5,3,3,2,-2.2153061328136325,462.69000244140625,1096319420.2708435,96.3265306122449,True,0.0,0,,,,0.0,0,,,,False,False,False,False,0,,none,0,0,False,-3,0.375,risk_on,6,False
CIFR,13.262900352478027,-54.547977334580324,10.386183716164311,-26.27626169417302,-43.53743759982612,0.3692917139297616,False,0.6874643142540531,22.453608245940096,-25.32150798675381,-27.68320478663383,False,False,False,False,22,36.666666666666664,False,0.43409546665310844,3.0918359785008374,False,-3.379535302283182,True,-15.576700698452617,False,0,0,0.30179146415021596,False,0.5382943744763758,False,8,2,True,False,False,25.0,34.758169552032456,38.13645907118772,0.05550055875330618,13.0,False,0,2,2,2,-32.8290717206525,19.7450008392334,553121205.4297686,13.877551020408163,False,0.0,0,,,,0.0,0,,,,False,False,False,False,0,,none,0,0,False,-4,0.25,risk_on,6,False
CINF,163.88999938964844,-14.167420716486244,10.692468503898468,3.647529720019249,-13.613646185633854,0.1938428962312145,False,0.8869352908122349,2.907437554087515,1.2509909982946876,-2.470824409627992,False,True,False,True,23,38.333333333333336,False,0.3989572954448067,0.6503573578682288,False,-1.908574403249532,True,1.1979021166800274,True,2,0,0.43891505332823993,False,0.2299693672976509,False,8,2,True,False,False,25.0,8.216255854327022,4.085061534658604,0.329095412905481,24.0,False,0,2,2,4,-5.512323741410197,173.4511905458669,117574234.78756562,43.12925170068027,False,0.0,0,,,,0.0,0,,,,False,False,False,False,0,,none,0,0,False,-2,0.5,risk_on,6,False
CL,88.42500305175781,-9.739135364795093,20.0754555987128,16.484004864370494,-0.7771710412826103,0.23668334140466404,False,0.826307147557074,4.885495669472121,6.5546795446279615,1.0918049819675257,False,True,False,True,17,28.333333333333332,False,0.5049463411139238,0.8302431778477273,True,-0.5454034725927364,True,4.9430344290680495,True,2,0,0.5495696316059014,False,0.8629757726716577,False,5,3,True,False,False,25.0,7.234374845952211,5.270006786860652,0.6770997132280827,24.0,True,2,4,4,6,-2.335981712373514,90.54000091552734,460450811.0490719,58.36734693877551,False,0.0,0,,,,0.0,0,,,,False,True,False,False,1,,power_play,6,6,True,0,0.75,risk_on,6,False
CLBK,10.864999771118164,-8.07952578987149,74.88169198762833,65.59486970033038,48.333693794677274,0.2192848419785353,False,1.1303632256064804,7.639207926284529,32.80562091247272,-6.174440045756602,False,True,False,True,18,30.0,False,0.49153722513028875,1.2139498186785063,True,-1.7062277678119744,True,-4.776512564262269,True,2,0,0.4711796031184622,False,1.0638431178969407,False,5,3,True,False,False,65.0,22.841872480754375,7.639207926284529,0.5859211958804529,38.0,False,3,2,2,5,-9.45833524068197,12.0,54036121.679525375,86.12244897959184,True,0.0,0,,,,0.0,0,,,,False,False,False,False,0,,none,0,0,False,-1,0.625,risk_on,6,False
CLDX,30.030000686645508,-33.07331980945046,32.99380331316088,9.041393203855264,-8.21978270179784,0.20534919328798942,False,1.128409048914997,14.152520180389573,-7.855168622142827,-21.46966692327421,False,False,False,False,25,41.66666666666667,True,0.4580728740101495,2.932067434570657,True,-3.9492237631641056,True,-5.1184800992423956,False,0,0,0.5594810471862705,False,0.3538579191328532,False,5,1,False,False,False,25.0,31.210956522073875,14.152520180389573,0.10777533106595241,14.0,False,1,1,1,1,-27.84718535002232,41.619998931884766,77906225.14557752,51.29251700680272,False,0.0,0,,,,0.0,0,,,,False,False,False,False,0,,none,0,0,False,-5,0.125,risk_on,6,False
CLF,13.03499984741211,-19.437579718447996,66.68797392932531,-8.204225193671444,-25.46540109932455,1.1284183167925037,False,1.0575258718157647,14.26927987821063,39.561023923542685,4.2799987792968786,False,False,False,False,25,41.66666666666667,True,0.5848886878036739,3.0366201209186476,True,1.6249348135972956,True,15.150178434828332,False,0,0,0.46023345322552894,False,1.0164932961747302,False,3,1,False,True,True,25.0,18.07867091563914,18.335254095129507,0.9225939778069244,0.0,True,3,2,2,4,-1.3993980021172692,13.220000267028809,192865616.84544355,29.31972789115646,False,0.0,0,,,,0.0,0,,,,False,False,False,False,0,,none,0,0,False,-2,0.5,risk_on,6,False
CLH,317.9100036621094,-2.583193224974145,57.59183581775591,36.90035397078739,19.63917806513429,0.24838924115361014,True,0.8699923355767791,3.9004730123760774,4.713437836267564,0.6681494460740511,True,False,False,True,20,33.33333333333333,False,0.42402265619960305,0.7614432761206602,False,0.4269184018395168,True,-0.18837904151179918,True,2,0,0.4713553565499242,False,0.8538042756606028,False,3,2,True,False,False,65.0,10.948383197000169,6.020566798898944,0.509787945141374,51.0,False,5,2,4,6,-5.3670294243811085,335.94000244140625,121228176.13815308,74.14965986394559,False,0.0,0,,,,0.0,0,,,,False,True,False,False,1,,power_play,6,6,True,0,0.75,risk_on,6,False
CLMT,56.040000915527344,-5.097372329251593,216.9683254989637,208.25082494400706,190.98964903835395,0.29362857363423484,True,0.9898690894101888,6.495359261566108,70.33434138732997,-5.016947600801114,False,True,False,True,31,51.66666666666667,True,0.4223485094158053,1.8067683005035002,False,2.011344109922792,True,1.374822997490921,True,2,1,0.5183670943279574,False,1.3032009367912465,True,5,1,False,False,False,35.0,23.617838052303597,12.312629547566292,0.729137328028368,14.0,False,9,3,4,6,-6.397190721040236,59.869998931884766,84379348.66087303,97.27891156462584,True,0.0,0,,,,0.0,0,,,,False,True,False,False,1,,power_play,6,6,True,0,0.75,risk_on,6,False
CLS,364.6570129394531,-22.80757458702267,49.62129128221786,40.37147380590196,23.110297900248852,0.33958251316730453,False,0.9531831805692084,12.866889093813993,-0.21971721512604736,9.628418238434012,False,True,False,False,28,46.666666666666664,True,0.3917301940953381,2.042350646677861,False,1.5645790288575507,True,-5.851232561243558,False,0,1,0.5169950450922948,False,1.2150881834524085,True,3,1,False,False,False,25.0,21.695624596895055,12.866889093813993,0.6597637120973132,4.0,False,3,3,3,3,-7.381638776577793,393.7200012207031,732197520.1707519,76.39455782312925,False,0.0,0,,,,0.0,0,,,,False,False,False,False,0,,none,0,0,False,-3,0.375,risk_on,6,False
CLSK,10.414999961853027,-55.10776026141199,27.322733169864087,-48.15828828895543,-65.41946419460854,0.4135975778375772,False,0.8403541881567347,25.25204151775139,-3.2063221160791744,-28.02349848199701,False,False,False,False,21,35.0,False,0.5051216134020412,3.117442800064265,True,-2.9082666885648285,True,-18.24960636605315,False,0,0,0.2415320881775181,False,0.3254612140000029,False,7,2,True,False,False,25.0,32.525385135413316,35.333647287375726,0.023162088133718003,13.0,False,0,2,2,2,-31.772029298323755,15.265000343322754,222536531.66580606,5.1020408163265305,False,0.0,0,,,,0.0,0,,,,False,False,False,False,0,,none,0,0,False,-4,0.25,risk_on,6,False
CLX,83.23999786376953,-32.939635159380366,3.5194553821338737,-27.40036894586525,-44.66154485151836,0.24356823831369617,False,0.829521962663578,4.69726545225107,-17.522038544481255,0.1684709894333336,False,True,False,True,17,28.333333333333332,False,0.529281931245128,1.434343227616734,True,-4.892067438095006,True,3.5194553821338737,True,2,0,0.49881626842507976,False,0.8702580880326455,False,7,2,True,False,False,25.0,15.990653546181937,6.739549200292967,0.27357209728340826,24.0,False,0,2,3,4,-11.616056918620576,94.18000030517578,245941222.10349846,13.26530612244898,False,0.0,0,,,,0.0,0,,,,False,False,False,False,0,,none,0,0,False,-2,0.5,risk_on,6,False
CM,109.06999969482422,-11.26419089440226,39.6397503406253,39.39523859159162,22.134062685938517,0.13469065514740336,False,0.9075237149587436,4.309156469599972,5.501874027895082,-4.412215639168727,False,True,False,True,23,38.333333333333336,False,0.5196570232132495,0.8683462089231705,True,-2.828027797163214,True,-1.7564375853041159,True,2,1,0.5434048548526033,False,1.2702083084992253,True,4,3,True,False,False,25.0,9.107636265464022,5.501054384145856,0.1854667066814115,24.0,False,2,3,2,5,-7.418472961656219,117.80967886784967,171014104.4124466,75.85034013605441,False,0.0,0,,,,0.0,0,,,,False,False,False,False,0,,none,0,0,False,-1,0.625,risk_on,6,False
CMC,64.2699966430664,-22.25899888860967,17.496069166490336,10.227244327069895,-7.033931578583209,0.44751459090408546,False,0.8411214978679935,6.846120671695396,-2.673352753996183,-0.35659435183502675,True,False,False,True,21,35.0,False,0.4085662625915463,1.157888167257106,False,-1.8049466517021227,True,1.0852387419635123,True,2,0,0.46723549697728883,False,0.8041309280968648,False,3,0,False,False,False,25.0,15.568857917529016,9.69348042265447,0.3255811017517928,23.0,False,0,1,2,3,-10.499932003722801,71.80999755859375,70831432.47881699,52.6530612244898,False,0.0,0,,,,0.0,0,,,,False,False,False,False,0,,none,0,0,False,-3,0.375,risk_on,6,False
CMCSA,20.625,-33.873599449925095,0.0,-22.920466253397088,-40.18164215905019,0.5363723245310934,False,0.872972801935402,4.630302660392992,-24.31022599124336,-7.890960895924771,False,False,False,True,20,33.33333333333333,False,0.44975242522544,1.2676540140612587,True,-6.322416938631617,True,-2.894781576927097,True,2,0,0.46053544356483683,False,0.7642290611846785,False,7,1,False,False,False,25.0,22.172016149866227,5.712798572652552,0.02398947561923235,24.0,False,0,1,2,3,-21.64012110900978,26.32086763264696,725512513.0583378,17.07482993197279,False,0.0,0,,,,0.0,0,,,,False,False,False,False,0,,none,0,0,False,-3,0.375,risk_on,6,False
CME,280.5,-11.152998382732438,28.930720433622636,8.386762637571788,-8.874413268081316,0.7236963116498057,False,1.1001553536959063,7.5472309840129235,-5.759354267578587,1.626749058190935,False,False,False,True,29,48.333333333333336,True,0.3377982765879824,0.8037686991748012,False,1.4611794154327977,True,6.597242678866588,False,1,0,0.5313374345391664,False,1.199039308637832,False,4,2,True,False,False,65.0,18.378750233907738,7.650620839600045,0.8482876591964678,27.0,True,3,4,4,6,-2.788283219029608,288.54546477355194,496276057.8283539,50.34013605442177,False,0.0,0,,,,0.0,0,,,,False,True,False,False,1,,power_play,6,6,True,0,0.75,risk_on,6,False
CMG,31.415000915527344,-25.838053675923646,11.479774930156395,-23.17192129017187,-40.43309719582497,0.6598643124908855,False,1.0305063986802345,10.154392323539748,-9.178951208599539,-6.027518310660818,True,False,False,False,21,35.0,False,0.4617417862962617,2.0118889823892276,True,-2.331635501452183,True,-2.9202709425225515,True,1,0,0.5238308948134968,False,1.0789866579706129,False,4,3,True,True,True,25.0,19.267769741518055,10.791021139117262,0.16712926269987483,23.0,False,0,2,3,4,-16.047561590747183,37.41999816894531,613129280.603195,16.802721088435373,False,0.0,0,,,,0.0,0,,,,False,False,False,False,0,,none,0,0,False,-2,0.5,risk_on,6,False
CMI,523.8400268554688,-27.73542288265659,30.275887349983254,24.56339796770517,7.302222062052067,0.3809143387963639,False,0.7628545264042197,5.434859736478303,-14.692175602262104,-1.5763774911537243,False,True,False,True,20,33.33333333333333,False,0.41585584509884044,1.0741211645231552,False,-3.583648087146697,True,-0.8479672180956688,True,2,0,0.5183430306728372,False,0.9459176970130332,False,8,3,True,False,False,25.0,10.639724412179502,6.354989370930355,0.27554248405647697,23.0,False,0,2,2,4,-7.708028317971227,567.5900268554688,587006772.1004639,65.71428571428571,False,0.0,0,,,,0.0,0,,,,False,False,False,False,0,,none,0,0,False,-2,0.5,risk_on,6,False
CMS,65.43000030517578,-16.849751146728174,4.5207698083644665,-7.922838934881915,-25.18401484053502,0.27950288667085915,False,0.875430825649575,3.2095403928222828,-15.27046878740429,0.13774712630794106,False,False,False,True,20,33.33333333333333,False,0.535091978111966,0.8031505731346076,True,-2.178222485666482,True,2.651394073119251,True,2,1,0.6137437003501369,True,0.7042923937336705,False,5,1,False,False,False,25.0,10.193194395342989,4.860156335539907,0.44413006013948736,23.0,False,1,2,1,4,-5.666090355525821,69.36000061035156,260791434.31097794,29.523809523809526,False,0.0,0,,,,0.0,0,,,,False,False,False,False,0,,none,0,0,False,-2,0.5,risk_on,6,False
CNC,66.22000122070312,-4.595882831148246,108.23900254541078,75.04625433653311,57.785078430880006,0.37549900032625333,True,0.8926169435743296,6.735123833066731,76.72804660629393,1.7048081707053298,False,False,False,True,22,36.666666666666664,False,0.4104147134154909,1.4014590882646976,False,0.652429747025509,True,5.127797199822126,False,1,1,0.6867049053046743,True,0.664785342823166,False,5,2,True,False,False,55.0,18.612666373236834,11.975234308356573,0.7368830035798111,19.0,False,8,4,4,6,-4.89730887149713,69.62999725341797,301310311.508379,88.36734693877551,True,0.0,0,,,,0.0,0,,,,False,True,False,False,1,,power_play,6,6,True,0,0.75,risk_on,6,True
CNH,11.510000228881836,-20.069440737550547,26.0423015371402,10.782655021789168,-6.478520883863936,0.7357651156160475,False,0.9787971771645866,18.28844877542752,0.35492675504149584,-14.423788906278768,False,True,False,False,25,41.66666666666667,True,0.44374753017462026,1.9255752708287375,True,-1.4251467334937362,True,-14.550853743815894,False,0,0,0.4198564990674578,False,0.5788834490309414,False,4,2,True,False,False,25.0,20.57399981757516,18.28844877542752,0.008403552604668548,24.0,False,1,2,2,2,-20.40110512781973,14.460000038146973,207283723.40027246,53.12925170068027,False,0.0,0,,,,0.0,0,,,,False,False,False,False,0,,none,0,0,False,-4,0.25,risk_on,6,False
CNI,117.62000274658203,-9.438260343026617,31.61160841730284,25.31222206128092,8.051046155627816,0.3287363192826689,False,1.0039609322313283,4.353003423757203,7.166435048475761,-1.1181120099051922,False,True,False,True,20,33.33333333333333,False,0.4317925116864492,0.7894227347341085,False,-2.441442106696269,True,-1.7951022432535435,True,2,0,0.5279376256135484,False,0.848176273954426,False,7,3,True,False,False,25.0,7.153809353532463,5.560279512676165,0.2956859126825011,24.0,False,1,2,2,5,-5.038528705676604,123.8607628372046,129633101.07607308,66.25850340136054,False,0.0,0,,,,0.0,0,,,,False,False,False,False,0,,none,0,0,False,-1,0.625,risk_on,6,False
CNK,36.63999938964844,-4.5336155029769625,68.56790075139858,39.429763767445756,22.168587861792652,0.1332848475659592,True,1.0854670829515058,5.594986588173855,21.338177365898424,4.715626270452766,False,True,False,True,25,41.66666666666667,True,0.4804453886028274,1.6151425689149963,True,0.17804757571483903,True,1.6366162692767805,True,2,0,0.3818554257224097,False,1.1458739349034357,False,5,1,False,False,False,55.0,16.862938023828182,10.835156350534037,0.6311670803407857,9.0,False,6,2,4,6,-6.219606665360933,39.06999969482422,74147350.1223381,75.91836734693878,False,0.0,0,,,,0.0,0,,,,False,True,False,False,1,,power_play,6,6,True,0,0.75,risk_on,6,False
CNM,40.439998626708984,-31.562026531932773,0.17339533484339587,-20.72142725470789,-37.982603160360995,0.22665698763220185,False,0.934120563575434,7.801678749843295,-24.495896957024044,-5.092705826236021,True,True,False,True,18,30.0,False,0.41528062987885195,1.1340524399742118,False,-2.606160935605164,True,-2.2007252261003862,True,2,0,0.5662884189507913,False,1.1305310791000622,False,4,1,False,False,False,25.0,11.52637128950042,8.03659770120147,0.199610135583374,23.0,False,0,1,3,4,-9.225590753618928,44.54999923706055,101861980.58795032,19.115646258503403,False,0.0,0,,,,0.0,0,,,,False,False,False,False,0,,none,0,0,False,-2,0.5,risk_on,6,False
CNO,52.9900016784668,-6.31783243469517,39.80681694319195,34.19363321221687,16.932457306563762,0.1158824159119618,False,0.9756068696848212,3.8686529007859827,25.08641049921785,-4.021006054735132,False,True,False,True,23,38.333333333333336,False,0.42194466520790785,0.8699316624420715,False,-1.3841586793145209,True,-1.615296921696574,True,2,0,0.4126830123464863,False,1.1306594957377811,False,5,4,True,False,False,65.0,11.356140629097052,5.43498957707254,0.32333825731028226,49.0,False,2,2,2,5,-7.684265908314314,57.40083442963087,59631790.90810318,72.17687074829932,False,0.0,0,,,,0.0,0,,,,False,False,False,False,0,,none,0,0,False,-1,0.625,risk_on,6,False
CNP,38.70500183105469,-13.551714369090451,5.693618132125411,1.2152270684996136,-16.04594883715349,0.2686057719008776,False,0.8423047799373347,3.1262184263716644,-8.379410234923569,1.2689706825253833,False,False,False,True,24,40.0,True,0.49086440483168187,0.7780139503943139,True,-0.6606007720703246,True,2.4212778337123098,True,2,1,0.6214992052023877,True,0.9927072495101682,False,5,2,True,False,False,25.0,9.886029777322248,6.0715726072717855,0.5852135130096419,23.0,False,2,3,2,5,-4.1005915616175725,40.36000061035156,261957408.11795807,40.06802721088435,False,0.0,0,,,,0.0,0,,,,False,False,False,False,0,,none,0,0,False,-1,0.625,risk_on,6,False
CNQ,49.5,-3.9767202083424102,70.30010438259242,55.722306280289715,38.46113037463661,0.3523198072206205,True,0.9359497566733721,5.414142030658144,7.744463806777957,-0.2820293943791463,False,True,False,True,32,53.333333333333336,True,0.46555966523900605,1.1105032579155947,True,0.7706453314761141,True,2.1882770506656213,True,2,0,0.5422222822731511,False,0.6029891545753362,False,5,2,True,False,False,55.0,15.599315257750964,6.7676736850931185,0.7100963178525193,21.0,False,6,3,4,6,-4.522298932201386,51.84456626668263,267788111.96104202,82.92517006802721,True,0.0,0,,,,0.0,0,,,,False,True,False,False,1,,power_play,6,6,True,0,0.75,risk_on,6,False
CNX,34.08000183105469,-20.018771783881697,9.335905510548637,4.5719597161415715,-12.689216189511534,0.257741529376602,False,0.9398076225674079,9.30163731991563,-13.260368956656531,3.6181284995121743,False,False,False,False,23,38.333333333333336,False,0.4921232799347232,1.43391453729093,True,-0.9606391259003042,True,8.19048200334822,False,0,0,0.5327932504682888,False,0.693709289360953,False,4,3,True,False,False,25.0,18.89328045362228,10.269946903177885,0.4602512007384658,23.0,False,1,2,2,5,-10.197625438954038,37.95000076293945,71304531.31607056,44.89795918367347,False,0.0,0,,,,0.0,0,,,,False,False,False,False,0,,none,0,0,False,-1,0.625,risk_on,6,False
CNXC,25.94499969482422,-43.3563733559686,25.78835426931214,-43.3563733559686,-60.617549261621704,0.19936995317980816,False,1.286927522959975,14.338020262519397,-4.029759649178633,-6.907072430723793,False,True,False,False,25,41.66666666666667,True,0.4655836168154984,3.5175671992719524,True,-0.47366277577429,True,4.154957261148429,True,1,0,0.5121741703882897,False,0.4186486969565137,False,6,2,True,False,False,25.0,30.39336514670406,21.545578024050016,0.33316477696463154,24.0,False,1,2,2,3,-20.267366426397793,32.540000915527344,61781467.03290634,6.598639455782313,False,0.0,0,,,,0.0,0,,,,False,False,False,False,0,,none,0,0,False,-3,0.375,risk_on,6,False
COCO,58.130001068115234,-30.814087847369244,48.7842373231858,35.91302418974698,18.651848284093873,0.4133003596515496,False,1.105655580426436,13.452605455246673,20.128129368297486,4.138304166822149,False,False,False,False,17,28.333333333333332,False,0.44940389564674615,2.5495544402546373,True,-0.4442713323080867,True,3.859209934433827,True,1,0,0.373292675262774,False,1.0326149934454096,False,4,2,True,False,False,25.0,17.691676249563844,14.166517537140141,0.7076994995692856,12.0,False,2,3,3,4,-5.171285821205696,61.29999923706055,79413828.76882401,73.26530612244898,False,0.0,0,,,,0.0,0,,,,False,False,False,False,0,,none,0,0,False,-2,0.5,risk_on,6,False
COF,200.22999572753906,-21.465556761829298,14.593755163248613,-3.51040690157568,-20.771582807228786,0.4034423016462309,False,0.9157589018421293,3.6508004367840843,2.151154874883776,-1.0867939672189686,False,False,False,True,22,36.666666666666664,False,0.4876612605691598,1.1209299452165054,True,-2.2501539448347927,True,2.82970135183529,True,2,0,0.5208995046948759,False,0.9481735244292099,False,4,3,True,False,False,25.0,14.037235536272435,5.273933868012044,0.33720539193022414,24.0,False,1,2,2,5,-9.303804025646823,220.77000427246094,734166959.6465576,34.08163265306122,False,0.0,0,,,,0.0,0,,,,False,False,False,False,0,,none,0,0,False,-1,0.625,risk_on,6,False
COGT,30.875,-27.929505392088817,118.50672151407574,90.70413206627583,73.44295616062273,0.566476852063434,False,0.8648387369833985,8.680162931743421,-15.457284739884546,-1.9841269841269882,True,False,False,False,17,28.333333333333332,False,0.3737145118691165,1.6752492468923519,False,-3.1916168245934107,True,-0.46744182986425686,True,1,0,0.48557795636797574,False,0.8844780927835052,False,6,1,False,False,False,25.0,19.748250254384285,13.182179068746839,0.30949003275182607,23.0,False,2,1,2,2,-13.636363636363635,35.75,68400105.2507103,91.02040816326532,True,0.0,0,,,,0.0,0,,,,False,False,False,False,0,,none,0,0,False,-4,0.25,risk_on,6,False
COHR,311.3399963378906,-27.067866275979146,184.66671712470122,154.4666940913316,137.2055181856785,0.9252576763567927,False,0.828412533350802,13.772726083119673,1.1073957533262346,-1.8968960459848416,True,False,False,False,27,45.0,True,0.41185819871325324,2.7543079459347974,False,0.3542812075731469,True,-7.6252111189956455,False,0,0,0.5229183813579529,False,0.9218476325412612,False,3,2,True,True,False,25.0,22.723549111368442,21.18905440890007,0.6082924028681649,4.0,False,5,2,3,4,-8.900986820721378,341.760009765625,2142417505.269455,95.71428571428572,True,0.0,0,,,,0.0,0,,,,False,False,False,False,0,,none,0,0,False,-2,0.5,risk_on,6,False
COHU,68.17500305175781,-7.759437594631946,241.90070825381662,226.3523458288868,209.09116992323368,0.2893008333807924,True,0.91626031487918,12.77594234628799,81.22010895108293,18.051953336377167,False,False,False,False,28,46.666666666666664,True,0.43347230979547613,2.182657944229522,False,3.1701148160789634,True,-7.219651691367535,False,0,1,0.46501666996556745,False,1.3116928089219562,True,3,0,False,False,False,25.0,38.021659338874485,17.381740753017567,0.7379299086831199,4.0,False,9,2,2,3,-9.964339734958138,75.72000122070312,66271818.28355332,97.75510204081633,True,0.0,0,,,,0.0,0,,,,False,False,False,False,0,,none,0,0,False,-3,0.375,risk_on,6,False
COIN,180.69000244140625,-53.310076888525515,28.067196209063038,-53.310076888525515,-70.57125279417862,0.6761730669756886,False,0.8615844224639287,11.7023653698371,3.5294812955903643,-6.980693723857789,False,False,False,False,19,31.666666666666664,False,0.49032738547426813,2.9570795480062224,True,0.6449645663764062,True,-1.2622937478654395,True,1,0,0.29299653782718127,False,0.7879579597437831,False,6,3,True,False,False,55.0,33.22613191202154,15.880794142732885,0.6006934570613451,14.0,False,0,2,2,3,-13.267411869013046,208.3300018310547,1842653844.2808685,3.2653061224489797,False,0.0,0,,,,0.0,0,,,,False,False,False,False,0,,none,0,0,False,-3,0.375,risk_on,6,False
COKE,198.27999877929688,-8.341640756886527,61.96337660901872,61.96337660901872,44.70220070336561,0.4999493229726966,True,0.8803195838148051,5.396407612525874,0.16431616010932348,3.2278201213760127,False,True,False,True,20,33.33333333333333,False,0.45928439347314315,1.4336841011736587,True,1.288163390121099,True,3.2493260317222994,True,2,0,0.48743743370485726,False,0.5915191603827666,False,4,2,True,False,False,65.0,13.734891056380613,6.057088249331755,0.8659192304354827,17.0,True,4,4,5,6,-1.8415847627243243,202.0,104256204.0250946,84.96598639455783,True,0.0,0,,,,0.0,0,,,,False,True,False,False,1,,power_play,6,6,True,0,0.75,risk_on,6,False
COLB,28.385000228881836,-14.51535986585234,23.972702191327077,16.290835648431766,-0.9703402572213378,0.27958562430217615,False,1.0006213953534344,4.4389650122312885,-0.22435234293090023,-5.162044973406732,False,False,False,True,19,31.666666666666664,False,0.4223921637790978,0.9432031053084657,False,-2.8003357556102744,True,-1.8499303112058274,True,2,0,0.4324467676933783,False,0.7318402489787412,False,7,3,True,False,False,25.0,9.705596942120884,5.953850697306093,0.15833346048990884,24.0,False,0,2,2,4,-8.168876192154606,30.90999984741211,80582277.55905437,58.0952380952381,False,0.0,0,,,,0.0,0,,,,False,False,False,False,0,,none,0,0,False,-2,0.5,risk_on,6,False
COMP,9.385000228881836,-30.89101412659936,40.49401901281142,29.09216304682547,11.830987141172365,0.33117546323604075,False,0.8359669132012988,6.819396139737824,31.626929568678385,-6.8948382944897135,False,False,False,True,21,35.0,False,0.3803988585161295,1.9742118855646091,False,-3.3154435940977596,True,1.7895873869231416,True,2,0,0.47801968054784016,False,0.538611896132757,False,6,1,False,False,False,25.0,23.313977023902257,10.868401483362373,0.3065135233593602,24.0,False,2,1,1,3,-16.167927782786805,11.194999694824219,165157890.44591427,68.70748299319727,False,0.0,0,,,,0.0,0,,,,False,False,False,False,0,,none,0,0,False,-3,0.375,risk_on,6,False
COO,54.11000061035156,-35.82779790537288,1.5768728090286066,-22.422938193044352,-39.68411409869746,0.3196170997134486,False,0.7302391657085431,6.098686379296099,-24.532771389918263,-2.1342019997044326,False,False,False,True,22,36.666666666666664,False,0.44486619887974654,1.2603277810943012,True,-8.28608022178794,True,-4.920047873076694,True,2,0,0.5391495517025835,False,1.1330672311511845,False,6,1,False,False,False,25.0,27.624863944455242,7.355386245319928,0.1592193881399584,24.0,False,0,1,2,3,-23.226450009769483,70.4800033569336,261656444.4022812,17.61904761904762,False,0.0,0,,,,0.0,0,,,,False,False,False,False,0,,none,0,0,False,-3,0.375,risk_on,6,False
COP,134.6699981689453,-4.638155356988882,62.170977591118515,51.07740914432839,33.81623323867529,0.33763037208232094,True,0.9292285501000246,7.9832236030707024,10.480277653623826,2.154286807588912,False,True,False,True,32,53.333333333333336,True,0.5472877182493744,1.3788400209513239,True,1.7783225084101926,True,6.248519265440078,False,1,0,0.5995358671051334,False,0.7469260907820506,False,6,1,False,False,False,45.0,19.41196042279424,8.985672918045447,0.7471920997028629,18.0,False,6,2,4,6,-4.907496955137736,141.6199951171875,877887053.1913697,80.8843537414966,True,0.0,0,,,,0.0,0,,,,False,True,False,False,1,,power_play,6,6,True,0,0.75,risk_on,6,False
COR,324.92498779296875,-12.778253689425744,29.1069391841307,4.228026382936312,-13.033149522716792,0.2691646221292684,False,0.9861099399138827,5.305837003019214,2.2514711117756825,5.228638214100023,False,True,False,True,25,41.66666666666667,True,0.4602483644168763,1.187444286908113,True,0.8618330575829555,True,5.136709473237255,False,1,1,0.7163839977221723,True,1.139952198516748,False,7,2,True,False,False,25.0,12.202017442456098,9.263669067248282,0.7296336104230183,24.0,False,2,4,3,5,-3.299015401472216,336.010009765625,379564800.29435426,44.14965986394558,False,0.0,0,,,,0.0,0,,,,False,False,False,False,0,,none,0,0,False,-1,0.625,risk_on,6,False
CORT,122.0,-1.270534675650714,279.4712106056885,38.07152462344759,20.810348717794483,0.14278793579203236,True,1.126750602931463,6.311472908395236,181.75520126933392,10.617462133708312,True,True,False,True,20,33.33333333333333,False,0.4193103362003938,2.178049460517072,False,1.258013010520275,True,4.964291900902018,True,2,0,0.5922378986301963,False,0.32756622837263,False,3,1,False,False,False,25.0,11.85571032329599,8.909832063268443,0.944368290218863,4.0,True,8,3,6,6,-0.6595534359548294,122.80999755859375,193398691.21265906,74.96598639455783,False,0.0,0,,,,0.0,0,,,,True,True,False,False,2,power_play,sepa_vcp,6,6,True,0,0.75,risk_on,6,False
CORZ,15.265000343322754,-47.650890181065996,12.490793563871861,-15.382485761495158,-32.643661667148265,0.35729003489474603,False,0.7884888555447586,13.953482560505215,-18.41260774838247,-15.147301069843422,False,False,False,False,21,35.0,False,0.46152240293472324,2.4730814266253303,True,-3.204530199400001,True,-7.2036496331745585,False,0,0,0.38747430040622566,False,0.6658514954543535,False,5,2,True,False,False,25.0,22.416949509392804,16.246311735729073,0.10151702102846379,12.0,False,0,2,2,2,-20.141247574653764,19.114999771118164,192149292.6731948,22.925170068027214,False,0.0,0,,,,0.0,0,,,,False,False,False,False,0,,none,0,0,False,-4,0.25,risk_on,6,False
COST,947.0499877929688,-13.320078490004795,11.909394776348424,1.02722242294091,-16.233953482712195,0.34445594288748993,False,1.0022508836556638,4.0652553187526514,-3.15214791534969,5.779002845434977,False,True,False,True,24,40.0,True,0.4478524182211371,0.775637033446761,True,1.0030059081155773,True,2.8675351847960107,True,2,3,0.6261781998679485,True,1.2833002567551046,True,2,2,True,False,False,35.0,9.378240470839238,5.223586013491344,0.6997483527389347,33.0,True,2,7,5,6,-2.8158321497798733,974.489990234375,2132429918.8549073,39.72789115646258,False,0.0,0,,,,0.0,0,,,,False,True,False,False,1,,power_play,6,6,True,0,0.75,risk_on,6,False
CP,84.41999816894531,-12.499652057730582,23.3529131820567,12.195269345857174,-5.0659065597959305,0.32976486192659865,False,0.8592820776132933,3.5891955046399047,4.124027792258933,-3.287505214693287,False,True,False,True,20,33.33333333333333,False,0.4325113519594877,0.7517667270019258,False,-3.6169154758344337,True,-1.7686807415409067,True,2,0,0.5095211713267996,False,0.45686063520699655,False,8,3,True,False,False,25.0,9.627876974518568,4.8566673336286765,0.13191825338419966,24.0,False,0,2,2,4,-8.357784260242129,92.11911506884344,195364563.8980255,54.5578231292517,False,0.0,0,,,,0.0,0,,,,False,False,False,False,0,,none,0,0,False,-2,0.5,risk_on,6,False
CPAY,396.2550048828125,-6.816147591290078,55.394119561887244,36.24032888683608,18.979152981182978,0.5438948918964341,False,0.9107789951047914,3.5709312745889634,25.727381413355864,-0.37837008393560856,False,False,False,True,27,45.0,True,0.43962407208708126,0.8375943663173177,False,-0.8655285315417511,True,0.4194117470091241,True,2,0,0.5625610709270796,False,0.8087003454348697,False,7,1,False,False,False,65.0,18.235620466867694,5.372797255555168,0.5996793598158374,25.0,False,3,1,1,4,-7.300095259451888,427.4599914550781,198749242.36972046,73.40136054421768,False,0.0,0,,,,0.0,0,,,,False,False,False,False,0,,none,0,0,False,-2,0.5,risk_on,6,False
CPB,19.290000915527344,-35.17510897339547,2.0634989675592186,-31.33636660883998,-48.597542514493085,0.5454415435873198,False,0.8586501124040238,6.376358133017241,-1.5051232155470773,-5.5761386933872,False,False,False,True,20,33.33333333333333,False,0.4566075720899055,1.4365922251646588,True,-3.812337930803161,True,-1.6819567257416512,True,2,1,0.6130064272307294,True,0.744569975262295,False,5,2,True,False,False,25.0,15.031631556690552,8.100370107822954,0.20969478535179162,24.0,False,0,3,3,4,-11.879576803923108,21.89049963208317,148794217.91076738,10.680272108843537,False,0.0,0,,,,0.0,0,,,,False,False,False,False,0,,none,0,0,False,-2,0.5,risk_on,6,False
CPNG,15.925000190734863,-50.95472869714288,15.81818320534445,-50.95472869714288,-68.21590460279599,0.5811968485740959,False,0.9431819785758129,13.56357815724733,-20.967739492709626,11.441569161976538,False,False,False,False,20,33.33333333333333,False,0.47590273405741645,1.6057479019794954,True,1.1766481617921953,True,15.566041359430226,False,0,1,0.7880961467429304,True,0.7760272710208875,False,5,2,True,False,False,35.0,20.512055249626453,16.38932260858458,0.7474600979308725,32.0,False,1,3,2,3,-5.1801124239771905,16.795000076293945,233335618.01202816,4.081632653061225,False,0.0,0,,,,0.0,0,,,,False,False,False,False,0,,none,0,0,False,-3,0.375,risk_on,6,False
CPRI,14.914999961853027,-46.07736788093841,17.348543800850603,-27.279376911707796,-44.540552817360904,0.1323871564832784,False,1.0753035046106,7.97854229585567,-25.685101202570504,1.1186438091730588,False,True,False,True,19,31.666666666666664,False,0.39566584360237345,1.9230332754099884,False,0.6520719362567519,True,3.2894764215576133,True,2,1,0.6018545729957419,True,0.9900717625168828,False,4,1,False,True,True,25.0,23.456796083012517,9.319479362238372,0.6618419962907099,13.0,False,1,3,3,5,-7.9321033368474065,16.200000762939453,77393159.00842114,13.333333333333334,False,0.0,0,,,,0.0,0,,,,False,False,False,False,0,,none,0,0,False,-1,0.625,risk_on,6,False
CPRT,27.264999389648438,-40.41739425322838,2.422984711046361,-38.09037506165102,-55.35155096730412,0.39038047492719846,False,0.6851904878979831,5.33651185137553,-18.000001835643797,-6.881834869341741,False,False,False,True,17,28.333333333333332,False,0.5183346143444898,1.693800496635626,True,-4.409704624126707,True,0.1653199023846641,True,2,0,0.504253673452042,False,0.5430299417998854,False,6,2,True,False,False,25.0,22.17635060926599,5.33651185137553,0.11635637589578167,24.0,False,0,2,3,4,-19.595990821777587,33.90999984741211,282160767.11792487,7.8231292517006805,False,0.0,0,,,,0.0,0,,,,False,False,False,False,0,,none,0,0,False,-2,0.5,risk_on,6,False
CPT,97.77999877929688,-15.934572297584937,4.3830688616707025,-0.08141634344022153,-17.342592249093325,0.22392961336743278,False,0.977225983241128,3.8453615808717387,-1.0614329557196545,-0.2783148974061511,False,True,False,True,17,28.333333333333332,False,0.42482266209022107,0.7562281173588923,False,-3.0599516464694485,True,1.8966232932350113,True,2,0,0.505750693770239,False,0.8246809884554203,False,5,2,True,False,False,25.0,9.576543565815058,3.8453615808717387,0.24571424407407705,23.0,False,0,2,2,4,-7.223450402698339,105.39301063007062,113129717.50453873,38.50340136054422,False,0.0,0,,,,0.0,0,,,,False,False,False,False,0,,none,0,0,False,-2,0.5,risk_on,6,False
CR,205.8800048828125,-8.967526040044959,28.325264034692445,15.532895944072456,-1.7282799615806486,0.25751441789720514,False,0.889904703305914,6.549932140339351,6.519446582588273,4.179743937715852,False,False,False,True,21,35.0,False,0.39875014991263735,0.9179263372452839,False,-0.39609896236069414,True,-1.1143093657232095,True,2,1,0.5425033375740831,False,0.6547338579282096,False,2,2,True,False,False,25.0,8.809260877559721,6.549932140339351,0.6022882908774434,4.0,False,2,4,3,6,-3.503546199720753,213.35499572753906,77768348.64955902,56.80272108843537,False,0.0,0,,,,0.0,0,,,,False,True,False,False,1,,power_play,6,6,True,0,0.75,risk_on,6,False
CRBG,34.01499938964844,-3.2840456054294753,54.945250289974055,9.3399544324277,-7.921221473225405,0.47153068643411467,False,1.0354521090297073,5.409378761146901,38.543661594558465,-2.2838320950270496,True,False,False,True,26,43.333333333333336,True,0.4068510144736222,1.0698544390599076,False,0.6004694506177704,True,-0.04407696205256384,True,2,1,0.431797371163415,False,1.9251734075405813,True,5,1,False,False,False,65.0,15.757232287616821,9.672206304753216,0.7106418360147647,16.0,False,4,3,3,4,-4.559483804233677,35.63999938964844,170998030.90630645,51.56462585034014,False,0.0,0,,,,0.0,0,,,,False,False,False,False,0,,none,0,0,False,-2,0.5,risk_on,6,False
CRCL,85.16999816894531,-43.40111603727371,69.56002179002488,-43.40111603727371,-60.662291942926814,0.7597004645665267,False,0.8093404256331796,10.211582454882482,-13.690719593078338,-7.20200555487761,True,True,False,False,20,33.33333333333333,False,0.4689519108175136,3.02094308634076,True,0.375563660352086,True,4.824613131009614,True,1,0,0.38254834888442185,False,0.9205873726305004,False,5,3,True,False,False,25.0,23.86048611381214,11.177649967277,0.2817531336511185,24.0,False,0,2,4,4,-17.137719380806573,102.78500366210938,1177989444.5879817,6.530612244897959,False,0.0,0,,,,0.0,0,,,,False,False,False,False,0,,none,0,0,False,-2,0.5,risk_on,6,False
CRDO,215.47000122070312,-28.774954037511446,145.38208314710928,42.55376111246723,25.292585206814124,0.538741405746924,False,0.8965571271720274,9.532653468490498,60.36766912912812,22.502701670589744,True,True,False,False,26,43.333333333333336,True,0.4618732759104079,2.805959416941383,True,0.3856318146423264,True,-1.449871102174638,True,1,1,0.5294776571157257,False,1.693788503632686,True,3,2,True,False,False,25.0,35.601709163614885,20.782474834364205,0.8044876202080784,5.0,False,5,3,4,3,-6.960574883238213,231.58999633789062,1657480362.8514953,77.48299319727892,False,0.0,0,,,,0.0,0,,,,False,False,False,False,0,,none,0,0,False,-2,0.5,risk_on,6,False
CRGY,12.805000305175781,-16.68835133039429,70.14285926083805,49.08344932523359,31.822273419580483,4.407962227018365,False,0.9569741992937476,9.293241327782734,2.2908802688463403,-7.877693118025231,False,False,False,False,31,51.66666666666667,True,0.49225646994224803,1.815511653414974,True,-0.8371739113100276,True,-4.368932211706012,True,1,0,0.49821728846234337,False,0.3219544182540383,False,8,1,False,False,False,25.0,18.099548431828406,9.293241327782734,0.048214364173455634,18.0,False,2,1,1,3,-17.226890212361134,15.470000267028809,106315373.38255171,80.27210884353741,True,0.0,0,,,,0.0,0,,,,False,False,False,False,0,,none,0,0,False,-3,0.375,risk_on,6,False
CRH,81.72000122070312,-37.101546975341414,0.31917768125782064,-29.737283713883546,-46.998459619536646,0.23914428109773164,False,0.9224070045353769,4.907002051310012,-29.78092735266944,-5.142194111099396,False,False,False,True,22,36.666666666666664,False,0.4142011500870215,1.0307629599588934,False,-4.0905855186298545,True,-0.26849062014666636,True,2,0,0.526190370305588,False,0.9749300848863484,False,5,2,True,False,False,25.0,15.403297908843557,6.803726266440262,0.1089789948549971,24.0,False,0,2,2,4,-13.724661985285703,94.72000122070312,473408462.44942856,11.564625850340136,False,0.0,0,,,,0.0,0,,,,False,False,False,False,0,,none,0,0,False,-2,0.5,risk_on,6,False
CRL,303.2300109863281,-2.4262246336186677,102.24773280824016,76.15313817908769,58.89196227343459,0.31752507411123787,True,1.2189681396262355,14.797346400917611,70.02916744027263,9.052008073340524,False,False,False,False,29,48.333333333333336,True,0.3970501424536496,1.698963788131715,False,1.5424539080727724,True,4.493610543166393,True,1,1,0.616936236334295,True,0.9398232751198557,False,6,3,True,False,False,55.0,33.189318682453646,16.057118582369327,0.7281687024593936,3.0,False,9,3,3,4,-9.021895561940063,333.29998779296875,309495387.27214354,88.91156462585033,True,0.0,0,,,,0.0,0,,,,False,False,False,False,0,,none,0,0,False,-2,0.5,risk_on,6,False
CRM,229.11000061035156,-13.352769534611452,52.88641079419114,-5.819394842399261,-23.080570748052367,0.24950858473142873,False,0.8662704843289334,6.429230914009521,33.147452464038096,-3.7029243554120406,False,True,False,True,24,40.0,True,0.42579856693850276,1.3733403146722303,False,0.5571293597385865,True,-2.3776052550205318,True,2,0,0.5159041297848235,False,0.4275489326537999,False,6,3,True,False,False,25.0,16.283177787795356,8.362796740023096,0.20584851865311388,24.0,False,2,2,2,4,-12.931309761212395,263.1370702625856,2478391862.0270476,31.020408163265305,False,0.0,0,,,,0.0,0,,,,False,False,False,False,0,,none,0,0,False,-2,0.5,risk_on,6,False
CRML,6.800300121307373,-77.30964205168604,32.55945359854031,-53.77090344206409,-71.0320793477172,0.2559309665790972,False,0.8015723728194519,15.072865565974066,-24.52497282398729,1.0445780391478365,True,True,False,False,18,30.0,False,0.4738486191315684,3.2091980603873784,True,-0.520687184757806,True,-3.2674264814458454,True,1,0,0.28849554753426043,False,0.7959122017575447,False,5,2,True,True,False,25.0,37.13693229298417,18.23448596383083,0.2067877362291642,14.0,False,0,2,3,3,-29.45747013362223,9.640000343322754,80246216.89215727,3.1292517006802725,False,0.0,0,,,,0.0,0,,,,False,False,False,False,0,,none,0,0,False,-3,0.375,risk_on,6,False
CROX,116.97000122070312,-17.154189958141274,59.38139009877359,45.5031746595149,28.241998753861793,0.36174971614919027,False,0.9154562199743231,5.368903430925053,16.71323068846644,-4.311188428634916,False,False,False,True,20,33.33333333333333,False,0.4729632746276994,1.6954343598991493,True,-1.4825972177219002,True,-0.9484250587855514,True,2,0,0.4522483832828278,False,1.070255642612796,False,4,4,True,False,False,25.0,15.03718127943065,8.780032628266055,0.438833977456548,13.0,False,1,2,3,4,-8.438355208842951,127.75,137950874.65289688,78.9795918367347,False,0.0,0,,,,0.0,0,,,,False,False,False,False,0,,none,0,0,False,-2,0.5,risk_on,6,False
CRS,387.635009765625,-37.37625029100613,63.16266241089783,54.91344340517203,37.65226749951893,0.4171334281204753,False,0.668274377921399,4.855084512515486,-12.552415440644948,-5.019353522652192,False,True,False,True,19,31.666666666666664,False,0.376411011980747,1.293199986089054,False,-6.29241503608871,True,-0.2149436127511284,True,2,1,0.6165737608506401,True,0.5704459274363807,False,8,3,True,False,False,25.0,21.065013108639455,4.855084512515486,0.08355585419359586,24.0,False,1,3,3,4,-19.304907944747786,480.3699951171875,303783144.59855497,82.6530612244898,True,0.0,0,,,,0.0,0,,,,False,False,False,False,0,,none,0,0,False,-2,0.5,risk_on,6,False
CRSP,53.690101623535156,-28.33675529133962,21.08728335311372,-28.33675529133962,-45.597931196992725,0.5273910129266124,False,1.1803384335689906,19.854683684821484,-2.078971675091046,-5.074080056707874,False,False,False,False,23,38.333333333333336,False,0.44187262303672337,2.786978859638268,True,-0.3968070110922157,True,-3.1389115498131503,True,1,0,0.4053828010969004,False,0.9799240116655865,False,5,3,True,False,False,25.0,17.621871784961648,19.854683684821484,0.34300008449375585,13.0,False,0,2,2,3,-11.577568273781669,60.720001220703125,100732968.87893581,12.653061224489795,False,0.0,0,,,,0.0,0,,,,False,False,False,False,0,,none,0,0,False,-3,0.375,risk_on,6,False
CRUS,107.2699966430664,-40.03912783522213,0.0,-14.032699396961101,-31.293875302614204,0.8501220636225494,False,0.8794907215070257,15.074110818470404,-33.41403316016045,-9.72058835332662,True,False,False,False,16,26.666666666666668,False,0.3800800917233542,1.4354314100742505,False,-3.090869019039324,True,-11.471487774142219,False,0,0,0.48539680433818055,False,0.8738768816870036,False,3,0,False,False,False,35.0,14.821641574163952,15.5402243783167,0.05462383036911997,18.0,False,0,1,2,2,-14.012026739024929,124.75,92618528.10436249,23.877551020408163,False,0.0,0,,,,0.0,0,,,,False,False,False,False,0,,none,0,0,False,-4,0.25,risk_on,6,False
CRWD,273.0799865722656,-2.072724335838272,211.86864990408637,114.54637043842743,97.28519453277433,0.45637835929239107,True,0.875352233504662,9.29031652433958,171.55926133863403,14.908476156415906,False,True,False,False,26,43.333333333333336,True,0.4791006680551228,2.466227529492276,True,4.371678245859784,False,1.1257509743553662,True,1,1,0.5127970095905188,False,2.932685622453464,True,3,2,True,False,False,25.0,28.82330003717532,14.8234941108827,0.8318422869593592,3.0,False,10,3,4,4,-4.84686021653562,286.989990234375,2669058809.111679,93.19727891156462,True,0.0,0,,,,0.0,0,,,,False,False,False,False,0,,none,0,0,False,-2,0.5,risk_on,6,False
CRWV,82.04979705810547,-42.65460161582341,34.90594782934191,-42.65460161582341,-59.915777521476514,0.47178755198362793,False,0.7532994912605879,15.332154718366784,-25.591911167193615,0.8478324023834194,False,False,False,False,20,33.33333333333333,False,0.42989599597254546,2.0817777971598064,False,-1.3930316294914336,True,-8.447004526302893,False,0,0,0.348872340816562,False,0.6907588827059903,False,3,0,False,False,False,25.0,25.16493031493593,15.332154718366784,0.1436094399264888,23.0,False,0,1,1,2,-21.551008766618864,104.58999633789062,2551070131.6941123,7.006802721088436,False,0.0,0,,,,0.0,0,,,,False,False,False,False,0,,none,0,0,False,-4,0.25,risk_on,6,False
CSCO,118.19599914550781,-8.386085212691107,78.45270507185711,72.07574707434756,54.81457116869446,0.29455025845259486,True,0.9074449963414662,5.850452608818407,44.6242787193418,8.350111009972183,False,False,False,True,26,43.333333333333336,True,0.45247973105378525,1.230164983372381,True,2.302189528269314,True,5.34403062420008,False,1,3,0.6445565942469134,True,1.5293357105335434,True,2,0,False,False,False,45.0,16.19757295978098,10.9007619566645,0.7002084874523429,43.0,False,7,5,4,5,-4.8558948972137745,124.22839966576818,2078990833.2001374,87.75510204081633,True,0.0,0,,,,0.0,0,,,,False,False,False,False,0,,none,0,0,False,-1,0.625,risk_on,6,False
CSGP,29.735000610351562,-61.99028590771994,10.333950903785972,-61.6471029555958,-78.9082788612489,0.39943861309643386,False,0.812910899127532,10.055489186965962,-19.765246874001875,2.217258351256124,False,True,False,False,21,35.0,False,0.46951842832503776,1.7202289365825822,True,-0.47919055480851186,True,8.601174294261838,False,0,0,0.5528257613069247,False,0.5921063058179493,False,5,3,True,False,False,25.0,16.68237347995609,12.24146398161248,0.6054614832277228,19.0,False,1,3,3,4,-6.58183888902305,31.829999923706055,175676024.88312244,1.3605442176870748,False,0.0,0,,,,0.0,0,,,,False,False,False,False,0,,none,0,0,False,-2,0.5,risk_on,6,False
CSL,321.94000244140625,-22.38020223632793,10.025078967563372,1.1915752998985951,-16.06960060575451,0.342271528230958,False,1.0184827560424512,7.125552049277063,-9.158130863655344,2.300600557210042,True,True,False,True,20,33.33333333333333,False,0.4507974668785635,1.333996684660145,True,-2.2017691288553545,True,-2.246916250309383,True,2,0,0.5070001063951983,False,0.44405611567641473,False,5,1,False,False,False,25.0,12.455217787320146,7.28396969286201,0.2615487956744624,24.0,False,0,1,3,4,-9.197570575183423,354.54998779296875,171698528.76141968,39.86394557823129,False,0.0,0,,,,0.0,0,,,,False,False,False,False,0,,none,0,0,False,-2,0.5,risk_on,6,False
CSX,47.39500045776367,-10.718111008693764,42.53034974000687,33.16011025514776,15.898934349494652,0.2395906690559032,False,0.7931577491305554,2.046631947113382,12.56301498153638,0.6263311957529272,False,True,False,True,19,31.666666666666664,False,0.48184307600536447,0.8645093308081899,True,-2.26166321425505,True,-0.07379263585686191,True,2,1,0.6039058961464951,True,0.9118602478906822,False,4,3,True,False,False,25.0,7.83011144475208,3.9666653654547552,0.4125963480887285,24.0,False,3,3,3,6,-4.599436057519613,49.68000030517578,485304069.2090502,71.49659863945578,False,0.0,0,,,,0.0,0,,,,False,True,False,False,1,,power_play,6,6,True,0,0.75,risk_on,6,False
CTAS,202.64999389648438,-6.167082445965,24.566706494762116,6.747125792844888,-10.514050112808217,0.24509485442181567,False,1.0330808629159234,5.418206789163662,15.965884512880013,2.5349091895910725,True,True,False,True,27,45.0,True,0.5156894556052173,1.021746993095142,True,0.6044786887974772,True,4.989114812384954,True,2,0,0.5772316466351542,False,1.1953159843036116,False,5,2,True,False,False,65.0,18.989822884127072,5.492223024545831,0.6157235689415671,51.0,False,3,3,4,6,-7.297341364344112,218.60213814681236,389454164.6269226,48.29931972789115,False,0.0,0,,,,0.0,0,,,,False,True,False,False,1,,power_play,6,6,True,0,0.75,risk_on,6,False
CTRE,36.05500030517578,-16.04378307436416,14.065913854644062,10.995825502799272,-6.265350402853832,0.19075153947478238,False,0.7425327908836693,4.049377026243805,-5.298440705029295,-2.938204400292632,False,False,False,True,21,35.0,False,0.4095907040718284,0.7719136566368775,False,-3.8593159451100667,True,-0.6749282011957569,True,2,0,0.3998431270409138,False,0.6365473007876866,False,5,2,True,False,False,25.0,11.04345076466782,5.355024075381689,0.17694859737679058,24.0,False,0,2,2,4,-9.089327641660205,39.65981041594203,99703593.17689896,53.40136054421769,False,0.0,0,,,,0.0,0,,,,False,False,False,False,0,,none,0,0,False,-2,0.5,risk_on,6,False
CTSH,59.29999923706055,-30.36451398404235,54.00904905290482,-11.61917455037048,-28.880350456023585,0.2791605251708197,False,1.0549983972089965,9.325461805134069,-0.762756994710756,-0.9520623099938841,False,False,False,False,25,41.66666666666667,True,0.44143123927209077,1.7320303802691877,True,-0.11645823369854477,True,1.3501981510681382,True,1,0,0.46400215223337693,False,0.8116771290647855,False,6,3,True,True,False,55.0,34.03095278963336,16.930855362567037,0.7251050825700978,25.0,False,2,2,2,4,-9.354935957167164,65.41999816894531,419527963.3332237,26.39455782312925,False,0.0,0,,,,0.0,0,,,,False,False,False,False,0,,none,0,0,False,-2,0.5,risk_on,6,False
CTVA,13.199999809265137,-8.650519145325642,45.581358707164775,41.521309784489134,24.26013387883603,0.44288491911464106,True,1.6019690835261942,21.81818300042272,5.818138588306887,9.248718293986435,False,False,False,False,24,40.0,True,0.4633558530019189,2.5883086443008803,True,1.1940866188703165,True,10.738252724652298,False,0,0,0.40222604152209157,False,1.1505566823539144,False,4,2,True,True,False,25.0,21.49200325814809,23.80402194809223,0.548077357916184,2.0,False,5,2,3,4,-9.71272289609627,14.619999885559082,551617656.7397865,76.80272108843538,False,0.0,0,,,,0.0,0,,,,False,False,False,False,0,,none,0,0,False,-2,0.5,risk_on,6,False
CUBE,37.685001373291016,-10.060975998348143,12.826196051236117,0.3151751055737062,-16.946000800079396,0.2507847781196005,False,1.0176117663877948,3.0516159850639197,-0.7420859852372508,-3.3525065019327727,False,False,False,True,25,41.66666666666667,True,0.4531510068206138,0.900973268333408,True,-2.1176225677206895,True,0.43976789316164666,True,2,0,0.44400038157839533,False,0.5904787845559304,False,6,1,False,False,False,25.0,8.10007265503863,4.493115528575012,0.34375689657996894,17.0,False,2,1,1,4,-5.315616817070278,39.80065149760103,109126111.7075264,38.843537414965986,False,0.0,0,,,,0.0,0,,,,False,False,False,False,0,,none,0,0,False,-2,0.5,risk_on,6,False
CVCO,537.3200073242188,-22.993579482334823,17.895382616069377,6.011640693258702,-11.249535212394402,0.5077320490367776,False,1.0779779400948406,10.963666407639458,2.6320873047359417,1.1825906818171195,False,False,False,False,25,41.66666666666667,True,0.46067613296704124,1.4990451986773763,True,-1.365315146834883,True,-8.170833346372131,False,0,1,0.5168748326357624,False,1.2914096627709395,True,4,1,False,False,False,25.0,13.666271319157842,13.083448752085971,0.26509877929694803,5.0,False,1,2,1,2,-10.04335947490821,597.3099975585938,62275600.018563844,47.48299319727891,False,0.0,0,,,,0.0,0,,,,False,False,False,False,0,,none,0,0,False,-4,0.25,risk_on,6,False
CVE,31.3700008392334,-7.517681212749904,101.22634061150757,76.40694300643733,59.14576710078423,0.7621026729973005,False,1.0362154506738146,5.132293807075674,20.470220840994457,-3.83199918326651,False,False,False,True,30,50.0,True,0.4545390725283237,1.3628075639169175,True,-0.04326239759548863,True,-3.1790143152395034,True,2,0,0.39642576071459823,False,0.6088532760398727,False,6,1,False,False,False,55.0,20.175611166204177,6.248004564989848,0.6031912758867909,18.0,False,4,2,2,4,-8.00585852506569,34.099998474121094,252504420.20633355,88.9795918367347,True,0.0,0,,,,0.0,0,,,,False,False,False,False,0,,none,0,0,False,-2,0.5,risk_on,6,False
CVI,58.38999938964844,-1.9314771719780022,183.55780797449302,63.612295869274234,46.35111996362113,0.2784990762566095,True,1.1663846304038223,12.690529071534426,87.5899423740099,8.753959551418866,False,True,False,False,33,55.00000000000001,True,0.3930930207389461,2.23301338806316,False,4.8656986759009575,False,6.492791245134399,False,0,0,0.502023834879344,False,1.0739222604217722,False,4,1,False,False,False,25.0,30.528730527575316,19.301251199810174,0.8552278529740114,0.0,False,8,0,3,4,-4.419709864454924,61.09000015258789,55543824.216664314,85.51020408163265,True,0.0,0,,,,0.0,0,,,,False,False,False,False,0,,none,0,0,False,-2,0.5,risk_on,6,False
CVLT,154.99000549316406,-12.196917209488078,106.15855927642733,-12.196917209488078,-29.458093115141182,0.35737733542867123,False,1.0012872928586207,6.361700923216268,72.94130857307425,7.229841353558331,True,False,False,True,26,43.333333333333336,True,0.4771579414710384,1.9619105887590405,True,2.602279795762784,True,3.1341540804670664,True,2,2,0.5842403318315926,False,1.457021048804137,True,2,1,False,False,False,25.0,18.188132230248186,11.09102946859071,0.885377264239994,3.0,True,4,5,5,5,-2.0847734745957913,158.2899932861328,89908909.55745849,25.850340136054424,False,0.0,0,,,,0.0,0,,,,False,False,False,False,0,,none,0,0,False,-1,0.625,risk_on,6,False
CVNA,63.689998626708984,-33.44132406548091,13.214586958463158,-11.549035438764898,-28.810211344418,0.474189654480114,False,0.9064705071329675,6.060607149601721,-11.361925673125228,-2.1809276153144763,False,False,False,True,25,41.66666666666667,True,0.483498657196124,2.1492069233163944,True,-1.721189195140892,True,-0.12545370939376355,True,2,0,0.4624299055858426,False,0.5961643830723258,False,7,3,True,False,False,25.0,22.849291541262513,11.147744743620773,0.27335239005476986,22.0,False,1,2,2,4,-16.603383087400168,76.37000274658203,504974059.88691044,26.53061224489796,False,0.0,0,,,,0.0,0,,,,False,False,False,False,0,,none,0,0,False,-2,0.5,risk_on,6,False
CVS,87.1500015258789,-20.714699589820984,26.22603769744427,17.16983799006917,-0.09133791558393511,0.7577639889986939,False,0.9096228375698173,5.048768157017577,13.278537220668095,-1.9022905016610525,False,False,False,True,17,28.333333333333332,False,0.4757384631344348,1.2221721354803732,True,-2.7087924925131452,True,0.7980597371185505,True,2,0,0.43797921715313637,False,0.467688206141179,False,6,2,True,False,False,25.0,14.033475738829903,6.643709907926384,0.21236350319602273,22.0,False,0,2,2,4,-11.053277668915594,97.9800033569336,800028271.093784,59.115646258503396,False,0.0,0,,,,0.0,0,,,,False,False,False,False,0,,none,0,0,False,-2,0.5,risk_on,6,False
CVX,212.0050048828125,-2.6472880913551378,48.50095263624685,45.31719381169121,28.056017906038107,0.3353669190677653,True,0.9370861286735331,5.547036266118515,12.53204305290414,1.1908789276853016,False,True,False,True,29,48.333333333333336,True,0.5117223057944302,1.0065562390728742,True,2.0152097942227347,True,2.571485015543007,True,2,0,0.546797367980039,False,0.6918247485194935,False,4,1,False,False,False,45.0,15.390804302658006,5.547036266118515,0.8277051792982977,18.0,True,6,3,5,6,-2.651755867781447,217.77999877929688,1948446393.288552,78.77551020408163,False,0.0,0,,,,0.0,0,,,,False,True,False,False,1,,power_play,6,6,True,0,0.75,risk_on,6,False
CW,511.7699890136719,-35.414486334298715,0.8831201863407578,-7.61423660463425,-24.875412510287354,0.2687777198017219,False,0.8220364159633683,11.063557030519188,-30.220261028655425,-9.8994174566155,False,False,False,False,22,36.666666666666664,False,0.3262202943184012,0.9131096854222625,False,-5.747550478862024,True,-6.207394019038082,False,0,0,0.5139558181574031,False,1.0365411244671974,False,5,4,True,False,False,25.0,14.211019039706693,11.063557030519188,0.12239649400916071,16.0,False,0,2,2,4,-12.471640132949158,584.6904817947154,246449781.55422974,29.795918367346943,False,0.0,0,,,,0.0,0,,,,False,False,False,False,0,,none,0,0,False,-2,0.5,risk_on,6,False
CWST,84.05999755859375,-21.68809350991111,12.124844857786133,-5.983677311695357,-23.24485321734846,0.5085700660247819,False,1.0365526033615513,3.961458396109898,-0.9777380575124561,-5.624791909055771,False,False,False,True,20,33.33333333333333,False,0.40168787625567165,1.3106126230291943,False,-1.7847499731177385,True,1.5585368706613423,True,2,0,0.5998660444173637,False,1.0424885091841094,False,5,2,True,True,True,25.0,19.41666021310569,9.374262564449598,0.40835128971504797,24.0,False,0,2,2,4,-11.487841973125123,94.97000122070312,50454543.16595726,30.816326530612244,False,0.0,0,,,,0.0,0,,,,False,False,False,False,0,,none,0,0,False,-2,0.5,risk_on,6,False
CX,9.460000038146973,-29.80914398186726,4.509162896642693,4.509162896642693,-12.752013009010412,0.1890661309062742,False,1.0710174984576974,7.188163873506494,-20.00957834014574,-5.964218254899311,False,False,False,True,14,23.333333333333332,False,0.5479423171974075,1.519353666590518,True,-3.642520475939371,True,-0.7345193786526427,True,2,0,0.4800571684346103,False,0.6471459799137256,False,5,2,True,False,False,25.0,16.717219091127728,7.928118361264936,0.08570926979540813,23.0,False,0,2,2,4,-15.284398449817315,11.166774319064695,72148278.3355341,44.761904761904766,False,0.0,0,,,,0.0,0,,,,False,False,False,False,0,,none,0,0,False,-2,0.5,risk_on,6,False
CXW,33.349998474121094,-6.162077616743799,106.75759584190882,82.14090358743016,64.87972768177706,0.2990387511294047,True,1.1794020724673677,11.994003547268276,67.33566464351817,-5.336364157091033,True,False,False,False,25,41.66666666666667,True,0.5125253252864193,2.7229657619690406,True,0.13335725743339183,True,-0.23931148765888866,True,1,0,0.5171456207516513,False,0.772278644269984,False,5,0,False,False,False,55.0,22.024622175362733,13.073465696662122,0.6024843396000207,15.0,False,8,2,4,4,-8.755132229099349,36.54999923706055,75823920.3675293,89.93197278911565,True,0.0,0,,,,0.0,0,,,,False,False,False,False,0,,none,0,0,False,-2,0.5,risk_on,6,False
CYTK,62.86000061035156,-27.96241224906869,14.791823478988686,4.228153173595928,-13.033022732057177,0.1933380721249695,False,0.8559081932092988,9.4972974271973,-5.785372511584741,-8.607150732790158,False,False,False,False,21,35.0,False,0.42304225026400716,1.5122634397545707,False,-4.155635070449531,True,-4.176826108998233,True,1,0,0.5185657552248718,False,0.3828376436566997,False,3,2,True,False,False,25.0,22.158569436332645,11.899452203166671,0.1803760458480979,23.0,False,0,2,2,4,-18.161694299756448,76.80999755859375,152560925.14670524,44.21768707482993,False,0.0,0,,,,0.0,0,,,,False,False,False,False,0,,none,0,0,False,-2,0.5,risk_on,6,False
CZR,29.485000610351562,-3.0417600845179416,62.54135392737186,28.195654827615478,10.934478921962373,0.41451057213257286,False,0.8682578976607541,1.2209618548394192,10.224301347108655,-0.5229378626472103,False,False,False,True,17,28.333333333333332,False,0.29900288229543676,0.11335150624664589,False,-1.8211514797195798,True,-0.5564890735296757,True,2,2,0.336082580286546,False,1.515808298940574,True,1,2,True,False,False,,,,,,False,3,4,2,6,,,164405911.173532,68.16326530612244,False,0.0,0,,,,0.0,0,,,,False,True,False,False,1,,power_play,6,6,True,0,0.75,risk_on,6,False
D,61.72999954223633,-13.023262488775956,11.508652280607269,6.816601504871134,-10.44457440078197,0.2253477988783787,False,0.9182847556553769,2.510933498387637,0.012682247825823723,-2.909723553852983,False,False,False,True,18,30.0,False,0.5196988700749987,0.8511837664358526,True,-3.028997156768312,True,0.6850402210694995,True,2,1,0.6123505711121104,True,0.5372355043350916,False,6,1,False,False,False,25.0,11.031281546479812,4.3090877484813666,0.3107193008699271,23.0,False,0,2,0,3,-7.603649456658279,66.80999755859375,294085816.0610922,48.50340136054422,False,0.0,0,,,,0.0,0,,,,False,False,False,False,0,,none,0,0,False,-3,0.375,risk_on,6,False
DAL,81.5199966430664,-12.746874134153718,47.638309672951436,38.34451743414613,21.083341528493023,1.102308480471259,False,1.0627370404141807,8.096171179960972,22.204451631977218,2.3863273435593246,True,False,False,False,20,33.33333333333333,False,0.44464073333622395,1.277534316582651,True,-0.8608628143405952,True,-3.056249026932334,True,1,1,0.5613000266413692,False,1.2798277841881414,True,5,2,True,False,False,35.0,11.813856935701477,8.599110396838032,0.5432218677326834,5.0,False,1,3,3,4,-5.396311505963003,86.16999816894531,670924235.5924423,75.3061224489796,False,0.0,0,,,,0.0,0,,,,False,False,False,False,0,,none,0,0,False,-2,0.5,risk_on,6,False
DAR,60.95000076293945,-10.813573267421795,103.77800425904384,94.41786290683945,77.15668700118634,0.565962920658771,False,0.9084780333826457,6.6661192362319,-0.7490621814291387,-6.747245725566387,False,False,False,True,25,41.66666666666667,True,0.43263906985596245,1.6413657152300758,False,-1.1445427111127766,True,-3.161738015871296,True,2,0,0.5075932800767057,False,0.7659527715994601,False,5,2,True,False,False,55.0,17.46213839555302,7.547167213356484,0.2610475553950317,35.0,False,4,2,2,5,-12.903689855424183,69.9800033569336,142662635.3795681,91.42857142857143,True,0.0,0,,,,0.0,0,,,,False,False,False,False,0,,none,0,0,False,-1,0.625,risk_on,6,False
DASH,196.4199981689453,-28.688644921599828,33.98362209497545,-28.688644921599828,-45.949820827252935,0.3579624982196968,False,1.0076014985807693,5.007123280094334,23.06246314004865,1.8036672973485102,True,True,False,True,27,45.0,True,0.44943604618332006,1.707964344853156,True,-1.2908703008829998,True,3.843512824240203,True,2,1,0.6149060241935598,True,0.4656738841522753,False,5,2,True,False,False,25.0,19.819864517347778,10.118623452437394,0.41763237455967606,24.0,False,2,3,4,5,-11.542447435516756,222.0500030517578,767094949.2062263,12.380952380952381,False,0.0,0,,,,0.0,0,,,,False,False,False,False,0,,none,0,0,False,-1,0.625,risk_on,6,False
DAVE,362.989990234375,-17.973924652414553,132.80528123214918,75.63748654879443,58.37631064314132,0.28881686087877684,True,0.894301128199737,12.201432331163359,86.02469182142063,7.450708177268983,True,True,False,False,24,40.0,True,0.5627533903577115,3.344833699197395,True,0.5016169734176869,True,4.737854564199262,True,1,1,0.60811108442817,True,0.8205716520744953,False,3,1,False,False,False,25.0,21.294206797912576,17.937129701434014,0.6195457665787651,24.0,False,7,2,4,5,-8.10147112361308,394.989990234375,104308672.03468628,88.63945578231292,True,0.0,0,,,,0.0,0,,,,False,False,False,False,0,,none,0,0,False,-1,0.625,risk_on,6,False
DB,33.69499969482422,-18.924449996580904,23.101234950555714,-0.8972265065812945,-18.1584024122344,0.4878820634910109,False,1.165624642297446,6.885293710747789,6.637622925175046,-11.282253552022558,False,False,False,True,26,43.333333333333336,True,0.3640414705405697,0.60177850239265,False,-5.078921766289161,True,-3.6459865066406527,True,2,0,0.5694360645402663,False,0.6115465903874732,False,9,2,True,False,False,25.0,20.398842099117424,9.942123473696533,0.06654873602737596,23.0,False,1,2,2,4,-19.04132494099914,41.619998931884766,80740642.3572096,37.95918367346939,False,0.0,0,,,,0.0,0,,,,False,False,False,False,0,,none,0,0,False,-2,0.5,risk_on,6,False
DBX,34.59000015258789,-8.346585547917961,56.79964184038224,18.580733843393805,1.3195579377407007,0.18495447054668976,True,1.0602996886155864,5.059265661405531,52.31176374744049,-5.180919444530718,False,True,False,True,28,46.666666666666664,True,0.5069238010647995,1.9329742207912144,True,0.013811879713162886,True,2.0353940874670684,True,2,1,0.6495141249619072,True,0.8055822662147105,False,5,0,False,False,False,55.0,25.098240701912328,10.349806304032585,0.6263049313533537,18.0,False,4,3,4,5,-9.37908878201118,38.16999816894531,159120126.85762557,60.40816326530612,False,0.0,0,,,,0.0,0,,,,False,False,False,False,0,,none,0,0,False,-1,0.625,risk_on,6,False
DCI,87.52999877929688,-20.060419095812264,11.006149650196196,8.879789368251846,-8.381386537401259,0.2626511690884602,False,0.8413632213737993,4.547016351467113,-0.8666443331300733,1.2609860100703862,False,False,False,True,19,31.666666666666664,False,0.4257568539035527,0.8001344740978497,False,-2.1173201201637584,True,-1.263398451555664,True,2,1,0.47951485709928027,False,1.4281029945230812,True,4,3,True,False,False,25.0,7.135856832364191,5.163940027536597,0.34961829749266765,23.0,False,1,3,2,5,-4.641030715481598,91.79000091552734,59507691.34479523,51.02040816326531,False,0.0,0,,,,0.0,0,,,,False,False,False,False,0,,none,0,0,False,-1,0.625,risk_on,6,False
DD,130.1300048828125,-14.776029001852642,43.139730254737586,35.52670189250624,18.265525986853135,0.2624892001738197,False,0.7179845822907024,3.7039938087755915,-7.231407610718699,0.8681578355677066,False,True,False,True,24,40.0,True,0.39490437873658135,0.7829627733823927,False,-1.8998714469538929,True,0.11540941699050844,True,2,0,0.4950623115369338,False,1.0576850948916061,False,5,2,True,False,False,25.0,8.358206677792678,4.902787223564175,0.6544646275287703,3.0,True,3,4,5,5,-2.888056057602617,134.0,122832512.05411454,73.06122448979592,False,0.0,0,,,,0.0,0,,,,False,False,False,False,0,,none,0,0,False,-1,0.625,risk_on,6,False
DDOG,291.54998779296875,0.0,184.12024934213525,77.69852793194359,60.43735202629048,0.6878079315214379,True,0.8468577053897657,7.9780520457925945,164.85281880756614,26.804971344309813,False,True,False,True,23,38.333333333333336,False,0.4202387597770223,1.990284619641421,False,3.9696756716111548,True,5.169174846391078,False,1,2,0.5009751220608013,False,2.5414024077642443,True,2,0,False,False,False,55.0,30.56845974118233,12.738815367336192,0.9869243017031762,46.0,True,10,5,6,6,-0.3997039569743066,292.7200012207031,770520773.4414489,89.1156462585034,True,0.0,0,,,,0.0,0,,,,True,True,False,False,2,power_play,sepa_vcp,6,6,True,0,0.75,risk_on,6,True
DE,630.5250244140625,-10.91649787935064,45.23001838550056,39.78333865443888,22.522162748785775,0.8906523413584027,False,1.0912938257840534,11.00987926844355,5.07890996870779,-7.596655901430916,False,True,False,False,26,43.333333333333336,True,0.4068904725117378,1.1840419816585521,False,-1.0480810868904509,True,-8.220520463746361,False,0,0,0.5072004683982205,False,0.9172249946768363,False,5,3,True,False,False,45.0,19.676383529509177,11.00987926844355,0.3715005811713546,12.0,False,3,2,2,5,-12.366595612946051,719.5030580224836,852057812.9792602,76.12244897959184,False,0.0,0,,,,0.0,0,,,,False,False,False,False,0,,none,0,0,False,-1,0.625,risk_on,6,False
DECK,83.22000122070312,-31.18901972817302,7.3667899975500495,-15.811833580867374,-33.073009486520476,0.2955993475391505,False,0.8124479006304586,5.599610627685919,-23.04420039725906,6.10735802229907,False,False,False,True,21,35.0,False,0.3592586478895816,1.069089036307034,False,-1.3646928205066333,True,5.181999913793245,False,1,1,0.681407643746342,True,0.7296200335672088,False,4,2,True,False,False,25.0,10.575703335069603,7.426099753094388,0.6593648469776583,23.0,False,1,4,3,5,-3.6024563238603258,86.33000183105469,267361314.7986664,22.312925170068027,False,0.0,0,,,,0.0,0,,,,False,False,False,False,0,,none,0,0,False,-1,0.625,risk_on,6,False
DELL,586.5800170898438,-0.3093146241846534,430.626879746859,280.92649839636164,263.66532249070855,0.48027094720539976,True,0.8440225813353581,8.363734891957538,210.53654767888276,3.260222443200589,False,True,False,False,29,48.333333333333336,True,0.4389381726959166,2.084461510251075,False,3.201944872193433,True,4.277180673257286,True,1,0,0.48943725653764697,False,1.162540591749195,False,3,2,True,False,False,25.0,14.988834495117064,12.765522639913504,0.8999552800943084,15.0,True,12,4,6,6,-1.4995537487767496,595.510009765625,4120965172.5179076,98.57142857142858,True,0.0,0,,,,0.0,0,,,,True,True,False,False,2,power_play,sepa_vcp,6,6,True,0,0.75,risk_on,6,True
DEO,86.81999969482422,-14.140858634344466,21.01079260319818,-5.676522787984206,-22.93769869363731,0.265484553158136,False,0.800966566674517,4.5726805282859235,10.65807087261177,1.4370877550663907,False,False,False,True,24,40.0,True,0.42811762898162664,0.5829330188876577,False,-1.87796189459744,True,2.4424775160167833,True,2,0,0.46015092306115485,False,0.2882917303245656,False,6,1,False,False,False,25.0,8.269019021334547,4.5726805282859235,0.48266703287760415,24.0,False,2,1,1,4,-4.277836145498526,90.69999694824219,81645471.1046936,31.292517006802722,False,0.0,0,,,,0.0,0,,,,False,False,False,False,0,,none,0,0,False,-2,0.5,risk_on,6,False
DFTX,37.810001373291016,-21.960782708154724,254.02621997086828,202.4800109863281,185.21883508067498,0.6742928619653551,False,0.8758921957139273,13.406506374055216,69.93259044175737,-2.576655409984596,False,False,False,False,18,30.0,False,0.47153031306723875,3.0027816052300467,True,-1.2967979878930027,True,1.0962562317769153,True,1,0,0.5023501561009162,False,0.3596339196339196,False,5,1,False,False,False,25.0,24.969158647915123,16.55381815265145,0.45466203509144243,19.0,False,6,1,1,3,-13.61663016253295,43.77000045776367,98681730.73177338,97.14285714285714,True,0.0,0,,,,0.0,0,,,,False,False,False,False,0,,none,0,0,False,-3,0.375,risk_on,6,False
DG,127.82250213623047,-16.97062622885468,35.791498409344726,32.03442362006128,14.773247714408178,0.3692765826142274,False,0.9610790569827972,8.085007050411026,8.261660552886951,4.940511509134038,True,True,False,False,21,35.0,False,0.5155623670534336,1.549894053910015,True,1.159501060300168,True,8.002085785906665,False,0,1,0.5069855748681752,False,0.6229998305120654,False,2,1,False,False,False,65.0,14.694697245429278,8.777843389565634,0.7122113844958086,26.0,False,2,3,4,5,-4.228966575515347,133.46676710658903,281380452.8801788,70.54421768707483,False,0.0,0,,,,0.0,0,,,,False,False,False,False,0,,none,0,0,False,-1,0.625,risk_on,6,False
DGX,230.91000366210938,-6.337309072957775,35.33536801036614,29.40549512428614,12.144319218633036,0.2306471996807237,False,1.109363807511038,3.033518937675856,20.631714076497175,-5.957263363285525,False,False,False,True,20,33.33333333333333,False,0.4250180301816915,0.9531299781552331,False,-1.0476367797496275,True,-0.6692994400679719,True,2,0,0.5330216730391135,False,0.7893432302489821,False,4,3,True,False,False,65.0,19.22520175075213,4.953548945858656,0.6431505587761105,14.0,False,2,3,3,5,-6.860502502172439,247.91845550540495,275107361.456382,69.04761904761905,False,0.0,0,,,,0.0,0,,,,False,False,False,False,0,,none,0,0,False,-1,0.625,risk_on,6,False
DHI,134.2550048828125,-19.500210752407597,1.9109277696151894,-10.254003031471404,-27.51517893712451,0.37750323142141534,False,0.9948529160291937,4.119026165262039,-6.421012148573702,-2.727865000073515,False,False,False,True,21,35.0,False,0.45595623531020013,1.317979288234122,True,-2.178367418126482,True,-0.5518482349537002,True,2,0,0.4768302831382381,False,0.7396756452712447,False,5,0,False,False,False,25.0,8.801601509236011,7.6421691063149595,0.16823562921262256,13.0,False,0,1,1,3,-7.320858541250919,144.86000061035156,445061048.6978439,27.48299319727891,False,0.0,0,,,,0.0,0,,,,False,False,False,False,0,,none,0,0,False,-3,0.375,risk_on,6,False
DHR,220.56500244140625,-8.330408203528917,36.75146044557391,8.662675262888687,-8.598500642764417,0.4086866505516827,False,1.089574440776561,7.204225155289386,13.041457233576637,4.3179712690458505,False,False,False,True,24,40.0,True,0.4330356649855315,1.4039727194652176,False,1.4863746052929332,True,3.0388699229205285,True,2,1,0.572549999709324,False,1.9873645641548672,True,6,2,True,False,False,55.0,16.87100579271643,7.614985993752089,0.8073159290760412,9.0,False,3,4,3,6,-3.250774076722296,227.9759867188133,978220617.7864373,50.7482993197279,False,0.0,0,,,,0.0,0,,,,False,True,False,False,1,,power_play,6,6,True,0,0.75,risk_on,6,False
DHT,24.825000762939453,-0.42117746069393336,151.16069763333368,139.40424524558046,122.14306933992735,0.36202501299468337,True,1.2236167349105274,8.09667741030852,56.16706910942793,6.6824249015301485,False,False,False,False,39,65.0,True,0.412203393798125,1.7164915046305522,False,4.5355947012200994,False,4.835305924862698,True,1,1,0.536520000294087,False,0.8708830907753021,False,2,1,False,False,False,25.0,19.50538272506638,13.937558824320325,0.9498979626861713,1.0,True,10,2,3,3,-0.9772594131117862,25.06999969482422,100681441.8701601,95.10204081632652,True,0.0,0,,,,0.0,0,,,,False,False,False,False,0,,none,0,0,False,-3,0.375,risk_on,6,False
DIA,516.5250244140625,-4.543980512536272,15.247012278267459,13.084426545665506,-4.176749359987598,0.49186013351103763,False,1.00141512163962,1.6920807974149288,7.899003858177722,0.12503286135241432,False,False,False,True,21,35.0,False,0.38355995354605876,0.3765480801638231,False,-1.7601008904823645,True,1.0614396880770371,True,2,0,0.5960212697170522,False,0.3965602091621006,False,7,1,False,False,False,45.0,6.541614972063766,2.389035426562489,0.3347353477290661,42.0,False,3,1,0,5,-4.35190520968034,540.026464245202,1722054542.8948486,55.17006802721088,False,0.0,0,,,,0.0,0,,,,False,False,False,False,0,,none,0,0,False,-1,0.625,risk_on,6,False
DINO,120.92500305175781,0.0,169.7421356605417,138.573982267424,121.31280636177088,0.6183351895757675,True,1.05370399306681,10.196403985846707,109.22193808014144,4.33563542685278,False,True,False,False,37,61.66666666666667,True,0.40286561585863784,1.845825002893922,False,4.2055032453716255,False,6.673431898972182,False,0,0,0.5884777941176972,False,1.1997037960312955,False,5,0,False,False,False,25.0,17.082596210091243,17.250361863892742,0.8447220556363317,0.0,True,12,1,4,5,-2.6525504238975595,124.22000122070312,307839269.3282482,95.03401360544218,True,0.0,0,,,,0.0,0,,,,False,False,False,False,0,,none,0,0,False,-1,0.625,risk_on,6,False
DIOD,94.56999969482422,-22.963507617182145,123.25306499574044,80.1676446385409,62.9064687328878,0.28300323344771994,False,0.9005236110950813,17.473725702734036,7.149328581313852,2.381722293846744,False,False,False,False,25,41.66666666666667,True,0.4056499295170471,1.8271629600239314,False,-0.004336548684788958,True,-8.927192767709913,False,0,0,0.4836251909164952,False,1.1876269488327051,False,3,0,False,False,False,25.0,21.6579487678521,18.99122252556759,0.32153271694440394,3.0,False,3,1,1,2,-14.694209657081913,110.86000061035156,51927289.40673371,89.45578231292517,True,0.0,0,,,,0.0,0,,,,False,False,False,False,0,,none,0,0,False,-4,0.25,risk_on,6,False
DIS,107.86499786376953,-6.203391386763435,17.606052592679532,-1.4083160472283418,-18.669491952881447,0.4140696073101199,False,0.8969460042145664,6.174388164843588,7.423908437484972,5.05990044557687,True,False,False,True,28,46.666666666666664,True,0.5660578182076896,1.137290436522218,True,1.3903494859338934,True,5.553376344830996,False,1,2,0.6032429982114628,True,1.4925641101183085,True,6,1,False,False,False,65.0,17.323683209978842,6.331990883345484,0.7933434533670108,33.0,False,3,4,4,6,-3.580052547138124,111.87000274658203,931507428.4605983,36.93877551020408,False,0.0,0,,,,0.0,0,,,,False,True,False,False,1,,power_play,6,6,True,0,0.75,risk_on,6,False
DK,73.7750015258789,-9.534029717870517,180.96837221992436,119.5186218266028,102.25744592094969,0.23605543915376606,True,0.9158059666851506,5.652318648184039,81.21385910225665,-5.561957332231704,False,True,False,True,28,46.666666666666664,True,0.4979579302015832,2.7118481976535165,True,0.84146515401193,True,-0.5593757944072131,True,2,1,0.61028953987216,True,0.9707087593465034,False,4,2,True,False,False,45.0,31.5181688933056,15.886141617485382,0.6723873402641277,15.0,False,8,3,3,5,-10.325751141140282,82.2699966430664,195065387.47024536,93.6734693877551,True,0.0,0,,,,0.0,0,,,,False,False,False,False,0,,none,0,0,False,-1,0.625,risk_on,6,False
DKNG,19.350299835205078,-46.6051353780629,4.089831502832708,-45.027558477844785,-62.28873438349789,0.28849099186799393,False,0.9956181821582994,7.493427881160715,-14.036874107280772,-11.03310420595366,False,False,False,True,25,41.66666666666667,True,0.4987045204727751,2.894076224467648,True,-3.2373433342673623,True,4.089831502832708,True,2,0,0.3342496827128531,False,0.6488384123332875,False,6,2,True,True,True,25.0,26.66798228790158,17.519105225857135,0.12328129730317561,18.0,False,1,2,2,4,-23.380318834990966,25.2549991607666,327575183.92081225,6.326530612244897,False,0.0,0,,,,0.0,0,,,,False,False,False,False,0,,none,0,0,False,-2,0.5,risk_on,6,False
DKS,136.28500366210938,-42.4774579388211,12.492779154441426,-37.43286251161456,-54.69403841726766,0.2517191483273503,False,0.7009998492145456,5.627910601199744,-34.297921936588295,12.492779154441426,True,True,False,True,20,33.33333333333333,False,0.4659693763779093,1.6410954372115065,True,-3.7021040849234623,True,0.1506480219696016,True,2,0,0.5197012116141584,False,0.5007241290957869,False,4,1,False,False,False,25.0,14.144027592370833,5.627910601199744,0.8151596292342931,24.0,True,1,3,6,4,-2.614387304294219,139.94367328975983,389959986.5355423,7.959183673469387,False,0.0,0,,,,0.0,0,,,,True,False,False,False,1,,sepa_vcp,6,6,True,0,0.75,risk_on,6,False
DLB,58.81999969482422,-14.136847932894103,21.960365694984517,-14.136847932894103,-31.398023838547207,0.24825809528252496,False,0.8277262023481851,3.6552219262729655,-3.289259402796374,2.0294850615400373,False,True,False,True,27,45.0,True,0.4204961303483935,1.2371973709025268,False,-1.396444988777666,True,-0.11886516479828746,True,2,0,0.5556364523659238,False,0.8217975897906612,False,3,1,False,False,False,25.0,14.170468783930195,4.012241792920695,0.26100976824990985,19.0,False,2,1,3,5,-10.471838010643996,65.69999694824219,54109435.40417633,23.741496598639454,False,0.0,0,,,,0.0,0,,,,False,False,False,False,0,,none,0,0,False,-1,0.625,risk_on,6,False
DLR,178.52999877929688,-11.258565056276936,23.156057778226426,4.813121368538176,-12.448054537114928,0.3130146206096753,False,0.9052244590497011,7.001624424729204,-5.680131510934361,-1.9712258039434882,False,False,False,True,21,35.0,False,0.3903724821467228,0.975733119060195,False,-1.7170705649894538,True,-0.011203736835074807,True,2,0,0.53061032343487,False,1.1727026918556316,False,7,2,True,False,False,25.0,9.530151022467598,7.001624424729204,0.3261500374263318,23.0,False,1,2,2,5,-6.421891909811195,190.78179974234257,341213264.7572136,45.51020408163266,False,0.0,0,,,,0.0,0,,,,False,False,False,False,0,,none,0,0,False,-1,0.625,risk_on,6,False
DLTR,118.51000213623047,-16.07535124874937,36.5322557253418,33.12739452395945,15.866218618306348,0.20430374560192402,False,0.8206857397518185,7.104883990522838,16.038387666033472,5.850306453482457,False,True,False,True,23,38.333333333333336,False,0.40695296261372327,1.3454609044352255,False,-1.3907487500294478,True,5.6615533762382375,False,1,0,0.5440926868219536,False,0.6577286145026965,False,3,1,False,False,False,25.0,16.488798447745584,7.248330253185036,0.3368277637696868,24.0,False,2,1,3,5,-10.934913339342355,133.05999755859375,302651748.6123558,71.42857142857143,False,0.0,0,,,,0.0,0,,,,False,False,False,False,0,,none,0,0,False,-1,0.625,risk_on,6,False
DNTH,82.73999786376953,-28.64781086838709,151.33658100206495,138.10071327703463,120.83953737138152,0.36705494505494507,False,0.825148955666062,10.297322325882856,-8.06666904025608,-14.533622610937913,False,False,False,False,21,35.0,False,0.3394495418732549,1.8282033499835495,False,-4.96452212429344,True,-6.201112433370371,False,0,0,0.35656748581761755,False,0.18856873583935724,False,8,3,True,False,False,25.0,27.045273050748413,12.303602330201938,0.055906826441320695,23.0,False,3,2,2,2,-25.533257664242093,111.11000061035156,86934400.0856247,94.96598639455782,True,0.0,0,,,,0.0,0,,,,False,False,False,False,0,,none,0,0,False,-4,0.25,risk_on,6,False
DOC,18.815000534057617,-16.72545858710969,25.18152756052099,8.969160264597509,-8.292015641055595,0.4746446103749176,False,0.9987259513125708,6.5373346124007155,17.582567824229756,-7.452038343993561,False,False,False,True,19,31.666666666666664,False,0.510462079259531,1.0047772336144436,True,-3.9956241606836995,True,-3.463310646420914,True,2,0,0.34399819204775317,False,0.5493635884080258,False,8,2,True,False,False,25.0,12.800625890066797,10.629816333939177,0.17262320687988816,24.0,False,0,2,2,4,-10.590940798853744,21.04372946339693,120122911.0094223,51.156462585034014,False,0.0,0,,,,0.0,0,,,,False,False,False,False,0,,none,0,0,False,-2,0.5,risk_on,6,False
DOCN,133.61000061035156,-26.300399603704093,258.29980512206726,237.91096994609063,220.64979404043754,0.3339617722688976,False,0.8498104131990756,16.435894756497206,67.28433205928404,2.6663602558608446,False,True,False,False,23,38.333333333333336,False,0.43761824874859107,3.132789748945044,False,0.9478625511718234,True,-4.611984276487025,True,1,0,0.3013990677787278,False,0.7528161416703605,False,6,1,False,False,False,35.0,32.997429934742875,21.255895064847856,0.6363273098677922,13.0,False,5,1,2,3,-12.000264111816982,151.8300018310547,328358970.56267774,98.09523809523809,True,0.0,0,,,,0.0,0,,,,False,False,False,False,0,,none,0,0,False,-3,0.375,risk_on,6,False
DOCS,30.09000015258789,-58.536584981226135,67.07384658626432,-58.536584981226135,-75.79776088687925,0.7619947971403734,False,0.79028348827262,9.604517696886363,32.789057172144354,15.243199728836544,False,False,False,False,27,45.0,True,0.4783019317906388,2.0887990168851784,True,3.5147846361555417,True,7.733619132871383,False,0,1,0.525095870188162,False,1.410013600468548,True,4,1,False,True,True,25.0,21.2265700627926,16.882684938335398,0.950426073027667,0.0,True,3,3,2,3,-1.0522844341659843,30.40999984741211,83609560.10522804,2.312925170068027,False,0.0,0,,,,0.0,0,,,,False,False,False,False,0,,none,0,0,False,-3,0.375,risk_on,6,False
DOCU,70.44000244140625,-3.691546309507243,68.71856872193113,-1.275397410197432,-18.536573315850536,0.298269668052862,False,0.9409526833847482,7.694488899902867,55.08587688488213,1.9834989903506406,False,True,False,True,30,50.0,True,0.4751113549979656,1.854472984817758,True,2.2770215166442878,True,2.072163832646834,True,2,0,0.5766927868035463,False,1.0944482391444181,False,4,2,True,False,False,35.0,20.704789568192663,11.82566942410854,0.7636126954892053,18.0,False,5,3,3,6,-4.894349396488284,74.06500244140625,210477658.1158409,37.3469387755102,False,0.0,0,,,,0.0,0,,,,False,True,False,False,1,,power_play,6,6,True,0,0.75,risk_on,6,False
DOV,189.98500061035156,-17.965887754224006,19.09270992351808,18.2561991901385,0.995023284485395,0.2530096554396616,False,0.9589675819618071,4.274027081027435,-12.901109129776877,1.36858524515302,False,True,False,True,22,36.666666666666664,False,0.46718268767436705,0.9891406059684891,True,-1.6736094580467074,True,0.1555159286986907,True,2,0,0.5124471846204113,False,0.5578476829774,False,4,2,True,False,False,35.0,10.698724918794571,5.0056634655751004,0.2715013633394684,32.0,False,1,2,2,5,-7.794006517347906,206.04409044851937,227047563.41046143,60.204081632653065,False,0.0,0,,,,0.0,0,,,,False,False,False,False,0,,none,0,0,False,-1,0.625,risk_on,6,False
DOW,28.5049991607666,-30.429880756987416,44.85172470510537,35.47048590542412,18.209309999771015,0.490066398206442,False,0.829152806026558,4.6307722891978225,-27.377188780359184,-0.7831548383387621,False,False,False,True,31,51.66666666666667,True,0.41772136477899824,1.2647264021435247,False,-1.3153244471061565,True,1.9127631767823061,True,2,1,0.50206600206473,False,1.3975932670565308,True,5,2,True,False,False,25.0,12.727574185442961,8.226631432182998,0.4896904885269079,17.0,False,3,3,2,5,-6.495002164810937,30.485000610351562,256073272.17800674,72.92517006802721,False,0.0,0,,,,0.0,0,,,,False,False,False,False,0,,none,0,0,False,-1,0.625,risk_on,6,False
DOX,59.04999923706055,-28.36839376996354,20.926783829080755,-25.13710465646577,-42.39828056211887,0.47724868875180043,False,0.9219537886393386,5.131242706935056,-7.135527894671235,0.5720866319506523,False,False,False,True,28,46.666666666666664,True,0.4194904999418093,1.0493753079161343,False,-0.01699706503923124,True,1.6001382007348575,True,2,0,0.4742321823956151,False,0.5231234220226798,False,3,3,True,False,False,55.0,20.391370491062172,7.991905020465108,0.6381756942866472,19.0,False,2,3,3,5,-7.378093470472324,63.753815322550636,53532881.140262984,14.965986394557824,False,0.0,0,,,,0.0,0,,,,False,False,False,False,0,,none,0,0,False,-1,0.625,risk_on,6,False
DPZ,307.3999938964844,-28.65628396842822,9.282075795534572,-22.519711628139525,-39.78088753379263,0.3862727348600117,False,0.7815323793622538,5.660375485350123,-15.621496404343338,4.4867373017524415,False,False,False,True,22,36.666666666666664,False,0.4819960498285661,1.3688194154286741,True,-2.3616973463897533,True,3.286069128334601,True,2,0,0.5027021170405888,False,0.5162924155286643,False,6,2,True,False,False,25.0,16.44943689832463,7.979830600633403,0.373952963260648,24.0,False,1,2,3,5,-10.298121226227098,342.6906973395101,229027973.48789978,17.482993197278912,False,0.0,0,,,,0.0,0,,,,False,False,False,False,0,,none,0,0,False,-1,0.625,risk_on,6,False
DRI,198.30999755859375,-12.899682037064487,19.943474554043505,9.59357990428007,-7.667596001373035,0.23657925217759257,False,0.9388708498974023,3.3785472395372147,4.181506907240018,-5.241781959427428,False,True,False,True,25,41.66666666666667,True,0.48800035406378434,1.2217299715150822,True,-2.616924498970449,True,-1.00833836869052,True,2,0,0.5480282060090509,False,0.6461337356507904,False,4,2,True,False,False,25.0,12.299150608670722,5.461147680088492,0.20873421531604947,19.0,False,1,2,2,4,-9.73189705731593,219.69000244140625,276697015.59978485,51.90476190476191,False,0.0,0,,,,0.0,0,,,,False,False,False,False,0,,none,0,0,False,-2,0.5,risk_on,6,False
DT,63.525001525878906,0.0,96.3071703575866,29.907974526872238,12.646798621219133,0.7227196778876489,True,0.8667912737075034,7.264858823477133,88.2222267433449,15.20675050606657,False,False,False,True,33,55.00000000000001,True,0.4187991891180456,1.3411111169451868,False,6.159557484627435,False,7.0886747348071655,False,1,2,0.5976799754043068,False,2.902482932388795,True,1,2,True,False,False,25.0,21.983470786535612,12.406139833917603,1.0,0.0,True,9,4,5,5,0.0,63.525001525878906,403370982.6124512,69.59183673469389,False,0.0,0,,,,0.0,0,,,,False,False,False,False,0,,none,0,0,False,-1,0.625,risk_on,6,False
DTE,126.86000061035156,-17.10128704987206,4.990481410178282,-6.311086880358319,-23.57226278601142,0.2895257316826446,False,0.9657895712095041,3.870405178221477,-12.521685715584418,-0.3886794656937864,False,True,False,True,18,30.0,False,0.5211200350805044,0.9366303503513144,True,-2.4975779902224087,True,1.9365236811630382,True,2,0,0.5098174209530316,False,0.5585538943071345,False,4,2,True,False,False,25.0,12.488368563814374,7.08655038665983,0.42040023869462306,23.0,False,1,2,2,5,-7.238255438680385,136.7589637412344,250112706.71307984,30.54421768707483,False,0.0,0,,,,0.0,0,,,,False,False,False,False,0,,none,0,0,False,-1,0.625,risk_on,6,False
DTM,124.31999969482422,-16.946168764478465,20.869539158888205,14.834743778719496,-2.4264321269336087,0.3228355986847038,False,0.8506185172019342,3.297939578656376,-5.346531444253166,-0.5280813372354864,False,False,False,True,15,25.0,False,0.4324213441448838,0.9399623039711493,False,-1.3511537649635221,True,2.7438014006811784,True,2,1,0.5760940774094983,False,1.556751411623795,True,4,3,True,False,False,25.0,10.345996182239203,5.42149121646928,0.46025517588992787,22.0,False,1,3,2,5,-5.584197889626175,131.67287351908723,110750706.25198516,56.4625850340136,False,0.0,0,,,,0.0,0,,,,False,False,False,False,0,,none,0,0,False,-1,0.625,risk_on,6,False
DUK,116.66000366210938,-11.057506900071834,5.011968905568986,-3.171987084667438,-20.433162990320543,0.3742695596468262,False,0.829438750617238,3.1116039254822816,-8.970351245142927,-0.7402323885165818,False,False,False,True,19,31.666666666666664,False,0.46835116775380314,0.6119048526380455,True,-1.8615729866406159,True,2.216776018204669,True,2,1,0.6316311570708,True,0.5123246123564126,False,6,2,True,False,False,25.0,7.5809908012539005,3.874504115530454,0.46203921607567827,23.0,False,2,3,2,6,-4.078275754365624,121.62000274658203,489907348.79516107,34.42176870748299,False,0.0,0,,,,0.0,0,,,,False,True,False,False,1,,power_play,6,6,True,0,0.75,risk_on,6,False
DUOL,150.0449981689453,-56.00885303273142,66.66111318825139,-55.501350252809246,-72.76252615846235,0.3063829159516352,False,0.7916755500707399,7.364459453234091,60.424462875282515,5.739960974489322,False,True,False,True,29,48.333333333333336,True,0.5154718164761177,2.1777800412419785,True,1.0238584122307903,True,4.002906858987831,True,2,0,0.5656048285346998,False,1.099456505437881,False,3,1,False,False,False,25.0,15.558085567967009,13.249361941694534,0.6644337088452636,24.0,False,4,2,3,5,-5.2207690715107224,158.30999755859375,143918918.6488327,2.857142857142857,False,0.0,0,,,,0.0,0,,,,False,False,False,False,0,,none,0,0,False,-1,0.625,risk_on,6,False
DVA,179.08999633789062,-25.67646441404915,72.41743679821342,41.707548844757625,24.44637293910452,0.2095141729253659,False,0.7265692136731137,4.020323354442362,18.164422817870296,-2.594367593074176,False,True,False,True,22,36.666666666666664,False,0.4407403987081925,1.35293733274563,True,-0.9906168270586726,True,0.2238479439360619,True,2,0,0.39226284302271097,False,0.6270031538088306,False,4,2,True,False,False,35.0,12.439339005627396,4.8355596846238535,0.3158111093982838,16.0,False,1,2,2,4,-8.510857554078866,195.75,121714985.90675965,76.87074829931973,False,0.0,0,,,,0.0,0,,,,False,False,False,False,0,,none,0,0,False,-2,0.5,risk_on,6,False
DVN,48.400001525878906,-5.780789031877087,56.37577775651044,44.493955070994986,27.23277916534188,0.2827351424096955,True,1.0617747666914688,5.433878451453644,3.7866282313253397,-0.4320079856734993,False,True,False,True,28,46.666666666666664,True,0.5084401013135397,1.489466487585862,True,0.8439279996387631,True,1.5739768646023444,True,2,1,0.5376376359207644,False,1.588993863910581,True,4,1,False,False,False,45.0,18.256332499142786,8.016522998131272,0.6642928396128835,18.0,False,5,3,4,6,-6.128781542370254,51.560001373291016,581622069.2384354,78.43537414965986,False,0.0,0,,,,0.0,0,,,,False,True,False,False,1,,power_play,6,6,True,0,0.75,risk_on,6,False
DX,10.800000190734863,-18.62507632971794,2.1759744801437275,-2.7511232513830586,-20.012299157036164,0.3841549391342424,False,1.4344497035087134,6.759263731651593,-10.644043269456482,-10.074937677662533,False,False,False,True,22,36.666666666666664,False,0.4458784567555621,1.1699004211214588,True,-4.277996997590392,True,-1.9963725761355744,True,2,0,0.5061221002694138,False,0.21652385473623376,False,7,1,False,False,False,25.0,19.303811395004487,10.833333848435192,0.1775429451120309,23.0,False,0,1,1,3,-15.876555868048204,12.83827629999852,92399437.28807616,34.965986394557824,False,0.0,0,,,,0.0,0,,,,False,False,False,False,0,,none,0,0,False,-3,0.375,risk_on,6,False
DXCM,83.06500244140625,-10.044394914794353,51.467910667914964,22.010869869742212,4.749693964089108,0.3567174482778713,False,0.818990028041721,5.128516235505391,31.598548553596963,-7.034131102459051,False,True,False,True,20,33.33333333333333,False,0.4169538894733127,1.1414876741429916,False,-2.1038807149848586,True,-2.68861076913699,True,2,2,0.49245286514611636,False,2.6470229657271127,True,2,4,True,False,False,25.0,8.96116664323013,5.826757594216338,0.09567921874985283,13.0,False,2,4,3,6,-8.103769219718625,90.38999938964844,338928806.56097186,63.33333333333333,False,0.0,0,,,,0.0,0,,,,False,True,False,False,1,,power_play,6,6,True,0,0.75,risk_on,6,False
DY,269.2325134277344,-49.69497248001047,0.9155158756259274,-7.058643939877585,-24.319819845530688,0.6732950374980055,False,0.7521077511065536,10.567078932934159,-32.17470584499823,-7.733884615939712,False,False,False,False,20,33.33333333333333,False,0.42452709377253794,1.6934374658797082,False,-5.250956492587911,True,-1.6502234053938358,True,1,0,0.46123333922046106,False,0.366340620644891,False,5,2,True,False,False,25.0,14.902424711624773,11.547649449780787,0.12733141396489422,20.0,False,0,2,2,4,-13.004877901588207,309.4800109863281,170647302.0261963,30.068027210884352,False,0.0,0,,,,0.0,0,,,,False,False,False,False,0,,none,0,0,False,-2,0.5,risk_on,6,False
DYN,16.774999618530273,-37.35997315752299,19.565216947996067,14.27111219211521,-2.9900637135378947,0.6121214939113558,False,0.7415459655429313,14.21758169563809,-11.710528323524871,-1.9579250723031127,False,False,False,False,21,35.0,False,0.4997853791339135,2.596559306766142,True,-6.116702812317846,True,10.361840980452497,False,0,0,0.5681113570350866,False,0.9829735622286143,False,3,2,True,False,False,25.0,39.574899879643986,14.21758169563809,0.18925824240419184,24.0,False,1,2,2,4,-32.0850238851007,24.700000762939453,53661459.50860443,55.85034013605442,False,0.0,0,,,,0.0,0,,,,False,False,False,False,0,,none,0,0,False,-2,0.5,risk_on,6,False
EAT,196.61000061035156,-22.57619960615812,92.20842589757636,57.99581867006731,40.734642764414204,0.3573059231787747,False,0.9295023085679285,9.521380348812455,27.544604862183885,-0.05083935748174673,False,True,False,False,22,36.666666666666664,False,0.4501813370223765,2.1645627278544395,True,-2.4419834904837567,True,-2.6683165295289246,True,1,0,0.4485808305766044,False,0.420771367706561,False,6,1,False,False,False,25.0,22.209968808249993,14.256649556116773,0.25104995229806787,24.0,False,1,1,2,3,-16.634157198397258,235.83999633789062,310722001.0378479,83.60544217687075,True,0.0,0,,,,0.0,0,,,,False,False,False,False,0,,none,0,0,False,-3,0.375,risk_on,6,False
EBAY,113.27999877929688,-4.220393579315296,43.962110243344995,27.286866084387974,10.02569017873487,0.2553473091125696,True,0.8692139197681399,7.697741273543161,16.08702651384104,1.2875558731741288,False,True,False,True,23,38.333333333333336,False,0.3628511459790883,1.1592440616452477,False,2.2126807737945766,True,6.466162739428727,False,1,1,0.5597597216078471,False,1.315741981211098,True,3,2,True,False,False,25.0,12.127078335278561,7.786016763654986,0.9746009793087259,15.0,True,5,5,5,6,-0.30801591356244273,113.62999725341797,490668232.0601715,67.61904761904762,False,0.0,0,,,,0.0,0,,,,False,True,False,False,1,,power_play,6,6,True,0,0.75,risk_on,6,False
EBC,21.030000686645508,-10.474405928913,29.272228126833788,16.33803794769051,-0.9231379579625951,0.9332228953679161,False,0.9022245284708009,3.827866280988632,2.805195226594659,-2.638887429433623,False,False,False,True,20,33.33333333333333,False,0.4183658526311314,0.7492097296357267,False,-2.6079050265254335,True,-2.0265523542982056,True,2,0,0.5522768838550218,False,0.8966960041982157,False,6,3,True,False,False,25.0,7.953165018584811,5.278176767043266,0.3457350394237846,24.0,False,1,2,2,5,-5.203477197340522,22.184358734786336,53972789.96796932,58.23129251700681,False,0.0,0,,,,0.0,0,,,,False,False,False,False,0,,none,0,0,False,-1,0.625,risk_on,6,False
ECHO,94.12999725341797,-33.61777487475794,40.639469332467314,23.045748043683624,5.784572138030519,1.2673881054323248,False,1.0312677642704093,8.541380165859296,-25.025890111198954,0.7168822763840899,True,False,False,False,23,38.333333333333336,False,0.4739080589697786,1.645481321452063,True,1.0606465739816267,True,-0.12732386905255355,True,1,0,0.3877619461996883,False,0.6272552277825331,False,6,1,False,False,False,55.0,18.255696620798304,14.012538857189128,0.6324644437872616,3.0,False,1,2,3,3,-6.709617611576113,100.9000015258789,366120582.20422363,64.28571428571429,False,0.0,0,,,,0.0,0,,,,False,False,False,False,0,,none,0,0,False,-3,0.375,risk_on,6,False
ECL,282.2950134277344,-7.7097452955654955,15.49928467241144,4.709340167372078,-12.551835738281026,0.3397725320989464,False,0.9951599606758109,4.158766423757733,3.1309511266899737,4.7632384694096475,False,True,False,True,24,40.0,True,0.42684940411195704,0.7912983708758613,False,0.6728629844194745,True,3.140299904043009,True,2,0,0.5718638614146045,False,0.6377145462576408,False,4,2,True,False,False,65.0,11.45497010448274,5.412776723811471,0.636860294664222,31.0,False,3,3,3,6,-4.159754468372013,294.54746475432904,316274796.5465561,45.30612244897959,False,0.0,0,,,,0.0,0,,,,False,True,False,False,1,,power_play,6,6,True,0,0.75,risk_on,6,False
ECO,93.1050033569336,-1.413594927955375,276.32005027691,271.4311041837539,254.16992827810083,0.5590360200513341,True,1.2501072433661458,9.849100980304026,112.33000580088186,9.599772456331035,False,False,False,False,34,56.666666666666664,True,0.4048717454810357,1.8178583737795933,False,5.404624037136716,False,6.673928344529756,False,0,1,0.508279632741395,False,1.0935163226985412,False,2,1,False,False,False,25.0,26.78458785245886,17.990440251407406,0.9262971768843763,1.0,True,11,2,3,3,-1.9740997407146632,94.9800033569336,71948939.55303955,98.50340136054422,True,0.0,0,,,,0.0,0,,,,False,False,False,False,0,,none,0,0,False,-3,0.375,risk_on,6,False
ED,106.19999694824219,-6.488933662435015,14.163313082243434,8.85153401425205,-8.409641891401055,0.252884113355066,False,0.9364552848461013,3.6628997188618326,-3.5053390490415226,0.7303392211302162,False,False,False,True,21,35.0,False,0.5231044796581296,0.7803322473017159,True,0.01729724553326534,True,2.7178620516319363,True,2,0,0.5487982076698993,False,0.7029979484876281,False,6,2,True,False,False,25.0,6.344691423891136,4.077214647345955,0.6078139974473009,23.0,True,2,4,4,6,-2.488299166966257,108.91000366210938,232828991.04798967,50.95238095238095,False,0.0,0,,,,0.0,0,,,,False,True,False,False,1,,power_play,6,6,True,0,0.75,risk_on,6,False
EFX,145.28500366210938,-37.14900778993635,5.86199201904436,-37.000808018037354,-54.26198392369046,0.28613721816235743,False,0.8403407448775947,5.999791207131558,-21.59230228514999,-8.551011438665569,False,False,False,True,25,41.66666666666667,True,0.4283791139994332,1.3130596025349874,False,-4.96526349020096,True,3.7750026157924,True,2,0,0.47697519103532027,False,0.3149229882192117,False,6,1,False,False,False,25.0,23.82832143984201,7.158350065820167,0.1930706728285686,23.0,False,1,1,2,3,-19.22777138707631,179.8699951171875,295760499.51055145,8.095238095238095,False,0.0,0,,,,0.0,0,,,,False,False,False,False,0,,none,0,0,False,-3,0.375,risk_on,6,False
EG,368.3999938964844,-7.0972952797263344,22.969333482600305,6.588333562166659,-10.672842343486444,0.36648420955180355,False,0.9315248583278359,3.849075165773658,11.753412341325031,-1.7206915038038062,False,False,False,True,22,36.666666666666664,False,0.3907782555049525,0.8210323445622107,False,-0.36410761462399605,True,0.03530151429409489,True,2,0,0.4266706478441519,False,0.5897241845621755,False,5,2,True,False,False,45.0,7.061312197585758,3.849075165773658,0.35668173006542087,25.0,False,1,2,2,5,-4.542671146418808,385.9315972077543,157472838.78894043,48.095238095238095,False,0.0,0,,,,0.0,0,,,,False,False,False,False,0,,none,0,0,False,-1,0.625,risk_on,6,False
EGO,37.71500015258789,-23.706123111677048,52.12869533988245,38.71866705634734,21.45749115069424,0.5161981544832293,False,0.8519846337035566,7.795303234294831,2.6381454384562186,-12.737160834410721,False,False,False,True,31,51.66666666666667,True,0.39501621650010066,1.3891316041084936,False,-1.79113333425694,True,-1.0624312451334328,True,2,0,0.5045787217038185,False,0.5409672764593524,False,5,2,True,False,False,25.0,21.102116352021568,10.924032653363422,0.16942991806502697,22.0,False,2,2,2,3,-17.526786507499892,45.72999954223633,140995201.09388238,75.64625850340137,False,0.0,0,,,,0.0,0,,,,False,False,False,False,0,,none,0,0,False,-3,0.375,risk_on,6,False
EGP,196.1699981689453,-11.41606580356993,22.08167914053385,18.89670248895927,1.6355265833061665,0.15983130898399664,False,0.9303868891247972,4.169848984112487,3.3442144806530294,-2.21929739830955,False,True,False,True,20,33.33333333333333,False,0.44020292984182047,0.7151489158067968,True,-0.9165232186634645,True,0.1992028767392462,True,2,0,0.42359475488557763,False,0.8924419604471195,False,3,3,True,False,False,25.0,6.620152859070866,6.041683011741697,0.4603536506384156,11.0,False,1,2,2,5,-3.572541322613243,203.4379012572165,113469366.27511597,60.816326530612244,False,0.0,0,,,,0.0,0,,,,False,False,False,False,0,,none,0,0,False,-1,0.625,risk_on,6,False
EHC,123.91999816894531,-1.8426038644026477,32.807313377564704,1.3612946933607928,-15.89988121229231,0.29413771583107967,False,1.0438400218790156,5.309878896289117,15.626945883690935,1.958578398878319,False,False,False,True,20,33.33333333333333,False,0.3906579182779711,0.9050331795679921,False,0.8905452096818076,True,3.4390609451049103,True,2,1,0.47991624310924036,False,1.2687777710952066,True,4,2,True,False,False,65.0,16.799995753757912,5.777924280105172,0.8428838089318941,42.0,True,3,5,4,6,-2.6395513427907913,127.27960879191107,115169740.25564614,40.27210884353741,False,0.0,0,,,,0.0,0,,,,False,True,False,False,1,,power_play,6,6,True,0,0.75,risk_on,6,False
EIX,55.08000183105469,-30.348220019264726,11.624979319963069,9.626799158238452,-7.634376747414652,0.5612870276774043,False,0.5424179141437675,6.1149082078551045,-21.7423569368692,1.2223820982472322,False,True,True,True,20,33.33333333333333,False,0.4651506279039782,1.382444930179245,True,-4.335921598225451,True,3.8895894139609144,True,3,1,0.6359965275892463,True,0.7956409575397518,False,6,2,True,False,False,25.0,14.776521069512455,9.544334359159016,0.5514785203267193,22.0,False,1,3,2,5,-6.627587094521137,58.98958816327507,274449168.24345416,51.97278911564626,False,0.0,0,,,,0.0,0,,,,False,False,False,False,0,,none,0,0,False,-1,0.625,risk_on,6,False
EL,98.09500122070312,-17.131674287819454,46.97126783515087,5.874680358712991,-11.386495546940113,0.48514515196564256,False,0.9811350262273265,5.780109178232672,32.540287789807685,4.993043883431203,False,False,False,True,24,40.0,True,0.4961940864418384,1.5350729794606428,True,1.0544128165589117,True,6.6597802747677015,False,1,0,0.4473825748599684,False,0.6269176143261548,False,6,1,False,False,False,55.0,26.83151475359733,9.959729365908231,0.657778857738399,30.0,False,3,2,2,4,-9.182311627585083,108.01310072818218,269791466.3182236,47.21088435374149,False,0.0,0,,,,0.0,0,,,,False,False,False,False,0,,none,0,0,False,-2,0.5,risk_on,6,False
ELAN,22.889999389648438,-14.716843295392446,15.84007654105033,14.050820815664778,-3.210355089988326,0.18429178440679853,False,0.8156145788883971,5.766717507077772,-4.065386403562343,2.0963394815125325,False,False,False,True,22,36.666666666666664,False,0.3977028881406524,1.2121898211622915,False,-0.7812638188119395,True,3.3875339687256867,True,2,0,0.5698464621262087,False,0.5027295392939288,False,4,3,True,False,False,25.0,12.505052042599873,6.203582849093972,0.4110030005265273,24.0,False,1,2,2,5,-7.365438131350944,24.709999084472656,125315837.5110197,55.646258503401356,False,0.0,0,,,,0.0,0,,,,False,False,False,False,0,,none,0,0,False,-1,0.625,risk_on,6,False
ELF,109.19999694824219,-24.674073236713635,120.29452818343299,-24.674073236713635,-41.93524914236674,0.3633842274828407,False,0.8358838392757767,6.291204495585919,66.41266744526328,13.231018440287245,False,True,False,True,30,50.0,True,0.4384497791026226,1.6025809128613806,False,2.756131296504886,True,4.317918064471882,True,2,1,0.5165134736463133,False,1.3894128112204076,True,4,1,False,False,False,45.0,18.77499408416864,11.236260976162892,0.9593415383160977,23.0,True,4,4,5,4,-0.7633623775866627,110.04000091552734,127107505.37568894,15.238095238095239,False,0.0,0,,,,0.0,0,,,,False,False,False,False,0,,none,0,0,False,-1,0.625,risk_on,6,False
ELS,59.27000045776367,-11.58104989569969,2.863591732845139,-2.239861143672084,-19.501037049325188,0.5050000268876472,False,0.9576759736110043,3.239416178190835,-6.164803503988336,-0.967848933802673,False,False,False,True,17,28.333333333333332,False,0.4319313747934907,0.6933178316152565,False,-2.649428655324631,True,1.7510737472337778,True,2,0,0.43290951599288485,False,0.665578530675622,False,5,3,True,False,False,25.0,7.895866578047805,3.8805453337216465,0.36744522604142454,24.0,False,2,2,2,6,-4.994568098484098,62.385907070244016,109236986.80988999,35.85034013605442,False,0.0,0,,,,0.0,0,,,,False,True,False,False,1,,power_play,6,6,True,0,0.75,risk_on,6,False
ELV,415.385009765625,-2.2486563023068284,50.12921315969025,18.293631073773042,1.032455168119938,1.1779611554512595,True,1.0155423030698834,8.0792289603313,32.53092969257303,1.07920608999994,False,False,False,False,26,43.333333333333336,True,0.3919862328346054,0.9801247780218507,False,1.6617822186624966,True,7.492952834573918,False,0,0,0.5733553961352007,False,0.5574064509222771,False,7,1,False,False,False,55.0,15.395044425125473,10.308488454035665,0.820795868925047,19.0,True,6,3,4,5,-2.75885555906491,427.1700134277344,468452018.4533264,60.27210884353742,False,0.0,0,,,,0.0,0,,,,False,False,False,False,0,,none,0,0,False,-1,0.625,risk_on,6,False
ELVN,41.380001068115234,-32.33033518306117,173.31572080422836,94.36354762171821,77.10237171606511,0.30353431002303355,False,0.8485529426236017,18.58385313729342,-5.589780197553096,-16.31951379234825,False,False,False,False,20,33.33333333333333,False,0.48054880107783965,2.413017095856826,True,-6.485373121371783,True,-11.90121355611966,False,0,0,0.48318243302728525,False,0.18803866601859073,False,7,2,True,False,False,25.0,34.53969212924113,19.768004093839338,0.10284892140397074,22.0,False,2,2,2,2,-30.987322048123467,59.959999084472656,74235470.49269123,91.36054421768708,True,0.0,0,,,,0.0,0,,,,False,False,False,False,0,,none,0,0,False,-4,0.25,risk_on,6,False
EMBJ,71.13999938964844,-10.437818648450314,32.92505523835836,24.13467812117549,6.873502215522386,1.2213815623126214,False,1.0783694036616687,12.187233965884573,2.6559987810479413,-5.031424954048347,False,False,False,False,24,40.0,True,0.4027977380817347,1.3829668705860114,False,-1.1840134009114345,True,-5.411514086382274,False,0,0,0.34372016717788145,False,0.6545133648529139,False,6,1,False,False,False,55.0,18.994480814224445,12.187233965884573,0.44111591493717206,43.0,False,2,1,1,3,-10.61571303110127,79.5889320171023,106797082.46423188,65.4421768707483,False,0.0,0,,,,0.0,0,,,,False,False,False,False,0,,none,0,0,False,-3,0.375,risk_on,6,False
EME,790.3900146484375,-16.206803530666992,36.123029843894884,16.322436929340967,-0.9387389763121377,0.24859702279014623,False,0.9345751264437608,9.1663545628294,-2.5877408028640247,5.372686790932901,False,False,False,False,25,41.66666666666667,True,0.4602583244436448,1.5589222944590388,True,0.5229500855578687,True,0.4805468233645138,True,1,0,0.5756397210042409,False,1.0377070046259547,False,5,0,False,False,False,35.0,13.443530681538165,10.752918010000192,0.6090951392271418,3.0,False,2,2,2,4,-5.255141489362325,834.22998046875,283779713.5396271,58.16326530612245,False,0.0,0,,,,0.0,0,,,,False,False,False,False,0,,none,0,0,False,-2,0.5,risk_on,6,False
EMN,62.654998779296875,-20.182116175260965,16.7082740097392,7.779250812102867,-9.481925093550238,0.3212669782147059,False,0.9326369936541378,5.7856516967929625,-13.299468077019883,-4.620191123933237,False,False,False,True,23,38.333333333333336,False,0.453202462814483,0.995098813749546,True,-3.903416699689792,True,-3.414527321569849,True,2,0,0.36704264551100324,False,0.47944899682584696,False,8,1,False,False,False,25.0,12.28379737720285,7.724842784909884,0.060339711165249374,24.0,False,0,1,1,3,-11.542596591449982,70.83070084017506,86008401.33963776,49.45578231292517,False,0.0,0,,,,0.0,0,,,,False,False,False,False,0,,none,0,0,False,-3,0.375,risk_on,6,False
EMR,162.0,-1.113650965621804,32.422802502240614,25.10028389270358,7.839107987050475,0.5300698507556084,False,0.9819004920200952,5.549386106891396,12.976823050403329,8.057632056159502,False,False,False,True,31,51.66666666666667,True,0.4922538819074127,1.1291812217782213,True,1.6080147489589294,True,0.24132132180900712,True,2,1,0.5011951541786266,False,1.7122046737539605,True,7,1,False,False,False,65.0,19.717460097068347,7.493826783733604,0.8841276204519711,41.0,True,4,4,3,4,-2.284709020090614,165.78776809180027,392920282.57149124,66.12244897959184,False,0.0,0,,,,0.0,0,,,,False,False,False,False,0,,none,0,0,False,-2,0.5,risk_on,6,False
ENB,46.334999084472656,-19.068901134793148,6.58342359016173,0.45358776459285544,-16.80758814106025,0.45608682785237076,False,0.8110879700281743,2.7193230741973657,-11.033033259587533,-4.9148378417032905,False,True,False,True,18,30.0,False,0.37449274113644904,0.5682128352326231,False,-4.220044688179134,True,0.7939914163090034,True,2,0,0.4864834763324897,False,0.9272240737259363,False,5,2,True,False,False,25.0,10.417481740836163,3.6257613546419605,0.15973494690068296,22.0,False,0,2,2,4,-8.753445848124864,50.779998779296875,222311862.49749833,39.04761904761905,False,0.0,0,,,,0.0,0,,,,False,False,False,False,0,,none,0,0,False,-2,0.5,risk_on,6,False
ENPH,32.150001525878906,-55.55094606388439,23.085759926884,-12.421677124264786,-29.68285302991789,0.3883512915002767,False,0.8216925031650929,7.838259216675982,2.486454146567918,-7.1882156687151255,False,True,False,True,18,30.0,False,0.45011976536708964,1.9877343785811556,True,-2.985992095285923,True,-3.9438292401606567,True,2,1,0.6113732364988318,True,0.9077692322265873,False,6,3,True,False,False,25.0,22.761759715755858,11.353025001394174,0.17888895670572916,22.0,False,0,3,2,4,-18.689932267417795,39.540000915527344,154823966.6877184,25.78231292517007,False,0.0,0,,,,0.0,0,,,,False,False,False,False,0,,none,0,0,False,-2,0.5,risk_on,6,False
ENS,181.4149932861328,-25.239157781285847,66.94772329805785,60.814576364860365,43.55340045920726,0.28612033714428775,False,0.8807810962446257,11.379987893227247,-6.519181544454089,1.8498755104824127,False,False,False,False,19,31.666666666666664,False,0.40328858279314667,1.1229564613916923,False,-0.6383496293976065,True,-7.582786313915801,False,0,1,0.56910277480475,False,1.2593986549119383,True,5,2,True,False,False,25.0,15.414582251331927,13.741969296033304,0.4225742694553362,5.0,False,2,3,2,4,-8.900776417516143,199.13999938964844,103786215.84360352,84.48979591836735,True,0.0,0,,,,0.0,0,,,,False,False,False,False,0,,none,0,0,False,-2,0.5,risk_on,6,False
ENSG,173.52999877929688,-19.50980546893507,18.03551300600532,-1.21871626029183,-18.479892165944936,0.19998945356271836,False,0.9696743352526859,3.653544852469061,-13.297233553064935,-0.18153898682058411,False,False,False,True,20,33.33333333333333,False,0.5422868534520408,1.1130559770959303,True,-0.6523091229166865,True,1.0187449135148796,True,2,0,0.4943011658457298,False,0.8579546547230447,False,5,1,False,False,False,65.0,12.32794693064951,5.632438419844106,0.4589742501105637,53.0,False,0,1,1,3,-6.669736732751829,185.93111462934522,63711119.40418625,37.55102040816327,False,0.0,0,,,,0.0,0,,,,False,False,False,False,0,,none,0,0,False,-3,0.375,risk_on,6,False
ENTG,164.56500244140625,-10.486737760924292,139.76058026650162,75.24709020561642,57.98591429996331,0.3480407460300139,True,0.8948461792336349,7.140035746168821,19.372978546708673,15.687172190795252,True,False,False,True,28,46.666666666666664,True,0.3556172477397756,1.3653261484663,False,2.8354488931226953,True,-1.1443495917148772,True,2,2,0.6472370331023906,True,1.4765570487246915,True,4,0,False,False,False,25.0,25.349293398358817,14.784432576858158,0.8822092664480402,5.0,True,6,5,6,5,-2.985911864416535,169.6300048828125,311664406.3982353,88.43537414965986,True,0.0,0,,,,0.0,0,,,,True,False,False,False,1,,sepa_vcp,6,6,True,0,0.75,risk_on,6,True
ENVA,178.8699951171875,-32.61631686131465,71.97384044171706,65.62036584924769,48.359189943594586,0.24364180615625033,False,0.6663026939260592,6.278308991382669,18.684882986425634,2.3752254278216034,True,True,False,True,23,38.333333333333336,False,0.5458287511273829,1.6517647118954153,True,-7.372664171006947,True,3.4588442065186964,True,2,0,0.5381692721222027,False,0.5940499202060892,False,4,3,True,False,False,25.0,30.130390584241617,10.963270054043429,0.19843772145700997,24.0,False,2,2,4,5,-24.151384530094965,235.8249969482422,78734325.37438965,86.19047619047619,True,0.0,0,,,,0.0,0,,,,False,False,False,False,0,,none,0,0,False,-1,0.625,risk_on,6,False
EOG,148.72000122070312,-3.2652556869357863,49.76057395870723,37.49989948336565,20.23872357771255,0.41034492733764205,True,0.8915415534641206,6.650080223554801,10.241676236615982,3.113087170609097,False,True,False,True,27,45.0,True,0.44944815534103555,1.0488458232080868,True,1.2651390441082158,True,5.191679222231338,False,1,0,0.5769961664865683,False,0.950256096705629,False,4,1,False,False,False,65.0,14.651314265792953,8.458839745164271,0.7591476995648189,18.0,False,6,2,4,6,-3.5288027453150184,154.16000366210938,459456034.38017577,74.5578231292517,False,0.0,0,,,,0.0,0,,,,False,True,False,False,1,,power_play,6,6,True,0,0.75,risk_on,6,False
EPAM,113.24500274658203,-48.85049418766933,48.92819750539672,-24.769146572160096,-42.0303224778132,0.22625884867102977,False,0.9758282838416421,8.486026206257135,-9.39674799417849,-0.6622782924719073,False,True,False,False,28,46.666666666666664,True,0.46155604019058044,2.023912104391144,True,0.6154317554145053,True,4.5756780766119665,True,1,1,0.5113291794306716,False,0.9907619345907498,False,2,1,False,False,False,45.0,26.37154198446764,15.515033130549789,0.6026679553085811,19.0,False,2,2,2,4,-10.478258698354125,126.5,119051142.73777008,15.170068027210885,False,0.0,0,,,,0.0,0,,,,False,False,False,False,0,,none,0,0,False,-2,0.5,risk_on,6,False
EPD,36.315101623535156,-7.736023728657171,28.07769755251741,23.693712411111,6.432536505457897,0.6045788182664023,False,1.1428847397491284,3.8276070491500542,-0.0891346695452544,-6.620976617445395,False,False,False,True,24,40.0,True,0.5670341286069134,1.0696828356154213,True,-2.4344471308682567,True,0.3734143648971955,True,2,0,0.3842857680396282,False,0.4779727371947622,False,8,1,False,False,False,25.0,10.884353349201476,5.645032356819786,0.2187737866701046,21.0,False,2,1,1,4,-8.503142151541232,39.689998626708984,119218553.36649951,65.10204081632654,False,0.0,0,,,,0.0,0,,,,False,False,False,False,0,,none,0,0,False,-2,0.5,risk_on,6,False
EPRT,25.360000610351562,-24.230119839551357,1.6432859113219678,-10.23177731499657,-27.492953220649675,0.2417568761432745,False,0.9219889983302545,5.619082029828044,-19.275810630065394,-4.027193564597786,False,False,False,True,15,25.0,False,0.47541462103243504,1.0507320103850735,True,-6.980482570742045,True,-2.0849382862244026,True,2,0,0.4486605791739372,False,0.48674699893381357,False,6,4,True,False,False,25.0,16.865905405888252,6.568836582187057,0.14815388115251288,22.0,False,0,2,2,4,-14.367156060854757,29.61480600641219,70792366.61759338,27.55102040816326,False,0.0,0,,,,0.0,0,,,,False,False,False,False,0,,none,0,0,False,-2,0.5,risk_on,6,False
EQH,52.79999923706055,-3.119267454934771,51.451173332729326,8.652586389745975,-8.608589515907129,0.42017458315729955,False,1.0683452112180523,5.653403103762007,40.038847285025405,-2.1316061345987847,False,True,False,True,23,38.333333333333336,False,0.3614821987997051,0.9985214600655771,False,0.6930207515521866,True,0.30395108143479455,True,2,0,0.4599398963629352,False,0.8526586920339899,False,4,2,True,False,False,65.0,16.095206947202644,10.217796820117442,0.7271780374678009,3.0,False,3,3,3,5,-4.391125946697716,55.224998474121094,164765271.1999708,50.68027210884354,False,0.0,0,,,,0.0,0,,,,False,False,False,False,0,,none,0,0,False,-1,0.625,risk_on,6,False
EQIX,1023.780029296875,-7.82014719881402,43.1494320401681,29.364001655687755,12.10282575003465,0.2736681827558769,False,0.880174309841731,5.586155206165494,-2.183913890928635,0.2389020676021758,True,True,False,True,22,36.666666666666664,False,0.4154771225664861,1.0182526921797024,False,-0.6963483524950557,True,-0.18912972952258578,True,2,0,0.568736889286833,False,0.81691295282773,False,7,1,False,False,False,25.0,7.381087005041863,5.6476923396105745,0.45719050761039554,13.0,False,2,1,3,5,-4.006524090490283,1066.510009765625,498767891.7625061,68.9795918367347,False,0.0,0,,,,0.0,0,,,,False,False,False,False,0,,none,0,0,False,-1,0.625,risk_on,6,False
EQNR,43.1349983215332,-5.715850663315402,98.95882334052241,87.69979634946223,70.43862044380913,1.0501459555620007,True,1.0259635779668723,5.494384696426229,12.243847378843276,-2.1660281872297404,True,False,False,True,28,46.666666666666664,True,0.5408781458466941,1.3413769175067183,True,0.8388552008286863,True,1.351026620509077,True,2,0,0.47624661474697794,False,0.8653327289800914,False,5,0,False,False,False,55.0,18.159710421648853,6.769449628527976,0.6750518759289237,18.0,False,6,2,4,5,-5.900963835188766,45.84000015258789,173896854.66178855,90.74829931972789,True,0.0,0,,,,0.0,0,,,,False,False,False,False,0,,none,0,0,False,-1,0.625,risk_on,6,False
EQT,52.970001220703125,-21.55766506156408,9.081548028616204,-2.413654389294362,-19.674830294947466,0.28094979519298874,False,0.9573958304131631,7.68359373424646,-7.6501300707732645,5.940002441406245,False,False,False,True,23,38.333333333333336,False,0.4841056863107666,1.366242787824126,True,0.1270511830886802,True,5.5810308031682965,False,1,0,0.5396393243480306,False,0.7420645919094256,False,6,2,True,False,False,25.0,13.982146126883372,9.873519419307595,0.6130270663182285,23.0,False,1,3,3,5,-5.4107121058872725,56.0,407294822.91185725,35.714285714285715,False,0.0,0,,,,0.0,0,,,,False,False,False,False,0,,none,0,0,False,-1,0.625,risk_on,6,False
EQX,11.420000076293945,-38.872387050034774,32.74925340075554,-0.10853580601328794,-17.36971171166639,0.5668211807075718,False,0.8676572128716735,7.049039402782759,-23.975960768071005,-8.273090351412527,False,True,False,True,28,46.666666666666664,True,0.3762326756554476,1.434365581265704,False,-0.921092277628094,True,2.7902828910564725,True,2,0,0.5039325888690882,False,0.9319827915043762,False,5,3,True,False,False,25.0,18.18527292247084,7.049039402782759,0.26931120437694617,22.0,False,1,2,2,4,-13.287775169796756,13.170000076293945,152099459.42620063,38.435374149659864,False,0.0,0,,,,0.0,0,,,,False,False,False,False,0,,none,0,0,False,-2,0.5,risk_on,6,False
ERAS,15.979999542236328,-28.882954915183255,626.3635998126897,552.2448665804792,534.9836906748261,0.9518781288626796,False,0.9410012362920679,15.143936791562595,-2.023298188299405,8.192275199535516,False,False,False,False,14,23.333333333333332,False,0.38457552996936223,2.9150139680816247,False,-0.5753387575325277,True,8.412481617183222,False,0,0,0.5195376702195655,False,0.897704439305808,False,4,2,True,True,False,25.0,21.536232768625453,15.143936791562595,0.6581425556930376,21.0,False,4,2,2,3,-7.3623214942821535,17.25,77324410.92810974,99.45578231292517,True,0.0,0,,,,0.0,0,,,,False,False,False,False,0,,none,0,0,False,-3,0.375,risk_on,6,False
ERIC,9.550000190734863,-29.30922057880183,20.634025166790472,20.192691890417834,2.9315159847647294,0.8443924770605838,False,1.0071284728460588,4.554968138790268,-19.260906678182355,-4.494460356893248,False,False,False,True,22,36.666666666666664,False,0.46371152697849577,0.7898377969209525,True,-1.2608974157378512,True,2.798710763718626,True,2,0,0.5203730811245646,False,0.61391132813344,False,4,1,False,False,False,25.0,11.932825015613753,6.020940290901618,0.4163635814062107,16.0,False,0,1,1,3,-6.964431255819193,10.26489150294166,71315576.68912812,61.97278911564625,False,0.0,0,,,,0.0,0,,,,False,False,False,False,0,,none,0,0,False,-3,0.375,risk_on,6,False
ES,65.83000183105469,-11.652699754826045,8.374691743046903,-4.859613826933762,-22.120789732586864,0.37735504852980833,False,0.8705466115036262,2.8862243248223614,-1.8700091824106257,-1.6464432387379713,False,False,False,True,22,36.666666666666664,False,0.4298341738478077,0.7520483083118056,False,-2.467794207714063,True,2.0620183427204397,True,2,1,0.6147618465748114,True,0.5692395248001059,False,6,2,True,False,False,25.0,12.03435571440547,4.87619473672621,0.3624471254577443,23.0,False,2,3,1,6,-7.6725380789832265,71.30056481718319,178267278.25259018,32.38095238095238,False,0.0,0,,,,0.0,0,,,,False,True,False,False,1,,power_play,6,6,True,0,0.75,risk_on,6,False
ESAB,67.01000213623047,-50.09438907732233,3.3723976048761095,-43.1375459803207,-60.398721885973806,0.5581971476400065,False,1.046642720618582,15.758843510887626,-34.35283564035384,3.3723976048761095,False,False,False,False,19,31.666666666666664,False,0.4572817915812618,2.0827674742363764,True,-2.5291064584048617,True,-4.134476862033376,True,1,0,0.4888417243948985,False,0.4839084557623245,False,5,2,True,False,False,25.0,17.36472872669189,15.758843510887626,0.32387755317363903,24.0,False,0,2,2,3,-11.740682875166918,75.92399796324302,76813284.72326127,6.666666666666667,False,0.0,0,,,,0.0,0,,,,False,False,False,False,0,,none,0,0,False,-3,0.375,risk_on,6,False
ESE,258.42999267578125,-27.143175105266515,32.42508622913331,24.961544545759338,7.700368640106234,0.2168599589036325,False,0.8521500472934568,9.190109767868956,-18.409373605949742,-2.7873030501420204,False,False,False,False,21,35.0,False,0.36778748621991963,1.1205657681868646,False,-2.810668040916201,True,-6.008371994110262,False,0,0,0.5276892183782347,False,0.5324989751578257,False,7,1,False,False,False,25.0,9.625052984691775,9.538364197304892,0.23690807731947686,20.0,False,0,1,1,3,-7.344800187990352,278.91580094815623,74040904.82738495,66.05442176870748,False,0.0,0,,,,0.0,0,,,,False,False,False,False,0,,none,0,0,False,-3,0.375,risk_on,6,False
ESI,36.380001068115234,-25.72402494080461,59.75549205628094,42.30063055563471,25.039454649981607,0.5418702081346384,False,0.998071836025739,7.943923322699787,-3.865907805895963,11.151853275062763,False,True,False,True,29,48.333333333333336,True,0.38097375532019917,1.3825885124231754,False,0.32392483764943963,True,-4.086473041364669,True,2,1,0.6905767648786929,True,0.9233109819852598,False,4,2,True,False,False,25.0,18.082335437512864,9.895553004734607,0.7118155841364672,4.0,False,3,4,3,4,-5.211047275508108,38.380001068115234,140553743.11510125,77.27891156462586,False,0.0,0,,,,0.0,0,,,,False,False,False,False,0,,none,0,0,False,-2,0.5,risk_on,6,False
ESLT,656.5399780273438,-35.119742041172806,44.849252363550285,30.708510722064286,13.447334816411182,0.5044543429844098,False,0.995346344331888,11.112788610613,-29.694810112443193,-11.678213548089067,True,False,False,False,22,36.666666666666664,False,0.4373001816292832,0.910914645993319,False,-4.617486659541753,True,-5.700702864689077,False,0,0,0.3472860147404084,False,0.5127718923558265,False,5,2,True,False,False,25.0,13.939616172458619,11.112788610613,0.02056678287489246,13.0,False,1,2,3,4,-13.652923113280323,760.3499755859375,54027439.8843689,70.1360544217687,False,0.0,0,,,,0.0,0,,,,False,False,False,False,0,,none,0,0,False,-2,0.5,risk_on,6,False
ESNT,62.81999969482422,-9.780264005768668,13.074396574181858,8.344733908149493,-8.916441997503611,0.2309620330874181,False,1.1544089534069852,5.635149526782005,4.036699913828623,-6.503947890748984,False,False,False,True,21,35.0,False,0.4770000968822716,1.3323362335951021,True,-2.20678624702983,True,4.317499869507202,True,2,0,0.5799047220293049,False,1.1443588029442535,False,6,2,True,False,False,25.0,17.03629236049767,9.933138959062505,0.4404056025414973,24.0,False,1,2,2,5,-9.53341375839959,69.44000244140625,59150210.42957306,50.136054421768705,False,0.0,0,,,,0.0,0,,,,False,False,False,False,0,,none,0,0,False,-1,0.625,risk_on,6,False
ESS,273.0400085449219,-7.603574750951337,17.307584768799366,9.580627874134162,-7.680548031518942,0.30379994918883607,False,0.9272924605156456,4.003073664562604,11.701142489768856,2.072300521223891,False,True,False,True,18,30.0,False,0.38192977515812837,0.635637298047569,False,-0.8085649212870699,True,1.6341018977015231,True,2,0,0.5209543963634065,False,1.132313641245972,False,4,2,True,False,False,35.0,9.05605750838802,4.003073664562604,0.28535902478676584,33.0,False,2,2,2,6,-6.471829769381543,291.93344408606464,147378259.0725647,51.83673469387755,False,0.0,0,,,,0.0,0,,,,False,True,False,False,1,,power_play,6,6,True,0,0.75,risk_on,6,False
ESTC,98.01000213623047,-1.901712997934235,126.35104818279888,20.183934357459066,2.9227584518059615,0.36505856737314996,False,0.760032885473569,6.7340050303716215,114.98135952663948,12.706995363493355,False,True,False,True,31,51.66666666666667,True,0.4835350862566081,1.803581664551938,True,3.750843159210496,True,4.332552255747313,True,2,2,0.6396687103456806,True,2.3569715938315814,True,4,2,True,False,False,25.0,16.683567142812596,14.263845957382348,0.9641339545686863,3.0,True,7,6,5,7,-0.5983735771004861,98.5999984741211,155697974.18291283,61.904761904761905,False,0.0,0,,,,0.0,0,,,,False,True,False,False,1,,power_play,7,7,True,1,0.875,risk_on,6,True
ETH,23.655000686645508,-41.9757417887144,60.07638263961923,-41.9757417887144,-59.236917694367506,0.28517606226841824,False,0.9534442731408818,13.083911323248373,10.346088258484976,-6.056392375089881,False,True,False,False,24,40.0,True,0.41793957281387534,1.3293197253723643,False,1.457955191235125,True,-7.0895462008400685,False,0,0,0.36794629355882114,False,0.7422659921970196,False,6,2,True,False,False,45.0,33.42293132262672,14.922843698287208,0.678788004503343,14.0,False,1,3,3,3,-10.735846465488653,26.5,73040829.94071475,7.142857142857142,False,0.0,0,,,,0.0,0,,,,False,False,False,False,0,,none,0,0,False,-3,0.375,risk_on,6,False
ETHA,56.1349983215332,-42.96962496445158,59.38386250973711,-42.96962496445158,-60.23080087010469,0.3800282576413897,False,0.9597127401833635,13.173600568055907,9.553076664170934,-6.065930558592081,False,False,False,False,24,40.0,True,0.42407092482237807,1.3609727395137277,False,1.4265258843953663,True,-6.953428447207699,False,0,0,0.3693971089283269,False,0.8217351860493509,False,7,1,False,False,False,45.0,33.32856584680664,14.830321567402649,0.6787895074722683,14.0,False,1,2,2,2,-10.705485050895703,62.8650016784668,757103620.1053331,6.870748299319727,False,0.0,0,,,,0.0,0,,,,False,False,False,False,0,,none,0,0,False,-4,0.25,risk_on,6,False
ETHE,19.900100708007812,-43.41627310435221,58.74842739017865,-43.41627310435221,-60.67744901000531,0.3050915003834204,False,0.9551491756468263,13.165757150316715,8.964129008863964,-6.220069029483999,False,False,False,False,24,40.0,True,0.42376161186670924,1.3452135993341798,False,1.3890389277275206,True,-7.139055414751749,False,0,0,0.3731387112482487,False,0.706826879045074,False,6,2,True,False,False,45.0,33.27420780319723,15.025048440659331,0.6729668219832027,14.0,False,1,2,2,3,-10.881769923870909,22.329999923706055,65008276.70137749,6.462585034013606,False,0.0,0,,,,0.0,0,,,,False,False,False,False,0,,none,0,0,False,-3,0.375,risk_on,6,False
ETN,430.3800048828125,-6.430991199623614,37.41377591740533,15.373788806461008,-1.8873870991920967,0.4348781680211426,False,0.8922882343507409,6.2107929464814235,7.256836793480637,1.3207185098380592,False,False,False,True,23,38.333333333333336,False,0.48801116592000554,1.365098038595556,True,0.3116772101916943,True,-1.313884263422882,True,2,0,0.468567153604579,False,0.852888126329657,False,5,1,False,False,False,35.0,14.873896235913303,7.435289659591232,0.6784174983760729,5.0,False,2,2,2,5,-4.783184760439707,452.0,883544695.6304138,56.734693877551024,False,0.0,0,,,,0.0,0,,,,False,False,False,False,0,,none,0,0,False,-1,0.625,risk_on,6,False
ETR,102.63999938964844,-12.020519867242395,14.59474036766455,10.014978070978842,-7.246197834674263,0.43220059313478043,False,0.9251727099127669,3.3807494557069195,-9.983335191223762,0.6175838057297822,False,True,False,True,19,31.666666666666664,False,0.46043611004985674,0.8988813021502654,True,-1.0529264526287694,True,1.7143946732296689,True,2,1,0.644025549387124,True,0.5078976673104877,False,4,2,True,False,False,25.0,11.115189512857146,6.215905028011861,0.4719471884869189,23.0,False,1,3,2,5,-5.869407072764932,109.04000091552734,306306148.673941,52.44897959183673,False,0.0,0,,,,0.0,0,,,,False,False,False,False,0,,none,0,0,False,-1,0.625,risk_on,6,False
ETSY,76.47000122070312,-12.13374434874267,73.59818965982339,4.954708454721968,-12.306467450931137,0.5163842196613138,False,0.9739153110072923,8.31045279912075,38.182148554127025,5.330582407603668,False,False,False,False,29,48.333333333333336,True,0.3872841315829794,1.6832690394037655,False,-0.2635160796186243,True,5.084519373808782,False,0,0,0.5751095862680472,False,0.6347315954716588,False,4,1,False,False,False,25.0,19.118008073774547,13.887802506934996,0.65559112689315,24.0,False,3,2,2,3,-6.584411616736352,81.86000061035156,226678923.2075325,45.64625850340136,False,0.0,0,,,,0.0,0,,,,False,False,False,False,0,,none,0,0,False,-3,0.375,risk_on,6,False
EVR,270.9956970214844,-28.684231787508253,5.474527982979627,-12.746377618312598,-30.007553523965704,0.46570415918583774,False,0.8646456973351034,5.339568627746865,-22.2562341967836,3.197140412349886,False,False,False,True,19,31.666666666666664,False,0.4184901701912504,1.2663084648925385,False,-1.7539671808958484,True,3.5599604885518277,True,2,1,0.6035838095359283,True,1.0547356220544848,False,5,2,True,False,False,25.0,16.122241148194853,7.922635472326705,0.4115536909081368,23.0,False,1,3,2,5,-9.487073297944226,299.3999938964844,141406142.94836426,25.37414965986395,False,0.0,0,,,,0.0,0,,,,False,False,False,False,0,,none,0,0,False,-1,0.625,risk_on,6,False
EVRG,81.0199966430664,-7.300011295665165,14.887989259258848,9.329858894416398,-7.931317011236706,0.27239073615117193,False,0.8815894834112071,3.0733127214744487,-0.08373828005148187,1.5542716003291268,False,True,False,True,23,38.333333333333336,False,0.43708326457114854,0.5988328394651892,False,0.0072991879818757235,True,2.33674184275372,True,2,1,0.6327363758267832,True,0.6604058402015568,False,4,1,False,False,False,25.0,6.680378587133588,4.677858643001668,0.7083330453880143,23.0,True,2,4,3,6,-1.9484456781643678,82.62999725341797,181126442.1530487,51.49659863945578,False,0.0,0,,,,0.0,0,,,,False,True,False,False,1,,power_play,6,6,True,0,0.75,risk_on,6,False
EW,84.2300033569336,-11.504514512642572,15.939437835978199,12.022876209602472,-5.238299696050632,0.5177770970338573,False,1.0424883576903146,6.470374843922594,7.8213010695508345,-4.566053344386423,True,False,False,True,21,35.0,False,0.4451846970055361,1.2739265419081511,True,-2.0289061832981896,True,-1.0804441015373367,True,2,0,0.4882248406617732,False,0.6621257274073119,False,6,3,True,False,False,25.0,8.624319763058287,6.838420879341352,0.2313628964245788,24.0,False,1,2,3,5,-6.628972162985381,90.20999908447266,318687236.9413223,54.35374149659864,False,0.0,0,,,,0.0,0,,,,False,False,False,False,0,,none,0,0,False,-1,0.625,risk_on,6,False
EWBC,125.58999633789062,-8.060036071507637,36.598758678318944,22.75015348120273,5.488977575549626,0.29211631382044656,False,1.0184466698721073,3.6547528474609465,8.312958853486263,-1.0479056494188566,False,False,False,True,20,33.33333333333333,False,0.4190240566401445,0.8414868923101341,False,-1.4878501770516273,True,-0.4912469305756506,True,2,0,0.5211608687804935,False,0.9262319959126625,False,6,2,True,False,False,25.0,8.302370914334551,6.011627734620746,0.4246570951995418,23.0,False,1,2,2,5,-4.776710198584078,131.88999938964844,113383521.26991653,63.94557823129252,False,0.0,0,,,,0.0,0,,,,False,False,False,False,0,,none,0,0,False,-1,0.625,risk_on,6,False
EWTX,39.28499984741211,-18.74870509367429,167.2449003887164,144.766365824494,127.50518991884088,0.2216205464671455,False,0.9691549954281794,11.58202686708239,16.090424557541905,-13.316416346095739,False,False,False,False,23,38.333333333333336,False,0.4376762048138341,2.29553376465675,False,-1.6559527361606923,True,-5.108699518150306,False,0,0,0.4723157927621025,False,0.7538824575682913,False,5,2,True,False,False,25.0,23.23231711608562,12.422037093986237,0.18145508234942095,16.0,False,3,2,2,2,-19.016695100618442,48.5099983215332,74904201.80361328,95.4421768707483,True,0.0,0,,,,0.0,0,,,,False,False,False,False,0,,none,0,0,False,-4,0.25,risk_on,6,False
EXC,41.849998474121094,-15.200236712497507,4.104471840465185,-7.015594749754584,-24.276770655407688,0.2569963760131247,False,0.8928628742661144,3.8829153148114353,-11.431363364591075,-0.522940865935384,False,True,False,True,21,35.0,False,0.501005571833695,0.832581827264413,True,-1.931707542336562,True,2.749813269021395,True,2,1,0.6450194577333794,True,1.154455052243335,False,7,3,True,False,False,25.0,10.37672478866423,4.910395173482594,0.4608691037041521,23.0,False,1,3,2,5,-5.594412935927895,44.33000183105469,330837583.7638403,30.20408163265306,False,0.0,0,,,,0.0,0,,,,False,False,False,False,0,,none,0,0,False,-1,0.625,risk_on,6,False
EXE,88.2249984741211,-26.943278478901433,4.917353212402564,-14.876747577661042,-32.13792348331415,0.30868519746557516,False,0.8547433718370534,6.109378841451018,-8.6808865699194,0.8400967291095629,False,True,False,True,26,43.333333333333336,True,0.43456769040120563,1.2223892110336931,False,-2.240320484795731,True,3.1630050716027425,True,2,0,0.5214525000084291,False,0.5565365525538406,False,4,4,True,False,False,25.0,16.424054321962743,7.140836679760083,0.30409524990929604,23.0,False,2,2,2,5,-11.429577418401626,99.61000061035156,303961654.2962265,23.197278911564627,False,0.0,0,,,,0.0,0,,,,False,False,False,False,0,,none,0,0,False,-1,0.625,risk_on,6,False
EXEL,60.31999969482422,0.0,74.63809524019891,56.39097788978897,39.12980198413587,0.49570418828145035,True,0.9836561578062969,6.316315305979576,34.16370312083987,3.3584630979681673,False,False,False,True,25,41.66666666666667,True,0.37776992628320966,1.128558635335888,False,2.425346319690573,True,3.3053610641378794,True,2,2,0.48269553884469374,False,1.3710533574308355,True,2,2,True,False,False,45.0,18.269542493381994,6.830236990598467,0.9265890931742521,7.0,True,8,6,6,7,-1.3411836817307066,61.13999938964844,123872392.3876131,83.19727891156462,True,0.0,0,,,,0.0,0,,,,True,True,False,False,2,sepa_vcp,power_play,7,7,True,1,0.875,risk_on,6,True
EXK,8.725000381469727,-38.208212095008385,23.408771847588827,14.953889407957988,-2.3072864976951166,0.6510126744507626,False,0.7976127236766495,7.507159935056149,-9.20914991492847,-14.544560735836786,False,True,False,True,22,36.666666666666664,False,0.4042893115713418,2.085695122214254,False,-2.4571918408549935,True,1.4534883076207317,True,2,0,0.5390461783459606,False,0.7560911595120365,False,5,2,True,False,False,25.0,29.07986326695032,10.888249486874054,0.16567171402299635,22.0,False,0,2,3,3,-24.262152475960285,11.520000457763672,66289167.87658477,56.53061224489796,False,0.0,0,,,,0.0,0,,,,False,False,False,False,0,,none,0,0,False,-3,0.375,risk_on,6,False
EXLS,37.060001373291016,-14.568924710030695,46.94687701147957,-11.74089094572237,-29.002066851375474,0.3126716192546959,False,0.9984718431757607,5.072857524150399,23.204792111997374,5.433854237547853,False,False,False,True,23,38.333333333333336,False,0.37242803468180025,1.0393506369115064,False,1.2781577969825273,True,3.6643395057091244,True,2,1,0.5603503573885961,False,1.2493061410057082,True,4,1,False,False,False,25.0,8.932870305188029,9.012412382140424,0.9011982032091425,5.0,True,1,4,3,4,-0.8825836366522677,37.38999938964844,71143813.53328209,26.3265306122449,False,0.0,0,,,,0.0,0,,,,False,False,False,False,0,,none,0,0,False,-2,0.5,risk_on,6,False
EXP,165.02000427246094,-31.42562838302474,0.0,-29.13112629320652,-46.392302198859625,0.3512650602409639,False,0.8440611986392759,5.496307774446217,-18.03235064377351,-6.673454678757718,False,False,False,True,18,30.0,False,0.449426445824209,1.1105067517363372,True,-5.859508616249664,True,-3.699811108373463,True,2,0,0.443266625452838,False,0.7278099090371876,False,6,1,False,False,False,25.0,16.021727888625303,9.44128071002282,0.0297072281555808,24.0,False,0,1,1,3,-15.54576676279128,195.39577585053092,81813133.76060638,11.904761904761903,False,0.0,0,,,,0.0,0,,,,False,False,False,False,0,,none,0,0,False,-3,0.375,risk_on,6,False
EXPD,191.82000732421875,-1.1848278646309884,71.32898398052664,66.77377315248276,49.51259724682966,0.5294961242016207,True,1.0230146378985119,2.8698804465729215,34.00646862261787,0.46088031400468576,False,False,False,True,25,41.66666666666667,True,0.528278858545745,1.1488709390548681,True,1.1305059093134262,True,-0.337711795272988,True,2,1,0.5195342665318936,False,1.8731273077556971,True,6,2,True,False,False,55.0,16.030143835277897,5.945677376614773,0.8755378875124502,0.0,True,7,4,4,6,-1.9951455652179595,195.72500610351562,213192730.88465422,86.5986394557823,True,0.0,0,,,,0.0,0,,,,False,True,False,False,1,,power_play,6,6,True,0,0.75,risk_on,6,True
EXPE,273.3599853515625,-19.277545449670917,45.84395384358131,27.01878525114949,9.757609345496387,0.22010933280642825,False,0.9527691855386918,7.479151455881467,14.2064319641229,-2.1442708505735486,False,True,False,True,23,38.333333333333336,False,0.3811810355322518,1.55455156735855,False,-1.9467117499622948,True,3.1547114534198117,True,2,1,0.5774274858000188,False,0.6819063535079796,False,1,0,False,False,False,25.0,16.448843675871494,7.479151455881467,0.4052966126343028,24.0,False,1,2,3,5,-9.782183052289605,303.0,606518894.6703476,67.55102040816327,False,0.0,0,,,,0.0,0,,,,False,False,False,False,0,,none,0,0,False,-1,0.625,risk_on,6,False
EXR,133.97999572753906,-11.314811399441215,10.749070260377547,-1.9373720192740973,-19.1985479249272,0.3293123498887165,False,1.0146568590620206,3.7319004026302336,-1.9468115982327783,-1.9969357415379307,False,False,False,True,21,35.0,False,0.4246722768899752,0.857135579873854,False,-2.172041078338166,True,0.5478391951512673,True,2,0,0.47769875345102175,False,1.088225614670172,False,5,2,True,False,False,25.0,6.88461051054033,3.7319004026302336,0.3564160505197472,24.0,False,1,2,2,5,-4.430824823006807,140.19164179183235,212655429.38651124,36.3265306122449,False,0.0,0,,,,0.0,0,,,,False,False,False,False,0,,none,0,0,False,-1,0.625,risk_on,6,False
F,12.175000190734863,-29.43314750482444,11.6795968257287,10.80557193562548,-6.455603970027624,0.334399083121081,False,0.7489124035271545,2.710471610153925,2.4834617706748663,-7.834972327201395,False,True,False,True,21,35.0,False,0.4985683814747797,1.3022678907071392,True,-4.600703802043694,True,0.6198331148814962,True,2,0,0.5096925834724197,False,0.4623446614124028,False,8,2,True,False,False,25.0,18.647543933670647,6.242301576801565,0.09706970519591716,24.0,False,0,2,3,4,-16.837432341401325,14.640000343322754,584417345.0269575,53.197278911564624,False,0.0,0,,,,0.0,0,,,,False,False,False,False,0,,none,0,0,False,-2,0.5,risk_on,6,False
FAF,61.72999954223633,-21.294236322312265,10.499582984340773,7.0529600975706375,-10.208215808082468,0.350862904981495,False,1.0413201497194946,4.1956911903357215,-0.12876001079304977,-10.470629580094414,False,True,False,True,19,31.666666666666664,False,0.4380330050616259,1.407100219043916,False,-4.411124840905949,True,-1.2161979769835018,True,2,0,0.48662666682784483,False,0.5901290482508531,False,7,3,True,False,False,25.0,20.276337865227898,9.34715778479113,0.13097400276448615,24.0,False,0,2,2,4,-17.62066473361389,74.93384031641307,65865839.624845505,48.63945578231292,False,0.0,0,,,,0.0,0,,,,False,False,False,False,0,,none,0,0,False,-2,0.5,risk_on,6,False
FANG,192.41000366210938,-9.038904754656873,43.52436137668762,36.63726729409649,19.376091388443385,0.17896383129553975,False,0.7618752310558173,6.517329165563687,2.873466304278205,-0.005194110243755823,False,True,False,True,24,40.0,True,0.46722239599778864,1.1393624400140603,True,-0.9262056759632005,True,4.168695072471196,True,2,0,0.5213869905945266,False,0.6282594347605348,False,5,2,True,False,False,65.0,17.127662752211467,6.517329165563687,0.3407790979891241,35.0,False,4,2,2,6,-11.290913288850923,216.89999389648438,642972537.8251861,73.87755102040816,False,0.0,0,,,,0.0,0,,,,False,True,False,False,1,,power_play,6,6,True,0,0.75,risk_on,6,False
FAST,50.82500076293945,-2.96869086190672,31.95517346497947,11.17322043789677,-6.087955467756334,0.31623737288446185,False,0.8978029779468948,3.639937917069496,12.17514197784848,3.7033309601416597,False,True,False,True,27,45.0,True,0.41079900429741817,0.7914571736269973,False,0.6837111095054721,True,0.14778475456049822,True,2,0,0.4987899741086895,False,0.9374114484435393,False,6,1,False,False,False,65.0,17.196636091047377,4.4859788392947815,0.7697921291810201,42.0,False,4,2,3,6,-3.9588009797688395,52.91999816894531,337653294.40787506,53.74149659863946,False,0.0,0,,,,0.0,0,,,,False,True,False,False,1,,power_play,6,6,True,0,0.75,risk_on,6,False
FBIN,39.11000061035156,-38.21783796311529,18.66155390477333,-20.260090597094305,-37.52126650274741,0.2521461765495036,False,0.8715036517552619,6.750199854629897,-2.12179742740225,-0.7360429043051231,False,False,False,True,19,31.666666666666664,False,0.5158283213187472,1.7177699145604335,True,-2.9773575745554646,True,1.4263465183419477,True,2,0,0.5853114186797483,False,0.513051344084281,False,5,4,True,False,False,25.0,14.802855261832754,8.003070875142845,0.33644867032212217,24.0,False,0,2,2,4,-9.82245429201829,43.369998931884766,88174116.11864853,19.319727891156464,False,0.0,0,,,,0.0,0,,,,False,False,False,False,0,,none,0,0,False,-2,0.5,risk_on,6,False
FCEL,17.34000015258789,-51.8467065792143,189.0000025431315,75.50607238600335,58.24489648035025,0.6469590642349101,False,0.8445110516924145,25.951556865058055,153.87994650487434,-4.251796973013599,False,False,False,False,23,38.333333333333336,False,0.3726666550740751,2.720382788539109,False,-0.637865871235586,True,-6.118024920280152,False,0,0,0.5400871569893201,False,0.9220942184161419,False,3,1,False,False,False,25.0,31.149096069783965,30.62283402085148,0.4329268877737489,3.0,False,6,1,1,4,-17.663814851326876,21.059999465942383,110068326.9850748,88.57142857142857,True,0.0,0,,,,0.0,0,,,,False,False,False,False,0,,none,0,0,False,-2,0.5,risk_on,6,False
FCFS,214.72999572753906,-9.178191270343438,46.29958107876584,40.29259123899123,23.031415333338124,0.24788273615635179,False,0.7727742568727062,3.9491435273434905,5.41176937649015,-1.945298716273136,False,False,False,True,22,36.666666666666664,False,0.4274026513702792,1.148307790891231,False,-0.2630730381343655,True,2.077388811802683,True,2,0,0.5010288850271489,False,0.659826201634364,False,4,2,True,False,False,55.0,18.78264230380963,5.574443002314081,0.460752731955909,32.0,False,2,2,2,5,-10.12848854897872,238.92999267578125,75864534.01127854,76.32653061224491,False,0.0,0,,,,0.0,0,,,,False,False,False,False,0,,none,0,0,False,-1,0.625,risk_on,6,False
FCN,137.0399932861328,-26.72833546459803,5.051741274095467,-14.648732330652713,-31.909908236305817,0.20117983587338803,False,1.1881015553410914,5.487441171987293,-23.71409833458862,-2.932426409141353,False,False,False,True,20,33.33333333333333,False,0.4614540653017996,1.6432011519245973,True,-1.9261424059158934,True,0.4692077846675913,True,2,0,0.4653970207922969,False,1.1978951208831943,False,7,2,True,True,True,25.0,15.574739730597672,10.325459609246264,0.3324935236645681,19.0,False,0,2,2,4,-10.396239637412707,152.94000244140625,72710160.13668671,23.46938775510204,False,0.0,0,,,,0.0,0,,,,False,False,False,False,0,,none,0,0,False,-2,0.5,risk_on,6,False
FCNCA,2071.264892578125,-9.517651142960904,26.925937312756254,17.08107027202552,-0.18010563362758347,0.5309657600959017,False,0.932106907614244,3.305702176392676,3.7289234740229382,-1.9236324840025798,False,False,False,True,28,46.666666666666664,True,0.30018761546562495,0.7645963974824717,False,-1.9456953884435162,True,-0.10586499863650678,True,2,0,0.5687706632754186,False,0.6963000128650457,False,8,3,True,False,False,25.0,9.413950732495579,4.928387306735427,0.2916183895393033,24.0,False,2,2,2,5,-6.668669580682874,2219.260009765625,137471122.25041503,58.97959183673469,False,0.0,0,,,,0.0,0,,,,False,False,False,False,0,,none,0,0,False,-1,0.625,risk_on,6,False
FCX,73.76000213623047,-7.696159734747987,92.20306759632324,72.13791087168326,54.876734966030156,0.4066740632723925,True,0.9058974277933903,5.246749775622781,8.925252371842962,3.1031607384579774,False,False,False,True,27,45.0,True,0.3896366208187033,1.2572409565631886,False,0.8668704631168485,True,2.3875641294341055,True,2,1,0.5892647491332567,False,1.5061763959629373,True,8,1,False,False,False,55.0,27.480059601318484,8.47342708648057,0.7061226325737098,31.0,False,6,3,3,5,-8.075767572353032,80.23999786376953,760950268.4932969,87.82312925170068,True,0.0,0,,,,0.0,0,,,,False,False,False,False,0,,none,0,0,False,-1,0.625,risk_on,6,False
FDS,284.510009765625,-9.26167410553953,51.771254278058706,2.304938778287191,-14.956237127365913,0.36056718594947457,False,1.0176872960256684,10.120903279950367,26.744808180829626,0.23958821320178014,True,True,False,False,25,41.66666666666667,True,0.4920451568253101,2.0394407883700434,True,0.12957519980057286,True,6.958650287828938,False,0,1,0.45693972804074956,False,1.53609371183762,True,5,2,True,False,False,25.0,17.66031324908191,13.994230718074267,0.6004442719542744,24.0,False,3,4,4,5,-7.056279317752501,306.1099853515625,220210727.0257721,41.49659863945578,False,0.0,0,,,,0.0,0,,,,False,False,False,False,0,,none,0,0,False,-1,0.625,risk_on,6,False
FDX,290.8949890136719,-13.942252394247989,63.435625550115816,54.905232332326314,37.64405642667321,0.3728167915154244,False,0.7772087603791162,2.595434118190983,-2.1811886486816534,-4.200561547569381,False,True,False,True,20,33.33333333333333,False,0.5040064926139637,1.093314536599389,True,-3.6823050234958896,True,0.18425530000685253,True,2,1,0.6175200327313781,True,0.39202995866368323,False,6,1,False,False,False,25.0,13.759053077582264,3.2279635213716427,0.2618465173799284,24.0,False,1,2,3,4,-10.15629294677176,323.7789251520199,466156901.6332138,82.58503401360544,True,0.0,0,,,,0.0,0,,,,False,False,False,False,0,,none,0,0,False,-2,0.5,risk_on,6,False
FE,45.11000061035156,-11.332930736861012,5.535150655099197,0.5406775860985702,-16.720498319554533,0.3730333717021121,False,0.9210187767182396,4.588782236347849,-9.839224569431849,-0.33141342630204074,False,False,False,True,21,35.0,False,0.5569025506872869,0.8208966371548881,True,-1.0408222637725113,True,4.083988120747573,True,2,1,0.6432742505403766,True,0.9131386898933155,False,4,3,True,False,False,25.0,9.674012165847591,5.431169873177173,0.5339169732195101,24.0,False,2,3,1,6,-4.50889287136953,47.2400016784668,188792785.8562544,39.1156462585034,False,0.0,0,,,,0.0,0,,,,False,True,False,False,1,,power_play,6,6,True,0,0.75,risk_on,6,False
FER,50.029998779296875,-32.07828355228377,0.0,-14.745598271388493,-32.0067741770416,0.3381775821503294,False,1.0475034185737482,5.536679043274208,-29.25337019871965,-9.102474660056004,False,False,False,True,21,35.0,False,0.32657983618841463,0.46740484415008254,False,-7.812505081457259,True,-6.7300534142963215,False,1,2,0.7191014761073984,True,1.97970260732798,True,9,1,False,False,False,25.0,15.48982922431078,13.034179627335407,0.0662249871053989,24.0,False,0,3,2,3,-14.464015483665971,58.4900016784668,103642720.8586895,23.401360544217688,False,0.0,0,,,,0.0,0,,,,False,False,False,False,0,,none,0,0,False,-3,0.375,risk_on,6,False
FERG,220.2899932861328,-17.088129395796347,2.8143372229501695,-4.746275538251988,-22.00745144390509,0.32832924554082,False,0.8657736145196212,6.7683457522983606,-14.11748280169417,2.732826941430666,True,True,False,True,26,43.333333333333336,True,0.41433083424802686,0.9768366386104458,False,-1.8660653574860966,True,-1.3612181614638508,True,2,0,0.47434287517070095,False,1.0708129147524248,False,4,2,True,False,False,25.0,7.94566801102574,7.390257966983967,0.44565753639275846,23.0,False,2,2,3,5,-4.404621180237256,230.44000244140625,320945222.4001007,32.517006802721085,False,0.0,0,,,,0.0,0,,,,False,False,False,False,0,,none,0,0,False,-1,0.625,risk_on,6,False
FFIV,480.760009765625,0.0,114.63458099709598,40.4293854810853,23.168209575432194,0.5250572436413145,True,0.9402441359910341,6.048753220227779,61.29097123236873,11.279311882048715,False,False,False,True,28,46.666666666666664,True,0.49782413211939425,1.590420179786734,True,4.994846771327379,False,5.884944215892696,False,1,1,0.522664977030087,False,1.2704749302770597,True,6,0,False,False,False,25.0,19.90414025574207,11.030451306702796,0.9874910686847569,0.0,True,9,2,3,3,-0.2489795233480474,481.9599914550781,247660964.03113404,76.46258503401361,False,0.0,0,,,,0.0,0,,,,False,False,False,False,0,,none,0,0,False,-3,0.375,risk_on,6,False
FHB,24.665000915527344,-17.933265030929,12.758065281203601,5.1823407764088225,-12.078835129244283,0.2709500837194731,False,0.9640552639723013,3.8516145456187667,-5.321496413011928,-4.250773694197374,False,False,False,True,16,26.666666666666668,False,0.4516772335775648,0.7900305425154023,True,-3.0939855821894215,True,-2.3555000315248598,True,2,0,0.4335433479144524,False,0.7140837454888728,False,5,2,True,False,False,25.0,7.25744689221659,4.621931268329183,0.20263174009458443,24.0,False,0,2,2,4,-5.786857799802703,26.18000030517578,57873887.71332254,45.91836734693878,False,0.0,0,,,,0.0,0,,,,False,False,False,False,0,,none,0,0,False,-2,0.5,risk_on,6,False
FHN,23.100000381469727,-11.290233266624893,19.100576756597974,1.3600312473087683,-15.901144658344336,0.2911915214126225,False,0.9812964706942029,3.3766180364333307,-3.6651009165496573,-3.5087724889265814,False,False,False,True,23,38.333333333333336,False,0.4638056372355339,0.8637515493270307,True,-2.890445883670907,True,-1.3663522364721348,True,2,0,0.5357177718008879,False,0.5347484037349951,False,6,3,True,False,False,25.0,9.747158959616144,4.675324267840295,0.25537525446579457,24.0,False,1,2,2,5,-7.257975759985625,24.90780266094626,127048972.62766543,40.20408163265306,False,0.0,0,,,,0.0,0,,,,False,False,False,False,0,,none,0,0,False,-1,0.625,risk_on,6,False
FICO,676.594970703125,-63.327787950781776,14.199031876697997,-60.40456217222674,-77.66573807787984,0.6348363739164931,False,1.0753101104733345,10.33557677839509,-32.40201528040676,-28.75547806406057,False,False,False,False,24,40.0,True,0.5254410374139323,2.840391159427918,True,-5.305145401847706,True,2.3206004844045447,True,1,0,0.5540992987343489,False,0.7186648019409354,False,8,1,False,True,False,,,,,,False,1,1,1,1,,,782702866.8018188,1.8367346938775513,False,0.0,0,,,,0.0,0,,,,False,False,False,False,0,,none,0,0,False,-5,0.125,risk_on,6,False
FIG,22.334999084472656,-67.12540729780645,32.63063469177179,-67.12540729780645,-84.38658320345955,0.4386571332434613,False,0.6692109066365365,9.447059309791689,16.449419859735293,-1.5645722398820783,False,True,False,False,25,41.66666666666667,True,0.4372406368995117,2.1246899961050083,False,-1.8448112734183364,True,4.564599467513997,True,1,0,0.568870973243633,False,0.3428945451410565,False,4,3,True,False,False,25.0,21.74260765198984,16.162976307714487,0.5064336195407848,24.0,False,2,2,2,4,-10.731420160537464,25.020000457763672,245652079.30945358,0.7482993197278911,False,0.0,0,,,,0.0,0,,,,False,False,False,False,0,,none,0,0,False,-2,0.5,risk_on,6,False
FIGR,28.114999771118164,-61.960494685333686,12.866318520026088,-41.46366752930876,-58.72484343496186,0.6057438137435212,False,0.7618646257319096,6.793526099808844,-21.837645768729875,-20.780505941264416,False,False,False,True,22,36.666666666666664,False,0.5161996696246055,3.3623257631779127,True,-2.6498911551075337,True,-1.4546123573056846,True,2,0,0.3134658688315427,False,0.5140069993781544,False,5,3,True,False,False,25.0,34.014773590192135,16.966027349269762,0.09594490150842161,22.0,False,0,2,2,3,-30.751229488249887,40.599998474121094,148342054.80244285,7.278911564625851,False,0.0,0,,,,0.0,0,,,,False,False,False,False,0,,none,0,0,False,-3,0.375,risk_on,6,False
FIS,34.03499984741211,-48.46823896777425,4.916773391568219,-48.46823896777425,-65.72941487342734,0.3070832445844497,False,0.7181665195547149,6.089606325706217,-25.00232842296669,-4.449744896128749,False,False,False,True,24,40.0,True,0.5330636286115669,1.4558169094438749,True,-4.93970891328457,True,4.916773391568219,True,2,0,0.3683544273852951,False,0.29489349847982393,False,4,2,True,False,False,25.0,22.780258750014827,8.990748896752782,0.20433650230578085,24.0,False,1,2,2,4,-18.125420355416132,41.569678885873316,226883369.70970154,5.034013605442176,False,0.0,0,,,,0.0,0,,,,False,False,False,False,0,,none,0,0,False,-2,0.5,risk_on,6,False
FISV,45.41999816894531,-64.10621318134355,2.3895345897411824,-64.09770184017906,-81.35887774583216,0.26405078048724456,False,0.7351494421178669,4.799648597666165,-22.741967236559113,-3.7507957390824576,False,True,False,True,19,31.666666666666664,False,0.4974175779416584,1.5783634443409558,True,-3.722429162723539,True,2.3895345897411824,True,2,0,0.4157422864545848,False,0.3008631495962582,False,6,1,False,False,False,25.0,18.198772966337128,6.054601741222081,0.15881136247980282,24.0,False,0,1,3,4,-15.30860103609253,53.630001068115234,315972954.8732729,1.0884353741496597,False,0.0,0,,,,0.0,0,,,,False,False,False,False,0,,none,0,0,False,-2,0.5,risk_on,6,False
FITB,50.345001220703125,-14.496713786754123,28.89762858226126,18.801278782393194,1.5401028767400895,0.8686111442800047,False,0.9790603967361179,3.6547822186390904,2.57513514941925,-4.057271185834455,False,False,False,True,18,30.0,False,0.37716197145355085,0.859060470078255,False,-3.5080113503505097,True,-1.032037983497136,True,2,0,0.4209824772140265,False,0.3459612514607242,False,7,2,True,False,False,25.0,10.673449188051693,4.947725076296695,0.20347920707489014,18.0,False,0,2,2,4,-8.501624210512803,55.02283596435989,373572976.2252703,60.68027210884354,False,0.0,0,,,,0.0,0,,,,False,False,False,False,0,,none,0,0,False,-2,0.5,risk_on,6,False
FIVE,214.9499969482422,-18.182857814594332,55.209754077778726,42.38870388742298,25.127527981769873,0.4896715177094206,False,0.9409329667842542,10.844388531438607,-2.8211064805322983,-8.195952204420587,False,False,False,False,22,36.666666666666664,False,0.4428067323948334,1.8516005018652728,True,-2.2114335899782764,True,-2.8211064805322983,True,1,0,0.5111547462790695,False,0.24669943771576358,False,6,3,True,False,False,25.0,21.762745895404663,13.421729012846843,0.23654193990594494,24.0,False,1,2,2,3,-16.6149437636255,257.7799987792969,243800636.01399764,77.3469387755102,False,0.0,0,,,,0.0,0,,,,False,False,False,False,0,,none,0,0,False,-3,0.375,risk_on,6,False
FIVN,35.349998474121094,-8.538170560092285,159.73548395188914,60.39018605129349,43.129010145640386,0.1602624354742509,True,0.9718131337118499,8.738333338728944,144.80609072969756,8.869717108546515,False,False,False,False,28,46.666666666666664,True,0.4464473271054756,2.8265349574438248,True,1.169344510369828,True,2.881251007519703,True,1,0,0.49560475490216727,False,0.916620295582788,False,4,3,True,False,False,45.0,31.762499809265137,10.803395782142468,0.6340022389765982,12.0,False,8,3,4,6,-11.625003814697266,40.0,89288357.00954895,84.28571428571429,True,0.0,0,,,,0.0,0,,,,False,True,False,False,1,,power_play,6,6,True,0,0.75,risk_on,6,False
FIX,1724.300048828125,-16.516592585097666,118.51364419928063,107.0002462672126,89.7390703615595,0.3752114044542956,False,0.8760007082977233,10.431478862361072,6.023982621797641,4.416336370805984,False,False,False,False,24,40.0,True,0.41941688581819003,1.7999395070260154,False,0.898195146345392,True,-0.21469556984818894,True,1,0,0.5775101660156412,False,1.1508260401238724,False,4,0,False,False,False,35.0,17.945660671360095,12.194514503096746,0.6637212033326068,3.0,False,4,2,2,3,-6.034745175966338,1835.0400390625,531789968.69763184,92.65306122448979,True,0.0,0,,,,0.0,0,,,,False,False,False,False,0,,none,0,0,False,-3,0.375,risk_on,6,False
FLEX,118.26000213623047,-27.031531565459233,116.95102876111072,98.32299181269894,81.06181590704584,0.29873465697303736,False,0.9318702977218248,8.498220227314148,51.015203451826174,8.985346795735216,False,True,False,False,26,43.333333333333336,True,0.41982351334166446,1.8199340771722343,False,0.6887936160700667,True,1.4149742880049665,True,1,1,0.6001260805276166,True,0.7071907791315994,False,4,0,False,False,False,35.0,16.078461036360352,11.652290318262388,0.8172539626903454,3.0,True,5,4,4,4,-2.9382750404325364,121.83999633789062,338121564.3516468,91.63265306122449,True,0.0,0,,,,0.0,0,,,,False,False,False,False,0,,none,0,0,False,-2,0.5,risk_on,6,False
FLG,11.420000076293945,-25.595844311163685,6.85208563773041,-4.306226136966796,-21.5674020426199,0.7714328051717804,False,1.061564732412368,5.954468481899145,-18.716533473128116,-9.003984838782308,False,False,False,True,17,28.333333333333332,False,0.5265431454523027,1.2420845963100478,True,-5.95847750912618,True,-2.3931601498784816,True,2,0,0.3462887383063968,False,0.25641289677580603,False,8,2,True,False,False,25.0,18.667644357389662,10.770582203969724,0.12156878291344864,23.0,False,0,2,2,4,-16.39824155300069,13.65999984741211,69706317.85214177,33.12925170068027,False,0.0,0,,,,0.0,0,,,,False,False,False,False,0,,none,0,0,False,-2,0.5,risk_on,6,False
FLNC,7.40500020980835,-77.02451034755882,1.8569495080608123,-50.30201074234139,-67.56318664799448,0.2323198614672915,False,0.608970182164062,13.977040082202732,-45.75091269778612,1.161202679694484,False,True,True,False,19,31.666666666666664,False,0.35220703106532847,2.0121883884176595,False,-6.619557795011087,True,-2.6938228660895236,True,2,1,0.49621932432097154,False,1.344919482858712,True,5,3,True,False,False,25.0,38.346523311885306,13.977040082202732,0.09059633303447161,23.0,False,0,3,3,4,-34.87246891520762,11.369999885559082,65855603.02201519,4.285714285714286,False,0.0,0,,,,0.0,0,,,,False,False,False,False,0,,none,0,0,False,-2,0.5,risk_on,6,False
FLR,50.334999084472656,-12.460871157438858,27.012358636977794,15.686051542690471,-1.575124362962633,0.316192622403385,False,0.8908200644775801,6.933548707550077,1.5637564360506673,-8.315122612982783,False,True,False,True,22,36.666666666666664,False,0.39602079900948794,1.4859992322787805,False,-1.2257110244045404,True,0.8717385677195821,True,2,0,0.47953655606337736,False,0.7952183159566361,False,6,2,True,False,False,25.0,17.933657354117326,10.191717813495972,0.2731212709776171,24.0,False,0,2,2,4,-13.035594064283707,57.880001068115234,117221716.00336933,57.07482993197279,False,0.0,0,,,,0.0,0,,,,False,False,False,False,0,,none,0,0,False,-2,0.5,risk_on,6,False
FLS,72.19999694824219,-20.857817343209227,48.823809801640024,41.721851825200496,24.46067591954739,0.4784849792655696,False,1.0463841341733828,10.096944036381013,-14.035817296686858,-1.9903927075550665,False,False,False,False,22,36.666666666666664,False,0.32837106533821003,1.0365099544192113,False,-1.6941825065054104,True,-2.917850905201924,True,1,0,0.49319315435156835,False,0.5514408466477893,False,6,1,False,False,False,25.0,12.605471170223773,10.096944036381013,0.41069868500521123,24.0,False,1,1,1,3,-7.42842073674177,77.99369690228289,116087389.94058685,76.93877551020408,False,0.0,0,,,,0.0,0,,,,False,False,False,False,0,,none,0,0,False,-3,0.375,risk_on,6,False
FLUT,79.33999633789062,-68.55829535970506,6.568166004154419,-67.9693188068674,-85.23049471252051,0.4415352123693062,False,0.9305768311425968,10.410893014228332,-24.67483626825626,-11.411346024230063,False,False,False,False,23,38.333333333333336,False,0.49366922000063634,2.711485877346029,True,-3.240135154302065,True,6.0553387610376985,False,0,0,0.3103601748336495,False,0.3668938371743233,False,7,1,False,False,False,25.0,28.21564563127559,12.383409883710867,0.2021459488151859,19.0,False,0,1,1,2,-22.511967173708324,102.38999938964844,255231325.09685287,0.6802721088435374,False,0.0,0,,,,0.0,0,,,,False,False,False,False,0,,none,0,0,False,-4,0.25,risk_on,6,False
FLY,19.760000228881836,-66.40027245798368,17.759233732379908,-34.26480179658793,-51.525977702241036,0.5490185613056822,False,1.0366662112179674,22.646762801798584,-49.07216335713815,-5.770143653281301,False,False,False,False,18,30.0,False,0.4736945605676693,3.3928854794220307,True,-1.8429252547035162,True,-15.265864118911242,False,0,0,0.25544127665229016,False,0.580107342190768,False,4,2,True,True,False,25.0,23.534012805780684,27.93522466510636,0.03322271556998353,10.0,False,0,2,2,3,-22.752148992113884,25.579999923706055,79303745.7107215,9.251700680272108,False,0.0,0,,,,0.0,0,,,,False,False,False,False,0,,none,0,0,False,-3,0.375,risk_on,6,False
FMX,118.90499877929688,-10.022698243605333,32.92233615087925,28.662900673392745,11.40172476773964,0.45329204766482595,False,0.987667757179716,4.659182517473723,4.41793447922203,0.15582678292753727,False,False,False,True,19,31.666666666666664,False,0.5067382281556815,1.1998191811268615,True,-0.3852326101425433,True,2.7878617441331466,True,2,0,0.5537987756064116,False,0.5914525827400133,False,5,1,False,False,False,25.0,7.601337287683989,6.568266800195777,0.6024676016768297,19.0,False,2,2,2,4,-3.0217778424363573,122.61000061035156,52882528.789454654,68.50340136054422,False,0.0,0,,,,0.0,0,,,,False,False,False,False,0,,none,0,0,False,-2,0.5,risk_on,6,False
FN,491.375,-34.17350740349844,35.76145125863719,28.551436938533705,11.2902610328806,0.529097750207871,False,0.7993819821034872,13.218013168563978,-28.77487866665227,26.463779548957177,False,False,False,False,23,38.333333333333336,False,0.453897948105315,2.37920912627412,True,1.7642556695371747,True,5.970583237254967,False,0,2,0.6805957984528441,True,1.9208906482043533,True,6,1,False,False,False,25.0,27.436890833586165,23.342663384793948,0.8328025333263644,0.0,False,2,3,2,3,-4.587378640776696,515.0,357823997.4135376,68.43537414965986,False,0.0,0,,,,0.0,0,,,,False,False,False,False,0,,none,0,0,False,-3,0.375,risk_on,6,False
FNB,17.1299991607666,-11.477516397655908,20.362538242119598,10.552425895014217,-6.708750010638887,0.6209013046193728,False,1.0164812345683354,3.852888965247171,-2.346592850216589,-4.461802179547347,False,False,False,True,21,35.0,False,0.45752880605736884,0.8327491536219551,True,-3.2711949992503846,True,-1.8338199895811758,True,2,0,0.47318447291688237,False,0.4346015307811593,False,7,3,True,False,False,25.0,10.309820879375376,4.84530043414731,0.17616504014823967,24.0,False,1,2,2,5,-8.493590870239053,18.719999313354492,86154591.75803795,52.7891156462585,False,0.0,0,,,,0.0,0,,,,False,False,False,False,0,,none,0,0,False,-1,0.625,risk_on,6,False
FND,45.70000076293945,-40.37834330960839,5.081625659184308,-33.91178632752951,-51.172962233182616,0.373329403359737,False,0.8701836481865541,6.170677566183119,-8.964143290057802,-3.341789460978739,True,False,False,True,21,35.0,False,0.4187643345838862,1.6590380507082365,False,-3.0425417924037053,True,0.46163789123812027,True,2,0,0.5703667566155957,False,0.8240406079527547,False,5,2,True,False,False,25.0,12.754200798729046,8.205689140909323,0.2337463558142515,24.0,False,0,2,3,4,-9.77295284070292,50.650001525878906,117523079.19450569,9.387755102040817,False,0.0,0,,,,0.0,0,,,,False,False,False,False,0,,none,0,0,False,-2,0.5,risk_on,6,False
FNF,39.02000045776367,-29.941020608130465,0.9573063836414653,-23.776091623160912,-41.03726752881401,0.2745439327201961,False,1.0110165527339063,5.279337607449667,-15.2203703998398,-8.188234217026658,False,False,False,True,18,30.0,False,0.4052915763040798,1.1454563472475767,False,-5.117516622576551,True,-0.6113038054764708,True,2,0,0.5027422942359707,False,0.5865859306244086,False,5,2,True,False,False,25.0,18.605046233690604,9.507942185927092,0.1316622775627934,24.0,False,0,2,2,4,-16.15546347240183,46.538512911834026,119645208.47099419,16.19047619047619,False,0.0,0,,,,0.0,0,,,,False,False,False,False,0,,none,0,0,False,-2,0.5,risk_on,6,False
FNGU,36.66999816894531,-1.4247381266780934,167.07938376939336,20.229502193263315,2.9683262876102106,0.882426176738299,True,0.9330378431364189,7.21298224662482,80.55144821858235,11.188595142287161,False,False,False,True,24,40.0,True,0.43046745925717406,1.7907879854055626,False,2.550101109387896,True,5.192190266503549,False,1,0,0.44651653247843937,False,0.750679631426135,False,5,3,True,False,False,25.0,18.379818600767074,11.208074217555307,0.8583810583797353,1.0,True,7,3,4,5,-2.6029304574130885,37.650001525878906,88082706.29441929,62.04081632653061,False,0.0,0,,,,0.0,0,,,,False,False,False,False,0,,none,0,0,False,-1,0.625,risk_on,6,False
FNV,246.0449981689453,-11.906394891831217,34.470002902919326,21.39781963114944,4.136643725496334,0.37299263000833244,False,1.1141116810070868,5.282284033822425,-5.020631829835443,-7.47752982157206,False,True,False,True,27,45.0,True,0.36736734194458864,1.1476666878561128,False,-0.4500832833905723,True,2.818635616869858,True,2,0,0.506926381598126,False,0.5861167311891475,False,5,2,True,False,False,65.0,28.721082937271664,15.785728881682601,0.6501909147416212,29.0,False,2,2,2,5,-10.046895749917029,273.52585574468196,187362911.11541137,62.44897959183674,False,0.0,0,,,,0.0,0,,,,False,False,False,False,0,,none,0,0,False,-1,0.625,risk_on,6,False
FORM,140.7100067138672,-12.017749541749723,268.9302804552672,266.8144016553956,249.55322574974252,0.22357575849346115,False,0.961493108772612,11.81863697628094,9.741074227308122,18.86299204133872,True,False,False,False,25,41.66666666666667,True,0.4640912223736475,2.294611795275316,True,2.8565296417935238,True,-5.658724457256669,False,0,1,0.6258971621604534,True,0.5869531904263827,False,3,0,False,True,True,25.0,34.508528288815235,19.245251161651307,0.7993101809367471,5.0,False,5,2,2,3,-6.925510298421478,151.17999267578125,268248471.2449463,98.43537414965986,True,0.0,0,,,,0.0,0,,,,False,False,False,False,0,,none,0,0,False,-3,0.375,risk_on,6,False
FOUR,39.25,-50.5480677311804,10.314777909151452,-50.5480677311804,-67.80924363683351,0.4466794999588481,False,0.6327178274457969,10.267522532469147,-13.67935133872632,0.6926640865429379,False,False,True,False,22,36.666666666666664,False,0.4209937249241752,2.1332358953487067,False,-2.2476995074431865,True,8.515349701341979,False,1,0,0.5203017213917411,False,0.6906765152051068,False,6,0,False,False,False,25.0,24.378214152396176,12.891723244053544,0.3500439679968006,24.0,False,1,1,2,3,-15.844767337815657,46.63999938964844,82338869.88906822,4.217687074829931,False,0.0,0,,,,0.0,0,,,,False,False,False,False,0,,none,0,0,False,-3,0.375,risk_on,6,False
FOX,56.20500183105469,-16.195343097439483,27.241460161381358,7.835233417276233,-9.425942488376872,0.21261690488794777,False,0.9199248083481455,4.590342046086673,0.4133056828458104,-2.6584686574135707,False,True,False,True,23,38.333333333333336,False,0.44107952704044884,1.1529985722876521,True,-1.0847526178010471,True,0.563611459735669,True,2,0,0.5709455018967128,False,0.49362122971756506,False,5,1,False,False,False,25.0,12.028723481021117,5.96032090558555,0.3127544965038838,19.0,False,0,1,2,4,-8.266686125129919,61.27000045776367,66285726.376392365,49.65986394557823,False,0.0,0,,,,0.0,0,,,,False,False,False,False,0,,none,0,0,False,-2,0.5,risk_on,6,False
FOXA,62.89500045776367,-16.590772706949654,29.479136857428003,7.835503172594849,-9.425672733058256,0.2546846341960465,False,0.9038678942702797,5.257968332099372,1.1575209689203225,-2.412717710021439,False,True,False,True,27,45.0,True,0.40249661185881525,1.0824128699901359,False,-1.1072101890055823,True,0.9874786296097948,True,2,1,0.5730436389142757,False,1.2536126924505762,True,4,2,True,False,False,25.0,12.336339548689224,6.328006221907965,0.3107314007632094,19.0,False,1,3,2,4,-8.503051480434443,68.73999786376953,295912453.8075527,49.72789115646258,False,0.0,0,,,,0.0,0,,,,False,False,False,False,0,,none,0,0,False,-2,0.5,risk_on,6,False
FR,59.5099983215332,-12.865815316417816,22.32612062307153,19.86956044672077,2.6083845410676645,0.3157645543119414,False,1.0216931240387799,4.133757610244338,0.079067921044218,-2.9116505479139465,False,False,False,True,19,31.666666666666664,False,0.43888085743785393,0.8139175662410004,False,-1.8544976448605315,True,0.08408886281601191,True,2,1,0.5056956944689789,False,1.3860843968472218,True,3,2,True,False,False,25.0,6.755165275374473,5.505492435051829,0.4034568291675421,16.0,False,0,3,2,4,-4.029747712869202,62.00879637524225,74269037.70562515,61.564625850340136,False,0.0,0,,,,0.0,0,,,,False,False,False,False,0,,none,0,0,False,-2,0.5,risk_on,6,False
FRO,56.279998779296875,0.0,214.2701155411728,181.3257303598751,164.064554454222,0.41125676772683967,True,1.1522927803460565,9.292820994445778,79.9317249303279,9.45157678610482,False,False,False,False,39,65.0,True,0.367212545139276,1.2996244891341011,False,6.324095720452515,False,6.712167213061404,False,0,2,0.5664224909574453,False,1.3156248620895652,True,2,1,False,True,True,25.0,24.719442599188667,16.43567910559852,0.9594392952629591,0.0,True,11,3,4,4,-1.0026380125299217,56.849998474121094,217593885.4356308,96.66666666666667,True,0.0,0,,,,0.0,0,,,,False,False,False,False,0,,none,0,0,False,-2,0.5,risk_on,6,False
FROG,102.0,-1.9513590340451525,193.5251798561151,113.16615099823895,95.90497509258584,0.48409979396692904,True,0.8645287396043976,6.529415355009191,125.51404163679277,9.901953111898676,False,True,False,True,25,41.66666666666667,True,0.4346075486792015,2.291478195196438,False,2.244012955966921,True,6.806282722513091,False,1,1,0.627510858395927,True,1.004660177146365,False,4,2,True,False,False,35.0,22.768533797906894,16.759805118336395,0.8438537437575525,29.0,False,10,3,3,5,-3.555221312672796,105.76000213623047,139354209.25765762,92.99319727891157,True,0.0,0,,,,0.0,0,,,,False,False,False,False,0,,none,0,0,False,-1,0.625,risk_on,6,False
FRPT,64.26000213623047,-24.842102764642725,35.59823372833173,28.49430972398479,11.233133818331687,0.349981271184118,False,0.7831445136370204,9.307498901478828,-5.8461507161458375,4.589849564702919,False,False,False,False,22,36.666666666666664,False,0.4073003298084399,1.4698505935649557,False,-0.9684973296447501,True,6.6379089381220835,False,0,2,0.6218769289454362,True,1.4561078931322615,True,5,3,True,False,False,25.0,21.27090937388014,15.048238169125838,0.545935468320358,24.0,False,2,4,3,5,-9.658365503250998,71.12999725341797,64478552.34521332,68.36734693877551,False,0.0,0,,,,0.0,0,,,,False,False,False,False,0,,none,0,0,False,-1,0.625,risk_on,6,False
FRSH,13.854999542236328,-0.4669578570499766,101.38080395020768,21.53508777066575,4.273911865012646,0.2456185000428377,True,1.0131514251352116,11.548173804826812,75.60202505310933,13.102037079480233,False,False,False,False,25,41.66666666666667,True,0.4535638154621441,1.6400016123965515,True,2.261018403286524,True,8.411579277984949,False,0,1,0.6245131375538063,True,1.0309122298089954,False,3,2,True,False,False,25.0,18.552536073544285,17.394441912937893,0.8068265353319242,3.0,False,8,3,3,4,-3.5838576717060144,14.369999885559082,98516284.83404541,62.72108843537415,False,0.0,0,,,,0.0,0,,,,False,False,False,False,0,,none,0,0,False,-2,0.5,risk_on,6,False
FRT,106.04000091552734,-15.686150687231692,16.56105156977674,13.813779362237488,-3.447396543415616,0.2033199525863357,False,0.9205220102769842,2.367026108228184,-0.7445688245020454,-3.355699144607849,False,False,False,True,17,28.333333333333332,False,0.4439938917212269,0.6497640154181159,True,-4.7627082432532974,True,-0.6092431446291235,True,2,0,0.4492884571514863,False,0.4745904937108329,False,7,2,True,False,False,25.0,10.236214035999431,4.753933798010794,0.1071459747411641,24.0,False,0,2,2,4,-9.139444905453086,116.70630980097484,106946970.34838715,55.51020408163265,False,0.0,0,,,,0.0,0,,,,False,False,False,False,0,,none,0,0,False,-2,0.5,risk_on,6,False
FSLR,178.0,-44.06912804399057,3.422229602440763,-24.02902361009398,-41.290199515747084,0.36673434413358774,False,0.6902443386797938,5.516849474960499,-11.155480620234147,-9.165138854119181,False,True,False,True,19,31.666666666666664,False,0.514611878483469,2.420022681193812,True,-3.9084384210877827,True,1.9414692043975945,True,2,0,0.5674177882950395,False,0.5706590101296727,False,6,1,False,False,False,25.0,23.70349834226905,7.3483070630705765,0.17945772734886498,22.0,False,0,1,3,4,-19.449722399547852,220.97999572753906,424373270.1370041,15.850340136054422,False,0.0,0,,,,0.0,0,,,,False,False,False,False,0,,none,0,0,False,-2,0.5,risk_on,6,False
FSLY,29.950000762939453,-10.597012647941927,281.043260231448,250.29239876970436,233.03122286405124,1.434823379250182,True,1.1142718985560651,18.096827840487833,22.8970034121738,25.52388934116694,False,True,False,False,23,38.333333333333336,False,0.4649704680234225,4.579022176037455,True,2.037645901506209,True,16.040299816588586,False,0,1,0.5832403495610612,False,1.3533925281699453,True,3,0,False,True,False,25.0,36.41876755568919,19.666114013210443,0.879053533810555,12.0,False,6,2,3,4,-4.404721238835418,31.329999923706055,213246964.28836784,98.2312925170068,True,0.0,0,,,,0.0,0,,,,False,False,False,False,0,,none,0,0,False,-2,0.5,risk_on,6,False
FSM,10.930000305175781,-19.985355583686392,39.413266485306366,22.122911040298867,4.8617351346457625,0.4403270500802146,False,0.9368331273706764,11.527897895948463,4.693493721141406,-8.535560839913359,False,False,False,False,30,50.0,True,0.4296604762732553,1.7053284451055972,False,-0.817196410616493,True,-2.8444417317708304,True,1,0,0.5515097522927476,False,0.34435393075031373,False,7,2,True,False,False,25.0,20.349757404356243,13.266237591763883,0.3554687645519183,22.0,False,1,2,2,3,-13.116054280898481,12.579999923706055,62578543.51191483,63.40136054421769,False,0.0,0,,,,0.0,0,,,,False,False,False,False,0,,none,0,0,False,-3,0.375,risk_on,6,False
FSS,114.23999786376953,-14.552954842503208,9.314402892669538,-2.5411654655543625,-19.80234137120747,0.20268174407424439,False,1.0186028419013222,7.099090302875082,-2.875933001185893,0.36018275157665425,True,False,False,True,23,38.333333333333336,False,0.447719849372823,1.313770438551419,True,-1.261710247847416,True,-1.8050528968747703,True,2,0,0.5212331394998249,False,0.9220751550379664,False,5,2,True,False,False,25.0,9.455658971610863,8.385856101361957,0.4190726848325905,23.0,False,0,2,3,4,-5.493050579516523,120.87999725341797,53642113.643044665,35.4421768707483,False,0.0,0,,,,0.0,0,,,,False,False,False,False,0,,none,0,0,False,-2,0.5,risk_on,6,False
FTAI,168.5850067138672,-45.31947000149466,10.949937402044775,0.30351463079059116,-16.957661274862513,0.3577783983802276,False,0.7807049564781615,9.250526796354979,-35.27894103935287,-11.615286851866468,False,False,False,False,18,30.0,False,0.4461220645291697,1.9062300214474786,True,-3.330724532545175,True,0.9309752415343153,True,1,0,0.38568743945501394,False,0.3633003139651638,False,6,3,True,False,False,25.0,19.185103088832914,10.487286515217107,0.16190987494046338,24.0,False,0,2,3,4,-16.078845447000077,200.88499450683594,247962117.9785797,38.70748299319728,False,0.0,0,,,,0.0,0,,,,False,False,False,False,0,,none,0,0,False,-2,0.5,risk_on,6,False
FTI,69.86990356445312,-12.749872668761764,97.07138370416789,89.96826044811243,72.70708454245933,0.26951999525726067,False,0.8215372213871237,6.6695326528053975,-6.755538522597715,-2.9854112452534776,False,False,False,True,20,33.33333333333333,False,0.44147026604020645,1.2681438956570974,True,-2.0564060533605444,True,1.52557959064894,True,2,0,0.45518478450309363,False,0.47518215099077005,False,5,2,True,False,False,25.0,16.405861444618143,7.0130360511501,0.193785479430377,23.0,False,2,2,2,4,-13.22664371910448,80.5199966430664,209364080.88992614,90.95238095238095,True,0.0,0,,,,0.0,0,,,,False,False,False,False,0,,none,0,0,False,-2,0.5,risk_on,6,False
FTNT,194.6699981689453,0.0,158.76643557401025,125.86146032573326,108.60028442008016,0.2404159361292945,True,0.8429748352199167,7.849180111480791,147.2313988447775,14.619643409351157,False,False,False,True,23,38.333333333333336,False,0.4746284900043335,1.6271724050544563,True,5.034061943208443,False,7.582205831496913,False,1,3,0.6847554425928226,True,1.373349896626257,True,2,1,False,False,False,25.0,21.927167243348407,12.909028160057465,0.9995314061532699,0.0,True,11,4,4,4,-0.010274935646459316,194.69000244140625,715626429.9201905,94.08163265306122,True,0.0,0,,,,0.0,0,,,,False,False,False,False,0,,none,0,0,False,-2,0.5,risk_on,6,False
FTV,57.06999969482422,-10.844939149173028,19.922409247532592,16.273655385356236,-0.9875205202968687,0.2770386883199394,False,0.954255158842097,4.748552828042911,-4.38697850346661,3.763635808771304,False,False,False,True,23,38.333333333333336,False,0.4518925351888567,0.8988009090822572,True,-0.7942831790357595,True,-0.6960179526406707,True,2,1,0.6045909508847425,True,1.1403201327958263,False,3,1,False,False,False,25.0,7.11564764240184,6.378131083078585,0.708222987349038,3.0,True,2,4,3,5,-2.0761824121768746,58.279998779296875,123846386.89034691,57.95918367346938,False,0.0,0,,,,0.0,0,,,,False,False,False,False,0,,none,0,0,False,-1,0.625,risk_on,6,False
FUL,49.54999923706055,-25.954541505636342,1.386232015958,-13.47325999732477,-30.734435902977875,0.1997936154815192,False,1.0889205123508428,4.197776081501336,-22.606044305554796,0.28334221833794526,False,False,False,True,18,30.0,False,0.3695701164089605,1.2096596889546216,False,-2.5715603639924884,True,-1.2948237370521642,True,2,0,0.49710089496997184,False,0.8442723709061758,False,4,2,True,False,False,25.0,13.694325935739377,6.538845436240087,0.3846151866138615,24.0,False,0,2,2,4,-8.427280210413935,54.11000061035156,53838519.76947975,24.489795918367346,False,0.0,0,,,,0.0,0,,,,False,False,False,False,0,,none,0,0,False,-2,0.5,risk_on,6,False
FUTU,113.23500061035156,-42.19703889639113,26.15307254392958,-33.87873285782727,-51.13990876348038,0.8894553979209668,False,1.0638473396056554,10.743145538001842,-26.44267520216702,1.0936509693403984,False,False,False,False,27,45.0,True,0.468445569622827,1.7777307352640888,True,0.13400001401839706,True,10.829991817274465,False,0,1,0.5093863565529122,False,1.332993052647403,True,4,2,True,True,True,25.0,17.508361864978326,12.41665340469688,0.5650046839364975,24.0,False,2,3,2,4,-7.61605540321042,122.56999969482422,119651946.15795211,9.523809523809524,False,0.0,0,,,,0.0,0,,,,False,False,False,False,0,,none,0,0,False,-2,0.5,risk_on,6,False
FWONK,93.91999816894531,-11.944501271088848,15.352493590165261,-10.458576875333414,-27.719752780986518,0.4683629769354695,False,1.032158964871218,5.627133480776476,3.5730016021896738,-0.65580996464768,False,False,False,True,16,26.666666666666668,False,0.37167553296001554,1.0057787872465311,False,-1.5898544088224087,True,2.982457578640907,True,2,0,0.4811139920293793,False,0.4379327776633834,False,5,1,False,False,False,25.0,9.575329701309593,7.777896558340418,0.4741285411826124,24.0,False,1,1,1,4,-5.03539259868514,98.9000015258789,229794565.72445756,27.27891156462585,False,0.0,0,,,,0.0,0,,,,False,False,False,False,0,,none,0,0,False,-2,0.5,risk_on,6,False
G,34.55500030517578,-27.595845690925447,26.335683512054864,-12.603254594067238,-29.864430499720342,0.28206846660638163,False,0.9518966593887364,5.990449071170074,-1.6779914509736704,1.2155855973833951,False,False,False,True,23,38.333333333333336,False,0.4044337114912378,1.2368592355083772,False,-0.4412369750857523,True,3.7999379839560365,True,2,0,0.5069072166243594,False,0.6331608122223895,False,4,3,True,False,False,25.0,14.710934790413285,8.971200829816702,0.4550912110267344,24.0,False,1,2,2,5,-8.016117661308787,37.56636426579801,63538856.90587387,25.578231292517007,False,0.0,0,,,,0.0,0,,,,False,False,False,False,0,,none,0,0,False,-1,0.625,risk_on,6,False
GAP,23.295000076293945,-18.11266392919706,27.888981210827524,17.532684245180484,0.2715083395273794,0.2271120841622806,False,0.9925237029571452,6.732676226849138,-6.309423508590328,14.25329711141421,False,False,False,True,24,40.0,True,0.4903044924102684,1.6949024228673961,True,2.5429845383742116,True,4.25423705809409,True,2,1,0.6299462112950648,True,1.1762712512309024,False,3,2,True,False,False,25.0,18.61417778034923,11.931323506769315,0.7968347475078272,7.0,False,2,4,3,4,-3.781754128678838,24.210584869160726,135661201.74206734,59.38775510204082,False,0.0,0,,,,0.0,0,,,,False,False,False,False,0,,none,0,0,False,-2,0.5,risk_on,6,False
GBTC,63.625,-32.95574396524148,39.773724429188626,-32.95574396524148,-50.216919870894586,0.57692809837263,False,0.9295613689615156,7.772095685857687,11.446838027580352,1.2975618673613853,False,False,False,True,27,45.0,True,0.4062920106113645,1.0176943741771851,False,3.0191769743150547,True,-2.2807565603300994,True,2,0,0.37838342872601943,False,0.8884915641646979,False,4,2,True,False,False,25.0,14.082205000327184,8.377207098400664,0.6032665714265042,5.0,False,1,3,3,4,-5.586881471654626,67.38999938964844,108993565.22251682,9.795918367346939,False,0.0,0,,,,0.0,0,,,,False,False,False,False,0,,none,0,0,False,-2,0.5,risk_on,6,False
GD,330.7900085449219,-16.460841092719967,6.308465317504952,-1.7925334496916467,-19.05370935534475,0.3758283099716755,False,0.9720767993479387,3.4130440017170804,-2.498575167471795,-6.305050281180103,False,False,False,True,16,26.666666666666668,False,0.36927027969844456,0.7516753379080343,False,-5.238575114134602,True,0.2120670770993982,True,2,0,0.5262050572607399,False,0.8633386813248137,False,6,2,True,False,False,25.0,12.134690717541567,4.625287160355989,0.19766153145122162,24.0,False,0,2,2,4,-9.736129166625373,366.4700012207031,454302225.1040756,36.59863945578231,False,0.0,0,,,,0.0,0,,,,False,False,False,False,0,,none,0,0,False,-2,0.5,risk_on,6,False
GDDY,104.62000274658203,-22.60688828597216,39.51194256151307,-21.808669386866974,-39.06984529252008,0.3099405344886705,False,0.9941207403115973,8.502195000522507,27.663217379565875,7.346607561429885,False,True,False,False,30,50.0,True,0.4819324568337577,2.247641750214228,True,1.6586316823832719,True,7.622676403556272,False,0,1,0.6114255847620933,True,0.8566566046332816,False,3,1,False,False,False,25.0,16.9913912634962,13.018545583078758,0.6944002278645833,11.0,False,2,3,3,4,-5.192565298388152,110.3499984741211,257934649.77763826,18.435374149659864,False,0.0,0,,,,0.0,0,,,,False,False,False,False,0,,none,0,0,False,-2,0.5,risk_on,6,False
GDS,30.899999618530273,-34.97474890389668,12.078345885260223,-19.57313614994759,-36.83431205560069,0.6662325508616617,False,1.0967847896574092,11.31068246724993,-26.023463538681913,-5.763956219049938,False,False,False,False,23,38.333333333333336,False,0.43414075623511855,2.003267435198695,False,-0.7392004393152682,True,12.078345885260223,False,0,0,0.3574977689450756,False,0.8175293215008571,False,6,2,True,True,True,25.0,21.432667972918054,17.249190904551767,0.46524049035169923,14.0,False,0,2,2,3,-11.461323015652503,34.900001525878906,51690221.99877548,19.86394557823129,False,0.0,0,,,,0.0,0,,,,False,False,False,False,0,,none,0,0,False,-3,0.375,risk_on,6,False
GDXU,108.94049835205078,-79.24942888532365,61.297744855383215,-45.245026801430136,-62.50620270708324,0.8668592317893958,False,0.7636422586429158,16.596126254626622,-55.90346204965342,-23.015686113401568,False,False,False,False,28,46.666666666666664,True,0.3895732710485211,3.1420587478189947,False,-2.332627879756495,True,3.476918327504519,True,1,0,0.5358287848639349,False,0.796785027596815,False,5,1,False,False,False,,,,,,False,1,1,1,1,,,189019834.59145966,6.190476190476191,False,0.0,0,,,,0.0,0,,,,False,False,False,False,0,,none,0,0,False,-5,0.125,risk_on,6,False
GE,306.80999755859375,-19.39653572386939,12.5927035900806,3.0432955979561305,-14.217880307696973,0.33437968805683177,False,0.8947796617613569,4.641315754136598,-1.359541041330381,-2.225295878000033,False,False,False,True,23,38.333333333333336,False,0.4365645122591043,1.0833097722086031,False,-3.8786662114037895,True,-0.7376488421852456,True,2,1,0.4039819114879221,False,1.2309749944081947,True,6,2,True,False,False,25.0,13.325067923148742,8.793043551525646,0.22368610257905971,23.0,False,0,3,2,4,-10.344435412818353,342.2096542153273,1451530540.7933106,42.244897959183675,False,0.0,0,,,,0.0,0,,,,False,False,False,False,0,,none,0,0,False,-2,0.5,risk_on,6,False
GEHC,65.33499908447266,-25.78302278832283,9.896462784870753,-11.803637296163572,-29.064813201816676,0.31352529566486564,False,0.9302816850898596,4.951411143155049,-11.456171286145322,1.8789987254996587,False,False,False,True,18,30.0,False,0.37416626535891495,0.8890570699180357,False,-2.2744525545268157,True,1.6254443211446867,True,2,0,0.4820953038841506,False,0.6226166198983135,False,4,2,True,False,False,25.0,9.045629528025136,5.793219408357874,0.37350342470132425,24.0,False,1,2,2,5,-5.667055920728325,69.26000213623047,246955796.16871873,26.122448979591837,False,0.0,0,,,,0.0,0,,,,False,False,False,False,0,,none,0,0,False,-1,0.625,risk_on,6,False
GEN,22.954999923706055,-26.91817881177948,29.56823475227499,-13.413255774065513,-30.674431679718616,0.181837909359592,False,1.294925951438944,6.055322998337105,22.57934178271357,-20.87211395175217,False,False,False,True,25,41.66666666666667,True,0.5759107500692701,3.008937531992518,True,-3.3721857125194123,True,4.388359084274884,True,2,0,0.4971547675402581,False,0.3042884647380038,False,6,2,True,True,True,25.0,35.42857094416543,12.328468451805401,0.23431897911043037,19.0,False,1,2,2,3,-27.126984369187124,31.5,318105460.8176506,24.625850340136054,False,0.0,0,,,,0.0,0,,,,False,False,False,False,0,,none,0,0,False,-3,0.375,risk_on,6,False
GENI,6.574999809265137,-46.28268029236663,67.72958370657194,-45.25395766893098,-62.515133574584084,0.44553230436410535,False,0.938421016126732,13.840302263275909,58.81642563545753,16.578013562297468,False,False,False,False,21,35.0,False,0.40749386621136374,3.0405927980421468,False,-1.0984797517609488,True,9.219266280682037,False,0,0,0.4614168919008673,False,0.8443976642659161,False,4,2,True,True,False,25.0,29.281694088910072,21.368817851391285,0.5227880443837828,23.0,False,2,2,2,3,-13.973574499924602,7.64300012588501,51305713.29246397,6.122448979591836,False,0.0,0,,,,0.0,0,,,,False,False,False,False,0,,none,0,0,False,-3,0.375,risk_on,6,False
GEO,31.264999389648438,-4.59261839210221,135.784305052647,71.31506514875856,54.05388924310546,0.1858104889901368,True,1.1807113466645303,11.610418436853795,76.53868439248089,-1.558566862928601,False,False,False,False,23,38.333333333333336,False,0.4980113046098835,2.36252339407709,True,0.009516921055609927,True,-0.3029375601216189,True,1,0,0.5199095855237277,False,0.9843130622349683,False,4,1,False,False,False,55.0,12.90322283859494,11.610418436853795,0.5549067003215755,4.0,False,8,1,2,5,-5.743138029716233,33.16999816894531,87675813.0953761,87.48299319727892,True,0.0,0,,,,0.0,0,,,,False,False,False,False,0,,none,0,0,False,-1,0.625,risk_on,6,False
GEV,1002.47998046875,-14.672387095661431,83.28667090495203,58.41145580158668,41.15027989593358,0.3444850644494303,False,0.9181245047325737,7.921857853497113,1.197858291112186,6.609377798153182,False,False,False,True,25,41.66666666666667,True,0.37707492500929896,1.4148975020871808,False,0.9390665492118778,True,1.3937461405465479,True,2,0,0.516172426218922,False,1.083035556644281,False,3,0,False,False,False,25.0,17.52788086416475,11.050597663314466,0.7274153750487871,3.0,False,3,2,2,4,-4.777830831547892,1052.780029296875,2147686090.2879944,83.74149659863946,True,0.0,0,,,,0.0,0,,,,False,False,False,False,0,,none,0,0,False,-2,0.5,risk_on,6,False
GFI,36.8650016784668,-36.92077168889239,20.646092366502277,-2.951394851530964,-20.212570757184068,0.9954960187708759,False,0.9355622729798523,7.934362996289608,-22.99447100955412,-13.279221044351264,False,False,False,True,24,40.0,True,0.4289495695503354,1.19807333225491,False,-2.430112511646131,True,3.495235215932535,True,2,0,0.5011774968482089,False,0.8059573235015315,False,7,2,True,False,False,25.0,27.022330930718212,7.934362996289608,0.18262407977478767,24.0,False,1,2,2,3,-22.087402611126016,47.315842256506734,143898269.71233255,34.82993197278911,False,0.0,0,,,,0.0,0,,,,False,False,False,False,0,,none,0,0,False,-3,0.375,risk_on,6,False
GFL,42.689998626708984,-8.13776191395167,27.335305596486336,-5.433546204307971,-22.694722109961077,0.3954900331014772,False,0.9356823906585039,3.7245261272815022,9.648944723677166,0.376204683763115,False,False,False,True,22,36.666666666666664,False,0.5039956283662368,1.3900751865206273,True,0.7074476393878523,True,1.6912794002256204,True,2,0,0.4789688875249358,False,0.7942551138556542,False,5,1,False,False,False,65.0,14.12530265721556,7.929262696468308,0.7074720189703951,16.0,False,2,2,2,5,-4.132046267747381,44.529998779296875,140833929.84561348,31.564625850340132,False,0.0,0,,,,0.0,0,,,,False,False,False,False,0,,none,0,0,False,-1,0.625,risk_on,6,False
GFS,47.77000045776367,-46.68867555195907,48.7557850572091,35.7454438039799,18.4842678983268,0.7715675066886762,False,0.8887140576973596,8.938665306354846,-2.1846458262512747,0.14606912120369575,False,False,False,False,20,33.33333333333333,False,0.4404664176755227,1.7441523010946949,True,-0.03160850943997181,True,-4.783730912446426,True,1,0,0.4300290312792313,False,1.0463787493783019,False,4,0,False,False,False,25.0,18.280825129244636,10.069083791497608,0.6087388970487582,1.0,False,2,1,1,4,-7.15257580292703,51.45000076293945,195006073.80556297,73.19727891156462,False,0.0,0,,,,0.0,0,,,,False,False,False,False,0,,none,0,0,False,-2,0.5,risk_on,6,False
GGB,5.090000152587891,-1.5473872828915214,65.41491474963696,59.833436088173755,42.57226018252065,0.8815818482934449,True,0.9859828644500792,11.00196318255162,23.113283439092648,3.0364391423070236,False,False,False,False,25,41.66666666666667,True,0.5779505934047793,1.874923780374516,True,1.4344254217933914,True,1.5968047914422856,True,1,0,0.4338651791937541,False,0.6737656750491424,False,6,1,False,False,False,35.0,22.627741672252245,16.69940823479948,0.6854840415325082,4.0,False,6,1,2,4,-7.116785860003216,5.480000019073486,65844019.67911472,84.21768707482993,True,0.0,0,,,,0.0,0,,,,False,False,False,False,0,,none,0,0,False,-2,0.5,risk_on,6,False
GGG,78.69000244140625,-16.400158833972544,7.941585855689359,-2.4758370400319696,-19.737012945685073,0.24283483853179832,False,0.9463260768113562,3.558270383639569,-10.438207822173663,3.186467659461689,False,True,False,True,21,35.0,False,0.4007391612033152,0.7180636881686085,False,-0.2970307176520451,True,0.8846185146234031,True,2,0,0.5356682594630084,False,1.159316568351838,False,4,1,False,False,False,65.0,13.546129176021166,4.180964307349116,0.5087301569990736,42.0,False,1,1,2,5,-6.654804753574184,84.30000305175781,115614705.68799134,35.64625850340136,False,0.0,0,,,,0.0,0,,,,False,False,False,False,0,,none,0,0,False,-1,0.625,risk_on,6,False
GH,167.34500122070312,-10.615852937940362,171.09185559964874,156.42812709593525,139.16695119028213,0.43937341605102465,False,0.9640186049633006,17.592400266906854,103.5579650703466,-6.709222507810586,False,False,False,False,19,31.666666666666664,False,0.43216718265177095,2.394657004640411,False,-0.06551463360351314,True,-5.880203403602435,False,0,1,0.4990608311192625,False,1.4875017139374858,True,3,2,True,False,False,25.0,19.392830389916565,17.592400266906854,0.3601889371523272,3.0,False,7,3,2,5,-12.407747423397165,191.0500030517578,343722568.0431541,95.85034013605443,True,0.0,0,,,,0.0,0,,,,False,False,False,False,0,,none,0,0,False,-1,0.625,risk_on,6,False
GIL,41.849998474121094,-41.57293569059841,3.002700895726207,-30.14929869952586,-47.41047460517896,0.3947709344335892,False,1.0713462181833309,4.910395173482594,-28.44307723455296,-10.710477004830189,False,False,False,True,19,31.666666666666664,False,0.47321355348591515,2.109511924639293,True,-4.636097061136063,True,2.0731670100514465,True,2,1,0.725825491349642,True,0.6265870482337617,False,5,1,False,False,False,25.0,26.774250506061264,8.267620574973797,0.1315067376444294,24.0,False,0,2,1,3,-23.253256169134428,54.529998779296875,89305485.91068001,11.292517006802722,False,0.0,0,,,,0.0,0,,,,False,False,False,False,0,,none,0,0,False,-3,0.375,risk_on,6,False
GILD,150.91000366210938,-1.3961021999053247,32.46491685514494,32.46491685514494,15.203740949491838,0.4385428416622675,True,0.9690062172892542,5.857793468538746,9.873660218622193,0.5329445396742294,False,True,False,True,29,48.333333333333336,True,0.4880270479386885,1.113170566460644,True,1.897224340811124,True,4.262814657165892,True,2,1,0.5346736332502411,False,1.4502133797562795,True,5,2,True,False,False,65.0,17.70733119077418,6.719236063602587,0.8795081877700809,12.0,True,6,5,5,6,-2.133588424931754,154.1999969482422,843380693.0875931,70.95238095238095,False,0.0,0,,,,0.0,0,,,,False,True,False,False,1,,power_play,6,6,True,0,0.75,risk_on,6,True
GIS,32.099998474121094,-32.24477681931654,1.5096303191975524,-30.710828887287068,-47.97200479294017,0.38212628262443055,False,0.9424932710480363,4.361375677346473,-5.51028724469692,-11.618946189871515,False,False,False,True,20,33.33333333333333,False,0.5063402884678334,1.4971297852986996,True,-4.581255694430913,True,0.2811626282633872,True,2,0,0.48154910980646337,False,0.8367066689816107,False,3,1,False,False,False,25.0,20.255750583180404,9.06542051632227,0.11616141182363764,24.0,False,0,1,1,3,-17.9028139978907,39.099998474121094,380898710.52806246,10.952380952380953,False,0.0,0,,,,0.0,0,,,,False,False,False,False,0,,none,0,0,False,-3,0.375,risk_on,6,False
GKOS,164.51499938964844,-13.20759865948059,120.32275803385377,89.05424699617785,71.79307109052475,0.7447829340941398,False,1.1848577908455826,17.07747094485958,37.680979438305684,0.4303777800878761,False,False,False,False,16,26.666666666666668,False,0.5526087713996601,2.695868650608853,True,-1.0089318043235898,True,0.46717519978529687,True,1,0,0.5552489469641165,False,0.8184492539879299,False,3,0,False,True,False,25.0,21.0223956372131,17.07747094485958,0.4652893490825345,23.0,False,4,1,1,3,-11.240898855018699,185.35000610351562,163084568.54678345,90.81632653061224,True,0.0,0,,,,0.0,0,,,,False,False,False,False,0,,none,0,0,False,-3,0.375,risk_on,6,False
GL,164.9499969482422,-11.149771199727121,27.557218166517128,21.873465682990133,4.612289777337029,0.28325551218370754,False,0.8461538944201208,2.8554148535965647,12.220900137154512,-4.694269822763985,False,False,False,True,21,35.0,False,0.3795017195842532,0.6943240463310664,False,-2.836936567518033,True,-0.2419074197953841,True,2,0,0.4501947402070101,False,0.6720106343660402,False,4,3,True,False,False,25.0,7.294640150565075,2.8888160483786263,0.14888159829788106,17.0,False,1,2,2,5,-6.208602465941048,175.86900428511373,77206803.76248017,63.129251700680264,False,0.0,0,,,,0.0,0,,,,False,False,False,False,0,,none,0,0,False,-1,0.625,risk_on,6,False
GLBE,40.220001220703125,-5.051934274820303,46.04212012943929,15.574718685253597,-1.6864572203995074,0.23189130967864094,False,1.0424371766366893,5.867728838199934,31.696136263880103,5.730810338350811,True,True,False,True,22,36.666666666666664,False,0.44910938222359,1.6517281216726603,True,0.4120912165657069,True,2.3149321180904403,True,2,1,0.5148569851431473,False,1.7181421949629003,True,3,2,True,False,False,25.0,16.19485247137312,5.867728838199934,0.6839040285216085,13.0,False,3,4,4,6,-5.11912762488792,42.38999938964844,60499314.02354507,56.87074829931973,False,0.0,0,,,,0.0,0,,,,False,True,False,False,1,,power_play,6,6,True,0,0.75,risk_on,6,False
GLD,384.67999267578125,-22.427909374792108,6.171336084003176,5.267766846132704,-11.993409059520399,0.5997785991549668,False,0.8271841151923938,2.8101273173582255,-11.640939539920293,-4.1104818904725064,False,True,False,True,29,48.333333333333336,True,0.4111278566574617,0.5026738976595707,False,-2.0743505017545276,True,1.1942910118374117,True,2,0,0.5430919629510684,False,1.0232138275088942,False,4,3,True,False,False,25.0,8.276958091586243,2.8569175531927553,0.3094458125296523,24.0,False,1,2,2,4,-5.7156880696614625,408.0,3124379449.198587,46.12244897959184,False,0.0,0,,,,0.0,0,,,,False,False,False,False,0,,none,0,0,False,-2,0.5,risk_on,6,False
GLDM,83.0000991821289,-22.262712567464625,6.464982243259265,5.571223966584382,-11.689951939068722,0.4600116467672117,False,0.8247246383214017,2.813248547268501,-11.551468008087284,-4.145856689672622,False,False,False,True,29,48.333333333333336,True,0.4146596897969914,0.5006197521109793,False,-2.082835902364679,True,1.1579477087548362,True,2,0,0.5538003752997611,False,1.0810297671619773,False,8,2,True,False,False,65.0,15.306951609431039,2.837340859522884,0.3224054951005035,33.0,False,1,2,2,4,-10.371906297312972,92.6050033569336,357998533.48058164,46.87074829931973,False,0.0,0,,,,0.0,0,,,,False,False,False,False,0,,none,0,0,False,-2,0.5,risk_on,6,False
GLL,24.545000076293945,-21.93066266107283,53.310429265422975,-21.93066266107283,-39.191838566725934,0.5232766967384731,False,0.8896216274183891,5.744550185493442,24.974546023818945,9.040425707331035,True,True,False,True,20,33.33333333333333,False,0.4159999317692552,0.9877222702636688,False,1.940581187890952,True,-2.0550654454256634,True,2,0,0.44058014362077974,False,1.1816813718058032,False,3,1,False,False,False,55.0,27.663478946535307,5.948254552595226,0.6447543597994675,51.0,False,1,2,5,4,-9.827330288535885,27.219999313354492,66874279.702355385,18.231292517006803,False,0.0,0,,,,0.0,0,,,,False,False,False,False,0,,none,0,0,False,-1,0.625,risk_on,6,False
GLNG,47.86000061035156,-15.735540873516051,37.53786173786775,25.44448250575968,8.183306600106576,0.3396169862868359,False,0.9345866226053469,5.453199738694037,-9.520593452952697,-7.5883379720070865,False,False,False,True,22,36.666666666666664,False,0.47518359385496406,1.2758273981189572,True,-2.2413492829050603,True,-2.743341798896848,True,2,0,0.36347842257704044,False,0.3381132949785315,False,4,2,True,False,False,25.0,12.584020734973059,7.584623948646811,0.15430276803193932,20.0,False,0,2,2,4,-10.642271502595403,53.560001373291016,72212460.29943505,66.3265306122449,False,0.0,0,,,,0.0,0,,,,False,False,False,False,0,,none,0,0,False,-2,0.5,risk_on,6,False
GLPI,38.32500076293945,-18.824989573026553,1.9553088783399675,-8.277399754357562,-25.538575660010665,0.32913083426520134,False,0.8921083636098575,3.131107434712938,-15.071267841686687,-3.195249772096165,False,True,False,True,21,35.0,False,0.4363587649645054,0.7230192185084386,False,-3.7698919266286572,True,1.711784640498193,True,2,0,0.4165825268988832,False,0.6972932871174785,False,6,3,True,False,False,25.0,10.339606390841073,4.070443646545935,0.23113261777959954,24.0,False,0,2,2,4,-7.949786098915301,41.63488506840704,131605443.65087262,29.183673469387756,False,0.0,0,,,,0.0,0,,,,False,False,False,False,0,,none,0,0,False,-2,0.5,risk_on,6,False
GLW,157.08999633789062,-38.44663621319566,102.38526437982584,81.74094088920052,64.47976498354741,0.5706810440280804,False,0.8975504001763015,12.53421790083584,-10.01483283992508,4.63597630634256,False,False,False,False,24,40.0,True,0.4422687773537581,2.122690180842572,True,0.22469831394298803,True,-4.324262134078094,True,1,0,0.5089424745628837,False,0.7470593756389564,False,3,1,False,False,False,55.0,35.28879795593604,13.603673610133024,0.6868321385861402,38.0,False,4,2,2,3,-11.051317387726279,176.60744569162884,1237048092.0408378,89.72789115646258,True,0.0,0,,,,0.0,0,,,,False,False,False,False,0,,none,0,0,False,-3,0.375,risk_on,6,False
GLXY,20.059999465942383,-53.19645548232334,19.121135891793074,-52.48697563725862,-69.74815154291173,0.49326374280611235,False,0.8655852207380992,19.262205961900378,-10.844446818033859,-18.752535309703887,False,False,False,False,21,35.0,False,0.5248399909189214,3.234812792374875,True,-2.0572683408472736,True,-13.009540630869221,False,0,0,0.25607402255047956,False,0.6343029223244124,False,5,3,True,False,False,25.0,28.768607175851184,24.107670308599698,0.04345626333580955,13.0,False,0,2,2,2,-27.518431006612932,27.676000595092773,116125267.01468077,3.537414965986395,False,0.0,0,,,,0.0,0,,,,False,False,False,False,0,,none,0,0,False,-4,0.25,risk_on,6,False
GM,82.51000213623047,-8.43783992652507,50.355637851036896,48.823063193186215,31.56188728753311,0.5480969434819345,False,1.0077862976177336,4.944848013606601,7.848306443433972,0.3771352791940741,False,True,False,True,21,35.0,False,0.5814300989807497,1.8639818226249845,True,-0.9564422596042721,True,5.417153027998323,False,1,0,0.5433112603188911,False,0.7227734995263635,False,8,1,False,False,False,25.0,12.997949111782525,7.635432383047931,0.5315237012323278,16.0,False,3,1,2,6,-6.089231091458425,87.86000061035156,621484078.283371,80.20408163265306,True,0.0,0,,,,0.0,0,,,,False,True,False,False,1,,power_play,6,6,True,0,0.75,risk_on,6,False
GMAB,36.71500015258789,-4.586796805210824,53.941297967918004,15.274724373154513,-1.9864515324985916,0.3809786338296412,False,1.4429976679828367,14.02695816363394,30.195032479711426,5.685084567354171,False,False,False,False,28,46.666666666666664,True,0.41558959046179983,1.6232348964064496,False,2.2333151285337665,True,5.654676698094652,False,0,1,0.5516708424190078,False,1.2327366707460026,True,3,1,False,True,True,45.0,24.02289806087638,17.55413228391322,0.6419690325569665,4.0,False,5,2,1,5,-8.600941433520948,40.16999816894531,139746376.33973923,56.666666666666664,False,0.0,0,,,,0.0,0,,,,False,False,False,False,0,,none,0,0,False,-1,0.625,risk_on,6,False
GME,26.479999542236328,-0.18847019643820628,48.18129993648219,10.012463140705119,-7.248712764947985,1.145027341960744,False,1.476251888171832,10.271900907762548,13.162393050925637,16.961131873279257,False,False,False,False,22,36.666666666666664,False,0.459709930903013,2.102450920911526,True,4.871998354704912,False,7.20647256808038,False,0,3,0.6142056481583456,True,2.207496947666781,True,2,0,False,True,True,25.0,30.044846213602945,13.368583748957189,0.9651740479152492,0.0,True,4,4,3,4,-1.0463403746286404,26.760000228881836,249671249.48383635,52.38095238095239,False,0.0,0,,,,0.0,0,,,,False,False,False,False,0,,none,0,0,False,-2,0.5,risk_on,6,False
GMED,74.80999755859375,-22.732908702340215,32.243234863298696,25.499071955390384,8.23789604973728,0.2773130717830441,False,0.7899472453657915,6.844008706953733,-19.54184248476357,0.9854153745890493,False,False,False,True,21,35.0,False,0.3474978415011441,0.8328250163438269,False,-2.4645978643949555,True,-1.0449747770798878,True,2,0,0.5316426672551449,False,1.179709692035021,False,3,0,False,False,False,25.0,7.8154801564001595,6.844008706953733,0.36910505363525054,24.0,False,0,1,1,3,-4.930746934086838,78.69000244140625,122272211.11005402,66.39455782312925,False,0.0,0,,,,0.0,0,,,,False,False,False,False,0,,none,0,0,False,-3,0.375,risk_on,6,False
GNRC,224.47999572753906,-24.044126264746236,64.61098758171515,30.572358142386193,13.311182236733089,0.3927455024231908,False,0.8590297457587949,7.791342581096814,9.417036323146588,8.214420114532128,True,True,False,True,20,33.33333333333333,False,0.46479146436609514,2.1090434443741537,True,2.5518165987613797,True,3.542431996159956,True,2,2,0.6830605076683616,True,0.39386588362850916,False,1,1,False,False,False,25.0,25.28785180214465,12.504451443192039,0.8736356797538193,16.0,False,2,4,6,5,-3.1954822034641617,231.88999938964844,321529733.10310364,70.0,False,0.0,0,,,,0.0,0,,,,True,False,False,False,1,,sepa_vcp,6,6,True,0,0.75,risk_on,6,False
GOOG,347.8349914550781,-12.722965833039801,46.84534921622663,43.98374597906638,26.722570073413273,0.38286273711053115,False,1.008181471734629,4.134145567890525,9.103811693532936,0.9944507292328542,True,True,False,True,25,41.66666666666667,True,0.4729496685390937,1.1815202204091908,True,0.5355381352534679,True,2.19920235561446,True,2,0,0.49799505290343327,False,0.8104030251351664,False,5,3,True,False,False,25.0,9.542198193004728,6.002847728305418,0.6464332642430887,13.0,False,3,3,4,5,-3.3738038670461767,359.9800109863281,5791124915.58699,78.2312925170068,False,0.0,0,,,,0.0,0,,,,False,False,False,False,0,,none,0,0,False,-1,0.625,risk_on,6,False
GOOGL,351.32501220703125,-12.632055945389087,48.89406346605676,45.83640637117703,28.575230465523923,0.4070374712682902,False,0.9883164790078868,4.107305820650721,9.477081855772562,0.5106722030305155,True,True,False,True,23,38.333333333333336,False,0.4661338641926625,1.1927027516471147,True,0.599343406732334,True,2.2780239321779527,True,2,0,0.5080763321229118,False,0.7367215130096921,False,3,2,True,False,False,25.0,10.003575761349314,6.068448321600582,0.6474061750516654,13.0,False,2,3,4,5,-3.5271990408546006,364.1700134277344,8982574852.96169,79.25170068027211,False,0.0,0,,,,0.0,0,,,,False,False,False,False,0,,none,0,0,False,-1,0.625,risk_on,6,False
GPC,127.4800033569336,-12.192345852365527,40.4477855323069,0.4453568728150614,-16.815819032838043,0.31427664291710616,False,0.9426561295250592,3.9692540435700177,18.291342143596644,-0.4684560161956619,False,False,False,True,27,45.0,True,0.36896172668941274,0.848838406448191,False,-1.3773390517624395,True,0.18862425117378567,True,2,0,0.44823206828315376,False,0.687568728737283,False,7,1,False,False,False,65.0,21.724216234700684,4.683094362166056,0.6242955815955498,31.0,False,1,2,2,3,-8.161884025750743,138.80947143196846,116387365.92580414,38.9795918367347,False,0.0,0,,,,0.0,0,,,,False,False,False,False,0,,none,0,0,False,-3,0.375,risk_on,6,False
GPI,229.64999389648438,-48.66818978272575,0.0,-45.65533875236593,-62.91651465801903,1.0349867595571116,False,0.9736337474574445,7.406921384244956,-31.802749940640286,-6.80545588713276,True,False,False,True,21,35.0,False,0.5171114282339819,2.2163492596783114,True,-3.2171364631067307,True,-8.081173045688296,False,1,0,0.4559652295993574,False,0.27894233573775756,False,7,2,True,False,False,25.0,25.629058399116456,14.718044280987103,0.022539017460656105,24.0,False,0,2,3,3,-25.051404604358595,306.4100036621094,71660297.92228165,5.782312925170068,False,0.0,0,,,,0.0,0,,,,False,False,False,False,0,,none,0,0,False,-3,0.375,risk_on,6,False
GPK,8.404999732971191,-51.73365031588724,0.0,-51.73365031588724,-68.99482622154034,0.39822288705654796,False,0.8603420014301829,6.424746924556246,-12.330854576316774,-9.720737334647378,False,False,False,True,21,35.0,False,0.3193441987077196,1.3111097382251913,False,-5.494488556303748,True,-4.271070744931538,True,2,0,0.45322722016999706,False,0.5702713948917053,False,8,1,False,False,False,25.0,21.862912059038067,13.444380134934992,0.0848867656259747,24.0,False,0,1,1,3,-20.007040167181213,10.507174319511632,66263267.790133476,3.877551020408163,False,0.0,0,,,,0.0,0,,,,False,False,False,False,0,,none,0,0,False,-3,0.375,risk_on,6,False
GPN,82.23999786376953,-13.030855867449231,32.526207443103175,-4.433154830835773,-21.694330736488876,0.3085771803934617,False,0.8752286254163211,6.16488305753931,21.498576533875212,-3.3153065786084235,False,True,False,True,20,33.33333333333333,False,0.4490280570974849,1.3482950737672135,True,-2.239441318266811,True,4.924726646610389,True,2,0,0.4042125352372361,False,0.7340105477768866,False,3,2,True,False,False,25.0,16.942377333504105,9.387161261228751,0.27179403979514805,24.0,False,0,2,2,4,-12.337540154297278,93.81438532357245,195664561.78800353,32.99319727891156,False,0.0,0,,,,0.0,0,,,,False,False,False,False,0,,none,0,0,False,-2,0.5,risk_on,6,False
GRAL,142.0,-7.840084168937212,230.0023333217495,99.6344798019468,82.37330389629369,0.32515533507333294,False,1.6307839225539669,27.475357055664062,195.58700519113268,75.80785675591557,False,False,False,False,27,45.0,True,0.46482398454752094,4.447698165716679,True,4.151163166039004,False,-0.8795159536152397,True,1,1,0.5465525147570192,False,2.7266512628111275,True,4,0,False,True,False,,,,,,False,8,1,1,3,,,185749087.5587082,91.83673469387756,True,0.0,0,,,,0.0,0,,,,False,False,False,False,0,,none,0,0,False,-3,0.375,risk_on,6,False
GRML,5.045000076293945,-84.71212098092744,77.01755246003646,-83.69951550264582,-100.96069140829893,0.11929952595973331,False,1.6743559794933403,73.04261421313079,-72.50681214487327,77.01755246003646,False,True,False,False,15,25.0,False,0.5251134573020432,12.088890518638562,True,-0.9652924777841421,True,-35.977157322009944,False,0,1,0.27399613050495547,False,2.884710944335232,True,6,4,True,True,False,,,,,,False,0,3,2,2,,,273738581.284114,0.06802721088435373,False,0.0,0,,,,0.0,0,,,,False,False,False,False,0,,none,0,0,False,-4,0.25,risk_on,6,False
GRMN,268.885009765625,-13.80564530984657,46.086552249534954,6.560611080650314,-10.70056482500279,0.3747137197994137,False,1.0853330220796558,9.528234816630091,3.65174107463746,-1.888268203703225,False,False,False,False,21,35.0,False,0.48946091164569544,1.2887194376309479,True,-2.5181380366700807,True,-4.365839286030216,True,1,0,0.3788352681519252,False,0.7794342162907242,False,7,1,False,False,False,25.0,11.682762184285957,12.324965292689992,0.18476406449826624,10.0,False,0,1,1,2,-9.524207558550646,297.19000244140625,234139717.8065796,47.95918367346938,False,0.0,0,,,,0.0,0,,,,False,False,False,False,0,,none,0,0,False,-4,0.25,risk_on,6,False
GS,896.1699829101562,-21.83121693910407,22.723096635716033,17.159358633886935,-0.10181727176616917,0.46584325847600844,False,0.817282603888196,4.175545222865126,1.5422295328891833,-4.865182281299763,False,False,False,True,22,36.666666666666664,False,0.40324725193910665,1.0280276034646876,False,-4.710579855917582,True,-0.7079877975671778,True,2,0,0.4912203754424918,False,0.5009888858568401,False,10,4,True,False,False,25.0,16.795672902913378,7.083475420880511,0.15771145248537655,23.0,False,0,2,2,4,-14.146802933925628,1043.8399658203125,2065483657.1423583,59.04761904761905,False,0.0,0,,,,0.0,0,,,,False,False,False,False,0,,none,0,0,False,-2,0.5,risk_on,6,False
GSG,36.18000030517578,-2.611039517797642,61.1581250585161,57.78456094049504,40.52338503484194,0.8207136689993638,True,1.0876597856690355,3.814264943269822,14.747857650697016,-0.35803101954950955,False,False,False,True,34,56.666666666666664,True,0.44015394408452996,0.6818430754673289,True,2.6417844678021747,True,1.2594479952553916,True,2,0,0.5321933443067134,False,0.8284310000434235,False,6,2,True,False,False,55.0,18.659515353440913,3.9801062168599493,0.8390805920674017,18.0,False,6,3,4,6,-3.0026781629849397,37.29999923706055,60461828.162717246,83.46938775510205,True,0.0,0,,,,0.0,0,,,,False,True,False,False,1,,power_play,6,6,True,0,0.75,risk_on,6,False
GSK,46.599998474121094,-21.81666487249866,11.58769468044496,11.073942730304198,-6.187233175348906,1.5075074286160586,False,0.8470684843094919,3.3905537941913457,-19.4934932983573,-7.208288846256917,False,False,False,True,20,33.33333333333333,False,0.36360961905141653,0.5776612190635549,False,-4.063091052376931,True,-0.914310687511799,True,2,0,0.4747644074310077,False,0.8437608209048639,False,6,2,True,False,False,25.0,10.697579689041218,8.562227455834236,0.14025445221898733,14.0,False,0,2,2,4,-9.197196509685778,51.31999969482422,214162951.0986267,53.605442176870746,False,0.0,0,,,,0.0,0,,,,False,False,False,False,0,,none,0,0,False,-2,0.5,risk_on,6,False
GTLB,54.810001373291016,0.0,182.23481543750228,16.965430344410336,-0.29574556124276796,0.33709768157996034,False,0.9010316517976964,9.72450592502996,173.63953816454028,11.334555927158574,False,True,False,False,30,50.0,True,0.502279597712761,1.877222895381224,True,4.830561380954539,False,10.104465081035885,False,0,2,0.6961633407774623,True,1.5204861442227862,True,5,2,True,False,False,35.0,27.74077418372173,19.70443161186163,0.9519793724142182,26.0,True,8,4,4,5,-1.3321293860177663,55.54999923706055,186640984.5950447,58.70748299319728,False,0.0,0,,,,0.0,0,,,,False,False,False,False,0,,none,0,0,False,-1,0.625,risk_on,6,False
GTX,26.219999313354492,-27.4135668546851,112.93151612603927,104.26378212407674,87.00260621842364,0.18167955165745747,False,0.8489650023470213,7.8565961856954525,36.239997431160155,-0.1903355292649178,False,False,False,True,23,38.333333333333336,False,0.4594095175350589,1.3722976772719457,True,-1.4629667868714187,True,-3.1400088328491838,True,2,0,0.5962069371138411,False,0.6043716458033331,False,4,2,True,False,False,25.0,11.874556136504603,9.267735960382433,0.3590502872343436,23.0,False,4,2,2,5,-7.610993344912287,28.3799991607666,64464868.502986625,92.44897959183673,True,0.0,0,,,,0.0,0,,,,False,False,False,False,0,,none,0,0,False,-1,0.625,risk_on,6,False
GVA,112.95500183105469,-29.438250763989636,15.154017286125177,7.503273877705285,-9.757902027947818,0.3566470871587666,False,0.9319448932616379,9.711833068809836,-11.047719652874788,-2.4907884749323705,True,False,False,False,21,35.0,False,0.39584243489231563,1.261494132590992,False,-1.9165167523426792,True,-5.8080357273506795,False,0,1,0.6065635913029415,True,0.7468557696799634,False,3,3,True,False,False,25.0,9.805560654812455,9.711833068809836,0.22768028201798274,3.0,False,0,3,3,4,-7.573027839580315,122.20999908447266,78856428.82812119,49.1156462585034,False,0.0,0,,,,0.0,0,,,,False,False,False,False,0,,none,0,0,False,-2,0.5,risk_on,6,False
GWRE,167.67999267578125,-34.04397769982829,63.287553500115614,-29.10836107844346,-46.36953698409656,0.302116656200362,False,0.8072780528383421,9.11259508988745,35.02978922830007,16.210409923067324,False,False,False,False,29,48.333333333333336,True,0.38461905913978045,1.7251693600531641,False,0.22899467915061317,True,10.207032140837779,False,0,1,0.6296473548318261,True,0.7605482347090999,False,6,1,False,False,False,25.0,18.62158627621489,17.14575456571599,0.9615260149036415,24.0,True,3,3,3,2,-0.7164466328616448,168.88999938964844,193867475.54368514,11.972789115646258,False,0.0,0,,,,0.0,0,,,,False,False,False,False,0,,none,0,0,False,-3,0.375,risk_on,6,False
GWW,1293.31005859375,-7.574323190245103,41.683679845419384,34.636714683995386,17.375538778342282,0.320759219487123,True,0.9070208120279323,2.7023738824230312,11.775946682427074,2.107994848530792,False,True,False,True,20,33.33333333333333,False,0.4335493756119286,0.8388111805022013,False,0.05010936008440582,True,1.016168809610929,True,2,0,0.5303787738615304,False,0.748054139916606,False,6,1,False,False,False,25.0,7.089173197519844,4.926116557600543,0.6044741449703721,24.0,True,4,3,5,6,-2.8039512904021624,1330.6199951171875,334108546.1936035,72.58503401360544,False,0.0,0,,,,0.0,0,,,,False,True,False,False,1,,power_play,6,6,True,0,0.75,risk_on,6,False
GXO,46.61000061035156,-28.93733311062029,5.524117144115581,-13.251440522138559,-30.512616427791663,0.1960959829498963,False,0.8503363306113481,4.097832701997261,-17.65017338001732,1.5026186169861067,False,True,False,True,22,36.666666666666664,False,0.4329542587241757,1.3179027990422496,False,-0.14407635418791265,True,0.10738667436815952,True,2,0,0.5484877518967013,False,0.6593440932226091,False,7,1,False,False,False,25.0,10.082472968347293,7.46620788814892,0.613497009089746,23.0,False,1,2,3,5,-3.8969059580380105,48.5,56662474.770596504,24.829931972789115,False,0.0,0,,,,0.0,0,,,,False,False,False,False,0,,none,0,0,False,-1,0.625,risk_on,6,False
H,162.03500366210938,-19.75258486711461,20.076837408799953,11.528149627221662,-5.733026278431442,0.365144727665697,False,0.9532612900063774,3.838677495680906,1.9492828736933587,4.511745793917177,True,False,False,True,20,33.33333333333333,False,0.5007584131379326,1.4417452485647586,True,-1.2016937067851083,True,1.9729451768684791,True,2,0,0.5493300408420327,False,0.6109726944658838,False,4,1,False,False,False,25.0,8.319946917742646,5.486468472075763,0.5629024658394849,23.0,False,1,1,2,4,-3.6366282820916918,168.14999389648438,122555644.14613572,54.08163265306123,False,0.0,0,,,,0.0,0,,,,False,False,False,False,0,,none,0,0,False,-2,0.5,risk_on,6,False
HAE,118.2750015258789,-1.0002508434034718,143.46438260171453,135.84246844906966,118.58129254341655,0.790660470104567,True,1.1231906344452494,16.801942339646125,99.552894571281,9.109778469553342,False,False,False,False,23,38.333333333333336,False,0.3176750868943282,0.9210844440820228,False,4.4215629869788176,False,12.987200211185845,False,0,0,0.4963789462908713,False,0.717708402522388,False,4,4,True,True,True,25.0,17.049321486391232,16.801942339646125,0.8588023742049828,0.0,True,9,2,4,4,-2.4073237152944182,121.19249725341797,73679560.27503204,94.89795918367348,True,0.0,0,,,,0.0,0,,,,False,False,False,False,0,,none,0,0,False,-2,0.5,risk_on,6,False
HAL,32.529998779296875,-23.638894381069452,52.10205651978021,41.83191669856585,24.570740792912744,0.2487963497890412,False,0.8391866396769856,5.195206263374308,-14.996113416080991,-3.299645156037445,False,True,False,True,22,36.666666666666664,False,0.4665233358173403,1.22701557820145,True,-1.7560268891777993,True,2.1350027933524585,True,2,0,0.516320374405747,False,0.6257293181543865,False,6,2,True,False,False,25.0,17.30158502692944,5.687059486295233,0.19418941024713002,22.0,False,1,2,2,4,-13.941800434209439,37.79999923706055,335043011.606163,77.21088435374149,False,0.0,0,,,,0.0,0,,,,False,False,False,False,0,,none,0,0,False,-2,0.5,risk_on,6,False
HALO,111.91999816894531,-2.864088714455648,81.59986407471929,71.89371389923107,54.63253799357797,0.338278768457877,True,1.0640072576821706,5.8881312059556175,67.09464401267404,-0.47131951416665707,False,False,False,True,25,41.66666666666667,True,0.5570072217560098,1.6381233917054723,True,1.8531519250756865,True,1.8751115484698433,True,2,0,0.4149493922758502,False,1.1822806101000372,False,5,2,True,False,False,45.0,22.978176144407563,7.031804186868906,0.8163873152571135,12.0,False,9,3,4,6,-4.219084612369617,116.8499984741211,297834821.6068527,87.61904761904762,True,0.0,0,,,,0.0,0,,,,False,True,False,False,1,,power_play,6,6,True,0,0.75,risk_on,6,False
HAS,93.80000305175781,-9.444297052336248,36.47083713881925,29.72409074832676,12.462914842673655,0.3568779581223638,False,1.0714852578358054,5.063965720106642,3.0141811139626107,7.114312411379187,False,False,False,True,24,40.0,True,0.47684400378512465,1.2524306460175894,True,0.8638621060553313,True,4.757652549333091,True,2,0,0.48971512606640244,False,0.9539620103195517,False,3,1,False,False,False,65.0,21.990638100722908,8.049043503326757,0.7962475834266142,31.0,False,4,2,2,5,-4.48064565501306,98.19999694824219,157191584.84072724,69.38775510204081,False,0.0,0,,,,0.0,0,,,,False,False,False,False,0,,none,0,0,False,-1,0.625,risk_on,6,False
HAYW,11.359999656677246,-34.37319464377702,0.0,-25.557015161921527,-42.81819106757463,0.32399436562053724,False,0.8995222498608663,11.311618716967168,-22.56305659442709,-12.548115035883555,False,False,False,False,17,28.333333333333332,False,0.47288023878172036,1.212113720960782,True,-7.353149517457676,True,-8.387096724574693,False,0,0,0.2773698929199773,False,0.5300798932857613,False,6,3,True,False,False,25.0,19.71530548156378,12.588031235857015,0.028880834110273652,23.0,False,0,2,2,2,-19.14591101451737,14.050000190734863,50361295.17844634,14.761904761904763,False,0.0,0,,,,0.0,0,,,,False,False,False,False,0,,none,0,0,False,-4,0.25,risk_on,6,False
HBAN,15.3100004196167,-18.215723395846272,4.872453525750742,-2.700950789661982,-19.962126695315085,0.37347745845991465,False,0.9627881275220141,3.0045723418633923,-6.130543556092405,-3.5894187072824657,False,False,False,True,23,38.333333333333336,False,0.2958559030464099,0.784575130896749,False,-3.5631379444455202,True,-0.13045990990794287,True,2,0,0.5669178815093323,False,0.4454741564557836,False,5,4,True,False,False,25.0,12.781827047827656,5.094713685612269,0.22561219756707243,24.0,False,0,2,2,4,-9.898090958645012,16.991871296078436,501484338.68090075,35.23809523809524,False,0.0,0,,,,0.0,0,,,,False,False,False,False,0,,none,0,0,False,-2,0.5,risk_on,6,False
HBM,26.165000915527344,-17.85787060209696,79.60800456469987,53.22904789308323,35.96787198743012,0.6350484790338056,False,0.9059226743931504,11.198166262768993,7.245793075756768,-2.7323372246318534,False,False,False,False,26,43.333333333333336,True,0.3903495409781877,1.5811889692465178,False,-0.8050430158548367,True,-3.8051463911071504,True,1,1,0.48350665199044085,False,0.8859615548947225,False,2,2,True,False,False,25.0,17.092866894594405,12.918023886287763,0.30019715527207314,22.0,False,2,3,2,3,-11.961636877392968,29.719999313354492,117098135.0741745,81.9047619047619,True,0.0,0,,,,0.0,0,,,,False,False,False,False,0,,none,0,0,False,-3,0.375,risk_on,6,False
HCA,450.8349914550781,-16.855691536446493,25.25502560303252,8.367460040631492,-8.893715865021612,0.27831814672928884,False,0.9738961476000473,5.536391790379735,-9.01623583783131,5.406700909961981,False,True,False,True,22,36.666666666666664,False,0.44682541319848346,1.2709026714977252,True,2.639722725282888,True,5.658672309058255,False,1,0,0.5196851200624006,False,0.7789559881253612,False,3,1,False,False,False,55.0,16.669521160732327,6.323816870565081,0.998337166081311,0.0,True,1,2,3,5,-0.027718645194374503,450.9599914550781,576622401.4111633,50.27210884353741,False,0.0,0,,,,0.0,0,,,,False,False,False,False,0,,none,0,0,False,-1,0.625,risk_on,6,False
HCC,93.22000122070312,-15.396114927206295,50.014972605472764,42.78092600932653,25.519750103673424,0.38399481660127427,False,0.8203080819054053,7.310665471105694,6.372375031177735,6.016150229918704,False,True,False,True,29,48.333333333333336,True,0.4458153158466939,1.8459330220005423,True,-0.7137438850114697,True,4.331284625262666,True,2,0,0.5124670736612289,False,0.36033858998144713,False,5,2,True,False,False,25.0,19.601079876823217,9.102124543275739,0.33095575313701275,22.0,False,3,2,3,5,-13.113989723890441,107.29000091552734,60960991.50255127,77.61904761904762,False,0.0,0,,,,0.0,0,,,,False,False,False,False,0,,none,0,0,False,-1,0.625,risk_on,6,False
HD,291.5299987792969,-23.830894524161117,3.6919811873210584,-20.62649767517607,-37.88767358082917,0.4932435795182645,False,0.9372082277892332,5.481418905657,-13.272039681390424,-2.8168584230821803,False,False,False,True,17,28.333333333333332,False,0.5337985709328762,1.1719824983369154,True,-3.791000739607033,True,3.0687617070811024,True,2,0,0.4849140297510785,False,0.6437307427282366,False,6,1,False,False,False,25.0,13.875076317656704,6.3767009967177355,0.3220606237069328,24.0,False,0,1,1,3,-9.406460584810894,321.79998779296875,1597060106.3817565,19.25170068027211,False,0.0,0,,,,0.0,0,,,,False,False,False,False,0,,none,0,0,False,-3,0.375,risk_on,6,False
HDB,22.262300491333008,-40.122914715969216,1.9336095961294042,-35.97267702548409,-53.23385293113719,0.2191006022650652,False,1.0702605125080056,3.9977957235082644,-16.931712219799444,-3.8760766925454493,False,False,False,True,23,38.333333333333336,False,0.4330804611770507,1.0325228550075873,False,-1.402570033913336,True,-0.34780510619594196,True,2,0,0.5200473912880217,False,0.7847577619973201,False,5,3,True,False,False,25.0,8.704800430621239,8.265094406142913,0.26681206733396173,14.0,False,0,2,2,4,-6.382254631997631,23.780000686645508,220011147.1327427,8.571428571428571,False,0.0,0,,,,0.0,0,,,,False,False,False,False,0,,none,0,0,False,-2,0.5,risk_on,6,False
HEI,296.9649963378906,-20.739587985423704,13.825595253900481,-5.922413766433454,-23.18358967208656,0.2079106717459518,False,0.8108544785423806,4.370878934829481,1.1175990019325788,-0.4208318951362755,False,False,False,True,15,25.0,False,0.4194160995009768,1.0021036296665877,False,-4.86183099798314,True,-1.8135280700157685,True,2,1,0.4818544230613425,False,1.2598114628635293,True,3,4,True,False,False,25.0,10.84852301299832,6.482245462390153,0.1403035610141147,24.0,False,0,3,2,4,-9.326436602531086,327.510009765625,140794567.13348693,30.952380952380953,False,0.0,0,,,,0.0,0,,,,False,False,False,False,0,,none,0,0,False,-2,0.5,risk_on,6,False
HEI-A,221.89500427246094,-19.60058348013035,10.297550058451499,-11.102455624618768,-28.363631530271874,0.5298733189848185,False,0.8540068028944159,4.051468180926414,-0.6057860906849455,-0.0022485913297343174,False,True,False,True,17,28.333333333333332,False,0.35660840056891324,0.9586914201873212,False,-4.168203267388456,True,-1.3098168090182383,True,2,0,0.4886281767494811,False,0.9601882023666265,False,4,3,True,False,False,25.0,9.760742467228312,7.602692621449527,0.1651825262935835,24.0,False,0,2,2,4,-8.148438367990474,241.5800018310547,77491603.82306671,26.87074829931973,False,0.0,0,,,,0.0,0,,,,False,False,False,False,0,,none,0,0,False,-2,0.5,risk_on,6,False
HESM,32.619998931884766,-20.380771393775067,11.828334552165497,8.346500011783498,-8.914675893869607,0.861710181175621,False,1.3857682943881147,21.030039630987083,-11.3373005393397,-18.774902749441168,False,False,False,False,25,41.66666666666667,True,0.4856733811259498,1.5621999719727317,True,-4.7765054552603985,True,-13.589406802954262,False,0,0,0.5150693212688047,False,0.5958248228361283,False,4,1,False,False,False,25.0,22.57986445453614,21.030039630987083,0.06752402635780021,23.0,False,1,1,1,1,-21.05518109195248,41.31999969482422,77220548.71603203,50.204081632653065,False,0.0,0,,,,0.0,0,,,,False,False,False,False,0,,none,0,0,False,-5,0.125,risk_on,6,False
HHH,73.54000091552734,-18.15247394054371,22.1188964211527,-9.888493609201864,-27.14966951485497,0.20730827342578007,False,1.3823848101117002,5.5344025620822,14.299044297922547,22.1188964211527,False,True,False,True,18,30.0,False,0.5521385056561454,2.1836092765195,True,2.550024030324722,True,3.519144098791216,True,2,1,0.5984027187914578,False,1.2596159848605872,True,5,1,False,True,True,25.0,19.89068332053292,9.532230145445057,0.9014744621136949,7.0,True,1,4,4,4,-1.959740273081667,75.01000213623047,62692145.761068724,27.89115646258503,False,0.0,0,,,,0.0,0,,,,False,False,False,False,0,,none,0,0,False,-2,0.5,risk_on,6,False
HIG,129.3699951171875,-10.806223750306,7.624107116959267,1.197936960944923,-16.063238944708182,0.30922646881830235,False,1.0405428489113604,3.7303064071583383,-6.123783543722006,-1.9106863932995988,False,False,False,True,20,33.33333333333333,False,0.535010398313146,1.0511798133692132,True,-2.1187562557936355,True,2.6338690877035997,True,2,0,0.5514468125988541,False,0.6819900158838212,False,7,2,True,False,False,25.0,13.770137177229886,7.803897248440506,0.46541856145214827,24.0,False,2,2,2,6,-7.361259741204806,139.64999389648438,243126787.06491852,39.93197278911565,False,0.0,0,,,,0.0,0,,,,False,True,False,False,1,,power_play,6,6,True,0,0.75,risk_on,6,False
HII,264.3500061035156,-41.21396512072343,2.839921671743628,-6.079785474441657,-23.34096138009476,0.3353872753036798,False,0.9507184341053243,4.747489125479482,-32.3810060578422,-3.11880807186965,False,False,False,True,13,21.666666666666668,False,0.44480075902808913,1.1746669509807537,True,-3.5390735079621973,True,-1.5602898294781786,True,2,0,0.3994301930673928,False,0.30031796698494995,False,5,4,True,False,False,25.0,12.358358858388439,7.259316057625406,0.2087820862364089,23.0,False,0,2,2,4,-9.7781549134759,293.0,147394268.24914855,30.680272108843536,False,0.0,0,,,,0.0,0,,,,False,False,False,False,0,,none,0,0,False,-2,0.5,risk_on,6,False
HIMS,30.479999542236328,-51.434033847355096,109.9173456013153,-47.67382052834965,-64.93499643400276,0.8784044327852746,False,1.0022263920216696,10.170605078828942,44.113475612225095,8.896033552981674,False,False,False,False,20,33.33333333333333,False,0.470438556392363,2.7781055067124703,True,0.5807469594533241,True,5.103446697366643,False,0,0,0.4692898713311623,False,0.9695613885461996,False,5,3,True,False,False,25.0,15.969820839340143,11.61417640647252,0.7381889874644391,13.0,False,2,3,3,4,-4.181074963959142,31.809999465942383,287915837.09288996,5.170068027210884,False,0.0,0,,,,0.0,0,,,,False,False,False,False,0,,none,0,0,False,-2,0.5,risk_on,6,False
HL,17.260099411010742,-45.70643954870637,44.327031177656174,35.073848125522346,17.812672219869242,0.5274246293003834,False,0.7575652972510214,7.300075155291652,-10.39236191600892,-8.77325929487176,False,False,False,True,25,41.66666666666667,True,0.3931797199245669,1.670465196354392,False,-1.6610217927267708,True,0.349410729101729,True,2,0,0.5290757112336095,False,0.6776228002076782,False,7,3,True,False,False,25.0,23.654391674666485,8.458810402570906,0.217584687607907,22.0,False,2,2,3,4,-18.507558251579106,21.18000030517578,698499660.4209106,72.6530612244898,False,0.0,0,,,,0.0,0,,,,False,False,False,False,0,,none,0,0,False,-2,0.5,risk_on,6,False
HLI,130.14999389648438,-34.524935380919416,6.035428310151936,-30.23007565686472,-47.491251562517824,0.5117523819310054,False,0.9945190599293557,6.805220932972703,-15.735164017144388,-0.30640302253753804,False,False,False,True,23,38.333333333333336,False,0.3120870447562225,1.0574476474464471,False,0.133697937193138,True,2.9912092013502756,True,2,0,0.5391053866619694,False,0.5603123826274952,False,5,3,True,False,False,45.0,13.84441971715641,6.943528995217779,0.44039670448951623,21.0,False,1,2,2,5,-7.747382898151045,141.0800018310547,110285211.2630043,11.156462585034014,False,0.0,0,,,,0.0,0,,,,False,False,False,False,0,,none,0,0,False,-1,0.625,risk_on,6,False
HLN,9.302599906921387,-15.81261786750301,7.6293206414848935,5.1875581163754125,-12.07361778927769,0.38167457978619956,False,1.0066409900760704,5.589840076608878,-4.7431258097995865,0.2435363642296018,False,True,False,True,24,40.0,True,0.5066668472710641,0.8884230991977465,True,-1.2958734677113282,True,5.7113602874200975,False,1,1,0.5518303016258395,False,1.397331136443508,True,4,2,True,False,False,25.0,10.939903625500556,6.879800805434794,0.5939906853294387,24.0,False,2,3,2,5,-4.44170277355147,9.734999656677246,196449739.8555374,45.98639455782313,False,0.0,0,,,,0.0,0,,,,False,False,False,False,0,,none,0,0,False,-1,0.625,risk_on,6,False
HLNE,86.73999786376953,-42.4995182661831,18.35917850135087,-25.26930449656658,-42.53048040221968,0.2442939423738087,False,0.8704680973893315,5.649068073041295,-11.1882681994103,-0.459033197935077,False,False,False,True,23,38.333333333333336,False,0.4141912457088188,1.5843808087926834,False,-2.844626911225328,True,-0.344672620177211,True,2,0,0.5768807914148507,False,0.79954847550531,False,7,2,True,False,False,25.0,19.78109841196009,9.442013653573234,0.20068104814766363,24.0,False,0,2,2,4,-15.811406849135857,103.03058243096345,57333250.9340744,14.829931972789115,False,0.0,0,,,,0.0,0,,,,False,False,False,False,0,,none,0,0,False,-2,0.5,risk_on,6,False
HLT,326.7699890136719,-6.65331041830961,27.417112706727377,25.878883943387176,8.617708037734072,0.3782918517636068,False,0.9574459763107172,3.5682602607736804,-0.05783198203811457,6.881881814436808,False,True,False,True,25,41.66666666666667,True,0.5231616472412624,0.9879100239548038,True,1.5228843508378251,True,2.3202667841909497,True,2,0,0.48979015413873334,False,1.0916191379777718,False,3,1,False,False,False,35.0,10.292450225970784,5.037189009412848,0.7777448742103513,32.0,True,3,3,4,6,-2.287549819656831,334.4200134277344,482785375.4021759,66.80272108843538,False,0.0,0,,,,0.0,0,,,,False,True,False,False,1,,power_play,6,6,True,0,0.75,risk_on,6,False
HMY,16.875,-33.949160616607685,29.126418771155315,-5.026845704585292,-22.288021610238395,0.6676014605530947,False,0.7695668767079215,8.11851218894676,3.925320590753878,-15.286144902768783,False,False,False,False,24,40.0,True,0.4462382656480621,1.390014155148208,True,-3.7385807410257783,True,-2.905633976706856,True,1,0,0.5697851685940793,False,1.1109238451276806,False,8,2,True,False,False,25.0,23.744076484859583,12.148143627025464,0.15668658913161582,20.0,False,1,2,2,2,-20.02369812836673,21.100000381469727,74096759.2903429,32.17687074829932,False,0.0,0,,,,0.0,0,,,,False,False,False,False,0,,none,0,0,False,-4,0.25,risk_on,6,False
HNGE,102.44999694824219,0.0,228.6814138513897,103.43525755872105,86.17408165306794,0.6389335143886771,True,0.8562981112051824,6.295758682057614,170.8167908787699,7.955737935688467,False,False,False,True,25,41.66666666666667,True,0.37639505347811997,1.5491329143653068,False,3.099169426219383,True,4.89402976237252,True,2,0,0.5583496473743302,False,1.0406420294393988,False,4,1,False,False,False,35.0,17.800329507641603,10.688145342911692,0.9989032744076867,0.0,True,11,2,3,6,-0.019522076922640075,102.47000122070312,180811491.1592598,92.38095238095238,True,0.0,0,,,,0.0,0,,,,False,True,False,False,1,,power_play,6,6,True,0,0.75,risk_on,6,False
HOG,26.8700008392334,-4.905620258188758,58.601742820003544,4.805633410511279,-12.455542495141826,0.30548252845730023,False,1.0294264879891988,8.075921133301518,19.10722459640852,3.6251466370788465,False,False,False,False,21,35.0,False,0.42974060166974065,1.4362058901579795,False,0.3177161087110073,True,9.450108652836908,False,0,0,0.4813074850028891,False,1.0059482762870537,False,7,2,True,True,True,25.0,16.269370771241874,13.323408306258141,0.6154381023062486,24.0,False,3,3,3,5,-6.256580098072028,28.663346043214684,52906177.921266936,45.442176870748305,False,0.0,0,,,,0.0,0,,,,False,False,False,False,0,,none,0,0,False,-1,0.625,risk_on,6,False
HON,208.02000427246094,-19.353508839596245,6.850584892720679,5.062413758423778,-12.198762147229326,0.25858760107816714,False,0.8114811575582402,5.3552538990709095,-14.382995821642696,0.7555930969021851,False,True,False,True,22,36.666666666666664,False,0.371358367581501,0.7528379021538136,False,-2.562831842956429,True,-2.7898504918230094,True,2,0,0.5179838846505631,False,1.1403107084376178,False,4,2,True,False,False,25.0,8.860412123553475,5.72060807175401,0.5765014760779752,5.0,False,0,2,2,4,-3.752371455665715,216.1300048828125,599224763.8155518,45.78231292517007,False,0.0,0,,,,0.0,0,,,,False,False,False,False,0,,none,0,0,False,-2,0.5,risk_on,6,False
HOOD,108.875,-28.587829459870317,67.08869533614062,-28.587829459870317,-45.849005365523425,0.44411474311625637,False,0.8274995041976799,10.231916775796499,51.91154287928481,-9.134534904607417,False,True,False,False,15,25.0,False,0.3535981782611563,1.8717085615335785,False,0.3397364532341418,True,-3.428240142810579,True,1,0,0.3113045821527632,False,0.3261334993709703,False,7,3,True,False,False,25.0,19.753034917693856,16.881742597858064,0.28639901358785175,12.0,False,1,2,3,3,-14.095785201899947,126.73999786376953,2468465985.707378,12.448979591836734,False,0.0,0,,,,0.0,0,,,,False,False,False,False,0,,none,0,0,False,-3,0.375,risk_on,6,False
HPE,73.1500015258789,0.0,271.9731624549044,183.6915520034299,166.4303760977768,0.4067782361612492,True,1.0034494528325333,8.680801054076708,196.451349540903,20.391710906210992,False,True,False,False,27,45.0,True,0.3730721504687636,2.1873268315983125,False,4.414737200282845,False,5.509879697007514,False,0,1,0.590449180173634,False,1.0160782595495694,False,1,0,False,False,False,25.0,29.931662771596894,17.252224857599412,0.9931630746088335,0.0,True,12,2,4,4,-0.20464054520296093,73.30000305175781,1295393250.6734767,96.80272108843538,True,0.0,0,,,,0.0,0,,,,False,False,False,False,0,,none,0,0,False,-2,0.5,risk_on,6,False
HPQ,30.2450008392334,-14.754787966586779,72.59492040292743,17.858276848596134,0.5971009429430296,0.6601576230237614,False,0.7896446190276594,8.365021049573343,60.74232991208337,-12.078489832390638,False,True,False,False,28,46.666666666666664,True,0.47815776751544853,2.178739451683938,True,-0.5492944504746996,True,-5.837478689297527,False,0,1,0.41873063666720745,False,0.5763270070545581,False,1,2,True,False,False,25.0,16.78167264843074,8.927091356163624,0.015625200969610727,20.0,False,3,3,3,3,-16.519455640692783,36.22999954223633,461335677.3444623,59.863945578231295,False,0.0,0,,,,0.0,0,,,,False,False,False,False,0,,none,0,0,False,-3,0.375,risk_on,6,False
HQY,93.06999969482422,-12.847645943514763,27.127442779279765,0.31256835454072096,-16.94860755111238,0.2862778585142833,False,0.8536151551813919,4.609434758347719,16.468521373569732,-2.175740706436713,False,False,False,True,25,41.66666666666667,True,0.41225924549236365,1.144943155708449,False,-1.8136199314101282,True,3.365169645144195,True,2,1,0.6185418007585836,True,1.184704553518628,False,4,1,False,False,False,25.0,12.247498127482501,8.536585065945857,0.5876719632873832,19.0,False,2,2,1,4,-5.0499868575463065,98.0199966430664,84603912.80944824,38.775510204081634,False,0.0,0,,,,0.0,0,,,,False,False,False,False,0,,none,0,0,False,-2,0.5,risk_on,6,False
HR,17.25,-20.14905797363126,9.58433113002699,2.5816666494637985,-14.679509256189306,0.4384027429476994,False,1.0340309902122844,4.579715452332427,1.1093334060762627,-5.5312169563082385,False,False,False,True,17,28.333333333333332,False,0.42099494580353586,0.8238270714404469,False,-4.529171049098266,True,-1.259297779057833,True,2,0,0.2863035114279663,False,0.23896120488021563,False,7,2,True,False,False,25.0,13.202679456034778,7.9420338506283965,0.16406256402844036,24.0,False,0,2,2,4,-11.0366140124321,19.389999389648438,84196485.43348885,41.76870748299319,False,0.0,0,,,,0.0,0,,,,False,False,False,False,0,,none,0,0,False,-2,0.5,risk_on,6,False
HRB,44.415000915527344,-17.276533959096696,62.050840239058246,-6.546265719730449,-23.807441625383554,0.24724370143406918,False,0.8157050427980823,7.722616761168778,45.373349381704855,0.3728834249205448,False,False,False,True,25,41.66666666666667,True,0.4176157117045257,1.3322027930542573,False,-1.6631422196505061,True,6.561901608268306,False,1,0,0.5813427991890193,False,0.7752100071614141,False,3,3,True,False,False,25.0,22.427334209744828,12.608349338485214,0.43038543814243585,24.0,False,3,2,2,4,-12.774936149516957,50.91999816894531,89301675.84260635,30.476190476190478,False,0.0,0,,,,0.0,0,,,,False,False,False,False,0,,none,0,0,False,-2,0.5,risk_on,6,False
HRI,124.44000244140625,-30.272230113867117,38.073425948891845,4.201857190826375,-13.05931871482673,0.24792357228155937,False,1.0276257076349458,16.264858435618553,20.83249713061157,-7.999403005212202,False,True,False,False,15,25.0,False,0.4934614766602853,2.8147007934185777,True,-3.0602894480991907,True,-10.067206162711607,False,0,0,0.4201459755909188,False,0.41876742094681757,False,7,1,False,False,False,25.0,21.73319876659946,16.79523745294471,0.12114873139379853,22.0,False,0,1,2,3,-19.100249306896664,153.82000732421875,117985334.44291802,44.08163265306123,False,0.0,0,,,,0.0,0,,,,False,False,False,False,0,,none,0,0,False,-3,0.375,risk_on,6,False
HRL,19.28499984741211,-26.381641976723515,0.0,-14.611212608655222,-31.872388514308327,0.5727950186882931,False,0.943610823955828,6.3002242927282195,-4.705914619336616,-7.417187143316417,False,False,False,True,18,30.0,False,0.4648377102001969,0.9861245551830597,True,-6.29335013728005,True,-4.765432852285878,True,2,0,0.4745818529835568,False,0.5505943803560284,False,4,3,True,False,False,25.0,12.368540557408009,6.3002242927282195,0.04436189843597408,24.0,False,0,2,2,4,-11.819848617399053,21.8700008392334,106485841.62007646,23.6734693877551,False,0.0,0,,,,0.0,0,,,,False,False,False,False,0,,none,0,0,False,-2,0.5,risk_on,6,False
HSBC,92.93000030517578,-13.42599482994764,48.03570011389024,44.38592731273721,27.124751407084105,0.6998117717443143,False,1.098504585539076,7.0052750617153405,3.20534638443839,-8.740058298972464,False,False,False,True,25,41.66666666666667,True,0.33970970422243923,0.49010490721342875,False,-5.052894905386082,True,-3.3388798677465803,True,2,1,0.6124209011796413,True,0.9046953681073127,False,10,2,True,False,False,25.0,14.772412456018063,11.072851481476038,0.08632656014360758,24.0,False,2,3,2,4,-13.497160903667439,107.43000030517578,175912424.9817215,78.36734693877551,False,0.0,0,,,,0.0,0,,,,False,False,False,False,0,,none,0,0,False,-2,0.5,risk_on,6,False
HSIC,83.62999725341797,-7.957300581516713,34.821858615496716,29.51834853442248,12.257172628769375,0.4396426581535079,False,1.099139808324179,8.406073191649613,10.05395394712998,-1.426213032416479,False,False,False,False,23,38.333333333333336,False,0.43524094546007996,1.1422039322445328,False,-1.8434003217388468,True,-1.4726673426578851,True,1,0,0.41895920289123784,False,0.9388620007016691,False,5,2,True,False,False,25.0,12.3370864325115,8.860452321026468,0.38137826366700045,24.0,False,2,2,2,5,-7.631989830170561,90.54000091552734,112750880.68592186,69.18367346938776,False,0.0,0,,,,0.0,0,,,,False,False,False,False,0,,none,0,0,False,-1,0.625,risk_on,6,False
HST,22.56999969482422,-10.834112226293602,54.00923221389946,50.48954140303896,33.22836549738586,0.19348095837194815,True,0.9267639145179681,3.057149472922748,16.654817012554336,4.271828371163644,False,True,False,True,22,36.666666666666664,False,0.3602448895659734,0.7397596818535612,False,0.17897181095659964,True,0.04432725673124693,True,2,1,0.4450831945748487,False,1.3213402551530404,True,3,1,False,False,False,25.0,6.5756950966549805,3.360984537604624,0.8202260625838833,5.0,True,4,4,5,6,-1.182138598773519,22.84000015258789,187972464.39217758,80.74829931972789,True,0.0,0,,,,0.0,0,,,,False,True,False,False,1,,power_play,6,6,True,0,0.75,risk_on,6,False
HSY,162.3300018310547,-30.225086206472497,3.0282390562640815,-13.165878094821737,-30.42705400047484,0.3026712509918011,False,0.8328762933702354,2.5934771191955526,-16.570940696167348,-4.393657900973247,False,False,False,True,24,40.0,True,0.47245676845461687,0.9644693964233751,True,-4.018400176896138,True,1.3359132012194186,True,2,0,0.423348310953161,False,0.5982175049959607,False,5,1,False,False,False,25.0,12.284443783151204,6.536068804701883,0.2821216070641162,19.0,False,1,1,1,3,-8.818736761159796,178.02999877929688,248337987.60817337,25.03401360544218,False,0.0,0,,,,0.0,0,,,,False,False,False,False,0,,none,0,0,False,-3,0.375,risk_on,6,False
HTFL,49.17499923706055,-5.8130624413566085,139.99511852789544,49.51353040321895,32.25235449756585,0.2322866234601789,True,1.0377601201629498,15.902389051651895,79.2745121762966,-3.1034497791910365,False,False,False,False,30,50.0,True,0.3311967405950205,2.0524341116860265,False,1.7536356910189888,True,-0.2939993079093428,True,1,0,0.4659580295283566,False,0.9374138468813829,False,4,1,False,False,False,25.0,16.402798043942333,15.902389051651895,0.42255886129358056,3.0,False,6,1,2,3,-9.47165038046549,54.31999969482422,95610670.01951675,80.40816326530611,True,0.0,0,,,,0.0,0,,,,False,False,False,False,0,,none,0,0,False,-3,0.375,risk_on,6,False
HTHT,44.119998931884766,-17.67180143956628,24.772054443274307,23.338291765011498,6.077115859358393,0.6404392012893982,False,0.8326061406768955,6.890301425937677,-12.555536469212736,1.5653782842379949,False,False,False,True,23,38.333333333333336,False,0.3889693195607586,0.8191161516111051,False,0.44362421546062897,True,5.600766445563954,False,1,0,0.5725723647193081,False,0.9810183219794788,False,4,3,True,False,False,25.0,9.386328401599291,7.252948414345648,0.6616666139167539,24.0,False,1,3,3,5,-3.175708271002431,45.56707634420157,55240142.54917145,64.6938775510204,False,0.0,0,,,,0.0,0,,,,False,False,False,False,0,,none,0,0,False,-1,0.625,risk_on,6,False
HUBB,474.8374938964844,-14.360429704988142,17.986763955950625,14.739163125069311,-2.5220127805837933,0.3092597440199662,False,0.9913495167859289,5.015631954162978,-11.495148792141052,6.246639136751075,False,False,False,True,24,40.0,True,0.3786580173488446,1.026351901101014,False,0.24927647811187886,True,-0.14352606261687217,True,2,1,0.47298549331751455,False,2.123693617142171,True,3,2,True,False,False,25.0,11.553297196840639,9.165244971311692,0.6873845503812083,3.0,False,2,4,3,5,-3.6117391977698587,492.6300048828125,223021109.5592331,56.326530612244895,False,0.0,0,,,,0.0,0,,,,False,False,False,False,0,,none,0,0,False,-1,0.625,risk_on,6,False
HUBS,228.58999633789062,-53.78098537262785,34.24359759020814,-49.53751710504262,-66.79869301069573,0.43414390184267265,False,0.852328763616966,10.267291481124532,11.355221013838301,5.769943319655124,False,True,False,False,28,46.666666666666664,True,0.5056764801984477,2.642107528605206,True,-0.11757452995397594,True,6.5538608299990475,False,0,1,0.6245950156158193,True,0.5409602434432556,False,5,2,True,False,False,25.0,24.80462120054849,19.9308798672227,0.6151391730142518,18.0,False,2,3,2,4,-9.54632702831132,252.71499633789062,394508282.22600174,4.421768707482993,False,0.0,0,,,,0.0,0,,,,False,False,False,False,0,,none,0,0,False,-2,0.5,risk_on,6,False
HUM,435.1600036621094,0.0,167.85724785025428,51.37770871210521,34.116532806452106,2.8059587549033793,True,1.3069573773887824,18.531118202456035,120.04070329026621,12.671534950733898,True,False,False,False,21,35.0,False,0.45819394113573264,1.6682936287448058,True,2.4450844110248666,True,12.050679801159525,False,0,0,0.3893112827288586,False,0.5001846232442351,False,5,0,False,True,True,25.0,19.13910079237404,18.531118202456035,0.7557514303478242,0.0,False,9,1,3,5,-4.674697992966181,456.5,562755804.6273804,81.22448979591836,True,0.0,0,,,,0.0,0,,,,False,False,False,False,0,,none,0,0,False,-1,0.625,risk_on,6,False
HUT,81.36000061035156,-38.83626672894681,140.99527445313157,75.49611634859421,58.23494044294111,0.552840725886975,False,0.837396996113436,19.776307579375803,16.628437670440576,-17.60178005816544,False,False,False,False,26,43.333333333333336,True,0.3885522022658921,3.118539054402868,False,-1.3898557593865002,True,-9.226817914190033,False,0,0,0.4881094714606469,False,0.7423721724314907,False,5,1,False,False,False,25.0,29.794925132819973,24.85250868856373,0.11067317023518566,13.0,False,3,1,1,1,-26.497426311450777,110.69000244140625,456796539.253397,88.50340136054422,True,0.0,0,,,,0.0,0,,,,False,False,False,False,0,,none,0,0,False,-5,0.125,risk_on,6,False
HWC,72.54499816894531,-8.463293114543891,36.9187845604585,20.868078422878323,3.606902517225219,0.47873346289960755,False,0.9676404344425822,4.149141336837803,8.848232063817463,-3.208804372544116,False,False,False,True,20,33.33333333333333,False,0.44686824512203766,0.8253711897209723,True,-1.7201761767466142,True,-0.7456535726528379,True,2,0,0.5033004148177795,False,0.679431077068243,False,5,2,True,False,False,25.0,8.313726288041257,5.444892202000333,0.37814442586412483,18.0,False,1,2,2,5,-5.169937034058414,76.5,66694255.44437866,62.244897959183675,False,0.0,0,,,,0.0,0,,,,False,False,False,False,0,,none,0,0,False,-1,0.625,risk_on,6,False
HWM,225.05499267578125,-23.097557707318018,22.507219387053755,19.432042860521847,2.1708669548687425,0.5172893930137974,False,0.7086491756068786,5.629734323289582,-12.054748664844507,-2.0094072059726575,True,True,False,True,24,40.0,True,0.4998128198823889,1.246957205985047,True,-4.839712957106535,True,-2.6873401140935393,True,2,1,0.5162125578213698,False,1.4454134394167288,True,3,2,True,False,False,25.0,16.59831095273275,5.87856131083413,0.124113220167159,24.0,False,1,3,4,4,-14.538241131053265,263.3399963378906,593943913.5050713,61.156462585034014,False,0.0,0,,,,0.0,0,,,,False,False,False,False,0,,none,0,0,False,-2,0.5,risk_on,6,False
HXL,85.15499877929688,-22.648297954795826,40.26130863677957,33.168826563715115,15.90765065806201,0.3975779229436075,False,0.8527175020934107,5.096584346315295,1.544801743361801,-3.3976207540992065,True,False,False,True,19,31.666666666666664,False,0.37372075416825484,1.105761242600559,False,-3.55397623447982,True,-1.4523837861643574,True,2,0,0.5653611183871937,False,0.2937753480883187,False,5,2,True,False,False,25.0,11.219666112005148,5.836417464562803,0.2358848859094898,24.0,False,1,2,3,4,-8.573116451232243,93.13999938964844,79219382.33755799,71.56462585034014,False,0.0,0,,,,0.0,0,,,,False,False,False,False,0,,none,0,0,False,-2,0.5,risk_on,6,False
IAG,18.854999542236328,-23.260074170012224,72.03466675739334,49.76171019633115,32.50053429067805,0.3112883434468389,False,0.8436678618960253,6.921242836694333,-6.6584216331851405,-7.346441332722109,False,True,False,True,28,46.666666666666664,True,0.35359756770061135,1.2179612961485913,False,-0.4119946613219181,True,1.8088503034146663,True,2,0,0.5351094661618566,False,1.1291219831091526,False,6,4,True,False,False,55.0,38.97849430205225,8.008487221117907,0.6017241116605762,32.0,False,2,3,3,4,-15.524194444283035,22.31999969482422,105395222.80593872,80.54421768707482,True,0.0,0,,,,0.0,0,,,,False,False,False,False,0,,none,0,0,False,-2,0.5,risk_on,6,False
IAU,78.87680053710938,-22.342423181942017,6.288642380017473,5.407989585769668,-11.853186319883436,0.43979774702859903,False,0.8251132696731291,2.801836622966105,-11.583004879956126,-4.07783373821482,False,True,False,True,29,48.333333333333336,True,0.41587886717908923,0.5010968768909748,False,-2.079686820795759,True,1.1889719373338492,True,2,0,0.5566706454925252,False,1.0524548782564278,False,8,4,True,False,False,65.0,15.303333452660004,2.839869072422218,0.3212174865579293,33.0,False,1,2,2,4,-10.387635145038676,88.0199966430664,364775537.2217369,46.394557823129254,False,0.0,0,,,,0.0,0,,,,False,False,False,False,0,,none,0,0,False,-2,0.5,risk_on,6,False
IAUM,41.80500030517578,-22.281093895449068,6.455308932676473,5.568186656612295,-11.69298924904081,0.4233238290125036,False,0.825762217723676,2.8128202297122074,-11.523808877934849,-4.0949755475193195,False,True,False,True,28,46.666666666666664,True,0.4180727124497808,0.500437533016651,False,-2.1039373386336577,True,1.1492824899034693,True,2,0,0.5587650207116062,False,0.9112409398204588,False,8,3,True,False,False,65.0,15.348337863269151,2.8128202297122074,0.3233238374363529,33.0,False,1,2,3,4,-10.385854367047298,46.650001525878906,108868941.0806694,46.802721088435376,False,0.0,0,,,,0.0,0,,,,False,False,False,False,0,,none,0,0,False,-2,0.5,risk_on,6,False
IBIT,46.625,-32.17195017607876,40.057070344665746,-32.17195017607876,-49.433126081731864,0.3985671961883165,False,0.9346048478981678,7.892762048634383,12.106275135704259,1.3146447983884535,False,False,False,True,27,45.0,True,0.3995324348658232,1.0181712998514183,False,2.979187582972831,True,-2.315104866612272,True,2,0,0.39690389784291513,False,0.9969546981316803,False,5,1,False,False,False,25.0,14.213404625461449,8.471851502283009,0.6061254687539906,5.0,False,1,2,2,3,-5.598298084263487,49.38999938964844,2091932631.458168,10.340136054421768,False,0.0,0,,,,0.0,0,,,,False,False,False,False,0,,none,0,0,False,-3,0.375,risk_on,6,False
IBKR,87.80000305175781,-10.50057165326198,44.425027758665436,21.414862739251905,4.153686833598801,0.33894671664343645,False,0.8863029356370736,6.69703536337206,17.999319573180838,-3.18667913976034,False,True,False,True,23,38.333333333333336,False,0.3930191850475208,1.0231736951010582,False,-1.0351036855721234,True,-0.5662513960581816,True,2,0,0.4399495281381066,False,0.8725697337052138,False,7,3,True,False,False,25.0,11.007029698274266,9.396355026476083,0.40618984198895436,14.0,False,1,2,2,5,-6.536086044364509,93.94000244140625,340717023.2894295,62.517006802721085,False,0.0,0,,,,0.0,0,,,,False,False,False,False,0,,none,0,0,False,-1,0.625,risk_on,6,False
IBM,227.1199951171875,-30.519930641931836,11.167436373610418,-19.15331518675596,-36.414491092409065,0.30195559624779367,False,0.8818617081685601,4.825639173434765,-3.106205288971231,-1.0585963416530286,False,False,False,True,25,41.66666666666667,True,0.4052828244412497,1.123613985759052,False,-0.8453139790853939,True,2.0122151184965187,True,2,0,0.37319116198702423,False,0.1486974423212167,False,4,1,False,False,False,55.0,18.462755828663674,7.2516738177125575,0.46873597349054924,18.0,False,1,1,1,3,-9.808598001996693,251.82000732421875,1351786292.0598931,20.068027210884352,False,0.0,0,,,,0.0,0,,,,False,False,False,False,0,,none,0,0,False,-3,0.375,risk_on,6,False
IBN,27.940000534057617,-14.46896995315724,11.801269114683288,-8.704077289690437,-25.965253195343543,0.40980820125087114,False,0.8671277160373375,2.1116683654630095,0.4776055274660296,-0.7460003101897761,False,False,False,True,22,36.666666666666664,False,0.2932080704161215,0.3595915903897906,False,-3.0758713166112974,True,1.8221573989381623,True,2,0,0.5902973849361557,False,1.1584701493866352,False,5,2,True,False,False,25.0,10.89532441533767,3.7222651955916355,0.26284017510731,24.0,False,1,2,3,5,-8.031595438159368,30.3799991607666,122637081.21950856,28.91156462585034,False,0.0,0,,,,0.0,0,,,,False,False,False,False,0,,none,0,0,False,-1,0.625,risk_on,6,False
IBP,185.2100067138672,-45.54462672619199,0.43926943828291876,-21.954080828256483,-39.215256733909584,0.327493947102271,False,0.8663169789434645,8.84401721777276,-35.827187409064145,-6.28446989935052,False,False,False,False,19,31.666666666666664,False,0.4294931516578081,1.772141625053061,False,-4.102326940669026,True,-4.036265951364149,True,1,0,0.4949859844307179,False,0.9636805252668734,False,6,1,False,False,False,25.0,26.56171758163878,12.979864841785535,0.10328982708072344,24.0,False,0,1,2,2,-23.818162365664296,243.11569852496143,92770256.71072236,18.16326530612245,False,0.0,0,,,,0.0,0,,,,False,False,False,False,0,,none,0,0,False,-4,0.25,risk_on,6,False
IBRX,10.6899995803833,-7.445892607356274,439.89896350534065,338.1147266267231,320.85355072107,0.9478774934020745,True,1.4261045362145455,13.844719869087008,46.43834659005919,26.06132261139433,False,False,False,False,27,45.0,True,0.5211782988536465,3.9330630291179975,True,3.288636989156478,True,3.9377709186169563,True,1,2,0.5925556885662389,False,2.41004497124057,True,2,1,False,True,True,25.0,29.32470333098752,23.8540719441584,0.9621448522730162,4.0,True,8,4,4,5,-1.1100909766445066,10.8100004196167,132223004.45095892,98.91156462585035,True,0.0,0,,,,0.0,0,,,,False,False,False,False,0,,none,0,0,False,-1,0.625,risk_on,6,False
ICE,156.60499572753906,-9.640906934298055,27.838042114341533,-0.38248333854395966,-17.643659244197064,0.3666444718374795,False,1.0184758230551516,6.0917554014244,-4.017219406781313,0.730040842557611,False,True,False,True,22,36.666666666666664,False,0.3955396613875102,0.9093374170129512,False,0.4042959356515552,True,4.299035693271391,True,2,1,0.46888312915118646,False,0.6712303390890514,False,2,3,True,False,False,65.0,18.51694218779373,6.0917554014244,0.7528940575574969,25.0,False,2,4,3,6,-4.575646450468119,164.11428519266852,384880211.8302002,38.163265306122454,False,0.0,0,,,,0.0,0,,,,False,True,False,False,1,,power_play,6,6,True,0,0.75,risk_on,6,False
ICLR,164.97000122070312,-18.701950172819394,106.00649032044407,-12.114434329453427,-29.37561023510653,0.39249644629832453,False,1.0640173828258883,12.299201755468312,49.46996205072756,0.5240391244610842,False,False,False,False,20,33.33333333333333,False,0.5623652732048865,2.4911603613414544,True,-0.2276348097723227,True,1.8019118259520628,True,1,0,0.5527445667469046,False,0.9711495418995287,False,5,1,False,True,True,25.0,11.80278124433979,12.299201755468312,0.3943730944705994,3.0,False,1,1,1,3,-7.14808188164996,177.6699981689453,169902165.2033348,25.918367346938776,False,0.0,0,,,,0.0,0,,,,False,False,False,False,0,,none,0,0,False,-3,0.375,risk_on,6,False
IDA,134.99000549316406,-12.121175698345555,10.270107826995666,2.9288163059015604,-14.332359599751545,0.30868900900900903,False,0.9475364508225341,2.6150075084452347,-5.670111611962502,2.5915820144825075,False,False,False,True,18,30.0,False,0.5593434161281843,0.9521096880404749,True,-0.4707891580846052,True,1.6567605378898564,True,2,0,0.47728068589280986,False,0.3601561588738059,False,4,2,True,False,False,25.0,9.014799868678603,5.104081123989101,0.7149722984075402,22.0,True,1,4,3,5,-2.569467686885474,138.5500030517578,88988079.9197998,41.97278911564626,False,0.0,0,,,,0.0,0,,,,False,False,False,False,0,,none,0,0,False,-1,0.625,risk_on,6,False
IDCC,334.0299987792969,-15.17278974660945,33.55105217180856,-3.4296496300274426,-20.690825535680545,0.20099868717179295,False,0.9501591335689289,6.25393369600918,-4.847622684726572,3.3988581957058672,True,True,False,True,26,43.333333333333336,True,0.340222916310157,1.2487614844712507,False,-0.05171286950180717,True,-0.3282326522509593,True,2,0,0.41426568648186385,False,0.5469543973941368,False,5,1,False,False,False,55.0,28.690714484888787,7.307718837750143,0.7877510728625472,20.0,False,2,2,4,5,-6.089573368224621,355.69000244140625,67404120.39371185,34.14965986394558,False,0.0,0,,,,0.0,0,,,,False,False,False,False,0,,none,0,0,False,-1,0.625,risk_on,6,False
IDXX,519.0,-32.3055244746059,2.8333638690507534,-17.455268389662027,-34.71644429531513,0.38055128802370874,False,0.7875390992319771,5.820807602134513,-9.581881533101043,1.4365300872069664,False,False,False,True,18,30.0,False,0.5138746837252496,1.155491685073683,True,-1.7046412780497824,True,0.1176691939130281,True,2,2,0.5051533724730406,False,1.765577079192677,True,2,1,False,False,False,25.0,6.748759349432847,6.872834957174254,0.5075902175396273,8.0,False,1,3,2,5,-3.323155123131638,536.8400268554688,255223861.3477661,21.224489795918366,False,0.0,0,,,,0.0,0,,,,False,False,False,False,0,,none,0,0,False,-1,0.625,risk_on,6,False
IESC,299.55999755859375,-24.540281810584542,67.38000531674626,51.33878643215073,34.07761052649762,0.34847541758588085,False,0.693683130992284,19.22486206678048,11.059201926839958,-7.015149567486089,False,False,False,False,21,35.0,False,0.39498859835705197,2.108356548605713,False,-2.728934724419973,True,-11.722755704778987,False,0,0,0.41155649634300245,False,0.6063361099215473,False,4,0,False,False,False,25.0,16.407406364071402,19.22486206678048,0.10678927396350714,3.0,False,1,1,1,2,-14.655271350827991,351.0,79256950.5374649,81.15646258503402,True,0.0,0,,,,0.0,0,,,,False,False,False,False,0,,none,0,0,False,-4,0.25,risk_on,6,False
IEX,234.89500427246094,-2.027524689172555,48.04931553750069,44.194307435785205,26.9331315301321,0.4062918173774004,True,0.991634806151807,4.589283970804619,15.667344707956854,5.329606971506062,False,False,False,True,22,36.666666666666664,False,0.4267936993202405,0.8260559046550698,False,1.0681112189764073,True,0.817631114804529,True,2,0,0.47444624694180204,False,1.1149237882916356,False,5,0,False,False,False,25.0,8.742982164538862,6.286493716829133,0.770720561715752,3.0,True,5,3,4,5,-2.004586039614664,239.6999969482422,146054076.01007843,78.29931972789116,False,0.0,0,,,,0.0,0,,,,False,False,False,False,0,,none,0,0,False,-1,0.625,risk_on,6,False
IFF,84.48999786376953,-3.6108736161159616,45.0393514645516,43.5925665903188,26.3313906846657,0.2208109252304541,True,0.8634080753778632,3.1364677392366973,19.02198241196389,1.8442608439990238,True,False,False,True,25,41.66666666666667,True,0.47067629683990075,0.8675526772618227,True,0.13919273857149192,True,2.511526014088372,True,2,0,0.4454893769198221,False,0.8753021916703121,False,4,1,False,False,False,55.0,17.398118782126218,5.882354534694964,0.7149230061494393,46.0,False,6,2,4,5,-4.959803401063523,88.8992246305128,149976514.84594268,78.02721088435374,False,0.0,0,,,,0.0,0,,,,False,False,False,False,0,,none,0,0,False,-1,0.625,risk_on,6,False
ILMN,275.82000732421875,-6.084645363695252,203.09890914749312,185.97202286302985,168.71084695737676,0.23774516871802265,True,1.3706261215120197,20.067436963865074,117.24953474574482,15.10725855299655,False,False,False,False,29,48.333333333333336,True,0.5186004272297394,3.1228715133007148,True,3.171255572086888,True,1.0181653575649818,True,1,0,0.5616725594772014,False,0.7246657058150003,False,4,1,False,False,False,25.0,35.345081441534546,20.067436963865074,0.6933419130868733,3.0,False,10,1,2,4,-10.838855056649644,309.3500061035156,1140104405.7064285,96.93877551020408,True,0.0,0,,,,0.0,0,,,,False,False,False,False,0,,none,0,0,False,-2,0.5,risk_on,6,False
IMAX,50.88999938964844,-9.657380196297416,63.68606992564592,59.679943676062194,42.41876777040909,0.3376021416948085,False,1.1144623397807354,10.552169377657883,37.763944996070165,-3.5626322755482276,False,False,False,False,26,43.333333333333336,True,0.4132197737283305,1.552820192461787,False,-0.6394723228598698,True,-3.471171829821673,True,1,0,0.4037231826550635,False,0.6509389235967493,False,5,1,False,False,False,65.0,35.83924959426304,18.648060478656436,0.6694054805901221,9.0,False,4,1,1,3,-11.848259495626046,57.72999954223633,58692261.88630333,84.14965986394559,True,0.0,0,,,,0.0,0,,,,False,False,False,False,0,,none,0,0,False,-3,0.375,risk_on,6,False
IMO,123.05000305175781,-10.437298984659781,49.215201467319524,42.60294330368526,25.341767398032154,0.3650863116946268,False,0.895750627238062,5.266154568243243,-4.556924122079764,-5.280579183258394,False,True,False,True,27,45.0,True,0.44555432917735066,1.101585125879028,True,-1.9725085733387022,True,-2.0926139775873764,True,2,0,0.4293759113448692,False,0.8541954040763307,False,4,2,True,False,False,65.0,14.202126000630749,5.8837851964328785,0.247778226685196,35.0,False,3,2,2,5,-10.683148405034748,137.7679585144424,75410378.9578476,77.55102040816327,False,0.0,0,,,,0.0,0,,,,False,False,False,False,0,,none,0,0,False,-1,0.625,risk_on,6,False
IMVT,30.450000762939453,-32.27312859653585,78.80211118733287,74.19909359473466,56.93791768908156,0.3857167211691955,False,0.970618522616735,13.760270398764263,21.218151853647438,-17.591339284949203,False,False,False,False,19,31.666666666666664,False,0.3946837148051265,1.6638721187075645,False,-5.560966792419169,True,-9.428906215517241,False,0,0,0.49413931996030797,False,0.44713111588665305,False,8,2,True,False,False,25.0,26.528603974150723,15.763543897518067,0.060409051750116106,23.0,False,2,2,2,2,-24.926036163817923,40.560001373291016,55037988.98573227,88.23129251700679,True,0.0,0,,,,0.0,0,,,,False,False,False,False,0,,none,0,0,False,-4,0.25,risk_on,6,False
INCY,113.20500183105469,-12.872309541693738,35.08949607213656,33.57522339947457,16.314047493821462,0.31695170925369887,False,0.9884945918063165,4.937941122277481,18.477235180969554,-9.660039871821791,False,False,False,True,23,38.333333333333336,False,0.45481311302545757,1.2170246554918727,True,-2.8792425709891756,True,-1.817000143324099,True,2,0,0.39199507756997776,False,0.3746844658235204,False,6,3,True,False,False,25.0,14.48104351528736,14.186650146926748,0.16765022008184408,15.0,False,1,2,2,4,-12.05329338293467,128.72000122070312,205394235.2855011,71.7687074829932,False,0.0,0,,,,0.0,0,,,,False,False,False,False,0,,none,0,0,False,-2,0.5,risk_on,6,False
INDV,36.025001525878906,-13.877599930837526,51.492853177712504,49.171851324738554,31.91067541908545,0.22331822415995237,False,0.8309916547160878,4.163774979780252,14.003168009466238,3.28268469811015,False,False,False,True,16,26.666666666666668,False,0.4286725056387354,1.1924560057910636,False,-0.3626722222616172,True,0.8821127120757,True,2,0,0.5506559376479242,False,0.603965759776185,False,3,1,False,False,False,25.0,8.933866738876501,6.106872088149841,0.6903327893640169,8.0,True,2,3,3,4,-2.7665255932214694,37.04999923706055,72451229.76088905,80.34013605442178,True,0.0,0,,,,0.0,0,,,,False,False,False,False,0,,none,0,0,False,-2,0.5,risk_on,6,False
INFY,10.740099906921387,-45.73553246083419,2.38417675176521,-34.71690183545856,-51.97807774111166,0.3887664423718637,False,1.0077997476411988,6.890064129117422,-21.4583097519493,-0.738445380373276,True,False,False,True,20,33.33333333333333,False,0.4094195626384403,1.0755211735722896,False,-2.2060748383658244,True,-2.7164860142019687,True,2,0,0.5253694994393605,False,1.0108057003536968,False,3,3,True,True,False,25.0,15.525874188222518,16.387186749981865,0.3333871697966161,24.0,False,0,2,3,4,-10.349746933992677,11.979999542236328,199390150.48043138,9.183673469387756,False,0.0,0,,,,0.0,0,,,,False,False,False,False,0,,none,0,0,False,-2,0.5,risk_on,6,False
ING,33.345001220703125,-10.531256208350637,47.19666067435673,44.86992570710997,27.608749801456867,0.9867342207816618,False,1.2456796343735625,7.227469663176373,19.35137414229604,-8.392857629425654,False,False,False,True,32,53.333333333333336,True,0.35891516864180767,0.5609142115702592,False,-3.2239523486402435,True,-4.125927570325116,True,2,1,0.5808095929453106,False,1.2486004960688923,True,9,1,False,False,False,65.0,16.09635389163436,11.336028312843375,0.30870080103763914,23.0,False,3,2,1,4,-11.127396551501512,37.52000045776367,85908700.21160507,78.63945578231292,False,0.0,0,,,,0.0,0,,,,False,False,False,False,0,,none,0,0,False,-2,0.5,risk_on,6,False
INGM,27.649999618530273,-12.338748958775836,43.13449607822171,29.22070709933955,11.959531193686445,0.1859921797760815,False,0.9122526194827767,6.3110269654952,-1.5826746069128705,3.6745389555038477,True,True,False,True,24,40.0,True,0.40627713090954615,1.4383992586902599,False,-0.05047424990499968,True,-2.9824574788411495,True,2,0,0.554915744557546,False,0.9186546423955778,False,4,2,True,False,False,25.0,13.228582865390035,10.090412465354719,0.5031928001102999,23.0,False,3,2,3,5,-6.572055211863292,29.594999313354492,54262078.63230018,68.77551020408164,False,0.0,0,,,,0.0,0,,,,False,False,False,False,0,,none,0,0,False,-1,0.625,risk_on,6,False
INGR,95.02999877929688,-19.255827967684624,2.0986676765242462,-17.91178413198361,-35.17296003763671,0.4330965603340652,False,0.9506982763624461,4.3249507136129335,-14.863850410258351,-1.509877421200534,False,False,False,True,21,35.0,False,0.41083317163848015,0.8580811226866001,False,-2.8150260869251693,True,-0.31469951326497103,True,2,0,0.49574338698743203,False,0.7395615728510465,False,3,2,True,False,False,25.0,7.775838614823161,4.3249507136129335,0.16578135199478353,24.0,False,0,2,2,4,-6.486749576364536,101.62196089729552,65855969.83381195,20.816326530612244,False,0.0,0,,,,0.0,0,,,,False,False,False,False,0,,none,0,0,False,-2,0.5,risk_on,6,False
INOD,61.43000030517578,-49.440328966933514,78.31639751735742,-33.03172565453474,-50.29290156018784,0.26425309811582776,False,1.303025963571468,18.687942861635225,57.51282129532251,7.507877076219449,False,True,False,False,18,30.0,False,0.4435327416083511,3.3043162363066454,True,-0.047462503985754016,True,-12.330525798884285,False,0,1,0.3128335033727879,False,1.3979941680989496,True,4,3,True,True,False,25.0,30.88176681307852,24.67850168776911,0.40740734656112126,6.0,False,1,3,2,3,-18.300308138642908,75.19000244140625,112304143.53037052,9.727891156462585,False,0.0,0,,,,0.0,0,,,,False,False,False,False,0,,none,0,0,False,-3,0.375,risk_on,6,False
INSM,100.69000244140625,-52.372167495755676,9.58859975113957,-38.75303760363493,-56.014213509288034,0.495742566661674,False,0.9232818570008642,11.987287121030729,-33.37964612410704,-16.09166463216146,False,False,False,False,17,28.333333333333332,False,0.4569872630778425,2.0301697376446874,True,-3.765656618053469,True,-9.38624914270586,False,0,0,0.4261623129602305,False,0.36646542608634497,False,6,1,False,False,False,25.0,26.102576662788696,22.484853352569097,0.11742319054339383,22.0,False,0,1,1,1,-23.037528829640518,130.8300018310547,306049006.4245014,7.551020408163265,False,0.0,0,,,,0.0,0,,,,False,False,False,False,0,,none,0,0,False,-5,0.125,risk_on,6,False
INSP,69.27999877929688,-51.885550290790185,72.98377053447767,-13.551286115625217,-30.81246202127832,0.2564141560689593,False,1.035127350153051,8.357391768975585,26.14712507123038,-9.768168949258072,True,False,False,False,20,33.33333333333333,False,0.5029362217778961,2.53010046062415,True,1.2912795556011063,True,-0.9861403878353658,True,1,0,0.48008543550203014,False,1.133275376099433,False,5,2,True,False,False,55.0,38.81980048553155,13.3299664738321,0.6887870860480365,15.0,False,0,3,4,3,-12.081223228136118,78.80000305175781,67419612.00006104,24.421768707482993,False,0.0,0,,,,0.0,0,,,,False,False,False,False,0,,none,0,0,False,-2,0.5,risk_on,6,False
INSW,120.25,-1.2887864872412447,223.85677316445248,213.57099997930936,196.30982407365627,0.3566482536899021,True,1.213240683690177,8.41530147560421,77.79317912732103,8.187133017719628,False,False,False,False,36,60.0,True,0.41558283946804847,1.6378493153856126,False,4.293908723290884,False,3.833868003632279,True,1,2,0.5710047065924305,False,1.5806739621899675,True,1,1,False,False,False,25.0,20.752089502221267,13.28848285635395,0.9018807788235432,0.0,True,10,3,4,3,-2.036178859742077,122.74939727783203,90927922.71256486,97.41496598639455,True,0.0,0,,,,0.0,0,,,,False,False,False,False,0,,none,0,0,False,-2,0.5,risk_on,6,False
INTC,105.26499938964844,-25.312191311043275,213.10232817948278,178.47883998485023,161.2176640791971,0.46321592920370097,False,0.9573148007252202,12.311783745421385,61.49892435838116,-3.0709015942273488,False,False,False,False,27,45.0,True,0.518875804377869,2.4128246320020996,True,0.39930942322726376,True,-11.786643950043029,False,0,0,0.33068040308140223,False,0.9080352406775692,False,4,2,True,False,False,25.0,27.91117311158121,19.721657014774056,0.37658129766628895,11.0,False,6,2,2,3,-17.400347321833532,127.44000244140625,12325284073.865114,96.4625850340136,True,0.0,0,,,,0.0,0,,,,False,False,False,False,0,,none,0,0,False,-3,0.375,risk_on,6,False
INTU,302.7850036621094,-55.06906478039013,19.788606048313095,-52.388895607074446,-69.65007151272755,0.4110398171060272,False,0.8276454958295699,9.98195778369878,-17.29514486142376,0.3322342790660793,False,False,False,False,30,50.0,True,0.48568346178286576,1.8291611729244754,True,-1.6082319417229516,True,8.224457953756614,False,0,1,0.6369459933453502,True,0.6285019147379413,False,5,3,True,False,False,25.0,24.184969741556735,16.070113785001507,0.5004459523799166,24.0,False,2,3,2,4,-12.081699525963908,344.3936040955744,1109630351.351561,3.6054421768707483,False,0.0,0,,,,0.0,0,,,,False,False,False,False,0,,none,0,0,False,-2,0.5,risk_on,6,False
INVH,26.764999389648438,-11.518403672997813,13.476283511023702,-0.05739060352437653,-17.31856650917748,0.3816834603755623,False,0.9516800901054535,3.5494144763809445,5.328488559088496,0.5816468861234103,False,False,False,True,14,23.333333333333332,False,0.44806737584117745,0.7851120035921725,True,-3.2167425595275576,True,2.784172229766657,True,2,0,0.4944205992617351,False,0.5100115549815826,False,7,2,True,False,False,25.0,8.751090244512936,3.5494144763809445,0.38162863783007955,24.0,False,2,2,2,6,-5.411423594971366,28.296228156601714,153430275.287323,38.57142857142858,False,0.0,0,,,,0.0,0,,,,False,True,False,False,1,,power_play,6,6,True,0,0.75,risk_on,6,False
IONQ,39.689998626708984,-51.65062687621402,49.26663557332145,-48.78709854618195,-66.04827445183506,0.3802345501733717,False,0.9957908460308701,16.55328778571185,33.36692984360319,1.431120734239033,False,True,False,False,18,30.0,False,0.4204375905395657,2.802258664325946,False,-0.6166040510488098,True,-9.32145713590231,False,0,0,0.2281554424582491,False,0.5914307732432652,False,6,2,True,True,False,25.0,26.946357521454782,22.877294861499763,0.36328417367480637,9.0,False,1,2,2,3,-17.157172295727186,47.90999984741211,985720933.7900759,4.829931972789116,False,0.0,0,,,,0.0,0,,,,False,False,False,False,0,,none,0,0,False,-3,0.375,risk_on,6,False
IONS,45.310001373291016,-47.61849552220691,4.642037347913175,-35.52013158127596,-52.781307486929066,0.8250433081440423,False,0.8475704108661671,6.819686733466663,-39.546359949046426,1.9577020105017384,True,True,False,True,17,28.333333333333332,False,0.49224494889099174,2.5728295573944355,True,-4.340404660711912,True,4.065228343007332,True,2,0,0.4639846340145402,False,0.6798719184685305,False,7,1,False,False,False,25.0,27.69674062063883,9.534318172346687,0.16411516415931468,24.0,False,1,1,4,5,-23.151285487004735,58.959999084472656,196314423.61507455,8.979591836734693,False,0.0,0,,,,0.0,0,,,,False,False,False,False,0,,none,0,0,False,-1,0.625,risk_on,6,False
IOT,41.685001373291016,-7.8173369128386465,71.89691287955058,4.030450937775787,-13.230724967877318,0.21350791183738527,False,0.8268292022331045,9.8476656039324,56.76946646889731,5.398235593971523,False,True,False,False,22,36.666666666666664,False,0.4122659012483923,1.9765559805967323,False,1.2067202884410841,True,1.3740332103173936,True,1,1,0.5238732504069639,False,1.1302417016468174,False,2,2,True,False,False,25.0,19.326235843156756,18.735749793204707,0.6060781444467047,24.0,False,3,3,2,5,-7.61302668419691,45.119998931884766,216776046.50325584,43.80952380952381,False,0.0,0,,,,0.0,0,,,,False,False,False,False,0,,none,0,0,False,-1,0.625,risk_on,6,False
IOVA,14.8149995803833,-0.03373896453361391,718.5082899854972,576.4839814290439,559.2228055233908,0.6336804232292303,True,1.4991784277600295,17.752272934580514,328.1791739030609,44.536581272032194,False,False,False,False,29,48.333333333333336,True,0.520709107717288,4.0283640922379504,True,5.166301021420657,False,4.184242631373825,True,1,2,0.558796945613644,False,2.882214584109773,True,1,1,False,True,False,,,,,,False,12,2,3,4,,,238858631.0870409,99.52380952380952,True,0.0,0,,,,0.0,0,,,,False,False,False,False,0,,none,0,0,False,-2,0.5,risk_on,6,False
IP,32.16999816894531,-32.19928164702619,12.395214724392446,-27.26463867399922,-44.52581457965232,0.29249098052622446,False,0.773136398928341,4.569478720462478,-9.899823425204868,-6.834638557145112,False,False,False,True,20,33.33333333333333,False,0.3652023939525964,1.090661294292871,False,-5.312006593121738,True,0.6255829211334385,True,2,0,0.4917854525017254,False,0.45918137925599195,False,7,1,False,False,False,25.0,17.611223534905136,11.563572994835159,0.15939818397402103,24.0,False,0,1,1,3,-14.804026485880717,37.7599983215332,190361208.42280635,13.401360544217686,False,0.0,0,,,,0.0,0,,,,False,False,False,False,0,,none,0,0,False,-3,0.375,risk_on,6,False
IQV,261.8699951171875,-4.781468410221867,67.15816991936198,28.999997594673644,11.73882168902054,0.3109253271747498,False,1.0542851424332795,8.29419239534616,52.25884455686922,-1.70783652924823,False,True,False,False,26,43.333333333333336,True,0.5336902406138629,1.4808128310985043,True,0.6497005623517329,True,1.4174523772237935,True,1,0,0.46133435245846355,False,0.46828605998557365,False,4,1,False,False,False,45.0,16.906991682914654,8.29419239534616,0.6688699189689873,12.0,False,5,2,3,5,-5.598413525954193,277.3999938964844,420780976.7634522,68.57142857142857,False,0.0,0,,,,0.0,0,,,,False,False,False,False,0,,none,0,0,False,-1,0.625,risk_on,6,False
IR,78.88999938964844,-20.060767691910797,15.127836994818832,0.6222065659627463,-16.63896933969036,0.2538467885183854,False,0.9740724140830066,6.42032558144033,-9.988907336522058,9.828758706144791,False,False,False,True,22,36.666666666666664,False,0.42524851192027635,1.1313601876273383,False,0.16340941430249828,True,3.7071114843399755,True,2,0,0.5345092999735968,False,1.0836104936351332,False,4,2,True,False,False,25.0,11.91880153002777,8.448473782599487,0.8276042664216783,3.0,True,1,4,4,4,-2.0547505331435567,80.54499816894531,378938743.01477814,39.183673469387756,False,0.0,0,,,,0.0,0,,,,False,False,False,False,0,,none,0,0,False,-2,0.5,risk_on,6,False
IRDM,47.33000183105469,-14.780621130844995,204.9956022810125,144.98632336567033,127.72514746001723,0.3774304618157804,False,0.8294053355357882,5.4193926209105046,35.173756022190794,1.197351652362566,True,False,False,True,25,41.66666666666667,True,0.4661981113029859,0.9344188255689665,True,-0.7264802694589756,True,-3.32924281841932,True,2,0,0.34430851561924813,False,0.6322542009647145,False,5,1,False,False,False,55.0,13.262702768329108,5.4193926209105046,0.48435464686679164,38.0,False,5,1,2,3,-6.838851052475848,50.80444194362045,57046250.84201946,95.51020408163265,True,0.0,0,,,,0.0,0,,,,False,False,False,False,0,,none,0,0,False,-3,0.375,risk_on,6,False
IREN,34.76499938964844,-54.50203150966749,18.61139550699975,-45.55207483091959,-62.81325073657269,0.7310126488181723,False,0.7871852835158634,21.40084157062166,-19.28256411428255,-25.524851837257234,False,False,False,False,23,38.333333333333336,False,0.4857137377915011,2.746461946508214,True,-2.949483938844596,True,-16.75047704271063,False,0,0,0.24836697585255257,False,0.410056272166096,False,6,3,True,False,False,25.0,29.592872040586464,26.549700903150033,0.0003423044425946833,12.0,False,0,2,2,2,-29.582742269017835,49.369998931884766,1560891931.1846895,5.918367346938775,False,0.0,0,,,,0.0,0,,,,False,False,False,False,0,,none,0,0,False,-4,0.25,risk_on,6,False
IRM,114.27999877929688,-13.446595198466749,48.23827050924052,12.553762804581382,-4.707413101071722,0.31338215610422465,False,0.8143929674192284,6.081558148297593,3.6425971130318757,-0.052472940804060286,False,False,False,True,22,36.666666666666664,False,0.34933617844309195,0.8670750127433218,False,-1.0494449292348729,True,0.784901132762239,True,2,0,0.545574759152512,False,1.0161673807773242,False,7,2,True,False,False,25.0,8.05005139916161,7.394123790599422,0.5576957744559823,23.0,False,1,2,2,5,-3.560571749695707,118.49924958357091,180297143.8644287,54.69387755102041,False,0.0,0,,,,0.0,0,,,,False,False,False,False,0,,none,0,0,False,-1,0.625,risk_on,6,False
IRT,14.845000267028809,-13.386768000717563,3.0685553296279755,-4.12187386628281,-21.383049771935916,0.31741266878801544,False,0.8661290830003184,4.041767400990524,-2.122811918748302,1.6051090700156978,False,False,False,True,20,33.33333333333333,False,0.4498176676565982,0.8765600185843712,True,-2.678251309046253,True,2.308752810907344,True,2,0,0.5519853795302423,False,1.1425981773587204,False,4,2,True,False,False,25.0,11.179367989660928,4.148693912563131,0.31175576769748936,24.0,False,1,2,2,5,-7.694135539671443,16.08240208119055,56667488.168764494,33.33333333333333,False,0.0,0,,,,0.0,0,,,,False,False,False,False,0,,none,0,0,False,-1,0.625,risk_on,6,False
IRTC,104.00499725341797,-45.043594582077695,2.1760451104905654,-41.09367994361093,-58.354855849264034,0.36938393796516383,False,0.766271597001398,10.259128003572146,-13.652968129082389,-4.870579427836597,False,False,False,False,18,30.0,False,0.38983032208431884,1.3511382592827506,False,-3.4464285033240443,True,-5.766970494490797,False,0,0,0.4684588512993956,False,0.49882873228382113,False,6,2,True,False,False,25.0,19.381959814329214,13.59549998851978,0.13651381200496399,22.0,False,0,2,2,3,-16.73605459594811,124.91000366210938,54730203.99388313,7.346938775510205,False,0.0,0,,,,0.0,0,,,,False,False,False,False,0,,none,0,0,False,-3,0.375,risk_on,6,False
ISRG,426.739990234375,-28.018890476868,28.528403215145804,-3.8354108429552336,-21.09658674860834,0.45597973423403404,False,0.9730264543508151,9.003143437912453,-7.020220023656842,8.49414100187631,True,True,False,False,28,46.666666666666664,True,0.4851131387290274,1.4764132307706608,True,3.7326463192063306,True,8.876126277288488,False,0,2,0.5938972345118217,False,2.3883194524941844,True,1,1,False,False,False,25.0,19.245432838450277,9.003143437912453,0.9903985348001652,0.0,True,2,4,5,5,-0.1847843536541438,427.5299987792969,852389867.8384521,33.80952380952381,False,0.0,0,,,,0.0,0,,,,False,False,False,False,0,,none,0,0,False,-1,0.625,risk_on,6,False
IT,191.64999389648438,-25.765974385661927,52.429800985856346,-21.615544418615794,-38.8767203242689,0.3573624882262981,False,0.8448223864699437,6.464909879590515,24.270517688698146,3.1596485928288454,True,True,False,True,25,41.66666666666667,True,0.4899512906378665,2.0850700477200954,True,0.7692111774908005,True,3.7067049413457287,True,2,0,0.42949536766463414,False,0.881858053315892,False,3,2,True,False,False,25.0,18.738068450411625,12.319332826644386,0.6698014683196756,6.0,False,2,3,4,5,-6.187282688851326,204.2899932861328,180263735.3461601,18.571428571428573,False,0.0,0,,,,0.0,0,,,,False,False,False,False,0,,none,0,0,False,-1,0.625,risk_on,6,False
ITGR,126.625,-0.019740643961851934,99.97631176607591,22.461313473296563,5.200137567643459,1.2110954798458622,True,0.17323940842068916,0.21323140964338597,44.33488562039638,0.27320337665357464,False,False,True,True,24,40.0,True,0.3916012528585291,0.059774752387411666,False,6.111337887382638,False,0.1383970391311662,True,3,1,0.37481731432006166,False,0.7241420932878271,False,0,1,False,False,False,55.0,22.87066191012838,0.38696771077554293,0.9939654120083513,24.0,True,7,3,5,4,-0.138015021723914,126.80000305175781,95745434.7177082,63.74149659863946,False,0.0,0,,,,0.0,0,,,,False,False,False,False,0,,none,0,0,False,-1,0.625,risk_on,6,False
ITRI,85.13500213623047,-38.38832924532928,9.11946398269472,-32.75807461826212,-50.019250523915225,0.3852605401204585,False,1.0025399662926424,6.753978805097136,-9.881442747803082,-5.865767538664935,False,False,False,True,20,33.33333333333333,False,0.42211370072569854,1.1351235450604438,False,-3.8868029340083434,True,-1.5894115894653837,True,2,0,0.4142761693931497,False,0.4715549786546671,False,3,4,True,False,False,25.0,14.819747348582224,7.611444405163093,0.13579846589602934,23.0,False,0,2,2,4,-12.807248393678005,97.63999938964844,56964414.57662201,9.931972789115646,False,0.0,0,,,,0.0,0,,,,False,False,False,False,0,,none,0,0,False,-2,0.5,risk_on,6,False
ITT,202.10499572753906,-8.477333320803382,19.952861650983312,17.736744569060935,0.4755686634078309,0.5424320277579796,False,0.9802193157969478,7.288288780054107,-7.878959985294188,-1.1566515767813312,False,True,False,True,28,46.666666666666664,True,0.4790124006262574,1.4595051137203194,True,-0.5906172481476907,True,-1.9716750630589752,True,2,1,0.5184868550508063,False,1.319697980456026,True,4,2,True,False,False,25.0,11.214566569853007,7.288288780054107,0.38984792011996305,10.0,False,2,3,2,5,-6.842591117548946,216.9499969482422,181852016.87045288,59.72789115646259,False,0.0,0,,,,0.0,0,,,,False,False,False,False,0,,none,0,0,False,-1,0.625,risk_on,6,False
ITUB,10.130000114440918,-0.1970394565615874,66.8495841670256,62.7565855466216,45.4954096409685,0.940626959285373,False,1.4302269753636776,6.317861623082119,11.745891510675532,23.580454880363867,True,False,False,True,23,38.333333333333336,False,0.4243333009260184,1.253366270072286,False,5.044716937552532,False,17.927822287512708,False,1,2,0.6404308569972625,True,2.550469205293457,True,3,2,True,True,True,25.0,22.380508645184293,22.53516103980178,0.9693361959910104,3.0,True,5,4,5,4,-0.6862715307174305,10.199999809265137,301476548.495446,85.23809523809524,True,0.0,0,,,,0.0,0,,,,False,False,False,False,0,,none,0,0,False,-1,0.625,risk_on,6,False
ITW,264.8699951171875,-10.33671331449073,12.681384785339889,9.404744587469871,-7.856431318183233,0.40013181159445965,False,1.0621718962222437,3.9906397550021544,-2.298169983258691,-1.051564966440166,False,False,False,True,20,33.33333333333333,False,0.4704253258261747,1.0027339337646815,True,-1.8362428828682873,True,0.7416634679235257,True,2,0,0.5418507797541569,False,1.033432293688165,False,3,1,False,False,False,25.0,6.889766715916991,6.741744709793471,0.4852007740006244,10.0,False,1,1,1,4,-3.5468465726703258,274.60999014070336,368714160.9009827,51.63265306122449,False,0.0,0,,,,0.0,0,,,,False,False,False,False,0,,none,0,0,False,-2,0.5,risk_on,6,False
IVZ,29.674999237060547,-10.912644810471628,36.261779630578594,28.10888242947516,10.847706523822055,0.583949746783627,False,0.8996784774209776,5.021060857374282,23.896746698707204,-2.8005287597617334,False,False,False,True,23,38.333333333333336,False,0.380908978233132,0.9267992675587021,False,-2.2928685188900957,True,-3.2126569316819564,True,2,1,0.5179115484646134,False,1.2767415427080713,True,6,3,True,False,False,55.0,17.78104803167824,6.4700930940415775,0.33417986041600645,29.0,False,2,3,2,5,-11.838979882401702,33.65999984741211,141724908.0476141,68.0952380952381,False,0.0,0,,,,0.0,0,,,,False,False,False,False,0,,none,0,0,False,-1,0.625,risk_on,6,False
J,139.3679962158203,-14.343959005684725,30.651995386508645,-9.384464416052696,-26.645640321705798,0.3819212677290694,False,1.1067738131118399,4.061193255117549,11.842943656013949,-2.811713983457087,False,False,False,True,26,43.333333333333336,True,0.4598312986391716,1.2867593836801112,True,-1.0261200857975006,True,0.9474132119055234,True,2,0,0.5052322492476201,False,0.4989698624193228,False,4,2,True,False,False,65.0,19.003842030605515,4.355381069567042,0.521777391858687,31.0,False,1,2,2,4,-9.088066900581671,153.3000030517578,116072307.69050598,28.435374149659864,False,0.0,0,,,,0.0,0,,,,False,False,False,False,0,,none,0,0,False,-2,0.5,risk_on,6,False
JAZZ,220.02999877929688,-15.897101564909521,67.75693247625382,59.268916757365254,42.00774085171215,1.0265187751873752,False,1.0233729730399237,11.666590151960978,12.65680279028576,-8.602644446834685,False,False,False,False,21,35.0,False,0.396114608599268,1.009019098434176,False,-3.346009585514692,True,-6.636398146206357,False,0,0,0.503884755947977,False,0.47292169828846137,False,6,2,True,False,False,25.0,14.377511265766191,11.666590151960978,0.19078215778865215,24.0,False,1,2,2,4,-11.634538642852664,249.0,192056445.376532,84.01360544217688,True,0.0,0,,,,0.0,0,,,,False,False,False,False,0,,none,0,0,False,-2,0.5,risk_on,6,False
JBHT,230.0019989013672,-22.79416449818753,69.1476595351209,62.58904643741441,45.327870531761306,0.19339897050412616,False,0.7676759138522679,4.734741194279119,1.4097815621685994,-1.8134476408251055,False,True,False,True,20,33.33333333333333,False,0.49244928860075926,1.3332654442708012,True,-4.3095754123109336,True,-1.792484244909176,True,2,0,0.5829059658515418,False,0.48102261657307727,False,7,3,True,False,False,25.0,19.682507504417234,5.443432810264379,0.1449935171882118,23.0,False,1,2,3,4,-16.82867151426841,276.5400085449219,279820696.09848326,85.10204081632654,True,0.0,0,,,,0.0,0,,,,False,False,False,False,0,,none,0,0,False,-2,0.5,risk_on,6,False
JBL,305.75,-20.697024140557307,58.95956444374632,49.52985808954375,32.26868218389065,0.5484215725324624,False,1.0183675850763503,5.327885051487121,0.16868720720690789,2.0629544095490004,False,False,False,True,25,41.66666666666667,True,0.4191148908256679,1.7244957501252896,False,-0.8013971367402444,True,0.4401945802602558,True,2,0,0.5456123332760502,False,0.823831308077198,False,3,0,False,False,False,25.0,14.231851690344222,14.263282208197056,0.4526382297078032,10.0,False,3,1,1,4,-7.789971535762808,331.5799865722656,473721459.37064517,80.47619047619048,True,0.0,0,,,,0.0,0,,,,False,False,False,False,0,,none,0,0,False,-2,0.5,risk_on,6,False
JBS,12.869999885559082,-24.531761794759888,18.508289985497296,9.978244226970023,-7.282931678683081,0.663079590086383,False,1.0288449690849928,9.595957013667036,-21.68309375844022,7.608694352087153,False,False,False,False,22,36.666666666666664,False,0.4593878498984368,1.4462284187442105,True,0.07781621363061694,True,10.282774647986304,False,0,0,0.4773354656071974,False,0.4600145953282216,False,7,1,False,False,False,25.0,20.8504299289116,18.45376861786062,0.8085868218932226,24.0,False,1,1,1,3,-3.9910470575856394,13.404999732971191,67285665.65767713,52.31292517006803,False,0.0,0,,,,0.0,0,,,,False,False,False,False,0,,none,0,0,False,-3,0.375,risk_on,6,False
JBTM,106.21499633789062,-36.84035455895671,1.8067616924692276,-24.472146924219295,-41.7333228298724,0.3241909535824965,False,0.8410152046391917,7.400085563574627,-18.616877434380243,-3.440912420099429,True,False,False,True,19,31.666666666666664,False,0.42672413847240875,1.2163795831982884,False,-2.862741477272728,True,-2.196134594604815,True,2,0,0.4574666132907753,False,0.5442446063805371,False,7,1,False,False,False,25.0,13.430580824123009,8.708751418278023,0.18445660554736154,23.0,False,0,1,2,3,-10.953221474775798,119.27999877929688,58847477.99293671,15.578231292517005,False,0.0,0,,,,0.0,0,,,,False,False,False,False,0,,none,0,0,False,-3,0.375,risk_on,6,False
JCI,157.8800048828125,-0.5542892759331397,50.87586628965772,47.78163453095816,30.520458625305054,0.43858109809470136,True,0.9734201958045143,5.732203427834474,11.160944167507258,10.498331710591756,False,False,False,True,28,46.666666666666664,True,0.4413163755694476,0.9717868479599725,True,2.975972682485046,True,1.0496667511447288,True,2,0,0.5962431936412192,False,1.1456085232801632,False,5,0,False,False,False,25.0,15.58450703969857,8.633141918718245,0.8987964391525561,3.0,True,7,3,4,4,-1.577207606469555,160.41000366210938,459738953.2701065,79.93197278911565,False,0.0,0,,,,0.0,0,,,,False,False,False,False,0,,none,0,0,False,-2,0.5,risk_on,6,False
JD,27.114999771118164,-19.70684215704691,10.557746972217053,-17.33392142108673,-34.59509732673983,0.8514696224751983,False,0.859854095116172,4.7390737903706,-6.3061531764373235,0.7243673635645154,False,False,False,True,24,40.0,True,0.4323518661995255,0.6729483899808433,False,-2.849879022959412,True,5.1784292044810165,False,1,0,0.5153490734299078,False,0.7994975061083995,False,4,1,False,False,False,25.0,9.119836506044859,6.066754459337528,0.5445735230626378,24.0,False,2,1,1,4,-4.153415010192751,28.290000915527344,161804555.5250824,21.360544217687075,False,0.0,0,,,,0.0,0,,,,False,False,False,False,0,,none,0,0,False,-2,0.5,risk_on,6,False
JEF,44.470001220703125,-31.357027724295772,25.33083937640899,-13.576538871135558,-30.837714776788662,0.2645442869078348,False,0.9164768765906007,8.140325269199069,-2.3064883834200467,-7.160751974762791,False,False,False,False,20,33.33333333333333,False,0.39079620468164655,1.4046304141439108,False,-4.324659951675715,True,-3.262997520488331,True,1,0,0.47480026030989936,False,0.6012659810973184,False,7,3,True,False,False,25.0,23.637336305725906,12.255454493673797,0.12057288874336632,24.0,False,0,2,2,3,-20.787314385146082,56.13999938964844,128131108.5485321,24.217687074829932,False,0.0,0,,,,0.0,0,,,,False,False,False,False,0,,none,0,0,False,-3,0.375,risk_on,6,False
JHX,25.084999084472656,-19.288934536517655,50.29957029230889,14.438864038151156,-2.8223118675019485,0.27012758627914657,False,0.9059858730057054,7.773573187596735,18.605198756102048,-2.846632916494174,False,True,False,True,24,40.0,True,0.4013425248547289,1.5524859465536283,False,-3.415956522028218,True,0.3801493166250003,True,2,0,0.4816384579423638,False,0.6708975588429589,False,6,2,True,False,False,25.0,23.89436893401848,8.889773265396185,0.15512636120813642,23.0,False,1,2,3,4,-20.187722427919454,31.43000030517578,352225969.5138968,55.986394557823125,False,0.0,0,,,,0.0,0,,,,False,False,False,False,0,,none,0,0,False,-2,0.5,risk_on,6,False
JKHY,150.0124969482422,-21.191894144418033,21.988301742528904,1.9900004097767487,-15.271175495876356,0.4303296494806242,False,0.7649133069902015,7.322723662243716,-0.10918551325878045,-3.1239967482078246,False,True,False,True,25,41.66666666666667,True,0.3957349595077915,1.2756300465091175,False,-1.7823007756382907,True,5.242390917690853,False,1,0,0.4943776661428667,False,0.4162432308270572,False,3,4,True,False,False,25.0,15.771329616504593,7.642694156238407,0.3116990786655743,19.0,False,2,2,2,5,-10.85542070570903,168.27999877929688,156778502.79655457,40.95238095238095,False,0.0,0,,,,0.0,0,,,,False,False,False,False,0,,none,0,0,False,-1,0.625,risk_on,6,False
JLL,301.2699890136719,-23.299986644335224,7.534974684331619,4.6403338479484635,-12.62084205770464,0.44613108347733765,False,0.929333371294983,7.428554352885404,-7.170154347250235,-10.437604899070084,False,False,False,True,22,36.666666666666664,False,0.4067979413197026,1.1977449112285452,False,-4.935478615238565,True,-1.8056805804914644,True,2,0,0.47289015262255363,False,0.5375433799558313,False,8,3,True,False,False,25.0,22.102889992585933,11.129551565713788,0.1818181476894453,23.0,False,0,2,2,4,-18.084183475550386,367.7799987792969,139389379.64240876,45.034013605442176,False,0.0,0,,,,0.0,0,,,,False,False,False,False,0,,none,0,0,False,-2,0.5,risk_on,6,False
JNJ,260.3299865722656,-6.500738634358349,43.11651846658422,39.31165727850727,22.050481372854165,0.392388576811515,False,0.985534303158353,3.9257930344705754,10.572562971842437,-3.577911778775078,False,False,False,True,26,43.333333333333336,True,0.42978704005233126,0.7952157990700645,False,-0.8802862606823615,True,1.6794859248800087,True,2,0,0.4347029524056927,False,1.181259601518585,False,4,1,False,False,False,65.0,13.08741341696856,8.6851310938301,0.4361795029560852,26.0,False,3,1,1,4,-7.3789519377744135,281.07000732421875,1763019140.7112305,75.78231292517007,False,0.0,0,,,,0.0,0,,,,False,False,False,False,0,,none,0,0,False,-2,0.5,risk_on,6,False
JOBY,5.340000152587891,-70.51352858853257,0.0,-68.84480546823741,-86.10598137389051,1.2672115035538827,False,0.7554657762538284,13.670411951574776,-37.3239452385014,-12.745093914326699,False,False,False,False,18,30.0,False,0.43862141301567964,1.8809133044968567,False,-6.096269561674954,True,-10.252095398849848,False,0,0,0.33604635821165924,False,0.4057762760272508,False,4,1,False,False,False,25.0,25.232307296092632,19.101122692518977,0.06232302653565216,23.0,False,0,1,1,1,-23.659753538922523,6.994999885559082,140623222.55440116,0.6122448979591837,False,0.0,0,,,,0.0,0,,,,False,False,False,False,0,,none,0,0,False,-5,0.125,risk_on,6,False
JPM,332.79998779296875,-8.412206924168474,19.39131960855218,11.02334147456383,-6.237834431089274,0.3106771428127612,False,0.9651919686007521,2.6201927705982198,7.105019921383038,-4.34973513100656,False,True,False,True,24,40.0,True,0.448291275608713,0.8574091182610707,True,-2.7522237754656635,True,0.6258811531700381,True,2,0,0.5053220629341675,False,0.8111442544960489,False,4,3,True,False,False,25.0,10.194007913250303,4.82269346504121,0.23223345734081635,24.0,False,2,2,2,5,-7.826618211396541,361.0586715329967,2904215527.9424133,53.53741496598639,False,0.0,0,,,,0.0,0,,,,False,False,False,False,0,,none,0,0,False,-1,0.625,risk_on,6,False
JXN,129.52999877929688,-7.291833100185341,47.53389013737672,33.708585910969965,16.44741000531686,0.24251208780450662,False,0.9325450793550432,5.269047334641869,26.124871657667015,-2.366774276765937,False,True,False,True,26,43.333333333333336,True,0.4521928985334997,1.5793751941374112,True,-0.7554601722446735,True,-1.5205656645340127,True,2,1,0.484333483044303,False,1.355759755343374,True,4,3,True,False,False,65.0,18.019531915701382,7.264729213919672,0.5730824325112804,17.0,False,3,3,2,5,-7.692854732736576,140.3249969482422,119154229.17279664,71.9047619047619,False,0.0,0,,,,0.0,0,,,,False,False,False,False,0,,none,0,0,False,-1,0.625,risk_on,6,False
KBH,43.125,-34.40668855709754,0.0,-23.797485692345933,-41.058661597999034,0.4147714444750792,False,0.8786661889933127,7.257964645606885,-16.292846200648047,-8.478351066305867,False,True,False,True,21,35.0,False,0.4718891282371465,1.492456516168238,True,-5.74091833477624,True,-5.737704918032782,False,1,0,0.4212879155485883,False,0.8051711948681005,False,6,3,True,False,False,25.0,18.43256359703387,13.402895720108695,0.02528369108427569,24.0,False,0,2,2,3,-17.966520353155204,52.56999969482422,87736932.55795327,16.122448979591837,False,0.0,0,,,,0.0,0,,,,False,False,False,False,0,,none,0,0,False,-3,0.375,risk_on,6,False
KBR,35.650001525878906,-19.849909737779438,19.681277114730467,-19.849909737779438,-37.111085643432546,0.38442152295260545,False,1.0702566986211894,7.321168818911995,-2.4771124047004545,0.3095121201966533,False,False,False,True,24,40.0,True,0.42401005186812446,1.398414310625014,False,-0.7604742247548341,True,4.117990006696881,True,2,0,0.5190718178328595,False,0.7649845854742396,False,4,2,True,False,False,55.0,17.483960056410545,7.910237234568239,0.5389964585583157,34.0,False,2,2,2,5,-8.060167504430215,38.77536053548579,55965366.196035765,19.591836734693878,False,0.0,0,,,,0.0,0,,,,False,False,False,False,0,,none,0,0,False,-1,0.625,risk_on,6,False
KD,11.664999961853027,-60.80309182749186,10.151083982774423,-60.80309182749186,-78.06426773314496,0.3056797209529393,False,0.870512875614339,6.815259999089247,-10.749806930198924,-3.3554245502165236,False,False,False,True,20,33.33333333333333,False,0.4097711853276826,2.0208053074958836,False,-1.9395757922578538,True,0.9083005054061122,True,2,0,0.432686068869264,False,0.4495541221911756,False,7,1,False,True,True,25.0,20.873963796195426,13.501927256028404,0.2456747244987023,18.0,False,0,1,1,4,-15.745758491369234,13.845000267028809,51599698.94430256,1.6326530612244898,False,0.0,0,,,,0.0,0,,,,False,False,False,False,0,,none,0,0,False,-2,0.5,risk_on,6,False
KDP,31.735000610351562,-4.58176456190359,27.193978944162488,26.677084091520253,9.41590818586715,0.2679531973854232,False,1.0671049893367797,5.073258774344463,23.62824591130124,3.2464819033768633,False,False,False,True,24,40.0,True,0.5367758208216552,1.3591610745588316,True,0.7156600550897452,True,4.494566129069022,True,2,0,0.5019900948436719,False,1.1074395681194553,False,5,1,False,False,False,45.0,13.59662242560152,5.5144161535928,0.7328404779158284,25.0,False,4,2,2,5,-3.6324671491826277,32.93121622142098,335997632.05746233,67.41496598639456,False,0.0,0,,,,0.0,0,,,,False,False,False,False,0,,none,0,0,False,-1,0.625,risk_on,6,False
KEX,136.3699951171875,-10.629793308852342,70.56910609448846,66.87468560957292,49.61350970391982,0.3032326651941457,False,1.0975140789275792,4.1798028542451595,-3.8971099486663774,-1.431160750977234,False,False,False,True,24,40.0,True,0.396921806586895,1.068595115892575,False,-0.04813355413385999,True,-1.08798147031558,True,2,2,0.6120693494714338,True,1.4091462096333662,True,5,2,True,False,False,25.0,10.836303784750976,9.936199976189261,0.5641515902932078,24.0,False,4,4,3,7,-4.722985771683408,143.1300048828125,63571527.56075668,86.66666666666667,True,0.0,0,,,,0.0,0,,,,False,True,False,False,1,,power_play,7,7,True,1,0.875,risk_on,6,False
KEY,19.969999313354492,-15.95974331115384,23.906264182757763,14.36452398938981,-2.896651916263295,0.5937470740896595,False,0.9340607559958999,3.8557861003467897,-6.257041892860804,-4.036521740246235,False,False,False,True,20,33.33333333333333,False,0.4134341283203068,0.9245937490111431,False,-3.947702107657399,True,-0.547811806621068,True,2,0,0.47297058176944146,False,0.32513991933083936,False,6,2,True,False,False,25.0,12.751679341503044,5.358035711642114,0.16491201770019295,24.0,False,0,2,2,4,-10.648774172229913,22.350000381469727,332388663.8167717,55.91836734693878,False,0.0,0,,,,0.0,0,,,,False,False,False,False,0,,none,0,0,False,-2,0.5,risk_on,6,False
KEYS,381.5450134277344,-1.6712587614265972,139.2281649548804,122.99532426486262,105.73414835920951,0.48475774464884086,True,0.9147440496566793,5.249707917645374,15.232107247572579,13.894033859025189,True,False,False,True,31,51.66666666666667,True,0.34896864204712963,0.9978069276164974,False,3.8766765575889095,True,-0.8046487892145016,True,2,1,0.5713750366327609,False,2.29202030699229,True,3,0,False,False,False,25.0,20.130535375988497,9.06969800440185,0.8931781671490177,3.0,True,8,4,5,4,-2.150380685134634,389.92999267578125,416145227.53890383,93.94557823129252,True,0.0,0,,,,0.0,0,,,,False,False,False,False,0,,none,0,0,False,-1,0.625,risk_on,6,False
KGC,23.730499267578125,-37.41894315933533,6.028523763325988,-1.8755890446179313,-19.136764950271036,0.47200294703832096,False,0.8700594572343326,5.5203198684158075,-29.137754942796988,-15.489674743396066,False,False,False,True,25,41.66666666666667,True,0.47233603650721745,1.5924343817719466,True,-3.896458607431971,True,-1.3694937891859715,True,2,0,0.5095837462336492,False,0.5841461565251953,False,5,3,True,False,False,25.0,27.232145246541833,7.458757769087231,0.10661586360001965,22.0,False,1,2,3,3,-24.328766563400606,31.360000610351562,194829654.14671364,36.46258503401361,False,0.0,0,,,,0.0,0,,,,False,False,False,False,0,,none,0,0,False,-3,0.375,risk_on,6,False
KGS,53.875,-28.829144083635562,67.47979049088164,59.06616959690045,41.80499369124735,0.20610189514647922,False,0.8472494600631018,6.440830451983033,-12.914152382573219,-8.266643248898376,False,False,False,True,20,33.33333333333333,False,0.4318437194696333,1.9464808407446534,False,-2.086400906670936,True,-0.837478033719874,True,2,0,0.47223365578904647,False,0.6461155408429223,False,9,2,True,False,False,25.0,21.69709956565014,9.6148497543866,0.20120235809811166,22.0,False,1,2,2,4,-17.331591969151816,65.16999816894531,108970821.25957946,83.80952380952381,True,0.0,0,,,,0.0,0,,,,False,False,False,False,0,,none,0,0,False,-2,0.5,risk_on,6,False
KHC,22.2450008392334,-18.17293518473694,8.487761997893095,-5.080410885700659,-22.341586791353762,0.46687758069098867,False,0.8427891849782791,3.731175061329681,2.632709517815446,-8.943919110305798,False,False,False,True,19,31.666666666666664,False,0.40082622277244556,1.0718483748026677,False,-3.907491240937874,True,0.24786076544416336,True,2,0,0.4314356035632197,False,0.44786456511833933,False,7,3,True,False,False,25.0,13.65079535678696,9.080694005643762,0.1409885276324318,16.0,False,0,2,2,4,-11.726189818421929,25.200000762939453,373911512.37606543,32.04081632653061,False,0.0,0,,,,0.0,0,,,,False,False,False,False,0,,none,0,0,False,-2,0.5,risk_on,6,False
KIM,22.177499771118164,-14.934882084545853,16.94138959282312,9.45010612353705,-7.8110697821160535,0.27008061086934887,False,0.856949530191411,2.5701711225650934,-2.2162193255596763,-1.564584575162864,False,True,False,True,15,25.0,False,0.4626697437685265,0.6370175922849298,True,-3.7667044223983956,True,-0.2810251827482735,True,2,0,0.4761772686892617,False,0.7832361897730036,False,5,3,True,False,False,25.0,9.567392083265762,4.013073605382185,0.19021729665807807,24.0,False,0,2,2,4,-7.747508625119048,24.040000915527344,110890992.63121644,51.70068027210885,False,0.0,0,,,,0.0,0,,,,False,False,False,False,0,,none,0,0,False,-2,0.5,risk_on,6,False
KKR,91.02999877929688,-35.87698942021306,8.94367454271947,-26.092313280556723,-43.35348918620983,0.560868061920884,False,0.7867093689260831,5.031302057648487,-6.8861352048062985,-7.873695953370897,False,False,False,True,20,33.33333333333333,False,0.4546530451594845,1.2950416075579099,True,-4.208590233715905,True,0.8195789747104554,True,2,0,0.46450037889610873,False,0.6224336167948094,False,7,2,True,False,False,25.0,19.537388602850527,8.425791795890603,0.1413194821292906,24.0,False,0,2,2,4,-16.77637496333698,109.37999725341797,404642007.33988416,14.081632653061224,False,0.0,0,,,,0.0,0,,,,False,False,False,False,0,,none,0,0,False,-2,0.5,risk_on,6,False
KLAC,196.17999267578125,-34.903801627317364,100.7003910791341,87.22727442181247,69.96609851615936,0.290236795498611,False,0.8948470020066321,8.44632885250604,11.179674284857931,10.842412897353327,True,False,False,False,24,40.0,True,0.4635088022917183,1.7706471988403065,True,1.129265630608333,True,-5.176667188101436,False,0,2,0.5929761304722174,False,2.4600548766071313,True,2,2,True,False,False,25.0,20.505077050014144,13.242938473585914,0.7078756260508472,5.0,False,4,5,5,4,-5.990032796014521,208.67999267578125,1647031821.9776673,90.61224489795919,True,0.0,0,,,,0.0,0,,,,False,False,False,False,0,,none,0,0,False,-1,0.625,risk_on,6,False
KLAR,13.920000076293945,-66.29539870837858,13.447429152182778,-66.29539870837858,-83.55657461403169,0.7541177759476552,False,0.6928741331000611,10.790228784548942,-0.2865326772473087,0.8695643760907146,False,False,False,False,23,38.333333333333336,False,0.47424410677998247,1.5886393528449332,True,-2.7553328377085897,True,11.270981787489042,False,0,0,0.5817598570764598,False,0.45558033011403254,False,5,3,True,False,False,25.0,15.924662343778678,12.428164413999337,0.7075268464359254,24.0,False,1,3,3,4,-4.657536215128022,14.600000381469727,69096892.92902222,0.8163265306122449,False,0.0,0,,,,0.0,0,,,,False,False,False,False,0,,none,0,0,False,-2,0.5,risk_on,6,False
KLIC,92.15499877929688,-30.952020819563973,164.27693840242603,128.1392534620998,110.87807755644668,0.18273461503558602,False,0.9493642110618454,13.357935381747074,18.691912136300925,10.843155467680777,False,True,False,False,26,43.333333333333336,True,0.3978839222990179,1.6508975701095119,False,0.9506491867579928,True,-8.54916954526097,False,0,1,0.5260681467929846,False,1.368980760624167,True,4,1,False,True,False,35.0,26.029843860607084,14.638387143242701,0.6312391648552117,4.0,False,5,3,3,3,-9.598786960725903,101.94000244140625,67818516.44564514,94.42176870748298,True,0.0,0,,,,0.0,0,,,,False,False,False,False,0,,none,0,0,False,-3,0.375,risk_on,6,False
KMB,97.80000305175781,-15.343651950408821,7.826977415862135,-14.005294854315032,-31.266470759968136,0.753281915366131,False,0.8019516087205617,4.5705532527821155,3.864396265664727,-0.06130958330221592,False,False,False,True,23,38.333333333333336,False,0.4699538406347375,0.8596453948740513,True,-2.864786502084419,True,3.6456151114404145,True,2,0,0.5374483082632662,False,0.8545415414047554,False,5,1,False,False,False,25.0,12.13878548572801,6.06339480586468,0.296610563005675,24.0,False,1,1,1,4,-8.538293488601113,106.93000030517578,410092122.9813843,23.945578231292515,False,0.0,0,,,,0.0,0,,,,False,False,False,False,0,,none,0,0,False,-2,0.5,risk_on,6,False
KMI,32.52000045776367,-4.331203986680987,30.80940759068147,22.919016327541698,5.657840421888594,0.33965156083913317,False,0.9521130933485948,5.5350529265777535,3.297272666852513,2.1356793401915652,False,False,False,True,26,43.333333333333336,True,0.4453251062097777,0.9991315069777434,True,1.506458156117061,True,4.666883737308192,True,2,2,0.6312460600286287,True,1.9110900378907842,True,5,2,True,False,False,35.0,10.00000116657406,9.747841710711052,0.9449540428202624,27.0,True,4,6,5,7,-0.5504596360125569,32.70000076293945,399760659.3661682,64.08163265306122,False,0.0,0,,,,0.0,0,,,,False,True,False,False,1,,power_play,7,7,True,1,0.875,risk_on,6,False
KMX,52.75,-17.860481162690245,70.82254350259014,19.5873934937576,2.3262175881044946,0.2503744773777256,False,1.3319124038633405,6.824641657101599,7.477583602336324,-7.795838412595158,False,False,False,True,22,36.666666666666664,False,0.4378021317162095,1.8076879328876485,False,-2.13945633366908,True,-3.9511985456917698,True,2,0,0.4085645721107455,False,0.5213643746206895,False,5,2,True,False,False,25.0,17.76346455764489,21.44075366558057,0.03448271209856289,8.0,False,0,2,2,4,-17.150932123430596,63.66999816894531,205818744.62871647,61.36054421768707,False,0.0,0,,,,0.0,0,,,,False,False,False,False,0,,none,0,0,False,-2,0.5,risk_on,6,False
KNF,49.97999954223633,-46.81281377782411,0.0,-24.79686995073496,-42.05804585638806,0.2548159709771994,False,0.9772842136154314,8.85354760361372,-42.293038690658136,-8.192504035598047,True,False,False,False,14,23.333333333333332,False,0.5105524569525608,2.37436209988717,True,-4.029229521492295,True,-0.6954148143948569,True,1,0,0.42784405503892026,False,0.8085519873464501,False,4,3,True,False,False,25.0,21.665340590761954,11.27451418135474,0.06068412569784121,24.0,False,0,2,3,4,-20.350598339065616,62.75,61301053.34628601,15.10204081632653,False,0.0,0,,,,0.0,0,,,,False,False,False,False,0,,none,0,0,False,-2,0.5,risk_on,6,False
KNSL,342.6549987792969,-27.883145471603456,18.152830350097183,-27.883145471603456,-45.14432137725656,0.6975243677701548,False,1.0128702125119446,4.246258879158655,-4.000490081367014,-3.9778638311417147,False,False,False,True,27,45.0,True,0.5566186954179854,1.5362867278760532,True,-1.9082579326697742,True,3.92302484250433,True,2,1,0.6005579582977816,True,0.8269069056998151,False,5,3,True,False,False,25.0,16.195979215817285,6.904905443200236,0.3836983150236097,24.0,False,2,3,2,5,-9.981609280550785,380.6499938964844,77514762.5882782,13.129251700680273,False,0.0,0,,,,0.0,0,,,,False,False,False,False,0,,none,0,0,False,-1,0.625,risk_on,6,False
KNTK,54.0099983215332,-1.9782217473197083,79.73095824647523,55.95332193952116,38.692146033868056,0.24248096991267,True,0.9653899657041402,5.313828959591965,18.214184269020485,0.9532678907162584,False,False,False,True,22,36.666666666666664,False,0.38098864216779676,1.073039057932442,False,0.7113090316827302,True,2.817436848712873,True,2,0,0.5514031183980614,False,1.128321215692378,False,6,1,False,False,False,65.0,17.960492409391183,10.535083879905331,0.7153508773565779,21.0,False,5,2,3,5,-5.112438406577047,56.91999816894531,73632677.042865,83.12925170068027,True,0.0,0,,,,0.0,0,,,,False,False,False,False,0,,none,0,0,False,-1,0.625,risk_on,6,False
KNX,64.56999969482422,-21.460078483136968,56.82810754819161,46.036550381918715,28.77537447626561,0.3615830080014418,False,0.8852249459451863,4.770019894086469,4.982889600008922,-3.164368027436526,False,True,False,True,18,30.0,False,0.40068059335808937,1.2511677713723144,False,-1.7565904667061478,True,-3.280410981619397,True,2,1,0.44830001425640986,False,1.3238833592159056,True,3,3,True,False,False,25.0,13.009921367604765,6.349701576887271,0.1536017980804473,23.0,False,1,3,3,4,-11.011574052655437,72.55999755859375,235486235.69417953,79.38775510204081,False,0.0,0,,,,0.0,0,,,,False,False,False,False,0,,none,0,0,False,-2,0.5,risk_on,6,False
KO,88.45500183105469,-3.2690205202960287,36.818552042499995,36.818552042499995,19.55737613684689,0.3138822170850455,True,0.982878704475297,3.7759356714099925,17.206270964037394,0.23229669241324746,False,False,False,True,25,41.66666666666667,True,0.5147221251246796,0.7249323399398017,True,0.6249760283636021,True,3.274956515124239,True,2,0,0.4455785414051512,False,0.5645705637495742,False,4,1,False,False,False,65.0,12.606765835046952,3.7759356714099925,0.6992133213264387,33.0,False,6,2,3,5,-3.7919472243390984,91.94137006110614,1383397613.3604736,74.01360544217687,False,0.0,0,,,,0.0,0,,,,False,False,False,False,0,,none,0,0,False,-1,0.625,risk_on,6,False
KOD,99.45999908447266,0.0,757.4137570146443,634.0221231323732,616.7609472267201,0.30711006943380337,True,2.318279217410921,12.758892950756959,137.09176942933493,204.06604056337633,False,True,False,False,19,31.666666666666664,False,0.3662612330370423,3.954032044208094,False,4.803553923612019,False,5.304396292332236,False,0,2,0.6405114422645628,True,4.7447363056161995,True,5,1,False,True,False,,,,,,False,11,2,4,5,,,314064393.6468979,99.72789115646259,True,0.0,0,,,,0.0,0,,,,False,False,False,False,0,,none,0,0,False,-1,0.625,risk_on,6,False
KOLD,24.55500030517578,-50.28345695764025,80.81738176088732,-30.320660795598165,-47.58183670125127,0.9106818502909573,False,1.3302100583990408,18.0004073360255,-3.7058811561734073,-14.946312464922663,True,False,False,False,23,38.333333333333336,False,0.4406615295984187,3.012005335023568,True,-2.006954733245895,True,-11.513512413780969,False,0,0,0.44094623818536716,False,0.46913233507417823,False,6,1,False,True,False,25.0,28.68462585073494,22.113623448138295,0.2270718760682734,21.0,False,0,1,2,1,-22.17115404449207,31.549999237060547,101771203.85180569,11.088435374149661,False,0.0,0,,,,0.0,0,,,,False,False,False,False,0,,none,0,0,False,-4,0.25,risk_on,6,False
KR,61.45500183105469,-17.721388396092973,11.42925855828507,-6.974517695563554,-24.23569360121666,0.2866277273925054,False,1.0797251232859222,6.362378538627417,-8.565885951265972,2.4250030517578125,False,False,False,True,22,36.666666666666664,False,0.4990273200334096,1.4315160568020862,True,2.0752691915786325,True,4.108085891759017,True,2,0,0.5548903935738917,False,0.9568915473172193,False,5,1,False,False,False,65.0,12.939475534406192,6.362378538627417,0.8647089373902082,18.0,True,1,3,3,4,-1.7505953946632125,62.54999923706055,484588883.2445164,30.34013605442177,False,0.0,0,,,,0.0,0,,,,False,False,False,False,0,,none,0,0,False,-2,0.5,risk_on,6,False
KRC,34.349998474121094,-15.794481081441491,29.00236991182581,-9.553949348220437,-26.81512525387354,0.2589353511917317,False,0.8785233342635744,3.7554613473977767,23.276141952616157,1.9778708946772472,False,False,False,True,19,31.666666666666664,False,0.3131993537714396,0.5990019881357533,False,-1.287861914920884,True,2.1409378029681125,True,2,0,0.5250975288164543,False,0.8039156483604712,False,4,1,False,False,False,25.0,11.375547944693547,5.094614491230416,0.38561149070180795,24.0,False,1,1,1,4,-6.989005944190385,36.931116394165166,50038522.35388279,28.2312925170068,False,0.0,0,,,,0.0,0,,,,False,False,False,False,0,,none,0,0,False,-2,0.5,risk_on,6,False
KRG,23.899999618530273,-19.87931719860039,16.5963207602122,13.148290786219373,-4.112885119433731,0.25240515406162467,False,1.086658405451415,3.8493727655988996,-4.83127836059094,-6.0165185540092425,False,False,False,True,14,23.333333333333332,False,0.4494750711691809,0.7605349970364469,True,-4.15237987905905,True,-2.009019202051021,True,2,0,0.408308551376434,False,0.6742568940270931,False,5,2,True,False,False,25.0,10.049303911800498,5.1046076994797405,0.0679246043513435,19.0,False,0,2,2,4,-9.366708919585044,26.3700008392334,54106234.77321701,55.23809523809524,False,0.0,0,,,,0.0,0,,,,False,False,False,False,0,,none,0,0,False,-2,0.5,risk_on,6,False
KRMN,32.45000076293945,-71.85358616944112,3.376876055756073,-56.44879904363786,-73.70997494929097,0.2589195109912585,False,0.7375771065186799,11.830504481652012,-63.03679186179385,-9.230767096672853,True,True,False,False,19,31.666666666666664,False,0.4824198421182074,3.205937029834612,True,-5.470040279840563,True,-4.9502011040498335,True,1,0,0.3277827389055689,False,0.5019611390007375,False,4,3,True,False,False,25.0,26.201292163665553,12.88135069198842,0.14416056393472065,23.0,False,0,2,4,3,-22.424099109533145,41.83000183105469,133921612.14595108,2.7210884353741496,False,0.0,0,,,,0.0,0,,,,False,False,False,False,0,,none,0,0,False,-2,0.5,risk_on,6,False
KRYS,332.45001220703125,-12.085146747870413,83.19833028639638,76.12313089731076,58.861954991657655,0.34609808935872166,False,0.9791405593649631,6.049034480593502,24.322204724661066,-1.2534532486983552,True,False,False,True,23,38.333333333333336,False,0.46953552021560524,1.6306379990252893,True,-0.6229369723268254,True,3.1556452358990406,True,2,0,0.41987113081935,False,0.31239324597431384,False,7,1,False,False,False,55.0,20.436101107350492,9.150251860658827,0.4644123636779658,25.0,False,2,1,2,3,-10.945323087723956,373.30999755859375,101066832.1106598,88.843537414966,True,0.0,0,,,,0.0,0,,,,False,False,False,False,0,,none,0,0,False,-3,0.375,risk_on,6,False
KSS,20.469999313354492,-14.652276123536511,77.22000476068713,38.11015701152098,20.84898110586788,0.4807189599337905,False,0.9776772318378802,8.402537230337746,54.31043469196288,23.685802157113443,False,False,False,False,28,46.666666666666664,True,0.433122623680631,2.2198161598768644,False,2.27262427405857,True,8.825092474977069,False,0,2,0.6008391932759137,True,1.8838381740454655,True,3,1,False,False,False,25.0,21.15758995361599,14.3624754534845,0.9793103115642756,0.0,True,4,4,3,3,-0.43774394419112683,20.559999465942383,71606239.01754503,75.03401360544217,False,0.0,0,,,,0.0,0,,,,False,False,False,False,0,,none,0,0,False,-3,0.375,risk_on,6,False
KTOS,42.099998474121094,-67.7937591179785,0.405433264269095,-57.280571110677236,-74.54174701633033,0.6360427466426646,False,0.7528446205342341,7.624701189587562,-42.76003164201783,-11.293722532129546,True,False,False,True,21,35.0,False,0.46829125523218823,2.143953948954088,True,-4.249799539705245,True,-2.2521505167776734,True,2,0,0.3565418432192408,False,0.29124310194701064,False,7,2,True,False,False,25.0,18.221776365446328,10.19002629694728,0.12828928793564204,23.0,False,0,2,3,4,-15.884117650600704,50.04999923706055,203093913.01091766,2.4489795918367347,False,0.0,0,,,,0.0,0,,,,False,False,False,False,0,,none,0,0,False,-2,0.5,risk_on,6,False
KVUE,17.674999237060547,-8.798492557563954,32.860290088457965,11.321772080474712,-5.939403825178392,0.7967315727815396,False,0.7924346404812513,3.5926356375832404,6.04390731504405,0.42612985207537424,False,True,False,True,25,41.66666666666667,True,0.47382043122618084,0.7297478093702655,True,-2.1143809821144552,True,2.7616189130907687,True,2,0,0.5089280361680081,False,0.787144005625038,False,5,0,False,False,False,25.0,8.504941013066032,5.1994379930914585,0.32221579780952486,24.0,False,3,1,2,6,-5.764514659218012,18.75620332738011,378412009.3834583,54.01360544217687,False,0.0,0,,,,0.0,0,,,,False,True,False,False,1,,power_play,6,6,True,0,0.75,risk_on,6,False
KVYO,17.360000610351562,-47.80516690792391,34.992232300238044,-32.21397814674533,-49.47515405239844,0.3254990002072836,False,0.8168957594396927,12.355992985879467,-1.3636350336153957,12.581066954987197,True,False,False,False,25,41.66666666666667,True,0.4398566808156641,2.2678011093051085,False,-0.13319463845108248,True,10.502868034360691,False,0,0,0.5883027267343054,False,0.671394242324046,False,5,2,True,False,False,25.0,24.488748154206217,18.31797346412295,0.5407099559239115,24.0,False,2,2,3,3,-11.247438219113604,19.559999465942383,100692950.95956716,10.272108843537415,False,0.0,0,,,,0.0,0,,,,False,False,False,False,0,,none,0,0,False,-3,0.375,risk_on,6,False
KYMR,115.0,-9.669309398052683,106.09319278201843,101.6836181633912,84.4224422577381,0.8230041659332277,True,1.1805918545318512,12.234782343325408,29.899470897647017,-2.3354564755838636,False,False,False,False,20,33.33333333333333,False,0.41467642012725153,2.1184460765182918,False,0.05528142118832976,True,7.086321495114101,False,0,0,0.5941916913088119,False,0.8062785878095479,False,5,2,True,False,False,25.0,17.280485571884526,12.569560175356658,0.62361792360554,12.0,False,5,3,4,5,-6.504065040650408,123.0,96977359.1144928,92.24489795918367,True,0.0,0,,,,0.0,0,,,,False,False,False,False,0,,none,0,0,False,-1,0.625,risk_on,6,False
L,107.22000122070312,-10.150666549284582,9.884150291471494,5.112191902521146,-12.148984003131957,0.2025222254406096,False,0.8880606138780511,2.947214723123142,-2.6198973726744956,-0.5103418757493872,False,True,False,True,20,33.33333333333333,False,0.41254335382336066,0.6589414942978703,False,-1.5773378880581046,True,1.122326186085565,True,2,0,0.4929196482341488,False,0.690838671513918,False,6,2,True,False,False,25.0,6.455968239295629,3.870547918887341,0.4644355204269908,24.0,False,2,2,2,6,-3.457587270218243,111.05999755859375,115379947.63719329,45.85034013605443,False,0.0,0,,,,0.0,0,,,,False,True,False,False,1,,power_play,6,6,True,0,0.75,risk_on,6,False
LAD,288.0299987792969,-32.49566643865225,18.985054516202183,-4.610434309962496,-21.8716102156156,0.32857328426066246,False,1.0840040183618962,7.971388936008443,3.6098581531710305,-8.92907680632139,True,False,False,True,19,31.666666666666664,False,0.4716182473795844,2.0936599126102786,True,-4.4630877799218025,True,-6.413877551101354,False,1,0,0.5192244047251038,False,0.452530514339086,False,6,2,True,False,False,25.0,27.401915810012916,12.234833310323923,0.05665162195591179,23.0,False,0,2,3,3,-25.849552834676338,388.44000244140625,106147303.78957519,32.72108843537415,False,0.0,0,,,,0.0,0,,,,False,False,False,False,0,,none,0,0,False,-3,0.375,risk_on,6,False
LAMR,146.9199981689453,-9.578285826763079,32.750773393232315,30.205219068135115,12.94404316248201,0.27560901236659324,False,0.937566515469939,3.2058309097248197,12.958994398477785,1.2124514070230408,False,False,False,True,21,35.0,False,0.35524122198553315,0.5846198585853182,False,-0.7511007770229876,True,1.9428276065934336,True,2,0,0.5699176889094775,False,1.1083827806864457,False,5,2,True,False,False,35.0,7.3872568276863975,3.729928569714917,0.4636718887721667,29.0,False,3,2,2,6,-3.961993501547967,152.9810993851829,84004698.52682495,69.79591836734694,False,0.0,0,,,,0.0,0,,,,False,True,False,False,1,,power_play,6,6,True,0,0.75,risk_on,6,False
LAZ,36.650001525878906,-34.25034677827262,3.883227874106332,-22.307205368995533,-39.56838127464864,0.253898614502089,False,0.816021120369628,6.002730344734126,-22.310736096059458,2.5174867856752714,False,True,False,True,23,38.333333333333336,False,0.41661148146679494,1.7789053427585606,False,-3.1277995669792245,True,1.6079895646295528,True,2,0,0.5478336807165509,False,0.37233381024432255,False,7,1,False,False,False,25.0,25.96379604540619,7.476129780054869,0.15504535076431622,22.0,False,1,1,3,5,-21.93823018037302,46.95000076293945,72744694.06916294,17.687074829931973,False,0.0,0,,,,0.0,0,,,,False,False,False,False,0,,none,0,0,False,-1,0.625,risk_on,6,False
LBRT,19.15999984741211,-43.115492782918565,62.93823368759715,54.89509257562393,37.63391666997082,0.22869724359271165,False,0.97251721720001,8.611699055424406,-30.77146576634876,-0.8794623743658692,False,False,False,False,23,38.333333333333336,False,0.43238076084956034,2.103916850678168,False,-0.5487047560809689,True,-0.7767976316873093,True,1,0,0.49889732157892724,False,1.0003134807186655,False,5,1,False,False,False,25.0,20.74091285857854,13.303766774663481,0.32669415989762507,21.0,False,2,1,1,3,-13.964977756735376,22.270000457763672,75919964.9163765,82.5170068027211,True,0.0,0,,,,0.0,0,,,,False,False,False,False,0,,none,0,0,False,-3,0.375,risk_on,6,False
LDOS,121.58999633789062,-38.36228458283213,21.984889285068874,-36.61527203017896,-53.87644793583206,0.3716814358920374,False,0.9169948564076915,8.508102255349236,-22.320071810233188,-4.777199457189118,False,False,False,False,23,38.333333333333336,False,0.4836984519719531,1.6268837859362346,True,-2.333410057154989,True,3.2699155291099347,True,1,0,0.43635224850410975,False,0.9312497946749891,False,3,3,True,False,False,25.0,16.455662261366534,10.963074457220548,0.43126983230264077,24.0,False,0,2,2,4,-9.358831557478098,134.144339075896,159970373.67811126,8.231292517006802,False,0.0,0,,,,0.0,0,,,,False,False,False,False,0,,none,0,0,False,-2,0.5,risk_on,6,False
LEA,118.24500274658203,-19.97786337415379,25.266641853563087,22.618652698805807,5.357476793152703,0.2915736419637857,False,0.8561512469502478,5.141867892789604,-2.936326903717845,-1.9852425855299782,True,True,False,True,21,35.0,False,0.4611964833246024,1.2647440239442955,True,-1.670362341625884,True,-2.1555612415641856,True,2,0,0.4741503550439061,False,0.5209628685279308,False,7,2,True,False,False,25.0,13.703395270170937,5.590088762159237,0.0976204033802073,24.0,False,0,2,4,4,-12.365664296218426,134.92999267578125,79560417.42198868,63.8095238095238,False,0.0,0,,,,0.0,0,,,,False,False,False,False,0,,none,0,0,False,-2,0.5,risk_on,6,False
LECO,262.1000061035156,-11.499326390667852,20.273860800380227,12.885929125822404,-4.3752467798307,0.26380624569747796,False,0.9255082254617354,9.049987000047622,1.347437613482727,2.2032776475650717,False,True,False,False,29,48.333333333333336,True,0.3868162281989151,0.9898963544602379,False,-1.3180319444014423,True,-4.475544340245074,True,1,1,0.4549915136335546,False,1.9028558534842617,True,3,2,True,False,False,25.0,13.007448926763743,9.049987000047622,0.5283680000807707,3.0,False,2,3,2,5,-6.1347291511768205,279.2300109863281,101338062.35306701,55.034013605442176,False,0.0,0,,,,0.0,0,,,,False,False,False,False,0,,none,0,0,False,-1,0.625,risk_on,6,False
LEN,75.98500061035156,-41.64493281803331,2.7391025644993183,-33.831785411948786,-51.09296131760189,0.37036812960318743,False,1.1623795646962776,7.819145259603011,-13.862443087797116,0.0640904109834084,False,False,False,True,17,28.333333333333332,False,0.460498502989306,1.8799951419432877,True,-1.9726944855658304,True,-4.173674394474592,True,2,0,0.49737018310590864,False,1.107133242412844,False,5,1,False,False,False,25.0,12.670216372471055,13.729263731095404,0.25504589918231807,24.0,False,0,1,1,3,-9.438729644919642,83.90452156029072,498076680.8525345,9.591836734693878,False,0.0,0,,,,0.0,0,,,,False,False,False,False,0,,none,0,0,False,-3,0.375,risk_on,6,False
LEU,143.3699951171875,-67.11697359697536,3.755972439211086,-61.3651684141213,-78.6263443197744,0.44582719748133853,False,0.7032369277238394,14.396317285759656,-25.324240317138646,-1.2807275804380236,False,False,False,False,23,38.333333333333336,False,0.5131947781913488,2.6318781540025924,True,-3.165132979065817,True,2.9439152142952008,True,1,0,0.4037570569954191,False,0.5293003435946942,False,5,2,True,True,True,25.0,29.00476165813818,16.509729354177612,0.137396216998333,23.0,False,0,2,2,3,-25.019617131371696,191.2100067138672,109401891.43518372,1.4965986394557822,False,0.0,0,,,,0.0,0,,,,False,False,False,False,0,,none,0,0,False,-3,0.375,risk_on,6,False
LEVI,18.65999984741211,-26.90952077736147,5.5030903436319,-21.96861935732518,-39.229795262978286,1.3901533540360462,False,1.0369949180801477,12.540193846316763,-15.380186180277,-5.852673386846874,False,False,False,False,15,25.0,False,0.37809952863535007,1.0993449716116064,False,-4.1745760330133015,True,-6.089587019202014,False,0,1,0.6016593842982676,True,0.6012563594404515,False,4,1,False,False,False,25.0,14.809658303022962,12.540193846316763,0.0971784997001457,23.0,False,0,2,1,2,-13.370477928063384,21.540000915527344,83141096.4456482,18.095238095238095,False,0.0,0,,,,0.0,0,,,,False,False,False,False,0,,none,0,0,False,-4,0.25,risk_on,6,False
LFST,12.404999732971191,-7.286998304412695,157.90020541669173,131.4365564173517,114.1753805116986,0.1693227821835866,True,0.8515622966566889,4.675533544466556,92.0278585095724,-1.312648893070123,False,True,False,True,26,43.333333333333336,True,0.40567336737841264,1.4213226016774196,False,0.6059215345638568,True,4.8605225103416805,True,2,2,0.6341315819347966,True,1.2066884429269074,True,7,2,True,False,False,45.0,22.418878080971023,7.577586462052718,0.6200655588359024,19.0,False,9,5,6,8,-8.517703915219766,13.5600004196167,61277953.39016533,94.62585034013605,True,0.0,0,,,,0.0,0,,,,True,True,False,False,2,sepa_vcp,power_play,8,8,True,2,1.0,risk_on,6,True
LFUS,428.17999267578125,-12.286392458478801,83.30811485099801,68.90081884491121,51.63964293925811,0.2258252951427239,False,0.9125997341550492,8.596851368173654,11.031850766933648,4.976950953700499,False,False,False,False,24,40.0,True,0.5111978720547876,1.5858093386158154,True,-0.013867093977674582,True,-6.209888984145606,False,0,0,0.48591208283818377,False,0.6299624024548888,False,3,1,False,False,False,25.0,15.266396418011311,9.453970684935685,0.5291778061832442,5.0,False,4,1,1,4,-7.187758253204346,461.3399963378906,82552038.28407288,87.14285714285714,True,0.0,0,,,,0.0,0,,,,False,False,False,False,0,,none,0,0,False,-2,0.5,risk_on,6,False
LGN,51.98500061035156,-49.16886446003811,67.31574226249978,67.31574226249978,50.05456635684668,0.28415069513646346,False,0.8501032872523023,14.090604360752582,-20.48791252031773,-6.836915195108439,False,False,False,False,23,38.333333333333336,False,0.3350815165475619,1.5089758084852996,False,-1.9521983650426713,True,-3.0311508701722167,True,1,0,0.49825426333871486,False,0.4910540921641066,False,5,3,True,False,False,25.0,15.6020468668956,14.090604360752582,0.28133554100017333,23.0,False,2,2,2,3,-11.212636570887469,58.54999923706055,52707122.89388237,86.87074829931973,True,0.0,0,,,,0.0,0,,,,False,False,False,False,0,,none,0,0,False,-3,0.375,risk_on,6,False
LGND,304.5249938964844,-5.605837474426001,71.34136117536549,67.02774334302714,49.766567437374036,0.21659708861219007,True,1.0998698289723752,9.204498593250106,42.67475188025396,7.420016362736015,False,False,False,False,19,31.666666666666664,False,0.48847624578141857,1.69318654699139,True,1.1586904018364186,True,0.5165706646246493,True,1,0,0.5182189441636713,False,0.7600775939251252,False,5,0,False,False,False,25.0,14.645531747832827,11.654222629757959,0.726538719733684,7.0,False,5,2,3,5,-4.004985861943345,317.2300109863281,78881632.26940155,86.73469387755102,True,0.0,0,,,,0.0,0,,,,False,False,False,False,0,,none,0,0,False,-1,0.625,risk_on,6,False
LH,315.7300109863281,-6.758138104621391,29.307317824299073,14.811562876165961,-2.4496130294871428,0.39168006480197354,False,0.9278448924849497,4.19819906375905,20.098557553062825,-1.5527986659085835,False,False,False,True,25,41.66666666666667,True,0.3845589279259982,0.8956426949749685,False,-0.5820212219867286,True,2.3469224224917484,True,2,1,0.5551211854495959,False,1.901817096904491,True,3,1,False,False,False,65.0,23.31480183871712,4.898171158826044,0.6813520898115795,30.0,False,3,3,3,5,-7.4292128823643555,341.06873325502755,247560903.19968873,56.394557823129254,False,0.0,0,,,,0.0,0,,,,False,False,False,False,0,,none,0,0,False,-1,0.625,risk_on,6,False
LHX,236.25999450683594,-36.804049200937406,1.1257071305300181,-19.45674743220358,-36.71792333785669,0.33715751450040987,False,0.8283573094091837,3.013633514568863,-33.41144234270088,-4.46034982359127,False,True,False,True,17,28.333333333333332,False,0.32677460299494065,0.7355368558691596,False,-4.798615411434659,True,-0.1437073490737517,True,2,0,0.5158824510174956,False,0.8431522396231365,False,4,4,True,False,False,25.0,10.562784883496226,3.2845212672687474,0.14285706341739013,24.0,False,0,2,3,4,-9.053816453530361,259.7799987792969,370787538.6538269,20.0,False,0.0,0,,,,0.0,0,,,,False,False,False,False,0,,none,0,0,False,-2,0.5,risk_on,6,False
LII,357.5450134277344,-37.359237816686175,0.7112344352997235,-32.296125322756865,-49.55730122840997,0.403504367703486,False,0.8881881884946474,5.929318237782663,-30.532100228432256,-0.09179827403895668,True,True,False,True,17,28.333333333333332,False,0.5111211865787296,1.5370853972459433,True,-2.946366485338613,True,0.34943184884110856,True,2,1,0.4706606217385647,False,0.787491303750797,False,2,1,False,False,False,25.0,11.607477576097097,5.990780192370009,0.18874198910596926,23.0,False,0,2,3,4,-9.41665916988159,394.7138736009755,170309219.73778075,10.204081632653061,False,0.0,0,,,,0.0,0,,,,False,False,False,False,0,,none,0,0,False,-2,0.5,risk_on,6,False
LIN,484.5950012207031,-11.0583153807437,25.67839639041263,7.20465334580247,-10.056522559850634,0.4180816222109031,False,1.0007492980407748,3.202678420568682,-4.154638621448092,5.255214518890439,False,False,False,True,26,43.333333333333336,True,0.4734655941316048,0.7622870489616104,True,0.868666875725287,True,1.0667786179142436,True,2,1,0.5027893833670016,False,1.3845514959450471,True,4,1,False,False,False,25.0,7.703719404981031,6.135022216786743,0.8020310166755887,3.0,True,3,4,3,5,-1.5250974984206356,492.1000061035156,1006014306.1936646,48.91156462585034,False,0.0,0,,,,0.0,0,,,,False,False,False,False,0,,none,0,0,False,-1,0.625,risk_on,6,False
LITE,1113.74560546875,-1.7341113924426943,644.432592022655,597.1367324509355,579.8755565452824,0.891263995505264,True,0.928772937592002,10.415304844339051,27.84334062217635,19.640527827477893,False,False,False,False,31,51.66666666666667,True,0.3287730476383737,2.1186875560029432,False,2.962716306948712,True,2.6096405425201974,True,1,2,0.6161523068671075,True,1.2995140407557024,True,4,1,False,False,False,25.0,27.199476347194885,23.503573728677203,0.9059011446079037,0.0,True,8,4,4,4,-2.5594395915354284,1143.0,4635372758.571991,99.59183673469387,True,0.0,0,,,,0.0,0,,,,False,False,False,False,0,,none,0,0,False,-2,0.5,risk_on,6,False
LIVN,76.3949966430664,-10.465866539195645,54.11538655111809,46.603330931242915,29.34215502558981,0.21870785973937154,False,0.9032978766590258,4.489823229133013,18.29512926140895,-2.070254389102244,False,True,False,True,21,35.0,False,0.4591736352665114,1.27924418063771,True,-1.0761038784804977,True,1.7650152572646682,True,2,0,0.5582848002029617,False,0.7706908064384789,False,4,3,True,False,False,25.0,9.863780698058967,4.489823229133013,0.28175041439556575,24.0,False,2,2,2,5,-7.084656398873868,82.22000122070312,50251058.87133598,79.45578231292517,False,0.0,0,,,,0.0,0,,,,False,False,False,False,0,,none,0,0,False,-1,0.625,risk_on,6,False
LKQ,21.8700008392334,-35.041635361635,0.0,-22.08472762867354,-39.345903534326645,0.35447063478094737,False,0.8468364984337458,7.453136742414365,-26.214917159744655,-6.13733238047759,False,False,False,True,23,38.333333333333336,False,0.4287650586101988,1.1407509606371153,False,-3.712063518480255,True,-4.0789404778377,True,2,0,0.4140864730948162,False,0.42812378366381537,False,5,3,True,False,False,25.0,17.4183501626697,9.602196163168218,0.14062525278758178,24.0,False,0,2,2,4,-14.968890267901658,25.719999313354492,74350853.57298851,17.891156462585034,False,0.0,0,,,,0.0,0,,,,False,False,False,False,0,,none,0,0,False,-2,0.5,risk_on,6,False
LLY,1174.7449951171875,-8.247416586380663,47.84872174797903,38.20705010971028,20.945874204057176,0.3571271583849242,True,1.0239805157409057,6.420120473702373,26.776776433918982,1.892130518762536,False,False,False,True,21,35.0,False,0.36140859554587434,1.0614421852184763,False,0.0330080498357074,True,2.790831711301167,True,2,1,0.469366555167155,False,1.0017051376849682,False,2,2,True,False,False,25.0,8.371190200617285,7.132615113132826,0.6042176743382205,7.0,False,4,4,4,6,-3.3131691261574114,1215.0,2608029980.066638,75.17006802721087,False,0.0,0,,,,0.0,0,,,,False,True,False,False,1,,power_play,6,6,True,0,0.75,risk_on,6,False
LMND,46.220001220703125,-52.13834382648306,5.260763792571854,-13.559004740012725,-30.82018064566583,0.5979156702787153,False,0.8487476075901128,4.6300288470998066,-21.314266428346585,-1.8475237397869382,False,False,False,True,27,45.0,True,0.5159066250359378,2.021788588501561,True,-2.118966884436782,True,-0.5807710217587081,True,2,0,0.5787045788806557,False,0.6233400997442191,False,4,1,False,False,False,25.0,21.23749194106164,10.99091669599356,0.25192818694693847,24.0,False,1,1,1,3,-15.88716910104977,54.95000076293945,50803818.06027298,24.353741496598637,False,0.0,0,,,,0.0,0,,,,False,False,False,False,0,,none,0,0,False,-3,0.375,risk_on,6,False
LMT,506.65008544921875,-24.173023829220032,17.449253257250064,2.3597054969161535,-14.901470408736952,0.3808408916350958,False,0.8224859886212315,2.806671039657485,-17.19711771389788,-5.011421348549893,False,True,False,True,14,23.333333333333332,False,0.2994956541765421,0.6587049278386133,False,-4.020509164724407,True,0.2453615437217227,True,2,0,0.5127110294030663,False,0.580892858390326,False,6,1,False,False,False,25.0,8.57080236092268,5.382416842399459,0.20712770737727146,22.0,False,0,1,2,4,-6.7955517175210645,543.5900268554688,588663775.5692673,41.564625850340136,False,0.0,0,,,,0.0,0,,,,False,False,False,False,0,,none,0,0,False,-2,0.5,risk_on,6,False
LNC,40.20500183105469,-14.457442912649599,26.41820911595294,5.493066354483123,-11.768109551169982,0.31054276833577943,False,0.9288457381445788,7.499065420560748,16.494734829267422,-4.727485535111164,False,False,False,True,22,36.666666666666664,False,0.4418016199812219,1.2082285143790081,True,-2.6212246270446604,True,-0.2357255776781697,True,2,0,0.5008210419768107,False,1.0435343243002104,False,7,2,True,False,False,25.0,15.294118135934532,9.675411547037335,0.18874653511939404,24.0,False,0,2,2,4,-12.407406330070202,45.900001525878906,91740401.26762924,46.666666666666664,False,0.0,0,,,,0.0,0,,,,False,False,False,False,0,,none,0,0,False,-2,0.5,risk_on,6,False
LNG,277.4831848144531,-6.211316652122701,47.9991135583657,21.105671405146786,3.844495499493682,0.28040870259167683,True,0.9056279529261055,4.461533368622224,6.548165616016566,3.4073148249765595,False,True,False,True,25,41.66666666666667,True,0.38784598087557726,1.0238781958289884,False,0.5592835536141576,True,2.7905805766900604,True,2,1,0.5538727221356419,False,1.409331723360465,True,5,2,True,False,False,55.0,16.749400707912976,7.474323263315351,0.5670238013278707,27.0,False,4,3,3,6,-7.252091848548437,299.17999267578125,506385636.48097533,62.31292517006802,False,0.0,0,,,,0.0,0,,,,False,True,False,False,1,,power_play,6,6,True,0,0.75,risk_on,6,False
LNT,65.86499786376953,-14.948284603051597,4.344229012375034,1.0012429400211298,-16.259932965631975,0.3874883158770539,False,0.9466441103030251,2.9454224615915314,-7.788336054554589,0.3886560753632029,False,False,False,True,21,35.0,False,0.5360319431707461,0.8675700374072522,True,-1.3942069640179073,True,2.386127761578649,True,2,0,0.5870876860216983,False,0.8802462203446824,False,4,1,False,False,False,25.0,9.414831856611587,5.116530563854727,0.5115379920372596,23.0,False,1,1,1,4,-4.598787673312065,69.04000091552734,185973168.48066634,39.65986394557823,False,0.0,0,,,,0.0,0,,,,False,False,False,False,0,,none,0,0,False,-2,0.5,risk_on,6,False
LNTH,100.24500274658203,-9.640345645812342,97.76091036183634,91.34377536639006,74.08259946073696,0.7558011337856655,False,0.6599327280707941,0.5087556708634614,22.743975748856805,-0.30333197008336477,False,True,False,True,19,31.666666666666664,False,0.4959418665159979,0.19993893270470292,True,-0.6063444054317051,True,0.2851177118044168,True,2,0,0.4527844464635192,False,0.42972094517582443,False,4,1,False,False,False,55.0,9.663558200989003,1.0873399545318694,0.13576208414565574,53.0,False,4,1,2,6,-8.351613399359891,109.37999725341797,93470523.88331299,91.08843537414965,True,0.0,0,,,,0.0,0,,,,False,True,False,False,1,,power_play,6,6,True,0,0.75,risk_on,6,False
LOGI,98.11000061035156,-21.272284574007784,16.19309117979755,-8.738089248005876,-25.999265153658982,0.8811470725751988,False,0.9047650826957131,5.921921845325866,5.623359783238202,-1.4425462033786363,False,True,False,True,30,50.0,True,0.46427061807452336,1.20362013081196,True,-0.8271005494643846,True,-5.952836563112795,False,1,0,0.41589044521974267,False,1.1715585001898532,False,4,1,False,False,False,45.0,12.68059687496272,7.85852516207117,0.36037008414665017,12.0,False,1,1,2,4,-8.11088911210266,106.7699966430664,66326919.55880356,28.843537414965986,False,0.0,0,,,,0.0,0,,,,False,False,False,False,0,,none,0,0,False,-2,0.5,risk_on,6,False
LOW,185.99000549316406,-34.57053421913585,3.6156019460523936,-19.115816550590836,-36.37699245624394,0.38501420559096733,False,0.9688586804073858,5.914296292874886,-23.896005668226916,-3.3767986983775256,False,False,False,True,19,31.666666666666664,False,0.5367777473590463,1.3045270767961505,True,-3.5107478175918234,True,2.8705765231212377,True,2,0,0.4493046142963878,False,0.4419837801389349,False,7,2,True,False,False,25.0,13.154564600603713,6.054094001324632,0.27894964430028035,24.0,False,0,2,2,4,-9.485103484340252,205.47999572753906,622472606.1019561,20.20408163265306,False,0.0,0,,,,0.0,0,,,,False,False,False,False,0,,none,0,0,False,-2,0.5,risk_on,6,False
LPLA,334.05499267578125,-14.813092632617842,25.751332896023204,2.3864927786201084,-14.874683127032995,0.3146392953337701,False,1.1252636099535502,6.022958961345344,3.9722313010888133,1.8180975965349067,False,False,False,True,21,35.0,False,0.418637669810775,1.6918535814952445,False,-0.9633967333971762,True,5.566612975120511,False,1,0,0.5837785064081247,False,0.5317842779425883,False,6,1,False,False,False,25.0,17.743644018315983,10.797625575147944,0.6034347586354777,24.0,False,1,2,2,4,-7.036512472809642,359.3399963378906,282273788.6424469,41.63265306122449,False,0.0,0,,,,0.0,0,,,,False,False,False,False,0,,none,0,0,False,-2,0.5,risk_on,6,False
LPX,64.98999786376953,-33.275658991819924,0.6816340684893785,-26.732726491904522,-43.993902397557626,0.3475538655421876,False,0.9278639171776158,7.001070275307397,-13.200078094128287,-0.5052079494740624,True,False,False,True,16,26.666666666666668,False,0.4139621429282559,1.3202701952180032,False,-1.9009878981798543,True,-0.168971755652636,True,2,0,0.44786839489835073,False,1.0840676337391197,False,6,2,True,False,False,25.0,10.545247598595735,8.985992506311948,0.3833556421075859,24.0,False,0,2,3,4,-6.502667434252585,69.51000213623047,73928884.81698303,13.60544217687075,False,0.0,0,,,,0.0,0,,,,False,False,False,False,0,,none,0,0,False,-2,0.5,risk_on,6,False
LQDA,27.68000030517578,-69.59244130906097,25.703904313119775,14.144331155364043,-3.1168447502890615,0.5033591958905173,False,1.4301588023714342,17.19653242919864,-28.751605167721983,-58.61243803540801,False,False,False,False,20,33.33333333333333,False,0.5897107543328106,10.264692220596105,True,-5.906786352459181,True,-3.351952182022866,True,1,0,0.568948248519271,False,1.0924277144829968,False,4,2,True,True,True,,,,,,False,0,2,2,2,,,170330193.9811023,55.78231292517006,False,0.0,0,,,,0.0,0,,,,False,False,False,False,0,,none,0,0,False,-4,0.25,risk_on,6,False
LRCX,319.3699951171875,-26.220369593428337,144.23016424967443,127.54973830982972,110.28856240417662,0.2760112274216081,False,0.8235611389619604,11.065534295080914,19.682217215155482,10.967790643583776,False,True,False,False,25,41.66666666666667,True,0.4956729864874775,1.9539374812408226,True,0.7388797027983676,True,-8.092318025685042,False,0,0,0.5469192739678863,False,1.1464568700797209,False,5,2,True,False,False,25.0,24.810418527217994,14.735259504051365,0.6205625793387715,5.0,False,5,3,3,3,-9.41400121149315,352.55999755859375,2758817662.4667115,94.35374149659864,True,0.0,0,,,,0.0,0,,,,False,False,False,False,0,,none,0,0,False,-3,0.375,risk_on,6,False
LRN,85.45500183105469,-44.33986679443779,40.04424973776302,-40.98411600135854,-58.24529190701164,0.5632550118560035,False,0.9011287550109081,9.30314716200457,-6.992811944304089,8.307985016991125,False,False,False,False,24,40.0,True,0.5244139939189365,1.4813262824880415,True,1.5781868215552444,True,8.321716937758872,False,0,1,0.6029074690830444,True,0.8387591192111381,False,4,2,True,False,False,25.0,13.126023983631546,12.9892994741963,0.9640640083618673,24.0,True,2,5,4,3,-0.4716966881177065,85.86000061035156,54766024.17081604,7.414965986394558,False,0.0,0,,,,0.0,0,,,,False,False,False,False,0,,none,0,0,False,-2,0.5,risk_on,6,False
LSCC,124.05500030517578,-20.103692347757296,100.96387692388693,66.3381566900418,49.076980784388695,0.2503989905273073,False,0.8878078823175454,11.543266824873616,15.12156444498316,11.801551305650282,False,False,False,False,24,40.0,True,0.4618246091848353,1.9914790926788024,True,0.44632327100656,True,-7.421641563301651,False,0,1,0.3903861637412654,False,0.9603180432308095,False,2,1,False,False,False,25.0,24.23556840131139,12.260690054456491,0.6093044615533411,5.0,False,3,3,2,2,-9.468728446111186,137.02999877929688,232536746.88402635,86.39455782312925,True,0.0,0,,,,0.0,0,,,,False,False,False,False,0,,none,0,0,False,-4,0.25,risk_on,6,False
LSTR,169.40499877929688,-24.661077091432126,42.32577053043887,34.2786026838362,17.017426778183093,0.1818788479526449,False,0.8086287537145812,4.934919672142075,1.12994257647967,-0.5196984800797444,True,False,False,True,20,33.33333333333333,False,0.38666168688018515,0.8511614752208388,False,-1.6323089315450583,True,-2.348972243832781,True,2,0,0.5748433033324568,False,0.6864538851067474,False,5,4,True,False,False,25.0,10.016650031876644,7.254799666298149,0.40193926073081554,23.0,False,2,2,3,5,-5.990565123064851,180.1999969482422,57131998.53119812,72.31292517006803,False,0.0,0,,,,0.0,0,,,,False,False,False,False,0,,none,0,0,False,-1,0.625,risk_on,6,False
LTH,40.38999938964844,-11.677236400704217,64.25375819039078,56.61108164339341,39.34990573774031,0.33823359335696485,False,1.0567934948080755,4.147064279208266,45.287771575921475,-0.8834370806173331,False,True,False,True,20,33.33333333333333,False,0.2998147187417255,1.2118029429590191,False,-1.4316776079145337,True,-1.463777175529024,True,2,0,0.4870972013208334,False,0.8119030993393016,False,4,4,True,False,False,25.0,16.905574917398138,5.94206873519786,0.520861207662253,23.0,False,4,2,2,6,-8.10011674969745,43.95000076293945,136609487.15514526,83.26530612244898,True,0.0,0,,,,0.0,0,,,,False,True,False,False,1,,power_play,6,6,True,0,0.75,risk_on,6,False
LULU,94.13500213623047,-56.39475634284409,2.4542935897057916,-45.73725821156046,-62.99843411721356,0.3450617608307693,False,0.7279972061487092,4.5094838797992916,-42.09214840674436,-4.002646869349535,False,True,False,True,21,35.0,False,0.4080110625956035,1.3623881671921814,False,-4.892702662405366,True,-0.3440577507856535,True,2,0,0.44498899035220996,False,0.6014915285516785,False,5,3,True,False,False,25.0,13.296240305439275,12.38646985447053,0.2709238612881456,12.0,False,0,2,3,4,-9.693971541274593,104.23999786376953,482729291.75678176,5.714285714285714,False,0.0,0,,,,0.0,0,,,,False,False,False,False,0,,none,0,0,False,-2,0.5,risk_on,6,False
LUMN,5.159999847412109,-56.38208046754065,0.0,-24.671534025533827,-41.932709931186935,0.8406841812308893,False,0.8055236228076588,16.860463397017586,-33.7612339835662,-19.375003585591855,False,False,False,False,18,30.0,False,0.5110286960617076,2.741268011796504,True,-3.803571899500244,True,-10.260872218919836,False,0,0,0.44815936647557536,False,0.4312356515487771,False,8,2,True,False,False,25.0,29.436036755159208,16.860463397017586,0.014018567683585103,20.0,False,0,2,2,2,-29.023385681570502,7.269999980926514,80865101.76220772,15.306122448979592,False,0.0,0,,,,0.0,0,,,,False,False,False,False,0,,none,0,0,False,-4,0.25,risk_on,6,False
LUNR,13.21500015258789,-71.0831511335452,64.1614886891267,3.72841750395132,-13.532758401701784,0.5671288677080787,False,0.8641885468637274,16.948924913537862,-45.86235053176818,-5.064654596566309,False,False,False,False,19,31.666666666666664,False,0.4896329545006267,3.3074739394414743,True,-2.2842061145244217,True,-10.163153512455114,False,0,0,0.28391502129978774,False,0.6958016155158752,False,3,2,True,True,False,25.0,19.61746751260979,22.01891443214126,0.04539475021735569,13.0,False,0,2,2,3,-18.726937474977777,16.260000228881836,121976416.75979105,43.26530612244898,False,0.0,0,,,,0.0,0,,,,False,False,False,False,0,,none,0,0,False,-3,0.375,risk_on,6,False
LUV,41.3849983215332,-23.46569905581046,41.97366660396031,32.96587077901163,15.704694873358527,0.3828858306986194,False,0.9648436995344128,6.137491889677679,5.856537688263241,0.9882840015150718,False,False,False,True,21,35.0,False,0.4427447142409021,1.2288668413655086,True,-0.3224135375807594,True,-2.5547512785118798,True,2,1,0.5030595082625622,False,1.8199151698298734,True,3,2,True,False,False,35.0,13.414804708642428,6.161651179127259,0.6868091219109422,13.0,False,2,4,3,5,-4.201394466092944,43.20000076293945,274731627.1769661,71.22448979591837,False,0.0,0,,,,0.0,0,,,,False,False,False,False,0,,none,0,0,False,-1,0.625,risk_on,6,False
LVS,36.084999084472656,-47.16174991842006,0.7679354946541483,-28.911290861969952,-46.17246676762306,0.40092501846575923,False,0.8466051838849131,5.099072188641515,-33.394009699252756,-9.742372442122848,False,False,False,True,13,21.666666666666668,False,0.542390248790956,1.286955939958377,True,-7.185719267935039,True,-0.40022208003240856,True,2,0,0.27534657828840314,False,0.15270454396341626,False,9,3,True,False,False,25.0,21.126762485245017,11.112656887820096,0.08518521060154743,24.0,False,0,2,2,4,-19.327074773610555,44.72999954223633,225574560.3411848,12.108843537414966,False,0.0,0,,,,0.0,0,,,,False,False,False,False,0,,none,0,0,False,-2,0.5,risk_on,6,False
LW,48.435001373291016,-24.991129691530666,27.926003901573626,-22.67978048927828,-39.94095639493138,0.3140649390012882,False,1.2919917589524932,14.865276647256486,16.42839563048217,3.7818797377201507,False,False,False,False,19,31.666666666666664,False,0.5609542207686202,2.0926582506491735,True,-0.6370009222880505,True,11.089456578856872,False,0,1,0.4647944467272218,False,1.3723480858761574,True,8,2,True,True,True,25.0,20.253042086407458,19.686176477885034,0.7535110914393027,24.0,False,1,3,2,4,-4.992150238912441,50.97999954223633,119951517.2800413,17.414965986394556,False,0.0,0,,,,0.0,0,,,,False,False,False,False,0,,none,0,0,False,-2,0.5,risk_on,6,False
LXP,60.98500061035156,-0.26982978153731185,44.37575938631741,41.80049894511231,24.539323039459205,0.4096289722497184,True,0.4875264883325391,0.1803732216949278,25.824588809433525,0.28778035373866473,False,False,True,True,20,33.33333333333333,False,0.38228666328172156,0.05827067143068177,False,2.3168508608820577,True,0.05742386706153457,True,3,2,0.4167803510643016,False,1.3318897402143157,True,0,1,False,False,False,65.0,11.442946221747032,0.27875406615386195,0.911347508136669,58.0,True,6,5,5,6,-1.0144456968159576,61.61000061035156,52281028.27040748,77.14285714285715,False,0.0,0,,,,0.0,0,,,,False,True,False,False,1,,power_play,6,6,True,0,0.75,risk_on,6,True
LYB,60.30500030517578,-25.267185301485085,51.262561482792,34.47677968115877,17.215603775505663,0.37123192051069076,False,0.8281231847784183,5.264908441572983,-18.467895619309715,-2.6239302308935897,False,False,False,True,32,53.333333333333336,True,0.4186744956182548,1.2679980762640046,False,-1.0564208596858344,True,2.9446883240051847,True,2,0,0.5494814947023438,False,1.1065670830146996,False,6,1,False,False,False,25.0,15.461418520315254,8.680873200994345,0.43297459493093043,21.0,False,3,1,1,4,-8.767017099424168,66.0999984741211,225143328.3472023,72.44897959183673,False,0.0,0,,,,0.0,0,,,,False,False,False,False,0,,none,0,0,False,-2,0.5,risk_on,6,False
LYFT,16.155000686645508,-34.24908063776398,27.70751916056151,-18.07808697181216,-35.33926287746526,0.5098978964631632,False,0.7578331478378978,6.530487529151855,18.786766422867316,6.986756811413364,False,False,False,True,25,41.66666666666667,True,0.3728301824559773,1.1831985414468729,False,-0.24756318635029928,True,4.495476369881279,True,2,2,0.6519053279016344,True,2.1028238839053786,True,5,2,True,False,False,25.0,17.315396321841238,12.441969318784354,0.5652896553593981,24.0,False,2,4,3,6,-7.52718190265621,17.469999313354492,137869970.94773644,20.680272108843536,False,0.0,0,,,,0.0,0,,,,False,True,False,False,1,,power_play,6,6,True,0,0.75,risk_on,6,False
LYG,5.400000095367432,-13.043477259321246,26.863923050562754,25.72612458704664,8.464948681393537,0.9361538836891339,False,1.1312754833603655,5.555550159250362,-1.026968060486655,-7.056796066265758,False,False,False,True,19,31.666666666666664,False,0.33626375658418567,0.6174330606092626,False,-4.022481148825264,True,-1.8181800842285156,True,2,0,0.4598758818343591,False,0.6673124296728872,False,6,2,True,False,False,25.0,13.114749613195162,9.074069675267719,0.12499992549416739,24.0,False,0,2,2,4,-11.475406888671102,6.099999904632568,88902282.88599665,66.73469387755102,False,0.0,0,,,,0.0,0,,,,False,False,False,False,0,,none,0,0,False,-2,0.5,risk_on,6,False
LYV,171.92999267578125,-8.771099145285998,36.87603840486921,12.556460016878068,-4.704715888775036,0.3332679165936569,False,0.8815376896122166,4.274990494873622,3.747279392550662,2.8781699970855668,False,False,False,True,26,43.333333333333336,True,0.38757162531758604,0.9469047880664451,False,-1.161803976819967,True,1.8723637633017098,True,2,1,0.4473892753781591,False,1.4667770550726862,True,5,0,False,False,False,25.0,7.508411814344547,5.589475810473993,0.5313894518121822,24.0,False,3,2,1,5,-3.5185209763398895,178.1999969482422,327404607.8006622,54.761904761904766,False,0.0,0,,,,0.0,0,,,,False,False,False,False,0,,none,0,0,False,-1,0.625,risk_on,6,False
M,22.969999313354492,-11.610106084944583,44.07575845308447,37.655692712048825,20.39451680639572,0.43510001010869037,True,0.9290984700913255,7.0091369226419395,21.391866704258188,4.6946160174335505,False,False,False,True,20,33.33333333333333,False,0.4217885691281102,1.7015377885905396,False,0.11056450312371469,True,1.0558723095097422,True,2,1,0.5781525945404147,False,1.3511925540221057,True,3,0,False,False,False,25.0,17.04656882200011,9.490633273809994,0.8361512423681663,7.0,True,4,4,5,5,-2.7930591233702673,23.6299991607666,145266450.48090345,74.62585034013605,False,0.0,0,,,,0.0,0,,,,False,False,False,False,0,,none,0,0,False,-1,0.625,risk_on,6,False
MA,588.0313110351562,-1.9719058789150257,24.91083983414637,4.670180405306534,-12.590995500346569,0.46019144817877883,False,1.0881553032358566,6.306630317391862,15.816005760563945,4.0321493869057035,False,False,False,True,28,46.666666666666664,True,0.3806797831544963,0.750937092527669,False,1.52398345228531,True,6.477257204394049,False,1,1,0.5764776825148832,False,1.5957808168460026,True,3,2,True,False,False,65.0,13.568843654650015,7.282777532992779,0.8382118589921039,32.0,True,4,5,4,6,-2.195277990512612,601.22998046875,1581781361.0882447,45.102040816326536,False,0.0,0,,,,0.0,0,,,,False,True,False,False,1,,power_play,6,6,True,0,0.75,risk_on,6,False
MAA,116.875,-16.85199737600591,2.3334217116631306,-9.255779679129184,-26.516955584782288,0.2733600779844031,False,0.9700002955765178,3.9871689087566846,-4.934889660779351,-1.7279074244535675,False,False,False,True,20,33.33333333333333,False,0.4735275923553922,0.9131201268119372,True,-4.221834679823651,True,1.3923860533313626,True,2,0,0.47824565666274144,False,0.38697637940751783,False,7,1,False,False,False,25.0,11.898871057212085,4.757223690257352,0.19005868536455023,23.0,False,0,1,1,3,-9.63738726675606,129.33999633789062,153845333.8303299,28.503401360544217,False,0.0,0,,,,0.0,0,,,,False,False,False,False,0,,none,0,0,False,-3,0.375,risk_on,6,False
MAC,22.309999465942383,-15.205533444687912,42.26806644069578,35.096304437613135,17.83512853196003,0.2008419980578385,False,0.8316545929675708,5.558044826541129,5.748501359096836,-1.4140508470676383,True,True,False,True,19,31.666666666666664,False,0.42185352774640333,0.8626076393887427,False,-2.587073871511523,True,-3.210411260788104,True,2,0,0.48966248770699333,False,0.973288233213581,False,3,1,False,False,False,25.0,6.842765280912828,5.558044826541129,0.22958778695298518,23.0,False,1,1,3,4,-5.271749943429327,23.551579864105054,74516682.62796974,72.72108843537414,False,0.0,0,,,,0.0,0,,,,False,False,False,False,0,,none,0,0,False,-2,0.5,risk_on,6,False
MANH,205.4949951171875,-8.162763602986434,69.99917255654718,0.9753823713482879,-16.285793534304815,0.32898309920614943,False,0.8406634539766532,4.63271831366597,62.94900810611821,-2.820869860630959,False,True,False,True,27,45.0,True,0.37309551836556626,1.055307463561148,False,-0.040989070097724206,True,0.6588299098285066,True,2,0,0.45299343938706293,False,1.18565597431791,False,3,2,True,False,False,55.0,35.061448500864124,6.42351262166489,0.7294597737328784,30.0,False,4,3,3,5,-9.485532210676805,227.02999877929688,118767921.32904053,39.59183673469388,False,0.0,0,,,,0.0,0,,,,False,False,False,False,0,,none,0,0,False,-1,0.625,risk_on,6,False
MAR,364.0799865722656,-9.370533163978468,41.72007424456159,37.93930226849629,20.678126362843187,0.24237309247358163,False,0.9067667722200008,2.9471575977984563,1.6631440145349785,7.423572568073178,False,True,False,True,24,40.0,True,0.4627802200354529,0.9487678326579205,True,2.1023431552990397,True,1.426341441683543,True,2,2,0.5348485168821214,False,1.5655550565431011,True,1,0,False,False,False,55.0,16.309985744478602,4.304002967936844,0.6902694958711849,52.0,False,4,4,4,7,-5.051700106971147,383.45076950555966,498682034.5581665,74.89795918367346,False,0.0,0,,,,0.0,0,,,,False,True,False,False,1,,power_play,7,7,True,1,0.875,risk_on,6,False
MARA,9.555000305175781,-58.165498067682144,41.97622998656707,-52.698020077770714,-69.95919598342383,0.6120444841238146,False,0.858821026086039,20.094191679448866,-7.7702642681327205,-27.832322731461588,False,False,False,False,19,31.666666666666664,False,0.4726495965316188,3.173528712341013,True,-2.2225522077325404,True,-14.915398978965488,False,0,0,0.24963845633670156,False,0.4168986591247555,False,5,2,True,False,False,25.0,32.11730985793663,34.013604355821215,0.014476734381086577,14.0,False,0,2,2,2,-31.65235609408823,13.979999542236328,505756875.05015004,3.4693877551020407,False,0.0,0,,,,0.0,0,,,,False,False,False,False,0,,none,0,0,False,-4,0.25,risk_on,6,False
MAS,68.98999786376953,-16.283019491529892,18.812864283048913,4.262891737160834,-12.998284168492269,0.256795663662627,False,0.96000838366509,3.536748104014119,8.263624682241154,1.366441872665547,True,False,False,True,21,35.0,False,0.5317217472731063,1.3471667167320371,True,-1.2729238544758392,True,0.9215875479710922,True,2,0,0.5673574709506379,False,1.145712263598884,False,5,2,True,False,False,25.0,9.567346564767856,5.493551286972402,0.3894433476198665,24.0,False,1,2,3,5,-5.841407090745232,73.2699966430664,159815043.24234924,44.353741496598644,False,0.0,0,,,,0.0,0,,,,False,False,False,False,0,,none,0,0,False,-1,0.625,risk_on,6,False
MAT,16.665000915527344,-24.79692675867271,31.635079908266484,-7.928173677893923,-25.189349583547028,0.555499533646057,False,1.568770393645085,13.9513989511586,14.693745504423173,25.678737766753713,False,False,False,False,20,33.33333333333333,False,0.3374639601380827,1.796900235131204,False,2.4930841738097054,True,9.13556264534634,False,0,1,0.49630193110483223,False,2.1453542116248627,True,3,1,False,True,True,25.0,28.032501752923178,28.982896239782264,0.8830230568046342,6.0,False,1,2,1,3,-3.279156365175684,17.229999542236328,130634805.39753684,29.455782312925173,False,0.0,0,,,,0.0,0,,,,False,False,False,False,0,,none,0,0,False,-3,0.375,risk_on,6,False
MATX,225.07000732421875,-5.670577717180336,158.00648191480698,141.31579728782495,124.05462138217185,0.22170899958673745,True,1.1175473778583687,5.2472551536292285,30.988884202950786,-3.37025197769093,False,True,False,True,25,41.66666666666667,True,0.46402429993355054,1.4739489608998573,True,0.43236711385115717,True,-2.6134711912861652,True,2,0,0.5234129401903302,False,0.7951735117588823,False,3,2,True,False,False,55.0,17.89196238555898,6.9134034088243475,0.6333800691965161,18.0,False,7,3,4,5,-6.559550011732174,240.8699951171875,70037392.11569977,95.23809523809523,True,0.0,0,,,,0.0,0,,,,False,False,False,False,0,,none,0,0,False,-1,0.625,risk_on,6,False
MC,56.81999969482422,-24.712994937404975,12.80387611570215,-9.961784440548872,-27.222960346201976,0.34504953856278103,False,0.8354713224400769,5.209431714837346,-10.280750662593297,-4.871923438329151,False,False,False,True,19,31.666666666666664,False,0.3329244653541054,1.098067070091225,False,-3.750390024564568,True,0.8877840957196348,True,2,1,0.60573461268806,True,0.4090714110127827,False,6,1,False,False,False,25.0,22.64636531803433,8.447728375292094,0.17140152313346552,23.0,False,0,2,2,3,-18.764743809086358,69.94499969482422,53223281.08356933,27.755102040816325,False,0.0,0,,,,0.0,0,,,,False,False,False,False,0,,none,0,0,False,-3,0.375,risk_on,6,False
MCD,236.19000244140625,-29.39075866575227,2.2998949438211236,-17.54365236342452,-34.804828269077625,0.5128099363979273,False,1.0119255723202876,3.5141212438984875,-21.354937198055858,-4.854174502541908,False,False,False,True,15,25.0,False,0.4563508814559962,0.97238557715016,True,-3.897297380072876,True,1.8543288037758066,True,2,0,0.46525095934881716,False,0.3718112533274988,False,5,2,True,False,False,25.0,11.334624004548477,3.5141212438984875,0.23856671553297695,24.0,False,0,2,2,4,-8.630559983982112,258.5,1577501642.4258149,21.08843537414966,False,0.0,0,,,,0.0,0,,,,False,False,False,False,0,,none,0,0,False,-2,0.5,risk_on,6,False
MCHP,74.62999725341797,-26.901943312649657,56.23158087739708,16.28412313685892,-0.9770527687941843,0.48010626250525024,False,0.9384420844858318,11.815625241836889,2.5912142160823937,1.8561494099375908,False,False,False,False,22,36.666666666666664,False,0.4038714428707631,1.3668089296058754,False,-0.44385161628751846,True,-8.226761518091896,False,0,1,0.414291178041736,False,1.5308461555105284,True,7,1,False,False,False,25.0,17.56594875041223,12.941183325984728,0.40136495842891773,5.0,False,0,2,1,2,-10.515592460438528,83.4000015258789,623495040.0983715,58.02721088435374,False,0.0,0,,,,0.0,0,,,,False,False,False,False,0,,none,0,0,False,-4,0.25,risk_on,6,False
MCK,943.119873046875,-5.074245618259909,30.33720072125412,24.91858948753638,7.657413581883276,0.25867923863649706,False,0.9929599247261426,4.495706596317543,9.322112142059758,7.828256642270293,False,True,False,True,24,40.0,True,0.41790214320594277,0.9888140466093912,False,2.436663197256683,True,4.526293658724279,True,2,1,0.5587434410705974,False,1.758428123525049,True,5,2,True,False,False,65.0,16.2640239290489,10.160945364234554,1.0,0.0,True,3,4,3,6,0.0,943.119873046875,728241404.6775818,65.98639455782312,False,0.0,0,,,,0.0,0,,,,False,True,False,False,1,,power_play,6,6,True,0,0.75,risk_on,6,False
MCO,463.125,-13.6011882022827,13.096232644511874,-5.141132731018494,-22.4023086366716,0.3268226517463547,False,0.933973443158907,5.440217505904184,5.823607934511266,-1.1662639792997087,False,True,False,True,20,33.33333333333333,False,0.4450417958856813,0.9138428836364629,True,-1.509622456785201,True,4.9313520415994905,True,2,0,0.5574584031035636,False,0.5534036514633472,False,7,1,False,False,False,25.0,11.627391489706506,5.6539805794534415,0.4357971214030777,24.0,False,1,1,2,5,-6.560207749065771,495.6400146484375,374229254.8515625,31.97278911564626,False,0.0,0,,,,0.0,0,,,,False,False,False,False,0,,none,0,0,False,-1,0.625,risk_on,6,False
MDB,386.0299987792969,-18.264203816503223,70.84753440723605,16.45649390159416,-0.8046820040589431,0.4131984367202235,False,1.1129289633107373,9.342538806686246,63.47505707506964,0.6439673679280888,False,True,False,False,24,40.0,True,0.3839646102427733,2.262897397465828,False,-0.3504294422539919,True,7.841660519131333,False,0,2,0.6217979825664784,True,4.069386161261335,True,4,1,False,False,False,25.0,31.779420125071063,22.60601287125089,0.6155992757015877,13.0,False,4,3,3,5,-12.216032113860853,439.75,1110990824.5332215,58.29931972789115,False,0.0,0,,,,0.0,0,,,,False,False,False,False,0,,none,0,0,False,-1,0.625,risk_on,6,False
MDGL,475.260009765625,-21.16185387384354,15.256457555700042,10.964282818367899,-6.296893087285206,0.7655572094869505,False,0.8895959889849515,8.193410268330709,-9.589661723779075,-10.584739557926904,False,False,False,False,19,31.666666666666664,False,0.3210070655058384,1.0370044909622131,False,-2.6691925414356086,True,-4.833797442108723,True,1,0,0.3461484259934219,False,0.22968732438525544,False,6,1,False,False,False,25.0,15.257191776717214,12.401633049343364,0.10964146289481742,22.0,False,0,1,1,2,-13.58437095065116,549.969970703125,128189559.38391113,53.333333333333336,False,0.0,0,,,,0.0,0,,,,False,False,False,False,0,,none,0,0,False,-4,0.25,risk_on,6,False
MDLZ,60.654998779296875,-5.844892349879438,20.828102944836324,2.969751767965345,-14.291424137687759,0.26735455099834265,False,0.9067433707123868,5.737366436851932,6.976974814464554,0.561055304095115,False,False,False,True,24,40.0,True,0.5361282689783041,0.9656624293067075,True,-0.5083542326930266,True,4.236123407393344,True,2,1,0.6150039759538662,True,1.0190693779258018,False,4,2,True,False,False,25.0,9.404813690795834,5.737366436851932,0.5604597973975404,19.0,False,3,3,2,6,-4.133793715090784,63.270469469745656,469789234.8225241,42.10884353741496,False,0.0,0,,,,0.0,0,,,,False,True,False,False,1,,power_play,6,6,True,0,0.75,risk_on,6,False
MDT,88.48999786376953,-13.219746333790184,22.06195160022024,-5.261134341349239,-22.522310247002345,0.730547512042177,False,1.051252978728225,4.944061595227201,2.2962446975747897,-3.1632072718091875,False,False,False,True,22,36.666666666666664,False,0.41658517754043817,1.0399665649071843,False,-0.46368491413022844,True,2.4426958525610276,True,2,0,0.48831621608436393,False,1.0651955492929908,False,7,1,False,False,False,65.0,17.230905391082864,5.181375517187003,0.6232197873165995,27.0,False,0,2,2,3,-6.4922641979797575,94.63387933071704,2276778856.25591,31.9047619047619,False,0.0,0,,,,0.0,0,,,,False,False,False,False,0,,none,0,0,False,-3,0.375,risk_on,6,False
MDY,670.5999755859375,-6.234998667401626,19.230167371998963,14.055239263426667,-3.205936642226437,0.8968974002353697,False,1.053227789038245,2.682670875234707,3.659931653248494,0.5879856832695651,False,False,False,True,22,36.666666666666664,False,0.37246420845110856,0.3878859527832815,False,-1.6949480163564865,True,0.1403701100712862,True,2,0,0.529150479899176,False,0.4043589480460113,False,5,2,True,False,False,35.0,6.65558423320012,3.7458986029993326,0.3780080439910905,34.0,False,2,2,1,6,-4.1397198555901955,699.5597911624133,501798703.07631224,55.714285714285715,False,0.0,0,,,,0.0,0,,,,False,True,False,False,1,,power_play,6,6,True,0,0.75,risk_on,6,False
MEDP,618.5,-1.8549964925051565,57.21111760716504,19.242707029015627,1.9815311233625224,0.32277412594074495,False,1.1769802672208494,8.43815722577304,23.39644204123097,1.0076237874928395,False,False,False,False,23,38.333333333333336,False,0.4300355160007411,1.4413569768135372,False,0.8092463176977134,True,3.1744758247947757,True,1,0,0.5937651059885903,False,1.1993131003995579,False,4,1,False,False,False,55.0,12.323289672731638,8.934520576495554,0.695119422965617,3.0,False,3,2,2,5,-3.7571316663842724,642.64501953125,158928458.70383605,60.952380952380956,False,0.0,0,,,,0.0,0,,,,False,False,False,False,0,,none,0,0,False,-1,0.625,risk_on,6,False
MELI,1882.8299560546875,-20.24475388154284,21.72341042095518,-17.238243689903843,-34.499419595556944,0.27004926959979253,False,0.9046217432065693,6.216176808008069,2.778485032255573,5.3396259699382,False,False,False,True,26,43.333333333333336,True,0.4255656408416324,1.2475440070106933,False,0.36328635173682067,True,10.979269287721728,False,1,1,0.657564557130189,True,0.6218948013818962,False,6,2,True,True,True,25.0,16.57758541027854,11.59744175089663,0.6466294166030327,24.0,False,2,4,3,5,-5.858031027743182,1999.989990234375,1237985245.8413086,21.428571428571427,False,0.0,0,,,,0.0,0,,,,False,False,False,False,0,,none,0,0,False,-1,0.625,risk_on,6,False
MEOH,62.2599983215332,-4.6786417843065475,86.46825189180716,67.08660765994074,49.825431754287635,0.4666406961622851,True,0.8640055073774676,7.3080619333824925,4.845526297261493,2.1157898556709354,False,True,False,True,25,41.66666666666667,True,0.385031063818685,1.2422597780701123,False,2.1142667659290275,True,6.554848530469992,False,1,1,0.4725470884790316,False,1.809476818303811,True,4,2,True,False,False,45.0,19.227201766329678,10.183103635573246,0.8182616571824027,20.0,False,6,4,4,6,-3.4943197860323294,64.51433551216196,51024540.92919731,86.80272108843538,True,0.0,0,,,,0.0,0,,,,False,True,False,False,1,,power_play,6,6,True,0,0.75,risk_on,6,True
MET,98.19000244140625,-1.7608749980726146,47.05376242848103,23.19226514810111,5.931089242448007,0.30387057099965636,True,1.134616123070349,4.4811017283659,32.10641302156534,1.1850798794612372,False,False,False,True,26,43.333333333333336,True,0.40425356535860774,0.8707169217591446,False,0.7877928162747453,True,3.9817876989082013,True,2,0,0.4692889996945432,False,1.1132835908621883,False,4,1,False,False,False,65.0,10.245941058449521,6.9762687685121,0.7350413535732963,45.0,True,6,3,4,5,-2.714750674214572,100.93000030517578,312541495.3356598,64.48979591836735,False,0.0,0,,,,0.0,0,,,,False,False,False,False,0,,none,0,0,False,-1,0.625,risk_on,6,False
META,718.9349975585938,-7.543181788747044,36.9872354143693,-1.6545601931536424,-18.915736098806747,0.4153710616012255,False,1.0039238890273727,4.996276858427488,13.4964662887765,8.073953621816665,True,True,False,True,30,50.0,True,0.5166281568062995,1.874387784180923,True,3.613702194657927,True,-1.2560459450326467,True,2,0,0.3601577691531773,False,0.7857510346946222,False,3,2,True,False,False,25.0,22.444577765206724,5.410784639245792,0.6521399404989852,11.0,False,2,3,5,4,-7.80757215687996,779.8200073242188,15539040587.10791,36.734693877551024,False,0.0,0,,,,0.0,0,,,,False,False,False,False,0,,none,0,0,False,-1,0.625,risk_on,6,False
MFC,42.439998626708984,-4.821712308861981,37.873677202778346,36.57867646593949,19.317500560286383,0.30597762775617904,False,0.9252359520136116,5.065979254122395,15.857701126586733,-4.371343836672514,False,False,False,True,24,40.0,True,0.35648864421928694,0.6120232436644062,False,-1.3577352738358763,True,-1.141396866954414,True,2,1,0.5316531584481128,False,1.2752533562906592,True,4,2,True,False,False,65.0,9.596300083380196,5.961363515223869,0.4171699517854915,45.0,False,4,3,2,5,-5.593012040277367,44.95429792211504,60651376.935050584,73.74149659863946,False,0.0,0,,,,0.0,0,,,,False,False,False,False,0,,none,0,0,False,-1,0.625,risk_on,6,False
MGA,63.959999084472656,-12.443536738588023,50.271051505611666,46.89720972286471,29.636033817211604,0.2924522462178081,False,0.8128777649751927,4.362102807166335,11.436935528637093,1.2826564355058911,False,False,False,True,27,45.0,True,0.3644434541858227,0.8341110171554474,False,-1.7016562230269707,True,-0.9447121158968508,True,2,1,0.6045586939156599,True,0.5250687917690108,False,6,3,True,False,False,25.0,10.847900869671587,4.362102807166335,0.2982686054059985,24.0,False,2,3,3,4,-7.612312605692129,69.2300033569336,67615829.67840424,79.59183673469387,False,0.0,0,,,,0.0,0,,,,False,False,False,False,0,,none,0,0,False,-2,0.5,risk_on,6,False
MGM,29.27989959716797,-42.23732414595067,0.0,-9.769186721844392,-27.030362627497496,0.5631150911960314,False,1.2972199302938714,6.147565972471028,-20.326803817230022,-22.560437625767214,False,False,False,True,12,20.0,False,0.4788709936294269,1.5240723333183517,True,-7.733487375406458,True,-3.937335836916178,True,2,0,0.2890565403789227,False,0.12289718264851304,False,7,3,True,False,False,25.0,29.667953377351658,12.465894952153265,0.004047043594589009,24.0,False,0,2,2,3,-29.547885876671288,41.560001373291016,182738969.46986198,28.027210884353742,False,0.0,0,,,,0.0,0,,,,False,False,False,False,0,,none,0,0,False,-3,0.375,risk_on,6,False
MGNI,25.459999084472656,-0.8180794359062826,127.32142426833808,37.25067456394717,19.989498658294067,0.37010974016418663,True,0.9857817392242556,5.636290328138892,110.58725196974368,1.2326022689637561,False,True,False,True,24,40.0,True,0.3876601327069683,1.6784617098910122,False,1.4670781920975904,True,2.951878510913697,True,2,0,0.4388291942197943,False,0.610013685329141,False,5,2,True,True,True,35.0,16.393441108479387,13.000783915821346,0.6863633664186102,16.0,False,10,3,4,7,-5.1415836820782435,26.84000015258789,55363134.685092926,74.48979591836735,False,0.0,0,,,,0.0,0,,,,False,True,False,False,1,,power_play,7,7,True,1,0.875,risk_on,6,False
MGY,24.30500030517578,-23.903800337185633,16.64139080461453,5.3421361352439245,-11.91903977040918,0.31782333780417704,False,0.8260699772838513,5.369266771405388,-17.060525713390117,-3.474980100854652,False,False,False,True,28,46.666666666666664,True,0.438378528257749,1.4633979859600046,False,-2.230051647489407,True,0.9763216174950573,True,2,0,0.45428859853965775,False,0.9278210714737737,False,5,1,False,False,False,25.0,19.687774481191262,7.34416714667554,0.20352430902738683,18.0,False,1,1,2,3,-15.680833783619786,28.825000762939453,126458374.93531017,46.25850340136054,False,0.0,0,,,,0.0,0,,,,False,False,False,False,0,,none,0,0,False,-3,0.375,risk_on,6,False
MHK,118.49500274658203,-15.421129490151708,25.617513459616937,-0.8990523969104935,-18.1602283025636,0.4645102647673709,False,0.9787257506451714,9.74724263019306,12.852383568173353,-6.023470387734687,False,False,False,False,26,43.333333333333336,True,0.37745572092915747,1.3987803463827402,False,-2.546510756418971,True,-6.261372269780119,False,0,0,0.48368401338016564,False,0.9992673860535981,False,5,1,False,False,False,25.0,13.98289018154498,11.59542389576919,0.1513298890125735,24.0,False,1,1,1,3,-11.866860962296776,134.4499969482422,139472138.2912262,37.89115646258504,False,0.0,0,,,,0.0,0,,,,False,False,False,False,0,,none,0,0,False,-3,0.375,risk_on,6,False
MIAX,30.700000762939453,-45.98873912645178,1.722996860521886,-28.504886481659476,-45.76606238731258,0.3103812787052562,False,0.8443945883777126,18.175901278122364,-28.421540685894854,-20.85589059460301,False,False,False,False,18,30.0,False,0.5519670207268701,2.6786454987287276,True,-6.327782018689244,True,-6.997872390338422,False,0,0,0.3762278211941177,False,0.4914644148953857,False,7,2,True,False,False,25.0,33.95885284470939,19.641701772442506,0.09920117397177784,23.0,False,0,2,2,2,-30.590094775779374,44.22999954223633,70282191.56247978,12.585034013605442,False,0.0,0,,,,0.0,0,,,,False,False,False,False,0,,none,0,0,False,-4,0.25,risk_on,6,False
MIDD,106.05000305175781,-26.43964940865149,18.03380391960392,-0.6630332215533441,-17.92420912720645,0.3136299649237422,False,0.7891162741071219,3.950968713656062,-7.520584877236547,-5.5486246840677715,False,False,False,True,18,30.0,False,0.40882806491623747,1.0281038579118988,False,-3.1431926991084023,True,1.4153230957758556,True,2,0,0.5621163084527905,False,0.850869585036391,False,4,1,False,False,False,25.0,10.276677299123266,5.073076000565748,0.3333335506950576,18.0,False,0,1,1,3,-6.851115965659216,113.8499984741211,66069261.17827263,38.02721088435374,False,0.0,0,,,,0.0,0,,,,False,False,False,False,0,,none,0,0,False,-3,0.375,risk_on,6,False
MIR,16.670000076293945,-43.966386298171614,18.05949158216935,-28.730224406626192,-45.991400312279296,1.0085098650950417,False,1.0645787601850911,15.02699521881362,-13.760992539632245,5.774110623072448,False,False,False,False,22,36.666666666666664,False,0.4292915208556382,2.101036262407897,False,1.5511914377934628,True,14.178079731089976,False,0,1,0.5469570248318221,False,1.5930851874236645,True,5,2,True,False,False,25.0,18.914238932669107,16.466705896796537,0.8030533297496539,23.0,False,1,3,2,4,-3.725096378108639,17.315000534057617,64240382.11873217,12.312925170068027,False,0.0,0,,,,0.0,0,,,,False,False,False,False,0,,none,0,0,False,-2,0.5,risk_on,6,False
MIRM,87.26000213623047,-32.130359208750484,36.13105181501635,18.20645149955016,0.9452755938970547,0.6611650540468539,False,0.9210278261139189,11.471466755871534,-9.56575389354919,-4.976586740390065,False,False,False,False,21,35.0,False,0.5472015948152481,2.6305409159819626,True,-2.120339568541226,True,5.221273140143046,False,0,0,0.3968326767569315,False,0.28468045913907813,False,8,1,False,False,False,25.0,24.68651887668424,15.436627195669484,0.37183770683078365,20.0,False,0,1,1,2,-15.507140307943112,103.2750015258789,78452390.89662018,60.136054421768705,False,0.0,0,,,,0.0,0,,,,False,False,False,False,0,,none,0,0,False,-4,0.25,risk_on,6,False
MKC,44.83000183105469,-36.30222447317249,1.5632135272934944,-29.99830117195309,-47.25947707760619,0.41466728394699987,False,1.040650631025253,5.2197190653847425,-15.654299296599772,-7.984399203987325,False,False,False,True,23,38.333333333333336,False,0.49094028854708194,1.6309914290769352,True,-4.39215690139382,True,0.35819043803009265,True,2,0,0.4544777665082651,False,0.601206257195308,False,6,2,True,False,False,25.0,18.164614477372023,13.272363417165337,0.1645835502280474,19.0,False,0,2,2,4,-15.175017738162344,52.849998474121094,198096778.60318756,11.496598639455783,False,0.0,0,,,,0.0,0,,,,False,False,False,False,0,,none,0,0,False,-2,0.5,risk_on,6,False
MKL,1772.68994140625,-19.125415375457976,3.5177664721325774,-8.905495387838702,-26.166671293491806,0.406343590067606,False,0.9605434000907969,3.3068385930302666,-9.063443787146019,-0.20491770889919936,False,False,False,True,19,31.666666666666664,False,0.4371551004352682,0.6706647121651078,False,-0.8768726350477779,True,2.044110949780764,True,2,1,0.6555401841520044,True,0.7176336546888694,False,6,1,False,False,False,25.0,7.539848823130904,4.202652604938921,0.4930554213565557,24.0,False,1,2,1,4,-3.822285484677368,1843.1400146484375,137201550.27296144,28.639455782312922,False,0.0,0,,,,0.0,0,,,,False,False,False,False,0,,none,0,0,False,-2,0.5,risk_on,6,False
MKSI,262.9049987792969,-40.83868717467228,117.718700951747,96.63768490410544,79.37650899845234,0.2820692593268821,False,0.7749637168470219,11.274039971115064,-3.599016482632955,4.294270417967216,True,True,False,False,26,43.333333333333336,True,0.39367829204915966,1.5063354747278388,False,-1.0187637498717526,True,-5.819450285645189,False,0,0,0.571111376961321,False,0.9314262182852736,False,3,1,False,False,False,25.0,20.224875054613655,13.385064036362241,0.5946994674440078,3.0,False,4,1,3,4,-8.197152630513315,286.3800048828125,307523786.1756226,91.56462585034014,True,0.0,0,,,,0.0,0,,,,False,False,False,False,0,,none,0,0,False,-2,0.5,risk_on,6,False
MKTX,164.53500366210938,-14.135514381490665,51.55215305086984,-2.623317847053741,-19.884493752706845,0.3239432365395898,False,1.030157216873751,0.38289094113808764,-4.764989228067595,0.6822943982726981,False,True,False,True,30,50.0,True,0.38783726758905396,0.08304609151946284,False,4.629894170634903,False,0.24065083095512474,True,2,2,0.42719302704085804,False,1.4877259309208062,True,0,2,True,False,False,55.0,31.37496469497255,0.4679788473783558,0.9999033474979786,0.0,True,2,4,4,5,-0.0030324688386040854,164.5399932861328,135924209.6538292,35.374149659863946,False,0.0,0,,,,0.0,0,,,,False,False,False,False,0,,none,0,0,False,-1,0.625,risk_on,6,False
MLI,61.060001373291016,-12.81365597456241,27.316965654951055,26.04300869177518,8.781832786122077,0.18914224512604,False,0.8644035561105352,7.009496696750879,-0.3695842558364304,1.6480800457738365,False,True,False,True,24,40.0,True,0.4494265514657335,0.9932629219592237,True,-1.4143956701376779,True,-2.397698157085404,True,2,0,0.568464899631582,False,0.6705933765516751,False,5,2,True,False,False,25.0,9.951720107084808,7.009496696750879,0.5070425646230076,4.0,False,2,2,2,5,-4.90577442157818,64.20999908447266,113711008.81009713,66.93877551020408,False,0.0,0,,,,0.0,0,,,,False,False,False,False,0,,none,0,0,False,-1,0.625,risk_on,6,False
MLM,479.3450012207031,-32.01631780426997,0.06993412418292433,-23.94547745791047,-41.206653363563575,0.293002377776489,False,0.9909732394539309,4.291267616071303,-24.316665295031104,-2.302097890614907,False,True,False,True,20,33.33333333333333,False,0.41523615551652915,1.0984531177427383,False,-2.658196655690248,True,-0.6065042112512242,True,2,0,0.548137932339981,False,0.8749304059289233,False,5,3,True,False,False,25.0,9.56667069318156,5.317671023889271,0.18405710849878518,23.0,False,0,2,2,4,-7.805856947434497,519.9299926757812,410035673.3936081,15.98639455782313,False,0.0,0,,,,0.0,0,,,,False,False,False,False,0,,none,0,0,False,-2,0.5,risk_on,6,False
MMM,161.0399932861328,-11.989898689186218,15.142679747111787,7.28198734074792,-9.979188564905185,0.38929086850609324,False,1.0360066203466431,2.7198243078849305,6.408441843104695,-2.9236277782627274,False,True,False,True,20,33.33333333333333,False,0.476121976208557,1.032592737914695,True,-3.059737975009905,True,-0.5250516441536179,True,2,1,0.4629661434596349,False,0.9217894094174139,False,2,2,True,False,False,25.0,6.468591551621124,6.867857687340161,0.10126540365438422,8.0,False,1,3,2,5,-5.813547017070874,170.97999572753906,485303580.5253059,48.97959183673469,False,0.0,0,,,,0.0,0,,,,False,False,False,False,0,,none,0,0,False,-1,0.625,risk_on,6,False
MMYT,44.25,-53.139892134920785,21.90082900834578,-53.139892134920785,-70.40106804057389,0.4339888303311571,False,0.8658250754846385,9.37853452176024,2.6920395528066354,-7.658594134345487,False,False,False,False,23,38.333333333333336,False,0.4016869494326885,1.8165957073521384,False,-4.897539777662063,True,-0.8292221890224383,True,1,0,0.561983065832137,False,0.6815039244379407,False,5,1,False,False,False,25.0,26.712327803496056,15.118640964314089,0.16568051344172993,24.0,False,0,1,1,2,-22.286615617789028,56.939998626708984,52389977.28641586,3.3333333333333335,False,0.0,0,,,,0.0,0,,,,False,False,False,False,0,,none,0,0,False,-4,0.25,risk_on,6,False
MNDY,88.41999816894531,-56.918731337740915,50.34857354909346,-53.61208861769269,-70.8732645233458,0.27615185442472684,False,0.8073035149243034,12.69509014541409,39.13453852156978,3.8646787521131376,False,True,False,False,26,43.333333333333336,True,0.5069702388866381,2.6716523709183244,True,-0.07452187667260252,True,12.208115158154055,False,0,0,0.49980655727834405,False,0.6154707196337871,False,3,2,True,False,False,25.0,25.81626280207648,19.045461079646497,0.5993713690328678,18.0,False,3,2,2,4,-10.3427340230836,98.62000274658203,90097731.22365722,3.197278911564626,False,0.0,0,,,,0.0,0,,,,False,False,False,False,0,,none,0,0,False,-2,0.5,risk_on,6,False
MNST,43.724998474121094,-12.49750369026339,31.880561254686256,26.684048232186463,9.422872326533358,0.30997554509313585,False,0.9589186164047653,3.5677475426718286,16.336303150756315,-2.2030879680640436,False,True,False,True,20,33.33333333333333,False,0.43212670663516756,0.9401190560731415,False,-1.2778007821760304,True,1.8281319807118779,True,2,2,0.6443772516711086,True,1.3835557587513154,True,5,2,True,False,False,25.0,8.93966821274163,7.021154492758226,0.6637710955936016,15.0,False,1,5,4,6,-3.0057748489268232,45.08000183105469,419255382.9210075,67.4829931972789,False,0.0,0,,,,0.0,0,,,,False,True,False,False,1,,power_play,6,6,True,0,0.75,risk_on,6,False
MO,71.80500030517578,-2.627053376405919,37.5794480976128,16.648261484957327,-0.6129144206957768,0.709197467931909,False,0.9212641647560578,8.59271379809544,10.825929826209958,3.2868293619764843,False,False,False,False,23,38.333333333333336,False,0.4258581998077224,0.7986112496888522,False,3.347878128822876,True,6.61470220042617,False,0,2,0.6878494042676817,True,2.614860190799506,True,4,2,True,False,False,55.0,17.051649347734788,8.59271379809544,0.6873525703745224,52.0,False,3,5,4,7,-5.3311543394442324,75.84860658662672,550645520.4281029,58.57142857142858,False,0.0,0,,,,0.0,0,,,,False,True,False,False,1,,power_play,7,7,True,1,0.875,risk_on,6,False
MOD,183.88999938964844,-40.079510374325345,53.651402841528714,23.366431236766537,6.105255331113433,0.2839381096872884,False,1.0068781053879754,9.63076120107058,-28.444684082076243,-2.5593481347036096,True,False,False,False,27,45.0,True,0.3938618286824935,2.2467296220723796,False,-0.5959909834888161,True,3.1930429510943714,True,1,1,0.6216202385664877,True,1.182864108373832,False,3,1,False,False,False,25.0,14.840323297430166,14.22045461051669,0.3587531905097986,13.0,False,1,2,2,2,-9.5163099662802,203.22999572753906,254337819.72326127,64.82993197278911,False,0.0,0,,,,0.0,0,,,,False,False,False,False,0,,none,0,0,False,-4,0.25,risk_on,6,False
MOG-A,367.2349853515625,-17.54569551271422,88.53174273977562,74.71732252448405,57.45614661883094,0.47445980707395496,False,0.8965051463161005,12.308198839977145,16.973223186126397,0.7116527530931949,False,False,False,False,24,40.0,True,0.43399059223581055,1.4733804934897823,False,-1.476412439941412,True,-6.491743671622075,False,0,0,0.4182422730100068,False,1.1619618209558955,False,3,2,True,False,False,25.0,12.45212648189214,12.31909337522508,0.35233185735645733,5.0,False,3,2,2,3,-8.06484563048956,399.45001220703125,113972640.13217926,88.29931972789116,True,0.0,0,,,,0.0,0,,,,False,False,False,False,0,,none,0,0,False,-3,0.375,risk_on,6,False
MOH,197.35499572753906,-18.74382750331336,60.909085423776,-1.4998027918039725,-18.760978697457077,0.429222567406896,False,1.0343302027466794,7.9754786217290015,31.58754590583115,-1.7107414081630856,False,False,False,True,25,41.66666666666667,True,0.4622110624404705,1.7188194198990185,True,-0.084686378580552,True,4.123141668370001,True,2,1,0.6284578437227568,True,1.0646670033313042,False,5,0,False,False,False,25.0,16.962120034905297,13.007017164330795,0.5323156051330968,19.0,False,3,2,1,4,-7.932918844184456,214.36000061035156,124760639.18221588,36.87074829931973,False,0.0,0,,,,0.0,0,,,,False,False,False,False,0,,none,0,0,False,-2,0.5,risk_on,6,False
MORN,204.55999755859375,-8.857925432077007,45.03497553584113,-8.857925432077007,-26.11910133773011,0.2996483713198862,False,0.9805530782619709,11.512516294889082,16.606742745807534,0.6212588018918996,False,False,False,False,27,45.0,True,0.5863779513048988,2.0251356112201253,True,0.372249716178383,True,11.44646916781118,False,0,1,0.49984095928800576,False,2.6275790537327626,True,4,3,True,False,False,25.0,13.810536655708926,11.512516294889082,0.7585919976816985,24.0,False,3,4,3,6,-3.3339740649983685,211.61519321808075,60250179.101559445,28.70748299319728,False,0.0,0,,,,0.0,0,,,,False,True,False,False,1,,power_play,6,6,True,0,0.75,risk_on,6,False
MOS,18.760000228881836,-41.83904678803406,0.0,-41.83904678803406,-59.100222693687165,0.9463557478518292,False,0.9228307811345089,14.632200457051969,-22.122514061371202,-23.366010703903594,False,False,False,False,23,38.333333333333336,False,0.5136879027295767,2.3044313928041085,True,-4.550585633672443,True,-10.963452773612648,False,0,0,0.31584363088487416,False,0.48190342956532506,False,8,3,True,False,False,25.0,29.845111631304412,21.82836444958403,0.0006268021117136008,22.0,False,0,2,2,2,-29.82640465230958,26.73370252148449,199580407.48265257,7.210884353741497,False,0.0,0,,,,0.0,0,,,,False,False,False,False,0,,none,0,0,False,-4,0.25,risk_on,6,False
MP,46.17499923706055,-53.19310844111094,21.194228573064876,-36.125330402171144,-53.38650630782425,0.5442864634199145,False,0.7508841507129065,7.29832767138896,-18.705986166752375,-2.295808554818113,True,False,False,True,21,35.0,False,0.503434269404317,2.0081665393475188,True,-2.5446645408994955,True,-1.692573904580108,True,2,0,0.5073245533444469,False,0.5379561082264588,False,6,3,True,False,False,25.0,23.97470722752798,9.041687722887168,0.12009962260867674,24.0,False,0,2,3,4,-21.09535393734836,58.52000045776367,243675163.40234202,8.435374149659863,False,0.0,0,,,,0.0,0,,,,False,False,False,False,0,,none,0,0,False,-2,0.5,risk_on,6,False
MPC,455.19500732421875,-1.7578860184848222,183.14552139110396,146.74671027518377,129.48553436953068,0.3796761013051893,True,1.1873638671131326,10.747025140404523,103.37495004535629,7.132432307418712,False,True,False,False,35,58.333333333333336,True,0.48779613646788744,1.9831051548636938,True,4.639652562570629,False,7.781834536234045,False,0,2,0.5997761789249095,False,1.4219920366287278,True,2,1,False,False,False,25.0,19.404242216896,19.77172574372328,0.8376654166272091,0.0,False,11,2,4,6,-3.1499795759445393,469.9999084472656,1220597504.6360106,95.64625850340136,True,0.0,0,,,,0.0,0,,,,False,True,False,False,1,,power_play,6,6,True,0,0.75,risk_on,6,False
MPLX,56.154998779296875,-6.765732681239445,26.990613145874608,25.702032297405154,8.44085639175205,0.7643431846677413,False,1.1492557048143426,3.3033560369699915,3.9589833405131225,-5.526581297624755,False,True,False,True,28,46.666666666666664,True,0.501110482492066,1.0411575072166193,True,-1.978210772774324,True,-0.39908173919068757,True,2,0,0.4841837652794318,False,0.5224746360260053,False,6,2,True,False,False,65.0,8.499502921457022,3.525954207599967,0.17492215700878747,22.0,False,2,2,1,5,-7.012751536933271,60.38999938964844,81790903.2939537,66.66666666666666,False,0.0,0,,,,0.0,0,,,,False,False,False,False,0,,none,0,0,False,-1,0.625,risk_on,6,False
MPWR,1368.2750244140625,-18.788385913130178,60.73755749060092,40.66444631136841,23.403270405715304,0.30357704671363106,False,0.9654187757550203,10.396301727491943,0.011438639062477662,12.522255675448202,False,True,False,False,26,43.333333333333336,True,0.504001964273183,1.9807536060757716,True,0.9369810194238921,True,-4.963080370905592,True,1,0,0.5621021510404114,False,0.9348724275265661,False,5,1,False,True,True,25.0,24.099806766207816,12.628166490885546,0.6568260266506082,3.0,False,3,2,3,3,-8.270426444912093,1491.6400146484375,934944746.8140198,76.66666666666667,False,0.0,0,,,,0.0,0,,,,False,False,False,False,0,,none,0,0,False,-3,0.375,risk_on,6,False
MRCY,78.7699966430664,-37.58814894662549,19.131871402014266,-2.705042571852345,-19.96621847750545,0.18459685987486718,False,0.6821774140908682,9.59755983341051,-4.544353069014684,-7.63367991254108,True,True,False,False,19,31.666666666666664,False,0.44637050269554607,1.7702955455441052,True,-4.231319905902254,True,-7.187470137982633,False,0,0,0.47870183456474474,False,0.4001029934425014,False,3,4,True,False,False,25.0,14.012875260158463,11.793831803273386,0.10538785390247914,16.0,False,0,2,3,4,-12.536088409487222,90.05999755859375,51666463.327742,35.10204081632653,False,0.0,0,,,,0.0,0,,,,False,False,False,False,0,,none,0,0,False,-2,0.5,risk_on,6,False
MRK,146.16000366210938,-6.02571976289471,82.38795852889933,71.94495100271612,54.68377509706302,0.4669201578743241,True,0.9854580854794514,5.391344708939859,23.245960671783838,-0.4834149102487695,False,True,False,True,26,43.333333333333336,True,0.46082202959983976,1.1139941657083592,True,0.8696213246397521,True,1.2889816846950453,True,2,2,0.6154845201498553,True,1.0455745376145507,False,2,2,True,False,False,45.0,19.270961554840685,7.909138799228542,0.672710249526519,32.0,False,6,5,5,7,-6.307188198667857,155.9991645592082,1410343927.849823,87.68707482993197,True,0.0,0,,,,0.0,0,,,,False,True,False,False,1,,power_play,7,7,True,1,0.875,risk_on,6,True
MRNA,220.61000061035156,0.0,886.6278827748339,701.3439706064627,684.0827947008096,1.3487515861430304,True,1.143195284438954,18.512305074520867,335.2999196565147,43.21605441812986,False,False,False,False,30,50.0,True,0.4172457562476377,3.6405955989312537,False,5.163590242900083,False,16.104419234860167,False,0,3,0.6281248351062306,True,3.5985330203932335,True,2,2,True,False,False,,,,,,False,12,4,4,5,,,3220836628.22452,99.79591836734694,True,0.0,0,,,,0.0,0,,,,False,False,False,False,0,,none,0,0,False,-1,0.625,risk_on,6,False
MRP,22.295000076293945,-28.062387118608058,0.0,-23.06209669558019,-40.3232726012333,0.9456173144657974,False,1.4669609842961278,7.535323164058245,-23.02725502663787,-20.213291035255153,False,False,False,True,18,30.0,False,0.4349141646960699,1.6940076457702058,False,-4.842364423402699,True,-6.402181520017547,False,1,0,0.4117080034555907,False,0.592785482332649,False,7,2,True,False,False,25.0,30.437165290202543,20.975717759010973,0.06700211334238887,23.0,False,0,2,2,2,-28.397810891607367,31.13731626632726,82897750.43241271,16.870748299319725,False,0.0,0,,,,0.0,0,,,,False,False,False,False,0,,none,0,0,False,-4,0.25,risk_on,6,False
MRSH,175.66000366210938,-13.29097325002918,12.94435083694394,-12.86163632695959,-30.122812232612695,0.39829978063849625,False,0.9751440397217476,6.438572994879975,2.382052417906433,0.9568227444341604,False,False,False,True,23,38.333333333333336,False,0.4441716876270245,0.8624063596235008,True,-1.6471153111004986,True,3.2929590638069772,True,2,2,0.6174070952558857,True,1.517774468320827,True,6,3,True,False,False,25.0,10.895623324449192,6.557982957056208,0.46183525709303347,24.0,False,1,4,3,6,-5.863640325213348,186.60165346202345,509199357.1455132,25.30612244897959,False,0.0,0,,,,0.0,0,,,,False,True,False,False,1,,power_play,6,6,True,0,0.75,risk_on,6,False
MRVL,273.3450927734375,-13.59462623843346,271.015047447265,202.081458035773,184.8202821301199,0.6036832161787989,True,0.9188107244613266,12.979922232647374,108.23496658919147,11.912013417988732,False,False,False,False,27,45.0,True,0.32220042727493386,1.546816617591019,False,2.6975764119210783,True,0.3874854733575628,True,1,1,0.5438880473987951,False,2.099703963036644,True,3,0,False,True,True,25.0,30.006305703546843,19.436964858213244,0.6910962596721993,3.0,False,9,2,2,4,-9.26906006524504,301.2699890136719,5045422037.991043,97.07482993197279,True,0.0,0,,,,0.0,0,,,,False,False,False,False,0,,none,0,0,False,-2,0.5,risk_on,6,False
MRX,71.91999816894531,-8.112940777395083,143.6983304759411,131.32785510221007,114.06667919655696,0.34306630944407235,True,0.9709005632393214,9.302005856133293,37.946012168670926,-3.3203404234021683,True,False,False,False,25,41.66666666666667,True,0.463871852322677,2.075755795721497,True,0.34283479313463405,True,-1.140895987704038,True,1,2,0.5307717015635249,False,1.4349904644004283,True,2,3,True,False,False,45.0,25.154945682100543,11.735265094946289,0.6386947550623231,23.0,False,7,5,6,6,-9.088613811065294,79.11000061035156,52689673.11412239,94.5578231292517,True,0.0,0,,,,0.0,0,,,,True,True,False,False,2,power_play,sepa_vcp,6,6,True,0,0.75,risk_on,6,True
MS,189.84500122070312,-16.4777746457448,27.84712455301943,24.2392448473397,6.9780689416865975,0.38761451930882523,False,0.9001095969831204,4.171823391724688,5.948935259220045,-6.286405615186119,False,False,False,True,20,33.33333333333333,False,0.38713070062047816,0.9379256254940802,False,-4.196185766496202,True,-0.24433626391459073,True,2,0,0.5611815506752548,False,0.8684693751262059,False,8,3,True,False,False,25.0,16.493521665895848,7.089989922584422,0.20463377840965621,23.0,False,0,2,2,4,-13.118390008122049,218.50999450683594,1126136028.6471748,65.578231292517,False,0.0,0,,,,0.0,0,,,,False,False,False,False,0,,none,0,0,False,-2,0.5,risk_on,6,False
MSCI,563.6849975585938,-12.13503785920147,11.359308689325465,2.413864495301987,-14.847311410351118,0.31680814063603024,False,0.9282136163415918,5.578471568413547,2.71261445519162,1.956156517250296,False,True,False,True,19,31.666666666666664,False,0.41775077696584717,0.9006011971318882,False,0.4488683250158748,True,5.174920182826459,False,1,0,0.5314675592165672,False,0.8163295939717985,False,5,2,True,False,False,25.0,6.968829076753408,5.915532761657164,0.7566320046921968,24.0,True,1,4,4,5,-1.6959899620522023,573.4099731445312,312331824.3932983,41.70068027210884,False,0.0,0,,,,0.0,0,,,,False,False,False,False,0,,none,0,0,False,-1,0.625,risk_on,6,False
MSFT,535.75,-0.35271554643436787,52.12951964802883,3.399313594815978,-13.861862310837125,0.48756076384586655,False,1.1028276567585227,3.264591930850443,39.94877792535372,8.499736993085927,True,False,False,True,30,50.0,True,0.36194405144052016,0.844567088887164,False,2.8096336203554753,True,3.5205629957123286,True,2,1,0.43256632873473644,False,0.924959515621775,False,2,2,True,False,False,45.0,11.193142123007242,6.357448077680237,0.9911700908970226,0.0,True,6,4,4,5,-0.09883442752286475,536.280029296875,11187964054.949642,42.7891156462585,False,0.0,0,,,,0.0,0,,,,False,False,False,False,0,,none,0,0,False,-1,0.625,risk_on,6,False
MSGS,400.7699890136719,-3.7397337419349252,88.23445686925,83.35162670711105,66.09045080145795,0.5493590863605318,True,1.0764442003105383,3.7203393644329825,21.05660362748607,0.5065803169083116,False,True,False,True,20,33.33333333333333,False,0.3877793501397408,1.0973287542833319,False,0.2184162590646721,True,-1.518619734115001,True,2,1,0.4713686914501659,False,0.901103803366244,False,2,1,False,False,False,35.0,10.405654361072804,9.651419451585163,0.5586819419823793,9.0,False,5,2,3,5,-4.59220317503124,420.05999755859375,123099751.26343384,90.34013605442178,True,0.0,0,,,,0.0,0,,,,False,False,False,False,0,,none,0,0,False,-1,0.625,risk_on,6,False
MSI,444.92999267578125,-9.192955531880642,23.414564196885436,-1.6469743160352213,-18.908150221688324,0.560646127563975,False,0.7437615332557095,3.8388031495803756,1.7065916865837805,-2.9956222010833367,False,False,False,True,24,40.0,True,0.4031254546614561,0.7587052470258255,False,-2.3653067842621796,True,-0.5543038747522155,True,2,0,0.34887384718937275,False,0.5369864460498336,False,7,3,True,False,False,55.0,18.310603494672947,3.8388031495803756,0.46176495298528486,27.0,False,2,2,2,5,-9.855408532823107,493.5736969175654,384979263.29599917,36.802721088435376,False,0.0,0,,,,0.0,0,,,,False,False,False,False,0,,none,0,0,False,-1,0.625,risk_on,6,False
MSM,130.4499969482422,0.0,65.3429758587451,52.815751308377145,35.55457540272404,0.3377163582389696,True,1.0478737461364342,3.587581766699952,37.78138533196689,6.742490733572448,True,False,False,True,23,38.333333333333336,False,0.34023488192007156,0.8430277324718097,False,2.4954745264398714,True,0.25361346713661526,True,2,2,0.5462029729929447,False,1.7761622684361282,True,2,2,True,False,False,35.0,12.54439525763346,9.95784269609299,0.8867466833961839,5.0,True,7,6,7,7,-1.4206943677161687,132.3300018310547,102165704.52218857,81.7687074829932,True,0.0,0,,,,0.0,0,,,,True,True,False,False,2,power_play,sepa_vcp,7,7,True,1,0.875,risk_on,6,True
MSTR,154.04010009765625,-51.90605514125753,87.14628194223944,-51.90605514125753,-69.16723104691064,0.5507400565861964,False,0.9680448597810632,13.866519560043159,16.379645955977075,0.0780288007664387,False,False,False,False,23,38.333333333333336,False,0.44056943027608453,2.545475311121804,True,3.005576120847947,True,-3.7309509493950066,True,1,0,0.403682852726256,False,0.7548285552456581,False,7,2,True,False,False,25.0,27.957240450845113,14.801342661620822,0.641665229313836,13.0,False,1,3,3,4,-10.018051345971536,171.19000244140625,3469900065.4944167,3.6734693877551026,False,0.0,0,,,,0.0,0,,,,False,False,False,False,0,,none,0,0,False,-2,0.5,risk_on,6,False
MT,64.33499908447266,-18.294385534807102,76.68542786597538,65.01667286354476,47.75549695789165,0.638212443850024,False,0.9889332169592139,8.953133447581546,5.524841586352092,-11.298772690953662,False,False,False,False,24,40.0,True,0.4422200160852232,0.9453730225885646,True,-3.772792878444333,True,-0.27128049288891454,True,1,0,0.4803023983300683,False,0.885436934202539,False,9,3,True,False,False,25.0,24.272088451952,16.212010008399627,0.2065666442794828,23.0,False,2,2,2,3,-19.258284590777485,79.68000030517578,97241324.43613052,85.85034013605443,True,0.0,0,,,,0.0,0,,,,False,False,False,False,0,,none,0,0,False,-3,0.375,risk_on,6,False
MTB,217.41000366210938,-13.88365896212882,25.197195365583802,18.932019466271832,1.670843560618728,0.3127003530409874,False,0.8810675670821779,3.6750864075150083,-0.42822027221436354,-4.355283094810847,False,False,False,True,24,40.0,True,0.4428428828482905,0.8788701025487687,True,-4.857310601043805,True,-0.7894477194293481,True,2,0,0.5121929300720793,False,0.5447961452928095,False,9,3,True,False,False,25.0,12.819136095154926,4.732989794768202,0.18310307896291178,23.0,False,1,2,2,4,-10.47191280648746,242.83999633789062,239200764.1445427,60.8843537414966,False,0.0,0,,,,0.0,0,,,,False,False,False,False,0,,none,0,0,False,-2,0.5,risk_on,6,False
MTCH,41.459999084472656,-6.1561323011088405,45.852519395410326,30.540515220232155,13.279339314579051,0.24591395963372878,True,0.8890346928718554,4.679205667024582,26.171925063663572,-3.5493533403493815,False,True,False,True,26,43.333333333333336,True,0.46758772081455124,1.30411456495806,True,0.9649173984455873,True,3.3399805290696305,True,2,0,0.5064228072686248,False,0.726282915989819,False,4,2,True,False,False,45.0,19.439186188358057,7.2937700546621045,0.6258359228285751,18.0,False,5,3,5,6,-7.273445161130498,44.71210987674189,142079186.718371,69.93197278911565,False,0.0,0,,,,0.0,0,,,,False,True,False,False,1,,power_play,6,6,True,0,0.75,risk_on,6,False
MTD,1559.77001953125,0.0,52.094036739290914,19.287692712572802,2.026516806919698,0.37549355449382493,False,1.1835302032466732,6.832414070959605,15.89134346454606,12.026694991226016,False,False,False,True,22,36.666666666666664,False,0.4671567823163753,1.6530281132532805,True,2.8131619676998727,True,4.950920207102039,True,2,1,0.5323006287270673,False,1.871296813136886,True,6,2,True,False,False,25.0,20.127760750435442,7.174770043535439,0.9186954991891809,3.0,True,4,5,4,5,-1.6364775402537557,1585.719970703125,323082791.9026489,61.0204081632653,False,0.0,0,,,,0.0,0,,,,False,False,False,False,0,,none,0,0,False,-1,0.625,risk_on,6,False
MTDR,54.51499938964844,-15.495574551423664,51.292057875740426,26.014586913398396,8.753411007745292,0.21156893958716283,False,0.8680880559798347,6.071725965972466,-8.29358696569411,-4.039785122627304,False,True,False,True,29,48.333333333333336,True,0.4314594847350901,1.6261456335389872,False,-0.2719386968940334,True,1.897195120838191,True,2,0,0.48001486439491436,False,0.7388059134308349,False,3,1,False,False,False,25.0,21.04356059134383,8.98835472941295,0.307148168746524,18.0,False,2,1,2,5,-14.580069491806046,63.81999969482422,90095472.19979095,66.87074829931973,False,0.0,0,,,,0.0,0,,,,False,False,False,False,0,,none,0,0,False,-1,0.625,risk_on,6,False
MTG,27.530000686645508,-12.51985609366385,11.351768822736918,4.721582479248343,-12.53959342640476,0.31994303498876897,False,1.2360343144998613,3.886674811061291,1.2775710754776126,-7.27517618241319,False,False,False,True,24,40.0,True,0.4387123290062129,1.4326322700192078,False,-2.957904254611758,True,2.1521332366849055,True,2,0,0.596667855956017,False,1.0071675850814332,False,7,2,True,False,False,25.0,18.24259652999784,10.715578576145228,0.3228622215120982,24.0,False,1,2,1,4,-12.352751288173847,31.40999984741211,79105083.29442063,45.374149659863946,False,0.0,0,,,,0.0,0,,,,False,False,False,False,0,,none,0,0,False,-2,0.5,risk_on,6,False
MTH,59.220001220703125,-29.95845377515517,2.2069927287266644,-10.344712878642802,-27.605888784295907,0.3840711136599878,False,0.99342785855345,7.801422916835222,-9.552976073397168,-6.371539572010865,False,False,False,True,21,35.0,False,0.5931898857547934,1.8225303673920452,True,-3.8251068197118285,True,-7.251366271049397,False,1,0,0.3689038482558923,False,0.9472793415216998,False,3,1,False,False,False,25.0,13.686545310204282,12.715296562108836,0.02029883284051621,24.0,False,0,1,1,2,-13.408724414788297,68.39026313040812,60574297.6309824,27.414965986394556,False,0.0,0,,,,0.0,0,,,,False,False,False,False,0,,none,0,0,False,-4,0.25,risk_on,6,False
MTN,147.0500030517578,-6.667271641522765,27.437524389426283,4.456274138472227,-12.804901767180876,0.2631315844586289,False,1.0740734276504469,8.104065710089875,16.512637426076914,6.825238066048045,False,True,False,False,19,31.666666666666664,False,0.4918399009521531,1.779126934933372,True,1.3530564954090436,True,5.796037853127567,False,0,2,0.6168418303668894,True,1.8798356420711613,True,4,0,False,False,False,35.0,16.541604933376764,11.699850656785623,0.7951385025918222,34.0,False,2,4,4,7,-3.388737956186061,152.20793098124474,142157045.55105057,44.69387755102041,False,0.0,0,,,,0.0,0,,,,False,True,False,False,1,,power_play,7,7,True,1,0.875,risk_on,6,False
MTRN,283.5050048828125,-11.177075196316244,155.11259548640433,126.94314232572398,109.68196642007088,0.5187879629308251,True,1.0233296266138492,17.752768277607533,69.63969315493142,12.71220381612288,False,False,False,False,24,40.0,True,0.48296090123058955,2.2811098855371776,True,1.673482001995669,True,-9.179586892340586,False,0,0,0.5050139568635351,False,0.9596037952246899,False,3,0,False,False,False,25.0,27.730083333395932,23.07895506212559,0.5396694673849293,4.0,False,9,1,2,3,-12.765004030322446,324.989990234375,77569415.02924804,94.28571428571428,True,0.0,0,,,,0.0,0,,,,False,False,False,False,0,,none,0,0,False,-3,0.375,risk_on,6,False
MTSI,327.260009765625,-20.118137176247952,167.85071938795997,146.0971727177249,128.8359968120718,0.32310420860895406,False,0.9713998132696211,11.278494946126582,24.136101242002784,18.63264958437414,False,False,False,False,25,41.66666666666667,True,0.44127651328594664,2.294525785203745,True,2.7821350920648893,True,1.7599513540704104,True,1,2,0.6136265219745398,True,1.300403633625606,True,3,0,False,False,False,25.0,33.35124761335954,24.158160239381047,0.7771181582301824,3.0,False,5,3,2,3,-7.433387493386812,353.5400085449219,384610461.15830076,95.578231292517,True,0.0,0,,,,0.0,0,,,,False,False,False,False,0,,none,0,0,False,-3,0.375,risk_on,6,False
MTZ,212.9199981689453,-51.33368530630717,12.015991223627553,1.3470426390522539,-15.91413326660085,0.6910344417502989,False,0.7448071101446325,11.0604937320503,-41.75352064584564,-0.6810367947632456,True,False,False,False,23,38.333333333333336,False,0.384220657909363,2.053326824979171,False,-2.967140091648118,True,-1.3939677714690846,True,1,0,0.5069739235879467,False,0.6043104972127119,False,6,2,True,False,False,25.0,19.40558749208641,14.00995777173806,0.19481300895086714,23.0,False,0,2,3,3,-15.625126602293749,252.35000610351562,330544259.2434433,40.136054421768705,False,0.0,0,,,,0.0,0,,,,False,False,False,False,0,,none,0,0,False,-3,0.375,risk_on,6,False
MU,1031.18505859375,-15.015027734028974,468.38864069568746,436.678509692611,419.4173337869579,0.5699549861603171,True,0.8900388306969496,7.544716357611534,141.7816087718328,1.5145767853579573,False,False,False,True,24,40.0,True,0.5933618065574214,2.3743015463475983,True,1.2509708689207133,True,-4.065993307136829,True,2,0,0.3785640120735361,False,0.7185593749184352,False,3,2,True,False,False,25.0,18.590807468406194,9.365924795453502,0.623836047224369,10.0,False,8,3,4,5,-6.993191622606398,1108.719970703125,26530471584.418232,99.18367346938776,True,0.0,0,,,,0.0,0,,,,False,False,False,False,0,,none,0,0,False,-1,0.625,risk_on,6,False
MUFG,22.315000534057617,-7.521751719163017,52.633383780661156,45.46936318180563,28.20818727615253,0.40322190939165686,False,1.034348644288742,6.139371751940918,22.40812448928986,-3.5235566635531734,False,False,False,True,27,45.0,True,0.3891674154533348,0.6111625030063931,False,-1.1039457283588736,True,-2.212967429973889,True,2,2,0.6236994848007786,True,1.3318981675931645,True,8,2,True,False,False,65.0,12.654574055483089,7.483755484321664,0.366449547827859,25.0,False,3,4,3,6,-8.017311114897153,24.260000228881836,65285354.69125023,78.91156462585033,False,0.0,0,,,,0.0,0,,,,False,True,False,False,1,,power_play,6,6,True,0,0.75,risk_on,6,False
MUR,38.790000915527344,-7.5171763094895265,51.95242695298921,36.35177658433406,19.090600678680957,0.1908857234657813,False,0.8937607089705741,6.676969004282412,1.2997383866683032,3.744320804312462,False,True,False,True,28,46.666666666666664,True,0.4617288445808933,1.5522441795027553,True,1.5727350573264065,True,3.000533915809034,True,2,0,0.553841408029457,False,0.9981973186916003,False,5,1,False,False,False,35.0,16.957478358459493,8.945597638841111,0.7246379215310984,18.0,False,4,2,3,6,-4.6694464863768275,40.689998626708984,60776683.07340221,73.53741496598639,False,0.0,0,,,,0.0,0,,,,False,True,False,False,1,,power_play,6,6,True,0,0.75,risk_on,6,False
MUSA,537.52001953125,-13.591648027023584,51.505363321323095,47.1741588487206,29.912982943067497,0.5489386689865159,False,0.736662503482242,6.463013278030161,8.743483153809063,2.172630556047661,True,True,False,True,23,38.333333333333336,False,0.4484774574145667,1.0943204647620743,True,0.23145764258057674,True,4.368762212482258,True,2,0,0.487933115851809,False,0.8466000648455865,False,3,1,False,False,False,25.0,9.087702643683587,7.3094911072534545,0.9636815136625531,0.0,True,2,2,4,5,-0.3300516043034052,539.2999877929688,117700997.99359131,79.72789115646258,False,0.0,0,,,,0.0,0,,,,False,False,False,False,0,,none,0,0,False,-1,0.625,risk_on,6,False
MXL,96.0999984741211,-24.93946778849695,636.398444977414,502.130314814703,484.8691389090499,0.6211051351186023,True,1.2335061414648172,22.351712870550607,350.96199381754093,18.466463535925158,False,False,False,False,28,46.666666666666664,True,0.40952658975551387,3.500334270835649,False,2.4614707152732445,True,-9.279714719848242,False,0,1,0.47224755672662405,False,2.243050054247403,True,3,1,False,True,False,,,,,,False,9,2,2,3,,,281466237.8460003,99.31972789115646,True,0.0,0,,,,0.0,0,,,,False,False,False,False,0,,none,0,0,False,-3,0.375,risk_on,6,False
MYRG,313.1499938964844,-37.51122645914739,59.307108016728534,53.655539355882944,36.39436345022984,0.36574072219663134,False,0.9532023403695689,9.822771951192534,-1.9997541708581257,12.127612168873414,False,False,False,False,23,38.333333333333336,False,0.3545335865585667,1.393883159867829,False,0.6321809018865793,True,2.749616164614088,True,1,0,0.5503015612832417,False,0.7866122590159753,False,3,0,False,False,False,25.0,18.608185939103343,14.804412189918645,0.7311703043298723,3.0,False,2,2,2,2,-5.002432962982306,329.6400146484375,71704923.34093627,82.17687074829932,True,0.0,0,,,,0.0,0,,,,False,False,False,False,0,,none,0,0,False,-4,0.25,risk_on,6,False
NAVN,23.559999465942383,-22.956182064348752,176.85075008556174,,,0.22412238651755104,False,0.8177041261863061,11.2478763947386,73.36276086395735,10.299619816137318,False,True,False,False,30,50.0,True,0.5047761528921417,2.5716185519383594,True,-1.655798994937908,True,9.939333319804767,False,0,3,0.6592882473577767,True,1.3356973904336251,True,1,2,True,False,False,25.0,33.6524873110592,20.96774467757833,0.5110642279942454,23.0,False,4,5,4,4,-16.45390486334659,28.200000762939453,81534796.67274714,,False,0.0,0,,,,0.0,0,,,,False,False,False,False,0,,none,0,0,False,-2,0.5,risk_on,6,False
NBIS,220.7050018310547,-23.016149865162316,198.77486614993623,66.39400093986963,49.13282503421652,0.41715415767701786,False,0.847020752501241,16.932108500460068,42.79568149409769,-1.2682256152031446,False,False,False,False,27,45.0,True,0.5039022334154578,3.0860992524644155,True,-0.2444391996544363,True,-9.103824368765867,False,0,0,0.3093457277430029,False,0.7783277696039205,False,5,0,False,False,False,25.0,20.0823244847512,16.932108500460068,0.3286161058673203,3.0,False,3,1,1,2,-13.482949215808315,255.10000610351562,3651864589.7199183,86.53061224489797,True,0.0,0,,,,0.0,0,,,,False,False,False,False,0,,none,0,0,False,-4,0.25,risk_on,6,False
NBIX,142.88499450683594,-22.973048783376846,16.072295920356304,3.1884113867348685,-14.072764518918236,0.3668712851314833,False,0.8164128720535424,4.829054247648282,13.113517140619857,-2.287493208257796,False,False,False,True,22,36.666666666666664,False,0.4660521026319301,1.2665473139560937,True,-2.481268469557692,True,-0.20603309403242065,True,2,0,0.570314318941682,False,0.6364081620889414,False,7,2,True,False,False,25.0,14.774293186264838,7.425552729992201,0.2782478031997603,21.0,False,0,2,2,4,-10.663378563357462,159.94000244140625,203825945.62323228,42.44897959183673,False,0.0,0,,,,0.0,0,,,,False,False,False,False,0,,none,0,0,False,-2,0.5,risk_on,6,False
NCLH,15.359999656677246,-38.6091152052275,8.78186813858508,-34.04895211302117,-51.31012801867428,0.4481265904678275,False,1.0161093001756392,6.11978907157506,-24.1855899153414,8.78186813858508,False,False,False,True,21,35.0,False,0.41340863071426603,1.6471568296701427,False,-1.5065158832450238,True,1.4530997910546128,True,2,0,0.4345065529826657,False,0.8662892116781926,False,6,1,False,False,False,25.0,13.679543081890063,10.221352408310205,0.8009257705777324,23.0,True,1,3,3,3,-2.7232444978759762,15.789999961853027,317648370.3382038,9.319727891156463,False,0.0,0,,,,0.0,0,,,,False,False,False,False,0,,none,0,0,False,-3,0.375,risk_on,6,False
NDAQ,93.34500122070312,-6.620951959946941,21.874519683094196,3.4759094842178984,-13.785266421435207,0.27623943748662744,False,1.0136445449257654,4.563717478730545,9.107950104819263,-0.20846663771183493,False,False,False,True,22,36.666666666666664,False,0.45180075513940277,1.0602359362015215,True,-0.580240583160255,True,3.337760797666567,True,2,0,0.4667204084772729,False,0.8551900482980097,False,5,1,False,False,False,25.0,9.490928576079039,4.606570245353544,0.5861280842150888,24.0,False,2,1,1,5,-3.9280287923595947,97.16153426159698,304045875.7454422,42.925170068027214,False,0.0,0,,,,0.0,0,,,,False,False,False,False,0,,none,0,0,False,-1,0.625,risk_on,6,False
NDSN,331.1449890136719,-0.9822694537131693,47.89697167164621,43.42387294164454,26.162697035991435,0.34636760725674626,True,0.9452558349910801,4.822661296572957,19.77438266729761,6.282691282631525,False,False,False,True,27,45.0,True,0.3939451485813258,0.6812738681847644,False,2.125164072751851,True,-0.7180606433687897,True,2,0,0.5437195231386278,False,0.8781801866475233,False,3,2,True,False,False,65.0,16.564365740799605,4.822661296572957,0.8744138906292185,3.0,True,7,4,5,6,-2.080254247581681,338.17999267578125,117784800.0050476,77.89115646258503,False,0.0,0,,,,0.0,0,,,,False,True,False,False,1,,power_play,6,6,True,0,0.75,risk_on,6,True
NE,42.560001373291016,-20.041932507368287,67.1085309482987,54.60145797369855,37.34028206804545,0.24118466531011767,False,1.0136095532597416,6.625938918775363,-12.175351600509178,-3.840933151177084,False,False,False,True,21,35.0,False,0.46356343113815096,1.8041236582658278,True,-0.8178458197048196,True,4.570025983992698,True,2,0,0.4505286675042668,False,0.9539979164599662,False,4,2,True,False,False,45.0,16.98618430879159,7.554041468160051,0.3321903241215892,26.0,False,1,2,2,4,-11.34353823766505,48.00552664438987,51027719.217824556,82.38095238095238,True,0.0,0,,,,0.0,0,,,,False,False,False,False,0,,none,0,0,False,-2,0.5,risk_on,6,False
NEE,77.33499908447266,-19.812778800509424,2.4440340083631273,-4.960545293567941,-22.221721199221044,0.26352069332040146,False,1.0280220537909028,2.9352871265717897,-14.965068110473357,-3.8958644074481574,False,False,False,True,17,28.333333333333332,False,0.5423288381904593,0.9339588730903049,True,-3.1715500891935036,True,0.6572917367988929,True,2,0,0.5488400740023961,False,0.6926713737019048,False,5,2,True,False,False,25.0,11.815588902386152,4.849033483408841,0.29337986986402526,23.0,False,0,2,1,4,-8.349132967837281,84.37999725341797,994658915.0738678,32.244897959183675,False,0.0,0,,,,0.0,0,,,,False,False,False,False,0,,none,0,0,False,-2,0.5,risk_on,6,False
NEM,118.24500274658203,-12.31970606475098,51.79200669903554,40.07048798792285,22.80931208226975,0.4516407256460339,False,0.8426959100810671,6.165166177171125,1.9466318710221309,-4.185236822185723,False,True,False,True,28,46.666666666666664,True,0.3181410332498193,0.8701164889892363,False,-0.49186447049174903,True,2.3234728666612137,True,2,0,0.5542969830040734,False,0.48484981151186474,False,6,2,True,False,False,55.0,34.23016587782176,6.165166177171125,0.637252244771341,32.0,False,2,3,3,4,-12.416915833284481,135.0089504972229,719284394.2261112,76.25850340136054,False,0.0,0,,,,0.0,0,,,,False,False,False,False,0,,none,0,0,False,-2,0.5,risk_on,6,False
NEOG,11.931400299072266,-14.653786196307383,120.54344982615275,75.97934999783031,58.71817409217721,0.22491851881384053,False,1.452125789724108,17.516805238278696,30.540479769114825,-8.219997699444114,False,False,False,False,18,30.0,False,0.549542433836948,3.2065720554445285,True,-0.2477291034646707,True,-1.7991714100518696,True,1,0,0.3765655590325983,False,1.1619878938767323,False,4,1,False,True,False,25.0,21.94950956663729,22.964611884920284,0.2560383882843704,12.0,False,3,1,1,2,-16.329592513563107,14.260000228881836,69903541.866822,88.77551020408163,True,0.0,0,,,,0.0,0,,,,False,False,False,False,0,,none,0,0,False,-4,0.25,risk_on,6,False
NESR,22.760000228881836,-37.31754511685674,126.80618410523775,126.80618410523775,109.54500819958464,0.38246997012132916,False,0.9663907001626478,11.115995875232919,-1.9388146201688827,-30.141194138339788,False,False,False,False,22,36.666666666666664,False,0.41066067825816543,2.352114227082989,False,-5.696918065454566,True,-7.7421963579460185,False,0,0,0.2242908529012717,False,0.3004580160092298,False,5,3,True,False,False,25.0,36.30465602891637,43.6731126278462,0.013986036786187418,22.0,False,3,2,2,2,-35.796897774186064,35.45000076293945,68574145.05647412,94.21768707482994,True,0.0,0,,,,0.0,0,,,,False,False,False,False,0,,none,0,0,False,-4,0.25,risk_on,6,False
NET,360.5299987792969,0.0,125.06398232384717,63.17266519978793,45.911489294134824,0.5839280693084957,True,0.8580024685220028,9.250272159441373,95.91891664424395,11.412234851431924,False,False,False,False,21,35.0,False,0.4510083624075188,2.4113677320036047,True,3.0466439795027846,True,3.2830066217731435,True,1,1,0.4703237875770235,False,1.8332906268178482,True,5,1,False,False,False,25.0,26.631565615593555,9.250272159441373,0.900435903497253,3.0,True,8,4,5,5,-2.651547768970197,370.3500061035156,1024380175.3414872,85.37414965986395,True,0.0,0,,,,0.0,0,,,,False,False,False,False,0,,none,0,0,False,-1,0.625,risk_on,6,False
NEU,901.885009765625,-5.9206243365364175,56.145859718276704,17.630523133789122,0.36934722813601795,0.5869479288508853,False,0.8472119996006503,5.051641513637479,37.782999071002266,1.122923150601296,False,False,False,True,27,45.0,True,0.419486198916875,1.048465463158477,False,-0.07141690035936689,True,-2.3997346332008784,True,2,0,0.5069689665560332,False,0.48459239273389565,False,3,0,False,False,False,25.0,11.282552957328903,5.737982053105462,0.6749491724423922,4.0,False,4,2,2,5,-3.667403175742301,936.219970703125,110613084.31395264,59.455782312925166,False,0.0,0,,,,0.0,0,,,,False,False,False,False,0,,none,0,0,False,-1,0.625,risk_on,6,False
NFG,78.92160034179688,-16.587856727126237,5.493456994261936,-5.551461081885744,-22.81263698753885,0.2719922354313761,False,0.9800085653603905,4.751550885637579,-12.254512851266973,-1.7628143186961265,False,False,False,True,22,36.666666666666664,False,0.49518188198780094,1.0530300375247377,True,-0.9832498382879519,True,3.259976483936189,True,2,0,0.40956266314138645,False,1.0566892642343721,False,3,2,True,False,False,25.0,10.404590014345265,5.169689683666892,0.4466365076602171,22.0,False,1,2,2,5,-5.757520266701732,83.74312790276873,76940406.10133171,31.428571428571427,False,0.0,0,,,,0.0,0,,,,False,False,False,False,0,,none,0,0,False,-1,0.625,risk_on,6,False
NFLX,70.48500061035156,-43.219076491416466,5.1073712741567245,-42.74492976243442,-60.00610566808752,0.46637179315357363,False,0.7405363039683152,7.88763677652807,-31.674100321653363,-1.8178023241862462,False,False,False,True,24,40.0,True,0.584802149454958,1.3560798264665548,True,-3.17332533793925,True,5.1073712741567245,False,1,0,0.45835705287198775,False,0.9345824135203523,False,5,2,True,False,False,25.0,19.53077887175384,7.88763677652807,0.24427240384483656,24.0,False,1,2,2,4,-14.759948567788584,82.69000244140625,2652833472.607506,6.938775510204081,False,0.0,0,,,,0.0,0,,,,False,False,False,False,0,,none,0,0,False,-2,0.5,risk_on,6,False
NGG,76.37999725341797,-16.546150584860886,8.466394448270197,8.422026418454909,-8.839149487198195,0.49405549169892427,False,1.0373098773962628,2.8148651136383274,-11.873862803109459,-0.5468825281905176,False,True,False,True,20,33.33333333333333,False,0.4409002200187085,0.5470900014443646,True,-1.5519170701992404,True,0.3415587197250991,True,2,1,0.6498560340762075,True,0.9902009178244008,False,4,2,True,False,False,35.0,8.97578124604248,4.150298877895621,0.32191746461739124,32.0,False,1,3,2,5,-6.0863205043561575,81.33000183105469,72235675.88352585,50.476190476190474,False,0.0,0,,,,0.0,0,,,,False,False,False,False,0,,none,0,0,False,-1,0.625,risk_on,6,False
NI,40.8849983215332,-16.139032711682933,4.83332902957232,-2.2357043156827627,-19.496880221335868,0.25440389174152256,False,0.919407007038782,4.096855340161192,-12.233831472361222,0.7515930919576919,False,True,False,True,15,25.0,False,0.42476149722061785,0.6867614748825082,False,-0.42000228473883827,True,3.6900786332645152,True,2,0,0.5386745549978353,False,0.7279992224736224,False,5,0,False,False,False,25.0,8.914182335292894,6.175863102699567,0.6555847744967341,23.0,False,1,2,3,5,-3.070180119187127,42.18000030517578,221844393.4964161,35.91836734693877,False,0.0,0,,,,0.0,0,,,,False,False,False,False,0,,none,0,0,False,-1,0.625,risk_on,6,False
NICE,116.78500366210938,-15.17648905086515,40.450994009617894,-15.17648905086515,-32.437664956518255,0.25386797231132874,False,1.1595069080213443,6.370676524134586,13.58199183887776,11.255599032112794,False,True,False,True,25,41.66666666666667,True,0.40971260567783624,1.903586149075212,False,2.069311812753846,True,2.5329254588069228,True,2,1,0.4280072570218921,False,1.344176361440092,True,3,1,False,False,False,25.0,24.177101699103222,13.092428656654326,0.6226265259406847,12.0,False,2,3,3,4,-9.123796860875954,128.50999450683594,64650321.705359265,23.06122448979592,False,0.0,0,,,,0.0,0,,,,False,False,False,False,0,,none,0,0,False,-2,0.5,risk_on,6,False
NKE,34.75,-48.484828606309236,2.5981727070171656,-47.2586372302503,-64.5198131359034,0.38917075021267217,False,1.0982987323171933,6.705041240445143,-17.42514127097695,-2.14023755971946,False,False,False,True,21,35.0,False,0.45178978396200686,1.3416254030154662,True,-2.7656286473636724,True,2.5981727070171656,True,2,1,0.6516064685887198,True,0.9666375164392768,False,5,1,False,False,False,25.0,17.475482890532078,13.525176562851282,0.41063511306460104,23.0,False,0,2,1,3,-10.299435997919936,38.7400016784668,1684539950.7857094,5.238095238095238,False,0.0,0,,,,0.0,0,,,,False,False,False,False,0,,none,0,0,False,-3,0.375,risk_on,6,False
NKTR,41.06999969482422,-59.07324332903142,16.941916127274027,-26.18619671936031,-43.447372625013415,0.2460151026527857,False,1.3668803980774373,12.296078097358654,-48.949656615590975,-38.79284556069854,False,False,False,False,18,30.0,False,0.5306689101193337,3.977897003195724,True,-5.618627416926512,True,-5.759527376710361,False,0,0,0.4589625571865875,False,0.39903900126488695,False,6,1,False,False,False,,,,,,False,0,1,1,1,,,108317598.5186859,14.013605442176871,False,0.0,0,,,,0.0,0,,,,False,False,False,False,0,,none,0,0,False,-5,0.125,risk_on,6,False
NLY,18.200000762939453,-20.398074612920446,1.551640942563659,-0.29563228455430357,-17.55680819020741,0.37010896728206805,False,1.1980699589542834,4.780213711069392,-12.105194751721292,-10.225667330264976,False,False,False,True,15,25.0,False,0.5084098075345208,1.248583201979335,True,-6.205408018515803,True,-1.6216174976245723,True,2,0,0.43382302617234697,False,0.1918754754499917,False,8,3,True,False,False,25.0,19.648658397577503,11.691309404142832,0.1013142343536049,22.0,False,0,2,2,4,-17.65796961595141,22.102929303605297,275862244.77404404,38.23129251700681,False,0.0,0,,,,0.0,0,,,,False,False,False,False,0,,none,0,0,False,-2,0.5,risk_on,6,False
NNN,40.29499816894531,-17.6835448867806,7.538754285910909,1.573007258901793,-15.688168646751311,0.3526057397363036,False,0.9426393581673034,3.37511024234192,-5.434348706347247,-3.020459906521089,False,False,False,True,16,26.666666666666668,False,0.4016801635324478,0.8283530755948896,False,-5.385298758551585,True,-1.5995179042510022,True,2,0,0.5188303787941156,False,0.9338425041708516,False,5,2,True,False,False,25.0,12.333923192303569,4.7152292150821,0.12657056642436146,24.0,False,0,2,1,4,-10.772811547619144,45.15999984741211,103515941.05223083,40.476190476190474,False,0.0,0,,,,0.0,0,,,,False,False,False,False,0,,none,0,0,False,-2,0.5,risk_on,6,False
NOC,478.4800109863281,-37.140755531343686,1.060283787827987,-23.421555857680875,-40.682731763333976,0.315574455934243,False,0.982126200736137,3.2561479543790024,-29.140688257828508,-9.27397226030402,False,False,False,True,18,30.0,False,0.3664390976194771,0.8534259294040905,False,-4.517768348104802,True,0.10042070843685469,True,2,0,0.3766064973357679,False,1.1137112710226464,False,5,1,False,False,False,25.0,12.403562700651571,9.149813637277724,0.12650261022503964,18.0,False,0,1,1,3,-10.834479642929207,536.6199951171875,483407911.3177093,16.666666666666664,False,0.0,0,,,,0.0,0,,,,False,False,False,False,0,,none,0,0,False,-3,0.375,risk_on,6,False
NOK,10.335000038146973,-38.664689589487644,99.51738186566135,99.51738186566135,82.25620596000824,0.46626951923641746,False,0.9246658734092397,10.546687455874684,-0.3375105862908345,-3.2303394866160517,False,False,False,False,21,35.0,False,0.41237428785328445,1.7321459558384784,False,0.2564798960937806,True,-2.5000031489245123,True,1,0,0.496583860614949,False,0.5998539066391654,False,5,1,False,False,False,55.0,25.067145672427475,10.546687455874684,0.7017857209760311,20.0,False,2,2,2,3,-7.47538077389176,11.170000076293945,867267523.5303437,91.7687074829932,True,0.0,0,,,,0.0,0,,,,False,False,False,False,0,,none,0,0,False,-3,0.375,risk_on,6,False
NOV,18.950000762939453,-12.342994587287393,57.435118132695266,47.37842689518952,30.117250989536416,0.22978090864303793,False,0.9072465673508936,7.071240626061245,-2.1989649601821815,-5.580463123642188,False,False,False,True,23,38.333333333333336,False,0.48305933895507347,1.4283074591669689,True,-2.234704479361831,True,0.79788048918219,True,2,0,0.42906466789799846,False,0.7005502213732703,False,5,2,True,False,False,25.0,15.649400366065258,8.179415169691618,0.1550876721822265,22.0,False,1,2,2,4,-13.222371292244517,21.83742635646122,66812605.79944668,79.8639455782313,False,0.0,0,,,,0.0,0,,,,False,False,False,False,0,,none,0,0,False,-2,0.5,risk_on,6,False
NOVT,142.77000427246094,-15.39555302372685,43.89236294694856,35.42971613759542,18.168540231942316,0.34422066003221496,False,0.9778942734722126,14.036557180378503,11.0014070070374,7.232991532942146,True,False,False,False,26,43.333333333333336,True,0.43459516254134584,1.7353657614057965,False,-0.7784890486340322,True,-4.354525232099293,True,1,0,0.45807070535839267,False,0.7135461870941118,False,7,1,False,True,True,25.0,14.96713755063218,14.036557180378503,0.5260872218919836,3.0,False,3,1,2,4,-7.09311773694491,153.6699981689453,55437118.146195985,72.85714285714285,False,0.0,0,,,,0.0,0,,,,False,False,False,False,0,,none,0,0,False,-2,0.5,risk_on,6,False
NOW,140.67999267578125,-25.66760932571337,69.49396707925453,-23.372735180589633,-40.63391108624273,0.3419158772344208,False,0.8780838610641175,5.942565429057474,57.96092132522912,3.8458635920362694,False,True,False,True,23,38.333333333333336,False,0.39492136498887204,1.4901025701977109,False,1.6035348217792362,True,4.688188394145931,True,2,0,0.4856811742832269,False,0.9543521554188172,False,4,3,True,False,False,35.0,18.52941692456671,11.202726277614525,0.6782102965417001,28.0,False,2,3,3,5,-5.962575577411522,149.60000610351562,1477067917.5875945,16.73469387755102,False,0.0,0,,,,0.0,0,,,,False,False,False,False,0,,none,0,0,False,-1,0.625,risk_on,6,False
NPO,313.7900085449219,-18.963211986003902,55.66200707257924,43.838242337968715,26.57706643231561,0.29736213725875776,True,0.9884563253325417,11.217687221042901,10.312687781158791,7.278635399973288,False,False,False,False,24,40.0,True,0.4417243178584827,1.6704932126821737,True,0.14728049164739682,True,-5.644091036645138,False,0,1,0.5179273702749213,False,0.7245444577352472,False,2,1,False,False,False,25.0,17.338991696036565,11.762644653112138,0.569217826006172,4.0,False,4,2,2,4,-7.469328537679565,339.1199951171875,53177276.827049255,78.16326530612245,False,0.0,0,,,,0.0,0,,,,False,False,False,False,0,,none,0,0,False,-2,0.5,risk_on,6,False
NRG,107.13999938964844,-41.395651985575114,12.506558450990223,-35.534048523307085,-52.79522442896019,0.3302904525452647,False,0.8575970035636359,14.448381384846915,-36.648503538115364,3.3571248356140115,False,False,False,False,20,33.33333333333333,False,0.46243190733683226,1.8570104113287356,True,-0.9771804971123316,True,12.506558450990223,False,0,0,0.44552924221123835,False,0.44422960704483905,False,9,2,True,False,False,25.0,23.27416142652623,15.885753910794618,0.48658188304342803,23.0,False,1,2,2,4,-11.949376133350375,121.68000030517578,325119554.5668335,8.91156462585034,False,0.0,0,,,,0.0,0,,,,False,False,False,False,0,,none,0,0,False,-2,0.5,risk_on,6,False
NSC,318.0150146484375,-9.905659031566216,15.773024028028914,9.742714195266267,-7.518461710386838,0.2051250216256373,False,0.8216708729452474,2.1571262473711017,7.761433819377772,1.227085224532387,False,True,False,True,15,25.0,False,0.42307072403860874,0.7137784245533471,False,-2.31134520457752,True,0.1811404368097458,True,2,0,0.5931338610235848,False,0.5657428809133518,False,4,2,True,False,False,25.0,7.9059254344165595,4.128737411133746,0.47997793237016356,24.0,False,2,2,3,6,-4.111255690932614,331.6499938964844,299353270.74435425,52.10884353741496,False,0.0,0,,,,0.0,0,,,,False,True,False,False,1,,power_play,6,6,True,0,0.75,risk_on,6,False
NSIT,163.85000610351562,-0.9191443783950981,154.3070081133513,51.22289654914065,33.961720643487546,0.39280063994311615,True,0.8206814322413535,3.558133423181848,121.80858266056714,5.7710943322332175,False,True,False,True,28,46.666666666666664,True,0.3718084191344351,1.5234633021991335,False,2.058881327191048,True,1.9855610411383173,True,2,0,0.49611330475628657,False,0.5472916292885194,False,3,0,False,False,False,45.0,15.299702539642063,6.780592124807485,0.8196278465219075,16.0,True,10,3,6,7,-2.759640294649479,168.5,61384374.40152588,81.08843537414965,True,0.0,0,,,,0.0,0,,,,True,True,False,False,2,sepa_vcp,power_play,7,7,True,1,0.875,risk_on,6,False
NTAP,237.15499877929688,0.0,154.05770988785196,99.70108163886515,82.43990573321204,0.36513088847109276,True,1.0273185977781274,8.344757077348817,141.74318001939739,19.90242521330019,True,False,False,False,29,48.333333333333336,True,0.45544234140686013,1.7993989632132272,True,4.606548896553969,False,4.810621956646477,True,1,3,0.6629936485273527,True,2.0982917187226517,True,1,0,False,True,True,25.0,24.21455339041151,16.162426273260074,0.9839548498723317,2.0,True,11,4,5,5,-0.38852614442359545,238.0800018310547,538317144.6034027,91.9047619047619,True,0.0,0,,,,0.0,0,,,,False,False,False,False,0,,none,0,0,False,-1,0.625,risk_on,6,False
NTES,124.26000213623047,-16.736787958489362,14.861338509555067,-16.072390533699387,-33.333566439352495,0.9840148157732993,False,0.9453967444160528,7.03364344351298,10.658222846147014,6.945519859932747,False,False,False,True,26,43.333333333333336,True,0.4447016682401931,0.6211068741227558,True,0.8321854192952596,True,6.014847800379997,False,1,0,0.574599542050365,False,0.9409813513639833,False,4,3,True,False,False,35.0,11.202810427225723,7.524550090756392,0.68466686616173,34.0,False,2,3,3,5,-3.532617319813136,128.81037992725788,74193648.82090263,22.108843537414966,False,0.0,0,,,,0.0,0,,,,False,False,False,False,0,,none,0,0,False,-1,0.625,risk_on,6,False
NTLA,13.095000267028809,-53.198711646647226,62.87313842238782,-48.56637573480871,-65.82755164046182,0.9836185586787127,False,1.1775836736738174,11.683846519831654,-8.169705071206568,7.866555985983337,True,False,False,False,22,36.666666666666664,False,0.43620778063083254,2.5533905965881583,False,1.1265762974803666,True,6.810766905043764,False,0,1,0.5421777786851381,False,1.3172476800720723,True,6,2,True,True,True,35.0,18.113616858239677,14.509351506575982,0.7446725372420055,32.0,False,1,4,4,4,-4.624903833784777,13.729999542236328,68370432.98567262,4.965986394557823,False,0.0,0,,,,0.0,0,,,,False,False,False,False,0,,none,0,0,False,-2,0.5,risk_on,6,False
NTNX,74.12999725341797,0.0,115.43155356623198,7.79409753089173,-9.467078374761375,0.3661844771932,False,0.8323972386412458,2.724938240805437,98.73994308226114,6.203429817115325,False,False,False,True,28,46.666666666666664,True,0.3308564560344642,0.9703175421046125,False,3.7916956558429993,True,2.54529854003005,True,2,1,0.5952865147728699,False,1.8729351228409936,True,3,3,True,False,False,45.0,18.208813519426865,10.872788152197217,0.9785992957264745,30.0,True,7,5,4,7,-0.38968143330102567,74.41999816894531,179958543.33107033,49.523809523809526,False,0.0,0,,,,0.0,0,,,,False,True,False,False,1,,power_play,7,7,True,1,0.875,risk_on,6,True
NTR,67.18000030517578,-18.029843543557046,28.273208266201276,12.593263853174586,-4.667912052478519,1.0226098822762637,False,0.9540439311319261,8.082751787905105,-8.158928740544624,-12.184100879084781,False,True,False,False,27,45.0,True,0.5094930612681924,1.5316855182814524,True,-2.4726913396481702,True,-4.110758426746052,True,1,0,0.41091474795878213,False,0.4340558701455112,False,8,4,True,False,False,25.0,18.01680989508338,8.082751787905105,0.0013548565050866118,22.0,False,1,2,2,3,-17.99239970299612,81.91923682911397,179148690.28082886,54.82993197278911,False,0.0,0,,,,0.0,0,,,,False,False,False,False,0,,none,0,0,False,-3,0.375,risk_on,6,False
NTRA,402.15008544921875,-5.518731414061373,137.5790602580175,132.38282769607662,115.12165179042351,0.3441103372796206,True,1.2812753332548499,14.178282416581888,99.18281208834712,8.868694198991879,False,False,False,False,29,48.333333333333336,True,0.43402653191297513,2.08110741797928,False,3.1867056884623848,True,-1.9982747733232276,True,1,1,0.5012107780234571,False,3.090263171570818,True,3,0,False,False,False,25.0,26.693155682504376,14.178282416581888,0.6980257851301881,3.0,False,9,3,3,4,-8.060644729621913,437.4079895019531,769786825.1560943,94.76190476190476,True,0.0,0,,,,0.0,0,,,,False,False,False,False,0,,none,0,0,False,-2,0.5,risk_on,6,False
NTRS,169.22000122070312,-11.203761308707394,40.81088517464799,32.93569305933162,15.674517153678515,0.402061770001385,False,0.9418460393726898,3.3802158015841655,10.921327987106322,-4.873797402154478,False,False,False,True,22,36.666666666666664,False,0.3266410942415585,0.7394504218740449,False,-3.3745397881109125,True,-1.2718744185591047,True,2,0,0.5414059058505843,False,0.8710180756079858,False,6,2,True,False,False,25.0,12.437366045954237,5.974471420293702,0.13613258967773414,20.0,False,2,2,2,5,-10.744235197348562,189.58999633789062,185804747.424971,71.156462585034,False,0.0,0,,,,0.0,0,,,,False,False,False,False,0,,none,0,0,False,-1,0.625,risk_on,6,False
NTSK,20.690000534057617,-14.715579806854617,167.65847972840638,-5.783235898734718,-23.04441180438782,0.5702778515999628,False,0.9620044443687041,15.128076751928251,128.61878561328055,18.296173841143926,True,False,False,False,26,43.333333333333336,True,0.46101797137125694,2.7234592464074012,True,5.071458045918145,False,16.56338329046545,False,0,3,0.6315852998729012,True,4.38232219473936,True,1,0,False,False,False,25.0,35.73152579424359,18.593514332632193,0.9972974926995574,0.0,True,5,4,4,3,-0.09656470931489469,20.709999084472656,131025015.41574983,31.088435374149658,False,0.0,0,,,,0.0,0,,,,False,False,False,False,0,,none,0,0,False,-2,0.5,risk_on,6,False
NU,15.914999961853027,-15.165246440929181,37.19827102140654,3.5458690979301988,-13.715306807722905,0.6059135739846404,False,1.1076819627207064,7.602884620627877,6.454850601334727,16.593409572319317,False,False,False,True,25,41.66666666666667,True,0.37180265485402875,1.2638955988231075,False,2.333937757283434,True,18.50334773052502,False,1,2,0.6090387561506452,True,1.7679424374152364,True,4,2,True,True,True,45.0,25.209617270842692,24.624566015265863,0.9254097896108967,39.0,True,2,5,4,4,-1.8803906560609263,16.219999313354492,1177216504.0631893,42.993197278911566,False,0.0,0,,,,0.0,0,,,,False,False,False,False,0,,none,0,0,False,-2,0.5,risk_on,6,False
NUE,251.89999389648438,-8.09545213692524,93.38892563334996,84.44519301726801,67.1840171116149,0.3955105739016444,False,0.8409305858653165,5.033746820883619,33.45212797647798,1.658155803539163,False,False,False,True,27,45.0,True,0.3996815808092744,1.1629364620709846,False,-0.42472056919074824,True,4.78805047467028,True,2,0,0.4424439178524757,False,0.7708177492530707,False,5,2,True,False,False,25.0,14.299979929791165,10.273920408845907,0.5935491494713073,16.0,False,6,2,2,6,-5.812239005006859,267.444507901483,315437430.7649536,90.40816326530611,True,0.0,0,,,,0.0,0,,,,False,True,False,False,1,,power_play,6,6,True,0,0.75,risk_on,6,False
NVAX,12.765000343322754,0.0,105.2250928280086,48.60302813239264,31.341852226739533,1.8309361330311926,True,1.5506791977702576,24.36349805488547,57.39828463263723,26.26113527997982,False,False,False,False,20,33.33333333333333,False,0.357816983965116,3.280899073635283,False,3.2296866132214506,True,22.036331709078283,False,0,2,0.5001679121098119,False,2.8183352508367854,True,1,2,True,True,False,25.0,31.96415666098047,24.520172583294837,0.8539719860442709,4.0,False,7,4,4,5,-4.667662314972764,13.390000343322754,85758164.55835247,80.1360544217687,True,0.0,0,,,,0.0,0,,,,False,False,False,False,0,,none,0,0,False,-1,0.625,risk_on,6,False
NVDA,229.33999633789062,-4.138107727788154,39.16826043216162,19.379681057440035,2.1185051517869304,0.5135429647175584,True,0.8275178366716291,6.217840208659652,21.42212121412863,3.1808124936026916,False,False,False,True,30,50.0,True,0.44251636038213665,0.9093001819925852,True,1.4235679488163504,True,-1.9705068050808516,True,2,1,0.23416987128274624,False,0.5854700804582728,False,2,2,True,False,False,35.0,14.93677859008889,7.124791400893119,0.6140476795110571,3.0,False,5,4,4,6,-5.764884357474365,243.3699951171875,24345419805.06208,61.08843537414966,False,0.0,0,,,,0.0,0,,,,False,True,False,False,1,,power_play,6,6,True,0,0.75,risk_on,6,False
NVMI,351.9599914550781,-41.8872323507982,27.62346544817671,8.609514937566388,-8.651660968086716,0.1737511249961207,False,0.8159965391628038,15.186388653453886,-30.583990631236514,-1.1653685847610729,True,True,False,False,22,36.666666666666664,False,0.35161907544516324,1.2519699237675657,False,-1.7386350337512655,True,-11.148137990117146,False,0,0,0.4765197037215816,False,1.0489557758308659,False,4,1,False,False,False,25.0,18.027604195842624,15.962039447586388,0.30891266782988297,5.0,False,0,1,3,3,-12.45864888912369,402.04998779296875,168914969.71790314,50.61224489795918,False,0.0,0,,,,0.0,0,,,,False,False,False,False,0,,none,0,0,False,-3,0.375,risk_on,6,False
NVO,38.474998474121094,-36.86192435354928,12.085846775183873,-31.159271911999543,-48.420447817652644,0.40150895010691656,False,0.5728385199535768,4.665372462197563,2.597804205435872,-11.019895974515281,False,False,True,True,22,36.666666666666664,False,0.49001795245614926,1.0824497524156445,True,-6.578936621139372,True,3.0948520598649942,True,3,1,0.6217398198008695,True,0.6398516163106982,False,5,2,True,False,False,25.0,21.159612428730494,5.328143295799421,0.16430732795778763,24.0,False,0,3,2,4,-17.682933049943394,46.7400016784668,592705944.9323356,10.884353741496598,False,0.0,0,,,,0.0,0,,,,False,False,False,False,0,,none,0,0,False,-2,0.5,risk_on,6,False
NVR,5923.56982421875,-26.84467165743,6.46970316897213,-22.255111507129744,-39.516287412782845,0.3323288646340017,False,1.0059883510212733,3.952175296796242,-12.65348496616111,-3.689155181621573,False,False,False,True,17,28.333333333333332,False,0.4094601024565106,0.9433848181269402,False,-2.1800055529399245,True,-1.17253972475857,True,2,0,0.5333810852853402,False,0.4149793028209616,False,8,1,False,False,False,25.0,8.700980448402118,9.376266076883834,0.17226867485026098,9.0,False,0,1,1,3,-7.20207407665786,6383.2998046875,251938787.6631836,17.755102040816325,False,0.0,0,,,,0.0,0,,,,False,False,False,False,0,,none,0,0,False,-3,0.375,risk_on,6,False
NVS,143.74000549316406,-12.160484986014897,21.6050744939025,13.013116037969908,-4.248059867683196,0.7297653947642257,False,0.6775388630365509,3.4576325523651703,-6.9463298004434515,2.4008053666761953,False,True,False,True,24,40.0,True,0.47925637780862534,0.654671350761319,True,-2.4929441984074967,True,1.9432663072085576,True,2,2,0.61361021966277,True,0.628704847817046,False,2,0,False,False,False,25.0,14.869815301608805,5.370809048056055,0.28165514233464006,24.0,False,2,3,3,6,-10.681655356344367,160.92999267578125,269428985.98072815,55.10204081632652,False,0.0,0,,,,0.0,0,,,,False,True,False,False,1,,power_play,6,6,True,0,0.75,risk_on,6,False
NVST,22.735000610351562,-24.867810844720328,19.97361316636166,12.60525016827463,-4.655925737378475,0.3527314736272348,False,0.7577955954396152,6.4218123830086835,-15.514675810977563,-2.633831953194399,False,True,False,True,18,30.0,False,0.33360167843424754,1.1151533286540984,False,-5.33775090915501,True,-3.0903601978439332,True,2,0,0.43358625977377024,False,0.799895475804754,False,8,2,True,False,False,25.0,18.97491555770395,7.741360344331161,0.08524899489656286,24.0,False,0,2,3,4,-17.357323078162533,27.510000228881836,70200950.69656391,54.89795918367347,False,0.0,0,,,,0.0,0,,,,False,False,False,False,0,,none,0,0,False,-2,0.5,risk_on,6,False
NVT,167.56500244140625,-8.97964745417461,77.23020928468911,72.60464673624529,55.34347083059218,0.4272678052611913,True,0.9013587306828659,9.411275649863315,26.18961271886462,6.134404141792693,False,True,False,False,26,43.333333333333336,True,0.4915958328531723,1.6986079234685654,True,1.1846446516464646,True,-1.1765718010806725,True,1,0,0.5078099178679965,False,0.6235416666666667,False,4,0,False,False,False,25.0,18.216438903615174,10.58096587546009,0.7386895724635301,3.0,False,6,2,4,6,-4.760145438095664,175.94000244140625,307902397.41012573,87.95918367346938,True,0.0,0,,,,0.0,0,,,,False,True,False,False,1,,power_play,6,6,True,0,0.75,risk_on,6,False
NVTS,10.6899995803833,-66.37307558188232,49.71988487788395,33.62499475479126,16.363818849138156,0.6176689526522972,False,0.9028704007073255,20.20579917866246,8.859469578371048,-6.474196894442685,False,False,False,False,29,48.333333333333336,True,0.48856595044672635,2.9585279471221377,True,-1.8289562684283451,True,-13.790323312523235,False,0,0,0.3326173753609246,False,0.6280043167079764,False,4,2,True,False,False,25.0,22.167482415387152,24.368565430223555,0.14358948108366124,5.0,False,2,2,2,3,-18.984465118430528,13.194999694824219,178495082.15544605,71.83673469387755,False,0.0,0,,,,0.0,0,,,,False,False,False,False,0,,none,0,0,False,-3,0.375,risk_on,6,False
NWG,17.09950065612793,-10.47382034234211,26.384499687953024,25.509874155710534,8.24869825005743,0.7630083665711849,False,1.2105436568434853,5.3217919383277055,3.693030535619024,-8.411887593723911,False,False,False,True,28,46.666666666666664,True,0.3742110089482504,0.6863833310926589,False,-3.254318668194276,True,-3.2286328109947027,True,2,0,0.543118253311273,False,0.9207434988953047,False,7,2,True,False,False,25.0,11.38510040449602,9.766367509073834,0.09654435903859085,14.0,False,2,2,2,5,-10.285933183353945,19.059999465942383,73486689.90000772,66.46258503401361,False,0.0,0,,,,0.0,0,,,,False,False,False,False,0,,none,0,0,False,-1,0.625,risk_on,6,False
NWSA,29.174999237060547,-6.1456689760920336,31.22989976456676,11.094090096735322,-6.167085808917783,0.37208961889911013,False,1.034193093559412,3.684657699066076,17.374358631216612,-2.0315696293998653,False,True,False,True,22,36.666666666666664,False,0.428178133886279,1.1366705285429115,False,-0.29379490509609346,True,1.6904799371725066,True,2,1,0.6527399714813298,True,0.7573770333798855,False,5,2,True,False,False,65.0,16.961461149433454,4.712939283485427,0.5555243699016487,30.0,False,2,3,2,6,-7.538956131783136,31.55382852765882,130102601.43157463,53.673469387755105,False,0.0,0,,,,0.0,0,,,,False,True,False,False,1,,power_play,6,6,True,0,0.75,risk_on,6,False
NXPI,225.8800048828125,-31.56398139321579,24.800317259963812,3.81615361731249,-13.445022288340613,0.3502474179714264,False,0.9783262826779705,9.376663483586603,9.454853419848618,-0.9254794330950777,False,True,False,False,25,41.66666666666667,True,0.41821972825677395,1.3815812426514973,False,-0.5390573466433252,True,-7.297052660293368,False,0,0,0.545128641416809,False,0.8622778103441211,False,5,1,False,False,False,35.0,13.072996028130701,10.930583454792968,0.29365037891790724,5.0,False,1,1,2,4,-9.234105790877823,248.86000061035156,756284746.2052933,43.53741496598639,False,0.0,0,,,,0.0,0,,,,False,False,False,False,0,,none,0,0,False,-2,0.5,risk_on,6,False
NXST,161.4250030517578,-35.11118256134066,5.386185270069843,-15.916492160807627,-33.17766806646073,0.3711125885391362,False,0.770750050782208,6.139076025869378,-10.697780779519139,3.127198818523458,True,False,False,True,20,33.33333333333333,False,0.3940822376144231,1.447899973900159,False,-2.717670323954731,True,3.863727289640617,True,2,0,0.4972510015178302,False,0.3719450929467371,False,7,2,True,False,False,25.0,13.915582266084204,7.594854746823208,0.33340091737635047,24.0,False,0,2,3,4,-9.276114372745658,177.92999267578125,61463022.438539885,22.176870748299322,False,0.0,0,,,,0.0,0,,,,False,False,False,False,0,,none,0,0,False,-2,0.5,risk_on,6,False
NXT,85.7300033569336,-45.18541770936688,10.008986296949573,2.242104850356963,-15.019071055296141,0.3106245756958588,False,0.8012416270923441,10.947161750544172,-23.146570137558907,6.536600045281449,False,False,False,False,22,36.666666666666664,False,0.4726448824614052,2.064060557982045,True,-0.50102026329775,True,1.6963229577794836,True,1,0,0.5182304963023141,False,0.7780637429121663,False,6,1,False,False,False,25.0,15.348969558189655,15.881251989556105,0.6480952297374085,3.0,False,1,1,1,3,-5.401375606142245,90.625,172805021.45804366,41.36054421768707,False,0.0,0,,,,0.0,0,,,,False,False,False,False,0,,none,0,0,False,-3,0.375,risk_on,6,False
NYT,66.37000274658203,-22.178452520016624,22.894416177465814,21.450176069094653,4.189000163441548,0.25277704297934284,False,1.2030492771960657,7.79358836112884,-15.783235602796742,-5.128736151144064,False,True,False,True,22,36.666666666666664,False,0.42923795190707587,1.7547937123837585,False,-0.04816157200501254,True,6.234637007954547,False,1,2,0.7187206876585186,True,1.2849477921081516,True,4,1,False,False,False,25.0,19.74132003439377,12.387552377650755,0.5282150095549797,18.0,False,1,3,3,5,-9.313658483798548,73.18632733102899,230678466.7819725,62.585034013605444,False,0.0,0,,,,0.0,0,,,,False,False,False,False,0,,none,0,0,False,-1,0.625,risk_on,6,False
O,54.21500015258789,-17.227397304313584,1.621371514914638,-2.483169554622311,-19.744345460275415,0.29318130482249743,False,0.8837461805772532,2.2502949415700115,-12.076208875515537,-3.8408745551617662,False,False,False,True,19,31.666666666666664,False,0.5193088446324075,0.8468486026096749,True,-6.404727443630778,True,0.15702767928214012,True,2,0,0.48046793261567994,False,0.2911970911803095,False,6,3,True,False,False,25.0,13.612352280163758,4.215048569027237,0.12716401604201483,24.0,False,0,2,1,4,-11.881350896439457,61.52500146577629,520104018.23174417,35.578231292517,False,0.0,0,,,,0.0,0,,,,False,False,False,False,0,,none,0,0,False,-2,0.5,risk_on,6,False
OC,114.2750015258789,-28.09274928105966,18.58513022371817,-9.713898315383107,-26.97507422103621,0.4629843240417251,False,0.9687749666406338,6.816889793489267,-2.893791343430485,-7.768361486250375,False,False,False,True,18,30.0,False,0.5053632618287144,1.86608509274055,True,-4.563234847971048,True,-3.4513341191343194,True,2,0,0.5152402088558762,False,0.7033477741911435,False,7,1,False,False,False,25.0,19.232702802031664,9.302126222597522,0.05340545715870895,24.0,False,0,1,1,3,-18.20557151649158,139.7100067138672,139623336.29796678,28.163265306122447,False,0.0,0,,,,0.0,0,,,,False,False,False,False,0,,none,0,0,False,-3,0.375,risk_on,6,False
ODFL,182.0500030517578,-26.694506482170034,45.048229744321944,29.6584156538237,12.397239748170595,0.4435675287239877,False,0.8034595025110021,4.009889002683719,-12.07250529518149,5.231215636854225,False,False,False,True,19,31.666666666666664,False,0.44246183101829245,1.2135934475187995,True,-2.200805848312133,True,0.8699065610511703,True,2,0,0.5153798224943436,False,0.9571005467231417,False,4,1,False,False,False,25.0,10.195336081870012,5.580886290466488,0.6438215403921966,23.0,False,2,2,3,4,-3.6313591008243162,188.91000366210938,323247656.35509646,69.25170068027211,False,0.0,0,,,,0.0,0,,,,False,False,False,False,0,,none,0,0,False,-2,0.5,risk_on,6,False
OGE,46.45500183105469,-6.108610978135342,13.409566768731151,6.282399139330663,-10.97877676632244,0.46377748166241034,False,0.9921055346371052,4.520508462050107,-2.663787426452724,3.051528218139987,False,False,False,True,23,38.333333333333336,False,0.47388362502194104,0.795635556643383,True,0.8557100197628954,True,3.437907441933552,True,2,1,0.6445438052321495,True,0.906892314920014,False,5,1,False,False,False,25.0,7.640920477393992,5.595203388681538,0.7264336727979398,23.0,True,2,4,3,5,-2.0902985514436923,47.44678121142373,89625220.90082169,47.68707482993197,False,0.0,0,,,,0.0,0,,,,False,False,False,False,0,,none,0,0,False,-1,0.625,risk_on,6,False
OHI,44.36000061035156,-13.062836760069828,19.384744014469035,17.038620091191568,-0.22255581446153627,0.2704593718564882,False,0.8853823483405484,6.289451932235292,0.4280628046533952,-4.9292739918174515,False,False,False,True,23,38.333333333333336,False,0.4862922097185843,0.9008944446876039,True,-2.9511525680565165,True,-2.974629427034492,True,2,0,0.4043802694753912,False,0.4371712796592018,False,5,1,False,False,False,25.0,9.479165077209473,7.777278438842905,0.2,19.0,False,0,1,1,3,-7.583332061767578,48.0,97267679.0667038,58.77551020408164,False,0.0,0,,,,0.0,0,,,,False,False,False,False,0,,none,0,0,False,-3,0.375,risk_on,6,False
OKE,89.86499786376953,-7.8402257255416385,45.0578388512106,32.972903468196215,15.71172756254311,0.19464489749909053,False,0.9589062518638578,4.495624973203943,7.847443303292256,-3.846566719366029,False,False,False,True,30,50.0,True,0.4507805760467861,1.1907264053558353,True,-0.9406909300683394,True,2.25876271323433,True,2,0,0.49548726835063145,False,0.8325254924590978,False,4,1,False,False,False,55.0,16.39458724822138,7.722689564331126,0.39004254192672794,27.0,False,3,1,1,4,-10.000000764085593,99.8499984741211,344441126.60753787,71.29251700680273,False,0.0,0,,,,0.0,0,,,,False,False,False,False,0,,none,0,0,False,-2,0.5,risk_on,6,False
OKLO,34.33000183105469,-80.28597567969476,0.0,-75.14660058096736,-92.40777648662046,0.4988900874940277,False,0.6817074569816485,16.31225801175278,-36.35520447704311,-9.65788991827714,False,False,False,False,18,30.0,False,0.4548937925119909,2.565954461584543,True,-3.2695263000932178,True,-4.29327333896622,True,1,0,0.28508947498603215,False,0.4979045395241319,False,6,1,False,False,False,25.0,24.743185168374847,16.31225801175278,0.05685931235593748,23.0,False,0,1,1,2,-23.336304674205422,44.779998779296875,368194790.78955764,0.3401360544217687,False,0.0,0,,,,0.0,0,,,,False,False,False,False,0,,none,0,0,False,-4,0.25,risk_on,6,False
OKTA,229.08999633789062,0.0,264.0394012822669,144.64972002468392,127.38854411903081,0.3725726893073832,True,1.0381690419976846,8.18455641875569,249.96944629079834,25.618249970715713,False,True,False,False,30,50.0,True,0.5136014160597405,2.657329589387105,True,6.027454600870283,False,8.321901928030083,False,0,3,0.6150015124699779,True,3.362075868783266,True,1,1,False,False,False,25.0,27.860715780994965,17.133004769928576,0.9896890529800172,0.0,True,12,4,5,5,-0.2872703643566399,229.75,750648248.9206085,95.37414965986395,True,0.0,0,,,,0.0,0,,,,False,False,False,False,0,,none,0,0,False,-1,0.625,risk_on,6,False
OLED,74.37000274658203,-49.8340861786412,2.016462537632857,-46.572985746767195,-63.8341616524203,0.4829393067388892,False,0.9132582220787061,13.446281606409634,-25.134080219028988,-5.019157282251929,False,False,False,False,29,48.333333333333336,True,0.4833541929122199,1.9376372997928197,True,-2.5668813885570763,True,-7.4654719359894095,False,0,0,0.5496638853350163,False,0.708836968502622,False,4,2,True,False,False,25.0,15.537499434143859,13.957246873020393,0.27652657276305037,20.0,False,1,2,2,3,-11.24096796631222,83.78865907230207,59106104.0874176,5.510204081632653,False,0.0,0,,,,0.0,0,,,,False,False,False,False,0,,none,0,0,False,-3,0.375,risk_on,6,False
OLLI,85.82499694824219,-35.39706962349097,38.695855634794164,-32.14342609871753,-49.40460200437064,0.43914407493542224,False,0.8103984653495023,6.315174321781693,-6.396559425235093,13.165876967959367,False,True,False,True,31,51.66666666666667,True,0.4953360713901302,1.723251102401125,True,2.9126319434268986,True,-2.5325118950712433,True,2,0,0.5646622592674293,False,1.0104788730077,False,4,2,True,False,False,25.0,20.259537682074022,7.5036442416537135,0.803147304182391,4.0,False,2,3,3,4,-3.9881446087347006,89.38999938964844,145229458.3720993,10.408163265306122,False,0.0,0,,,,0.0,0,,,,False,False,False,False,0,,none,0,0,False,-2,0.5,risk_on,6,False
OLN,15.0600004196167,-49.097597984888864,0.0,-37.16681098176202,-54.42798688741512,0.521203204504685,False,0.8778888503216774,10.55776331083291,-47.86957426543612,-10.570069577449793,False,False,False,False,19,31.666666666666664,False,0.4400316333558444,1.7505573023883625,True,-3.6344449053593064,True,-5.283013956394167,False,0,0,0.3920753055519701,False,1.0434921212495236,False,6,2,True,False,False,25.0,18.261350131626862,11.288179029867546,0.03293430356813987,22.0,False,0,2,2,4,-17.65992528282777,18.290000915527344,66133081.97618313,8.027210884353742,False,0.0,0,,,,0.0,0,,,,False,False,False,False,0,,none,0,0,False,-2,0.5,risk_on,6,False
OMC,76.70999908447266,-12.86396475502154,17.598981595811015,2.9529780493646296,-14.308197856288475,0.3535875126201037,False,0.7999734279184617,3.5588525096093475,3.0622651073183738,0.1828384356881596,False,True,False,True,22,36.666666666666664,False,0.47886092899739857,1.043383425153568,True,-2.2680567178586752,True,3.452457863672853,True,2,1,0.45424482044733655,False,0.2942695876354447,False,2,3,True,False,False,25.0,11.232563813124447,4.23673580861488,0.33057573520625905,24.0,False,1,3,3,5,-7.519350772349609,82.94708106518944,231414650.4481613,42.04081632653061,False,0.0,0,,,,0.0,0,,,,False,False,False,False,0,,none,0,0,False,-1,0.625,risk_on,6,False
OMF,56.03499984741211,-17.145409386619768,17.828485778191183,9.523269494884424,-7.73790641076868,0.40233671399594323,False,0.9660772422598859,2.3021342358171175,2.0972941008268853,-7.852329251839462,False,True,False,True,22,36.666666666666664,False,0.5147574684208606,1.1477277539914743,True,-3.9256604399291097,True,0.026775061631334474,True,2,0,0.5494510129786736,False,0.3876669234081708,False,6,2,True,False,False,25.0,17.13848081064216,4.9433330072442825,0.16830346742452007,24.0,False,0,2,3,4,-14.25401506382249,65.3499984741211,52498276.00517464,51.76870748299319,False,0.0,0,,,,0.0,0,,,,False,False,False,False,0,,none,0,0,False,-2,0.5,risk_on,6,False
ON,76.74500274658203,-42.697672706988854,70.92427647769388,53.582151034220374,36.32097512856727,0.4463078811881188,False,0.9876120468163991,14.515602307597252,8.061118521715049,9.66704639201501,False,False,False,False,22,36.666666666666664,False,0.42602105684311187,2.2851076819492886,False,0.09960145295292648,True,-9.594765816501605,False,0,0,0.522647082687264,False,1.0055561198999663,False,4,1,False,True,False,25.0,24.298200140474957,16.69163737070068,0.5182292720284368,3.0,False,2,1,1,2,-11.706161570075357,86.91999816894531,935290723.7855949,82.10884353741497,True,0.0,0,,,,0.0,0,,,,False,False,False,False,0,,none,0,0,False,-4,0.25,risk_on,6,False
ONB,24.604999542236328,-9.332740135360185,28.599161899232527,15.887060094313332,-1.374115811339772,0.37223420930939527,False,1.0985589938717053,3.9016501104719605,5.4370324999217345,-2.6315825226787326,True,False,False,True,22,36.666666666666664,False,0.459679408927069,0.9256977017807817,True,-2.1040781424529675,True,-1.4222738592052697,True,2,0,0.4472810238264553,False,0.4247879225319631,False,6,2,True,False,False,25.0,7.921927903971235,5.64926365721336,0.26328509982714077,24.0,False,1,2,3,5,-5.836202324950756,26.1299991607666,123868156.32476941,57.3469387755102,False,0.0,0,,,,0.0,0,,,,False,False,False,False,0,,none,0,0,False,-1,0.625,risk_on,6,False
ONC,355.6000061035156,-5.7938366085945825,36.62735663497343,5.896372552209317,-11.364803353443786,0.27290266163851995,False,1.038189624998938,7.86135716885446,16.346024427640682,1.3567466125044225,False,True,False,True,27,45.0,True,0.47203174327375064,1.0719899412492193,True,-0.09509478931519111,True,-0.6898095819755756,True,2,1,0.5942974711470044,False,1.2681464706069983,True,6,3,True,False,False,55.0,18.43815853721217,10.139199116123072,0.6517520438696975,32.0,False,2,4,3,5,-6.421051025390623,380.0,127779123.44408265,47.3469387755102,False,0.0,0,,,,0.0,0,,,,False,False,False,False,0,,none,0,0,False,-1,0.625,risk_on,6,False
ONDS,6.710000038146973,-52.10563933957544,27.809524536132812,-36.03431663915345,-53.29549254480656,0.45279972016847236,False,0.8093686112358108,15.633386844268966,-29.14466896575685,-9.201621659324942,False,False,False,False,23,38.333333333333336,False,0.4553009670371046,2.2748964376595535,True,-3.1941367915981718,True,-7.3204385321318455,False,0,1,0.258013003037468,False,0.47739039287516655,False,2,4,True,False,False,25.0,16.7919818218681,19.001491626213678,0.052238928127126195,12.0,False,0,3,2,3,-15.914786690363524,7.980000019073486,443907821.2640139,8.503401360544217,False,0.0,0,,,,0.0,0,,,,False,False,False,False,0,,none,0,0,False,-3,0.375,risk_on,6,False
ONON,35.02000045776367,-30.831523367638482,30.866966211632874,-19.12239936533303,-36.383575270986135,0.5192409254363434,False,1.043655231057317,12.235864624216921,2.4276158654370272,28.466618355564634,False,False,False,False,26,43.333333333333336,True,0.4530435853824184,1.7260805226108247,True,3.3008296006664217,True,13.517017908365037,False,0,1,0.7897454735660389,True,0.8833787597810177,False,4,1,False,True,False,45.0,32.48399414539204,16.961732007608042,0.6823020142715093,43.0,False,2,2,1,2,-10.320099508407132,39.04999923706055,379902018.2431793,20.136054421768705,False,0.0,0,,,,0.0,0,,,,False,False,False,False,0,,none,0,0,False,-4,0.25,risk_on,6,False
ONTO,292.6300048828125,-22.67670882707513,141.16533188936108,114.22400571567852,96.96282981002541,0.4156144486962291,True,0.7809601198231867,14.2979173836415,15.842604875406895,11.084543529168078,False,False,False,False,26,43.333333333333336,True,0.4577534919683697,1.9210818753687549,True,0.31340692090493705,True,-10.720927878907672,False,0,0,0.5461666984492136,False,0.9292982980863272,False,3,1,False,False,False,25.0,29.207901274395905,20.290127126156285,0.5313810200559255,5.0,False,5,1,2,2,-13.687376901514636,339.0350036621094,233098058.85691682,93.12925170068027,True,0.0,0,,,,0.0,0,,,,False,False,False,False,0,,none,0,0,False,-4,0.25,risk_on,6,False
OPCH,31.079999923706055,-15.058759786564613,59.22130735065958,15.970152270477978,-1.2910236351751259,0.49301502537248243,False,1.3580351990580226,27.863577441024233,7.431730369341283,27.90123826960931,False,False,False,False,26,43.333333333333336,True,0.3985692465260361,1.1177483304650013,False,6.748029585730512,False,37.279155307383064,False,0,0,0.46697623032608854,False,0.2942856813693535,False,4,3,True,True,True,25.0,28.351010998982257,28.378377466136428,0.9965985614871264,3.0,True,2,2,3,2,-0.09643422069084417,31.110000610351562,195292692.16202012,57.68707482993197,False,0.0,0,,,,0.0,0,,,,False,False,False,False,0,,none,0,0,False,-3,0.375,risk_on,6,False
ORA,89.33499908447266,-38.364684430884935,0.7840700582240512,-15.873897747271881,-33.13507365292499,0.2685999309278876,False,0.8337772524410313,7.1080747066630785,-20.275161377319773,-8.223749285577009,True,True,False,True,19,31.666666666666664,False,0.4511943033167889,1.2249448346279823,True,-3.969175199661018,True,-3.7960386632669874,True,2,0,0.5370956526895141,False,0.4208593841666806,False,8,2,True,False,False,25.0,20.76811090756955,7.511052950398388,0.09969331973281739,23.0,False,0,2,4,4,-18.6976689866146,109.87999725341797,78768368.98330116,22.244897959183675,False,0.0,0,,,,0.0,0,,,,False,False,False,False,0,,none,0,0,False,-2,0.5,risk_on,6,False
ORCL,141.9250030517578,-54.2191876457722,23.42378092736257,-51.746374855231814,-69.00755076088493,0.5606600508108421,False,0.8929355470145877,8.65245623762189,-8.482996853204172,-3.8513634137842256,True,True,False,False,27,45.0,True,0.43340664962032266,2.040003481423967,False,-0.627543297921644,True,-0.2635277526055968,True,1,0,0.4353999763149661,False,1.089744113384854,False,4,3,True,False,False,25.0,22.91739649476915,10.822617777045256,0.2644428044971308,23.0,False,1,2,3,4,-16.857055893919682,170.6999969482422,4334495500.791588,3.8095238095238098,False,0.0,0,,,,0.0,0,,,,False,False,False,False,0,,none,0,0,False,-2,0.5,risk_on,6,False
ORI,38.31999969482422,-13.420805225904608,8.807127528132064,-3.013147163831842,-20.274323069484947,0.23421421303784432,False,0.9481125400533423,2.8966613235685577,-6.15702858806253,-4.080102720867385,False,True,False,True,20,33.33333333333333,False,0.5042393010494564,0.9143354364049601,True,-3.54861378649672,True,0.6831274623013028,True,2,0,0.5223734634016644,False,0.4200307531590684,False,7,2,True,False,False,25.0,12.304773201073639,4.384134442993471,0.242307511730201,24.0,False,0,2,2,4,-9.323234224317023,42.2599983215332,61749313.03635311,34.69387755102041,False,0.0,0,,,,0.0,0,,,,False,False,False,False,0,,none,0,0,False,-2,0.5,risk_on,6,False
ORKA,81.26000213623047,-28.13936963174476,231.8089134164181,218.0430706955246,200.7818947898715,0.5484056002113288,False,0.9207165933544539,11.567808612803168,32.388401306891154,-14.4271241368223,False,False,False,False,20,33.33333333333333,False,0.40462404995544254,2.1748771226036117,False,-2.8988511296250765,True,-3.857068902407923,True,1,0,0.42774041150571984,False,0.49714192878485003,False,7,2,True,False,False,25.0,22.85074664286074,13.142997814928695,0.241763157903676,15.0,False,4,2,2,2,-17.326277974025906,98.29000091552734,92777125.27952194,97.48299319727892,True,0.0,0,,,,0.0,0,,,,False,False,False,False,0,,none,0,0,False,-4,0.25,risk_on,6,False
ORLY,86.30000305175781,-16.25424503052868,4.315241810666515,-13.457679507287402,-30.718855412940506,0.20149657602246018,False,0.9420081563067533,4.252604912127589,-8.2012540253962,1.876996794321295,False,False,False,True,20,33.33333333333333,False,0.45806452067411696,0.9168919174074259,True,-0.943318457360131,True,1.6490005897728643,True,2,1,0.5444633794651356,False,1.3908232213189518,True,6,2,True,False,False,25.0,6.077787120952589,4.646575162263867,0.6473882137255069,24.0,True,1,5,4,5,-2.143099373315205,88.19000244140625,536427940.9943512,24.5578231292517,False,0.0,0,,,,0.0,0,,,,False,False,False,False,0,,none,0,0,False,-1,0.625,risk_on,6,False
OSCR,33.2599983215332,-1.6267466117061424,206.54375255448468,61.92793008295388,44.666754177300774,0.5987505948689846,True,0.8317161159665067,9.92182622848799,114.85787664776814,3.5169536752345243,False,False,False,False,24,40.0,True,0.39540997328840294,2.117497600932655,False,1.5433630745188662,True,7.498376688525976,False,0,2,0.6256547708776122,True,1.2114566434388936,True,3,0,False,False,False,25.0,17.92343499774581,15.48406457734563,0.802588808987377,19.0,False,9,3,3,6,-3.538286649942335,34.47999954223633,168468347.29060858,84.89795918367346,True,0.0,0,,,,0.0,0,,,,False,True,False,False,1,,power_play,6,6,True,0,0.75,risk_on,6,False
OSK,124.79000091552734,-29.298275068060754,6.440012942146622,-4.385886560153596,-21.647062465806698,0.43562791811325274,False,0.947685990436225,9.019149908522465,-17.0906548532898,-14.883022716039463,False,False,False,False,21,35.0,False,0.5573103221187166,1.7288175342697418,True,-4.668140922772857,True,-6.768774579645176,False,0,0,0.4356679482427134,False,0.80424013549309,False,6,2,True,False,False,25.0,21.751571751240665,9.019149908522465,0.01084285123397215,24.0,False,0,2,2,3,-21.515722694636896,159.0,95376217.56790619,33.06122448979592,False,0.0,0,,,,0.0,0,,,,False,False,False,False,0,,none,0,0,False,-3,0.375,risk_on,6,False
OTIS,66.33000183105469,-28.288423859168923,3.559716894087339,-24.476961623568727,-41.73813752922183,0.41315917749778697,False,1.0498138207445011,4.733905175588791,-17.896074672023655,-3.196139695423239,False,False,False,True,19,31.666666666666664,False,0.4264370875221182,1.0749907467147892,False,-2.2238028687499343,True,3.559716894087339,True,2,0,0.5010451298993943,False,0.7032566330520128,False,6,2,True,False,False,25.0,11.136114554172252,5.058042287985538,0.34580160603226906,24.0,False,0,2,2,4,-7.285228256380161,71.54199981689453,338132595.13634336,15.510204081632653,False,0.0,0,,,,0.0,0,,,,False,False,False,False,0,,none,0,0,False,-2,0.5,risk_on,6,False
OUST,39.94499969482422,-36.108446253435865,140.19844684696216,29.48135883595473,12.220182930301625,0.34215441161621263,False,0.9344747310888452,18.575546477232812,82.56399098245981,13.965764805460768,False,False,False,False,25,41.66666666666667,True,0.4088168888611382,2.5960827943554294,False,0.08054511217079165,True,-10.013516007978984,False,0,1,0.4162759206258017,False,1.0530288055490664,False,2,2,True,False,False,25.0,30.04989895480275,18.575546477232812,0.5563176075978863,3.0,False,5,3,2,3,-13.332611059708665,46.09000015258789,97183723.51174316,69.1156462585034,False,0.0,0,,,,0.0,0,,,,False,False,False,False,0,,none,0,0,False,-3,0.375,risk_on,6,False
OVV,64.1050033569336,-4.278031673208105,82.32385162418817,67.51440591182916,50.253230006176054,0.6050059639533028,True,0.9353049851255942,8.049293467284413,14.886708890658639,2.781793257594334,False,False,False,False,31,51.66666666666667,True,0.5120159304961596,1.4504944917264535,True,0.8052632999263258,True,6.2396473232097405,False,0,1,0.5492931991979906,False,1.2590420084353713,True,5,1,False,False,False,65.0,19.478262839149053,11.371968697883014,0.748292050766602,18.0,False,7,3,3,5,-4.902833593871314,67.41000366210938,193782842.02119368,87.00680272108843,True,0.0,0,,,,0.0,0,,,,False,False,False,False,0,,none,0,0,False,-1,0.625,risk_on,6,False
OWL,9.675000190734863,-39.16702070215656,22.63336171818682,-35.72294048973864,-52.984116395391744,0.7674262349430876,False,0.8700495749549028,9.61240606554596,19.440531760787707,-1.6768288546177845,False,False,False,False,21,35.0,False,0.3835901351290698,1.434601409377056,False,-2.9767178300319337,True,6.55286643202917,False,0,1,0.6017363870658046,True,0.3717199986054747,False,6,2,True,False,False,25.0,26.733498227894692,9.715757745239934,0.28281243341043194,24.0,False,1,3,2,5,-19.17293254049033,11.970000267028809,174627131.58206075,8.775510204081632,False,0.0,0,,,,0.0,0,,,,False,False,False,False,0,,none,0,0,False,-1,0.625,risk_on,6,False
OXY,60.439998626708984,-7.913961883406772,57.47020719917111,38.462417078890795,21.20124117323769,0.4110606624333996,True,0.9821708832740302,5.9894093549582825,5.059916177427581,2.7192360128685644,False,False,False,True,30,50.0,True,0.4869283068724007,1.2971200983901345,True,1.2087840121843534,True,4.063355236315491,True,2,0,0.5755791764155618,False,0.8973722555981435,False,4,1,False,False,False,65.0,19.03234620875171,10.208474725073865,0.7256305687181523,18.0,False,5,2,3,5,-5.221894005254435,63.77000045776367,551413001.1389008,75.51020408163265,False,0.0,0,,,,0.0,0,,,,False,False,False,False,0,,none,0,0,False,-1,0.625,risk_on,6,False
OZK,44.59000015258789,-16.010548079807574,7.650645733442141,-9.801495401412252,-27.062671307065358,0.45822974031100555,False,1.162207285912675,8.073564199369988,-6.235269797981102,-6.871346788081545,False,False,False,False,21,35.0,False,0.4296176525134226,1.0921716588711026,False,-4.021131929955178,True,-4.538640491195167,True,1,0,0.45756405781323933,False,0.5717802737943152,False,6,2,True,False,False,25.0,14.291372041334949,8.768781865961001,0.17867045670689183,24.0,False,0,2,2,4,-11.737926071741523,50.52000045776367,71196413.6364092,27.95918367346939,False,0.0,0,,,,0.0,0,,,,False,False,False,False,0,,none,0,0,False,-2,0.5,risk_on,6,False
P,155.0,0.0,171.9775319090146,65.56290905007359,48.30173314442048,0.28256666603496877,True,1.1102567297487136,10.832263577368952,145.0592885375494,48.838103426575465,True,True,False,False,31,51.66666666666667,True,0.433065111093706,2.281592686279364,False,6.418494434472595,False,10.603682513965529,False,0,2,0.6542840774855568,True,0.5569299941690298,False,2,1,False,False,False,,,,,,False,10,2,5,5,,,954431082.3869263,86.05442176870748,True,0.0,0,,,,0.0,0,,,,False,False,False,False,0,,none,0,0,False,-1,0.625,risk_on,6,False
PAA,24.325000762939453,-6.80076472255714,66.14580106950618,62.85782640906214,45.59665050340904,0.44339528210603585,False,1.050420168067227,4.069885879002668,15.911927226543066,-4.11903839860307,False,True,False,True,21,35.0,False,0.37120654698927824,0.815828335073159,False,-0.5043755304610521,True,2.4210558439555996,True,2,0,0.45006613508856674,False,0.8712802573349243,False,5,1,False,False,False,65.0,15.915523825340053,5.549847231768767,0.508346143675831,19.0,False,2,1,2,5,-7.824928664147624,26.389999389648438,60183533.91223373,85.3061224489796,True,0.0,0,,,,0.0,0,,,,False,False,False,False,0,,none,0,0,False,-1,0.625,risk_on,6,False
PAAS,46.69499969482422,-31.391140450035227,41.9707100499068,22.267923145736468,5.006747240083364,0.6407005685764322,False,0.8108639794946245,6.70307546540614,-17.913772408670226,-6.591322010420941,False,True,False,True,30,50.0,True,0.41949382670971885,1.3766768245711145,False,-1.4080204032600387,True,2.603826449121893,True,2,1,0.6097384564113205,True,0.7349712224560914,False,6,3,True,False,False,25.0,17.932847734047698,6.70307546540614,0.30805431713138,22.0,False,1,3,2,4,-12.408556571114627,53.310001373291016,140757142.93297577,63.53741496598639,False,0.0,0,,,,0.0,0,,,,False,False,False,False,0,,none,0,0,False,-2,0.5,risk_on,6,False
PAG,197.48500061035156,-11.030207465023212,42.61922910061591,21.76811142050379,4.506935514850685,0.38120974702874977,False,1.1974323929905266,5.899186834072288,27.884336719867253,-7.113964515582428,False,False,False,True,22,36.666666666666664,False,0.49879330885058526,0.9576315953245191,True,-3.9804742474188037,True,-3.207860710730659,True,2,0,0.3402528136159336,False,0.27295852124742825,False,8,2,True,False,False,65.0,16.123348222162157,9.458950237657271,0.22934718497504242,51.0,False,1,2,2,5,-12.42550369503691,225.5051515485103,90384502.16685867,63.06122448979592,False,0.0,0,,,,0.0,0,,,,False,False,False,False,0,,none,0,0,False,-1,0.625,risk_on,6,False
PANW,417.7001037597656,-0.526279412986308,194.8401984601192,94.12562500084212,76.86444909518902,0.38701182320829064,True,0.9193860672970432,8.745508667698726,157.03040913104894,14.885340003923186,False,True,False,False,24,40.0,True,0.44781000607115795,2.1531484821278597,True,2.8984062111941893,True,3.5859820145779597,True,1,1,0.5814799402855553,False,1.4547210152607037,True,3,1,False,False,False,25.0,24.75192158112302,15.575767631604922,0.863284873847249,3.0,False,11,2,3,5,-3.383962081486236,432.3299865722656,2320689191.3901,91.29251700680273,True,0.0,0,,,,0.0,0,,,,False,False,False,False,0,,none,0,0,False,-1,0.625,risk_on,6,False
PARR,82.7699966430664,-5.567603876620197,148.7079317279204,128.77279144529368,111.51161553964057,0.5318782119153991,True,0.9360944613440649,8.577985697811256,25.77115896315354,-1.8964158485587412,False,True,False,False,28,46.666666666666664,True,0.4280570671964478,2.40655848318069,False,0.6099300786881896,True,-1.464289710635236,True,1,0,0.557326061999472,False,0.888603513607691,False,5,2,True,False,False,35.0,18.658463254804726,16.45523217298383,0.599760192833121,2.0,False,7,2,3,5,-7.467859735133342,89.44999694824219,79763356.06987762,94.48979591836735,True,0.0,0,,,,0.0,0,,,,False,False,False,False,0,,none,0,0,False,-1,0.625,risk_on,6,False
PATH,13.46500015258789,-30.196995782673408,43.55010648515811,-27.255537622425553,-44.516713528078654,0.43828170350397777,False,0.6699074638141441,5.718525773216321,33.05336269619941,0.5601180533392425,False,True,False,True,28,46.666666666666664,True,0.4085243789202706,1.8225381120399224,False,-2.362816865584889,True,2.629575228949066,True,2,1,0.6538696509236288,True,1.0043930249975448,False,4,2,True,False,False,25.0,30.760021970465885,14.927591578939017,0.3686771756393701,24.0,False,3,3,3,5,-19.41950394778955,16.709999084472656,554859975.8501953,13.46938775510204,False,0.0,0,,,,0.0,0,,,,False,False,False,False,0,,none,0,0,False,-1,0.625,risk_on,6,False
PAYC,232.4499969482422,-3.355233319835238,105.53437430537498,15.82273996211583,-1.438435943537275,0.31643884464519195,False,0.8409728799605579,5.747472912777163,95.18976679489822,2.7267094759723998,False,True,False,True,32,53.333333333333336,True,0.399942241394433,1.3043418249430827,False,1.8054665517229902,True,5.185751015980955,False,1,2,0.6087747237183723,True,1.5077521091366002,True,4,2,True,False,False,45.0,16.717502890950325,8.862123628292611,0.6940510275153944,25.0,False,6,5,4,8,-5.114702831994677,244.97999572753906,156686597.52051544,57.2108843537415,False,0.0,0,,,,0.0,0,,,,False,True,False,False,1,,power_play,8,8,True,2,1.0,risk_on,6,True
PAYX,104.48999786376953,-17.94408601480536,24.968935042713515,-12.872610037850574,-30.13378594350368,0.23671020447097138,False,1.0647301634569286,6.828406816059887,19.722250098168015,-10.030998439041905,False,True,False,True,28,46.666666666666664,True,0.4523115905290163,1.2024100626554544,True,-3.5875434250546085,True,5.609455513860606,False,1,0,0.5353153437411611,False,0.7396434403569978,False,3,2,True,False,False,25.0,20.699143431009915,7.326058891567018,0.253713737263714,24.0,False,1,2,2,4,-15.447486392970733,123.58000183105469,387578743.1348629,25.170068027210885,False,0.0,0,,,,0.0,0,,,,False,False,False,False,0,,none,0,0,False,-2,0.5,risk_on,6,False
PB,66.24500274658203,-11.221780295284445,10.762053629031666,5.365259879633211,-11.895916026019894,0.171930885013819,False,1.064776101190667,3.5927196841134807,-2.628248317415094,-5.391308308293363,False,True,False,True,21,35.0,False,0.44744363012688515,0.8595749751941202,True,-3.488129171471019,True,-1.6844680218183972,True,2,0,0.48641518743495443,False,0.3433321651617381,False,7,3,True,False,False,25.0,10.878774949531268,4.21163982164873,0.13896870237980222,24.0,False,1,2,2,5,-9.366965711313014,73.09145419933367,83890672.14645919,46.326530612244895,False,0.0,0,,,,0.0,0,,,,False,False,False,False,0,,none,0,0,False,-1,0.625,risk_on,6,False
PBA,47.310001373291016,-6.8684241769288,33.99425971933885,23.4478037756493,6.186627869996197,0.8372481407772076,True,1.0197419962456988,4.142885283404745,9.84981386165975,-0.46286011288871887,False,False,False,True,20,33.33333333333333,False,0.40357524424116775,0.8346797446908244,False,0.051464347329914076,True,3.0943604326194363,True,2,2,0.6066262948316442,True,1.5921677311679558,True,4,2,True,False,False,25.0,9.901170826687226,7.271186909436541,0.6557311538994459,21.0,False,3,5,5,7,-3.408664655548077,48.97954998197304,56100927.36659928,64.96598639455783,False,0.0,0,,,,0.0,0,,,,False,True,False,False,1,,power_play,7,7,True,1,0.875,risk_on,6,False
PBF,84.93000030517578,-4.936194552813622,232.43571960616683,196.59689220500113,179.335716299348,0.47739277377523387,True,1.0708987842919473,11.103261828907707,111.22786384805482,10.027202511937784,True,True,False,False,28,46.666666666666664,True,0.4450435046427936,2.9473577232260637,True,2.376002851718146,True,5.137412216627202,False,0,3,0.6048967198530524,True,2.054135297389459,True,2,1,False,False,False,25.0,23.55833822107389,20.12245838440632,0.784155471701391,1.0,False,11,4,5,6,-5.084938400826788,89.4800033569336,306872650.0056591,97.00680272108843,True,0.0,0,,,,0.0,0,,,,False,True,False,False,1,,power_play,6,6,True,0,0.75,risk_on,6,True
PBR,25.225000381469727,0.0,128.06029166348725,120.05147226741286,102.79029636175976,0.7921589251910829,True,1.26738960392231,8.166499245945136,19.79133832021396,21.274044743832988,False,False,False,False,31,51.66666666666667,True,0.42174734858819785,1.1503462707344447,False,6.4567374764552214,False,16.51270589344309,False,0,1,0.566377862550231,False,1.630897948691136,True,3,1,False,True,True,25.0,21.406247892882707,21.248763247944353,0.9315693373494395,0.0,True,9,2,3,3,-1.4648437281721272,25.600000381469727,537298469.7943287,93.74149659863946,True,0.0,0,,,,0.0,0,,,,False,False,False,False,0,,none,0,0,False,-3,0.375,risk_on,6,False
PBR-A,22.43000030517578,0.0,117.10219455471295,109.55583578035038,92.29465987469727,1.1076312600891345,True,1.3101071864969698,6.018726540802634,18.329966668762964,19.18172512693699,False,False,False,True,32,53.333333333333336,True,0.4223357782865255,1.089994237496578,False,6.15702129457862,False,14.438774839931124,False,1,1,0.49553801174506773,False,1.930435319731121,True,3,0,False,True,True,25.0,19.929766368219923,19.705751298068503,0.9229074205089511,0.0,True,8,2,3,3,-1.5364370979800257,22.780000686645508,190690389.77067488,92.92517006802721,True,0.0,0,,,,0.0,0,,,,False,False,False,False,0,,none,0,0,False,-3,0.375,risk_on,6,False
PCAR,107.83000183105469,-21.77445618183247,18.804658277696127,16.03478508166485,-1.226390823988254,0.37425878364168225,False,0.8758624258654503,4.534915428555742,-14.859988038767503,-7.091156212875227,False,False,False,True,17,28.333333333333332,False,0.47873277549242765,1.2407077538812414,True,-5.760272883147811,True,-1.6867236223318982,True,2,0,0.44004749395438053,False,0.5159915838923799,False,8,3,True,False,False,25.0,16.64162841162686,6.463879349296077,0.11353918809451753,24.0,False,0,2,1,4,-14.752151433200089,126.48999786376953,439127089.20804137,57.75510204081633,False,0.0,0,,,,0.0,0,,,,False,False,False,False,0,,none,0,0,False,-2,0.5,risk_on,6,False
PCG,13.085000038146973,-30.84796540376471,9.949263741677639,-18.373321269944544,-35.634497175597645,0.9804014973582795,False,0.6524133447310465,12.07489429957851,-25.720666612962738,-0.46260318923210253,False,True,False,False,17,28.333333333333332,False,0.41576529295315534,1.4088671591303084,False,-4.420144134606586,True,6.209418524938282,False,0,1,0.644137837766661,True,0.47853276517089915,False,5,2,True,False,False,25.0,21.112597454858847,15.042538898252932,0.4345830180405617,23.0,False,1,3,2,4,-11.937421134250803,14.85875181794865,487428914.0645005,20.408163265306122,False,0.0,0,,,,0.0,0,,,,False,False,False,False,0,,none,0,0,False,-2,0.5,risk_on,6,False
PCOR,55.47999954223633,-30.301506776694808,44.85639855718784,-25.759404456003164,-43.02058036165627,0.6748552899179384,False,0.9116323853140254,6.578950173026225,10.101210982815623,8.211427826962602,False,False,False,True,26,43.333333333333336,True,0.44521034301024554,1.901538643182001,True,-0.33885853091490614,True,8.891067147131327,False,1,1,0.5804806413613226,False,1.4501755746626908,True,4,2,True,True,True,25.0,20.554621079388788,15.735399448931634,0.671300032033477,24.0,False,2,3,2,3,-6.756303290359112,59.5,143074848.40046254,14.625850340136054,False,0.0,0,,,,0.0,0,,,,False,False,False,False,0,,none,0,0,False,-3,0.375,risk_on,6,False
PCRX,36.314998626708984,-0.20610267710196029,89.53548494737569,57.48048338137686,40.21930747572375,1.8813418242243702,True,1.445270712452558,32.768828496603746,50.93515973728056,47.08383086754387,False,False,False,False,18,30.0,False,0.49710126714478636,1.61784994353422,True,7.069113574449511,False,44.0499799505194,False,0,1,0.39624945380727905,False,3.8401591948928906,True,3,1,False,True,True,25.0,35.13439327374482,32.768828496603746,0.9886806819821359,1.0,True,7,2,3,3,-0.39769737083023005,36.459999084472656,71808608.31029454,83.40136054421768,True,0.0,0,,,,0.0,0,,,,False,False,False,False,0,,none,0,0,False,-3,0.375,risk_on,6,False
PCTY,154.38999938964844,-3.6387478383699823,62.34490206817567,0.9216915292772132,-16.339484376375893,0.26815732005911636,False,0.8564909432530282,6.904594665620621,55.18142798741721,7.416686828765329,False,True,False,True,28,46.666666666666664,True,0.3603697414746438,0.9747076965382317,False,1.5566248204523798,True,6.866476143923328,False,1,0,0.5584774895816867,False,1.0319186575566421,False,5,2,True,False,False,35.0,13.901065599320935,10.185249151940832,0.6650379775151418,27.0,False,5,3,3,6,-4.656329047843222,161.92999267578125,95905628.92100067,39.523809523809526,False,0.0,0,,,,0.0,0,,,,False,True,False,False,1,,power_play,6,6,True,0,0.75,risk_on,6,False
PCVX,70.30999755859375,-4.75481190834598,74.37995558223993,67.44461716620968,50.18344126055658,0.6630603919525853,True,1.7422346960637505,38.34447449952646,13.862344224443323,20.95302987558234,False,False,False,False,22,36.666666666666664,False,0.43155399353173945,3.0854414780162402,False,1.8866172670124128,True,24.486540595693885,False,0,0,0.46951510131646834,False,0.4380181825254132,False,3,2,True,True,False,25.0,39.300276490939225,49.77954944577021,0.4268890532256412,4.0,False,6,2,3,4,-22.523418668216255,90.75,216855445.09982604,86.93877551020408,True,0.0,0,,,,0.0,0,,,,False,False,False,False,0,,none,0,0,False,-2,0.5,risk_on,6,False
PDD,81.18000030517578,-41.229278624837725,10.750336869500309,-38.148571196056544,-55.40974710170965,0.8060883855585831,False,0.8621538766912487,7.427936384119996,-19.46428784978086,2.8897322372662293,False,True,False,True,26,43.333333333333336,True,0.5216004925643064,1.1923281934960719,True,-1.080682776054584,True,7.694352962442985,False,1,1,0.6274291512906822,True,1.1802126789133658,False,5,4,True,False,False,25.0,9.539948424922553,8.450357950927712,0.8197971238721709,24.0,True,2,5,4,5,-1.7191261442822015,82.5999984741211,451152328.7689041,7.755102040816326,False,0.0,0,,,,0.0,0,,,,False,False,False,False,0,,none,0,0,False,-1,0.625,risk_on,6,False
PDI,14.394000053405762,-15.780712284824649,3.8528168106501726,-15.780712284824649,-33.04188819047775,0.5354432880358498,False,1.0944998741660639,2.292621387256237,-10.484351845558548,-0.11103257582074644,False,False,False,True,20,33.33333333333333,False,0.37885642761439053,0.6362089475200091,False,-1.8055738891979005,True,-0.04166364780170406,True,2,1,0.5112860661069691,False,1.5441296628612882,True,4,2,True,False,False,25.0,9.398678876353998,4.932611056778339,0.46619285172626346,23.0,False,1,3,2,5,-5.017081968527137,15.154303901925047,66218834.57202277,22.448979591836736,False,0.0,0,,,,0.0,0,,,,False,False,False,False,0,,none,0,0,False,-1,0.625,risk_on,6,False
PEG,72.2300033569336,-14.76446302048624,8.5186388316022,-8.224109915501664,-25.48528582115477,0.31379106367541415,False,1.0729352479042007,6.562366943756376,-9.523211545149412,3.525880510575674,False,False,False,True,19,31.666666666666664,False,0.5500163224569365,1.0176729877364237,True,0.1564838971702438,True,6.111361364418633,False,1,1,0.6680164084658645,True,0.9207586185286897,False,6,2,True,False,False,25.0,10.579471142467783,8.486774149968983,0.7768678113592133,23.0,True,1,5,4,5,-2.360620550680881,73.97630317225176,297901433.78473663,29.25170068027211,False,0.0,0,,,,0.0,0,,,,False,False,False,False,0,,none,0,0,False,-1,0.625,risk_on,6,False
PEGA,35.439998626708984,-46.51567745665991,36.83456808306944,-36.613989309424575,-53.87516521507768,0.2642050116121466,False,0.943153562938389,5.869079886157546,-14.384466277809382,1.2039285113592202,False,True,False,True,29,48.333333333333336,True,0.4260715120833446,1.6037801301051404,False,0.8499333220923254,True,4.450333946218277,True,2,0,0.5814196179594294,False,0.6638912529798208,False,5,2,True,False,False,55.0,33.922693019376275,12.467417556783532,0.7360813645008855,25.0,False,2,3,3,5,-8.952830854129123,38.92487702712528,66476626.15519352,8.299319727891156,False,0.0,0,,,,0.0,0,,,,False,False,False,False,0,,none,0,0,False,-1,0.625,risk_on,6,False
PEN,318.75,-11.310516023044936,41.327484919987434,21.944214444729315,4.683038539076211,0.8330754566139844,False,0.696801722873562,0.7984260110294118,-3.8403555461608785,0.3620887513804183,False,False,False,True,19,31.666666666666664,False,0.4795289434078816,0.21992239529360058,True,-1.9471399273522065,True,0.37789710381397335,True,2,0,0.45097345117336046,False,0.5525539977971512,False,3,2,True,False,False,,,,,,False,2,2,2,6,,,132386564.88819885,63.197278911564624,False,0.0,0,,,,0.0,0,,,,False,True,False,False,1,,power_play,6,6,True,0,0.75,risk_on,6,False
PENG,73.8499984741211,-9.264038545362506,354.7413763235315,235.07257443938317,217.81139853373008,1.1552091206227888,True,1.2224878675970108,29.993232205198794,202.91222730213977,38.55534621240992,False,False,False,False,23,38.333333333333336,False,0.4178003144233461,2.6639508905853053,False,3.986984703999301,True,20.355276628961505,False,0,2,0.5651464872208248,False,2.3676904084002866,True,2,1,False,True,False,,,,,,False,9,3,3,5,,,235631570.6082119,98.02721088435375,True,0.0,0,,,,0.0,0,,,,False,False,False,False,0,,none,0,0,False,-1,0.625,risk_on,6,False
PENN,15.449999809265137,-29.96373443654058,31.37754684154588,-8.471560560412506,-25.73273646606561,0.43946310840272124,False,1.0118679359394427,8.737872827250568,1.0464345834616973,-6.079032871094081,False,False,False,False,18,30.0,False,0.44937264208176636,1.7540786895178522,True,-2.911203459604387,True,4.603922345473133,True,1,0,0.4606645518318776,False,0.5877585576936717,False,5,0,False,False,False,25.0,21.71744758066817,12.362464884569297,0.33673469139505796,19.0,False,0,1,1,2,-14.404429571703526,18.049999237060547,52250428.265269086,29.04761904761905,False,0.0,0,,,,0.0,0,,,,False,False,False,False,0,,none,0,0,False,-4,0.25,risk_on,6,False
PEP,125.88999938964844,-23.91213888057335,1.7457334309478156,-9.48034561557728,-26.741521521230382,0.6183726660753787,False,1.1148364456585338,4.789894994465068,-17.51763103229642,-2.9749523008489875,False,False,False,True,20,33.33333333333333,False,0.5215252104783529,1.0073671863355484,True,-3.4694683287561925,True,0.0,True,2,0,0.4870195814624948,False,0.45074980975882323,False,6,4,True,False,False,25.0,11.472001046792087,5.171176851535702,0.15124988555908203,24.0,False,0,2,2,4,-9.736862201331121,139.47000122070312,1336880415.673446,28.367346938775512,False,0.0,0,,,,0.0,0,,,,False,False,False,False,0,,none,0,0,False,-2,0.5,risk_on,6,False
PFE,28.174999237060547,-2.9117891363680592,24.43654730227822,19.457108640621314,2.19593273496821,0.4280091287670707,False,0.995483975275059,3.9751515961411377,6.587796092063525,1.8618922360428725,True,False,False,True,28,46.666666666666664,True,0.3790397103907945,0.6989088352580047,False,1.0083237793826405,True,1.3489209003289648,True,2,1,0.5537148076399829,False,1.4151425589036837,True,4,1,False,False,False,65.0,18.912540992448314,6.495119692138014,0.8126477728876155,25.0,False,4,3,3,5,-3.5433066752894593,29.209999084472656,916544340.8308938,61.224489795918366,False,0.0,0,,,,0.0,0,,,,False,False,False,False,0,,none,0,0,False,-1,0.625,risk_on,6,False
PFG,107.5199966430664,-9.2734834993343,41.88822846676643,34.50982791391362,17.248652008260514,0.41170901216226424,False,0.9769995937820767,5.273443057445894,16.73087217864133,-8.625819396466705,False,False,False,True,23,38.333333333333336,False,0.4362735644254617,0.9794334251398312,False,-2.373244073184865,True,-3.965704249476021,True,2,0,0.36904359671147136,False,0.7293976429548056,False,5,4,True,False,False,65.0,12.95761995619508,8.826270265491159,0.13004932689248985,25.0,False,2,2,2,5,-11.272490202763219,121.18000030517578,156248099.32979926,72.51700680272108,False,0.0,0,,,,0.0,0,,,,False,False,False,False,0,,none,0,0,False,-1,0.625,risk_on,6,False
PFGC,94.67500305175781,-18.83840393199302,16.83944770828163,-5.683397447458982,-22.944573353112087,0.30216937124538484,False,0.7635878973479835,3.3958238545110166,7.280456715872874,2.9859705618074273,False,True,False,True,15,25.0,False,0.536719133379569,1.2672452673212642,True,-2.702442927369255,True,0.8790672254131326,True,2,1,0.5098710791398363,False,1.4764202172820682,True,4,2,True,False,False,25.0,10.269343878978852,5.761818489799779,0.5623777929166545,24.0,False,1,3,2,5,-4.494092933616567,99.12999725341797,131354612.09035186,31.22448979591837,False,0.0,0,,,,0.0,0,,,,False,False,False,False,0,,none,0,0,False,-1,0.625,risk_on,6,False
PG,151.17999267578125,-8.220422934843441,11.956669743637383,3.350835716544842,-13.910340189108261,0.3655183626258651,False,1.0473066438952259,4.775765028767431,6.878014992452641,3.2720768536812495,False,False,False,True,24,40.0,True,0.40894232141031167,0.7084219684168988,False,2.1024929501658,True,4.326815854819643,True,2,0,0.5926477354225347,False,1.173397209312549,False,4,1,False,False,False,55.0,8.771470828982803,5.424006220596197,0.814540000565979,52.0,True,3,3,3,5,-1.6267569749786825,153.67999267578125,1163947700.7758904,42.72108843537415,False,0.0,0,,,,0.0,0,,,,False,False,False,False,0,,none,0,0,False,-1,0.625,risk_on,6,False
PGR,218.38499450683594,-6.819174987050336,14.804316753244029,-3.951328718521696,-21.2125046241748,0.23851772140305888,False,1.0655505853679537,5.515488001428723,9.52918551740125,2.347010228065516,False,False,False,True,26,43.333333333333336,True,0.4781861826555297,0.9726376734862374,True,0.9195005055154474,True,3.8395687518337995,True,2,1,0.6372273538342246,True,0.9397430406162646,False,6,1,False,False,False,25.0,9.822746724907859,7.003166632647309,0.8008399438692382,24.0,True,3,4,3,5,-1.9562987890909045,222.74250340371356,634804344.8389199,33.605442176870746,False,0.0,0,,,,0.0,0,,,,False,False,False,False,0,,none,0,0,False,-1,0.625,risk_on,6,False
PH,958.4099731445312,-10.572021448697132,34.846395347209565,30.816001474228205,13.554825568575101,0.3323660776208838,False,0.8388217355077839,5.651023535036165,-2.726564668642495,1.575979339876632,False,True,False,True,24,40.0,True,0.40449878933114247,0.8407145614182482,False,-1.4369346682783912,True,-1.453911349125181,True,2,1,0.49542770468643543,False,1.2196260396473015,True,5,3,True,False,False,25.0,8.123994642688382,5.651023535036165,0.5831987137104501,3.0,False,4,3,2,6,-3.386091416881931,992.0,508377438.7550049,70.20408163265306,False,0.0,0,,,,0.0,0,,,,False,True,False,False,1,,power_play,6,6,True,0,0.75,risk_on,6,False
PHM,111.93000030517578,-20.978606914098343,2.091673881194911,-7.021757808447404,-24.28293371410051,0.362529984634602,False,0.9467434382147124,5.315819648011788,-7.668877989959366,-4.545456024179828,False,False,False,True,23,38.333333333333336,False,0.45730060983989856,1.1409369540194028,True,-3.5688978660960546,True,-3.2835072509571073,True,2,0,0.49584369158734976,False,0.8597980303217471,False,5,1,False,False,False,25.0,11.487561025387102,9.425529700347402,0.09688836387731435,24.0,False,0,1,1,3,-10.37455003269654,124.88640263006693,208169253.67012024,30.13605442176871,False,0.0,0,,,,0.0,0,,,,False,False,False,False,0,,none,0,0,False,-3,0.375,risk_on,6,False
PHYS,31.725000381469727,-22.489616064190553,7.106682925707863,4.3928957506857325,-12.868280154967373,0.5592535129383123,False,0.8161381344477292,3.041765613820254,-11.727875365323081,-3.9509489738313808,False,True,False,True,27,45.0,True,0.42388913826590724,0.5130339588144134,False,-2.11699587288728,True,1.650116347658881,True,2,0,0.5510816747685183,False,0.7311478249803465,False,7,2,True,False,False,25.0,8.523905815153379,3.041765613820254,0.32230017026581936,24.0,False,1,2,2,4,-5.7766495195996415,33.66999816894531,134629443.40284824,44.5578231292517,False,0.0,0,,,,0.0,0,,,,False,False,False,False,0,,none,0,0,False,-2,0.5,risk_on,6,False
PI,189.31500244140625,-21.741556952793818,107.26407929893097,-7.938629156144595,-25.199805061797697,0.282131441301821,False,0.8508327287356501,5.990014627287872,80.79935449973621,4.461185733305517,True,False,False,True,22,36.666666666666664,False,0.3916538922123349,1.450328703285404,False,2.1989711358475628,True,-0.15558154527488544,True,2,0,0.43250616667872244,False,0.7882341377440347,False,4,1,False,False,False,35.0,18.523707735563118,9.436655976957427,0.9066834227580675,5.0,True,3,3,4,4,-1.7285690037126544,192.64500427246094,71615906.21461487,29.38775510204082,False,0.0,0,,,,0.0,0,,,,False,False,False,False,0,,none,0,0,False,-2,0.5,risk_on,6,False
PINS,21.46500015258789,-39.08910575987867,39.20233493116043,-32.64825984515346,-49.909435750806566,0.4447807502415307,False,0.8659309993406633,9.736781447615845,19.117644879636984,15.403224259997451,True,False,False,False,23,38.333333333333336,False,0.5035167917226953,1.9285539567111636,True,0.322041917427513,True,11.44859759866197,False,0,2,0.7163977449976934,True,1.982537372846647,True,3,1,False,False,False,35.0,25.010510861544294,15.35057094279447,0.6092436193586566,31.0,False,1,3,3,3,-9.77301670224806,23.790000915527344,272383055.18284035,10.0,False,0.0,0,,,,0.0,0,,,,False,False,False,False,0,,none,0,0,False,-3,0.375,risk_on,6,False
PIPR,64.99749755859375,-29.551842872121902,1.8929246366768515,-19.792129069929352,-37.053304975582456,0.16634015830371396,False,1.14032912820296,5.661762772567679,-23.618115682348773,-10.174824474372047,False,True,False,True,19,31.666666666666664,False,0.3835950309860988,1.5423584345143964,False,-3.1527586229242193,True,-0.5546252270083318,True,2,0,0.5760536177897123,False,0.4932876351173214,False,6,3,True,False,False,25.0,20.038268614043634,14.815956659614487,0.1468808724412577,20.0,False,0,2,2,4,-17.095030237800636,78.4000015258789,60190797.17538452,19.65986394557823,False,0.0,0,,,,0.0,0,,,,False,False,False,False,0,,none,0,0,False,-2,0.5,risk_on,6,False
PJT,137.26499938964844,-27.95476169119484,6.683915629115922,-19.917909572160152,-37.17908547781326,0.410074025735669,False,0.8759372826276197,6.600369794834234,-11.887612077426235,-9.378095805490183,False,False,False,True,20,33.33333333333333,False,0.46319724982513094,1.5964426411633963,True,-5.5928943412307754,True,-1.0274735212870478,True,2,0,0.5344720020039164,False,0.42891049882946153,False,9,2,True,False,False,25.0,28.44533454277712,13.339159756681982,0.09756329943072196,24.0,False,0,2,2,4,-25.6701138513731,184.6699981689453,69416581.59610061,19.523809523809526,False,0.0,0,,,,0.0,0,,,,False,False,False,False,0,,none,0,0,False,-2,0.5,risk_on,6,False
PK,15.164999961853027,-4.684782825002454,67.09815185560524,52.9530917644198,35.6919158587667,0.5107583214114026,True,0.9791679266472499,4.714804842640593,40.1456446429703,2.818352135602642,False,False,False,True,28,46.666666666666664,True,0.29496755743008934,0.7510556020310553,False,0.28684527028738505,True,-2.3502883283587295,True,2,0,0.4237480185994211,False,0.8285884793688194,False,5,0,False,False,False,65.0,13.2716127393077,4.714804842640593,0.6337070676422836,31.0,False,7,2,3,5,-4.8612979473970475,15.939885277674039,52119828.59555411,81.83673469387756,True,0.0,0,,,,0.0,0,,,,False,False,False,False,0,,none,0,0,False,-1,0.625,risk_on,6,False
PKG,230.4499969482422,-9.901128964383588,23.272016893166693,11.778128116122533,-5.483047789530572,0.2916055097177173,False,0.8152398797116316,3.0635702547565606,10.925501265567306,-0.9966951418289849,False,True,False,True,22,36.666666666666664,False,0.34585452100935304,0.6291260822833487,False,-2.193906725873154,True,0.8357415411831326,True,2,1,0.5251910872188501,False,1.2678497527735073,True,4,1,False,False,False,25.0,7.72740243414944,5.254936329233887,0.3503648223211274,14.0,False,1,2,2,5,-5.019992453304822,242.6300048828125,127162876.91664581,54.14965986394557,False,0.0,0,,,,0.0,0,,,,False,False,False,False,0,,none,0,0,False,-1,0.625,risk_on,6,False
PL,16.725000381469727,-67.46108971796623,49.865596865111826,6.800769760119851,-10.460406145533252,0.40034329448364275,False,0.8644337838936184,13.512706590941411,-51.26748097264111,1.8574927147297693,False,False,False,False,17,28.333333333333332,False,0.45117847597869953,2.3536936600088865,True,-2.884913021584781,True,-4.428569248744418,True,1,0,0.3879512306145625,False,0.5421564641214026,False,4,2,True,False,False,25.0,21.843681878696444,16.20328264670875,0.2580275996928993,24.0,False,0,2,2,3,-16.207409075081124,19.959999084472656,179721347.76841146,48.36734693877551,False,0.0,0,,,,0.0,0,,,,False,False,False,False,0,,none,0,0,False,-3,0.375,risk_on,6,False
PLD,129.57000732421875,-12.968997838240714,20.14554993489728,16.76530606632307,-0.4958698393300338,0.380700016927939,False,0.944183608742956,2.3770888535594414,-4.085615067442216,-3.908327763867625,False,False,False,True,19,31.666666666666664,False,0.3917431797615178,0.6551370336890318,False,-3.2468602148404626,True,0.5119879321695997,True,2,1,0.4593217959555373,False,1.7511784411745044,True,5,2,True,False,False,25.0,8.170017645725649,5.95816404639934,0.2618676661283026,23.0,False,0,3,2,4,-6.030554192612425,137.8852521805895,488579191.7718689,58.63945578231292,False,0.0,0,,,,0.0,0,,,,False,False,False,False,0,,none,0,0,False,-2,0.5,risk_on,6,False
PLNT,47.775001525878906,-57.33232025986139,17.96296673056521,-49.321095547750005,-66.58227145340311,0.5168988856991633,False,1.1491208896523435,14.997377021430175,-31.983196214586286,-3.465346725445939,False,True,False,False,28,46.666666666666664,True,0.44311361005410677,2.463929792178693,True,-0.548237510061249,True,12.650322324380237,False,0,1,0.6202155673095173,True,0.5839408648255612,False,4,3,True,False,False,25.0,23.563216584841896,16.431184141080315,0.6402439421518181,19.0,False,2,3,2,4,-8.477009908785615,52.20000076293945,125169610.17225266,4.489795918367347,False,0.0,0,,,,0.0,0,,,,False,False,False,False,0,,none,0,0,False,-2,0.5,risk_on,6,False
PLTR,206.44000244140625,-0.3571726327517677,92.44896886528417,11.30641132403376,-5.954764581619344,1.0469842696355243,False,0.8010572869089296,9.140667939365754,55.956795389048985,16.21256651132148,False,False,False,False,27,45.0,True,0.31763002238165,1.0857296378726158,False,4.967138231083123,False,9.372186723923836,False,0,1,0.4714817199197875,False,1.7884716843631328,True,3,2,True,False,False,25.0,20.314768497938104,10.506685809385472,0.9985697839580829,0.0,True,6,3,3,4,-0.029054507793579987,206.5,4362866993.07991,53.945578231292515,False,0.0,0,,,,0.0,0,,,,False,False,False,False,0,,none,0,0,False,-2,0.5,risk_on,6,False
PLXS,265.04998779296875,-12.76085135824414,99.67604100078064,79.99999170999577,62.738815804342664,0.3574090062252919,True,0.8255744839830585,6.874175461171806,15.014099068310038,7.425117489832989,True,False,False,True,23,38.333333333333336,False,0.3531154125739701,0.9613211445984777,False,1.212141189963683,True,-2.9583044504065015,True,2,0,0.49037074130603686,False,0.5215431882022472,False,4,1,False,False,False,35.0,16.19492375379508,7.236368066073179,0.7113034697407903,5.0,False,4,2,4,4,-4.675418295533095,278.04998779296875,56051593.84668579,89.31972789115646,True,0.0,0,,,,0.0,0,,,,False,False,False,False,0,,none,0,0,False,-2,0.5,risk_on,6,False
PM,200.22999572753906,-0.13466547254910033,43.63802525796183,32.17265487055467,14.911478964901569,0.3592921395324512,True,1.0251787950855582,9.284321397672493,25.1129396810287,7.065559850581304,True,False,False,False,26,43.333333333333336,True,0.3721985344373372,0.8870616866843477,False,2.6289721436561293,True,6.812113814315368,False,0,2,0.6221729516168417,True,1.982095857631685,True,5,2,True,False,False,65.0,15.402392816121926,9.284321397672493,0.8183452230867987,52.0,True,7,6,7,7,-2.79791823094212,205.99352615025765,838272570.3375702,70.61224489795919,False,0.0,0,,,,0.0,0,,,,True,True,False,False,2,power_play,sepa_vcp,7,7,True,1,0.875,risk_on,6,True
PNC,219.22000122070312,-14.690430719801316,25.791500538081948,18.7568473974558,1.495671491802696,0.267859909000122,False,0.9501706271599473,3.640176846593974,-0.15013478909822187,-5.982758098292984,False,False,False,True,20,33.33333333333333,False,0.43821712576412386,0.9140895272022659,False,-4.844650811751955,True,-0.8188922628557194,True,2,0,0.5039102957012964,False,0.43318965392517145,False,7,3,True,False,False,25.0,13.01425271942371,5.03147464550566,0.13690087056758043,20.0,False,0,2,2,4,-11.232590192348102,246.9600067138672,447905549.9881485,60.544217687074834,False,0.0,0,,,,0.0,0,,,,False,False,False,False,0,,none,0,0,False,-2,0.5,risk_on,6,False
PNFP,93.80500030517578,-13.557947144764526,15.379394219210551,4.7021939569424465,-12.558981948710658,0.21007026839261575,False,1.0140204080136832,6.22568514288777,2.0209767162134185,-3.0439273331516525,False,False,False,True,23,38.333333333333336,False,0.43505126694241286,1.1115502741793746,False,-2.6406921714021974,True,-2.3779749399509664,True,2,1,0.4855563917906375,False,0.9459870013641207,False,2,3,True,False,False,25.0,10.43606193767327,6.897288203884944,0.22582144926954825,23.0,False,0,3,2,4,-8.079375306241122,102.05000305175781,110469859.00596428,45.23809523809524,False,0.0,0,,,,0.0,0,,,,False,False,False,False,0,,none,0,0,False,-2,0.5,risk_on,6,False
PNR,52.43000030517578,-52.0579601476023,0.45986143855534234,-51.68698905922464,-68.94816496487775,0.3849679200620724,False,0.7849245778711949,4.577527555239625,-42.083582092571135,-6.241055039425358,False,True,False,True,21,35.0,False,0.3967382597286353,1.027353175335346,False,-5.865429605880174,True,-1.131432185428105,True,2,0,0.5148396022505495,False,0.35580577138933994,False,8,3,True,False,False,25.0,15.235408940987671,5.054353796980692,0.14145804475773763,24.0,False,0,2,2,4,-13.080237781111004,60.31999969482422,135099676.45680007,3.9455782312925165,False,0.0,0,,,,0.0,0,,,,False,False,False,False,0,,none,0,0,False,-2,0.5,risk_on,6,False
PNW,98.6500015258789,-8.98144130593379,17.176284419067112,11.878465850047725,-5.382710055605379,0.2728330411919369,False,1.0407025695423262,3.243788037248768,-2.1439515285262223,4.712878128175291,False,False,False,True,22,36.666666666666664,False,0.501881815699285,0.9198899990969794,True,0.8075097485779043,True,2.8461253221931937,True,2,1,0.6210191805202719,True,0.5926513635448614,False,4,2,True,False,False,25.0,8.661342739445876,8.09933881417479,0.9789719397099941,23.0,True,2,5,3,6,-0.18213123731747327,98.83000183105469,127007910.68331337,54.21768707482993,False,0.0,0,,,,0.0,0,,,,False,True,False,False,1,,power_play,6,6,True,0,0.75,risk_on,6,False
PODD,133.97500610351562,-61.319144309488216,2.686445044852448,-58.18246954814782,-75.44364545380093,0.2605962769312634,False,0.6780110589674686,4.4336646171277,-32.27086206103886,-4.711948586348136,False,True,False,True,23,38.333333333333336,False,0.3545668970994627,1.0605557275656865,False,-2.136259354896696,True,1.7351382942877969,True,2,0,0.5452066361272132,False,0.6202893544268819,False,4,2,True,False,False,25.0,14.977419910612033,6.837098895171469,0.2645237600628486,24.0,False,0,2,3,4,-11.015536479816767,150.55999755859375,217966244.6413353,2.380952380952381,False,0.0,0,,,,0.0,0,,,,False,False,False,False,0,,none,0,0,False,-2,0.5,risk_on,6,False
POET,6.880000114440918,-66.5532318108296,64.98800931810686,-21.995460856101133,-39.25663676175424,0.6753592888395372,False,0.8025226459125906,19.91278177229002,-5.753425552330915,-11.794872484577068,False,False,False,False,23,38.333333333333336,False,0.3896029389544171,1.9452715366819016,False,-2.4770315770716764,True,-11.681641230658556,False,0,0,0.3620778487457234,False,0.3761506766674254,False,6,1,False,False,False,25.0,22.05714089529855,20.058133933852428,0.031088056018735502,23.0,False,0,1,1,2,-21.37142726353236,8.75,60527623.465935946,18.027210884353742,False,0.0,0,,,,0.0,0,,,,False,False,False,False,0,,none,0,0,False,-4,0.25,risk_on,6,False
POOL,158.41000366210938,-46.33829875963931,2.7702116837738266,-45.18080069853892,-62.44197660419202,0.3468778873452383,False,0.7790708613075856,5.97815857696889,-26.084618417133886,-5.685879179575759,False,False,False,True,21,35.0,False,0.44646642366010103,1.2937469797516659,True,-5.034073404479851,True,-1.864697398698778,True,2,0,0.4590227299326621,False,0.3127759471821075,False,6,3,True,False,False,25.0,18.075005392846897,7.5247761463163805,0.16948668151028032,24.0,False,0,2,2,4,-15.01153271053285,186.38999938964844,141430678.55305177,6.258503401360545,False,0.0,0,,,,0.0,0,,,,False,False,False,False,0,,none,0,0,False,-2,0.5,risk_on,6,False
POR,45.36000061035156,-14.434314260316782,9.666830401931037,8.239336162647026,-9.021839743006078,0.21308366858021063,False,1.1349387521717824,3.439156420414618,-12.299216288489978,-2.8304944274135324,False,False,False,True,20,33.33333333333333,False,0.47834197400178613,1.060508618689203,True,-2.0964615931237387,True,1.8181849319027332,True,2,0,0.5373245036356583,False,0.6037338014069635,False,7,2,True,False,False,25.0,11.84506913303436,7.804234717579531,0.361278634863134,23.0,False,0,2,2,4,-7.565698726792258,49.072692696925536,79863834.52779312,50.06802721088436,False,0.0,0,,,,0.0,0,,,,False,False,False,False,0,,none,0,0,False,-2,0.5,risk_on,6,False
POST,74.83000183105469,-34.709011925180945,3.156880185587596,-29.425631715025744,-46.68680762067885,0.24694955067560287,False,0.6793825241358894,4.3565442422287335,-25.065089751964454,-2.2724276749437555,False,True,False,True,22,36.666666666666664,False,0.4851922703574608,1.2546637440380028,True,-2.808172543630867,True,3.1284514179150236,True,2,0,0.577429383611992,False,0.47859382222474517,False,7,3,True,False,False,25.0,16.11881111498343,5.038091915288947,0.24617655181457854,24.0,False,0,2,2,4,-12.15073777534631,85.18000030517578,68699885.6644764,11.768707482993197,False,0.0,0,,,,0.0,0,,,,False,False,False,False,0,,none,0,0,False,-2,0.5,risk_on,6,False
POWL,195.10000610351562,-39.371684511911695,107.77953201449506,89.49077723521425,72.22960132956115,0.5145775474828055,False,0.8937989364481904,10.312665169934101,-14.732749803555024,6.055663722047844,False,False,False,False,22,36.666666666666664,False,0.40939458469921874,1.7058264503631095,False,0.2865461847650274,True,-0.5099438902985698,True,1,2,0.6049807725888758,True,1.3919247897080653,True,6,0,False,False,False,25.0,19.3764484801542,13.956950350827002,0.6911217086501495,3.0,False,3,4,3,4,-5.984964298978435,207.52000427246094,99587577.46138611,90.88435374149661,True,0.0,0,,,,0.0,0,,,,False,False,False,False,0,,none,0,0,False,-2,0.5,risk_on,6,False
PPG,104.68499755859375,-18.947875556118433,13.173847783408643,7.856033403973006,-9.405142501680098,0.25905481739883834,False,0.8929972459280148,3.4006759723151028,-3.81670677904582,0.15786540454150177,False,False,False,True,21,35.0,False,0.4095652481937841,0.7955671569744462,False,-2.4313651276040273,True,-0.44222915885617775,True,2,1,0.5299481170275462,False,1.6063593064345136,True,5,1,False,False,False,25.0,9.832435390785106,5.569090096020252,0.26916136542034924,24.0,False,0,2,1,3,-7.185923655594017,112.79000091552734,179172459.13949126,49.795918367346935,False,0.0,0,,,,0.0,0,,,,False,False,False,False,0,,none,0,0,False,-3,0.375,risk_on,6,False
PPL,34.185001373291016,-12.719590305549854,6.928376939349112,-4.4617935895939205,-21.722969495247025,0.3120669500722937,False,0.9345047477152002,4.592656521145764,-12.034594478712247,2.5344967511571337,False,False,False,True,19,31.666666666666664,False,0.44710965140835945,0.6900482645216757,True,0.23436840592585123,True,4.222567586725923,True,2,2,0.7547620977399276,True,1.3054653260094993,True,4,3,True,False,False,25.0,10.560712458699749,6.991368417834147,0.7044136273675906,23.0,False,1,5,4,6,-3.121602688080949,35.28650588967289,223294568.40352955,32.92517006802721,False,0.0,0,,,,0.0,0,,,,False,True,False,False,1,,power_play,6,6,True,0,0.75,risk_on,6,False
PPLI,41.11000061035156,-13.670723367392446,30.42512694578907,23.046994307412085,5.785818401758981,0.19589258608991264,False,1.0906189703637197,5.351497762774271,0.6118453163622029,13.594921719647468,False,True,False,True,19,31.666666666666664,False,0.5101174571792326,1.6314939580150365,True,1.0470720203932733,True,-0.411817281909832,True,2,1,0.49921010932757837,False,1.5862805766375758,True,4,2,True,True,True,25.0,16.339559465166644,7.978600207483896,0.8292329477231888,3.0,True,1,5,4,4,-2.7902584053681734,42.290000915527344,54705975.43284073,64.35374149659864,False,0.0,0,,,,0.0,0,,,,False,False,False,False,0,,none,0,0,False,-2,0.5,risk_on,6,False
PR,23.135000228881836,-4.91163049145703,98.01083187253026,87.02740009172967,69.76622418607657,0.39935638884737346,True,0.9325663320835165,7.175274825974534,14.231335018477576,1.647627399951146,False,True,False,True,30,50.0,True,0.6039284372036322,1.7269940174191374,True,1.335603912633951,True,4.588604661570228,True,2,0,0.5618059161152116,False,0.7673047278431799,False,3,1,False,False,False,45.0,19.55366166266682,11.022257237227587,0.7182280595572262,18.0,False,7,2,4,6,-5.509673189451103,24.483987948593956,232271309.4128233,90.54421768707483,True,0.0,0,,,,0.0,0,,,,False,True,False,False,1,,power_play,6,6,True,0,0.75,risk_on,6,False
PRAX,260.8999938964844,-32.46706107094245,398.47151917439277,376.44266233275437,359.1814864271013,0.632860545584646,False,0.8548874828987598,14.967416138944934,-17.697162808680012,-12.727886521776144,False,False,False,False,19,31.666666666666664,False,0.4287788420609599,2.3186049210002566,False,-4.708001248198552,True,-11.711960585223668,False,0,0,0.4129658553674801,False,0.43818063597892143,False,7,1,False,False,False,25.0,27.880530798204674,14.967416138944934,0.008255288976091624,22.0,False,3,1,1,1,-27.650368959658678,360.6099853515625,150077375.18506622,98.9795918367347,True,0.0,0,,,,0.0,0,,,,False,False,False,False,0,,none,0,0,False,-5,0.125,risk_on,6,False
PRI,275.3900146484375,-15.28936481151466,13.088812071706023,4.08976562563983,-13.171410280013275,0.40880304444604004,False,0.9036231106613861,3.7002076688999757,3.9490712929328042,-5.230731229914387,False,False,False,True,20,33.33333333333333,False,0.40073506156771627,0.8189785166873529,False,-3.462978183200682,True,-0.010892011413232705,True,2,0,0.564010146333766,False,0.9148781628548711,False,5,3,True,False,False,25.0,9.85010772231128,4.2666761229524,0.20210637614155844,24.0,False,0,2,2,4,-7.859338145950967,298.8800048828125,57505293.462249756,43.87755102040816,False,0.0,0,,,,0.0,0,,,,False,False,False,False,0,,none,0,0,False,-2,0.5,risk_on,6,False
PRIM,83.69999694824219,-58.67374633597505,17.815296954907,-38.94029178709438,-56.201467692747485,0.556042113306871,False,1.0866149999276207,14.551972221346155,-48.83512232213663,8.635086018540017,False,False,False,False,21,35.0,False,0.38044476793844895,1.641712339218425,False,1.438766848550793,True,5.842178819188182,False,0,2,0.6244449940423249,True,1.035354716818183,False,1,1,False,False,False,25.0,20.290837701405323,20.807573594549385,0.767187378552418,3.0,False,1,3,2,3,-4.723963116631602,87.8499984741211,108859895.7367939,7.482993197278912,False,0.0,0,,,,0.0,0,,,,False,False,False,False,0,,none,0,0,False,-3,0.375,risk_on,6,False
PRMB,19.260000228881836,-23.747585440299403,36.210344070567025,-11.953440192384656,-29.21461609803776,0.5574172275170514,False,0.8547976421726529,6.905513059445599,0.24218259769723804,-6.1403518556215175,False,False,False,True,14,23.333333333333332,False,0.4963864549026209,1.6557381414329306,True,-3.5810261049403134,True,-1.281394141809955,True,2,0,0.4972032072059752,False,0.7486536620198315,False,4,2,True,False,False,25.0,16.622109451039748,6.905513059445599,0.14745333261743868,24.0,False,0,2,2,4,-14.17112401735211,22.440000534057617,85282723.75557213,26.05442176870748,False,0.0,0,,,,0.0,0,,,,False,False,False,False,0,,none,0,0,False,-2,0.5,risk_on,6,False
PRU,112.80500030517578,-8.80901386949361,25.720083954100748,15.81567595059341,-1.4454999550596934,0.6613186870025668,False,0.9644852472078692,3.9625913821286787,17.447683805204118,-4.7255077268560814,False,False,False,True,20,33.33333333333333,False,0.3347153120178036,0.7008157563260724,False,-2.5040530355916033,True,0.1820620193896394,True,2,0,0.5074508761198934,False,0.8512602237190281,False,5,1,False,False,False,25.0,10.487981805033128,7.632640917564462,0.16936727236763793,24.0,False,1,1,1,4,-8.711660934073251,123.56999969482422,178465373.6961136,57.14285714285714,False,0.0,0,,,,0.0,0,,,,False,False,False,False,0,,none,0,0,False,-2,0.5,risk_on,6,False
PSA,286.82000732421875,-12.317982144753003,14.313372753745313,1.5918713687339547,-15.66930453691915,0.4005531228393639,False,0.8906597176616499,2.8310420855713634,-1.2745055094886437,-3.2027236045244822,False,False,False,True,23,38.333333333333336,False,0.47319464726711646,0.9162882145982149,True,-3.233432243897121,True,1.0605721403466717,True,2,0,0.4318767793224489,False,0.5868499571899297,False,7,2,True,False,False,25.0,7.702127283314788,3.1797034383505993,0.29100607010502727,24.0,False,0,2,2,4,-5.460761491148636,303.38726210214276,264565480.59943694,40.54421768707483,False,0.0,0,,,,0.0,0,,,,False,False,False,False,0,,none,0,0,False,-2,0.5,risk_on,6,False
PSLV,19.999799728393555,-44.99505117527506,30.546998216653897,21.72732414431675,4.466148238663646,0.4215765515811554,False,0.879188433962654,4.700049734613622,-18.201230657184166,-7.877473183784078,False,False,False,True,30,50.0,True,0.3784086097794469,0.7984153363782579,False,-1.638201835846137,True,2.3007698664270437,True,2,0,0.47408554433924355,False,0.8288532780541418,False,7,2,True,False,False,25.0,14.31757797010635,4.700049734613622,0.24604373828332735,22.0,False,1,2,3,4,-10.794827563178366,22.420000076293945,128536746.74373055,62.99319727891156,False,0.0,0,,,,0.0,0,,,,False,False,False,False,0,,none,0,0,False,-2,0.5,risk_on,6,False
PSN,44.91999816894531,-48.61000310377827,11.408726460659135,-48.61000310377827,-65.87117900943137,0.3467885017781986,False,0.9724973873956975,10.975067912144427,-19.97149952939835,0.22311127800529462,False,False,False,False,22,36.666666666666664,False,0.4400471057030896,1.7497837880947535,True,-0.5140060511300951,True,10.12502368404169,False,0,0,0.5387747636432235,False,0.7531258182770358,False,6,2,True,False,False,25.0,17.176521682153723,11.97685059532039,0.5836338956223717,23.0,False,1,2,2,5,-7.151721419556212,48.380001068115234,52085351.55067368,4.8979591836734695,False,0.0,0,,,,0.0,0,,,,False,False,False,False,0,,none,0,0,False,-1,0.625,risk_on,6,False
PSX,280.67498779296875,-0.32848660884149394,127.97918650481589,120.44886351958168,103.18768761392857,0.44030966888697926,True,1.0883318943975002,8.744636114765017,77.19027899620359,2.7624145188271942,False,True,False,False,35,58.333333333333336,True,0.4283397849225386,1.531446336272324,False,3.8484061781777106,True,6.08322701547459,False,0,1,0.5701746134350251,False,1.406415833635964,True,4,1,False,False,False,35.0,18.502725692689932,13.561596962887885,0.888748168695023,0.0,True,11,3,4,5,-2.058462117445403,286.5740051269531,831087956.7754364,93.80952380952381,True,0.0,0,,,,0.0,0,,,,False,False,False,False,0,,none,0,0,False,-1,0.625,risk_on,6,False
PTC,194.47999572753906,-5.532617506094029,73.1327272833474,-3.589136153753403,-20.850312059406505,0.6943154050018856,False,1.2652354405462565,2.1236142397897413,44.907224497921504,43.11575288913703,False,False,False,True,25,41.66666666666667,True,0.45620300462244484,1.2718948852488063,True,6.272008432596258,False,35.02742302008126,False,1,1,0.5399473891414508,False,0.7704924289444759,False,2,0,False,True,True,25.0,35.32772305948173,32.075280878864845,0.9773316881924052,4.0,True,4,2,3,3,-0.8008198417646883,196.0500030517578,686920476.7148743,33.945578231292515,False,0.0,0,,,,0.0,0,,,,False,False,False,False,0,,none,0,0,False,-3,0.375,risk_on,6,False
PTCT,63.43000030517578,-29.16806460797693,1.846502165091879,-3.908501359733507,-21.16967726538661,0.382089552238806,False,0.9319237592934336,5.707070943986917,-9.926154566206835,-2.9677258067848045,True,False,False,True,21,35.0,False,0.42220121740982774,1.5633821563883572,False,-2.350172784248793,True,-0.047271950409177865,True,2,0,0.5050056037067829,False,0.5190713707833551,False,5,2,True,True,True,25.0,14.249701576930326,7.267855254882277,0.21621630741026088,24.0,False,0,2,3,4,-11.16868372026828,71.40499877929688,83776897.79017219,33.6734693877551,False,0.0,0,,,,0.0,0,,,,False,False,False,False,0,,none,0,0,False,-2,0.5,risk_on,6,False
PTEN,11.454999923706055,-12.889731893495393,122.59581060346542,109.34141772006734,92.08024181441424,0.32384422602251134,False,0.8280093858246841,6.198167113712779,10.324564299993622,-2.758911855961177,False,True,False,True,26,43.333333333333336,True,0.3920435403116511,1.501461060536235,False,-0.2486950829980971,True,2.1855475889862808,True,2,0,0.5568712825225937,False,0.5360897192071207,False,5,1,False,False,False,25.0,21.88200321172431,11.523349660548554,0.33959036925744907,21.0,False,4,1,2,5,-14.451085660962171,13.390000343322754,87794936.10469675,92.85714285714286,True,0.0,0,,,,0.0,0,,,,False,False,False,False,0,,none,0,0,False,-1,0.625,risk_on,6,False
PTGX,144.22999572753906,-9.071995859675319,115.1402054860854,115.1402054860854,97.8790295804323,0.5714401607758541,False,0.9548408803272974,7.078975952515891,47.82207254141255,0.8601368724049374,False,False,False,True,21,35.0,False,0.2920314967155286,1.134133527056442,False,-0.24107668736117593,True,2.9772941893710936,True,2,0,0.4654057436186278,False,0.7616398487360357,False,6,2,True,False,False,25.0,11.332979877750105,7.078975952515891,0.591014584874569,19.0,False,5,2,2,6,-4.635023479909783,151.24000549316406,115191832.69697723,93.33333333333333,True,0.0,0,,,,0.0,0,,,,False,True,False,False,1,,power_play,6,6,True,0,0.75,risk_on,6,False
PVH,81.47000122070312,-17.473554244470634,33.964816539801724,1.1007871583952111,-16.160388747257894,0.4215969706050617,False,0.908840743430375,10.721129948243357,-8.387393116912323,11.070215290388695,False,False,False,False,19,31.666666666666664,False,0.343782084831342,1.2096930380399984,False,1.5752419367327397,True,7.86442809136445,False,0,1,0.5592892766407427,False,1.6212060618508304,True,3,2,True,False,False,45.0,23.544712429335764,11.727635020709025,0.6651026484705059,44.0,False,1,4,3,4,-7.885061835108109,88.44385378066083,67302744.92129211,39.795918367346935,False,0.0,0,,,,0.0,0,,,,False,False,False,False,0,,none,0,0,False,-2,0.5,risk_on,6,False
PWR,701.97998046875,-10.574164706961753,70.42975750237966,63.40911383556565,46.147937929912544,0.39926798429493576,False,0.9551376463518607,7.534404985897172,17.851670664481635,10.270006790941299,False,False,False,True,25,41.66666666666667,True,0.44331540174830686,1.556404266885634,True,2.194113904402478,True,3.7572400085558844,True,2,2,0.6209770450301373,True,1.3019598738969278,True,3,0,False,False,False,35.0,17.808068631460326,12.383367751779298,0.8427044478399723,3.0,True,4,5,4,5,-2.8011299882892193,722.2100219726562,571155591.3148865,85.4421768707483,True,0.0,0,,,,0.0,0,,,,False,False,False,False,0,,none,0,0,False,-1,0.625,risk_on,6,False
PYPL,55.41999816894531,-26.022392249634162,43.0624036991349,-26.022392249634162,-43.28356815528727,0.6598305340293971,False,0.9424361978716518,5.864309107503982,17.322723049546738,5.7431755968261555,True,True,False,True,22,36.666666666666664,False,0.3638641644680002,0.9906726842605934,False,-0.5131669600492613,True,4.962119260876374,True,2,1,0.6174646586810837,True,0.48602187399837077,False,3,2,True,False,False,25.0,9.50837425944997,6.10790734043593,0.8651178246654637,24.0,True,1,5,5,5,-1.2825102040095238,56.13999938964844,628020658.3495486,14.217687074829932,False,0.0,0,,,,0.0,0,,,,False,False,False,False,0,,none,0,0,False,-1,0.625,risk_on,6,False
Q,126.23999786376953,-28.07786971252758,72.10301054146643,,,0.539748150279926,False,0.7937445892862578,7.335550555648257,-6.393393822862992,5.156180470352001,True,False,False,True,24,40.0,True,0.3426249392135303,1.211159287104507,False,-0.2954748239421419,True,-3.985395523306967,True,2,0,0.5525749198655527,False,0.6752755617484916,False,4,0,False,False,False,25.0,16.523489896166826,9.228449060222841,0.6550633391646018,4.0,False,2,2,3,4,-5.699557430131231,133.8699951171875,184060997.35471344,,False,0.0,0,,,,0.0,0,,,,False,False,False,False,0,,none,0,0,False,-2,0.5,risk_on,6,False
QBTS,14.510000228881836,-67.59714018663566,11.787370882926119,-58.62560491831631,-75.88678082396942,0.4602070705087501,False,0.8092512023515402,13.507925618399618,-0.9556272579786085,-15.195793621986919,False,False,False,False,17,28.333333333333332,False,0.4249067205737463,2.783444769720298,False,-3.883009600788465,True,-7.989855372905397,False,0,0,0.2869306072504361,False,0.42933272596129685,False,6,3,True,False,False,25.0,24.458531641835197,22.363885833026945,0.0453563786082823,12.0,False,0,2,2,2,-23.34918122048547,18.93000030517578,255105149.68738183,2.2448979591836733,False,0.0,0,,,,0.0,0,,,,False,False,False,False,0,,none,0,0,False,-4,0.25,risk_on,6,False
QCOM,173.80999755859375,-30.124529578067516,41.37295498554225,7.104650521000178,-10.156525384652927,0.29555509978128885,False,0.9571711472966327,8.319424462452721,33.64934437291305,-2.20009207475399,False,True,False,False,24,40.0,True,0.5733368034081374,2.695274551371468,True,0.1681477826906136,True,-5.982581192574221,False,0,0,0.3142300840004788,False,0.4643897845765723,False,5,2,True,False,False,25.0,18.853539794342513,16.19009250613565,0.1744396299047004,10.0,False,2,2,2,3,-15.564735290223863,205.85000610351562,2486993805.541855,48.775510204081634,False,0.0,0,,,,0.0,0,,,,False,False,False,False,0,,none,0,0,False,-3,0.375,risk_on,6,False
QGEN,45.52000045776367,-17.480020735117453,40.76192282697924,-2.1295171965239112,-19.390693102177014,0.2800259392082448,False,1.1474898753286937,7.974510581971785,9.59346399177976,5.054231558188871,False,False,False,True,25,41.66666666666667,True,0.5599077137813049,1.64618681630149,True,1.4152925223440185,True,1.7206714139970325,True,2,1,0.46607736365113733,False,1.6664249706916765,True,3,1,False,True,True,65.0,16.751265595238017,11.731107422862792,0.7777779383290466,3.0,False,2,3,2,5,-3.7225007761715,47.279998779296875,100493798.92179565,36.25850340136054,False,0.0,0,,,,0.0,0,,,,False,False,False,False,0,,none,0,0,False,-1,0.625,risk_on,6,False
QLYS,201.16000366210938,0.0,163.98951669085312,55.00077481446193,37.73959890880882,0.4772100482431349,True,0.9085368666582868,8.55040596297324,147.1253069917401,14.974849075703434,False,False,False,False,23,38.333333333333336,False,0.5530287595999732,3.0682581383232765,True,2.3756949869521486,True,4.2279811720773885,True,1,1,0.6915701439481483,True,1.062666857551897,False,4,2,True,False,False,25.0,27.043685626401608,18.07019558648106,0.9412083923341696,3.0,True,9,4,5,5,-1.5899417551854533,204.41000366210938,132906999.98403473,82.72108843537414,True,0.0,0,,,,0.0,0,,,,False,False,False,False,0,,none,0,0,False,-1,0.625,risk_on,6,False
QMCO,30.100000381469727,-12.753622082696447,598.3758881921952,140.03190169884076,122.77072579318765,0.455771484375,True,1.4050971010272129,24.41794659157754,368.84735239513367,19.968115577572387,False,False,False,False,25,41.66666666666667,True,0.29333085766390027,3.1111763286122347,False,1.8835335334242205,True,-12.753622082696447,False,0,1,0.3219083522836217,False,2.15645471609573,True,4,2,True,True,False,25.0,38.849934631179245,24.41794659157754,0.5992779619329082,4.0,False,9,3,3,4,-15.568024984179441,35.650001525878906,57927684.836740494,95.17006802721089,True,0.0,0,,,,0.0,0,,,,False,False,False,False,0,,none,0,0,False,-2,0.5,risk_on,6,False
QSR,71.21009826660156,-11.919451309513573,12.336676038437089,10.718640028981996,-6.542535876671108,0.3780328896317078,False,0.8394998710409,3.187756129702742,-6.459544390589245,-2.2912994645291285,False,True,False,True,20,33.33333333333333,False,0.5198033737275948,1.2102550300651467,True,-2.4292911833760056,True,1.859668912014123,True,2,0,0.47192389721487393,False,0.3148584471010451,False,4,3,True,False,False,25.0,14.39565935974087,4.156712540110246,0.18780306338104083,24.0,False,1,2,3,5,-11.692110432591585,80.63843289137203,234546314.37835273,52.993197278911566,False,0.0,0,,,,0.0,0,,,,False,False,False,False,0,,none,0,0,False,-1,0.625,risk_on,6,False
QUBT,7.40500020980835,-66.0009183822076,17.35341167921569,-65.26735311536596,-82.52852902101907,0.48364561173183396,False,0.9380994806566798,13.909516594029226,1.8569495080608123,-14.885053193652563,False,False,False,False,21,35.0,False,0.4314579312034666,2.173443377013546,False,-2.5361591674664212,True,-9.474328440758873,False,0,0,0.20406644171210636,False,0.5215530251711616,False,4,2,True,False,False,25.0,24.897543526535106,22.687376874757195,0.030864311392285834,12.0,False,0,2,2,2,-24.12909799022914,9.760000228881836,60739613.404938415,0.9523809523809524,False,0.0,0,,,,0.0,0,,,,False,False,False,False,0,,none,0,0,False,-4,0.25,risk_on,6,False
QURE,22.344999313354492,-68.3453740294921,147.4529343756934,-64.8939532165299,-82.155129122183,0.14606338603557759,False,1.335502843055985,11.814721283390872,24.693075994538095,-49.21591065146706,False,True,False,False,18,30.0,False,0.3770573634584756,2.3851868898525015,False,-6.1210714392291745,True,-4.752769883337904,True,1,1,0.5259604270518307,False,1.6653904957513759,True,8,1,False,False,False,,,,,,False,0,2,2,2,,,97496960.4731719,1.0204081632653061,False,0.0,0,,,,0.0,0,,,,False,False,False,False,0,,none,0,0,False,-4,0.25,risk_on,6,False
QXO,10.759900093078613,-60.251569211742904,0.0,-45.46426587570506,-62.725441781358164,0.5677320869721483,False,0.9362931947667239,17.10053194426484,-51.53198322839193,-5.449033524836389,False,False,False,False,17,28.333333333333332,False,0.47186803238692837,2.298857471698936,True,-3.8566595912330546,True,-10.780267672489908,False,0,0,0.38866981283862334,False,0.652265346986441,False,4,2,True,False,False,25.0,21.129861263827664,17.10053194426484,0.0034375321823676883,24.0,False,0,2,2,3,-21.057226685724295,13.630000114440918,271657928.0162385,5.986394557823129,False,0.0,0,,,,0.0,0,,,,False,False,False,False,0,,none,0,0,False,-3,0.375,risk_on,6,False
R,238.1300048828125,-14.711779796522674,51.28764877964795,31.53306715582376,14.271891250170654,0.5257657118266694,False,0.9945715989898021,4.161593860037185,8.8235560737999,-0.1718740734718338,False,False,False,True,18,30.0,False,0.43007910592399023,0.9178956765508969,False,-1.4666619482663243,True,0.3751472639693887,True,2,0,0.46960783590624133,False,0.3352277363437643,False,6,2,True,False,False,25.0,11.021677925617054,7.290135747023855,0.5361532851627879,24.0,False,2,2,2,5,-5.112369097791292,250.9600067138672,62363627.01921997,70.34013605442176,False,0.0,0,,,,0.0,0,,,,False,False,False,False,0,,none,0,0,False,-1,0.625,risk_on,6,False
RACE,389.5199890136719,-10.771067625159358,25.23137621273277,-3.2806096422112074,-20.54178554786431,0.3234751836992291,False,0.9688302321834018,2.3233692873849154,10.9465168881548,-4.221892184381426,False,False,False,True,23,38.333333333333336,False,0.4436033391392019,0.7617197851128424,True,-2.451649361046334,True,0.3064410379199023,True,2,0,0.5060477480107624,False,0.586950807043772,False,5,1,False,False,False,55.0,18.49021793453482,6.635089841254843,0.41073842885982487,34.0,False,1,1,1,4,-10.895574870828229,437.1499938964844,174970081.9578125,34.285714285714285,False,0.0,0,,,,0.0,0,,,,False,False,False,False,0,,none,0,0,False,-2,0.5,risk_on,6,False
RAL,73.5250015258789,-0.5881524661688009,92.04678518733445,70.75188406885874,53.49070816320564,0.3203052631929438,True,0.8659103046907404,6.814011604565662,57.662550406214976,8.188644079422502,True,False,False,True,27,45.0,True,0.3437102111270336,0.9484482294861216,False,3.0225062029958236,True,0.4439953431508048,True,2,2,0.6103265906206476,True,1.4209627677100494,True,3,0,False,False,False,25.0,16.858533848444168,9.09894906843564,0.8671064538601463,3.0,True,9,5,6,5,-2.2403903458385055,75.20999908447266,102745036.74213791,87.41496598639455,True,0.0,0,,,,0.0,0,,,,True,False,False,False,1,,sepa_vcp,6,6,True,0,0.75,risk_on,6,True
RARE,15.545000076293945,-57.457581590567955,20.69099330880484,-50.900189035962384,-68.16136494161549,0.2837261501956986,False,0.6347670281802846,10.614342942632181,-34.214978297148456,7.133010551936203,False,True,True,False,19,31.666666666666664,False,0.4802245534640322,2.980021645112928,True,-5.3877121572205695,True,2.135346935368898,True,2,0,0.5961308385860082,False,0.9677731784886514,False,4,2,True,False,False,25.0,21.029783625980787,10.614342942632181,0.8303833206645673,13.0,False,1,3,4,5,-3.5670020657815216,16.1200008392334,81827029.88904595,4.149659863945578,False,0.0,0,,,,0.0,0,,,,False,False,False,False,0,,none,0,0,False,-1,0.625,risk_on,6,False
RBA,84.8550033569336,-28.28504240823585,5.541046948389328,-17.639098290003353,-34.90027419565646,0.668123201709917,False,0.8072196675862884,7.990099005449952,-17.063479487367815,1.9891904680248595,True,False,False,True,19,31.666666666666664,False,0.4282239994285066,1.0442417956891017,False,-0.5677294106624187,True,3.633373477417212,True,2,0,0.5612662717322829,False,0.6157276670505077,False,3,1,False,False,False,25.0,9.904183855115653,9.192145558645995,0.7931241146828597,18.0,True,1,3,4,4,-2.048936803370782,86.62999725341797,147408867.70142365,21.020408163265305,False,0.0,0,,,,0.0,0,,,,False,False,False,False,0,,none,0,0,False,-2,0.5,risk_on,6,False
RBC,508.8550109863281,-21.580699425306925,37.63626159618057,32.36610584010386,15.104929934450759,0.44493213359768186,False,0.8435667876457077,6.196257790721824,-14.5843792044017,1.5658372223686712,False,True,False,True,19,31.666666666666664,False,0.37703323303041053,0.9745439349827394,False,-0.4712549921590273,True,-1.3005249833223487,True,2,0,0.5232659748644658,False,0.6273977628405767,False,6,2,True,False,False,25.0,9.65572086666489,6.196257790721824,0.7397823562251666,4.0,True,2,4,4,5,-2.5125889328710294,521.969970703125,157937136.20056456,70.81632653061224,False,0.0,0,,,,0.0,0,,,,False,False,False,False,0,,none,0,0,False,-1,0.625,risk_on,6,False
RBLX,48.4900016784668,-65.00432842605852,36.43781775278916,-61.646759818538335,-78.90793572419145,0.4935567867524426,False,1.0136489358325507,12.198392886742358,-15.903569533840155,1.4010915682107328,False,False,False,False,28,46.666666666666664,True,0.4368873123960788,2.436958088502522,False,2.5365984547418194,True,9.904811542105252,False,0,1,0.6674466620926145,True,0.7380086747847857,False,6,0,False,False,False,25.0,21.574286531930618,17.1272427669637,0.6904551570559655,13.0,False,2,2,1,3,-6.678209136156066,51.959999084472656,578475882.780133,1.4285714285714286,False,0.0,0,,,,0.0,0,,,,False,False,False,False,0,,none,0,0,False,-3,0.375,risk_on,6,False
RBRK,123.7300033569336,-1.6454687159050074,182.42410289529505,43.705000638441206,26.4438247327881,0.40949604173137016,True,0.8213558395284786,8.001294154433666,154.5361073922413,15.94977454642066,True,False,False,False,27,45.0,True,0.510523321739939,2.7574495356601836,True,4.937307561338079,False,4.343060757594097,True,1,2,0.6239491111090636,True,1.9764416333454502,True,5,1,False,False,False,25.0,32.931979862454966,17.780650936002065,0.9009972009253086,3.0,False,9,2,4,4,-3.260358185454415,127.9000015258789,345465817.0084206,78.0952380952381,False,0.0,0,,,,0.0,0,,,,False,False,False,False,0,,none,0,0,False,-2,0.5,risk_on,6,False
RCAT,5.75,-66.87788134885582,0.0,-60.77762578548026,-78.03880169113336,0.4393085857399751,False,0.5083354087131745,14.782615329908289,-55.42635527104682,-14.814814814814813,False,True,True,False,16,26.666666666666668,False,0.5405453285877393,2.9502167216133386,True,-8.464916673166227,True,-10.15625133877618,False,1,0,0.25532629952093844,False,0.2239693103499381,False,6,5,True,False,False,25.0,35.99101650547375,17.391304347826086,0.015600683907987833,23.0,False,0,2,2,2,-35.42953203344468,8.904999732971191,59385837.81683636,1.7006802721088436,False,0.0,0,,,,0.0,0,,,,False,False,False,False,0,,none,0,0,False,-4,0.25,risk_on,6,False
RCI,29.649900436401367,-25.55086305918197,0.0,-15.740840113054622,-33.00201601870773,2.0649573586702896,False,1.1408656069130967,9.156860942624508,-7.736416912018962,-15.47919358956904,False,False,False,False,21,35.0,False,0.488839255528838,1.437308559897573,True,-5.1561752998882495,True,-3.827763510298543,True,1,0,0.4367658410489502,False,0.5845388614856741,False,8,1,False,False,False,25.0,22.544350526336306,9.156860942624508,0.04637712454301479,19.0,False,0,1,1,2,-21.498808374235022,37.77000045776367,50500596.24490662,22.517006802721088,False,0.0,0,,,,0.0,0,,,,False,False,False,False,0,,none,0,0,False,-4,0.25,risk_on,6,False
RCL,278.337890625,-18.70153877036533,20.858830628172463,-7.518710308183563,-24.77988621383667,0.22988522835394862,False,1.3639917778346657,6.998691749293028,-0.34218061139708045,13.232941454569014,False,True,False,True,21,35.0,False,0.49301607532431085,1.9213334422815913,True,0.04963855819097025,True,0.2152734253790589,True,2,0,0.5977125669370127,False,0.8043084949720201,False,4,1,False,True,True,25.0,23.15247401119706,17.59372982583556,0.8382058128796464,3.0,False,1,1,2,4,-3.7459357124667414,289.1700134277344,841327844.4324005,29.931972789115648,False,0.0,0,,,,0.0,0,,,,False,False,False,False,0,,none,0,0,False,-2,0.5,risk_on,6,False
RDDT,161.42999267578125,-37.65496572739043,32.49343198279353,-23.745869153106923,-41.00704505876003,0.5484876319118381,False,0.7583591980740371,10.351864307835285,8.088373671637417,7.0135804734442475,False,False,False,False,22,36.666666666666664,False,0.4320959901961011,1.8788614260006775,False,1.1246586309780673,True,9.177595028685314,False,0,0,0.5092485145385772,False,0.6697794203560264,False,5,1,False,False,False,25.0,14.958471263561481,13.403953088035738,0.808914530969073,19.0,True,1,3,3,3,-2.8583464973832906,166.17999267578125,707048535.7993438,16.258503401360542,False,0.0,0,,,,0.0,0,,,,False,False,False,False,0,,none,0,0,False,-3,0.375,risk_on,6,False
RDN,34.060001373291016,-13.626205259610158,11.270828794994369,3.6932321326641704,-13.567943772988933,0.5829531422784714,False,1.184824635191795,4.668232790603256,0.40628637898740827,-2.713501838867227,False,False,False,True,19,31.666666666666664,False,0.534071886365439,1.6001063903348995,True,-1.5394483287284304,True,4.574767247245548,True,2,1,0.61805410914601,True,0.9862245848945357,False,3,2,True,False,False,25.0,16.99292631888132,11.068697587814473,0.5648002822266486,24.0,False,1,3,2,5,-7.395316738120505,36.779998779296875,69802762.33898029,43.197278911564624,False,0.0,0,,,,0.0,0,,,,False,False,False,False,0,,none,0,0,False,-1,0.625,risk_on,6,False
RDNT,70.87000274658203,-16.11032205201083,36.63004473867044,-2.7045492728612675,-19.965725178514372,0.4184816871315335,False,0.8719379768159292,7.944118858792476,26.03592979464473,-6.7499963860762735,False,True,False,True,23,38.333333333333336,False,0.4225305006004865,1.5938117736253274,False,-0.9472758054097926,True,1.3442048295496445,True,2,0,0.47521935233538526,False,0.8795036841373558,False,6,2,True,False,False,25.0,16.973791971833695,9.326926378983135,0.34268845571737194,18.0,False,0,2,2,4,-11.157069413338084,79.7699966430664,54174826.49884949,35.17006802721088,False,0.0,0,,,,0.0,0,,,,False,False,False,False,0,,none,0,0,False,-2,0.5,risk_on,6,False
RDW,9.479999542236328,-63.39768462601128,87.3517717280607,-1.761658891338247,-19.02283479699135,0.4758398882534005,False,0.8773332203087489,18.459916503194005,-5.105107513178176,-11.731845956554011,False,False,False,False,23,38.333333333333336,False,0.43639885711327214,2.9438114588674744,False,-2.578612643688611,True,-12.867652182708921,False,0,0,0.2391148475771067,False,0.7464952653494056,False,4,1,False,False,False,25.0,22.120962251878744,24.472581862079373,0.029962517385803755,10.0,False,0,1,1,2,-21.458162535816115,12.069999694824219,149585511.8313232,36.666666666666664,False,0.0,0,,,,0.0,0,,,,False,False,False,False,0,,none,0,0,False,-4,0.25,risk_on,6,False
REG,72.1500015258789,-11.852151161544278,11.791151272681022,5.318440094408383,-11.94273581124472,0.44819671418951695,False,0.8709066710444336,2.467091297361858,-6.0781176304204205,-1.0966353061411027,False,False,False,True,18,30.0,False,0.3852975955596114,0.5259913031022152,False,-2.5272553108675604,True,0.768160703182974,True,2,0,0.48938701071494284,False,0.6538258444067565,False,7,1,False,False,False,25.0,7.18713496773882,4.435210686016319,0.32477115335350104,19.0,False,1,1,1,4,-4.85296085495901,75.83000183105469,96631744.61991958,46.19047619047619,False,0.0,0,,,,0.0,0,,,,False,False,False,False,0,,none,0,0,False,-2,0.5,risk_on,6,False
REGN,745.6599731445312,-12.484308357080332,34.381094129297594,31.511394237517877,14.250218331864772,0.33456111980411285,False,1.058111834556539,4.245899509801715,0.15883557959615047,-4.99331129011612,False,True,False,True,29,48.333333333333336,True,0.42463168516313665,1.175356304328652,False,-2.0304644738602846,True,1.4227367741874497,True,2,0,0.5274699358311723,False,0.6197743036914554,False,5,1,False,False,False,25.0,14.202528889508118,7.903065042805892,0.19779084523405244,24.0,False,2,1,2,4,-11.393398695991252,841.5399780273438,578421550.7177124,70.27210884353742,False,0.0,0,,,,0.0,0,,,,False,False,False,False,0,,none,0,0,False,-2,0.5,risk_on,6,False
RELX,36.17499923706055,-20.569645195699582,34.05484255085991,-17.666878076457415,-34.92805398211052,0.7803460778933247,False,0.7600554321100562,7.988941121214157,8.535497513644973,8.27596349080082,False,False,False,True,27,45.0,True,0.3666540853171002,0.6090623952382193,False,2.1894653885779634,True,8.243570374205621,False,1,2,0.6582134281158757,True,1.241641441081667,True,3,1,False,False,False,35.0,11.648652360245988,9.647551491559843,0.8085845707493355,25.0,True,2,5,4,4,-2.229731791728251,37.0,66803683.15931626,20.952380952380953,False,0.0,0,,,,0.0,0,,,,False,False,False,False,0,,none,0,0,False,-2,0.5,risk_on,6,False
RELY,23.795000076293945,-11.608469506476382,95.04098728118939,53.714475322629006,36.4532994169759,0.22931923684895053,False,0.8423400226908666,8.783358461385669,37.46389838492412,8.504330803305994,False,True,False,False,21,35.0,False,0.48011590617276784,2.0380112605028455,True,-0.0671897186228353,True,9.301789508268543,False,0,0,0.554225886373352,False,0.9860722176515939,False,4,1,False,False,False,25.0,27.36235034177943,11.956290414929887,0.5805575422871276,24.0,False,4,1,2,5,-11.476931476156615,26.8799991607666,83765592.1491766,82.24489795918367,True,0.0,0,,,,0.0,0,,,,False,False,False,False,0,,none,0,0,False,-1,0.625,risk_on,6,False
REXR,36.90999984741211,-12.43524206988268,17.99537968851952,-6.045673967423292,-23.306849873076395,0.702532130073749,False,1.1218851985231295,4.17230318937011,9.132900917898713,-2.723749295868949,False,False,False,True,19,31.666666666666664,False,0.4740966162152407,1.0859162750492455,True,0.07436455196344048,True,0.5996217741555565,True,2,0,0.38985875486367433,False,0.9543770454312409,False,4,2,True,False,False,65.0,14.721445975717277,4.307776101763845,0.6017727118955478,17.0,False,0,3,3,4,-5.862481507886097,39.20859657088171,114701920.81095962,30.74829931972789,False,0.0,0,,,,0.0,0,,,,False,False,False,False,0,,none,0,0,False,-2,0.5,risk_on,6,False
RF,26.959999084472656,-15.946214345774779,20.12856611926319,10.825839189046249,-6.435336716606855,0.45631853358813096,False,0.9641801744320019,3.7462917773744864,-1.2086470156630003,-5.403511984306464,False,False,False,True,20,33.33333333333333,False,0.5025957153219538,1.0589209755770874,True,-4.716966163344994,True,-0.5166099447467154,True,2,0,0.4791683357738976,False,0.34012816854472927,False,5,3,True,False,False,25.0,14.658830865621836,5.304155614750654,0.18262800370255045,24.0,False,0,2,2,4,-11.98171784801999,30.6299991607666,278367153.5584795,53.265306122448976,False,0.0,0,,,,0.0,0,,,,False,False,False,False,0,,none,0,0,False,-2,0.5,risk_on,6,False
RGA,256.8399963378906,0.0,43.96851422769965,34.24437609333027,16.983200187677163,0.6485308056872038,True,1.1296035842580694,4.154336676951279,25.45817934228665,4.542495927552803,False,False,False,True,26,43.333333333333336,True,0.3851084017604456,0.8499500262764621,False,1.9036921573023384,True,2.979027531649092,True,2,1,0.5464773666098204,False,1.7948105076963607,True,4,1,False,False,False,65.0,12.097368846247802,5.7973834301335305,0.9459637172542337,1.0,True,7,3,3,5,-0.6536968434556756,258.5299987792969,92479780.87266235,72.24489795918367,False,0.0,0,,,,0.0,0,,,,False,False,False,False,0,,none,0,0,False,-1,0.625,risk_on,6,False
RGEN,172.41000366210938,-11.389218701720761,67.59988243301362,15.859153612460176,-1.4020222931929283,0.5669199849020775,False,1.3021224177604507,21.414069592679464,40.63953732970311,-2.532645001411671,False,False,False,False,27,45.0,True,0.5352309093419864,2.845079613164643,True,-0.07566430702981652,True,-5.112819726011941,False,0,0,0.47089134556348783,False,0.8201582108954808,False,4,1,False,False,False,55.0,34.61557702423912,24.029923899877705,0.6156305510941156,9.0,False,3,1,1,3,-13.305170264365984,198.8699951171875,230004487.6043396,57.278911564625844,False,0.0,0,,,,0.0,0,,,,False,False,False,False,0,,none,0,0,False,-3,0.375,risk_on,6,False
RGLD,236.47500610351562,-21.80006289247244,41.036289554908656,23.729648743983624,6.46847283833052,0.3567233497897239,False,0.8838972844784588,5.099903688474608,-10.187533974595986,-5.083327555799344,False,False,False,True,33,55.00000000000001,True,0.4137236508435318,1.080403052051866,False,-0.9912004399500624,True,0.7820519598706221,True,2,0,0.3450169638685717,False,0.54821993900247,False,7,2,True,False,False,25.0,15.335959581349027,8.582359646667777,0.2523024173679162,22.0,False,1,2,2,4,-11.46665990631801,267.1027726428128,162731369.72548676,65.17006802721087,False,0.0,0,,,,0.0,0,,,,False,False,False,False,0,,none,0,0,False,-2,0.5,risk_on,6,False
RGTI,13.96500015258789,-75.21299234155853,8.25581833760516,-70.35661224440881,-87.61778815006191,0.4728766602672477,False,0.8542780330507427,14.536345610202684,-7.699933595777608,-11.389594227317467,False,False,False,False,20,33.33333333333333,False,0.4582009453912284,2.606273536939148,True,-2.7021244933789283,True,-8.426228507620392,False,0,0,0.2478467653872502,False,0.486313378392948,False,5,3,True,False,False,25.0,22.197056116443743,21.195853630354335,0.05739805538025573,12.0,False,0,2,2,3,-20.922988260193463,17.65999984741211,237757204.20524836,0.5442176870748299,False,0.0,0,,,,0.0,0,,,,False,False,False,False,0,,none,0,0,False,-3,0.375,risk_on,6,False
RH,115.4000015258789,-50.450835315534604,2.2596394206798154,-37.72597105054183,-54.987146956194934,0.48519135724966045,False,0.6470072365766755,7.868285711433427,-8.572333695279255,-8.803539836454577,True,False,True,True,17,28.333333333333332,False,0.36871236909835503,1.6592163178593338,False,-6.545595661826172,True,-4.200562507928818,True,3,0,0.45088345476017233,False,0.32936548609701644,False,9,4,True,False,False,25.0,25.455885732864697,11.611786264035622,0.09971142036633499,24.0,False,0,2,4,4,-22.91764320975763,149.7100067138672,96455474.28056946,7.891156462585033,False,0.0,0,,,,0.0,0,,,,False,False,False,False,0,,none,0,0,False,-2,0.5,risk_on,6,False
RHI,34.09000015258789,-24.812527485970637,61.519271677592926,11.282245382478484,-5.97893052317462,0.2545264692241436,False,0.8759355454523324,8.536227146925375,36.85316356465525,-8.801500325086087,False,False,False,False,21,35.0,False,0.3752839157963537,1.549305120233194,False,-4.087687433852071,True,-5.620151825378105,False,0,0,0.5180338262053875,False,1.0339565415725587,False,6,4,True,False,False,25.0,23.492573062026253,17.013784720151282,0.10858823024359089,24.0,False,1,2,2,3,-20.941556129352566,43.119998931884766,66504098.43098011,53.87755102040816,False,0.0,0,,,,0.0,0,,,,False,False,False,False,0,,none,0,0,False,-3,0.375,risk_on,6,False
RHP,120.4800033569336,-10.525753070636224,46.65569256415554,41.78697020755604,24.525794301902934,0.2835429635132481,False,0.8415980465550013,3.5939525904826977,20.740761469644255,-0.21647543690327398,False,True,False,True,22,36.666666666666664,False,0.320216117408748,0.733302971894002,False,-0.9621325943850312,True,-0.9699163814371081,True,2,0,0.4080329057629398,False,0.8956157389147522,False,4,3,True,False,False,45.0,14.264270404189833,4.465469043422259,0.39011216885109407,31.0,False,3,2,2,6,-8.699604939732863,131.9600022293497,69112817.33688203,77.07482993197279,False,0.0,0,,,,0.0,0,,,,False,True,False,False,1,,power_play,6,6,True,0,0.75,risk_on,6,False
RIG,5.539999961853027,-26.912928527519288,79.87013308711195,66.36636903244725,49.10519312679415,0.26642552335324293,False,0.7709802060123316,6.859207889124515,-16.56626395709212,-1.7730479964511159,False,True,False,True,18,30.0,False,0.4636579496052909,2.0062703667817634,True,-0.31450507971174685,True,7.15667079495117,False,1,0,0.4258511556092143,False,0.7194534957364007,False,4,3,True,False,False,25.0,14.950167744500828,8.84476987959087,0.4666667019879339,23.0,False,2,2,2,5,-7.973422269008235,6.019999980926514,222035280.42650995,86.4625850340136,True,0.0,0,,,,0.0,0,,,,False,False,False,False,0,,none,0,0,False,-1,0.625,risk_on,6,False
RIO,94.55500030517578,-13.75286043260131,51.79327085036416,48.25899785587819,30.997821950225088,0.46336233868336746,False,0.891613244531462,4.283224619201997,-2.589420201141812,-2.8910366252455133,False,False,False,True,25,41.66666666666667,True,0.4520234130718643,0.7653960403184009,True,-2.057872141795963,True,0.3662044624305638,True,2,1,0.7006610195675872,True,1.1935975642422185,False,4,2,True,False,False,55.0,17.562728393765006,5.626354690554647,0.3452897034801806,32.0,False,2,3,2,4,-11.498499114378935,106.83999633789062,175384578.14779052,80.06802721088435,True,0.0,0,,,,0.0,0,,,,False,False,False,False,0,,none,0,0,False,-2,0.5,risk_on,6,False
RIOT,16.815000534057617,-41.39072770634251,42.13863603128309,-24.528725243099192,-41.78990114875229,0.45024230596641895,False,0.8210237133800584,21.022894648455186,-3.1951656785312865,-29.199997751336348,False,False,False,False,21,35.0,False,0.47961430850373027,3.0731553061664436,True,-2.881570584055527,True,-14.774450460267497,False,0,0,0.29818373408837145,False,0.5670240987140561,False,7,2,True,False,False,25.0,35.58487618985804,38.626230347588894,0.05091322629662766,13.0,False,0,2,2,2,-33.773135335666325,25.389999389648438,355598650.2560867,15.374149659863946,False,0.0,0,,,,0.0,0,,,,False,False,False,False,0,,none,0,0,False,-4,0.25,risk_on,6,False
RITM,8.604999542236328,-22.568764982839063,6.478982870954564,-11.373201299022117,-28.63437720467522,0.43932799842224973,False,1.1396051254478239,5.1133126956944235,-9.853497631892393,-5.317232533655525,False,False,False,True,20,33.33333333333333,False,0.4800343883959995,1.1937013330512174,True,-3.823879443049501,True,-1.205516595301681,True,2,0,0.4977477352339732,False,0.8108988560172248,False,5,3,True,False,False,25.0,14.773816424838598,6.856480929394183,0.14078447834817903,24.0,False,0,2,2,4,-12.693892386255934,9.856125507629086,60794614.47626028,26.598639455782312,False,0.0,0,,,,0.0,0,,,,False,False,False,False,0,,none,0,0,False,-2,0.5,risk_on,6,False
RIVN,13.925000190734863,-37.97327520040753,11.4000015258789,6.378915419507414,-10.88226048614569,0.6896461799872537,False,0.8774884790466347,7.253143375565981,-12.42138034703909,-7.104733800165086,False,False,False,True,21,35.0,False,0.373396750057274,1.668717000699571,False,-2.746220409903937,True,-2.622377587400082,True,2,0,0.4223505684004506,False,0.4854642038021296,False,8,2,True,False,False,25.0,17.78703073236857,11.131060463224777,0.03511722540078246,20.0,False,0,2,2,4,-17.16239956492934,16.809999465942383,380210277.15002215,47.82312925170068,False,0.0,0,,,,0.0,0,,,,False,False,False,False,0,,none,0,0,False,-2,0.5,risk_on,6,False
RJF,158.92999267578125,-11.979809409683828,14.019840101728164,-1.8065455351763293,-19.067721440829434,0.23178112308772786,False,0.9881138404668411,3.8255849186741937,6.433091547919867,-3.201839303675713,False,True,False,True,25,41.66666666666667,True,0.45942762611646626,1.032715524414612,True,-3.2233252258525242,True,0.4550824419192523,True,2,0,0.5592259226138862,False,0.7890049537996697,False,5,3,True,False,False,25.0,13.80744661264579,3.8255849186741937,0.15957339994375558,24.0,False,2,2,3,5,-11.604145412124012,179.7934907884011,204956921.35123292,36.53061224489796,False,0.0,0,,,,0.0,0,,,,False,False,False,False,0,,none,0,0,False,-1,0.625,risk_on,6,False
RKLB,68.24500274658203,-54.57298496476503,72.85968474638011,2.7476733332552294,-14.513502572397876,0.5471194826490483,False,0.9363168488655045,16.557982222264954,-3.3630698210571075,5.6915023526822095,False,False,False,False,20,33.33333333333333,False,0.4279634362831905,2.381788726085203,False,-0.5844033845569636,True,-7.677212612198647,False,0,0,0.3392045371739909,False,0.7384855339679661,False,3,2,True,False,False,25.0,22.700563023594984,16.557982222264954,0.43528442463654654,3.0,False,0,2,2,3,-12.819361508943782,78.27999877929688,1492122774.3036652,41.83673469387755,False,0.0,0,,,,0.0,0,,,,False,False,False,False,0,,none,0,0,False,-3,0.375,risk_on,6,False
RKT,11.4399995803833,-51.19454215130531,0.0,-29.64330000400004,-46.904475909653144,0.48546868921338454,False,0.9063656183006042,7.910845453153289,-25.326372008687148,-6.916195151408022,True,False,False,True,20,33.33333333333333,False,0.5410715612316782,2.657875917423151,True,-3.0370082807814494,True,-2.222224214704205,True,2,0,0.4740048389014242,False,0.3745690129991424,False,6,3,True,False,False,25.0,22.27723122858406,14.597903300255116,0.14285705635608678,24.0,False,0,2,3,4,-19.094771551504653,14.140000343322754,488114100.6274214,11.63265306122449,False,0.0,0,,,,0.0,0,,,,False,False,False,False,0,,none,0,0,False,-2,0.5,risk_on,6,False
RL,370.8999938964844,-9.990024113945795,21.192432564705555,16.073476983718216,-1.1876989219348886,0.284659901439502,False,0.9022754392063901,4.1844133914985715,-1.0912260661807727,10.9988355473156,False,True,False,True,20,33.33333333333333,False,0.45101733772699987,1.2528434664593742,True,1.0221866057275197,True,2.0722676281701435,True,2,3,0.6744182762436408,True,1.5780115524092853,True,2,1,False,False,False,35.0,12.913155145160204,6.015097850020541,0.8360938038985655,34.0,True,2,6,5,6,-2.1165461395108776,378.92001075597415,207471780.0230484,57.82312925170068,False,0.0,0,,,,0.0,0,,,,False,True,False,False,1,,power_play,6,6,True,0,0.75,risk_on,6,False
RLAY,18.280000686645508,-11.903611148696347,203.15091294543254,169.61652095822322,152.3553450525701,0.22079165675065587,False,1.1437710534766417,14.387303402499066,19.790304144608516,-2.9723962919685043,False,False,False,False,23,38.333333333333336,False,0.5139844854710476,2.639794649354445,True,-0.744036919929322,True,-3.586489613198529,True,1,0,0.587004499164782,False,0.443513621384421,False,5,1,False,False,False,25.0,14.321988919941827,14.387303402499066,0.5,16.0,False,4,1,1,3,-7.160994459970915,19.690000534057617,62436034.88818035,96.19047619047619,True,0.0,0,,,,0.0,0,,,,False,False,False,False,0,,none,0,0,False,-3,0.375,risk_on,6,False
RMBS,106.55000305175781,-37.56592009530439,33.63852823981082,7.931525257530714,-9.32965064812239,0.26646486933200275,False,1.1206715408355354,9.78695551866205,-5.841287024069675,21.632425693745816,False,True,False,False,26,43.333333333333336,True,0.40438954682233696,2.166972244748053,False,1.9675583049263918,True,-4.840580610749479,True,1,1,0.5642353456805892,False,2.102949846145217,True,4,1,False,True,False,25.0,30.416631164135303,14.669173566536697,0.7592222512145507,3.0,False,2,3,3,3,-7.323647977337844,114.97000122070312,246912408.49672395,49.863945578231295,False,0.0,0,,,,0.0,0,,,,False,False,False,False,0,,none,0,0,False,-3,0.375,risk_on,6,False
RMD,230.36500549316406,-16.22202836881794,26.368049640545976,-16.22202836881794,-33.48320427447105,0.39301357946924803,False,0.7920551912538191,5.601978803885568,0.6310671037042193,2.388995008119732,False,True,False,True,27,45.0,True,0.39005265080359935,0.8791391112476845,False,1.080960625575263,True,5.242361978853527,False,1,1,0.5632664983305748,False,1.0103298865822696,False,2,4,True,False,False,45.0,16.90512064854276,5.779958814882309,0.7063061874844959,27.0,False,2,4,4,5,-4.96492933430509,242.39999389648438,256366486.87111586,21.972789115646258,False,0.0,0,,,,0.0,0,,,,False,False,False,False,0,,none,0,0,False,-1,0.625,risk_on,6,False
RNG,79.08999633789062,-0.9145619640749336,220.3637748407662,184.99745800239884,167.73628209674575,0.28270368355341985,True,0.9663728918833913,5.449485090605455,115.21791145606097,10.061224138784052,False,True,False,True,31,51.66666666666667,True,0.44701580151326337,2.0416334594934233,True,2.921326204137432,True,1.0347439591529062,True,2,2,0.4830844262839631,False,2.1564176348300923,True,2,1,False,False,False,25.0,17.00854706428077,10.507014721674196,0.7982767317711971,12.0,False,12,4,5,7,-3.4310197016301336,81.9000015258789,118978354.33870697,96.87074829931973,True,0.0,0,,,,0.0,0,,,,False,True,False,False,1,,power_play,7,7,True,1,0.875,risk_on,6,True
RNR,331.5950012207031,-1.7644456113209195,43.757613267761705,28.335608736081987,11.074432830428883,0.5745105555318938,True,1.0910073797092252,4.425575698953726,7.997584350679454,1.368001397136398,False,False,False,True,26,43.333333333333336,True,0.3344592323566809,0.6800633142167225,False,0.950969344252922,True,1.8631162916319166,True,2,0,0.3867449726426117,False,0.7739469124331383,False,5,3,True,False,False,65.0,12.42064523867338,5.827886915759263,0.8051754507931292,25.0,True,6,4,5,6,-2.419846609483012,339.8180774461952,115107559.56726074,68.2312925170068,False,0.0,0,,,,0.0,0,,,,False,True,False,False,1,,power_play,6,6,True,0,0.75,risk_on,6,True
ROAD,86.69999694824219,-38.28302990811815,0.0,-28.527268678022565,-45.78844458367567,0.41517468095334087,False,0.9070245299597544,11.822376425363663,-25.090721834735607,-8.088630059053603,False,False,False,False,18,30.0,False,0.4385528759478953,1.7366372811297048,False,-3.813513886076542,True,-4.8089644211217975,True,1,0,0.4272435472340527,False,0.40826158726651707,False,5,3,True,False,False,25.0,19.02318229707851,11.822376425363663,0.07392587291225318,24.0,False,0,2,2,4,-17.616876940198058,105.23999786376953,59373607.821079634,12.51700680272109,False,0.0,0,,,,0.0,0,,,,False,False,False,False,0,,none,0,0,False,-2,0.5,risk_on,6,False
ROIV,35.26499938964844,-15.654153955191319,119.85659212469591,118.76549350927638,101.50431760362328,0.30203991031802424,False,0.8778728539225509,8.563733191642,21.81346618406026,-11.327636450242473,False,True,False,False,20,33.33333333333333,False,0.39376087327738063,1.3974637917675947,False,-1.164414729175605,True,-1.2738012752109618,True,1,0,0.5279808192845243,False,0.16665857005583365,False,7,3,True,False,False,25.0,21.60000071806066,11.413587396971261,0.21187359805724706,23.0,False,3,2,2,4,-17.023530847886025,42.5,280655706.07803136,93.5374149659864,True,0.0,0,,,,0.0,0,,,,False,False,False,False,0,,none,0,0,False,-2,0.5,risk_on,6,False
ROK,433.05499267578125,-12.258830509834873,31.489991761458704,28.018635594591924,10.75745968893882,0.6027609610993568,False,0.903339864135002,7.892767378610782,6.85392881924769,4.19493714533099,True,False,False,True,23,38.333333333333336,False,0.3977138109888433,0.9882268367618718,False,-0.21340900855707334,True,-4.686918266021256,True,2,0,0.5360562861589778,False,1.1612157277108546,False,5,1,False,False,False,25.0,11.577574395049707,7.892767378610782,0.49052139352154417,3.0,False,2,1,2,4,-5.898526469190579,460.20001220703125,299116221.2269348,67.9591836734694,False,0.0,0,,,,0.0,0,,,,False,False,False,False,0,,none,0,0,False,-2,0.5,risk_on,6,False
ROKU,153.36000061035156,-4.006005330834261,84.92704696249729,57.87523324474524,40.614057339092135,0.2129068107905758,False,0.910954213479614,2.790818180922713,48.432056778290985,-0.1822434134399864,False,True,False,True,24,40.0,True,0.46012340145417374,0.6146464232771987,True,-0.4028897466455575,True,0.6365255099338274,True,2,0,0.58494119094389,False,0.3766507590944203,False,3,4,True,False,False,65.0,12.433551165614407,2.790818180922713,0.67152931713098,32.0,False,5,3,3,5,-4.084057041856259,159.88999938964844,254819417.98913193,83.53741496598639,True,0.0,0,,,,0.0,0,,,,False,False,False,False,0,,none,0,0,False,-1,0.625,risk_on,6,False
ROL,32.21500015258789,-50.33394297245355,8.50454554769653,-42.24601523397733,-59.507191139630436,0.44721221569204656,False,1.1339436518005948,10.177550681358333,-40.57373124098619,-0.6629668534217537,False,False,False,False,19,31.666666666666664,False,0.4527937210830598,1.3623480198862512,True,-2.3207452730983733,True,6.813661523781844,False,0,1,0.6122514609434907,True,0.9202232826714696,False,6,1,False,False,False,25.0,19.155392532143008,10.177550681358333,0.42146971410102574,24.0,False,1,2,1,4,-11.081974718127775,36.22999954223633,276280274.24586487,7.07482993197279,False,0.0,0,,,,0.0,0,,,,False,False,False,False,0,,none,0,0,False,-2,0.5,risk_on,6,False
ROP,364.19500732421875,-29.022756245213,16.299581537765874,-29.022756245213,-46.28393215086611,0.19015596204098473,False,0.9152568151973653,3.868805462604058,2.7155899595065813,-2.046647330347773,False,True,False,True,24,40.0,True,0.3879465266419534,0.9591348810108224,False,-2.6640784581244605,True,2.7870286170331715,True,2,0,0.4982891413159223,False,0.550784095634966,False,5,4,True,False,False,25.0,17.117906484466804,5.9094683416529366,0.2461165137643145,24.0,False,1,2,3,4,-12.90490701756628,418.1578948399235,325055994.90353394,12.040816326530612,False,0.0,0,,,,0.0,0,,,,False,False,False,False,0,,none,0,0,False,-2,0.5,risk_on,6,False
ROST,222.9600067138672,-12.474657052954063,52.20062653476278,49.897029769193836,32.63585386354073,0.5053604986601193,False,0.8933078222677351,5.002871972836948,1.30296323452741,-1.6106940941059467,True,False,False,True,21,35.0,False,0.3932272046290385,0.8674057166213552,False,-2.630543713151266,True,-2.441579914321368,True,2,0,0.4017871939962131,False,0.5891794415833416,False,7,0,False,False,False,25.0,8.190213892289739,8.806242744359103,0.145887344959433,9.0,False,1,1,2,3,-6.995365332893721,239.72999572753906,463530925.91979676,80.61224489795919,True,0.0,0,,,,0.0,0,,,,False,False,False,False,0,,none,0,0,False,-3,0.375,risk_on,6,False
RPM,97.70999908447266,-17.839815082175615,5.901417843586132,-10.077151384481919,-27.338327290135023,0.5768457259331606,False,0.9787174219583512,4.615701748529813,-9.784453437086126,-0.6709399651127934,False,False,False,True,22,36.666666666666664,False,0.4699422601368066,1.2090909548240354,True,-2.6764996661007787,True,-1.4920892433769928,True,2,0,0.5247896842753494,False,0.8742435891899507,False,3,1,False,False,False,25.0,10.584250543887752,6.089445301394663,0.23733317057291667,24.0,False,0,1,1,3,-8.072256804168754,106.29000091552734,115038627.0334568,27.687074829931973,False,0.0,0,,,,0.0,0,,,,False,False,False,False,0,,none,0,0,False,-3,0.375,risk_on,6,False
RPRX,56.93000030517578,-10.991242776617739,63.75295408794859,60.58121829623255,43.320042390579445,0.47625543937625664,False,0.8264036784917278,3.72386952489095,18.54643404103886,-2.5338119262157455,False,False,False,True,22,36.666666666666664,False,0.34359556996380786,0.6876554876786183,False,-1.9316189229329532,True,-0.40237848644211205,True,2,0,0.5590787924760738,False,0.6705085132434649,False,4,2,True,False,False,65.0,14.989919946121818,6.385031270064349,0.22802039374604519,24.0,False,2,2,2,5,-11.57191249778543,64.37999725341797,167309182.4378395,84.35374149659864,True,0.0,0,,,,0.0,0,,,,False,False,False,False,0,,none,0,0,False,-1,0.625,risk_on,6,False
RRC,41.08000183105469,-13.353673073344153,23.79145319895788,7.561095735471568,-9.700080170181536,0.46441958051508625,False,0.956256828902651,9.615386044003106,-1.4630647856012313,6.867854575081522,False,False,False,False,30,50.0,True,0.5407849535682347,1.5803182531817912,True,1.0471388010656304,True,7.4548844440076145,False,0,1,0.5648968985894183,False,1.4400580120149702,True,5,1,False,False,False,65.0,19.01998114717879,11.514117165059751,0.7702473212813159,25.0,False,2,3,2,4,-4.3698916177431935,42.95718422366304,112839273.01870498,49.31972789115646,False,0.0,0,,,,0.0,0,,,,False,False,False,False,0,,none,0,0,False,-2,0.5,risk_on,6,False
RRR,49.54999923706055,-25.979141642552904,1.6201824091910844,-10.911391050697084,-28.172566956350188,0.17611366572774473,False,1.0881991989205106,6.079719090462218,-11.58049875075423,-2.671382075088913,True,True,False,True,18,30.0,False,0.4866026764057996,1.8785929931419925,True,-3.2474129201350004,True,-1.5106382736732482,True,2,0,0.44054579563845797,False,0.6026752328922724,False,5,3,True,False,False,25.0,17.077974866074676,9.818368826185683,0.21008620612151907,24.0,False,0,2,3,4,-13.490127918222383,57.276699230604606,61519815.96709404,27.142857142857142,False,0.0,0,,,,0.0,0,,,,False,False,False,False,0,,none,0,0,False,-2,0.5,risk_on,6,False
RRX,164.9250030517578,-30.603250483965528,29.16059015205508,14.511958862453955,-2.749217043199149,0.49566842180401244,False,0.8119304982788245,7.476126483493354,-21.16581834811463,11.648846724880046,False,False,False,True,20,33.33333333333333,False,0.43685305435246413,1.5008114736558977,False,0.006278704497277624,True,3.1619491392771426,True,2,0,0.5655718938526315,False,0.9175633135228741,False,5,1,False,False,False,25.0,14.180859805652663,10.744278243331076,0.8007708620006786,3.0,True,1,3,3,3,-2.8252404751693994,169.72000122070312,182829601.65921706,56.054421768707485,False,0.0,0,,,,0.0,0,,,,False,False,False,False,0,,none,0,0,False,-3,0.375,risk_on,6,False
RS,404.20001220703125,-5.565155230607644,54.278246132072994,46.87722931679179,29.616053411138687,0.29072518611518805,True,0.8162634678802282,5.341414073691871,25.408325688327473,3.601183783248918,True,False,False,True,21,35.0,False,0.3981847386648704,1.0396756593870786,False,0.5295435396796785,True,0.9717505613554112,True,2,0,0.5383200339653178,False,1.1830956772796535,False,4,2,True,False,False,35.0,8.594389500108525,8.718453530457856,0.6802916427803118,4.0,True,4,4,6,6,-2.7476981483858354,415.6199951171875,106825627.32705383,79.52380952380952,False,0.0,0,,,,0.0,0,,,,True,True,False,False,2,power_play,sepa_vcp,6,6,True,0,0.75,risk_on,6,False
RSG,216.94000244140625,-5.75625189168536,10.39291591013136,-0.9664722967084205,-18.227648202361525,0.4814366475561752,False,0.9064966110513704,4.660274959240029,2.2484124842571784,-0.19511169186139377,False,True,False,True,21,35.0,False,0.42288204168517723,0.7010479028333506,False,0.25104828531062534,True,3.5216668108373206,True,2,0,0.5075092994048368,False,0.5116415626299924,False,6,2,True,False,False,55.0,9.906738370769379,5.803446204574964,0.5703602253038896,19.0,False,2,2,2,6,-4.256328841590662,226.5841698115751,316380734.92827225,37.755102040816325,False,0.0,0,,,,0.0,0,,,,False,True,False,False,1,,power_play,6,6,True,0,0.75,risk_on,6,False
RSI,19.15999984741211,-44.49594555812656,20.578976925343273,1.752522172294868,-15.508653733358237,0.28625296098747927,False,0.951940788936195,13.491644598430439,-10.592629143432264,-17.768238305619477,False,True,False,False,17,28.333333333333332,False,0.4748174169340382,2.771077440070114,True,-4.599459713104434,True,-4.247877919775645,True,1,0,0.36906106045006337,False,0.3501996376115346,False,6,1,False,False,False,25.0,30.646333527531063,13.491644598430439,0.0071089410125353926,21.0,False,0,1,2,2,-30.428470550233357,27.540000915527344,77993358.2442236,40.68027210884353,False,0.0,0,,,,0.0,0,,,,False,False,False,False,0,,none,0,0,False,-4,0.25,risk_on,6,False
RTX,185.24000549316406,-17.850015086908233,19.738523786068107,15.914101327610531,-1.347074578042573,0.47176553159563395,False,0.9152415146621145,4.0164123411672055,-7.338499221071448,-4.515461085997908,False,False,False,True,20,33.33333333333333,False,0.3305182675089376,0.7068581687029182,False,-5.057022155705402,True,0.3032341561578722,True,2,0,0.42393979282543137,False,1.0195209664536742,False,5,4,True,False,False,25.0,11.26641671749148,5.706106538535896,0.27364726748131923,23.0,False,0,2,2,4,-8.18339256844408,201.75,765585600.6793549,57.48299319727891,False,0.0,0,,,,0.0,0,,,,False,False,False,False,0,,none,0,0,False,-2,0.5,risk_on,6,False
RUM,6.994999885559082,-31.622676455858954,49.78586234007576,-11.790667881709505,-29.051843787362607,0.4018187036109595,False,0.857462194320552,14.438881609273285,35.03861230440586,-23.04730728120361,False,True,False,False,24,40.0,True,0.431875290961745,3.041709099387478,False,-1.8349125290458388,True,-7.656764862180521,False,0,1,0.3128180520522011,False,1.5589352913130001,True,5,5,True,False,False,25.0,27.311592480213932,21.729800271009843,0.07632083926347209,14.0,False,2,3,2,2,-25.227148820502077,9.354999542236328,50000454.656133555,26.190476190476193,False,0.0,0,,,,0.0,0,,,,False,False,False,False,0,,none,0,0,False,-4,0.25,risk_on,6,False
RUN,7.525000095367432,-64.85287179356519,0.0,-62.96751865953939,-80.22869456519248,0.38045742840668845,False,0.7545260450428162,7.774086787149844,-41.02664607846288,-11.781942193023909,False,False,False,True,18,30.0,False,0.4486580868141837,2.052888407708563,True,-3.68156325525062,True,-2.399480439224533,True,2,0,0.4889345648337602,False,0.7485161348098118,False,8,2,True,False,False,25.0,22.671639036674282,10.033230321722819,0.1220658012708938,23.0,False,0,2,2,4,-19.904207251538164,9.395000457763672,63387013.1126378,1.292517006802721,False,0.0,0,,,,0.0,0,,,,False,False,False,False,0,,none,0,0,False,-2,0.5,risk_on,6,False
RVMD,190.93499755859375,-13.66267111543924,301.968415912829,300.99756553183397,283.7363896261809,0.6108039447453381,False,1.0941785951956173,15.596930452814469,40.08436777957309,-0.007855140030454955,False,False,False,False,25,41.66666666666667,True,0.3787802767146633,1.8022786494979233,False,-1.418438356952806,True,-7.600175124585018,False,0,0,0.512216161032185,False,0.8635706860066156,False,5,1,False,False,False,25.0,15.262908219171804,15.916411228026655,0.32128556844983164,23.0,False,5,1,1,2,-10.359156075777587,213.0,448039472.8273468,98.70748299319729,True,0.0,0,,,,0.0,0,,,,False,False,False,False,0,,none,0,0,False,-4,0.25,risk_on,6,False
RVTY,155.00999450683594,-1.4933948235896444,88.55725160660204,69.58170119138467,52.32052528573156,0.29866846244375805,True,1.3000396740584013,12.612091958299926,67.5610554461114,8.058555458014194,False,False,False,False,27,45.0,True,0.4915368499222679,2.1830083586201745,True,3.705323497228065,True,2.296572134609254,True,1,3,0.6179065972385058,True,1.3312783191747877,True,2,1,False,False,False,25.0,27.278194570899906,12.612091958299926,0.7521498154056575,3.0,False,9,5,4,4,-6.760905559797936,166.25,343879687.8492874,87.21088435374149,True,0.0,0,,,,0.0,0,,,,False,False,False,False,0,,none,0,0,False,-2,0.5,risk_on,6,False
RXO,29.075000762939453,-0.767912900954959,177.43322550503794,64.63760483667329,47.376428931020186,0.2237909912913038,True,1.105611246057709,3.8521028460724103,81.03986133123675,43.5093802293808,False,False,False,True,22,36.666666666666664,False,0.4478570322319384,2.176686307636593,True,5.524068265565861,False,24.358433732236804,False,1,2,0.6607594215799144,True,0.7869215089701893,False,1,2,True,True,True,65.0,37.926422398881975,33.637140232728676,0.9272487791455145,57.0,True,8,4,5,4,-2.7591935321615635,29.899999618530273,90394133.2711071,85.71428571428571,True,0.0,0,,,,0.0,0,,,,False,False,False,False,0,,none,0,0,False,-1,0.625,risk_on,6,False
RY,191.26910400390625,-11.681954445828225,34.87645769461653,33.3722614689661,16.111085563312997,0.42666976225854386,False,0.9553221771895536,4.360354820561799,11.554399381810331,-5.9178056405580275,False,False,False,True,22,36.666666666666664,False,0.41837383574333437,0.612266436930468,False,-4.527484402258341,True,-2.249141005888522,True,2,0,0.44596410247084484,False,0.8326023318416702,False,7,3,True,False,False,25.0,10.939712665723746,7.241109940700495,0.10690428877863901,24.0,False,2,2,2,5,-9.770210463751884,211.97999572753906,210899193.60995865,71.70068027210884,False,0.0,0,,,,0.0,0,,,,False,False,False,False,0,,none,0,0,False,-1,0.625,risk_on,6,False
RYAAY,53.1349983215332,-26.933405583246696,2.281034727990061,-10.44701588227398,-27.708191787927085,0.9316357669011422,False,1.11386882480489,6.398791415419648,-13.770724570589199,-0.700803610096723,False,False,False,True,22,36.666666666666664,False,0.43186011053224277,0.8983680141844022,False,-1.7296393564991137,True,-3.478657478778191,True,2,0,0.49521351184666906,False,0.9330583608138724,False,4,1,False,False,False,25.0,7.9444231082322165,6.398791415419648,0.32623280606109334,13.0,False,0,1,1,3,-5.352691665097032,56.13999938964844,85706119.28682384,27.346938775510203,False,0.0,0,,,,0.0,0,,,,False,False,False,False,0,,none,0,0,False,-3,0.375,risk_on,6,False
RYAN,37.18000030517578,-35.63722653207152,27.42362584769471,-32.31563998486106,-49.57681589051416,0.3094568421419561,False,0.962800515448447,6.2399233202763575,4.462497733156878,-7.673206152129975,True,False,False,True,25,41.66666666666667,True,0.45149961834829755,1.8540614777555593,True,-2.4766094301726302,True,-1.3007642356974713,True,2,1,0.4155618579011757,False,1.2884657401377178,True,5,3,True,False,False,25.0,14.949058743085692,6.2399233202763575,0.20285249992745422,24.0,False,1,3,3,4,-11.916604805488396,42.209999084472656,83911036.24553528,10.136054421768707,False,0.0,0,,,,0.0,0,,,,False,False,False,False,0,,none,0,0,False,-2,0.5,risk_on,6,False
RYN,18.809999465942383,-20.748136545659968,4.558086188198174,-20.056599969730993,-37.3177758753841,0.6639301562087618,False,0.9821223798330527,6.113777557309947,-10.13338669639543,-6.6037734062179165,False,False,False,True,18,30.0,False,0.4738856733389557,1.1440173164611716,True,-2.8464783338055173,True,4.15282404307018,True,2,0,0.49743624092269184,False,0.6108225653387364,False,4,1,False,False,False,25.0,13.840526948917331,7.01755257655835,0.3866559573593449,24.0,False,0,1,1,3,-8.489004751125883,20.554906451171842,76417023.81864396,19.45578231292517,False,0.0,0,,,,0.0,0,,,,False,False,False,False,0,,none,0,0,False,-3,0.375,risk_on,6,False
RYTM,91.55999755859375,-22.15609979548786,20.75969127818924,-8.631874668103068,-25.89305057375617,1.3635985652405953,False,0.8358047490819066,8.147661952151795,5.471720001828029,-6.294137328322025,False,False,False,False,19,31.666666666666664,False,0.43023790022054087,1.6573210233836373,False,-3.4142587147338688,True,-1.3680967870411953,True,1,0,0.3386407407974196,False,0.5840035222999667,False,6,0,False,False,False,25.0,18.35413119508878,13.259064780860719,0.2326173819159924,20.0,False,0,1,1,2,-14.08464124914458,106.56999969482422,79407629.02344437,28.97959183673469,False,0.0,0,,,,0.0,0,,,,False,False,False,False,0,,none,0,0,False,-4,0.25,risk_on,6,False
S,26.2450008392334,0.0,119.8073849378718,45.80556021796332,28.544384312310214,0.49847167146134813,True,0.8668250999600676,5.90588373974623,105.19938168499414,16.592628042532432,False,False,False,True,27,45.0,True,0.4294784002895496,2.3006757621596217,False,4.26771943374636,False,4.728656817816312,True,2,3,0.6415801317162424,True,3.65689424186417,True,1,3,True,False,False,25.0,28.037737000663327,17.946271418790445,0.9656797913468499,0.0,True,10,5,5,6,-0.9622609840249097,26.5,217762510.7825716,79.1156462585034,False,0.0,0,,,,0.0,0,,,,False,True,False,False,1,,power_play,6,6,True,0,0.75,risk_on,6,True
SAIA,339.4700012207031,-30.313669373743778,35.52778944868851,7.63840318502178,-9.622772720631325,0.2537497157152604,False,0.887213581087655,6.8754223507120305,-14.43514402968037,-0.8035766437352376,False,False,False,True,22,36.666666666666664,False,0.4515633988548812,1.5388707445065117,True,-0.9783787174039721,True,-3.3179522836904063,True,2,0,0.5302803688102347,False,0.8918663561102612,False,5,2,True,False,False,25.0,11.004699859228904,10.672522124502406,0.4509557855632438,23.0,False,0,2,2,4,-6.04206678932262,361.29998779296875,114440401.01827392,49.38775510204081,False,0.0,0,,,,0.0,0,,,,False,False,False,False,0,,none,0,0,False,-2,0.5,risk_on,6,False
SAIC,135.7100067138672,0.0,66.24169902818255,39.67608853160296,22.414912625949853,0.6843545616888657,True,1.035274472128234,11.086143286442345,43.30254213672444,1.8920371095942912,False,False,False,False,28,46.666666666666664,True,0.44220509541477165,1.4509900456103328,True,1.9301886199447196,True,8.342650805858586,False,0,0,0.41751324528374323,False,0.889390604256777,False,5,2,True,False,False,55.0,20.22991719438516,11.086143286442345,0.7591823700187537,28.0,False,8,3,4,6,-4.871720713468697,142.66000366210938,57474983.58296509,75.98639455782313,False,0.0,0,,,,0.0,0,,,,False,True,False,False,1,,power_play,6,6,True,0,0.75,risk_on,6,False
SAIL,20.790000915527344,-10.772525337858585,98.1887642435217,-10.772525337858585,-28.03370124351169,0.3089656835745735,False,0.9949434847348108,8.802308047708117,84.63588359617533,4.841154793317171,False,False,False,False,26,43.333333333333336,True,0.45440158034409056,2.5911662705997447,True,1.3102101715878003,True,1.762117498649074,True,1,0,0.4618798060042894,False,1.1151491017819322,False,5,2,True,True,True,25.0,25.420682283902146,8.802308047708117,0.7360989949466195,11.0,False,5,3,4,6,-6.708543603864436,22.28499984741211,116478737.04211903,27.2108843537415,False,0.0,0,,,,0.0,0,,,,False,True,False,False,1,,power_play,6,6,True,0,0.75,risk_on,6,False
SAN,13.46500015258789,-10.531561581791449,41.25401354726645,37.13291477214342,19.87173886649032,0.6199127345310785,False,1.1405492909978754,6.015599037784059,10.641328353311863,-5.904963258215212,False,False,False,True,25,41.66666666666667,True,0.45194009349649,0.8556436847620505,True,-2.876253187468744,True,0.7859318758153266,True,2,0,0.5262456710495738,False,0.6884673564592196,False,6,1,False,False,False,25.0,12.541695417922485,9.431863671532046,0.18883003952168162,23.0,False,3,1,1,4,-10.173446576487288,14.989999771118164,119117496.94884229,74.28571428571429,False,0.0,0,,,,0.0,0,,,,False,False,False,False,0,,none,0,0,False,-2,0.5,risk_on,6,False
SANM,218.875,-22.58241402979587,78.36769752506318,67.91330245599183,50.65212655033872,0.47307878917460916,True,0.9659578068673507,10.56310456524843,42.589576547231275,9.678794687164238,False,True,False,False,25,41.66666666666667,True,0.4467342415475853,2.1769552923824453,True,1.331592180357617,True,-4.43808661548204,True,1,0,0.5925183194514482,False,1.0735478787878787,False,3,1,False,False,False,25.0,18.460214266213036,11.326096304343947,0.6825489146954731,10.0,False,6,2,4,4,-5.86021505376344,232.5,128123148.146875,87.07482993197279,True,0.0,0,,,,0.0,0,,,,False,False,False,False,0,,none,0,0,False,-2,0.5,risk_on,6,False
SAP,215.1300048828125,-21.96042901848361,46.966797176321464,-20.638978829908517,-37.90015473556162,0.9998746373132678,False,0.8463750443004089,4.429878939708173,29.07339035216974,2.7118682345810274,True,False,False,True,28,46.666666666666664,True,0.4028856596368847,0.8424576255502214,False,1.0770259830362612,True,3.145225741108759,True,2,0,0.5315904425107235,False,0.7559387762208195,False,3,2,True,False,False,45.0,9.803833531585514,5.7035299558259025,0.6276841423605326,28.0,False,2,3,4,5,-3.650122689466828,223.27999877929688,372794973.48783416,19.183673469387756,False,0.0,0,,,,0.0,0,,,,False,False,False,False,0,,none,0,0,False,-1,0.625,risk_on,6,False
SARO,20.225000381469727,-38.934175622816724,0.0,-24.505413623381312,-41.76658952903442,0.4899233576685709,False,0.8247635578055336,8.400491336770804,-27.35272891300723,-9.304927921891416,False,False,False,False,18,30.0,False,0.4564744862414103,1.3847912569875558,True,-6.654221292699113,True,-3.9192346104142906,True,1,0,0.3137719137543149,False,0.1561046945559536,False,8,2,True,False,False,25.0,22.635334482148053,13.864033629691452,0.06439402771369412,23.0,False,0,2,2,3,-21.17775412619588,25.659000396728516,92036194.12274799,15.4421768707483,False,0.0,0,,,,0.0,0,,,,False,False,False,False,0,,none,0,0,False,-3,0.375,risk_on,6,False
SATA,99.06999969482422,-0.8365049383566414,30.70724103231852,,,0.4946613393913879,False,0.7050700349078067,1.1988470516911525,8.236708867301147,-0.2157165224240476,False,False,False,True,37,61.66666666666667,True,0.3638034697398244,0.11783820530112873,False,2.586176795291889,True,-0.7333178913603744,True,2,3,0.7449316868928805,True,3.943659915007959,True,2,2,True,False,False,65.0,7.238360316203031,1.1988470516911525,0.8800503194150494,2.0,True,4,6,3,6,-0.8682390078873392,99.93769777045183,60559691.31650696,,False,0.0,0,,,,0.0,0,,,,False,True,False,False,1,,power_play,6,6,True,0,0.75,risk_on,6,False
SBAC,180.25999450683594,-18.390773789066728,14.074161266334606,-1.4014928758968703,-18.662668781549975,1.5507096532606603,False,1.07310273025797,15.755017620067314,-17.09015293538355,0.9351017432049691,False,False,False,False,17,28.333333333333332,False,0.4321670792480398,1.320346559805338,False,0.24337803500257307,True,13.73587498210469,False,0,0,0.4817714485885086,False,0.6618870599684553,False,6,2,True,False,False,25.0,18.488439473468514,15.755017620067314,0.666103483146164,23.0,False,1,2,2,4,-6.173225542254112,192.1199951171875,169736491.03797913,37.006802721088434,False,0.0,0,,,,0.0,0,,,,False,False,False,False,0,,none,0,0,False,-2,0.5,risk_on,6,False
SBET,8.64579963684082,-48.99233482192792,89.60087160814274,-48.99233482192792,-66.25351072758102,0.5545928862559737,False,0.9834759302596074,16.655492777343543,29.041789298037337,-7.531558458805254,False,True,False,False,24,40.0,True,0.4791321625163428,2.956725347291501,True,0.9006960893199474,True,-7.531558458805254,False,0,0,0.33284994756347797,False,1.0134258641569251,False,4,2,True,False,False,25.0,24.903843949532288,21.166346672067196,0.32270262497967916,13.0,False,1,2,2,3,-16.86730813493391,10.399999618530273,76404071.75047016,4.6938775510204085,False,0.0,0,,,,0.0,0,,,,False,False,False,False,0,,none,0,0,False,-3,0.375,risk_on,6,False
SBLK,29.690000534057617,-8.589898545259068,89.67734184076734,80.02728031097797,62.76610440532487,0.3868275445562366,False,0.971002120098735,4.917483885345543,26.08405922004371,-8.589898545259068,False,True,False,True,26,43.333333333333336,True,0.47763622942626743,1.3228795138628104,True,-0.22903494532759525,True,-3.4471527347719744,True,2,0,0.4685549507059026,False,0.822967384058385,False,5,3,True,False,False,65.0,26.655452242881893,7.0394075951276465,0.6360238913709352,24.0,False,4,3,3,5,-9.70194778111203,32.880001068115234,58474021.771527864,89.38775510204081,True,0.0,0,,,,0.0,0,,,,False,False,False,False,0,,none,0,0,False,-1,0.625,risk_on,6,False
SBS,6.735000133514404,-4.899740978169309,52.045735409364525,47.79829567007026,30.537119764417156,1.4137735303261736,False,1.2288845686253218,9.167033115012483,-0.01484452956787008,26.83616207327002,False,False,False,False,26,43.333333333333336,True,0.38485312666690275,1.0746603470706333,False,6.961287087398423,False,25.185873424731263,False,0,2,0.6620613322342954,True,3.3690545294132437,True,5,0,False,True,True,25.0,26.03942375723161,25.499622318074238,0.9703521321697577,0.0,True,5,3,3,4,-0.7720133939300711,6.787399768829346,55479280.559597924,80.0,True,0.0,0,,,,0.0,0,,,,False,False,False,False,0,,none,0,0,False,-2,0.5,risk_on,6,False
SBSW,9.984999656677246,-49.24883653181051,30.204363039530403,-4.212269008845104,-21.47344491449821,0.5353269296832148,False,0.8676022424813122,7.411124188648534,-20.24235435341003,-14.365353453298912,False,False,False,True,27,45.0,True,0.45677328620776014,1.5382990025413208,True,-1.9527831548743906,True,0.2510001850855925,True,2,1,0.5912580027869753,False,1.3617546851994855,True,5,2,True,False,False,25.0,27.038111661827113,11.717577531527844,0.16793753205677994,22.0,False,1,3,2,3,-22.497397917864227,12.883437960051115,54297373.522984125,33.265306122448976,False,0.0,0,,,,0.0,0,,,,False,False,False,False,0,,none,0,0,False,-3,0.375,risk_on,6,False
SBUX,91.71499633789062,-15.462256296606448,19.876964560747634,17.893548843284222,0.6323729376311178,0.6903626894765936,False,0.9225756390360607,10.227340410346063,-4.818939508206521,-4.294068052319034,False,False,False,False,16,26.666666666666668,False,0.44676861732345635,0.9935695783144669,True,-4.15702994267042,True,-3.1622878001622223,True,1,0,0.5320820105351879,False,0.6708309541853669,False,5,4,True,False,False,25.0,17.826908780435218,10.227340410346063,0.2303428395432027,24.0,False,0,2,2,4,-13.720607991672118,106.30000305175781,816496399.034874,59.93197278911565,False,0.0,0,,,,0.0,0,,,,False,False,False,False,0,,none,0,0,False,-2,0.5,risk_on,6,False
SCCO,209.25990295410156,-4.751977305033894,82.45234543218136,70.15645171796629,52.89527581231319,0.5236132431757701,True,0.896793555763542,6.604230972643617,10.091876643664733,6.92892499607225,True,False,False,True,29,48.333333333333336,True,0.39560150915881465,1.228335005990588,False,1.3695555370909158,True,1.8098228030932528,True,2,0,0.5892973686036628,False,1.0059801185531325,False,5,1,False,False,False,25.0,14.184165725732992,7.2063503892393035,0.8493208506082637,22.0,True,7,3,5,5,-2.1372580263848695,213.8300018310547,185314683.3739868,87.34693877551021,True,0.0,0,,,,0.0,0,,,,False,False,False,False,0,,none,0,0,False,-1,0.625,risk_on,6,False
SCHW,97.12030029296875,-14.544391562675186,14.122438280118942,4.617768700317915,-12.64340720533519,0.4218260861299958,False,1.0334719470755933,4.200977363895228,0.994950550782292,-7.72418024421021,False,True,False,True,25,41.66666666666667,True,0.4722882019344269,1.099285617438082,True,-3.8637378892382643,True,0.43464669905990405,True,2,0,0.5637234541573166,False,0.5593576335551619,False,5,4,True,False,False,25.0,14.22101844260978,4.561353591177581,0.15415940376056148,24.0,False,1,2,2,4,-12.028714718629107,110.4000015258789,842921402.7929932,44.965986394557824,False,0.0,0,,,,0.0,0,,,,False,False,False,False,0,,none,0,0,False,-2,0.5,risk_on,6,False
SCI,77.47000122070312,-10.885039778621797,13.68411436002901,-2.1461237554987744,-19.407299661151878,0.2636883068893046,False,0.8209835901881636,2.98180605600785,-4.993859403066237,-0.37294355396143564,False,False,False,True,19,31.666666666666664,False,0.42805738228050544,0.862019766982484,False,-2.5250350819919913,True,0.4277959990481639,True,2,0,0.33205047514651825,False,0.4860861279668728,False,4,0,False,False,False,25.0,8.508991067393037,3.6272171727258655,0.21952132401794028,19.0,False,1,1,2,4,-6.641086082222092,82.98082954235275,80632234.27772942,36.12244897959184,False,0.0,0,,,,0.0,0,,,,False,False,False,False,0,,none,0,0,False,-2,0.5,risk_on,6,False
SCO,18.59000015258789,-77.86904743739537,0.37796810525927427,-73.99272624574569,-91.25390215139879,0.40088009792434126,False,0.7448665124700005,8.176441340975861,-39.24836627176863,-7.003499922761447,False,False,False,False,17,28.333333333333332,False,0.4169688787650449,1.203740626743057,False,-6.00700114701991,True,-4.519769860305079,True,1,0,0.42867749244148545,False,0.7077707565244011,False,7,2,True,False,False,25.0,20.671831950916246,11.511561980006391,0.03541668819056959,24.0,False,0,2,2,4,-19.939704124382796,23.219999313354492,131089434.13987426,0.40816326530612246,False,0.0,0,,,,0.0,0,,,,False,False,False,False,0,,none,0,0,False,-2,0.5,risk_on,6,False
SDGR,27.53499984741211,-15.536806330619124,148.73532616524017,33.34140608265959,16.080230177006484,0.3497561351454685,True,1.481302707427877,29.380781877867346,140.48035201827057,-5.117162601402658,False,False,False,False,30,50.0,True,0.43907526214658954,4.467359811736295,False,2.113042560014955,True,-9.155393162076376,False,0,1,0.5005312449049095,False,1.2607679426148484,True,3,2,True,True,False,,,,,,False,6,3,3,4,,,100313746.27254677,71.63265306122449,False,0.0,0,,,,0.0,0,,,,False,False,False,False,0,,none,0,0,False,-2,0.5,risk_on,6,False
SE,95.31999969482422,-49.29787250275307,21.954958071520302,-49.29787250275307,-66.55904840840617,1.1032336440454253,False,0.6952411173530948,6.4834245960570955,10.311301533507343,-6.356224739670058,False,False,False,True,20,33.33333333333333,False,0.39258388738184213,1.2348222013624706,False,-5.159793580678583,True,0.136566078457645,True,2,0,0.4219254923100079,False,0.49975808674442224,False,7,3,True,False,False,25.0,19.712794799900372,8.025599612223134,0.13554081624747666,24.0,False,0,2,2,4,-17.04090650220287,114.9000015258789,393058079.59789735,4.557823129251701,False,0.0,0,,,,0.0,0,,,,False,False,False,False,0,,none,0,0,False,-2,0.5,risk_on,6,False
SEDG,31.860000610351562,-59.41918259654595,11.907275654224957,-17.482517206151726,-34.74369311180483,0.2184243937308624,False,0.7594318826677264,14.375397813290089,-26.267064833610863,-8.131486937741894,False,True,False,False,22,36.666666666666664,False,0.4350229856313377,2.721184491568771,False,-0.9766633233469992,True,-3.717133685598162,True,1,0,0.5475070872318288,False,0.9974967961367558,False,5,2,True,False,False,25.0,21.506228851493862,17.200255318904375,0.27866838351589557,22.0,False,0,2,2,3,-15.513122821925151,37.709999084472656,87168160.63436222,21.156462585034014,False,0.0,0,,,,0.0,0,,,,False,False,False,False,0,,none,0,0,False,-3,0.375,risk_on,6,False
SEI,76.54000091552734,-7.4679058081528975,89.49722065418916,61.83470995056115,44.573534044908044,0.3114810512199821,False,0.9813268055706635,13.208780362453052,24.211460511073057,9.876538747815555,False,False,False,False,25,41.66666666666667,True,0.4674229427330754,2.4888065204328695,True,3.4675300460294083,True,2.148672899765569,True,1,0,0.5955357061726442,False,1.095694506569459,False,3,0,False,False,False,25.0,33.78747607692837,16.932321569705543,0.862117786831286,3.0,False,4,1,1,3,-4.658691978871865,80.27999877929688,175185992.9507149,84.76190476190476,True,0.0,0,,,,0.0,0,,,,False,False,False,False,0,,none,0,0,False,-3,0.375,risk_on,6,False
SEIC,104.87000274658203,-6.055715016716934,40.30782236733248,26.184579975041288,8.923404069388184,0.3957404537688243,False,1.2115349409048717,3.857154632407167,33.86220126950508,-0.3136827102975248,False,True,False,True,24,40.0,True,0.46387989452195794,1.020600643422296,True,-0.551796212146101,True,2.382116991249239,True,2,0,0.48339874543621625,False,0.7053080401369285,False,4,3,True,False,False,65.0,15.559522372017165,6.961002060234748,0.5828082023183735,29.0,False,4,2,2,6,-6.49130510944933,112.1500015258789,90745188.3266346,67.00680272108843,False,0.0,0,,,,0.0,0,,,,False,True,False,False,1,,power_play,6,6,True,0,0.75,risk_on,6,False
SEZL,127.31500244140625,-32.4767964037329,149.78418558423166,55.85138772975973,38.590211824106625,0.8063567035670357,False,0.72785859829951,16.655540528944176,107.65780393028916,9.236378470850749,False,False,False,False,25,41.66666666666667,True,0.595668770112485,2.948523573142709,True,0.7908099224969989,True,18.531792291818604,False,0,1,0.6158943603569633,True,0.8408524520027809,False,4,2,True,False,False,35.0,20.492791812496662,16.741940881017523,0.8303739194862929,29.0,False,6,3,2,4,-3.4761119539372,131.89999389648438,58095958.918016054,82.99319727891157,True,0.0,0,,,,0.0,0,,,,False,False,False,False,0,,none,0,0,False,-2,0.5,risk_on,6,False
SF,70.47000122070312,-19.561012802196675,4.100995720390421,-3.3979463559217438,-20.659122261574847,0.22667271708452366,False,1.0238453942285979,4.228754513002775,-10.651432940430826,-7.019395211188462,False,False,False,True,20,33.33333333333333,False,0.40210875015669906,1.0776304567507267,False,-4.199003827867396,True,0.27035066122145235,True,2,1,0.650758492963855,True,0.7904631253158949,False,5,1,False,False,False,25.0,16.796590952281342,4.228754513002775,0.15663549809320476,24.0,False,0,2,2,3,-14.165648562202938,82.0999984741211,103192485.27100182,34.21768707482993,False,0.0,0,,,,0.0,0,,,,False,False,False,False,0,,none,0,0,False,-3,0.375,risk_on,6,False
SFM,64.2300033569336,-43.7171382657916,2.784448122468808,-38.270061054218786,-55.53123695987189,0.7439223496808907,False,0.7775651173628434,5.340183910803913,-15.542405286663573,-9.266842031011835,False,False,False,True,21,35.0,False,0.5153912089524184,1.8842502039853801,True,-4.927409566480886,True,-0.372262849736793,True,2,0,0.5559187784159196,False,0.8190492191891555,False,4,1,False,False,False,25.0,24.110865374871896,7.800090393413278,0.1195321621087243,24.0,False,0,1,2,3,-21.228841506301077,81.54000091552734,143602812.25193635,7.687074829931973,False,0.0,0,,,,0.0,0,,,,False,False,False,False,0,,none,0,0,False,-3,0.375,risk_on,6,False
SGI,61.8650016784668,-36.412729891885235,1.1313085003536782,-25.628804822112606,-42.88998072776571,0.1813475692790964,False,0.8495768155025908,4.348181311603443,-22.151166781633524,-2.359531119765357,False,True,False,True,26,43.333333333333336,True,0.44335621932564007,1.414618583243841,True,-1.5108974850291639,True,-0.16943608224627704,True,2,0,0.5154904766634548,False,0.7617879378272873,False,6,2,True,False,False,25.0,15.284823206097148,7.387051759209581,0.16466793823285145,23.0,False,1,2,3,4,-12.767902882495486,70.91999816894531,184405272.8885948,14.69387755102041,False,0.0,0,,,,0.0,0,,,,False,False,False,False,0,,none,0,0,False,-2,0.5,risk_on,6,False
SGOL,39.93239974975586,-22.32561784034709,6.372932274593968,5.446001785161525,-11.81517412049158,0.39170858499246364,False,0.8249949096241779,2.767175399327419,-11.595303589784823,-4.100863748612548,False,True,False,True,29,48.333333333333336,True,0.41857218248203737,0.4988151708165288,False,-2.1050885524595984,True,1.1971633964611206,True,2,0,0.5482324619785459,False,1.0787642752219941,False,6,2,True,False,False,65.0,15.305205306640953,2.8047373533858635,0.3214660072423317,33.0,False,1,2,3,4,-10.385102066690944,44.560001373291016,107435110.815728,46.53061224489796,False,0.0,0,,,,0.0,0,,,,False,False,False,False,0,,none,0,0,False,-2,0.5,risk_on,6,False
SHAK,67.43000030517578,-35.590793072227164,28.830722408474774,-25.91737772788375,-43.17855363353685,0.28505254749888076,False,0.931655646025774,11.656533552986275,-33.00546519332309,22.868073966478075,True,False,False,False,28,46.666666666666664,True,0.472394986655404,2.19138834204272,True,0.5461796518900687,True,10.577239769364066,False,0,2,0.6752370722102738,True,1.3951354213107445,True,3,0,False,False,False,25.0,23.753133918940925,18.597064895111384,0.7448681132685468,23.0,False,2,3,3,3,-6.060181872524273,71.77999877929688,89367556.31869507,14.35374149659864,False,0.0,0,,,,0.0,0,,,,False,False,False,False,0,,none,0,0,False,-3,0.375,risk_on,6,False
SHEL,100.29000091552734,0.0,46.55109327924909,41.467545369242664,24.20636946358956,0.9508503310577331,True,1.0551403398299255,6.386477934815956,10.244423352924859,6.082081599658218,False,False,False,True,29,48.333333333333336,True,0.5319859695549128,0.876845264838254,True,4.058829181072312,False,4.219055821430784,True,2,1,0.4982405403906391,False,2.640699750065236,True,4,1,False,False,False,55.0,15.909443059702284,6.810252037795362,0.9453267868812257,0.0,True,7,2,3,4,-0.8698203710041041,101.16999816894531,625629622.7244098,76.73469387755102,False,0.0,0,,,,0.0,0,,,,False,False,False,False,0,,none,0,0,False,-2,0.5,risk_on,6,False
SHOP,169.14999389648438,-5.508072684720988,77.30607043082647,3.222065623130721,-14.039110282522383,0.39272389460057766,False,1.050712309548085,10.576411489909173,47.12533017354168,31.63423649531858,True,True,False,False,26,43.333333333333336,True,0.4862822172012645,2.0593050823608157,True,3.489202420344175,True,11.73128646438868,False,0,1,0.5769701769563802,False,1.1844400690435926,False,2,1,False,True,False,25.0,26.864790696628205,19.568425680809035,0.9903423515148267,0.0,True,4,3,4,4,-0.25945070517578994,169.58999633789062,1364539699.8446426,42.517006802721085,False,0.0,0,,,,0.0,0,,,,False,False,False,False,0,,none,0,0,False,-2,0.5,risk_on,6,False
SHW,320.3500061035156,-13.409868420021521,9.587181554761504,-2.950357560544914,-20.21153346619802,0.21587062570495866,False,1.029873009714701,3.661623462725258,-3.725407041786677,-0.11848123649043085,False,True,False,True,23,38.333333333333336,False,0.45634684424200217,1.123064689216455,True,-2.079897410164811,True,0.262901415359984,True,2,0,0.5626936399136059,False,0.959662507792792,False,6,2,True,False,False,25.0,7.553340697185272,7.935075056474428,0.36310016171186477,8.0,False,0,2,2,4,-4.8107214685724875,336.5400085449219,539721781.8557098,34.89795918367347,False,0.0,0,,,,0.0,0,,,,False,False,False,False,0,,none,0,0,False,-2,0.5,risk_on,6,False
SIG,105.98500061035156,0.0,43.90086802527047,10.770099551159795,-6.491076354493309,0.27923168054440406,False,0.9267740339638646,6.434872534367009,14.954374627208523,5.583785126814944,True,True,False,True,27,45.0,True,0.4153235123940603,1.5844969621453309,False,3.3226375144238403,True,5.373830464206697,False,1,1,0.4852580345348681,False,1.3035976674018048,True,3,0,False,False,False,25.0,25.2895044527363,6.519793954159278,0.9595642117185013,0.0,True,5,3,5,6,-1.0226010477948688,107.08000183105469,86502094.61404724,53.06122448979592,False,0.0,0,,,,0.0,0,,,,False,True,False,False,1,,power_play,6,6,True,0,0.75,risk_on,6,False
SIMO,261.3450012207031,-22.26896042174208,228.61084239846784,181.34666899376816,164.08549308811507,0.45092638823291276,True,0.7853950067843244,14.673858529081818,108.26309611452514,-3.956115067571353,False,False,False,False,29,48.333333333333336,True,0.433466256183042,2.7792512638490723,False,0.11794859217109782,True,-6.828876570159315,False,0,0,0.4449176819320078,False,0.8902618404036292,False,6,0,False,False,False,55.0,30.857786035015906,14.673858529081818,0.6304831838253276,3.0,False,8,2,3,3,-11.402470849858338,294.9800109863281,192710611.4354126,96.73469387755102,True,0.0,0,,,,0.0,0,,,,False,False,False,False,0,,none,0,0,False,-3,0.375,risk_on,6,False
SIRI,26.7450008392334,-17.18738926492225,38.60215092026262,26.32312601310376,9.061950107450656,1.09936236207027,False,0.949247330794048,8.5716936634878,14.107267683388791,-2.0688342649496594,False,False,False,False,18,30.0,False,0.48171524516412606,1.4294821973163079,True,-1.797017880573092,True,3.9852315444919073,True,1,0,0.5397355723386564,False,0.5494616856274211,False,6,1,False,False,False,25.0,15.548882062655354,9.020378783951001,0.3079402189439837,24.0,False,0,1,1,3,-10.760755915947085,29.969999313354492,126349795.41776209,67.07482993197279,False,0.0,0,,,,0.0,0,,,,False,False,False,False,0,,none,0,0,False,-3,0.375,risk_on,6,False
SITE,86.69499969482422,-46.89433403073555,0.3879100070693031,-27.030551741179288,-44.29172764683239,0.33233728303279314,False,0.9889001694461889,10.969493246100358,-37.0680871430187,-4.172655548737891,True,False,False,False,20,33.33333333333333,False,0.41625257074113053,1.4173954620116074,False,-2.4076610525745474,True,-3.1989704576478317,True,1,0,0.5480983735179069,False,0.6924369829404445,False,5,0,False,False,False,25.0,19.835761788958372,12.007617162182035,0.23139475026988654,23.0,False,0,1,2,2,-15.245870643389392,102.29000091552734,93786357.96164016,13.537414965986393,False,0.0,0,,,,0.0,0,,,,False,False,False,False,0,,none,0,0,False,-4,0.25,risk_on,6,False
SITM,606.8350219726562,-32.68458145270012,140.08349230924054,95.7911264091758,78.5299505035227,0.48145085143099015,False,0.8853643389171277,21.56434296197542,35.732987429212045,-1.210379364480041,False,True,False,False,26,43.333333333333336,True,0.4782380837302497,2.7965856860623592,True,-0.5036785495418267,True,-14.462812939170888,False,0,0,0.38895898772416027,False,0.6873867786957427,False,5,1,False,False,False,25.0,26.24096225097065,21.56434296197542,0.3505862967736109,3.0,False,4,1,2,3,-17.04124047162673,731.489990234375,285565151.8791443,91.49659863945578,True,0.0,0,,,,0.0,0,,,,False,False,False,False,0,,none,0,0,False,-3,0.375,risk_on,6,False
SIVR,57.790000915527344,-47.87589114828543,29.777683583488844,23.35112656929812,6.089950663645016,1.140584731703337,False,0.88833110133699,5.537284820119106,-19.490106020738175,-8.284395405581158,False,False,False,True,27,45.0,True,0.36035708265663197,0.7140355468485667,False,-1.9451117467623262,True,0.38214559991200936,True,2,0,0.4730156641329377,False,0.5238798033145147,False,7,2,True,False,False,25.0,14.338574081937766,5.537284820119106,0.23978491668577434,22.0,False,1,2,3,4,-10.900400290307521,64.86000061035156,110200034.11316605,64.76190476190476,False,0.0,0,,,,0.0,0,,,,False,False,False,False,0,,none,0,0,False,-2,0.5,risk_on,6,False
SJM,119.7750015258789,-9.494480247627301,36.5346174892758,18.63251910238224,1.3713431967291356,0.22822071228861152,False,0.8642587368876142,3.7486936393813446,36.5346174892758,-2.5823468899310753,False,True,False,True,24,40.0,True,0.44749079731886415,1.0296399522342519,True,-0.791710475964112,True,2.2058187819947506,True,2,0,0.4908709426306899,False,1.13407638675729,False,4,3,True,False,False,25.0,10.670495060431838,6.662488520874603,0.3392727938565341,24.0,False,3,2,2,5,-7.05028638944678,128.86000061035156,146409539.07061616,60.476190476190474,False,0.0,0,,,,0.0,0,,,,False,False,False,False,0,,none,0,0,False,-1,0.625,risk_on,6,False
SKYD,9.380000114440918,-46.83368393240044,20.65743514642144,-46.83368393240044,-64.09485983805354,0.4654443957647311,False,1.2055122931545639,13.006399276590255,-11.75617155021934,-8.129284237071289,True,False,False,False,26,43.333333333333336,True,0.5192367476418168,3.0534926815821786,True,-1.0389241586342484,True,-1.2631566900956015,True,1,0,0.5157550257269274,False,0.625602134829814,False,5,2,True,False,False,25.0,24.717147164151008,18.869940684101692,0.25704241432714253,14.0,False,1,2,3,3,-18.36379198179835,11.489999771118164,323614416.3787985,5.442176870748299,False,0.0,0,,,,0.0,0,,,,False,False,False,False,0,,none,0,0,False,-3,0.375,risk_on,6,False
SLAB,221.77999877929688,-0.4578116061443649,91.05788704421303,65.43339013739968,48.17221423174658,0.2888025090921224,True,0.9064024710647169,0.865721967496261,4.949834891416516,0.5804983126062924,False,False,False,True,24,40.0,True,0.40999201618308634,0.19238049018503411,False,1.9713660175763261,True,-0.4399334493200402,True,2,0,0.4069668408094964,False,0.6723561959330412,False,3,1,False,False,False,,,,,,False,7,1,2,5,,,65904811.89922333,85.98639455782313,True,0.0,0,,,,0.0,0,,,,False,False,False,False,0,,none,0,0,False,-1,0.625,risk_on,6,False
SLB,48.88999938964844,-18.230157356393704,57.89798223370188,51.17790169948364,33.91672579383054,0.3412539705824683,False,0.8540127676201392,6.054406057324234,-4.8510435098552795,-4.362284015709205,False,True,False,True,25,41.66666666666667,True,0.56915936187081,1.7833384528169929,True,-2.605569971174596,True,0.3077507304393601,True,2,0,0.4941946859955255,False,0.6811264495832945,False,7,1,False,False,False,25.0,19.57805649640691,9.490692263397477,0.10689638162762631,22.0,False,2,1,2,4,-17.485233097639764,59.25,687895548.235231,81.0204081632653,True,0.0,0,,,,0.0,0,,,,False,False,False,False,0,,none,0,0,False,-2,0.5,risk_on,6,False
SLM,22.59000015258789,-25.47515334215357,22.683661657425947,-12.667757441054784,-29.928933346707886,0.6199102801148345,False,0.9615570007513607,3.541386594319698,4.04890260628592,-10.00000075989984,False,False,False,True,20,33.33333333333333,False,0.5084272341100787,1.4637242528141727,True,-4.430495006080586,True,-0.7032960325807025,True,2,0,0.45367499062926564,False,0.9515134605087309,False,5,3,True,False,False,25.0,19.10359657150921,6.418764257620908,0.10961535005173684,24.0,False,0,2,2,4,-17.009549146076075,27.219999313354492,54057569.664469525,25.442176870748302,False,0.0,0,,,,0.0,0,,,,False,False,False,False,0,,none,0,0,False,-2,0.5,risk_on,6,False
SLS,11.6899995803833,-24.385513896903856,741.0071727115353,515.2631435301823,498.00196762452924,0.4339033667132202,False,0.7156261618839994,9.067583042478972,145.58821466967407,1.7406424129604137,False,True,False,False,23,38.333333333333336,False,0.4562742017593294,3.614336446582378,True,-1.038127499797554,True,-0.42589601115555764,True,1,1,0.5832565999885342,False,1.2467805342292773,True,3,1,False,False,False,25.0,25.469727742240078,15.568860223727599,0.2677594489325622,23.0,False,7,2,3,5,-18.64996747751548,14.369999885559082,63377466.41918211,99.38775510204081,True,0.0,0,,,,0.0,0,,,,False,False,False,False,0,,none,0,0,False,-1,0.625,risk_on,6,False
SLV,54.98500061035156,-47.930869881758106,29.68160054614948,22.981439803802893,5.720263898149788,0.6251299808511378,False,0.8838578083427551,5.492407791653497,-19.471292335430558,-8.25129262413361,False,False,False,True,27,45.0,True,0.3666801932395634,0.7278412640666145,False,-1.930416752927206,True,0.4475683675054354,True,2,0,0.4782813633458677,False,0.6871871262276104,False,6,3,True,False,False,25.0,14.37368184002553,5.492407791653497,0.24182646178829761,22.0,False,1,2,3,4,-10.897745217781452,61.709999084472656,844513064.0735153,64.21768707482994,False,0.0,0,,,,0.0,0,,,,False,False,False,False,0,,none,0,0,False,-2,0.5,risk_on,6,False
SM,37.189998626708984,-9.929770399391124,116.20921239416728,59.26621586244385,42.005039956790746,0.23418635897806275,True,0.9049812544476776,8.765803325115511,30.55856369087926,0.5950700533995601,False,True,False,False,33,55.00000000000001,True,0.4332564770572962,1.7585621009159287,False,1.5257203532069104,True,5.5334757530211,False,0,0,0.573870886671682,False,1.095034377552038,False,4,1,False,False,False,45.0,32.519396660987056,13.901592295111309,0.6766568407941312,18.0,False,6,2,4,5,-10.51492445183233,41.560001373291016,140044824.9493126,83.94557823129252,True,0.0,0,,,,0.0,0,,,,False,False,False,False,0,,none,0,0,False,-1,0.625,risk_on,6,False
SMCI,41.66899871826172,-28.13211616549365,102.96637761618221,-28.13211616549365,-45.39329207114675,0.5563922715292634,False,0.9395301246146354,12.335308137355838,60.4505191374201,6.5975915978682576,False,False,False,False,23,38.333333333333336,False,0.5124006388477418,2.800359406804925,True,1.659200863465026,True,-4.625772423832874,True,1,1,0.43582273797082705,False,1.046780133547488,False,1,1,False,False,False,25.0,22.744154999557857,13.535240978028757,0.6060517003252937,2.0,False,3,2,1,3,-8.960021189613787,45.77000045776367,1481673574.2235985,12.857142857142856,False,0.0,0,,,,0.0,0,,,,False,False,False,False,0,,none,0,0,False,-3,0.375,risk_on,6,False
SMG,49.900001525878906,-31.339822315815113,3.014044055659615,-9.726498810177276,-26.98767471583038,0.37751162402741,False,0.9123752880945593,6.48516862566782,-17.602802754907664,-4.698241130246117,False,False,False,True,19,31.666666666666664,False,0.4950207379863598,1.7534432969756013,True,-3.9576710880094454,True,1.7951878006885247,True,2,0,0.5637447638868976,False,1.022198585093533,False,7,1,False,False,False,25.0,20.2729692642587,7.407010450129676,0.16420360836527384,24.0,False,0,1,1,3,-16.944074558789136,60.08000183105469,59409857.80199051,28.095238095238095,False,0.0,0,,,,0.0,0,,,,False,False,False,False,0,,none,0,0,False,-3,0.375,risk_on,6,False
SMMT,17.434999465942383,-33.9082637581262,40.26547898540718,-23.024283622157004,-40.285459527810104,0.5116863585259047,False,1.1766713377802647,10.82878485095823,-12.955572300270946,-2.324935051307675,False,False,False,False,25,41.66666666666667,True,0.3708273514270516,2.8181183624870076,False,1.6871902490891264,True,4.058492027669369,True,1,0,0.48034494325980653,False,0.6674197285758835,False,3,2,True,True,False,35.0,35.987427085629264,22.42615409911496,0.7590974215117001,8.0,False,2,2,2,4,-8.669463978087776,19.09000015258789,127803584.82223015,16.93877551020408,False,0.0,0,,,,0.0,0,,,,False,False,False,False,0,,none,0,0,False,-2,0.5,risk_on,6,False
SMR,7.164999961853027,-86.58993089850506,0.0,-82.35656278215703,-99.61773868781013,0.554853981219273,False,0.6925066996167756,18.14375046502438,-25.208768069789055,-13.361553019907003,False,False,False,False,18,30.0,False,0.44255889895335637,2.9912802341709814,True,-4.084422614685769,True,-7.548387588993199,False,0,0,0.2531497154862465,False,0.5876883770115386,False,6,1,False,False,False,25.0,37.81881932434396,18.14375046502438,0.022092975933139886,23.0,False,0,1,2,1,-36.98328905919147,11.369999885559082,291793381.1405702,0.13605442176870747,False,0.0,0,,,,0.0,0,,,,False,False,False,False,0,,none,0,0,False,-4,0.25,risk_on,6,False
SMTC,186.5399932861328,-5.405681453893352,198.1300850183053,166.33351063360467,149.07233472795156,0.5951927565199698,True,0.9592237413731834,11.79371758969365,103.1362186285501,0.832428803315044,False,True,False,False,23,38.333333333333336,False,0.43333620012078733,2.8171353937249988,False,3.04805928511685,True,-4.279562493696975,True,1,1,0.5456671167231433,False,1.6702769592287703,True,4,2,True,False,False,25.0,32.55111550666559,18.698405777955738,0.7650188257485742,5.0,False,9,3,3,6,-7.6488993449500775,201.99000549316406,591745967.2500824,96.12244897959184,True,0.0,0,,,,0.0,0,,,,False,True,False,False,1,,power_play,6,6,True,0,0.75,risk_on,6,False
SN,185.05999755859375,-4.044386097206698,118.82464021094191,107.23403273719256,89.97285683153946,0.20590353184710886,True,0.8363049532855118,2.8234037142858086,60.40564544762166,11.650073941836347,False,True,False,True,33,55.00000000000001,True,0.411818149317303,1.6309190319541182,False,1.309664676341816,True,1.3638550334026833,True,2,0,0.5800425948544599,False,0.614207931997363,False,3,1,False,False,False,25.0,15.733263341766989,6.106129471973003,0.9568480544329863,4.0,True,9,3,6,5,-0.6789209233154181,186.3249969482422,312669235.932457,92.78911564625851,True,0.0,0,,,,0.0,0,,,,True,False,False,False,1,,sepa_vcp,6,6,True,0,0.75,risk_on,6,False
SNA,361.989990234375,-13.134450273144493,13.584909490689178,12.05807598912605,-5.203099916527055,0.2554556613475766,False,0.8962521410518826,4.519466369373397,-3.926576007643312,-2.7300829850169017,False,False,False,True,14,23.333333333333332,False,0.43157336784773587,0.6736829261954375,False,-4.009265421318057,True,-1.873137375016698,True,2,0,0.45692475639942876,False,1.0160605648179653,False,4,3,True,False,False,25.0,8.298927687308217,4.668644125524125,0.2061568447712558,21.0,False,0,2,2,4,-6.588046940307935,387.5199890136719,109275971.73284607,54.421768707483,False,0.0,0,,,,0.0,0,,,,False,False,False,False,0,,none,0,0,False,-2,0.5,risk_on,6,False
SNAP,6.264999866485596,-31.078110436533134,59.4147521644979,-25.23866609871075,-42.499842004363856,1.1293180107223735,False,0.8964298122030384,12.609736291920855,21.650480591663236,13.291132527872328,False,False,False,False,28,46.666666666666664,True,0.46290771736363645,2.147731846225071,True,2.975141270569319,True,12.27598480547265,False,0,0,0.5620929172789142,False,1.0690068161538921,False,3,1,False,False,False,25.0,18.503932780227252,18.754983861744773,0.9276595243882989,0.0,True,2,2,2,2,-1.3385832980085888,6.349999904632568,187413497.67600745,14.897959183673471,False,0.0,0,,,,0.0,0,,,,False,False,False,False,0,,none,0,0,False,-4,0.25,risk_on,6,False
SNDK,1593.0084228515625,-31.77694120550053,1262.593766959104,1128.4149543671815,1111.1537784615284,0.45018968393299696,False,0.7705037881048007,9.987329429096334,67.24497877706692,-11.095507885669399,False,True,False,False,23,38.333333333333336,False,0.577765638732709,3.042312587032283,True,0.1207837408746692,True,-7.3826922309884635,False,0,0,0.4162104813710357,False,0.7698505164094906,False,5,4,True,False,False,25.0,21.22462835129513,13.675948329204957,0.21912866477472956,13.0,False,5,2,3,3,-16.573703880335955,1909.47998046875,14402784078.812597,99.8639455782313,True,0.0,0,,,,0.0,0,,,,False,False,False,False,0,,none,0,0,False,-3,0.375,risk_on,6,False
SNEX,60.54999923706055,-34.662973921119985,62.749368855815725,37.21170668742025,19.950530781767142,0.28417020395486076,False,1.0503588951470184,14.08753542770191,-8.599174970456925,-9.626866810357393,False,False,False,False,18,30.0,False,0.42625195232974616,1.830884177398933,False,-2.515525957202965,True,-7.992704021679953,False,0,0,0.4417561440835013,False,0.8017565467844014,False,5,2,True,False,False,25.0,16.568710193505407,14.08753542770191,0.07854732206000094,20.0,False,1,2,2,3,-15.267282377817315,71.45999908447266,62817732.80410328,74.421768707483,False,0.0,0,,,,0.0,0,,,,False,False,False,False,0,,none,0,0,False,-3,0.375,risk_on,6,False
SNOW,365.7049865722656,0.0,201.96101455638828,45.891007796549154,28.62983189089605,1.3506667314765308,True,0.9071405646714472,9.54594685440827,172.4262303392773,10.009624471200308,False,True,False,False,22,36.666666666666664,False,0.3621201508690886,1.5215365444138929,False,2.6769885925462016,True,7.232282843464355,False,0,1,0.5315032606522735,False,1.2804083129172192,True,4,1,False,False,False,35.0,20.977216408959674,13.748786761309645,0.7662698031394487,25.0,False,9,3,4,5,-4.903008920852525,384.55999755859375,1367342565.6448944,79.31972789115646,False,0.0,0,,,,0.0,0,,,,False,False,False,False,0,,none,0,0,False,-1,0.625,risk_on,6,False
SNPS,507.17999267578125,-5.121970407037679,37.93309106288978,4.700561268663361,-12.560614636989744,0.34277587528955517,False,1.2762928184049085,5.899288982178163,21.401729663061886,31.745328484703194,False,False,False,True,27,45.0,True,0.4533598456213935,1.8769740066687621,True,4.267719177119057,False,3.5272502540484085,True,2,0,0.4722589298232254,False,0.946995318818112,False,4,1,False,True,True,25.0,29.200520291077897,21.44209789188144,0.9672304992040491,0.0,True,3,1,2,4,-0.9568864729206594,512.0800170898438,1096650612.821193,45.17006802721089,False,0.0,0,,,,0.0,0,,,,False,False,False,False,0,,none,0,0,False,-2,0.5,risk_on,6,False
SNX,273.3399963378906,-5.604308929877133,93.37343161330432,76.40928870175043,59.14811279609732,0.1541413716162169,True,1.3918108505750904,7.547378780714775,32.876747791193075,2.6976226995008012,False,True,False,True,26,43.333333333333336,True,0.35994204248489836,1.3053606635604569,False,0.9451812162325085,True,-1.8069471809198934,True,2,0,0.4251986961083217,False,0.811217949214064,False,5,1,False,True,True,25.0,18.6564890330482,11.128996332955781,0.5437747195711113,12.0,False,7,1,3,6,-8.511561940920897,298.7699890136719,314621699.5938263,89.04761904761904,True,0.0,0,,,,0.0,0,,,,False,True,False,False,1,,power_play,6,6,True,0,0.75,risk_on,6,False
SNY,40.120201110839844,-19.094506375692333,1.544426259755305,-13.261088225814587,-30.522264131467693,0.429171673495257,False,1.0817676067671562,2.804073680717525,-9.825516811617764,-5.555081113054683,False,False,False,True,25,41.66666666666667,True,0.46951935469769535,0.6824466401105632,True,-3.7911243552376557,True,0.5015103984906233,True,2,1,0.6360411760672321,True,0.5983702846608682,False,4,1,False,False,False,25.0,11.677187181929412,6.729778735356229,0.18150593634610937,24.0,False,1,2,1,3,-9.55770838858453,44.36000061035156,125902008.4147911,24.761904761904763,False,0.0,0,,,,0.0,0,,,,False,False,False,False,0,,none,0,0,False,-3,0.375,risk_on,6,False
SO,85.9000015258789,-11.889402039620911,4.676909288599385,-7.691247550052871,-24.952423455705976,0.2572819594103559,False,0.9017606092396745,3.56228769922245,-8.968613853661223,0.44434623214324453,False,False,False,True,18,30.0,False,0.4695901940691253,0.7318602913308088,True,-1.773630173241906,True,2.603918147861517,True,2,0,0.5440964897250722,False,0.7172722693678226,False,3,3,True,False,False,25.0,8.56278734056751,5.2852163386278725,0.5503271167846814,23.0,False,2,2,2,6,-3.85045327179262,89.33999633789062,544931187.6244996,29.65986394557823,False,0.0,0,,,,0.0,0,,,,False,True,False,False,1,,power_play,6,6,True,0,0.75,risk_on,6,False
SOFI,15.765000343322754,-51.05557034640673,4.059410826916854,-44.58699500683628,-61.84817091248939,0.45425662835576697,False,0.7521764004295028,5.9625785828527,-7.536650740398098,-7.045983523925758,False,False,False,True,20,33.33333333333333,False,0.5185360280390137,1.7971229841131895,True,-3.1588276500902697,True,-0.031706495217354025,True,2,0,0.402368163255713,False,0.5119458098984632,False,5,3,True,False,False,25.0,16.893734697685247,7.421503652484837,0.16612912256436224,23.0,False,0,2,3,4,-14.087193375523677,18.350000381469727,769745025.9483724,6.394557823129252,False,0.0,0,,,,0.0,0,,,,False,False,False,False,0,,none,0,0,False,-2,0.5,risk_on,6,False
SOLS,60.9900016784668,-31.070815263390617,47.68002568579113,,,0.3953043319619313,False,0.8594571151889324,7.697982563725427,-25.465896333386507,6.421218316164312,False,False,False,True,25,41.66666666666667,True,0.44644443237082854,1.525436113186153,True,0.6745339255657311,True,5.701907923787242,False,1,1,0.6902606610532944,True,1.1146077019838443,False,4,2,True,False,False,25.0,16.588003055939563,11.010001586798934,0.5695274502382479,23.0,False,2,3,2,5,-7.1406799709460405,65.68000030517578,121240037.3542099,,False,0.0,0,,,,0.0,0,,,,False,False,False,False,0,,none,0,0,False,-1,0.625,risk_on,6,False
SOLV,87.7750015258789,-5.046517516574367,40.462472664847084,22.24930055031522,4.988124644662115,0.37920767943141004,False,0.7165095740578693,4.192538013332644,30.210646428456634,-1.1987785410989438,False,False,False,True,25,41.66666666666667,True,0.39604909839568175,0.8185548581404594,False,-0.413417776834305,True,-0.08536932219103122,True,2,1,0.47488393710023075,False,1.7324560632688928,True,5,1,False,False,False,55.0,18.04376044220669,5.286242448290264,0.6241906961831485,27.0,False,3,3,2,4,-6.781013050023743,94.16000366210938,79604469.04759522,63.469387755102034,False,0.0,0,,,,0.0,0,,,,False,False,False,False,0,,none,0,0,False,-2,0.5,risk_on,6,False
SON,48.279998779296875,-19.528454471942027,28.254670853891973,24.57483095309012,7.313655047437017,0.29089654671556703,False,0.7974612764702101,3.7075413437974665,-10.360647141077294,-1.146603954835046,False,True,False,True,23,38.333333333333336,False,0.3060902683696747,0.7645194007188272,False,-4.302478811648412,True,-0.9437892559063021,True,2,0,0.5454449135926002,False,0.6628181466329315,False,4,2,True,False,False,25.0,10.607210762165645,6.400166177951365,0.20930199230918836,24.0,False,0,2,3,4,-8.387100416800909,52.70000076293945,50925229.248176,65.78231292517007,False,0.0,0,,,,0.0,0,,,,False,False,False,False,0,,none,0,0,False,-2,0.5,risk_on,6,False
SONY,24.269899368286133,-19.795442218398986,25.620599128622047,-18.666557492690515,-35.92773339834362,0.5112944035451361,False,0.8773895026416726,4.120330228096108,15.296438232437758,3.452260509036087,False,False,False,True,28,46.666666666666664,True,0.5199186202591901,0.7761025435181076,True,1.2184976925338844,True,1.8887476038031759,True,2,0,0.571708728125906,False,0.8193090631324467,False,6,1,False,False,False,55.0,17.72852972331444,4.532364822686965,0.7767631268599844,28.0,False,2,2,2,4,-3.9576615408025373,25.270000457763672,81928446.48748931,20.340136054421766,False,0.0,0,,,,0.0,0,,,,False,False,False,False,0,,none,0,0,False,-2,0.5,risk_on,6,False
SOUN,5.394999980926514,-74.78971926590606,0.0,-70.96340149042153,-88.22457739607464,0.4967897364836314,False,0.6591159250530977,11.028726455889029,-21.125733032544836,-9.02192011634505,False,True,False,False,13,21.666666666666668,False,0.5164184308521987,2.0520525545991792,True,-5.28390246163115,True,-7.619865754013433,False,0,0,0.24549752531203936,False,0.44078462591651,False,6,2,True,False,False,25.0,21.688497757477148,15.384614024845911,0.010067026033392688,23.0,False,0,2,2,3,-21.470159085927442,6.869999885559082,101218688.65439689,0.4761904761904762,False,0.0,0,,,,0.0,0,,,,False,False,False,False,0,,none,0,0,False,-3,0.375,risk_on,6,False
SPG,200.07000732421875,-14.568061986329884,20.760860985810268,17.053764809723404,-0.2074110959297002,0.48931268712498416,False,0.8300807594894782,3.2788586880751884,1.8563527207668518,-2.556984128541251,False,False,False,True,18,30.0,False,0.30931826890243874,0.459920517435967,False,-3.914865334066518,True,-0.43791472375592777,True,2,0,0.43825470179313425,False,1.1564789480316096,False,3,3,True,False,False,25.0,6.589072196206897,4.718349625543061,0.23848786920301887,24.0,False,0,2,2,4,-5.017658408108661,210.63916089145854,243190765.04454422,58.911564625850346,False,0.0,0,,,,0.0,0,,,,False,False,False,False,0,,none,0,0,False,-2,0.5,risk_on,6,False
SPGI,406.614501953125,-20.790170710859492,10.749007730768723,-11.073664539273354,-28.334840444926456,0.3199435766156418,False,0.8290023490682831,5.62818336672685,0.3904499679516338,0.31937595122728535,False,True,False,True,21,35.0,False,0.47397634212359596,0.9074552262480061,True,-0.937253019661149,True,5.266915245318993,False,1,1,0.601253101972044,True,0.8672179992093318,False,4,2,True,False,False,25.0,13.978667367058078,6.068405871414651,0.3929239134226701,24.0,False,1,3,2,5,-8.486114680759849,444.32000732421875,745019459.7070954,26.93877551020408,False,0.0,0,,,,0.0,0,,,,False,False,False,False,0,,none,0,0,False,-1,0.625,risk_on,6,False
SPHR,107.06999969482422,-39.29584038396988,82.40204140239706,81.01436505961827,63.75318915396517,0.3340432757896191,False,1.0281272773961057,19.090317081969996,-16.916269301119723,-26.255253189327533,False,False,False,False,17,28.333333333333332,False,0.46924800770831704,2.652255309726257,True,-5.126612144794782,True,-16.51462012099476,False,0,0,0.27056964292059493,False,0.536965088292003,False,5,1,False,False,False,25.0,32.61099392924805,36.891753163897164,0.10271474133168793,16.0,False,2,1,1,1,-29.26136412323609,151.36000061035156,105691473.39537124,89.65986394557824,True,0.0,0,,,,0.0,0,,,,False,False,False,False,0,,none,0,0,False,-5,0.125,risk_on,6,False
SPOT,527.10498046875,-23.833160336884017,27.705628217746824,-21.755039414274123,-39.01621531992723,0.5186399308439412,False,0.827878729727091,13.388226243178625,4.563573514520125,3.465495699025345,False,False,False,False,25,41.66666666666667,True,0.5779142086506663,2.050628590112484,True,0.6335106713188331,True,11.46460363740558,False,0,1,0.4798069480174517,False,1.2012821444042043,True,6,2,True,False,False,25.0,16.753706419706717,13.388226243178625,0.6007499119685382,17.0,False,2,4,3,4,-6.68891876292117,564.8900146484375,748242424.7592742,18.503401360544217,False,0.0,0,,,,0.0,0,,,,False,False,False,False,0,,none,0,0,False,-2,0.5,risk_on,6,False
SPXC,171.64999389648438,-30.33968128507475,1.8210891161967835,-7.700170581396204,-24.96134648704931,0.24228608330642556,False,0.7505331051540169,7.68424288401702,-22.42509577343206,-5.56748095841344,False,False,False,True,19,31.666666666666664,False,0.3759060530480869,1.2691990253605008,False,-4.104830014707956,True,-0.8319385706122562,True,2,0,0.4429386008498263,False,0.3694498635574299,False,3,4,True,False,False,25.0,16.910848740076045,8.342562093450818,0.1620341378109282,23.0,False,0,2,2,4,-14.170713944826808,199.99000549316406,120948785.98753662,29.591836734693878,False,0.0,0,,,,0.0,0,,,,False,False,False,False,0,,none,0,0,False,-2,0.5,risk_on,6,False
SPY,778.4600219726562,-0.08086419554814706,23.80391279059384,17.23859093694713,-0.022584968705974262,0.28115114384215467,False,0.9680970619500748,1.540219137264335,14.036376010737817,2.2016856565660436,False,True,False,True,28,46.666666666666664,True,0.4021167000150393,0.3174523173263159,False,1.9588666996244928,True,1.1459912629734559,True,2,0,0.514549092743176,False,0.7013169211477537,False,6,1,False,False,False,55.0,6.950437910402149,2.9327154183192805,0.941833147663913,3.0,True,5,3,3,6,-0.4042850956055055,781.6199951171875,33955029885.448566,59.183673469387756,False,0.0,0,,,,0.0,0,,,,False,True,False,False,1,,power_play,6,6,True,0,0.75,risk_on,6,False
SQM,63.97999954223633,-31.095600612170482,61.75069271205484,52.58157764619884,35.320401740545734,0.3632211052603585,False,0.6984129961887947,5.517347303146743,-24.745218271524283,-5.522743075975334,False,True,False,True,21,35.0,False,0.45038291475672104,1.221256533509149,True,-4.3581348887076645,True,-0.836945333114969,True,2,0,0.48483200381409,False,1.0546357799789325,False,6,5,True,False,False,25.0,18.38273495351842,6.752109605709478,0.0848656870394171,23.0,False,1,2,3,4,-16.822671522024567,76.91999816894531,60999533.11798859,81.63265306122449,True,0.0,0,,,,0.0,0,,,,False,False,False,False,0,,none,0,0,False,-2,0.5,risk_on,6,False
SRE,81.1449966430664,-17.38213724096852,5.533876040049512,-8.783074146706438,-26.044250052359544,0.4752838224074517,False,0.7658920715885235,4.522765815233912,-14.360056261055421,0.6352722573085501,False,True,False,True,21,35.0,False,0.46631979314494143,0.8573055281747116,True,-0.9743722867639285,True,3.527684978998713,True,2,1,0.6068412021586729,True,0.4939400544495129,False,8,2,True,False,False,25.0,10.795023932153061,6.260400568380279,0.5351067844614428,22.0,False,1,3,2,5,-5.018533387634316,85.43245281127518,278508351.66842806,28.775510204081634,False,0.0,0,,,,0.0,0,,,,False,False,False,False,0,,none,0,0,False,-1,0.625,risk_on,6,False
SRRK,42.279998779296875,-29.580282920411204,51.432659970497575,3.1471018492486458,-14.114074056404458,0.2323093279615019,False,0.9062717909050595,14.356669512953008,-14.620358666276466,-9.367636878120544,False,False,False,False,23,38.333333333333336,False,0.4185044374450769,2.521343997886864,False,-4.054332508969078,True,-9.677424612465158,False,0,0,0.2994611998013407,False,0.36785825721200227,False,3,2,True,True,False,25.0,28.845824051827602,20.955536580313275,0.06958606534962371,23.0,False,0,2,2,3,-26.838556654293377,57.790000915527344,118640038.00858536,42.31292517006803,False,0.0,0,,,,0.0,0,,,,False,False,False,False,0,,none,0,0,False,-3,0.375,risk_on,6,False
SSB,100.45999908447266,-9.974009874251388,19.88887090162852,4.181034175828091,-13.080141729825012,0.5581255767651739,False,0.9331376855057698,3.882143700399157,3.9890595632749326,-2.8809003157377333,False,False,False,True,20,33.33333333333333,False,0.472880807969769,0.8859856359995592,True,-2.7076747628802127,True,-1.4228285011590458,True,2,0,0.4699152884634342,False,0.5115384785419821,False,8,3,True,False,False,25.0,9.914156107846804,5.046792126640963,0.26722544494123096,24.0,False,1,2,2,5,-7.264841330710614,108.33000183105469,69672371.68696213,44.013605442176875,False,0.0,0,,,,0.0,0,,,,False,False,False,False,0,,none,0,0,False,-1,0.625,risk_on,6,False
SSD,171.8249969482422,-17.93706293451485,9.484086936061908,2.0679950365146027,-15.193180869138502,0.36507513330101793,False,0.8651746761229813,4.248510508605887,-4.12602004301622,0.5239676244337188,False,False,False,True,17,28.333333333333332,False,0.43287709548231007,0.8564238142009791,False,-2.6853853588016885,True,-0.9996546639532089,True,2,0,0.5128187045008409,False,0.6995195040472424,False,7,2,True,False,False,25.0,6.8639983958660915,4.92854507363982,0.25298692851369037,24.0,False,0,2,2,4,-5.127496524373032,181.1114818872515,56326530.95037613,41.156462585034014,False,0.0,0,,,,0.0,0,,,,False,False,False,False,0,,none,0,0,False,-2,0.5,risk_on,6,False
SSNC,80.9000015258789,-8.711290073610535,30.851859180546736,-3.092705965098397,-20.3538818707515,0.23132364553742654,False,0.9588272583537122,5.067992615802465,17.81986049473403,1.2135633892150999,False,True,False,True,25,41.66666666666667,True,0.3583311650177666,0.7571370849349783,False,0.3326673126720795,True,3.0179584660923853,True,2,0,0.5737108243133079,False,0.6493584651435267,False,4,3,True,False,False,55.0,16.48714009678452,5.957972316332232,0.7101549118154283,25.0,False,3,3,3,6,-4.778716575263897,84.95999908447266,111686415.09528351,34.625850340136054,False,0.0,0,,,,0.0,0,,,,False,True,False,False,1,,power_play,6,6,True,0,0.75,risk_on,6,False
SSRM,35.529998779296875,-9.385361874780251,82.56426419786771,55.639021480212115,38.37784557455901,0.5869506469516732,True,0.9886774479644238,9.414572251420877,10.927995944936498,-2.2020451732374324,False,False,False,False,28,46.666666666666664,True,0.3463396156886522,1.3334656535876102,False,0.6260400132673046,True,6.792901383942795,False,0,0,0.5195400877953613,False,0.6786635304643335,False,4,3,True,False,False,55.0,38.77479784747642,9.414572251420877,0.7443237976183755,25.0,False,5,3,4,6,-9.913793061757959,39.439998626708984,81613227.17535515,82.85714285714286,True,0.0,0,,,,0.0,0,,,,False,True,False,False,1,,power_play,6,6,True,0,0.75,risk_on,6,False
ST,42.16999816894531,-21.0462288234161,49.08745631486433,35.63429355272791,18.373117647074807,0.27068810008160527,False,0.8980768578449887,6.710927529613884,8.730548179552656,0.5244276567456296,True,True,False,True,26,43.333333333333336,True,0.3800235254192895,0.9646962506067545,False,-0.8582424266314982,True,-3.0797522507021613,True,2,0,0.5893093286547583,False,0.6077325875029933,False,4,2,True,False,False,35.0,8.895428424692367,7.303766066145062,0.48854911446614624,23.0,False,3,2,3,5,-4.5495747450119195,44.18000030517578,50691814.65189628,73.12925170068027,False,0.0,0,,,,0.0,0,,,,False,False,False,False,0,,none,0,0,False,-1,0.625,risk_on,6,False
STAG,36.0099983215332,-13.432991991836118,5.68745737147176,2.9894168551117373,-14.271759050541366,0.24672183908045978,False,1.1139570672224712,3.637882350323974,-3.449007698157358,-3.210712580734598,False,False,False,True,21,35.0,False,0.3548829762018408,0.6639854685588513,False,-0.9831490317634166,True,-0.11095954611344272,True,2,0,0.48541250193427404,False,1.193004544,False,4,2,True,False,False,25.0,6.543363671117615,4.609830393742244,0.35361123682984597,24.0,False,0,2,2,4,-4.22955675034623,37.60032542364096,62439491.95430374,42.17687074829932,False,0.0,0,,,,0.0,0,,,,False,False,False,False,0,,none,0,0,False,-2,0.5,risk_on,6,False
STE,213.8699951171875,-19.706648976697128,7.584029538551484,-9.903897466633193,-27.165073372286297,0.3415618876846436,False,0.7712342907975904,3.6681096652269978,-4.309145129224657,4.306477819052823,False,False,False,True,21,35.0,False,0.38816567429669613,0.7395437581190876,False,-2.16415569726978,True,2.5558655426547006,True,2,0,0.5917607563681241,False,0.7472991867598802,False,7,2,True,False,False,25.0,9.811921077731833,4.102956981729121,0.47694349556032606,24.0,False,1,2,3,5,-5.132189140756371,225.44000244140625,140878049.19661713,27.823129251700678,False,0.0,0,,,,0.0,0,,,,False,False,False,False,0,,none,0,0,False,-1,0.625,risk_on,6,False
STEP,44.39500045776367,-39.93364970591554,13.019890166248116,-28.275607600396825,-45.53678350604993,0.14899960900877418,False,0.8081947064738066,8.546004458027289,-7.907871811659817,-4.135177842235627,False,False,False,False,23,38.333333333333336,False,0.45126824653673336,1.9909312112063184,True,-1.9175178398242487,True,-1.9328473407380753,True,1,0,0.4997663232043276,False,0.5596252142065119,False,5,3,True,False,False,25.0,17.963266361104484,9.539363817285325,0.18629567987583856,23.0,False,0,2,2,4,-14.616787441571743,51.994998931884766,53401970.00762329,12.789115646258503,False,0.0,0,,,,0.0,0,,,,False,False,False,False,0,,none,0,0,False,-2,0.5,risk_on,6,False
STLD,239.99000549316406,-14.729750302360522,71.75213112405368,64.13960520880752,46.87842930315442,0.28730938647623117,False,0.8094590042435913,5.091879220383285,23.34894750967116,2.254782518862508,False,True,False,True,23,38.333333333333336,False,0.44952224613160957,1.4878360896742628,True,-0.1359429416341218,True,3.448424419402718,True,2,0,0.45109394495185906,False,0.9859176555567021,False,4,2,True,False,False,25.0,11.119154280358815,10.871284528819173,0.7621359710394884,16.0,True,2,4,4,5,-2.644846835759662,246.5098124680627,224359628.40542603,85.64625850340136,True,0.0,0,,,,0.0,0,,,,False,False,False,False,0,,none,0,0,False,-1,0.625,risk_on,6,False
STM,51.845001220703125,-34.93418042194657,146.79378500167562,82.30061086978407,65.03943496413096,0.49426937268376686,False,1.0661911980615193,14.572283011460058,28.953602209171002,3.4984775106795096,False,False,False,False,22,36.666666666666664,False,0.47514943102964774,1.3808520396997255,True,-0.15785901867631089,True,-9.456858644010325,False,0,1,0.5979733166412102,False,1.8161356736034677,True,4,2,True,True,True,25.0,19.974458478871533,14.581929202987656,0.37135102308019974,3.0,False,2,3,2,3,-12.556922887269618,59.290000915527344,480847404.9712723,90.0,True,0.0,0,,,,0.0,0,,,,False,False,False,False,0,,none,0,0,False,-3,0.375,risk_on,6,False
STNE,12.354999542236328,-22.86998089365676,35.4714879086748,-16.449660898054397,-33.7108368037075,0.7233681785403514,False,1.3050645574942463,12.302707894833533,1.1874917988740297,29.643230728448078,False,False,False,False,19,31.666666666666664,False,0.377432639253733,1.713970951328684,False,3.808700315724193,True,29.371720371511568,False,0,1,0.5520758857901691,False,1.673530819408787,True,3,2,True,True,True,25.0,27.822579962902065,27.92391693315001,0.9869564989038273,0.0,True,1,4,3,3,-0.3629038522444672,12.399999618530273,67399106.99056149,21.904761904761905,False,0.0,0,,,,0.0,0,,,,False,False,False,False,0,,none,0,0,False,-3,0.375,risk_on,6,False
STNG,86.31999969482422,-2.0760088478471994,77.42057646415705,58.186431124465756,40.92525521881265,0.3585899312251063,True,1.1361366609815005,5.560707910945026,14.243018273818087,-0.9637493483152793,False,False,False,True,26,43.333333333333336,True,0.3940336362344016,1.3082453458613383,False,1.7524887724550917,True,0.1043677773246765,True,2,0,0.4916687371283455,False,1.10886413618638,False,4,1,False,False,False,35.0,17.843659927226792,7.078313985116848,0.7672683301310765,16.0,False,6,2,3,5,-4.1527847714366795,90.05999755859375,101454910.63611145,83.6734693877551,True,0.0,0,,,,0.0,0,,,,False,False,False,False,0,,none,0,0,False,-1,0.625,risk_on,6,False
STRC,99.62999725341797,0.0,38.71350521778165,13.966010494117898,-3.2951654115352067,0.6374075755088376,False,0.46719073401256167,0.6499037461836754,6.5258976636370924,1.647419977398723,False,False,True,True,32,53.333333333333336,True,0.46084253450979906,0.27962002416384035,True,9.107627314962798,False,0.22129924877212215,True,3,2,0.5061139416223553,False,2.640756235679603,True,1,0,False,False,False,65.0,18.125199543500766,1.578769251237301,0.9946058478164388,0.0,True,5,3,4,5,-0.0977700846950591,99.72750091552734,151078738.38519746,55.57823129251701,False,0.0,0,,,,0.0,0,,,,False,False,False,False,0,,none,0,0,False,-1,0.625,risk_on,6,False
STRL,518.385009765625,-47.834945271412174,82.80671311367966,45.80626432241628,28.54508841676318,0.4444380594937732,False,0.9204900504453131,14.834538608442971,12.932992499850581,-0.05687185052858368,False,False,False,False,24,40.0,True,0.44343308000624837,2.1790967442411406,True,0.07197119036962381,True,-2.818599532493249,True,1,0,0.554629902128021,False,0.8838473607446006,False,3,1,False,False,False,25.0,20.245261733474802,17.585391641803696,0.5144341649999423,3.0,False,3,1,1,3,-9.830407418409404,574.9000244140625,278224635.46128845,79.18367346938776,False,0.0,0,,,,0.0,0,,,,False,False,False,False,0,,none,0,0,False,-3,0.375,risk_on,6,False
STT,175.52000427246094,-9.168223120503516,61.87642688260551,53.27376784409643,36.01259193844333,0.2701716671890105,False,0.9384046286564515,3.401322399374974,25.21401066229798,-3.510799388260588,False,False,False,True,23,38.333333333333336,False,0.3766049537458124,0.8210782959773597,False,-2.5184350498148427,True,-0.25005820903482023,True,2,1,0.6044046792885892,True,0.7407120549803806,False,7,4,True,False,False,25.0,12.512368431295814,5.831223060452586,0.2249147382882014,24.0,False,2,3,2,5,-9.69815236020536,194.3703355579094,396670307.35294265,81.97278911564626,True,0.0,0,,,,0.0,0,,,,False,False,False,False,0,,none,0,0,False,-1,0.625,risk_on,6,False
STWD,12.720000267028809,-26.315650781177837,0.4739369695092366,-22.760543495193197,-40.0217194008463,0.4945701046821776,False,1.0879351853022876,5.5817611890099235,-24.00009823432351,-11.915093567066082,False,False,False,True,16,26.666666666666668,False,0.4422491823664278,1.1058125820748579,True,-6.381560731342624,True,-2.52873501059675,True,2,0,0.4540348637973536,False,0.2383948345512248,False,10,3,True,False,False,25.0,20.583994497945163,12.693809702182046,0.09319193174437203,24.0,False,0,2,2,4,-18.665732287666124,15.639164923716272,79878371.57881203,17.27891156462585,False,0.0,0,,,,0.0,0,,,,False,False,False,False,0,,none,0,0,False,-2,0.5,risk_on,6,False
STX,783.0848999023438,-28.314195049468548,272.20652109585416,255.3002618630381,238.039085957385,0.6215199985494773,False,0.9701520762933042,17.483413760322144,52.7960164142369,-8.742224367129015,False,False,False,False,22,36.666666666666664,False,0.45000964217155304,2.5657885901979927,True,-1.3570969461788631,True,-7.762764118554244,False,0,2,0.6054410110172895,True,1.2829020530820134,True,4,0,False,False,False,25.0,19.930829308324256,23.02048711685983,0.13435827644021076,6.0,False,4,3,2,3,-17.252957434433768,946.3599853515625,3950154571.744989,98.29931972789116,True,0.0,0,,,,0.0,0,,,,False,False,False,False,0,,none,0,0,False,-3,0.375,risk_on,6,False
STZ,122.80999755859375,-25.24381400817235,8.903078136381804,-11.590611407915342,-28.851787313568444,0.45094091887802606,False,0.9916421035195084,11.061802259210316,-24.29914778560356,3.2277013520130904,False,False,False,False,23,38.333333333333336,False,0.37987891184434935,1.1598394286784617,False,-0.9655860727427963,True,8.8065868433876,False,0,1,0.6220793252548147,True,0.9534948799446163,False,3,2,True,False,False,25.0,15.566078451769402,11.061802259210316,0.5988227013884445,23.0,False,1,3,2,5,-6.244757303256387,130.99000549316406,320132176.1264633,26.462585034013607,False,0.0,0,,,,0.0,0,,,,False,False,False,False,0,,none,0,0,False,-1,0.625,risk_on,6,False
SU,71.96499633789062,0.0,92.4855193490107,81.99584071623727,64.73466481058416,0.4868700138761836,True,0.9764919396411925,6.975608835574003,12.441768094685447,3.6810150424700483,False,True,False,True,30,50.0,True,0.4392952382485083,1.2112761391500864,False,2.7987932385927814,True,3.4574451749671553,True,2,0,0.4930900040329254,False,0.9643848925562256,False,3,1,False,False,False,45.0,17.792095451141527,7.434167645895149,0.9616043358110976,0.0,True,8,2,4,6,-0.6831393221589321,72.45999908447266,248522464.26526338,89.79591836734694,True,0.0,0,,,,0.0,0,,,,False,True,False,False,1,,power_play,6,6,True,0,0.75,risk_on,6,False
SUI,114.16999816894531,-14.388360218916961,3.7909074263139164,-3.52454605510899,-20.785721960762096,0.41397005166525586,False,0.8225635875906001,3.652446558486123,-10.12989780223027,1.3840667053337086,False,False,False,True,20,33.33333333333333,False,0.42417386151272884,0.757120732797376,False,-1.3628258109123752,True,3.088034464058964,True,2,0,0.416708311186189,False,0.607787857877361,False,3,3,True,False,False,25.0,8.609986744872007,4.142947738279086,0.4744590475580435,24.0,False,1,2,3,5,-4.5249006344126546,119.58091578598166,133314573.3622551,34.01360544217687,False,0.0,0,,,,0.0,0,,,,False,False,False,False,0,,none,0,0,False,-1,0.625,risk_on,6,False
SW,41.22999954223633,-18.824757426914886,29.470612245998073,-1.0179089480267356,-18.27908485367984,0.2769272227116791,False,0.8296035274102885,6.136314872869175,-0.06828111515404522,-6.993011867296383,False,True,False,True,26,43.333333333333336,True,0.34491190233925323,0.8707644983632403,False,-3.96646149633966,True,-3.079457792895479,True,2,0,0.37807850825140676,False,0.5205903314117063,False,5,2,True,False,False,25.0,14.675411941317067,14.188703259202251,0.1268012620377292,12.0,False,1,2,2,4,-12.814551186234501,47.290000915527344,194614940.08577538,37.68707482993197,False,0.0,0,,,,0.0,0,,,,False,False,False,False,0,,none,0,0,False,-2,0.5,risk_on,6,False
SWK,88.54000091552734,-14.124471589541388,48.6454283209836,32.44196947987512,15.180793574222015,0.34912638248160244,False,1.021272719717946,6.358704760788669,24.761847527804793,-1.1609744298607616,True,False,False,True,26,43.333333333333336,True,0.39702900699761395,1.0701990435618547,False,-2.142403320552566,True,-3.065464785005423,True,2,1,0.48018793403925664,False,1.223185141671955,True,4,2,True,False,False,25.0,11.851635128297152,7.4994345165903145,0.24557899297814106,24.0,False,2,3,3,4,-8.941122508345579,97.23379351304003,151971739.04974213,70.8843537414966,False,0.0,0,,,,0.0,0,,,,False,False,False,False,0,,none,0,0,False,-2,0.5,risk_on,6,False
SWKS,76.69499969482422,-16.13449726167715,47.355087260308636,7.524964557911429,-9.736211347741676,0.5818788098556954,False,1.095137994676288,15.540647478400293,36.92287020295573,-13.592837033609651,False,False,False,False,26,43.333333333333336,True,0.5008587855999064,3.2079894012078154,True,0.12415515478197933,True,-9.802421738364252,False,0,0,0.49510680749307767,False,0.4291114676767273,False,4,0,False,False,False,25.0,23.394403017162354,20.795225736869,0.2581760305653622,12.0,False,2,1,1,1,-17.35452890874505,92.80000305175781,746483823.2635193,49.183673469387756,False,0.0,0,,,,0.0,0,,,,False,False,False,False,0,,none,0,0,False,-5,0.125,risk_on,6,False
SWX,84.20999908447266,-9.180265469162386,12.240345182411861,9.26913956974924,-7.9920363359038635,0.3446378935511806,False,0.8714721207444222,3.2359559479244218,-6.536855862198254,-1.910308000928862,False,True,False,True,20,33.33333333333333,False,0.45835283578043784,0.7722806368972165,True,-2.2222152078831003,True,1.8381867192995616,True,2,0,0.555026172471426,False,0.6399192195239578,False,5,2,True,False,False,25.0,10.256983581201991,5.159721253938705,0.42374719611449413,22.0,False,2,2,2,6,-5.910615548075249,89.5,68587771.22776413,51.42857142857142,False,0.0,0,,,,0.0,0,,,,False,True,False,False,1,,power_play,6,6,True,0,0.75,risk_on,6,False
SYF,72.9000015258789,-16.569326577838904,15.258455668133685,4.401249867246948,-12.859926038406156,0.4508288400733673,False,0.9272361288483992,3.813441318392837,-0.37695604268199734,-2.851811518575853,False,True,False,True,22,36.666666666666664,False,0.4986749264438283,1.277105621000306,True,-2.029790703416686,True,1.5744808912732111,True,2,1,0.5343173939295978,False,1.2134657111742708,True,5,2,True,False,False,25.0,14.10359168427611,6.200269613796708,0.3071523502492359,24.0,False,0,3,2,4,-9.771640351495126,80.79499816894531,207197760.95712852,44.625850340136054,False,0.0,0,,,,0.0,0,,,,False,False,False,False,0,,none,0,0,False,-2,0.5,risk_on,6,False
SYK,276.7699890136719,-27.95619572257143,2.9273208784436733,-24.409426701965387,-41.67060260761849,0.2750000878422774,False,0.7222504449580535,5.210096283034478,-19.828456640160276,0.9183041467844433,True,False,False,True,17,28.333333333333332,False,0.3615672894455757,0.9387629017751676,False,-4.11653996854667,True,0.4865106827592225,True,2,0,0.4895702354795274,False,0.7305830259528208,False,3,2,True,False,False,25.0,13.18484322199464,5.725252246592025,0.2625512427582422,24.0,False,1,2,4,5,-9.723146248487357,306.5791257806594,746823987.2961471,15.646258503401361,False,0.0,0,,,,0.0,0,,,,False,False,False,False,0,,none,0,0,False,-1,0.625,risk_on,6,False
SYM,42.45000076293945,-51.37457127261268,11.06750237345626,-36.7739035614523,-54.035079467105405,0.38480928789772473,False,0.838440097818568,6.81271669973786,-22.266983540569907,1.3368378645271628,False,False,False,True,27,45.0,True,0.452528744576282,1.8209683030760049,True,0.12302498870586005,True,-1.9177403876324828,True,2,0,0.4320973682382638,False,1.0426124531280712,False,4,2,True,False,False,35.0,17.433607251034086,7.184921512942158,0.5995474722600208,13.0,False,1,2,3,4,-6.981332091302628,45.63600158691406,69651246.92413406,8.16326530612245,False,0.0,0,,,,0.0,0,,,,False,False,False,False,0,,none,0,0,False,-2,0.5,risk_on,6,False
SYNA,119.43499755859375,-19.065533895252152,104.09261214000666,77.81003545391208,60.548859548258974,1.4853137529313867,False,0.9120008658327478,2.2606413559121084,61.46410110530813,28.273006954867853,False,False,False,True,25,41.66666666666667,True,0.4329800688488731,1.942023914318423,False,4.369386756140907,False,-1.3748975528543483,True,2,0,0.4531730874089549,False,0.23485092191674278,False,4,1,False,True,True,25.0,27.78324814426773,19.843433718839158,0.9249039459652578,5.0,True,6,1,2,3,-2.086412303902585,121.9800033569336,124039267.10808678,89.18367346938776,True,0.0,0,,,,0.0,0,,,,False,False,False,False,0,,none,0,0,False,-3,0.375,risk_on,6,False
SYRE,85.19000244140625,-21.786628834432754,350.3832847899769,302.4090795200401,285.147903614387,0.3605064548475009,False,1.0984794291945577,21.082284974490474,34.645174371818484,-5.606645494286699,False,False,False,False,20,33.33333333333333,False,0.3196997511184634,2.037903485297312,False,-1.5875641404838827,True,-8.584611857940494,False,0,0,0.5031293471112536,False,1.070993859464577,False,4,2,True,False,False,25.0,19.124587208258934,21.387478658473242,0.44676192386431063,5.0,False,4,2,2,3,-10.580449833986382,95.2699966430664,136970834.98651582,98.77551020408163,True,0.0,0,,,,0.0,0,,,,False,False,False,False,0,,none,0,0,False,-3,0.375,risk_on,6,False
SYY,78.33999633789062,-12.220649550677287,15.468466179903873,3.293649604064708,-13.967526301588396,0.2273724095869613,False,0.8236224339253819,3.7656429863909673,8.261888381925386,-0.1923217864444715,False,True,False,True,22,36.666666666666664,False,0.4610764437895102,0.8778798758579435,True,-1.6762745409338693,True,1.0969137921715166,True,2,0,0.4857252330437862,False,0.8710105126670274,False,5,2,True,False,False,25.0,9.525444122540422,3.7656429863909673,0.2808640675239869,20.0,False,1,2,3,5,-6.850089141311266,84.100989057021,381609535.5799545,42.6530612244898,False,0.0,0,,,,0.0,0,,,,False,False,False,False,0,,none,0,0,False,-1,0.625,risk_on,6,False
T,22.12849998474121,-22.13231169849611,9.496085383054865,-11.218508156249884,-28.479684061902987,2.976068712678241,False,1.0861371228803907,13.602369030695224,-12.43734341987226,-12.879920011504165,False,False,False,False,30,50.0,True,0.4573636260051729,1.0539382473668848,True,-4.591591124831452,True,-8.936211195461796,False,0,0,0.30808903807240307,False,0.5351977278385354,False,7,2,True,False,False,25.0,18.45525868689991,15.545565837854722,0.033903593336485384,18.0,False,1,2,2,2,-17.829559101459612,26.93000030517578,1030003019.2673572,26.802721088435373,False,0.0,0,,,,0.0,0,,,,False,False,False,False,0,,none,0,0,False,-4,0.25,risk_on,6,False
TAP,37.13589859008789,-29.36739435168605,3.298742147374223,-15.648138656933385,-32.90931456258649,0.19014089369024792,False,0.8917709986384262,5.547186514408441,-14.852021983416053,-1.0500937970357338,False,True,False,True,26,43.333333333333336,True,0.4229148197542297,1.1740361638059682,False,-2.470905744492372,True,0.7485023743023067,True,2,0,0.5760656446757711,False,0.39969149635586954,False,4,2,True,False,False,25.0,13.932638566080549,6.812811525643729,0.2810257621433424,23.0,False,1,2,2,4,-10.017208194380034,41.27000045776367,213807887.51907882,22.653061224489797,False,0.0,0,,,,0.0,0,,,,False,False,False,False,0,,none,0,0,False,-2,0.5,risk_on,6,False
TARS,73.09500122070312,-19.481160824411646,30.270897211892112,3.8576357960191654,-13.403540109633939,0.2950438059286924,False,0.8838283492741456,6.094800092018252,0.6125253757437443,-6.39645966376341,False,True,False,True,20,33.33333333333333,False,0.40213117435265133,1.5068066448186368,False,-0.27977284822729737,True,0.13013865849742512,True,2,0,0.5120020508448748,False,0.8536010663836454,False,7,3,True,False,False,25.0,22.648307663069662,11.35507939496747,0.11070905170986066,24.0,False,0,2,3,4,-20.14093499885805,91.52999877929688,55872129.87225036,43.74149659863946,False,0.0,0,,,,0.0,0,,,,False,False,False,False,0,,none,0,0,False,-2,0.5,risk_on,6,False
TCBI,90.70500183105469,-15.63758769297493,18.156643281584017,5.594370377870539,-11.666805527782564,0.4029508087154124,False,1.084541699659366,5.313929328618341,-9.638713277596956,-3.9955560877971474,False,False,False,True,20,33.33333333333333,False,0.4368759640487186,0.8256239209038932,False,-3.3931811916404104,True,-2.67703347519751,True,2,0,0.34898159819612967,False,0.34882278947846085,False,8,1,False,False,False,25.0,9.640601974431409,6.603823099994398,0.04620974265244731,19.0,False,0,1,1,3,-9.195112238178261,99.88999938964844,55150187.75166893,46.93877551020408,False,0.0,0,,,,0.0,0,,,,False,False,False,False,0,,none,0,0,False,-3,0.375,risk_on,6,False
TCOM,38.814998626708984,-50.84219975080789,2.252369765166984,-45.4155557677514,-62.676731673404504,0.5196807399256174,False,0.9030232058744442,4.173641605567463,-25.0241485735044,-4.5845665301765255,False,True,False,True,19,31.666666666666664,False,0.4000098742905549,0.7326381934957344,False,-4.352370439704473,True,1.903382702065537,True,2,0,0.4201917289084001,False,0.40256611485346133,False,4,2,True,False,False,25.0,9.83684847433161,6.749965282961309,0.3012188427506769,24.0,False,0,2,3,4,-6.873804360579683,41.68000030517578,151214110.11484414,6.054421768707483,False,0.0,0,,,,0.0,0,,,,False,False,False,False,0,,none,0,0,False,-2,0.5,risk_on,6,False
TD,114.6500015258789,-8.13301384429409,48.52667818910859,45.717267055015775,28.45609114936267,0.24027852425143623,False,1.0202572198495856,5.303097906790959,13.105007420457948,-6.2781003762121586,False,False,False,True,27,45.0,True,0.5082392451525721,0.8267807860638077,True,-2.6231724725751855,True,-2.7400710916163584,True,2,0,0.4323002163539673,False,0.8325576280333229,False,6,2,True,False,False,25.0,9.429263033001977,7.064978950124788,0.16879819184051773,13.0,False,3,2,2,5,-7.837620482642604,124.4000015258789,239167876.0650627,79.04761904761905,False,0.0,0,,,,0.0,0,,,,False,False,False,False,0,,none,0,0,False,-1,0.625,risk_on,6,False
TDG,1106.530029296875,-23.687584186422416,2.8364066555382594,-13.243266627132721,-30.504442532785824,0.34149280619324685,False,0.8339229907533898,2.921742311433789,-10.26509861718452,1.8857308179165866,False,False,False,True,19,31.666666666666664,False,0.41617956806239403,0.9172541388167879,False,-2.375403065866798,True,1.4811372495589836,True,2,0,0.5533040045664459,False,0.8535734194267663,False,7,2,True,False,False,25.0,7.934198247685551,3.695337095769587,0.3821495864654198,23.0,False,1,2,2,5,-4.902147668397861,1163.5699462890625,437284608.91348267,24.897959183673468,False,0.0,0,,,,0.0,0,,,,False,False,False,False,0,,none,0,0,False,-1,0.625,risk_on,6,False
TDS,33.48500061035156,-29.42797850879436,1.639051181183504,-15.100513987696097,-32.3616898933492,0.805268872308454,False,0.9289885533368462,10.183663685996592,-25.87971424918807,-6.72702176290011,False,False,False,False,22,36.666666666666664,False,0.3427049841811385,1.1897477982369433,False,-1.548137677168388,True,-5.382873162337742,False,0,0,0.35058614725636905,False,0.6440418689001132,False,8,3,True,False,False,45.0,17.964074935824975,10.661489113787228,0.2913852102409184,23.0,False,0,2,2,4,-12.729609183865998,38.369257083882644,61450215.150411606,23.12925170068027,False,0.0,0,,,,0.0,0,,,,False,False,False,False,0,,none,0,0,False,-2,0.5,risk_on,6,False
TDY,615.2449951171875,-11.001734994758639,26.99341415711498,6.731835492233329,-10.529340413419774,0.3601161596486879,False,0.9098138202019339,4.164193991095789,-6.211222080176859,1.9529003936345601,False,False,False,True,21,35.0,False,0.24139198076638393,0.43521949848004765,False,-1.3796821819556306,True,-0.3119056088716099,True,2,1,0.5100887571332817,False,0.773582219358995,False,2,3,True,False,False,35.0,7.773826141196831,4.164193991095789,0.5055286210903611,34.0,False,2,3,2,6,-3.8439345314413953,639.8400268554688,167676202.75084838,48.2312925170068,False,0.0,0,,,,0.0,0,,,,False,True,False,False,1,,power_play,6,6,True,0,0.75,risk_on,6,False
TEAM,206.50999450683594,0.0,261.34731232390817,39.77933317214555,22.518157266492445,0.43565192019260796,False,0.9610302126813712,10.104206204906088,236.88417141445055,7.54608369543357,False,True,False,False,32,53.333333333333336,True,0.49706121200311787,2.1522168408133884,True,3.658542002885423,True,9.91005118828765,False,0,1,0.6399977833541778,True,1.1209985504971027,False,4,3,True,False,False,25.0,18.95978874390349,19.038397013589417,0.9782226834627921,0.0,True,9,4,3,6,-0.4128933209545771,207.36619567871094,553005074.6461151,76.05442176870748,False,0.0,0,,,,0.0,0,,,,False,True,False,False,1,,power_play,6,6,True,0,0.75,risk_on,6,True
TECH,72.45999908447266,-0.20658521500896976,67.83951975956168,21.653528758240135,4.392352852587031,0.38621288517948693,False,0.7736411559197414,0.317421142478155,26.32455053589471,0.12435585805594673,False,False,False,True,22,36.666666666666664,False,0.36599213622889426,0.0814997585096254,False,0.9907913954990608,True,0.08286955432217358,True,2,1,0.3437643166211909,False,1.1538554148635998,False,1,2,True,False,False,,,,,,False,4,3,1,6,,,234120410.92839128,62.857142857142854,False,0.0,0,,,,0.0,0,,,,False,True,False,False,1,,power_play,6,6,True,0,0.75,risk_on,6,False
TECK,67.76000213623047,-5.721581705816837,78.04387148197307,55.11888862050218,37.85771271484908,0.6360290601604401,True,0.9763630322927808,6.095037076761998,18.371853708097262,3.4188119779171355,True,True,False,True,25,41.66666666666667,True,0.3864104082970358,0.9919959521821915,False,0.5535990629188439,True,-1.166854508242332,True,2,0,0.5246038396822027,False,0.9740101474389098,False,5,3,True,False,False,55.0,21.83020614640465,6.877218883111172,0.702789164197374,23.0,False,5,3,5,6,-6.488173814516552,72.46142536220661,177876068.18408927,82.78911564625851,True,0.0,0,,,,0.0,0,,,,False,True,False,False,1,,power_play,6,6,True,0,0.75,risk_on,6,False
TEL,215.9149932861328,-12.344274736195704,11.10903902516933,-1.8867494115717087,-19.147925317224814,0.3167327641784047,False,0.9139607503433413,6.220044161904368,-7.141240458244447,5.109042552203702,True,True,False,True,25,41.66666666666667,True,0.41774146245017413,1.1051983087779085,False,1.1338920704175899,True,-2.0171570665760585,True,2,0,0.4095596095384799,False,0.40740386797506667,False,4,1,False,False,False,65.0,15.206718434027314,6.9054971288401825,0.7762577794095328,3.0,False,2,2,4,5,-3.4023849503232673,223.52000427246094,365517280.077652,36.394557823129254,False,0.0,0,,,,0.0,0,,,,False,False,False,False,0,,none,0,0,False,-1,0.625,risk_on,6,False
TEM,71.49500274658203,-27.986499168359103,72.06980519704082,-27.986499168359103,-45.24767507401221,0.5828575613235182,False,1.1755436659301872,29.764316332324654,55.491525572783274,-8.151328224330868,False,False,False,False,24,40.0,True,0.47273725478705986,4.272022397322778,True,0.9995776959870284,True,-6.701023999589006,False,0,1,0.3872449660518573,False,1.578939322679365,True,3,2,True,False,False,25.0,35.211579758305156,31.302883269681235,0.4391139199869252,8.0,False,2,3,2,3,-19.749684941703517,89.08999633789062,604316069.8008308,13.061224489795919,False,0.0,0,,,,0.0,0,,,,False,False,False,False,0,,none,0,0,False,-3,0.375,risk_on,6,False
TENB,41.150001525878906,-3.516998701840235,156.54612953322285,39.02027363364409,21.759097727990984,0.583197107844328,True,0.8627606178521278,10.57108657962668,136.35842554011052,16.14451360833751,False,True,False,False,22,36.666666666666664,False,0.5195142036634759,3.402369976645331,True,2.9101471628390394,True,11.668936851592026,False,0,2,0.7052477615808727,True,1.867453754469181,True,3,2,True,False,False,65.0,37.02770516817688,21.044956321486172,0.8441560341109938,61.0,False,8,4,5,6,-5.7705444211775365,43.66999816894531,146982736.39675254,75.71428571428571,False,0.0,0,,,,0.0,0,,,,False,True,False,False,1,,power_play,6,6,True,0,0.75,risk_on,6,True
TER,402.80999755859375,-16.715290981457354,205.56497830080605,177.9738431259363,160.7126672202832,0.3440735064085642,True,0.9079706265950556,14.684341067746281,8.912248726935946,8.436750271866632,True,False,False,False,27,45.0,True,0.4072916968984296,1.9225433563023433,False,1.0223780430780744,True,-10.295298883529947,False,0,0,0.5565509662426391,False,1.0491622707252901,False,4,1,False,False,False,25.0,27.771874983959798,16.970776734909286,0.6091322686266919,5.0,False,6,1,3,2,-10.8551297709635,451.8599853515625,951644750.305069,96.39455782312926,True,0.0,0,,,,0.0,0,,,,False,False,False,False,0,,none,0,0,False,-3,0.375,risk_on,6,False
TEVA,41.48500061035156,0.0,118.9182002118113,107.01097163228299,89.74979572662988,2.07201529993292,True,1.1008523919602116,9.08762300180119,33.17817373478644,6.4263753143479985,False,False,False,False,27,45.0,True,0.435849365623629,1.4755969149832273,False,3.110887541146431,True,4.945615713194984,True,1,2,0.6103996000317239,True,2.514175019957817,True,4,0,False,True,True,45.0,17.01571025223029,9.08762300180119,0.9251748624841943,0.0,True,9,4,4,7,-1.273202859552236,42.02000045776367,223713399.27642137,92.72108843537416,True,0.0,0,,,,0.0,0,,,,False,True,False,False,1,,power_play,7,7,True,1,0.875,risk_on,6,True
TEX,50.67499923706055,-31.8782652841451,22.261362891712455,-5.31805980291492,-22.579235708568024,0.5034254970897587,False,1.0247760446789633,15.53033853058085,-19.5379930439051,-14.168363056828525,False,False,False,False,19,31.666666666666664,False,0.4985087295784029,1.850370918244064,True,-4.396176594591886,True,-10.64186200818421,False,0,0,0.3609194882611278,False,0.4459373799758735,False,10,3,True,False,False,25.0,21.42412755702445,15.53033853058085,0.009796686029901915,23.0,False,0,2,2,2,-21.214242105883706,64.31999969482422,75882195.99665451,31.768707482993197,False,0.0,0,,,,0.0,0,,,,False,False,False,False,0,,none,0,0,False,-4,0.25,risk_on,6,False
TFC,46.165000915527344,-14.727940846439768,17.16379813196309,8.796846855431962,-8.464329050221142,0.39223134022243183,False,0.9288956172992204,3.790750493435812,-5.788690200477021,-4.9320436368046945,False,False,False,True,21,35.0,False,0.4207293020921073,0.9571415846808247,False,-4.025442518831839,True,-0.6135626323595211,True,2,0,0.4679296155545357,False,0.8960523678965855,False,5,4,True,False,False,25.0,13.162455380024424,5.501997293312658,0.16178621715407862,24.0,False,0,2,2,4,-11.032951515630918,51.88999938964844,409016255.08718413,50.884353741496604,False,0.0,0,,,,0.0,0,,,,False,False,False,False,0,,none,0,0,False,-2,0.5,risk_on,6,False
TFX,124.25,-12.530800893592476,24.818019502815545,0.7479465247681505,-16.513229380884955,0.22435594022584354,False,0.8419349376043791,4.329983809104627,1.380250078856582,-0.2168299472737223,False,False,False,True,17,28.333333333333332,False,0.3882695039587451,1.107831158613969,False,-2.2327457945169726,True,0.10473513578901361,True,2,0,0.46874832812298084,False,0.3727900703100184,False,9,2,True,False,False,25.0,15.847499366704342,5.2796761034959765,0.26660694644767424,24.0,False,0,2,3,4,-11.622445951715843,140.58999633789062,108801571.5272499,39.31972789115646,False,0.0,0,,,,0.0,0,,,,False,False,False,False,0,,none,0,0,False,-2,0.5,risk_on,6,False
TGT,154.32000732421875,-9.164749026644813,89.49592589556521,80.21210593643238,62.950930030779276,0.44245372621370865,False,0.8725242667855526,3.6547428213887234,33.1639802503916,-2.4464220604718423,False,False,False,True,17,28.333333333333332,False,0.4849527387749005,1.1511362660125701,True,-0.6304522745106506,True,-1.0769183819110628,True,2,0,0.4920288885739975,False,0.8030830617663737,False,6,3,True,False,False,45.0,15.436768617154712,6.700360191252972,0.3766667942223563,33.0,False,4,2,2,5,-9.622250468978766,170.75,578287429.4395927,89.52380952380953,True,0.0,0,,,,0.0,0,,,,False,False,False,False,0,,none,0,0,False,-1,0.625,risk_on,6,False
TGTX,54.915000915527344,-7.018287100206855,103.84187018149333,57.03459822305146,39.77342231739836,0.3934269915906544,True,0.9204549869209385,7.283984217997146,62.51849490271111,-3.4376614261923844,False,False,False,True,20,33.33333333333333,False,0.38837630224672826,1.7361085104168998,False,0.6190636196606066,True,1.1512248838832617,True,2,0,0.4626294466254171,False,0.6063167456015867,False,6,2,True,False,False,45.0,19.772569710163282,11.508694508711597,0.6562233441836661,14.0,False,5,3,4,5,-6.797347891855276,58.91999816894531,104079185.05517349,83.33333333333334,True,0.0,0,,,,0.0,0,,,,False,False,False,False,0,,none,0,0,False,-1,0.625,risk_on,6,False
THC,265.67999267578125,-5.374504729262863,64.64026815074477,36.35103123098524,19.089855325332138,0.30255687594208996,True,0.8997277438177798,3.5286812174225877,37.66515628457867,1.4084516885951137,False,True,False,True,25,41.66666666666667,True,0.43661593602994875,1.2315815924950397,False,0.40519851494852144,True,2.7298730538583005,True,2,1,0.4138281442700544,False,0.4350240183469179,False,2,3,True,False,False,55.0,18.96484543042779,5.158467881534636,0.6764158441283785,33.0,False,6,4,4,6,-6.136723499840757,283.04998779296875,180586719.21704102,73.46938775510205,False,0.0,0,,,,0.0,0,,,,False,True,False,False,1,,power_play,6,6,True,0,0.75,risk_on,6,True
THG,221.125,-5.02727386462335,33.93310797422271,25.629423729072155,8.36824782341905,0.20129999850917601,False,0.9747341510107148,3.197283014326597,24.420375593473075,-2.720952718764358,False,False,False,True,25,41.66666666666667,True,0.39284181709281996,0.7953167191997882,False,-0.6506554530950551,True,0.7724592721120027,True,2,0,0.46012216850018817,False,0.633432791412468,False,5,2,True,False,False,65.0,13.856061517687937,4.680606374099067,0.5718968335690982,48.0,False,2,2,2,5,-5.931823809983571,235.0688712762226,71628893.53319702,66.53061224489795,False,0.0,0,,,,0.0,0,,,,False,False,False,False,0,,none,0,0,False,-1,0.625,risk_on,6,False
THO,64.125,-45.97912369121367,0.0,-35.79793616712321,-53.059112072776315,0.4192518304951152,False,0.9918012138269785,8.311893693652534,-18.562568375291168,-5.378481368774468,False,False,False,False,16,26.666666666666668,False,0.4640351067111678,1.5164342833593631,True,-4.200957778341908,True,-7.800147827054193,False,0,0,0.3867850092719579,False,0.6573069543014876,False,5,1,False,True,False,25.0,17.348653968801717,12.475633528265107,0.007068541923061203,23.0,False,0,1,1,2,-17.226024280914555,77.47000122070312,66358511.46786537,8.639455782312925,False,0.0,0,,,,0.0,0,,,,False,False,False,False,0,,none,0,0,False,-4,0.25,risk_on,6,False
THRM,29.209999084472656,-31.75649167599933,14.391273235741853,-8.98870742105833,-26.249883326711434,0.7154697277825398,False,1.1740308859059014,17.322839890059402,5.798314323497289,-14.371756955370074,False,False,False,False,23,38.333333333333336,False,0.4250633135904889,2.174425654775191,False,-3.8669386581515424,True,-6.677316944190981,False,0,0,0.43161061767583436,False,0.27680406819856035,False,10,1,False,False,False,25.0,25.78373184836385,17.322839890059402,0.0717077780515893,24.0,False,0,1,1,1,-23.934837727639678,38.40128412515942,57928931.076430604,28.57142857142857,False,0.0,0,,,,0.0,0,,,,False,False,False,False,0,,none,0,0,False,-5,0.125,risk_on,6,False
TIGO,81.63500213623047,-21.086045794014254,88.48344733138515,82.39179521306177,65.13061930740867,0.9853124128481526,False,1.028559686711312,12.349059900177467,-0.15072485947696945,-12.672243803295636,False,False,False,False,21,35.0,False,0.42640922677351917,1.6855119339892297,False,-3.065426803388371,True,-6.79897475991732,False,0,0,0.47244124268838955,False,0.6392555968557129,False,8,2,True,False,False,25.0,15.972377455806697,13.515315999378863,0.041242281152287764,20.0,False,2,2,2,2,-15.313640174103849,96.39687229922403,75935893.7139019,90.06802721088435,True,0.0,0,,,,0.0,0,,,,False,False,False,False,0,,none,0,0,False,-4,0.25,risk_on,6,False
TJX,139.1300048828125,-17.125477767909047,13.261160070465694,1.6364223493869234,-15.624753556266182,0.2483909349743572,False,0.9286008541037531,4.513763069717737,-12.115660036354603,9.3445514135996,False,False,False,True,24,40.0,True,0.4977342240284677,1.074513644788942,True,0.11104357943051046,True,4.861329939015446,True,2,2,0.6196034462555973,True,1.5998648505098203,True,3,1,False,False,False,35.0,13.832553831161704,7.633145076170013,0.8295281853969335,32.0,True,2,5,4,4,-2.358060552192731,142.49000549316406,1201620369.4395585,40.61224489795918,False,0.0,0,,,,0.0,0,,,,False,False,False,False,0,,none,0,0,False,-2,0.5,risk_on,6,False
TKO,178.0749969482422,-19.886222363056262,2.499270580221147,-2.986543517020357,-20.247719422673462,0.290214874158842,False,0.9568583573862198,6.8341981622959365,-8.169291795527078,-5.9098583341604005,False,True,False,True,22,36.666666666666664,False,0.42681712230249846,1.1714261060874067,False,-1.6736933730020764,True,1.4210018744550412,True,2,0,0.5074149871769749,False,1.0593955868035843,False,5,2,True,False,False,25.0,13.102988354988303,7.552995748275347,0.2667225204141593,19.0,False,0,2,2,4,-9.608126275988448,197.0033252014983,206781229.69869843,34.76190476190476,False,0.0,0,,,,0.0,0,,,,False,False,False,False,0,,none,0,0,False,-2,0.5,risk_on,6,False
TKR,116.72000122070312,-19.464225025405103,67.12831795132969,59.19014778448144,41.928971878828335,0.4501133135760944,False,0.8428446920278072,7.839268163802419,9.831184722169972,-0.35854376910849917,False,True,False,True,21,35.0,False,0.39249922522182684,1.0789473530652964,False,-1.9511131824902004,True,-4.671676826730242,True,2,0,0.47375075953629536,False,0.8988200871124776,False,4,2,True,False,False,25.0,9.103997802734375,8.13056696754579,0.27240766452645787,22.0,False,1,2,2,4,-6.623999023437499,125.0,108642262.37629548,83.87755102040816,True,0.0,0,,,,0.0,0,,,,False,False,False,False,0,,none,0,0,False,-2,0.5,risk_on,6,False
TLN,374.9100036621094,-15.655792202000141,32.87613389056352,-15.655792202000141,-32.91696810765325,0.6510795263531434,False,1.1362173608329451,16.46661458711079,14.974858654510538,28.262066137221996,True,False,False,False,24,40.0,True,0.44373470570952295,2.2059726411810967,True,3.0094657198078933,True,16.878142127607187,False,0,2,0.6521803790432805,True,1.2859455882352941,True,4,1,False,True,True,55.0,26.665795802445118,22.66277120054284,0.9352207251921335,54.0,True,2,4,4,4,-1.7273909142570432,381.5,353147542.74294126,22.585034013605444,False,0.0,0,,,,0.0,0,,,,False,False,False,False,0,,none,0,0,False,-2,0.5,risk_on,6,False
TM,184.7100067138672,-25.607148210357057,10.93694096928961,-3.9619378384247117,-21.223113744077814,0.6970669450431034,False,0.9108959785867489,2.1872169336121674,-12.484597341763626,-3.560795754657986,False,False,False,True,24,40.0,True,0.49130187169785017,0.6106969930798664,True,-2.0441982516641226,True,1.7742030542967857,True,2,0,0.49045912957451715,False,0.49958326817826426,False,5,1,False,False,False,65.0,13.287863367670798,4.796708509721684,0.3949047426301599,25.0,False,1,1,1,3,-8.040423104356032,200.86000061035156,54160374.12646866,33.53741496598639,False,0.0,0,,,,0.0,0,,,,False,False,False,False,0,,none,0,0,False,-3,0.375,risk_on,6,False
TMDX,77.7300033569336,-48.324688004828595,25.290138958523723,-31.2002114999377,-48.461387405590806,0.4931144061183081,False,0.9470885232926696,9.249970578786671,-31.430837210285254,-10.055536908278295,False,False,False,False,21,35.0,False,0.41390042233567526,2.181470052096643,False,-1.9721234954194373,True,-2.587875003944018,True,1,0,0.4205901707397871,False,0.48894865680744737,False,5,2,True,False,False,25.0,15.231055296661191,12.247518631063087,0.06299803768181275,18.0,False,0,2,2,3,-14.27152870114835,90.66999816894531,63509608.073503114,10.816326530612246,False,0.0,0,,,,0.0,0,,,,False,False,False,False,0,,none,0,0,False,-3,0.375,risk_on,6,False
TME,8.345000267028809,-63.860069248637345,7.816544105959866,-63.47494636677363,-80.73612227242674,0.8795053434089687,False,0.8024512834339873,8.359495093177234,-11.505832481802313,7.538660063045732,True,True,False,False,25,41.66666666666667,True,0.5884512056743784,1.4750756086916774,True,-0.5675044318698351,True,7.816544105959866,False,0,1,0.5407341304133835,False,1.2280222776631642,True,5,3,True,False,False,25.0,9.829311941091554,10.00599174868894,0.8203597464939621,9.0,True,2,5,5,5,-1.765740088887613,8.494999885559082,56028444.38481512,1.2244897959183674,False,0.0,0,,,,0.0,0,,,,False,False,False,False,0,,none,0,0,False,-1,0.625,risk_on,6,False
TMO,660.1799926757812,-2.858991641467734,50.87564637867183,23.90588485964864,6.644708953995536,0.30627804368889644,False,1.20486951836149,8.938472904404602,28.60944845938176,1.3400844738914008,True,False,False,False,26,43.333333333333336,True,0.3984351425551596,1.311518321860956,False,1.7201997470752246,True,0.8216256846531156,True,1,1,0.571710210914498,False,1.3752576757430865,True,5,2,True,False,False,45.0,17.282880193393975,8.938472904404602,0.7154169968102482,3.0,False,4,4,4,6,-4.918413949204736,694.3300170898438,1550728683.4187775,65.3061224489796,False,0.0,0,,,,0.0,0,,,,False,True,False,False,1,,power_play,6,6,True,0,0.75,risk_on,6,False
TMUS,149.5399932861328,-33.63508949991335,0.0,-32.49678110945013,-49.75795701510324,2.689209595644223,False,1.015455120343718,15.83516262284249,-21.416032110825554,-11.083363183147943,False,False,False,False,23,38.333333333333336,False,0.4998473612785683,1.5145265360134104,True,-5.1337970537966235,True,-8.61647895142168,False,0,0,0.5159388312923893,False,0.6813836258827982,False,6,2,True,False,False,25.0,21.090993217801383,15.83516262284249,0.03586498540795294,24.0,False,0,2,2,3,-20.334565053805697,187.7100067138672,936820372.0776596,10.068027210884352,False,0.0,0,,,,0.0,0,,,,False,False,False,False,0,,none,0,0,False,-3,0.375,risk_on,6,False
TNGX,23.540000915527344,-28.44984856000402,229.69189573828453,221.58470441927065,204.32352851361753,0.4838192798538169,False,1.094778223743697,13.211556879337921,9.183680420366901,8.229889266792378,False,False,False,False,20,33.33333333333333,False,0.4428776600592274,3.256018763253347,True,-0.5848815606376752,True,1.2908827339233042,True,1,0,0.5332980750618932,False,0.8125280025056271,False,4,2,True,True,False,25.0,19.058643979618157,18.903995708870873,0.5182188454518813,12.0,False,3,2,2,2,-9.18209550062199,25.920000076293945,80617554.32912827,97.61904761904762,True,0.0,0,,,,0.0,0,,,,False,False,False,False,0,,none,0,0,False,-4,0.25,risk_on,6,False
TOL,133.33999633789062,-19.442350278835917,7.59968313233792,4.350572604029557,-12.910603301623548,0.25867065221903934,False,0.8901262796920831,5.587218503713994,-5.474311577581458,0.21043047079087884,False,False,False,True,21,35.0,False,0.3899194019731395,0.9520424509206652,False,-2.3219004516553237,True,-2.393678543189437,True,2,0,0.501239231892387,False,0.987532124014955,False,4,2,True,False,False,25.0,8.467432547594857,6.877154957847795,0.255601746972619,24.0,False,0,2,2,4,-6.303141996056794,142.30999755859375,159156837.569664,44.421768707483,False,0.0,0,,,,0.0,0,,,,False,False,False,False,0,,none,0,0,False,-2,0.5,risk_on,6,False
TOST,31.19499969482422,-20.053820274578037,39.69995432784068,-15.368965875536134,-32.63014178118924,0.25753930754034726,False,0.8588469072623315,6.956243300281183,14.898711355904304,4.8924005881098465,True,False,False,True,22,36.666666666666664,False,0.45544038492395633,1.6352449637180146,True,-1.676640214865917,True,4.716343525067002,True,2,1,0.5730822697321394,False,1.470653263387043,True,4,2,True,False,False,25.0,15.590526264407508,8.38275299471164,0.47169818110889666,24.0,False,1,3,3,5,-8.236503382956005,33.994998931884766,255193909.98240966,22.993197278911566,False,0.0,0,,,,0.0,0,,,,False,False,False,False,0,,none,0,0,False,-1,0.625,risk_on,6,False
TPG,45.665000915527344,-31.984420083210917,23.323980778413468,-17.925457061689233,-35.186632967342334,0.7826626912203174,False,0.8111610933025618,4.8614938710058455,18.662583309749458,-1.7323010200764544,False,False,False,True,22,36.666666666666664,False,0.36260044842666844,1.1695498685673826,False,-2.0187625114661283,True,2.2274519529167147,True,2,0,0.5507517901603618,False,0.7406846930259245,False,6,2,True,False,False,25.0,20.25672450723999,6.799517091831578,0.2876965971563747,24.0,False,1,2,2,5,-14.42893379697291,53.3650016784668,120795926.72187614,20.74829931972789,False,0.0,0,,,,0.0,0,,,,False,False,False,False,0,,none,0,0,False,-1,0.625,risk_on,6,False
TPL,361.2200012207031,-32.87146152513826,32.6085295496324,19.84338948893769,2.5822135832845845,0.28688995215311003,False,0.7891511479664283,7.566022501496858,-13.056811389852497,2.4243591650642937,False,True,False,True,25,41.66666666666667,True,0.5558673531848536,2.1970962783280914,True,0.06267764571690164,True,6.181839157051372,False,1,1,0.47070791095957853,False,1.4146770097004193,True,4,2,True,False,False,25.0,17.353692673544845,11.405794825258944,0.5340176966123704,22.0,False,2,3,2,5,-8.086513684299456,393.0,137675107.42953032,61.49659863945578,False,0.0,0,,,,0.0,0,,,,False,False,False,False,0,,none,0,0,False,-1,0.625,risk_on,6,False
TPR,116.27999877929688,-29.16568137539226,19.195809164414502,3.7869121207527723,-13.474263784900332,0.230160102910156,False,0.7477778483729302,6.191954466135277,-21.948310200252262,1.113042416779897,True,True,False,True,25,41.66666666666667,True,0.4651296551753345,1.3065132313838685,True,-3.4731741625010053,True,-1.5577412161365656,True,2,1,0.6222138527734393,True,0.502750478869016,False,5,4,True,False,False,25.0,11.822344364429044,6.36395046746117,0.4408965574433238,24.0,False,2,3,3,5,-6.609913433242798,124.51000213623047,335102396.60589105,43.40136054421769,False,0.0,0,,,,0.0,0,,,,False,False,False,False,0,,none,0,0,False,-1,0.625,risk_on,6,False
TREX,44.814998626708984,-15.666166463225718,48.73879812470845,-14.621838076462401,-31.883013982115507,0.4146545185545869,False,0.9286526871144016,5.734686541510998,10.654317596812302,4.977746704986985,False,False,False,True,24,40.0,True,0.3367396174863339,1.09668258325049,False,-0.4982448207505451,True,2.8810771667869384,True,2,0,0.533421358343478,False,0.5303856989469744,False,5,0,False,False,False,25.0,9.26724765161818,7.586749146640746,0.6313949362147584,23.0,False,2,2,2,4,-3.4159544117383533,46.400001525878906,67993276.11664811,23.537414965986393,False,0.0,0,,,,0.0,0,,,,False,False,False,False,0,,none,0,0,False,-2,0.5,risk_on,6,False
TRGP,287.54998779296875,-4.863527611921004,100.77459337150758,82.10364969231094,64.84247378665783,0.26718380536483916,True,0.9458407032270253,4.81481544373123,20.72124451641999,-1.588012803199168,False,False,False,True,22,36.666666666666664,False,0.39459564599001445,1.0524809636853567,False,0.60690135431584,True,2.062184198189443,True,2,0,0.5390675158740333,False,0.8597437235461239,False,4,1,False,False,False,45.0,17.165681688402785,8.695881044799659,0.6142638211690726,34.0,False,6,2,3,5,-6.621424461512515,307.94000244140625,341728550.94553834,89.8639455782313,True,0.0,0,,,,0.0,0,,,,False,False,False,False,0,,none,0,0,False,-1,0.625,risk_on,6,False
TRI,102.4800033569336,-34.65943932536686,34.74809754241945,-28.848002940949,-46.109178846602106,0.32247962409226827,False,0.7674158955505247,7.87958302471684,20.707073520980444,8.57082743892079,True,True,False,True,26,43.333333333333336,True,0.44012883330388336,1.5645787759557,True,0.32748119132698306,True,4.978488499911182,True,2,1,0.6215316758862814,True,1.1666410225345287,False,5,2,True,False,False,55.0,24.17201669624328,10.387389046027181,0.6225072298259542,25.0,False,2,4,4,4,-9.124761543358161,112.7699966430664,141078517.50748596,12.244897959183673,False,0.0,0,,,,0.0,0,,,,False,False,False,False,0,,none,0,0,False,-2,0.5,risk_on,6,False
TRMB,59.94499969482422,-28.226769511250115,22.662166983829568,-24.30231361695142,-41.56348952260453,0.2510197372580258,False,0.8841736540605072,6.289099135801951,-10.38271753355553,4.143499417357366,False,True,False,True,27,45.0,True,0.3411540803059727,0.9191121329938335,False,0.8669174183602815,True,4.215923535746846,True,2,2,0.5565051252592237,False,1.2199882015639183,True,2,1,False,False,False,55.0,18.596772224672378,9.125033361498902,0.8217692521472149,41.0,False,2,4,4,6,-3.3145166212512622,62.0,134940905.36080247,15.782312925170066,False,0.0,0,,,,0.0,0,,,,False,True,False,False,1,,power_play,6,6,True,0,0.75,risk_on,6,False
TRMD,40.13999938964844,-2.2168084392814036,138.65126425548402,126.54997047142164,109.28879456576854,0.42770815146958724,True,1.269095018057904,7.907323952763898,45.31755303230447,4.996076040497854,False,False,False,True,32,53.333333333333336,True,0.3788951905608732,1.3763516862923038,False,4.686184610322988,False,0.34999847412109375,True,2,0,0.5653261933355792,False,1.0979231127773836,False,5,1,False,False,False,25.0,22.70646625969781,16.08121104760674,0.8510612683045434,4.0,False,9,0,2,4,-3.381872286005072,41.54499816894531,95908303.82622471,94.14965986394557,True,0.0,0,,,,0.0,0,,,,False,False,False,False,0,,none,0,0,False,-2,0.5,risk_on,6,False
TRNO,64.86000061035156,-12.862434281648305,19.90714151116908,16.512173994261502,-0.749001911391602,0.23053068219923248,False,0.9250442494402631,3.361079972192586,0.5299464377465091,-0.4975165139503468,False,True,False,True,18,30.0,False,0.27080035684364084,0.41662540958137606,False,-1.4160900295803136,True,0.4958160679964241,True,2,0,0.35237586481888716,False,1.0812373161003026,False,3,1,False,False,False,35.0,7.664213974908544,4.861552316326797,0.2949589583137766,32.0,False,0,1,2,4,-5.403585404575628,68.56496716894473,51501019.60250626,58.50340136054422,False,0.0,0,,,,0.0,0,,,,False,False,False,False,0,,none,0,0,False,-2,0.5,risk_on,6,False
TROW,105.11000061035156,-12.543077062831653,24.950122356448624,4.365503013817218,-12.895672891835886,0.38032264338819105,False,0.8916604668670622,3.2632482972680945,14.11943918452141,0.9120554097942879,False,False,False,True,19,31.666666666666664,False,0.46006542601952394,0.9098729041210072,True,-1.3339708422952152,True,0.4683596357347053,True,2,0,0.5525154528030314,False,0.7065460745303107,False,7,1,False,False,False,25.0,6.845593326505302,4.461994495454664,0.4909325073290495,24.0,False,1,1,1,4,-3.484869030569049,108.9052043494018,174985727.7683193,44.48979591836735,False,0.0,0,,,,0.0,0,,,,False,False,False,False,0,,none,0,0,False,-2,0.5,risk_on,6,False
TRP,60.02000045776367,-14.067304359661204,24.18203924778306,17.32492848897731,0.06375258332420586,0.15372152067882675,False,0.8891681065876093,2.549154585679835,-2.029237771340986,-1.4301566948898614,False,True,False,True,22,36.666666666666664,False,0.5013045944206455,0.9780021595014732,True,-1.1254202760275729,True,1.6082626846918524,True,2,0,0.556528993467595,False,0.5369959467179296,False,4,0,False,False,False,25.0,9.642253957917713,5.281576073751152,0.4602792688663981,22.0,False,1,1,2,5,-5.204124355943218,63.314991343219496,200755215.08907682,59.251700680272116,False,0.0,0,,,,0.0,0,,,,False,False,False,False,0,,none,0,0,False,-1,0.625,risk_on,6,False
TRU,64.86499786376953,-25.898359772726675,6.127288935424202,-17.36682739763946,-34.628003303292566,0.360902848675023,False,1.023527712727177,5.788953991332612,-9.501506980328623,-10.444570495004768,False,False,False,True,21,35.0,False,0.41627523837075014,1.4946503829531272,False,-4.061483677883683,True,2.246215743864477,True,2,0,0.37914473101688073,False,0.29068235713250423,False,6,2,True,False,False,25.0,23.999501582997134,11.21560435592394,0.2028570794439935,23.0,False,0,2,2,4,-19.13103278375884,80.20999908447266,196249109.77918777,21.292517006802722,False,0.0,0,,,,0.0,0,,,,False,False,False,False,0,,none,0,0,False,-2,0.5,risk_on,6,False
TRV,369.2799987792969,-6.716030846715104,43.33596577439669,36.62909805986738,19.367922154214277,0.2208358101344951,True,0.9842432915578344,4.072792622031678,23.4913155484916,-1.4254434914025782,False,True,False,True,22,36.666666666666664,False,0.4052898445563834,0.7741520593694282,False,0.11390773958718245,True,2.469613678866134,True,2,0,0.583964625916453,False,0.8293359851537488,False,4,2,True,False,False,65.0,18.387255797192793,4.966420168575572,0.6159128057160436,52.0,False,4,3,4,6,-7.062309489725194,397.3414841188364,454900288.2693375,73.80952380952381,False,0.0,0,,,,0.0,0,,,,False,True,False,False,1,,power_play,6,6,True,0,0.75,risk_on,6,False
TS,57.40999984741211,-10.324894005395391,73.76553473096841,64.67400052018371,47.41282461453061,0.5709991913578967,False,1.0453996030381458,5.852639991781889,-2.996509799844438,2.062221950954868,False,False,False,True,25,41.66666666666667,True,0.4147259721442195,0.9933259543388349,False,1.4231440886015794,True,2.536163826355864,True,2,2,0.605681095728078,True,1.342603848653759,True,3,1,False,False,False,35.0,11.355127328993081,7.751264195727127,0.8005994849302345,4.0,True,4,5,4,6,-2.2642182380839926,58.7400016784668,66784947.884751126,85.78231292517006,True,0.0,0,,,,0.0,0,,,,False,True,False,False,1,,power_play,6,6,True,0,0.75,risk_on,6,False
TSCO,33.665000915527344,-38.840690311674784,16.32661588763673,-36.415525944865934,-53.67670185051904,0.46929694753239465,False,0.9456186125022084,9.50541740254307,-24.795789351331276,4.517236486840193,False,False,False,False,25,41.66666666666667,True,0.49694914304192067,1.5792322297478707,True,0.0659360298094207,True,8.282408331622705,False,0,1,0.6048540884015657,True,0.8076565222800302,False,6,0,False,False,False,65.0,21.496344133315116,9.50541740254307,0.6226451255451839,40.0,False,2,3,2,4,-8.11175024166465,36.636894275454985,325589911.65238285,8.36734693877551,False,0.0,0,,,,0.0,0,,,,False,False,False,False,0,,none,0,0,False,-2,0.5,risk_on,6,False
TSEM,227.47999572753906,-28.20577833499526,219.89873966394615,206.65946992678434,189.39829402113122,0.33040329951022895,False,0.9330129216089412,20.8238069311045,8.597887240120894,1.7352368148984665,False,False,False,False,26,43.333333333333336,True,0.4240139085210781,2.1604944260247323,False,0.004664452187987993,True,-5.5550962587838875,False,0,0,0.4580141516193037,False,0.9142356542845709,False,3,1,False,False,False,25.0,29.145127638670417,22.322841451130454,0.4711660827327058,3.0,False,4,1,1,2,-15.412932018413361,268.92999267578125,482004089.87620085,97.2108843537415,True,0.0,0,,,,0.0,0,,,,False,False,False,False,0,,none,0,0,False,-4,0.25,risk_on,6,False
TSLA,384.2731018066406,-21.557708423195354,28.81238011938192,-11.770883439516112,-29.032059345169216,0.89791011348004,False,0.9001445382570276,6.154475498101512,9.038388049842672,5.491287615301732,False,False,False,True,25,41.66666666666667,True,0.31829996608511335,0.9579822062700935,False,2.6745661315351166,True,3.6922490094077443,True,2,0,0.5059735436679018,False,0.8467951532792611,False,4,0,False,False,False,65.0,28.023041376963516,11.106682324399864,0.7505017951284161,64.0,False,2,2,2,4,-6.9916985185945135,413.1600036621094,13068424008.199392,26.258503401360546,False,0.0,0,,,,0.0,0,,,,False,False,False,False,0,,none,0,0,False,-2,0.5,risk_on,6,False
TSM,451.2423095703125,-7.113560949158271,65.78858997756754,52.06686195185568,34.805686046202574,0.6781883049112085,True,1.0280740842096214,8.359145501365182,22.713541056766818,3.812615462449731,False,False,False,False,27,45.0,True,0.49417973727594683,1.0885678704475659,True,1.7367828721612897,True,-4.555541534031471,True,1,2,0.5032364304061333,False,1.3950974325229948,True,2,0,False,False,False,55.0,23.744481464993214,9.830641969584294,0.6870102766086068,4.0,False,5,4,4,6,-7.431778685800294,487.4700012207031,4445528833.581721,81.42857142857143,True,0.0,0,,,,0.0,0,,,,False,True,False,False,1,,power_play,6,6,True,0,0.75,risk_on,6,False
TSN,52.900001525878906,-21.681642734927653,7.965625192206027,6.165489607816577,-11.095686297836528,0.3896830460392148,False,0.6541860570946926,2.9489628134091004,-16.45635492719144,0.2463541159513305,False,False,False,True,19,31.666666666666664,False,0.4307227824315131,0.8099728868420536,False,-1.5760022560928446,True,1.9464292698218033,True,2,0,0.53164677738815,False,0.7183504322327583,False,4,1,False,False,False,25.0,7.8908599954805965,5.614368875301805,0.6869160419509491,19.0,True,1,3,4,4,-2.470501679795978,54.2400016784668,175482017.61400145,47.61904761904761,False,0.0,0,,,,0.0,0,,,,False,False,False,False,0,,none,0,0,False,-2,0.5,risk_on,6,False
TT,481.79998779296875,-4.075987149957527,28.89580319324383,15.899692536917676,-1.3614833687354277,0.39971725270441094,False,1.031257068439382,5.078871282831575,2.345942104701204,12.278903833533072,False,False,False,True,28,46.666666666666664,True,0.41534565308758314,1.0199382738140128,False,2.4030968516132654,True,3.85634799630008,True,2,2,0.6177815010925162,True,1.694309997739286,True,4,2,True,False,False,45.0,15.95294949626794,8.107098079748805,0.8632455481217934,41.0,True,4,6,5,6,-2.1816368642028294,492.54554293052917,561212478.1421661,57.41496598639456,False,0.0,0,,,,0.0,0,,,,False,True,False,False,1,,power_play,6,6,True,0,0.75,risk_on,6,False
TTAN,72.94999694824219,-33.868190950241775,34.47004045758928,-28.128081824391938,-45.389257730045045,0.309581003167376,False,0.8162138507718725,11.10349391771465,27.201393006419195,32.539963180963994,True,True,False,False,30,50.0,True,0.5516336339346478,3.3274038493557603,True,-1.276296775538739,True,8.734537084841065,False,0,3,0.6096987901133073,True,2.9371480668993297,True,1,1,False,False,False,,,,,,False,2,4,5,4,,,184667493.6173439,12.925170068027212,False,0.0,0,,,,0.0,0,,,,False,False,False,False,0,,none,0,0,False,-1,0.625,risk_on,6,False
TTC,96.41999816894531,-4.047793726583682,44.33552182336125,32.184433295976135,14.92325739032303,0.3261339399131488,True,0.877331175946929,4.578917454570356,-0.5234381432287383,3.542163654297248,False,True,False,True,25,41.66666666666667,True,0.35627597278137746,0.8112239650005546,False,0.05100099459237439,True,-1.8637784702087212,True,2,1,0.48740587976441585,False,1.5368535996115673,True,4,2,True,False,False,55.0,10.476196831740232,5.185864125433286,0.6213602509655611,31.0,False,6,4,4,6,-3.966704539205501,100.40267566191008,77727095.93553314,70.68027210884354,False,0.0,0,,,,0.0,0,,,,False,True,False,False,1,,power_play,6,6,True,0,0.75,risk_on,6,True
TTD,12.09000015258789,-77.66488100125054,1.4261751275659318,-77.64836361900167,-94.90953952465478,0.26183419357552884,False,0.6275366855557876,6.865177115224365,-43.02544512817572,-13.146551103994486,False,True,True,True,19,31.666666666666664,False,0.5638763639910833,2.229552110345972,True,-4.145755893773478,True,1.171551008847782,True,3,0,0.509389401957062,False,0.3355694255716501,False,5,3,True,False,False,25.0,24.077101248867805,7.9404468654326905,0.12754415563341953,18.0,False,0,2,2,3,-21.006207699980607,15.305000305175781,339306713.20300186,0.27210884353741494,False,0.0,0,,,,0.0,0,,,,False,False,False,False,0,,none,0,0,False,-3,0.375,risk_on,6,False
TTE,86.68000030517578,-6.302463694776838,56.82606863986872,53.56164141011046,36.30046550445736,0.938414191760586,False,1.093570288802609,5.1799698292126415,-6.1420257962109375,-3.4343867904081393,False,False,False,True,28,46.666666666666664,True,0.5360797330875505,0.941079439924935,True,-0.5183587267336821,True,2.701420305777802,True,2,0,0.28299464826350196,False,0.5397435496079064,False,10,0,False,False,False,65.0,16.991220569117576,8.620988853066217,0.6373359007948243,18.0,False,3,2,2,4,-6.162105702095477,92.37206456273968,168712559.96271056,82.0408163265306,True,0.0,0,,,,0.0,0,,,,False,False,False,False,0,,none,0,0,False,-2,0.5,risk_on,6,False
TTEK,33.65999984741211,-20.504899114053078,28.832717599665123,-1.060166515741312,-18.321342421394416,0.34940854902902313,False,1.104117018245066,4.991088273296428,8.950991194356783,-5.687864548634936,False,False,False,True,26,43.333333333333336,True,0.4417252341752479,1.2379993524726045,True,-1.5648903173913573,True,1.6304375994634634,True,2,0,0.5879869709612641,False,0.740752437351644,False,7,3,True,False,False,55.0,19.264904281647347,6.625072942202577,0.4573080230849866,33.0,False,1,2,2,4,-10.454908989685707,37.59000015258789,73279126.45706825,37.61904761904762,False,0.0,0,,,,0.0,0,,,,False,False,False,False,0,,none,0,0,False,-2,0.5,risk_on,6,False
TTMI,121.4749984741211,-45.15058572060659,126.71704800822687,114.92391629560773,97.66274038995462,0.7740678151177482,False,0.8847805283924944,17.5756380915403,-1.6317106036970896,2.9710919870727714,False,False,False,False,24,40.0,True,0.3702685633821774,2.2171767134200047,False,-0.3455205566742289,True,-7.882761073759648,False,0,0,0.46535968023152907,False,0.49914623606700914,False,5,1,False,False,False,25.0,20.26399873219697,17.5756380915403,0.41284878399367364,4.0,False,3,1,1,2,-11.898031496760108,137.8800048828125,237847217.22585678,93.26530612244898,True,0.0,0,,,,0.0,0,,,,False,False,False,False,0,,none,0,0,False,-4,0.25,risk_on,6,False
TTWO,213.97000122070312,-18.42235912541178,12.799830495440467,-16.642643193887018,-33.90381909954012,0.4886390344219752,False,0.713427976622651,6.700702815669807,6.262415858228443,4.146996543692971,False,False,False,True,21,35.0,False,0.45093927329087,1.3750174271128597,True,-1.6012824255074534,True,5.54432285800972,False,1,0,0.5927542734604407,False,0.9831240869395838,False,5,1,False,False,False,25.0,11.058587532522566,7.569983836252235,0.5850807116505834,19.0,False,1,1,1,4,-4.5884212691439945,224.25999450683594,505511003.1943161,21.768707482993197,False,0.0,0,,,,0.0,0,,,,False,False,False,False,0,,none,0,0,False,-2,0.5,risk_on,6,False
TU,7.735000133514404,-46.31822055809825,0.0,-45.75203369623559,-63.0132096018887,0.9504653337107468,False,0.8711193058821579,5.4298713106844625,-33.34983822982704,-11.599998474121097,False,False,False,True,16,26.666666666666668,False,0.49151038945179254,1.2478986872352695,True,-6.291474571228029,True,-3.7935302212156685,True,2,0,0.394568193219033,False,0.43259074953398313,False,6,3,True,False,False,25.0,20.334662204151073,10.989009566395056,0.0487151354722854,24.0,False,0,2,2,4,-19.344056380092688,9.590117958281837,59519719.03962169,5.646258503401361,False,0.0,0,,,,0.0,0,,,,False,False,False,False,0,,none,0,0,False,-2,0.5,risk_on,6,False
TVTX,52.33000183105469,-22.497031349558828,107.98887976319764,100.7288164312636,83.46764052561049,0.2606469420667411,False,0.9613841771840876,13.991591774775266,70.45602778690032,-16.618860371925702,False,False,False,False,18,30.0,False,0.45793514804457963,1.916623887319239,True,-3.985403829659474,True,-8.080095642829088,False,0,0,0.37943682317294425,False,0.34426457598733723,False,7,1,False,False,False,25.0,25.141861996214942,19.91209211607876,0.050925980093376184,20.0,False,4,1,1,1,-23.861488032685287,68.7300033569336,112431703.87968254,92.17687074829932,True,0.0,0,,,,0.0,0,,,,False,False,False,False,0,,none,0,0,False,-5,0.125,risk_on,6,False
TW,110.57499694824219,-12.40123347847215,21.004286537973126,2.162679137133261,-15.098496768519844,0.38456214353612167,False,1.1193619879181522,8.627629372662625,-10.628918155204659,6.352789891305521,False,False,False,False,30,50.0,True,0.4683605523508273,1.2892148736276345,True,2.201429783396446,True,8.173542973747171,False,0,0,0.46483469318093906,False,1.1477809310835536,False,4,1,False,False,False,55.0,15.733839008514494,10.617226486802235,0.9331722620898224,0.0,True,2,2,2,4,-1.0514568695819348,111.75,136556887.73762894,41.29251700680272,False,0.0,0,,,,0.0,0,,,,False,False,False,False,0,,none,0,0,False,-2,0.5,risk_on,6,False
TWLO,290.2099914550781,-3.671124891929356,173.1902308992408,154.65952420722684,137.39834830157372,0.3529161033866463,True,1.2432048229579955,12.525415104166832,133.58821349409266,19.01656652460424,False,False,False,False,26,43.333333333333336,True,0.5370822412496242,3.158858972782254,True,2.6203020831269015,True,-1.483466398392097,True,1,1,0.5201967872518705,False,3.237318884851603,True,3,2,True,True,True,25.0,28.06095817082937,14.81685719516518,0.789808136669673,3.0,False,11,4,4,5,-5.898185084760987,308.3999938964844,1319019394.5972016,95.78231292517006,True,0.0,0,,,,0.0,0,,,,False,False,False,False,0,,none,0,0,False,-1,0.625,risk_on,6,False
TWST,162.02999877929688,-20.960976205221037,536.6600939959364,408.090316338771,390.8291404331179,0.7338790414703957,True,1.401624079005784,46.355613883981974,221.61571128239476,-2.970241661600659,False,False,False,False,26,43.333333333333336,True,0.42136639190876884,4.3017645523005275,False,1.0975282127721206,True,-14.119891688234155,False,0,1,0.4563232625732672,False,1.0327796911809894,False,2,1,False,True,False,,,,,,False,8,2,2,3,,,538088564.8700225,99.04761904761905,True,0.0,0,,,,0.0,0,,,,False,False,False,False,0,,none,0,0,False,-3,0.375,risk_on,6,False
TXG,81.70999908447266,-16.400653907972828,612.3800974909552,597.7796653995802,580.5184894939271,0.676216162622727,True,1.5374388949837532,39.00378836651309,246.52247391369096,6.671019206453321,False,False,False,False,30,50.0,True,0.43323119066541743,4.14229578039358,False,1.6914298805017958,True,-12.609626647622829,False,0,0,0.5155805061781817,False,1.102384610365034,False,3,0,False,False,False,,,,,,False,8,1,2,3,,,327600317.7867668,99.65986394557824,True,0.0,0,,,,0.0,0,,,,False,False,False,False,0,,none,0,0,False,-3,0.375,risk_on,6,False
TXN,283.5199890136719,-14.237501738949899,88.018741599334,62.52921775235731,45.26804184670421,0.3886846147093055,True,0.8776082436235502,6.027792395641816,32.16722262814429,6.330623101521526,False,True,False,True,21,35.0,False,0.43091113599907416,1.2513302458987272,False,1.5838226758232765,True,-3.4989786270994805,True,2,1,0.5659277900033404,False,2.2884997490771513,True,4,2,True,False,False,35.0,16.94393141997908,8.764816262149795,0.6991305322912421,3.0,False,4,4,4,5,-5.097911627222807,298.75,1538630492.6438842,85.03401360544217,True,0.0,0,,,,0.0,0,,,,False,False,False,False,0,,none,0,0,False,-1,0.625,risk_on,6,False
TXNM,58.54499816894531,-0.8478303158371614,6.428643103835552,5.998077737531893,-11.26309816812121,0.12471055560892093,False,1.0832507225090966,0.6490752071059124,0.5440714373501576,0.1796706788222524,False,True,False,True,23,38.333333333333336,False,0.4521412523648825,0.29013797116131795,True,1.818715492645624,True,0.2311219344048432,True,2,0,0.5238947214637869,False,0.7866803227744515,False,5,2,True,False,False,,,,,,False,4,2,2,6,,,100752332.42176056,47.414965986394556,False,0.0,0,,,,0.0,0,,,,False,True,False,False,1,,power_play,6,6,True,0,0.75,risk_on,6,False
TXRH,162.85000610351562,-23.708776079389192,5.323866900317542,-1.305609548163944,-18.566785453817047,0.42747101407475774,False,0.8595117339412085,6.509060918780518,1.0455777604138072,-2.810928338329144,False,False,False,True,15,25.0,False,0.33538081361519934,1.059777434027437,False,-5.54197858015175,True,4.297429704173572,True,2,0,0.45314795974685895,False,0.41344552119496886,False,6,1,False,False,False,25.0,19.440240132485133,6.687134775252147,0.2219839541303469,24.0,False,0,1,1,3,-15.12481875863262,191.8699951171875,223188914.15348512,37.27891156462585,False,0.0,0,,,,0.0,0,,,,False,False,False,False,0,,none,0,0,False,-3,0.375,risk_on,6,False
TXT,73.98500061035156,-26.530060258708787,1.307684303734935,-12.508601526066588,-29.769777431719692,0.36344409318061094,False,0.951323919153632,7.7988735493219705,-20.50319590307933,-7.158993168872607,False,False,False,True,19,31.666666666666664,False,0.5152835230557619,1.1506432203627874,True,-4.32911688609836,True,-4.238935329181304,True,2,0,0.5338341089420323,False,0.4819643860041867,False,5,2,True,False,False,25.0,13.189996434578196,8.47468620847608,0.19368115553208048,19.0,False,0,2,2,4,-10.635342683665073,82.79000091552734,146083164.274947,25.71428571428571,False,0.0,0,,,,0.0,0,,,,False,False,False,False,0,,none,0,0,False,-2,0.5,risk_on,6,False
TYL,329.2774963378906,-36.51747772503337,19.619831249216336,-34.98449988283097,-52.24567578848407,0.38830079494973113,False,0.7966042179211091,4.172778554491224,2.626613705488312,-2.4362973813657374,False,True,False,True,23,38.333333333333336,False,0.37012048466551206,1.1266077684252187,False,-0.7900398059367085,True,2.003500148139903,True,2,0,0.5115737882082094,False,0.9013420399879842,False,5,2,True,False,False,25.0,18.071779729219088,7.601490857307828,0.25043572796387015,24.0,False,0,2,3,4,-13.545960417129399,380.8699951171875,223948351.28863525,9.115646258503402,False,0.0,0,,,,0.0,0,,,,False,False,False,False,0,,none,0,0,False,-2,0.5,risk_on,6,False
U,46.560001373291016,-5.882352487580455,171.80387422276655,19.50719319150935,2.2460172858562473,0.3035519698337334,False,1.1014971357925694,8.12499359915775,104.21053917234117,12.463767287995452,False,False,False,False,28,46.666666666666664,True,0.44450726480010566,2.101772671545409,True,1.7036678496579714,True,6.764505209016725,False,0,0,0.49794787336574425,False,0.5415371213010803,False,4,1,False,False,False,45.0,20.67684821928574,19.1365970459857,0.810379478604765,35.0,False,6,1,1,4,-3.9207547401511,48.459999084472656,449590544.3496197,61.29251700680272,False,0.0,0,,,,0.0,0,,,,False,False,False,False,0,,none,0,0,False,-2,0.5,risk_on,6,False
UAA,4.994999885559082,-38.63636763042052,19.784167725923616,3.8461527022937148,-13.41502320335939,0.41560609026498097,False,0.8740808990601252,8.208205341454553,-18.64820856391789,2.356552631584097,False,False,False,False,20,33.33333333333333,False,0.47296574652682544,2.0085820488658457,True,-0.9311162124856748,True,6.050952125347231,False,0,1,0.635443226907942,True,0.4110596323732431,False,6,0,False,False,False,25.0,20.226846491064396,15.615620173753927,0.7242990383488425,23.0,False,1,2,1,3,-5.5765610287567995,5.289999961853027,50777010.32639027,43.673469387755105,False,0.0,0,,,,0.0,0,,,,False,False,False,False,0,,none,0,0,False,-3,0.375,risk_on,6,False
UAL,106.43499755859375,-21.80222093798223,24.90904671067977,5.027631147444711,-12.233544758208392,0.5881317572060761,False,1.0174696556527392,10.250384068180919,11.801471607672154,-2.092725181711319,False,False,False,False,25,41.66666666666667,True,0.43624189957442316,1.369544595130264,False,-2.079152068564294,True,-5.399524008790724,False,0,0,0.5029205583244523,False,0.5583767394887701,False,7,2,True,False,False,25.0,11.812955325850815,10.250384068180919,0.1535430533740817,13.0,False,1,2,2,4,-9.999158095748061,118.26000213623047,469125487.76886904,45.714285714285715,False,0.0,0,,,,0.0,0,,,,False,False,False,False,0,,none,0,0,False,-2,0.5,risk_on,6,False
UBER,71.23999786376953,-28.55997092689645,8.037602708724222,-25.79166889190674,-43.05284479755984,0.6792224057428926,False,0.7203988384715619,5.727122337730516,-1.5205951476457757,1.0496423599567928,False,True,False,True,19,31.666666666666664,False,0.48204764649091125,1.0988687292287316,True,-1.163033282042315,True,4.595503193905803,True,2,0,0.45805808373342494,False,0.4650821371119493,False,6,3,True,False,False,25.0,12.54228377972471,6.822011168003149,0.41701212630605905,24.0,False,1,2,2,5,-7.311999352007714,76.86000061035156,1154049880.6595588,14.489795918367346,False,0.0,0,,,,0.0,0,,,,False,False,False,False,0,,none,0,0,False,-1,0.625,risk_on,6,False
UBS,48.16999816894531,-13.549897498840258,35.71173322187629,23.131424066990647,5.870248161337543,0.4927714746057187,False,1.1905007308758806,5.221090897341639,15.910495539766668,-4.971395790166511,False,True,False,True,23,38.333333333333336,False,0.4470245499779059,0.7609385196445286,True,-3.414366035070291,True,0.9641565569058264,True,2,0,0.5462351893597936,False,0.8500958761876776,False,8,2,True,False,False,25.0,16.445241870637112,5.636288677167156,0.1779473013723332,23.0,False,0,2,2,4,-13.518855459341939,55.70000076293945,115615365.07064076,64.421768707483,False,0.0,0,,,,0.0,0,,,,False,False,False,False,0,,none,0,0,False,-2,0.5,risk_on,6,False
UBSI,45.459999084472656,-7.174520049281274,37.34479645664604,27.32505295921466,10.063877053561555,0.22649550663424917,False,1.064557899638334,4.597448734445207,5.11348656690247,-3.502444288901896,False,False,False,True,23,38.333333333333336,False,0.43065410967489165,0.7183095264328648,False,-2.2119929276046952,True,-3.3588473645908223,True,2,0,0.43144777929098954,False,0.8447936883907735,False,6,3,True,False,False,25.0,6.694299569401717,5.0373976279060635,0.1362225043550149,18.0,False,2,2,2,5,-5.782385317155114,48.25,54612081.25561142,67.68707482993197,False,0.0,0,,,,0.0,0,,,,False,False,False,False,0,,none,0,0,False,-1,0.625,risk_on,6,False
UCO,56.93000030517578,-0.2103399360026903,213.14631105351532,160.31091961847096,143.04974371281787,0.6310463992792038,True,1.025181882460059,7.447745750462112,35.16144764685612,7.3138569725080815,True,True,False,True,32,53.333333333333336,True,0.4072247278530557,1.1861023494893856,False,4.808860358308141,False,4.593055274633673,True,2,2,0.5709380673212232,False,1.449088365014443,True,2,0,False,False,False,25.0,20.031383466187126,10.25821205213826,0.9625761320834585,1.0,True,10,3,6,6,-0.7496518490241799,57.36000061035156,130216548.7371254,95.98639455782313,True,0.0,0,,,,0.0,0,,,,True,True,False,False,2,power_play,sepa_vcp,6,6,True,0,0.75,risk_on,6,False
UCTT,67.45999908447266,-52.68952884702023,211.5935347487652,142.1392591764964,124.8780832708433,0.30023852695558906,False,0.8219411337995424,14.171368689195132,-12.344074990921749,-4.501699225158506,False,False,False,False,22,36.666666666666664,False,0.45779312759747576,2.6151884300872283,True,-1.9395701917326449,True,-7.194941781917508,False,0,0,0.3784237314022071,False,0.7145122279978345,False,3,1,False,False,False,25.0,21.557470167792165,23.5250562732884,0.15112370675355602,7.0,False,3,1,1,2,-18.299625367806204,82.56999969482422,71386954.60926513,95.3061224489796,True,0.0,0,,,,0.0,0,,,,False,False,False,False,0,,none,0,0,False,-4,0.25,risk_on,6,False
UDR,34.209999084472656,-16.085617514107533,5.64468561504885,-0.9377937958274574,-18.19896970148056,0.5602245027943127,False,1.0098236756826837,3.507748597058903,0.8354278998736753,0.9144470343374511,False,False,False,True,15,25.0,False,0.4872889027189791,0.8528821920426619,True,-2.7289645267203984,True,2.825364032989164,True,2,0,0.5251837732891504,False,0.6846972680989466,False,4,3,True,False,False,25.0,9.363907101760322,3.507748597058903,0.3245931296192831,24.0,False,1,2,2,5,-6.324447190135707,36.519666079697,140040836.3708397,37.823129251700685,False,0.0,0,,,,0.0,0,,,,False,False,False,False,0,,none,0,0,False,-1,0.625,risk_on,6,False
UEC,9.21500015258789,-54.24528087461502,1.9358428260324079,-31.992619757386663,-49.25379566303977,0.39771628810854875,False,0.8980990576803071,15.084105483518561,-33.94265033274346,-6.065242014047301,True,False,False,False,21,35.0,False,0.447037016257391,2.494792083518578,True,-2.8437608209860756,True,-0.9139788860612508,True,1,0,0.38326249587649686,False,0.20129615744873358,False,6,4,True,False,False,25.0,26.75367557431651,15.301147886475604,0.07164651254750198,23.0,False,0,2,3,3,-24.836868021589442,12.260000228881836,98090927.2317914,10.54421768707483,False,0.0,0,,,,0.0,0,,,,False,False,False,False,0,,none,0,0,False,-3,0.375,risk_on,6,False
UGI,37.22999954223633,-5.492081943096272,22.139065982811523,21.488579194397374,4.22740328874427,0.20245552603548123,False,0.8653795267825298,2.4979863459861815,1.1462302755896214,-1.141795822936864,False,True,False,True,18,30.0,False,0.5422087148765604,0.9899531731445631,True,0.6719657953417227,True,0.08064187817642399,True,2,0,0.5176537857607121,False,0.7667088075473034,False,4,2,True,False,False,45.0,16.149996380231304,6.124100515788472,0.6290779840969627,37.0,False,2,3,3,6,-5.990389214182157,39.602333454031054,73996124.20776367,62.65306122448979,False,0.0,0,,,,0.0,0,,,,False,True,False,False,1,,power_play,6,6,True,0,0.75,risk_on,6,False
UGL,46.44499969482422,-45.75449870949891,8.541712318521055,-4.0987003878656285,-21.35987629351873,0.8197157513968774,False,0.7941324701711471,5.511898783748511,-25.972268963510782,-8.698642284199076,False,True,False,True,29,48.333333333333336,True,0.4202034469308146,1.0270015443410734,False,-2.508119641793262,True,2.121812142262036,True,2,0,0.5591523004362948,False,0.9413961436792687,False,7,3,True,False,False,25.0,16.55603948041696,5.705676699948863,0.2800687082508017,24.0,False,1,2,3,4,-11.91921088938731,52.72999954223633,133754048.1329792,33.46938775510204,False,0.0,0,,,,0.0,0,,,,False,False,False,False,0,,none,0,0,False,-2,0.5,risk_on,6,False
UHS,178.52499389648438,-26.56953984541325,26.609661834285014,-11.0602651540894,-28.321441059742504,0.2288223951060576,False,0.8743804170526833,2.876344871807364,-2.302695277679778,1.0385372288885586,False,True,False,True,24,40.0,True,0.4676225870624074,1.3292653350777293,True,1.0264580060914148,True,1.5962853723511028,True,2,0,0.43169432817726267,False,0.8768603730199285,False,5,1,False,False,False,55.0,19.72245205585563,5.640670868784752,0.7946618959109824,12.0,False,2,2,3,5,-4.049770913135942,186.05999755859375,130183253.64873047,27.006802721088434,False,0.0,0,,,,0.0,0,,,,False,False,False,False,0,,none,0,0,False,-1,0.625,risk_on,6,False
UI,660.1099853515625,-38.952232644420604,28.589052376365267,-4.711650160814762,-21.972826066467867,0.48152871693914234,False,0.7965510530874998,8.434642516552103,-30.38536486585821,11.981747849460135,False,True,False,False,30,50.0,True,0.44563300519196636,1.6588132320468174,True,3.962031282045747,True,6.380127082800535,False,0,1,0.6573887864849712,True,1.0543956743002545,False,3,2,True,False,False,25.0,24.555978311348305,16.765070998873625,0.9819557480042518,0.0,True,2,4,3,3,-0.44309426065209934,663.0479125976562,66567847.65679932,32.58503401360544,False,0.0,0,,,,0.0,0,,,,False,False,False,False,0,,none,0,0,False,-3,0.375,risk_on,6,False
UL,62.11000061035156,-14.578334984744856,14.036873484123525,-3.1517248189050218,-20.412900724558128,0.4974545254504477,False,1.0070856456364066,4.170021135302047,8.592555519599099,0.46910533315907,False,False,False,True,25,41.66666666666667,True,0.4315672832348031,0.5294023373025043,False,-0.6708242854666728,True,4.03685061409278,True,2,1,0.6346128946704108,True,0.6719694050018796,False,4,1,False,False,False,25.0,8.399072199560882,5.361452235765117,0.5322282186418554,24.0,False,2,2,1,4,-3.9288489645442626,64.6500015258789,173950010.85487843,34.48979591836735,False,0.0,0,,,,0.0,0,,,,False,False,False,False,0,,none,0,0,False,-2,0.5,risk_on,6,False
ULS,70.2699966430664,-32.77734785343108,9.745428678326217,-3.1839639747596293,-20.445139880412732,0.2834890364111849,False,0.8762765987413067,7.612066712636295,-16.487220782451995,9.745428678326217,False,False,False,True,14,23.333333333333332,False,0.40284467667240004,1.5382588011161575,False,-1.0295533739165645,True,6.485829546672428,False,1,0,0.5532016063647143,False,0.7413223209730626,False,4,1,False,True,True,25.0,15.559416882124067,10.202081792281337,0.6099655366335491,24.0,False,1,2,2,4,-6.068708813914158,74.80999755859375,81556538.97539635,34.35374149659864,False,0.0,0,,,,0.0,0,,,,False,False,False,False,0,,none,0,0,False,-2,0.5,risk_on,6,False
ULTA,569.8900146484375,-19.37268204873711,26.43150630026345,1.5575140076846683,-15.703661897968436,0.39185374168607046,False,0.8304099773901288,5.613083664932434,8.187790280815467,5.344011834714735,False,True,False,True,29,48.333333333333336,True,0.4737328942703456,1.296041350144659,True,2.1184430012470568,True,4.818924771355326,True,2,0,0.5226082482016693,False,0.6283379020979021,False,7,2,True,False,False,55.0,17.379803699275207,6.4834308977605195,0.9888309525303182,0.0,True,2,3,3,5,-0.19411585253095165,570.9984130859375,238501421.25480956,40.40816326530612,False,0.0,0,,,,0.0,0,,,,False,False,False,False,0,,none,0,0,False,-1,0.625,risk_on,6,False
UMAC,20.760000228881836,-39.04873930756415,167.52576825469,36.13114904184811,18.869973136195007,0.8073321137846704,False,0.7173530407428519,12.259152448145338,48.28571592058455,-10.440034704199686,False,False,False,False,24,40.0,True,0.3872640981235367,2.914526144254548,False,-2.455531204434843,True,-7.197141483910363,False,0,0,0.3744090294439961,False,0.9343287130923223,False,5,3,True,False,False,25.0,22.194657880632885,25.987477833733408,0.0644883861667216,22.0,False,3,2,2,3,-20.76336021238836,26.200000762939453,57868471.61525841,73.33333333333333,False,0.0,0,,,,0.0,0,,,,False,False,False,False,0,,none,0,0,False,-3,0.375,risk_on,6,False
UMBF,129.8699951171875,-14.278180656823668,26.69526721466189,11.022503777153037,-6.238672128500067,0.3216946734833992,False,0.9682141903066328,4.681600392895915,8.548883288167119,-3.45674175407783,False,False,False,True,18,30.0,False,0.35148315565334187,0.801427951568436,False,-3.6646089199948992,True,-0.8171737469590767,True,2,0,0.46314075977946095,False,0.6658070360179806,False,4,2,True,False,False,25.0,12.686153166289257,7.80781350603208,0.2339866456182722,24.0,False,0,2,2,4,-9.717762741109615,143.84888884042223,97841724.29778442,53.46938775510204,False,0.0,0,,,,0.0,0,,,,False,False,False,False,0,,none,0,0,False,-2,0.5,risk_on,6,False
UMC,22.940000534057617,-16.65979277146169,232.52979303369847,212.0801048971077,194.81892899145458,0.19633269332897585,True,0.9963501710732786,7.149081741361036,140.65558176333442,-6.7858595484613815,False,False,False,True,28,46.666666666666664,True,0.43201816677544036,1.2712963883856756,False,1.5951451899465863,True,-12.676055826721267,False,1,1,0.5830687500216329,False,2.0335572809362024,True,5,1,False,False,False,55.0,37.27720747388426,16.826506192189733,0.6510681249443366,5.0,False,8,2,2,3,-13.007205900701424,26.3700008392334,288094079.49018604,97.34693877551021,True,0.0,0,,,,0.0,0,,,,False,False,False,False,0,,none,0,0,False,-3,0.375,risk_on,6,False
UNF,260.6300048828125,-13.35161402875461,74.7962570050166,62.59259477846266,45.33141887280956,0.3893021875758638,False,1.155848202396181,5.613329189852751,0.615107268246784,-0.3784077107453321,False,True,False,True,22,36.666666666666664,False,0.31199409785577176,0.9265818111256504,False,-1.928983102909046,True,3.514975830654965,True,2,0,0.3542590848768826,False,0.6537275504536197,False,5,2,True,False,False,25.0,14.647802722947212,7.090509680897353,0.28393899204718526,23.0,False,2,2,2,5,-10.488720382087568,291.1700134277344,92492419.28747559,85.17006802721089,True,0.0,0,,,,0.0,0,,,,False,False,False,False,0,,none,0,0,False,-1,0.625,risk_on,6,False
UNG,11.059900283813477,-34.55680157716292,14.84839202886732,-13.18759432879667,-30.448770234449775,0.9364590435740674,False,1.3947455214542936,8.137502106121627,3.5571158032044803,6.243039826392804,False,False,False,False,28,46.666666666666664,True,0.4125465823792221,1.4304126059082136,False,1.62283120333912,True,5.634192948803718,False,0,1,0.5405044954792145,False,2.9740681927431254,True,3,2,True,True,False,55.0,18.166237118246297,9.674587178604115,0.7122170634836735,11.0,False,2,4,3,5,-5.2279330633408065,11.670000076293945,334897233.9739131,24.965986394557824,False,0.0,0,,,,0.0,0,,,,False,False,False,False,0,,none,0,0,False,-1,0.625,risk_on,6,False
UNH,381.2950134277344,-12.079097796867778,48.95916863204033,6.461411016357754,-10.79976488929535,0.9059732242986017,False,0.9728959676542246,5.098415074103939,23.269660209835983,1.1660970025000994,False,False,False,True,19,31.666666666666664,False,0.3970953726063578,0.979819673001511,False,-0.72887622624915,True,2.5262220181334616,True,2,1,0.5095228901446979,False,1.1794598405203136,False,2,2,True,False,False,25.0,10.256870007869662,6.52774970936689,0.4511118064639274,22.0,False,1,3,2,5,-5.6298748499538975,404.0420766863295,1835140073.7498322,47.89115646258503,False,0.0,0,,,,0.0,0,,,,False,False,False,False,0,,none,0,0,False,-1,0.625,risk_on,6,False
UNM,92.11000061035156,-4.618410581512822,31.90288450381942,22.881184801340915,5.6200088956878105,0.25060061772609277,True,1.1082898501325227,7.48018602105418,20.728741870488008,-3.2356358357597093,False,False,False,True,24,40.0,True,0.4246718522698991,1.2857108736136587,False,0.14784470902473582,True,3.9968397061360905,True,2,0,0.5002454347006455,False,0.9144223549796051,False,5,3,True,False,False,55.0,15.138983574134546,8.793831745139295,0.6819114010803019,24.0,False,4,3,4,5,-4.815538074164783,96.7699966430664,197358846.81515884,64.01360544217687,False,0.0,0,,,,0.0,0,,,,False,False,False,False,0,,none,0,0,False,-1,0.625,risk_on,6,False
UNP,278.8299865722656,-9.817803695054373,31.58319698009777,22.96215388509937,5.7009779794462645,0.2579857075937129,False,0.7526156081085695,1.7250646595527206,12.031232440902272,-0.19329511198772353,False,True,False,True,19,31.666666666666664,False,0.45518720171183863,0.8306082254458851,True,-2.3655156774740225,True,0.19763827633365594,True,2,1,0.6155400628396711,True,0.7091719537308094,False,6,1,False,False,False,25.0,8.312248931159797,3.7119415421386774,0.4346211713390479,24.0,False,2,2,3,6,-4.6995695642373825,292.5799865722656,679292064.0058258,64.14965986394557,False,0.0,0,,,,0.0,0,,,,False,True,False,False,1,,power_play,6,6,True,0,0.75,risk_on,6,False
UPS,94.4749984741211,-18.46643890257106,21.492260784241978,18.05891282307868,0.7977369174255742,0.394657085551852,False,0.8488957316232187,3.4294845678685832,-4.333217577525805,-4.628507164822649,False,False,False,True,20,33.33333333333333,False,0.41631172795659993,1.0858034369751806,False,-3.2351252947038365,True,1.5641817711924633,True,2,0,0.512378197655825,False,0.49858736973048334,False,5,3,True,False,False,25.0,11.502031346591096,3.4294845678685832,0.24495802871857603,24.0,False,0,2,2,4,-8.684516421670875,103.45999908447266,487904996.5795425,60.06802721088435,False,0.0,0,,,,0.0,0,,,,False,False,False,False,0,,none,0,0,False,-2,0.5,risk_on,6,False
UPST,24.110000610351562,-54.285172842162744,5.699259863421791,-53.962189990283704,-71.22336589593681,0.33686046797506575,False,0.7377327978835256,9.041892368263998,-14.07697409397709,-3.5599975585937527,False,False,False,False,23,38.333333333333336,False,0.5504234022897851,2.3606738849751245,True,-3.0364978936112452,True,5.699259863421791,False,0,0,0.4683672526260475,False,0.6546818524467466,False,3,2,True,False,False,25.0,20.13384467018591,9.726251571921043,0.2734788254406677,24.0,False,0,2,2,4,-14.627664478178614,28.240999221801758,106444072.37475137,2.9931972789115644,False,0.0,0,,,,0.0,0,,,,False,False,False,False,0,,none,0,0,False,-2,0.5,risk_on,6,False
URBN,82.16000366210938,-0.9523728935466269,37.921779558524825,17.053712500858698,-0.20746340479440661,0.3233969244672889,False,0.8383998516508793,5.537978151108806,21.862957421368677,9.532064154448804,False,False,False,True,26,43.333333333333336,True,0.3875900863964955,1.1137603330343369,False,2.0115803144220923,True,1.6831690086452022,True,2,1,0.6824134360839637,True,1.0667883248172627,False,4,2,True,False,False,55.0,19.66522649156538,10.126581455669097,0.805357378031889,30.0,False,5,4,3,5,-3.8276912459150436,85.43000030517578,79884383.7150528,58.843537414965986,False,0.0,0,,,,0.0,0,,,,False,False,False,False,0,,none,0,0,False,-1,0.625,risk_on,6,False
URI,1062.25,-8.805648170417635,50.08106008656527,9.230094299656377,-8.031081605996727,0.4824870676539203,False,1.102110824030904,7.451167278330195,36.78508785959629,4.767684324629684,False,False,False,True,24,40.0,True,0.4924787351012404,1.4936924941730645,True,0.03731381280638464,True,-1.7381445999719913,True,2,0,0.5605922307148619,False,1.1853490248823133,False,5,3,True,False,False,25.0,12.066353155484396,12.061196154609908,0.7053421596245857,3.0,False,4,3,3,6,-3.555445562002102,1101.4100341796875,502397158.55163574,51.36054421768708,False,0.0,0,,,,0.0,0,,,,False,True,False,False,1,,power_play,6,6,True,0,0.75,risk_on,6,False
USAR,12.595000267028809,-67.43795199674942,5.840341771240931,-59.462502765563464,-76.72367867121656,0.6423168238999665,False,0.6372903842943016,13.179839348094147,-24.985112684651554,-18.05464957184242,False,False,True,False,19,31.666666666666664,False,0.4253105127521031,2.007989836388393,False,-5.8651785138165025,True,-7.321559046263937,False,1,0,0.29288309914256605,False,0.25810624707702584,False,8,2,True,False,False,25.0,35.75129477352853,20.722513338757302,0.028260965112933013,24.0,False,0,2,2,2,-34.740928679191654,19.299999237060547,189183528.3727169,1.9727891156462583,False,0.0,0,,,,0.0,0,,,,False,False,False,False,0,,none,0,0,False,-4,0.25,risk_on,6,False
USB,57.005001068115234,-12.046120063735655,30.737367086543333,25.68551654044864,8.424340634795534,0.3075297738726952,False,0.9677347243476558,3.8242264087863105,2.6930793741897885,-4.196764280039611,False,False,False,True,18,30.0,False,0.39649645877225775,0.8390825719769466,False,-3.8463444560668303,True,-0.8781034048976566,True,2,0,0.4818938771834018,False,0.6839831446605878,False,7,3,True,False,False,25.0,11.808488737099418,5.523985796042687,0.1845976189710809,24.0,False,0,2,2,4,-9.628669832584036,63.078634521049466,495981778.2055046,66.59863945578232,False,0.0,0,,,,0.0,0,,,,False,False,False,False,0,,none,0,0,False,-2,0.5,risk_on,6,False
USFD,97.30000305175781,-12.29493337793327,38.90078345873276,29.26797846578717,12.006802560134066,0.28392820356825876,False,0.8241271798570351,3.6947596176238537,6.466794727628367,4.153291542348048,False,True,False,True,17,28.333333333333332,False,0.4009783053841448,1.0316901232918947,False,-1.6628172385786424,True,0.3920809843084072,True,2,2,0.49589772490401723,False,1.2943263991385632,True,2,1,False,False,False,25.0,13.940839871098179,7.5436831830115265,0.48665299885846297,24.0,False,2,3,3,6,-7.156488341222622,104.80000305175781,232326042.20252687,68.84353741496598,False,0.0,0,,,,0.0,0,,,,False,True,False,False,1,,power_play,6,6,True,0,0.75,risk_on,6,False
USO,148.3300018310547,-8.359074958777423,124.16503843983548,104.56488410023073,87.30370819457762,0.32327385061382036,True,1.1176209146027412,5.878784543288186,15.458862319331157,-3.569110149365895,True,True,False,True,32,53.333333333333336,True,0.5114681131697763,1.4190154327635678,True,1.6950976196822514,True,0.6514261692848633,True,2,0,0.4933799410225131,False,0.6408447425952933,False,4,1,False,False,False,35.0,23.226202034766686,8.245136408922786,0.6041116682673513,18.0,False,5,2,5,5,-9.194982376029238,163.35000610351562,879276684.0940139,92.51700680272108,True,0.0,0,,,,0.0,0,,,,False,False,False,False,0,,none,0,0,False,-1,0.625,risk_on,6,False
UTHR,549.739990234375,-7.879217568502439,32.359029970989425,23.431672775481125,6.170496869828021,0.27149503604997927,False,1.4415383554597403,6.095610717957486,-4.828352823204829,11.14165837242711,True,False,False,True,19,31.666666666666664,False,0.4791560151077035,1.869480085053374,True,1.539873299800434,True,1.4842122662295454,True,2,0,0.5239611742709724,False,0.7891631437520324,False,5,1,False,True,True,25.0,19.94229693038341,20.924431604962397,0.6914056244623438,6.0,False,2,1,2,5,-6.154080668018191,585.7899780273438,543809485.2476196,64.89795918367346,False,0.0,0,,,,0.0,0,,,,False,False,False,False,0,,none,0,0,False,-1,0.625,risk_on,6,False
UUP,29.040000915527344,0.0,9.7091109514168,7.141593487055675,-10.119582418597428,0.2546264124275703,False,1.1994619834636389,0.6887078396492581,6.062826171081093,2.289543993847043,False,False,False,True,27,45.0,True,0.4223567081953409,0.1414270629961281,False,5.689668239335721,False,0.5192160922393496,True,2,2,0.4276556200039872,False,1.5519131244056892,True,1,1,False,False,False,,,,,,False,5,2,1,5,,,54246025.35573349,48.843537414965986,False,0.0,0,,,,0.0,0,,,,False,False,False,False,0,,none,0,0,False,-1,0.625,risk_on,6,False
UUUU,10.055000305175781,-63.7265492271075,1.1569489904148078,-48.959391290523655,-66.22056719617676,0.5262081807399264,False,0.6615143607047245,18.299354517580234,-48.06301658999178,-14.059825050481567,True,False,False,False,23,38.333333333333336,False,0.4342894061629517,1.990345753424113,False,-5.9051465164456864,True,-6.290766690190042,False,0,0,0.32701649738257277,False,0.23735467220616194,False,4,4,True,False,False,25.0,35.799207089743206,18.299354517580234,0.06180812424933339,23.0,False,0,2,3,2,-33.58652524991275,15.140000343322754,89383796.43995742,4.761904761904762,False,0.0,0,,,,0.0,0,,,,False,False,False,False,0,,none,0,0,False,-3,0.375,risk_on,6,False
V,385.2250061035156,0.0,30.867885883433832,11.890805739833299,-5.370370165819805,0.5396444574551448,False,1.0886419633049689,6.821986725398364,25.001044724300712,4.59827776091517,False,True,False,True,25,41.66666666666667,True,0.4220328576671977,0.8055976511217252,False,2.3176683407057155,True,6.811124658119949,False,1,1,0.5528518238019996,False,1.3234944566626343,True,4,4,True,False,False,65.0,10.60257930503236,7.419037217066267,0.9915607110179512,31.0,True,5,5,4,6,-0.0894782307102604,385.57000732421875,2273908710.4233627,54.285714285714285,False,0.0,0,,,,0.0,0,,,,False,True,False,False,1,,power_play,6,6,True,0,0.75,risk_on,6,False
VAL,84.05000305175781,-25.894900009995837,79.78610278450869,66.1724001760583,48.9112242704052,0.1495625128170073,False,0.7822048831941271,7.055324318696455,-15.160993932910149,0.346228400347548,False,True,False,True,21,35.0,False,0.4669131895144649,1.9896354210243556,True,0.15395530323713003,True,7.220313440717785,False,1,0,0.45030240932308063,False,0.8878536251709986,False,4,2,True,False,False,25.0,13.607611748746967,9.220701628324234,0.5660226716378564,23.0,False,2,2,2,5,-5.905394992110525,89.32499694824219,90850797.01294021,86.3265306122449,True,0.0,0,,,,0.0,0,,,,False,False,False,False,0,,none,0,0,False,-1,0.625,risk_on,6,False
VALE,13.520000457763672,-21.965575512046364,36.2016146379804,32.74409401411531,15.482918108462208,0.7222210556090777,False,0.9370906231949682,9.689344834231377,-20.310982125441747,-4.855732431604409,False,False,False,False,23,38.333333333333336,False,0.5618267693673982,1.3785870264108615,True,-2.156664062593389,True,-1.744184354113687,True,1,0,0.4493589152999589,False,0.35206388438648345,False,5,2,True,False,False,25.0,17.33668477170223,11.612423385109194,0.13043499293382677,23.0,False,1,2,2,4,-15.075374416009268,15.920000076293945,469180547.2172672,71.0204081632653,False,0.0,0,,,,0.0,0,,,,False,False,False,False,0,,none,0,0,False,-2,0.5,risk_on,6,False
VC,85.93000030517578,-30.389307546781495,2.453457792159064,-22.21033511803353,-39.47151102368663,0.26777078793842696,False,0.9161433221388694,6.866046637415179,-7.393838127008467,-9.174506129562454,False,False,False,True,23,38.333333333333336,False,0.4559018201079959,1.4178536849012906,True,-4.995635759673551,True,-3.19927503130355,True,2,0,0.4904636453578776,False,0.35064897664248107,False,7,3,True,False,False,25.0,17.648195874387163,6.866046637415179,0.042191596880351026,24.0,False,0,2,2,4,-16.90359030838955,103.41000366210938,51695708.47544289,17.82312925170068,False,0.0,0,,,,0.0,0,,,,False,False,False,False,0,,none,0,0,False,-2,0.5,risk_on,6,False
VCTR,113.86000061035156,-5.579767507894573,92.15125965593731,73.19552143036445,55.93434552471135,0.2467912569324696,True,0.9542110281257038,5.26084474939389,66.23284649279775,6.850603621442275,False,False,False,True,27,45.0,True,0.36847231808282677,1.3193685452888673,False,0.747452043264579,True,0.5563872072245957,True,2,1,0.6375379018382736,True,1.0018150783531443,False,4,2,True,False,False,25.0,12.684057587115397,8.466537272064636,0.8458929191118201,3.0,True,8,5,5,6,-1.9547030885679217,116.12999725341797,79225825.14129677,88.02721088435375,True,0.0,0,,,,0.0,0,,,,False,True,False,False,1,,power_play,6,6,True,0,0.75,risk_on,6,True
VCYT,45.45000076293945,-24.863614644073117,51.44951821492507,30.11737865975588,12.856202754102775,0.24744086811632038,False,1.1266062319059453,16.776677386147657,40.10481716087029,14.210335102885164,False,False,False,False,18,30.0,False,0.4973508271026911,3.22159977531392,True,0.5961560010908523,True,-0.7858559256919362,True,1,1,0.5052885145490829,False,1.5035095619530587,True,4,3,True,True,False,25.0,21.948981771663746,16.776677386147657,0.6699210707114631,10.0,False,3,3,2,3,-7.244896402164381,49.0,66423858.90676479,69.72789115646259,False,0.0,0,,,,0.0,0,,,,False,False,False,False,0,,none,0,0,False,-3,0.375,risk_on,6,False
VEEA,5.750899791717529,-68.8466951411996,268.64743606790285,-63.7395969974291,-81.00077290308221,3.6908743247539215,False,1.3591500045945386,60.512274314081715,-57.337537188347284,29.233708723848693,False,False,False,False,15,25.0,False,0.41639035074107433,11.183247184491508,False,2.554826336076789,True,72.69969740170995,False,0,1,0.39692110358870897,False,18.932330024103287,True,5,3,True,True,False,,,,,,False,1,3,2,3,,,127639675.20863137,1.1564625850340136,False,0.0,0,,,,0.0,0,,,,False,False,False,False,0,,none,0,0,False,-3,0.375,risk_on,6,False
VEEV,294.44500732421875,-1.5563352338033187,94.44299119437942,-1.3485421918526752,-18.60971809750578,0.5589614107636335,False,0.9508925949934905,6.9622508414371165,85.82834521631418,13.156687672790945,False,True,False,True,26,43.333333333333336,True,0.47962310343162345,1.506559581937497,True,3.921875111405942,True,7.725102180243404,False,1,1,0.562915508305819,False,1.2726807984747897,True,3,3,True,False,False,35.0,19.345800515741317,7.458096048100954,0.9686794104585145,30.0,True,6,5,4,6,-0.6059218773049935,296.239990234375,410292240.8900604,37.142857142857146,False,0.0,0,,,,0.0,0,,,,False,True,False,False,1,,power_play,6,6,True,0,0.75,risk_on,6,True
VERA,29.860000610351562,-46.36249040329855,23.900415509165928,-2.194562925729049,-19.455738831382153,0.13590505336458933,False,0.9131791074476036,7.920293780229495,-31.686110190382287,-12.17646879308364,False,False,False,True,21,35.0,False,0.4626373103817637,3.1068655184096365,True,-1.6469035643266667,True,-1.840892388355997,True,2,0,0.4751950160743014,False,0.3374951831983563,False,6,3,True,False,False,25.0,23.61335135848007,17.515062049511858,0.16989737940693844,18.0,False,0,2,2,3,-19.601504843659036,37.13999938964844,81766091.85186625,35.98639455782313,False,0.0,0,,,,0.0,0,,,,False,False,False,False,0,,none,0,0,False,-3,0.375,risk_on,6,False
VFC,15.040200233459473,-29.344085335508662,19.177498968679064,10.66407738377173,-6.5970985218813745,0.4709403245583554,False,1.0991264212511835,7.081019958856856,-17.427610378864124,17.59343454509623,True,False,False,True,20,33.33333333333333,False,0.3765813137223183,1.3710999900230563,False,2.142682585560439,True,4.956038475468083,True,2,3,0.7378283123163458,True,1.5493114006185922,True,1,1,False,False,False,45.0,18.097432120248495,8.078344570244502,0.9371647007889727,38.0,True,1,6,5,4,-1.1371575622270758,15.21319826802087,119328663.59834671,52.925170068027214,False,0.0,0,,,,0.0,0,,,,False,False,False,False,0,,none,0,0,False,-1,0.625,risk_on,6,False
VG,13.164999961853027,-24.599170490007783,123.5802849346245,5.5058939449130095,-11.755281960740096,0.2886656059594283,False,0.974750128647227,7.975694597625137,3.668751806570958,-6.098434151171384,False,True,False,True,25,41.66666666666667,True,0.40142010436239756,2.022070326197204,False,-1.0360798241373954,True,0.26656395359521134,True,2,0,0.4619412426908737,False,0.5415352662323892,False,6,1,False,False,False,25.0,24.09564160863908,11.165972436675192,0.21060413878031473,19.0,False,1,1,2,4,-19.020999759292533,16.25730118020782,177232039.65457568,46.73469387755102,False,0.0,0,,,,0.0,0,,,,False,False,False,False,0,,none,0,0,False,-2,0.5,risk_on,6,False
VIAV,45.66569900512695,-17.4666591471239,272.1735721389694,260.70852729482215,243.44735138916906,0.30697039716596847,False,1.0083440376526016,10.489267010436649,10.090885991039134,29.145074142782732,False,True,False,False,27,45.0,True,0.3312974132965109,1.9839553931030824,False,2.4638544863212517,True,-3.0452219011901094,True,1,1,0.5693024017955777,False,1.0300058803525378,False,2,1,False,True,True,25.0,31.22676477419229,21.96396638573471,0.8178373440218871,5.0,False,5,2,2,3,-5.688350408870646,48.41999816894531,230273990.19012204,98.36734693877551,True,0.0,0,,,,0.0,0,,,,False,False,False,False,0,,none,0,0,False,-3,0.375,risk_on,6,False
VICI,22.915000915527344,-21.955527215259274,1.7088336313724195,-20.8470835089405,-38.108259414593604,0.38703350330318176,False,0.8895283029424454,2.313331213594738,-16.18305657392176,-3.3937538833482606,False,False,False,True,20,33.33333333333333,False,0.48222657189975165,0.7216803810377249,True,-5.007357738339354,True,1.1699836709059719,True,2,0,0.4601035953679694,False,0.47728293881559314,False,6,3,True,False,False,25.0,11.506054006794628,4.603972345734914,0.1680553271081929,24.0,False,0,2,2,4,-9.57240033695822,25.34071566746764,244927775.55003223,19.047619047619047,False,0.0,0,,,,0.0,0,,,,False,False,False,False,0,,none,0,0,False,-2,0.5,risk_on,6,False
VICR,267.989990234375,-29.435464980841942,451.87393462837696,409.2930362489766,392.0318603433235,0.37842788776584124,False,1.2651289966249748,22.17619867958717,43.910422337909985,20.32596478338371,False,False,False,False,24,40.0,True,0.3925466212052213,2.9001148193823925,False,1.9077004851627848,True,-13.243769656990912,False,0,0,0.5237210171324402,False,1.051566390477084,False,4,1,False,True,False,,,,,,False,6,1,1,2,,,258183156.1352234,99.1156462585034,True,0.0,0,,,,0.0,0,,,,False,False,False,False,0,,none,0,0,False,-4,0.25,risk_on,6,False
VIK,80.75,-25.4110489501126,41.468110388299806,36.35595801333766,19.09478210768456,0.22797428467268246,False,0.8369470138437987,3.6656335411426086,3.2476677474243987,-4.040405780424483,False,True,False,True,20,33.33333333333333,False,0.43231167703302037,1.5199559747500728,False,-3.5635046706000733,True,0.23585209429537457,True,2,0,0.43614692901822993,False,0.5992703475372018,False,6,1,False,False,False,25.0,14.242833934025843,6.9597557233214005,0.28259182517556236,23.0,False,1,1,2,4,-10.217925496937042,89.94000244140625,358953309.41244125,73.60544217687075,False,0.0,0,,,,0.0,0,,,,False,False,False,False,0,,none,0,0,False,-2,0.5,risk_on,6,False
VIRT,57.15999984741211,-15.545763657223866,78.23244064172547,75.70968277944026,58.44850687378715,0.2609203268450478,False,1.0380931723067304,12.272567194497706,13.274976846673848,-1.0216452858664793,False,False,False,False,15,25.0,False,0.5338385446541394,2.237608035111585,True,-0.8468920399634373,True,-2.772582144465874,True,1,0,0.5072342432473989,False,0.9276445297701543,False,3,2,True,True,True,25.0,20.51796024317621,21.264868460014853,0.4207361304528885,24.0,False,3,2,2,4,-11.885313045676039,64.87000274658203,74921414.86324158,88.70748299319729,True,0.0,0,,,,0.0,0,,,,False,False,False,False,0,,none,0,0,False,-2,0.5,risk_on,6,False
VIST,66.30999755859375,-16.328078790417976,89.34893401434356,77.91788769560046,60.65671178994735,0.284263114071607,False,0.8020749503498231,5.94163139035164,-0.9115370995850358,-8.246851198718662,False,True,False,True,22,36.666666666666664,False,0.3835103451324088,1.3364905737571404,False,-1.5441864378248111,True,3.206221881079774,True,2,0,0.30589598931436573,False,0.6989930118383425,False,5,3,True,False,False,25.0,20.784754561975465,8.731722128489547,0.1881784864393018,21.0,False,2,2,2,4,-16.87351090749055,79.7699966430664,66802431.05152702,89.25170068027211,True,0.0,0,,,,0.0,0,,,,False,False,False,False,0,,none,0,0,False,-2,0.5,risk_on,6,False
VKTX,28.639999389648438,-32.01994145847834,8.938753869472649,-18.124643326346266,-35.38581923199937,0.3291577496691091,False,1.6544715154910523,10.928774912078152,-18.194799306707885,-1.207314191904274,False,False,False,False,19,31.666666666666664,False,0.48766380497430106,3.071673713497562,True,-1.3062142331442606,True,-4.342021112960204,True,1,0,0.32424538760277716,False,0.9663377077697,False,6,3,True,True,False,25.0,37.238978666548185,28.42178618408259,0.09906543477687348,12.0,False,0,2,2,3,-33.54988305429987,43.099998474121094,321611633.20689404,20.612244897959183,False,0.0,0,,,,0.0,0,,,,False,False,False,False,0,,none,0,0,False,-3,0.375,risk_on,6,False
VLO,437.1650085449219,-1.4950381772299792,185.46186409984554,175.55940151864243,158.2982256129893,0.4513200732792463,True,1.2382548715639243,10.421693563772987,82.1462039774818,5.779377138059916,False,True,False,False,37,61.66666666666667,True,0.43204018761110147,1.9909133226156703,False,4.131323250612998,False,7.596608830734319,False,0,3,0.6056329288298958,True,1.7275428940732358,True,2,0,False,False,False,25.0,19.890164670893316,16.05800563112534,0.8590992435419634,0.0,True,10,4,5,5,-2.8025392482037836,449.7699890136719,1494015046.350708,96.25850340136054,True,0.0,0,,,,0.0,0,,,,False,False,False,False,0,,none,0,0,False,-1,0.625,risk_on,6,False
VLTO,97.33999633789062,-6.65767473901413,18.709444271436038,-4.8429203689979055,-22.10409627465101,0.23054360240109553,False,0.9413647053085845,3.7651541539052875,7.446104509123441,3.1549355673176738,False,False,False,True,23,38.333333333333336,False,0.3862848858826264,0.6770714352311312,False,0.46976387465835906,True,2.8094592565917287,True,2,0,0.5691807353008176,False,1.0349410402425516,False,4,2,True,False,False,65.0,12.616137879738181,4.016852074389656,0.6295423182604405,51.0,False,2,3,3,6,-4.6737451914344526,102.11247314118138,173778481.2668968,32.44897959183673,False,0.0,0,,,,0.0,0,,,,False,True,False,False,1,,power_play,6,6,True,0,0.75,risk_on,6,False
VLY,12.645000457763672,-16.087505596858488,34.607418834763216,20.145476740602632,2.884300834949528,0.2794682479531697,False,1.0119661193834002,4.428623532382389,-2.0376010876662742,-6.953640060440069,False,False,False,True,16,26.666666666666668,False,0.4081064665468008,0.9920945172891396,False,-3.644649154238808,True,-1.3650486835128262,True,2,0,0.4502473487002119,False,0.48111126682636,False,8,3,True,False,False,25.0,11.745208744416393,6.010274793947528,0.20448635848892424,24.0,False,0,2,2,4,-9.343473778578415,13.948251697709255,103512981.96545239,61.7687074829932,False,0.0,0,,,,0.0,0,,,,False,False,False,False,0,,none,0,0,False,-2,0.5,risk_on,6,False
VMC,245.8000030517578,-25.17064369206894,2.0636968745238127,-18.244922722002833,-35.50609862765594,0.5251441551633759,False,0.9894758782086343,4.686732656893469,-16.962377788355454,2.0636968745238127,False,False,False,True,20,33.33333333333333,False,0.38264170917121054,0.9285487526421415,False,-2.4270136513751965,True,1.1272959436706698,True,2,1,0.6119259293384738,True,0.7856888496106569,False,5,1,False,False,False,25.0,10.307636646916329,5.235962147029543,0.3219532825453731,24.0,False,1,2,1,4,-6.989059193156633,264.2699890136719,310986898.8310394,20.476190476190474,False,0.0,0,,,,0.0,0,,,,False,False,False,False,0,,none,0,0,False,-2,0.5,risk_on,6,False
VMI,470.18499755859375,-19.18660518975779,24.803853612182248,18.46227316067919,1.2010972550260846,0.3946116017132886,False,0.993645054717023,6.457036278652682,9.143347436633253,-0.7744246589661108,False,True,False,True,18,30.0,False,0.36121037513685544,0.8815194509497045,False,-0.6953017248667354,True,-1.7869810022749566,True,2,0,0.5325586171862869,False,0.6698248860254367,False,4,2,True,False,False,25.0,6.289905220637175,6.457036278652682,0.3873603965079399,20.0,False,0,2,2,4,-3.853445040373793,489.02947979366866,88064441.94070435,60.34013605442177,False,0.0,0,,,,0.0,0,,,,False,False,False,False,0,,none,0,0,False,-2,0.5,risk_on,6,False
VMRK,61.099998474121094,-11.86465728845314,9.04749111763583,3.1603977894289814,-14.100778116224124,0.25353068396417355,False,0.908914564353415,4.067104210164726,2.7791704192052125,0.991414625263598,False,True,False,True,20,33.33333333333333,False,0.5330545376481515,1.146753883103443,True,-1.9979649584785644,True,3.406835026727806,True,2,0,0.5534071377875922,False,0.6313534676245216,False,6,1,False,False,False,25.0,10.703261248313662,4.067104210164726,0.34999388821128147,19.0,False,2,1,2,6,-6.957185227475227,65.66869093922094,353872737.9611229,42.38095238095238,False,0.0,0,,,,0.0,0,,,,False,True,False,False,1,,power_play,6,6,True,0,0.75,risk_on,6,False
VNOM,43.11000061035156,-12.79739940744664,26.04884852024305,20.684369773600707,3.423193867947603,0.3863226543574626,False,0.9905545715509737,7.701237444947487,-2.6304532002243253,1.9872253217201097,False,False,False,True,28,46.666666666666664,True,0.49466141368394967,1.345996470281841,True,0.24845792688076132,True,6.077759000489236,False,1,0,0.5077488794446852,False,0.6161905265383802,False,4,2,True,False,False,25.0,13.805806276871953,8.629091087996596,0.5243329219208591,18.0,False,2,2,2,5,-6.566967532246348,46.13999938964844,95788154.71276283,62.176870748299315,False,0.0,0,,,,0.0,0,,,,False,False,False,False,0,,none,0,0,False,-1,0.625,risk_on,6,False
VOD,15.545000076293945,-12.07579294134299,44.841904833669346,43.42944622894065,26.168270323287544,1.4988684708445617,False,1.1385288641364704,9.199101306898836,1.1852559338995539,-8.289089223627,False,False,False,False,26,43.333333333333336,True,0.4354625482487981,0.6267135515991963,False,-2.3206452565056512,True,-7.5802594629214575,False,0,0,0.40175840321352707,False,0.8004508040104472,False,6,2,True,False,False,65.0,17.955954352869206,9.199101306898836,0.3191825629912511,18.0,False,2,2,2,4,-12.2247268215665,17.709999084472656,60739976.95174904,77.9591836734694,False,0.0,0,,,,0.0,0,,,,False,False,False,False,0,,none,0,0,False,-2,0.5,risk_on,6,False
VOYA,94.55999755859375,-9.822623490182414,45.85422001235402,29.917304364633956,12.656128458980852,0.3376637438945448,False,1.0712803615376296,6.419204580735069,32.633398614677155,-6.901646310222132,False,False,False,True,21,35.0,False,0.41642686281794183,1.1487150776579493,False,-1.9230911573462426,True,-2.162445870966223,True,2,0,0.5579182716887408,False,0.6964383248845608,False,5,2,True,False,False,25.0,12.532143028658144,8.121827943594116,0.2059269247983081,24.0,False,3,2,2,5,-9.951437353634018,105.01000213623047,120711633.00452805,69.65986394557822,False,0.0,0,,,,0.0,0,,,,False,False,False,False,0,,none,0,0,False,-1,0.625,risk_on,6,False
VOYG,26.959999084472656,-47.92351005198879,49.86103072527701,-20.118521231192133,-37.37969713684524,0.27596979514600684,False,0.9282761707621753,18.02670203279791,-10.312709369745631,-24.839699227010648,False,True,False,False,22,36.666666666666664,False,0.4070867623854002,2.930340338993862,False,-3.289547776916881,True,-12.835438672914567,False,0,0,0.37140083621572234,False,0.35981054140565044,False,5,3,True,True,False,25.0,30.341770186644478,27.39242793886636,0.02235582954897687,13.0,False,0,2,2,2,-29.66345474413763,38.33000183105469,88975948.88412476,19.387755102040817,False,0.0,0,,,,0.0,0,,,,False,False,False,False,0,,none,0,0,False,-4,0.25,risk_on,6,False
VRNS,49.91999816894531,-21.012662078607992,147.25109880377408,-21.012662078607992,-38.27383798426109,0.2794770264779074,False,0.8426461806945524,4.847760561714193,127.21893367835189,4.962146189044558,False,True,False,True,20,33.33333333333333,False,0.4515882899503317,1.6551971880445306,True,2.9917998559866676,True,4.940085114982207,True,2,2,0.6032123770071933,True,1.5121506559657907,True,4,2,True,False,False,35.0,20.16015924127009,10.677087392944705,0.9970205963353146,0.0,True,4,5,4,7,-0.060065252324081886,49.95000076293945,76353626.56254712,18.911564625850342,False,0.0,0,,,,0.0,0,,,,False,True,False,False,1,,power_play,7,7,True,1,0.875,risk_on,6,False
VRSK,177.13999938964844,-26.66574649154281,13.5547915056782,-25.842038240159294,-43.1032141458124,0.7147673868475004,False,0.7452471776049332,9.927180069130568,6.093599051531262,0.986258304213683,False,False,False,False,24,40.0,True,0.4508202533117557,1.3518672579773416,True,-0.684079334212968,True,8.091282714030857,False,0,0,0.5901707357878856,False,0.7325568385764112,False,4,3,True,False,False,25.0,14.166039933510946,9.927180069130568,0.5863681862366639,24.0,False,2,2,2,5,-5.859524791541981,188.16560995406294,220344321.7722969,14.421768707482993,False,0.0,0,,,,0.0,0,,,,False,False,False,False,0,,none,0,0,False,-1,0.625,risk_on,6,False
VRSN,304.3900146484375,-1.5214327153845852,44.732912200317834,17.649476169918632,0.3883002642655278,0.30033060356198676,True,0.9490996065225228,6.606660830305872,12.767339405853019,0.4189824332634373,False,False,False,True,28,46.666666666666664,True,0.4295215853044338,1.0767509347456488,False,1.9159102415978653,True,5.573670545224374,False,1,3,0.6387490066553332,True,3.683613774368808,True,1,0,False,False,False,65.0,17.915152849319124,10.51282843064322,0.8989864775772094,13.0,True,5,6,5,6,-1.8096726940524221,310.0,259265177.89245605,59.523809523809526,False,0.0,0,,,,0.0,0,,,,False,True,False,False,1,,power_play,6,6,True,0,0.75,risk_on,6,False
VRT,244.30999755859375,-35.03422418380229,63.17086158181296,44.81886629542158,27.557690389768474,0.4778624868143192,False,0.7305494724891433,7.555976791101174,-18.515556199741145,-2.036970946504424,False,False,False,True,26,43.333333333333336,True,0.4623593208347169,1.6994749790643096,True,-1.610260741961292,True,-3.1207848940283167,True,2,0,0.43895145359612303,False,1.0288962838117195,False,7,1,False,False,False,25.0,23.140906390792164,8.104458781720183,0.2542163823709397,23.0,False,2,1,2,3,-17.258108883340416,295.2676017691399,1177661007.101111,78.57142857142857,False,0.0,0,,,,0.0,0,,,,False,False,False,False,0,,none,0,0,False,-3,0.375,risk_on,6,False
VRTX,511.2900085449219,-8.364400958823804,25.509982245462105,23.24399233433956,5.982816428686455,0.5835166873285632,False,0.8825844059821772,3.6579013511499467,16.189074588832742,0.5803226636273529,False,False,False,True,24,40.0,True,0.37571502463540163,0.8581794112750547,False,-0.7959739089968813,True,1.2997042806657033,True,2,0,0.4785603180072352,False,0.6857986971281769,False,4,2,True,False,False,65.0,17.001338688085678,6.598998648139773,0.4859843416789698,25.0,False,2,2,2,5,-8.738954298095159,560.25,518444626.37014467,64.62585034013605,False,0.0,0,,,,0.0,0,,,,False,False,False,False,0,,none,0,0,False,-1,0.625,risk_on,6,False
VSAT,70.98999786376953,-20.955350413572493,133.90443812683662,99.85922564438796,82.59804973873486,1.0871439493386033,False,0.9734153951622018,14.917600064740771,25.53492276131739,-7.056820612031689,False,False,False,False,21,35.0,False,0.37797018702419694,1.9756472358028594,False,-0.875328243226171,True,-1.4027807447645424,True,1,0,0.4557485252496692,False,1.0296504855485347,False,6,3,True,False,False,25.0,18.151077490677576,14.917600064740771,0.38992404306157114,23.0,False,2,2,2,3,-11.073535969588699,79.83000183105469,127743403.3262043,91.97278911564626,True,0.0,0,,,,0.0,0,,,,False,False,False,False,0,,none,0,0,False,-3,0.375,risk_on,6,False
VSEC,172.60000610351562,-29.11121688343552,11.610507586179942,8.699432099864012,-8.561743805789092,0.4960244243847061,False,0.8152458732286133,6.448429449850833,-19.511506641831232,-1.2755223383764558,False,False,False,True,24,40.0,True,0.37792994255881823,1.8958282878686845,False,-3.4051563196352146,True,3.180300910473921,True,2,0,0.49158287866051004,False,0.9792080048778363,False,7,1,False,False,False,25.0,25.39802285250041,12.798375177717148,0.27325156142897894,23.0,False,1,1,1,3,-18.457973450845788,211.6699981689453,78955873.14525604,50.816326530612244,False,0.0,0,,,,0.0,0,,,,False,False,False,False,0,,none,0,0,False,-3,0.375,risk_on,6,False
VSH,34.189998626708984,-47.15219116646403,194.41887260246017,119.00759612321963,101.74642021756652,0.2737109084853375,False,0.9020006696454391,11.611586370763373,50.41670988164635,5.167641931445499,False,False,False,False,25,41.66666666666667,True,0.41727140727480244,2.05029149377806,False,0.724742844155421,True,-10.45050195540701,False,0,1,0.5351606100255328,False,1.3266552816600359,True,3,1,False,True,False,25.0,22.47046328001084,22.22871827840329,0.4571427388093651,5.0,False,6,2,1,3,-12.198254153871414,38.939998626708984,118314564.89416885,93.60544217687075,True,0.0,0,,,,0.0,0,,,,False,False,False,False,0,,none,0,0,False,-3,0.375,risk_on,6,False
VST,160.7899932861328,-23.29901215987995,19.722993389266374,-22.98856068537226,-40.24973659102537,0.7207611472347115,False,1.2551954469556341,17.319490245012755,1.9461865134832612,14.490166968785756,False,False,False,False,24,40.0,True,0.3950770841541782,1.769135996454043,False,2.3838043171389014,True,14.833586901808783,False,0,1,0.6255155133593725,True,0.7491641930156929,False,4,2,True,True,True,55.0,21.266172184087313,21.95907713883316,0.7588277147701724,54.0,False,2,3,2,3,-5.128811343727335,169.48242724004464,1017649342.5416107,17.006802721088434,False,0.0,0,,,,0.0,0,,,,False,False,False,False,0,,none,0,0,False,-3,0.375,risk_on,6,False
VSXY,82.74500274658203,-17.2301673139861,192.9026645896709,179.63839918853566,162.37722328288254,0.536504111640094,False,0.9688406383270491,12.435797418536426,65.68883664792138,6.1786249487367995,False,False,False,False,23,38.333333333333336,False,0.44970108497415967,2.164331392101521,True,-0.6252863546030133,True,-9.79505099916953,False,0,1,0.5707408247117304,False,2.1002548390335307,True,3,0,False,False,False,25.0,22.02143868678919,12.658165056221659,0.5443370554918537,7.0,False,5,2,1,2,-10.03435359432796,91.9739990234375,138936704.73135072,96.5986394557823,True,0.0,0,,,,0.0,0,,,,False,False,False,False,0,,none,0,0,False,-4,0.25,risk_on,6,False
VTR,82.69000244140625,-17.250842315101057,25.614902985328047,25.16953882644406,7.908362920790957,0.4918728831845148,False,0.9057325101569118,5.079216898817753,-0.8707783957837667,-4.039993458848246,False,False,False,True,25,41.66666666666667,True,0.48802805414012385,1.0484752724431325,True,-3.4608199817299474,True,-1.5712411156515782,True,2,0,0.45140923813959705,False,0.5695191554306934,False,7,3,True,False,False,25.0,12.892400068612927,9.063082803857112,0.24030693739196018,24.0,False,1,2,2,4,-9.794266892492654,91.66823392794355,342799752.8974129,66.19047619047619,False,0.0,0,,,,0.0,0,,,,False,False,False,False,0,,none,0,0,False,-2,0.5,risk_on,6,False
VTRS,17.614999771118164,-3.5851158742974842,87.26380341476971,82.57751406201442,65.31633815636131,0.5383916594797461,True,1.0855336823534594,5.790522117610703,29.265690973339066,3.923297806762971,False,False,False,True,27,45.0,True,0.38605020322663686,1.037353355319356,False,1.4307331689052192,True,0.08522380297348864,True,2,1,0.4976671867607509,False,1.3460746564310477,True,6,1,False,False,False,45.0,14.4775571266904,8.742554274978499,0.6945520156049668,8.0,False,7,3,3,5,-4.4221406433115344,18.43000030517578,159190908.66960296,90.1360544217687,True,0.0,0,,,,0.0,0,,,,False,False,False,False,0,,none,0,0,False,-1,0.625,risk_on,6,False
VVV,30.549999237060547,-24.137077502389747,14.763329353600142,-10.147061067468977,-27.40823697312208,0.5487311161122592,False,0.9893484527246059,4.729950019348195,-8.285806131618845,14.162925918394409,False,False,False,True,17,28.333333333333332,False,0.5327424151510386,1.9664594288436814,True,-1.250534656520034,True,-0.09810558116531976,True,2,0,0.507887752975951,False,0.9286804955434292,False,5,2,True,False,False,25.0,18.272530920221083,10.527003874259085,0.7406142833707859,24.0,False,1,3,3,4,-4.739633527371023,32.06999969482422,94298408.29941864,27.61904761904762,False,0.0,0,,,,0.0,0,,,,False,False,False,False,0,,none,0,0,False,-2,0.5,risk_on,6,False
VZ,41.35499954223633,-19.620993335290237,13.107561245578992,8.204548278737644,-9.05662762691546,3.2898738692722898,False,1.130549726188978,13.952364941681852,-7.397653832844919,-14.004991867293914,False,False,False,False,26,43.333333333333336,True,0.4783967664565445,1.106308354050132,True,-5.952421923365565,True,-9.941199496380193,False,0,0,0.39735134815991174,False,0.5187565549060112,False,8,2,True,False,False,25.0,21.01799338205003,15.209762230576338,0.050184008264477324,18.0,False,1,2,2,2,-19.963226228462506,51.66999816894531,1151998931.8734767,50.0,False,0.0,0,,,,0.0,0,,,,False,False,False,False,0,,none,0,0,False,-4,0.25,risk_on,6,False
W,105.82749938964844,-11.106680657841562,84.36846093451042,34.17965728958296,16.91848138392986,0.22296265148709968,False,0.9039433715315648,6.557844115595808,45.34748377718856,3.286648775391332,False,True,False,True,24,40.0,True,0.42275222625656217,2.071103491889761,False,0.8393455113670387,True,4.520987051504632,True,2,1,0.5992424404477459,False,0.5339515542942455,False,2,2,True,False,False,35.0,14.427677825861245,13.427510964945483,0.8180803022952897,13.0,True,5,5,4,6,-2.6246787886616274,108.68000030517578,239237523.4130295,72.10884353741497,False,0.0,0,,,,0.0,0,,,,False,True,False,False,1,,power_play,6,6,True,0,0.75,risk_on,6,False
WAB,286.6600036621094,-6.159167095829632,50.76136433034053,47.22392364955432,29.962747743901218,0.4914831792018064,False,1.0729412834722178,6.833878492857923,6.788930519651126,2.294541064017208,False,False,False,True,24,40.0,True,0.4379537806171029,0.936947839199451,False,-0.40987711153274275,True,-0.30604606547300905,True,2,0,0.527127593370967,False,0.9383548049511025,False,5,1,False,False,False,65.0,16.592751393769763,6.833878492857923,0.613126642169089,51.0,False,4,2,2,5,-6.419293447361241,306.323829154746,230089055.47205964,79.79591836734694,False,0.0,0,,,,0.0,0,,,,False,False,False,False,0,,none,0,0,False,-1,0.625,risk_on,6,False
WAL,74.43000030517578,-21.33644417459093,12.79126822540011,-4.46787517286128,-21.729051078514384,0.3045497663910067,False,1.050571490736313,5.656320122545932,-2.448436315377178,-5.233003007947534,False,False,False,True,16,26.666666666666668,False,0.39606504001100196,1.0606027077969507,False,-2.1603768995168076,True,-2.5530204482364316,True,2,0,0.520470045236293,False,0.2979957065752947,False,5,2,True,False,False,25.0,10.787564621131521,6.704283008611693,0.20728928791149207,24.0,False,0,2,2,4,-8.551418032517965,81.38999938964844,96841407.69638824,32.857142857142854,False,0.0,0,,,,0.0,0,,,,False,False,False,False,0,,none,0,0,False,-2,0.5,risk_on,6,False
WAT,435.9949951171875,-1.6389961847176115,53.8878243138877,31.939772737557327,14.678596831904223,0.7392525828196985,True,1.0972496775603062,7.552844312928038,34.284527828163135,3.4070132742017645,False,False,False,True,22,36.666666666666664,False,0.44044576353575443,1.2847095436378455,True,1.496986162691642,True,2.5363946941140414,True,2,0,0.5327503211989199,False,0.9403274641495735,False,6,3,True,False,False,55.0,19.111627906039914,7.552844312928038,0.7865199209149583,3.0,False,6,3,4,6,-4.079951836825291,454.5400085449219,344191964.0918457,70.47619047619048,False,0.0,0,,,,0.0,0,,,,False,True,False,False,1,,power_play,6,6,True,0,0.75,risk_on,6,False
WAY,26.200000762939453,-33.87177821992664,51.35760584215063,-30.002670186148663,-47.26384609180177,0.258713675996847,False,0.9729828715212345,8.110686786718972,18.23105118838322,2.1044462928233587,True,False,False,False,21,35.0,False,0.48608137830832215,2.0863320269329706,True,1.1687620536365035,True,5.602584953317624,False,0,0,0.4866862506417345,False,0.7992301397154906,False,3,3,True,False,False,25.0,15.854107969493889,8.835872363727589,0.7502890790308113,18.0,False,1,3,4,5,-3.958943902207268,27.280000686645508,57015162.29717064,11.428571428571429,False,0.0,0,,,,0.0,0,,,,False,False,False,False,0,,none,0,0,False,-1,0.625,risk_on,6,False
WCC,365.8609924316406,-4.746024129775472,76.79318093538134,65.81525077023971,48.55407486458661,0.969783446049648,True,1.046657714415848,10.424728363345206,20.481544973455645,6.308586058463406,False,False,False,False,26,43.333333333333336,True,0.45546022390562735,1.4938419303806687,True,0.8081881095820678,True,-4.157131506030809,True,1,0,0.45604992949394124,False,0.8498550645173082,False,5,1,False,False,False,35.0,15.766908930278609,10.424728363345206,0.6282585357898044,3.0,False,6,2,3,5,-5.861213811810584,388.6400146484375,182031373.15344542,86.25850340136054,True,0.0,0,,,,0.0,0,,,,False,False,False,False,0,,none,0,0,False,-1,0.625,risk_on,6,False
WCN,152.9949951171875,-13.751519202748552,2.8863270409945407,-9.525246392985709,-26.78642229863881,0.6192444934964689,False,0.9750780244244184,3.6667870122513135,-4.9766096824030654,-1.5032554473326187,False,False,False,True,16,26.666666666666668,False,0.3573763925866146,0.720693777732595,False,-2.978772501654913,True,-0.5363490883811384,True,2,0,0.38874070430771623,False,0.6393517492353679,False,4,2,True,False,False,25.0,9.712321208839843,5.294294821416461,0.22433068354026534,24.0,False,0,2,2,4,-7.5335495532981795,165.4600067138672,231624038.50561827,28.29931972789116,False,0.0,0,,,,0.0,0,,,,False,False,False,False,0,,none,0,0,False,-2,0.5,risk_on,6,False
WDAY,186.2449951171875,-24.188954082578572,65.55110677083333,-21.81806978305002,-39.079245688703125,0.3938669281674172,False,0.737069477913907,4.706166404167478,55.30770343642135,-3.9330480177662164,False,True,False,True,22,36.666666666666664,False,0.49736515689514266,1.8646281290694189,True,-0.4580650332870441,True,0.056406859290514255,True,2,0,0.5329762392216734,False,0.8842650488051563,False,3,3,True,False,False,25.0,12.307915782457185,7.66731947363833,0.18747521270643097,24.0,False,1,2,2,4,-10.000486653168183,206.94000244140625,439757626.42531586,18.367346938775512,False,0.0,0,,,,0.0,0,,,,False,False,False,False,0,,none,0,0,False,-2,0.5,risk_on,6,False
WDC,395.32000732421875,-47.00736554830725,250.0906283092069,230.87513733946304,213.61396143380995,0.6029077792003777,False,0.8782927560614323,15.607604104603373,12.962648544291454,-10.43138924129493,True,False,False,False,25,41.66666666666667,True,0.41927102686960666,2.1659306272591383,False,-2.3503733775331312,True,-4.808688099834935,True,1,0,0.5570968942893224,False,0.8170343485193667,False,7,2,True,True,False,25.0,22.09529609608544,20.208940263764134,0.08503835604219165,22.0,False,4,2,3,3,-20.216348439808883,495.489990234375,3806429903.4281373,97.82312925170068,True,0.0,0,,,,0.0,0,,,,False,False,False,False,0,,none,0,0,False,-3,0.375,risk_on,6,False
WEC,103.80069732666016,-11.901111991177004,2.9973194919147295,-5.7337363012725735,-22.994912206925676,0.2321225738861932,False,0.9306825831668727,2.928690262995517,-9.213813383306546,0.6113203149253232,False,True,False,True,17,28.333333333333332,False,0.5155848803560739,0.7674521415480582,True,-1.0673961898215059,True,2.1761010615815923,True,2,0,0.5896874903458745,False,0.783167729039772,False,5,0,False,False,False,25.0,7.188687636279734,3.9402397510099876,0.5175545260199016,23.0,False,2,1,2,6,-3.4681498139798483,107.52999877929688,290185924.9813892,31.15646258503401,False,0.0,0,,,,0.0,0,,,,False,True,False,False,1,,power_play,6,6,True,0,0.75,risk_on,6,False
WELL,227.3000030517578,-9.486227947179449,38.993869607891355,37.888676821289025,20.62750091563592,0.5477669474573673,False,0.9979843129653785,4.280684380511633,10.61360441179211,-0.6859754877985735,False,False,False,True,20,33.33333333333333,False,0.39636218665213635,0.8513657904962659,False,-1.2929526281283303,True,-0.18005517984309716,True,2,0,0.4045264955743894,False,0.6327559872469786,False,5,2,True,False,False,25.0,8.868730929674308,6.520020732619229,0.34096225143002123,24.0,False,2,2,2,5,-5.844828464565488,241.41000366210938,606225853.650177,74.82993197278913,False,0.0,0,,,,0.0,0,,,,False,False,False,False,0,,none,0,0,False,-1,0.625,risk_on,6,False
WEX,172.22000122070312,-15.266912068534744,35.75595175162742,9.848196556718648,-7.412979348934456,0.39955211934401663,False,1.0391261248000545,4.151662899666064,3.7844996305302248,-11.029604430274976,False,False,False,True,27,45.0,True,0.4589573863176006,1.5396123941941064,True,-2.646019836424015,True,1.8450591393104787,True,2,0,0.3694439652821626,False,0.4023681313029424,False,7,3,True,False,False,25.0,18.321319259468837,8.483335563114167,0.1503879007627354,18.0,False,1,2,2,4,-15.566014516833448,203.97000122070312,105240589.6622467,52.17687074829932,False,0.0,0,,,,0.0,0,,,,False,False,False,False,0,,none,0,0,False,-2,0.5,risk_on,6,False
WFC,83.63999938964844,-11.799022495917145,14.573952601341178,6.976971119171971,-10.284204786481133,0.7388761324289378,False,0.9981045043459333,5.595409300965386,-2.3532773388880046,-2.8797065464933658,False,False,False,True,26,43.333333333333336,True,0.4385393672821736,1.1592768345117623,False,-1.1206643011610562,True,3.965198958874483,True,2,0,0.5766904620525015,False,0.37244215917025103,False,6,1,False,False,False,25.0,15.208172832537398,6.874701150119376,0.40314512157679266,18.0,False,3,1,1,5,-9.077072147003229,91.98999786376953,1175454070.3151994,48.57142857142857,False,0.0,0,,,,0.0,0,,,,False,False,False,False,0,,none,0,0,False,-1,0.625,risk_on,6,False
WFF,13.420000076293945,0.0,1178.0953034035501,179.29241531178252,162.03123940612943,296.8828791163415,False,1.3025918935139909,95.45454803867854,1018.3332952525897,507.23981197512853,False,False,False,False,13,21.666666666666668,False,0.44304129773463236,8.022899046731832,True,9.696586775051559,False,458.0041678145621,False,0,1,0.42301670850025685,False,100.13836947525245,True,4,1,False,True,False,,,,,,False,10,1,1,3,,,67592256.42413254,96.53061224489797,True,0.0,0,,,,0.0,0,,,,False,False,False,False,0,,none,0,0,False,-3,0.375,risk_on,6,False
WFRD,78.0250015258789,-29.751472713584683,28.486359692828067,22.695990359379927,5.434814453726823,0.3333689636570698,False,0.8523423543646935,9.330341091864362,-24.286380378780837,-4.882356836544011,True,True,False,False,20,33.33333333333333,False,0.4676998901673908,1.81223521795203,True,-3.3711452851488546,True,-2.126191255481358,True,1,1,0.29545600751336865,False,1.3100975592450688,True,4,3,True,False,False,25.0,22.654976351833316,12.957385982233314,0.09743477932441062,23.0,False,0,3,3,3,-20.4475937303927,98.08000183105469,79905906.9743454,63.87755102040816,False,0.0,0,,,,0.0,0,,,,False,False,False,False,0,,none,0,0,False,-3,0.375,risk_on,6,False
WGS,67.79000091552734,-59.531981516565956,96.43582791259777,-46.54206906343931,-63.80324496909241,0.22435046395431835,False,1.1564929038613176,22.40005510180723,11.167598268960678,-32.947574739202615,False,False,False,False,25,41.66666666666667,True,0.5027895231796901,3.9003118652260125,True,-2.2278154176230935,True,-7.251328072123197,False,0,0,0.3195678254231541,False,0.6743516064354046,False,3,4,True,False,False,25.0,38.681305800102464,36.62044049708222,0.08098803899889435,16.0,False,1,2,2,2,-35.548582697435606,105.18000030517578,70242441.49003105,5.578231292517007,False,0.0,0,,,,0.0,0,,,,False,False,False,False,0,,none,0,0,False,-4,0.25,risk_on,6,False
WH,73.62999725341797,-17.146188670815643,9.650030648237195,-2.721271655127111,-19.982447560780216,0.4181950755744626,False,1.0063076034233085,5.581964910586456,-13.288494616622593,8.183955178706736,False,False,False,True,24,40.0,True,0.38356367713626505,1.1332198259323198,False,0.8317747243600407,True,2.5630259289948665,True,2,0,0.5730843181971184,False,0.5831279461722803,False,5,1,False,False,False,35.0,14.238948193265196,6.783923581295745,0.6088736656724971,30.0,False,2,2,2,3,-5.569227611511041,77.97246108557025,84122963.73752365,35.034013605442176,False,0.0,0,,,,0.0,0,,,,False,False,False,False,0,,none,0,0,False,-3,0.375,risk_on,6,False
WHR,28.860000610351562,-68.49743160916655,0.0,-60.21469356408375,-77.47586946973686,0.4306376982691319,False,0.724296121607569,7.692311759365834,-48.491877138831285,-9.727866030024668,False,False,False,True,17,28.333333333333332,False,0.38776044901043055,1.5828392800318045,False,-6.308712181733768,True,-4.783896011677935,True,2,0,0.45223722962839075,False,0.259334644242977,False,8,3,True,False,False,25.0,29.430773769105844,14.24116605485233,0.03969604853428958,24.0,False,0,2,2,4,-28.262488345165725,40.22999954223633,95789077.31372681,1.9047619047619049,False,0.0,0,,,,0.0,0,,,,False,False,False,False,0,,none,0,0,False,-2,0.5,risk_on,6,False
WING,121.11000061035156,-57.16863407645712,23.783733793384386,-51.11749528515874,-68.37867119081184,0.3772531345863346,False,0.8442319298312828,14.67260882958625,-34.64173141915956,16.3624120673445,True,False,False,False,20,33.33333333333333,False,0.4723402561368466,2.8083041861628124,True,1.7918084930328355,True,13.30339723257612,False,0,1,0.7198302721727219,True,0.8901170474247477,False,3,1,False,False,False,45.0,24.09695713221788,20.072659100057766,0.8313610268834598,39.0,False,1,2,2,2,-4.063686106010511,126.23999786376953,143271453.0090027,4.013605442176871,False,0.0,0,,,,0.0,0,,,,False,False,False,False,0,,none,0,0,False,-4,0.25,risk_on,6,False
WIX,75.45500183105469,-48.15514270176615,86.63121756493052,-45.606256367453454,-62.86743227310656,0.16015654731421752,False,0.8674125772132464,5.963819350340211,16.19186786932425,-3.866729666603519,False,True,False,True,26,43.333333333333336,True,0.41039131375280974,2.373407991387327,False,-0.03922318326522428,True,3.903881819401467,True,2,0,0.5299024190649977,False,1.0630622147251438,False,3,1,False,False,False,25.0,20.938268039022248,11.722209762995856,0.4453146340963724,13.0,False,1,1,3,4,-11.614150868613283,85.37000274658203,79924790.01657256,5.850340136054422,False,0.0,0,,,,0.0,0,,,,False,False,False,False,0,,none,0,0,False,-2,0.5,risk_on,6,False
WK,73.3499984741211,-21.391061629745334,65.53824464183988,-15.796122190125805,-33.05729809577891,0.16443825984157429,False,1.0190215562273177,8.241722522815635,30.702066767943293,0.23230140507841668,False,False,False,False,27,45.0,True,0.45191751321105944,1.980003656399141,True,0.6206111902644929,True,2.976267046576142,True,1,1,0.5090440352441743,False,1.7418515986391503,True,3,3,True,False,False,25.0,16.944163738059284,13.35419706679678,0.6424790508874143,24.0,False,3,4,3,4,-6.057893501550016,78.08000183105469,114250585.97396469,22.380952380952383,False,0.0,0,,,,0.0,0,,,,False,False,False,False,0,,none,0,0,False,-2,0.5,risk_on,6,False
WLK,61.95500183105469,-49.133249008151836,12.866071640776223,-21.16713819087892,-38.42831409653202,0.33262433019393,False,0.9040334390658796,9.716730336284442,-47.76156204686555,-10.301140719858282,False,False,False,False,19,31.666666666666664,False,0.5533033893157192,1.748735697862437,True,-4.288124344403703,True,-2.4330679825910417,True,1,0,0.46981699868346694,False,0.9150691431548335,False,5,4,True,False,False,25.0,22.57683052864069,14.203855987378219,0.17481101269235763,23.0,False,0,2,2,3,-18.63015192054528,76.13999938964844,58957693.64345741,18.843537414965986,False,0.0,0,,,,0.0,0,,,,False,False,False,False,0,,none,0,0,False,-3,0.375,risk_on,6,False
WM,208.2100067138672,-14.45717382985585,7.5809213219887095,-2.6860786955253513,-19.947254601178457,0.4379745437599525,False,0.8677594094251095,4.178472055955585,-9.075122091640198,-1.3690190933633994,False,False,False,True,20,33.33333333333333,False,0.40902942372448403,0.6368838299646575,False,-2.70598215661423,True,1.839085263756135,True,2,0,0.4999322336424026,False,0.6535121569139586,False,4,3,True,False,False,25.0,8.735459179044502,5.115025000272989,0.3974234777444197,24.0,False,0,2,1,4,-5.263782612414225,219.77867858290804,456793636.722287,35.30612244897959,False,0.0,0,,,,0.0,0,,,,False,False,False,False,0,,none,0,0,False,-2,0.5,risk_on,6,False
WMB,72.7300033569336,-7.053982567674188,32.62260371171788,18.771844861597664,1.5106689559445599,0.6098298113676724,False,0.8837585193196327,4.681697541778354,3.1578561219463452,0.9437894189779472,False,False,False,True,24,40.0,True,0.44184318923157756,1.071231734881937,True,0.5074415195800634,True,3.104624912081877,True,2,1,0.620398270420202,True,1.1767164070558727,False,6,2,True,False,False,25.0,11.697501512756586,8.339065257073239,0.5993812739588747,22.0,False,3,3,2,6,-4.686238153904676,76.30587855127564,519902896.25166285,60.61224489795919,False,0.0,0,,,,0.0,0,,,,False,True,False,False,1,,power_play,6,6,True,0,0.75,risk_on,6,False
WMG,28.93000030517578,-15.67067040019321,23.909442405336144,-7.531232091690542,-24.792407997343645,0.3305164812782928,False,0.9536661834191161,9.592117487927597,2.1777675262335094,3.2476796307830513,False,False,False,False,24,40.0,True,0.3963075603342931,1.3475154486811605,False,1.8610273852962786,True,7.88737545774767,False,0,1,0.4857124015396751,False,1.4806683142274584,True,4,1,False,False,False,45.0,17.981773411392318,10.456272335362124,0.8612983852361576,25.0,True,2,4,3,4,-2.494101008477645,29.670000076293945,62238655.173540495,29.863945578231295,False,0.0,0,,,,0.0,0,,,,False,False,False,False,0,,none,0,0,False,-2,0.5,risk_on,6,False
WMS,125.54000091552734,-28.133991833675676,0.1675569148684275,-8.413650807256435,-25.67482671290954,0.5923273183298018,False,0.8974121126839483,7.654925052472598,-17.194210290379218,-0.40460303362392924,True,False,False,True,19,31.666666666666664,False,0.3640002134555577,1.0317282605548836,False,-2.53668385755489,True,-1.3593115213092255,True,2,1,0.40678914439056096,False,1.107062268116099,False,1,2,True,False,False,25.0,9.755109792471053,8.11693064975227,0.19872037471048778,24.0,False,0,3,3,4,-7.816570719169258,136.18499755859375,101317914.97702026,29.115646258503403,False,0.0,0,,,,0.0,0,,,,False,False,False,False,0,,none,0,0,False,-2,0.5,risk_on,6,False
WMT,111.37000274658203,-16.813243011167412,11.626765086409762,10.354415786419914,-6.906760119233191,0.3082598121858813,False,1.0087109940211318,7.2910142285430055,-10.21138583840424,4.347418011532378,False,True,False,True,27,45.0,True,0.5878843405006353,1.1653479973248528,True,1.278587519334204,True,6.819490182880816,False,1,2,0.613977788071102,True,1.4331846124704164,True,4,0,False,False,False,45.0,12.385945610179897,7.2910142285430055,0.6384651703376097,36.0,False,2,4,4,6,-4.477950736384018,116.59088514655902,2371931512.111822,52.721088435374156,False,0.0,0,,,,0.0,0,,,,False,True,False,False,1,,power_play,6,6,True,0,0.75,risk_on,6,False
WOLF,30.423900604248047,-58.606937953404014,105.56689332540752,-14.105301589421382,-31.366477495074484,0.608345360076264,False,1.049066776704339,21.101824688609774,25.978886479583263,18.889802355750707,False,False,False,False,25,41.66666666666667,True,0.39650328769613435,3.346700915102095,False,0.8911104146205285,True,-13.76445108580474,False,0,0,0.4843744936741368,False,0.6735288847302227,False,3,1,False,True,False,25.0,36.77720297711547,33.624884536194415,0.5479806126994152,5.0,False,2,1,1,2,-16.624008756344978,36.4900016784668,119094534.31452446,23.809523809523807,False,0.0,0,,,,0.0,0,,,,False,False,False,False,0,,none,0,0,False,-4,0.25,risk_on,6,False
WPC,63.34000015258789,-16.20119121663456,4.324750144179901,-0.18607581354066483,-17.44725171919377,0.26040037971856156,False,0.9989181472054723,4.262710382751931,-8.583263650295903,-3.010397224976702,False,False,False,True,16,26.666666666666668,False,0.42590916549285995,0.7420568825317606,False,-4.486909017619069,True,-1.8288849223077608,True,2,0,0.40396805690035764,False,0.5729544254401274,False,5,3,True,False,False,25.0,11.232438605205575,5.794130051786292,0.13966986801043024,24.0,False,0,2,2,4,-9.66360538778125,70.11570521989886,114197246.75453568,38.36734693877551,False,0.0,0,,,,0.0,0,,,,False,False,False,False,0,,none,0,0,False,-2,0.5,risk_on,6,False
WPM,138.375,-16.13257878144655,47.276765373912035,34.44098668249778,17.179810776844676,0.3561519071083128,False,0.8369807426737466,5.694662781588753,-4.186992780434862,-8.366992229950698,False,True,False,True,26,43.333333333333336,True,0.35132860953392636,1.1012395224153133,False,-0.8387127174425233,True,1.5372771055684797,True,2,0,0.5700145575711378,False,0.6067012167853016,False,5,1,False,False,False,25.0,18.42971436522198,6.019863828195573,0.23778203947331203,22.0,False,2,1,2,4,-14.047459296548903,160.99000549316406,244243550.2833069,72.38095238095238,False,0.0,0,,,,0.0,0,,,,False,False,False,False,0,,none,0,0,False,-2,0.5,risk_on,6,False
WRB,72.21499633789062,-5.391327502038279,14.841717133707078,-4.244094622012917,-21.50527052766602,0.2232205664412944,False,1.0427253723618661,5.386691943384322,8.976146021729225,3.326651836523764,False,True,False,True,24,40.0,True,0.4595310653956017,0.9403929871329276,True,1.9630792016675287,True,4.689754745614794,True,2,2,0.6011226519516959,True,1.6244417562756468,True,4,1,False,False,False,25.0,8.695049724581695,8.737793918966032,0.9437395413172378,0.0,True,3,4,4,7,-0.4891874857743894,72.56999969482422,251408079.50631714,33.197278911564624,False,0.0,0,,,,0.0,0,,,,False,True,False,False,1,,power_play,7,7,True,1,0.875,risk_on,6,False
WRBY,25.135000228881836,-17.155569866607557,52.42571605674114,5.876160367367889,-11.385015538285217,0.23584649069693311,False,1.0462763399300707,11.378558123366261,18.115598768075113,11.711112128363709,False,True,False,False,14,23.333333333333332,False,0.46979881058748585,3.2608812832589975,True,-0.32320514406461365,True,-7.010730335274906,False,0,0,0.4712162017728752,False,0.680319981550956,False,5,1,False,True,False,25.0,20.938435737220715,16.650087240236154,0.4591407964073069,6.0,False,0,1,2,2,-11.324745677309977,28.344999313354492,89757052.24576053,47.27891156462585,False,0.0,0,,,,0.0,0,,,,False,False,False,False,0,,none,0,0,False,-4,0.25,risk_on,6,False
WSC,17.049999237060547,-41.139321688908645,15.324597850891486,-22.80774624535419,-40.06892215100729,0.3319957714614503,False,0.7672043703882613,7.390019811815717,-10.543149214672788,-6.1640111971966505,False,False,False,True,15,25.0,False,0.3733376940772456,1.2763054718835154,False,-5.0631007705845725,True,-1.445086768931425,True,2,0,0.5102654330514701,False,0.334457198969058,False,7,3,True,False,False,25.0,18.524020169337412,10.029320592318475,0.1604274093155117,23.0,False,0,2,2,4,-15.552259603462327,20.190000534057617,51648050.572768405,17.210884353741495,False,0.0,0,,,,0.0,0,,,,False,False,False,False,0,,none,0,0,False,-2,0.5,risk_on,6,False
WSM,242.11500549316406,-3.838666031055493,44.04851218478591,29.708132262452146,12.446956356799042,0.3842690335645655,True,0.8868935496848069,6.0880118538506585,26.029000273785297,7.990637283129698,False,False,False,True,22,36.666666666666664,False,0.5006127952132277,1.4088018366603325,True,1.2077852626733199,True,4.225140900759872,True,2,1,0.5002652174542664,False,1.8904632480581847,True,4,2,True,False,False,25.0,12.072394142031634,8.760296129467687,0.8549584140296743,3.0,True,5,5,5,6,-1.750999192819136,246.42999267578125,262259740.52566606,69.31972789115646,False,0.0,0,,,,0.0,0,,,,False,True,False,False,1,,power_play,6,6,True,0,0.75,risk_on,6,False
WSO,281.57501220703125,-37.837591836533946,0.0,-23.557514858051597,-40.8186907637047,0.6288669699584281,False,0.9338417918128675,6.271864652934705,-31.230641813057712,-9.685017118602934,False,False,False,True,16,26.666666666666668,False,0.4147776691067897,1.2620263336974384,False,-3.436351641081618,True,-5.343392257520064,False,1,0,0.36070121197289456,False,0.5553795424041105,False,7,1,False,False,False,25.0,15.850474046584912,14.106365799071169,0.08106846594228298,12.0,False,0,1,1,2,-14.565500431170298,329.5799865722656,155086994.59317017,16.53061224489796,False,0.0,0,,,,0.0,0,,,,False,False,False,False,0,,none,0,0,False,-4,0.25,risk_on,6,False
WST,369.4750061035156,-1.933592598280598,60.20566791590569,40.61297346566741,23.351797560014305,0.3817569857722776,True,1.1432420740381235,5.865082365453185,42.327674102208015,1.9775906249352548,False,True,False,True,22,36.666666666666664,False,0.4601381207512373,1.166293161225616,True,1.542432433267771,True,1.2315729579382095,True,2,0,0.5185079020155002,False,1.00502727464025,False,4,1,False,False,False,55.0,15.064238561731141,5.865082365453185,0.7704345747566742,11.0,False,6,2,4,6,-3.4582283313907114,382.7099914550781,227907419.8537384,76.59863945578232,False,0.0,0,,,,0.0,0,,,,False,True,False,False,1,,power_play,6,6,True,0,0.75,risk_on,6,False
WT,22.78499984741211,-9.005594990681109,113.3739936835707,72.32087951590505,55.059703610251944,0.2545847893691372,False,0.8772638488241291,10.006586359071086,39.51610661612621,-1.2353699661125206,False,True,False,False,27,45.0,True,0.3820548603665741,1.3982318188353473,False,-0.6401595278945388,True,-6.542245152826897,False,0,0,0.435123404515293,False,0.6169540747980083,False,6,2,True,False,False,55.0,30.19951770553937,11.05990991722517,0.600623410442851,25.0,False,5,3,3,5,-12.060980387509057,25.90999984741211,67020003.885116,87.89115646258503,True,0.0,0,,,,0.0,0,,,,False,False,False,False,0,,none,0,0,False,-1,0.625,risk_on,6,False
WTFC,143.31500244140625,-13.837669418112275,20.934312125721412,10.64635275981145,-6.614823145841655,0.2510579525993039,False,1.0388253767849511,6.231034980598984,-1.9585959137045306,-2.8504621131167363,False,False,False,True,22,36.666666666666664,False,0.38592823845530283,0.7841080806514019,False,-2.725897000993263,True,-1.1757011314462273,True,2,0,0.45572748865456114,False,0.3148710567567527,False,6,1,False,False,False,25.0,10.611745814070312,6.231034980598984,0.3098723692309981,24.0,False,0,1,1,3,-7.32345899698722,154.63999938964844,76031530.66626282,52.85714285714286,False,0.0,0,,,,0.0,0,,,,False,False,False,False,0,,none,0,0,False,-3,0.375,risk_on,6,False
WTRG,38.95500183105469,-7.249995640345985,8.446209859221332,-0.19252275175589695,-17.453698657409,0.24733621102402692,False,0.9233198781024805,3.3371818147989294,0.21207612130429432,-5.08040701257344,False,False,False,True,23,38.333333333333336,False,0.4547791439746666,0.8489144085929212,True,-1.7734273177627848,True,-1.0792260678851417,True,2,0,0.5194031923809949,False,0.46176388983070005,False,6,2,True,False,False,65.0,12.073166684842999,3.9276152536962066,0.3073291811509486,21.0,False,1,2,2,5,-8.362730253691286,42.5099983215332,103187429.08668824,38.29931972789116,False,0.0,0,,,,0.0,0,,,,False,False,False,False,0,,none,0,0,False,-1,0.625,risk_on,6,False
WTS,354.3500061035156,-9.501713657209631,35.42808176438794,30.41532878164144,13.154152875988334,0.4225548612120331,False,0.9468367430150754,8.04289530382408,14.926711257567726,1.0523020597928978,False,False,False,False,23,38.333333333333336,False,0.35469487322680293,0.7539602431741054,False,-1.0572566247599802,True,-2.4017409989242733,True,1,0,0.4509944271272971,False,0.8020063198184165,False,5,1,False,False,False,25.0,8.260340898754013,8.04289530382408,0.4551391512228441,23.0,False,2,1,1,4,-4.500736353283763,371.04998779296875,71661096.81217957,69.8639455782313,False,0.0,0,,,,0.0,0,,,,False,False,False,False,0,,none,0,0,False,-2,0.5,risk_on,6,False
WTW,296.57000732421875,-15.164668437050965,23.345047594049582,-10.94444285602223,-28.205618761675332,0.3984971430062358,False,0.9335474243822813,5.681618224973312,3.717099884692443,-4.006743033183535,False,False,False,True,24,40.0,True,0.36735011991324384,0.9203820810186077,False,-3.54430988952419,True,2.758054944966637,True,2,0,0.5322882283007766,False,0.5616210105245674,False,7,3,True,False,False,25.0,16.419470194686387,5.681618224973312,0.23617885730789606,24.0,False,1,2,2,4,-12.541538486504301,339.0981297772487,169901756.79556274,27.074829931972786,False,0.0,0,,,,0.0,0,,,,False,False,False,False,0,,none,0,0,False,-2,0.5,risk_on,6,False
WU,6.13129997253418,-34.6185751173592,3.9203368377631165,-14.614711064674857,-31.87588697032796,0.3817479238653813,False,0.794138964363812,5.382217885021529,-27.810865490270675,-0.7880235785950762,False,True,False,True,18,30.0,False,0.5213386549647596,1.6171769305865218,True,-2.703019876007247,True,2.188332875569654,True,2,0,0.5025339223759492,False,0.3456529296975453,False,5,2,True,False,False,25.0,16.042351604785914,7.665589175773907,0.23296661883416525,24.0,False,0,2,3,4,-12.305019193270095,6.991620177267489,57878204.744160555,23.605442176870746,False,0.0,0,,,,0.0,0,,,,False,False,False,False,0,,none,0,0,False,-2,0.5,risk_on,6,False
WULF,13.619999885559082,-53.00207004589878,23.930847763551235,0.22074858450593648,-17.040427321147167,0.33168721651892585,False,0.7928171872308594,20.92511310878574,-29.9742963943169,-19.929455012979723,False,False,False,False,26,43.333333333333336,True,0.36038115715105734,2.2524152807657405,False,-2.7697476794426925,True,-12.072304152294343,False,0,0,0.36932446097587224,False,0.6728634219864043,False,6,2,True,False,False,25.0,27.488939646024363,22.980911459181232,0.10261573470432164,22.0,False,1,2,2,2,-24.668141908004813,18.079999923706055,437636611.5192232,38.63945578231293,False,0.0,0,,,,0.0,0,,,,False,False,False,False,0,,none,0,0,False,-4,0.25,risk_on,6,False
WWD,335.82501220703125,-22.985100239688382,36.479871064680665,33.899155908183374,16.63798000253027,0.4150914671278591,False,0.906717335603733,5.157450069127435,-15.731307552576645,4.377765400687639,False,True,False,True,25,41.66666666666667,True,0.4230356284268285,1.2584684173555576,False,-0.6339341542078887,True,1.268022782630407,True,2,0,0.5975821508256378,False,0.6093883364051211,False,6,1,False,False,False,25.0,9.946967637856433,6.533165084166083,0.6779198177612078,24.0,False,3,2,3,5,-3.2037211495241635,346.94000244140625,265700371.7477356,72.0408163265306,False,0.0,0,,,,0.0,0,,,,False,False,False,False,0,,none,0,0,False,-1,0.625,risk_on,6,False
WY,18.959999084472656,-28.17097454150421,2.652949590333109,-19.594713027824252,-36.85588893347736,0.6798057806575905,False,0.9870166387928236,5.116030380765555,-22.24626591612796,-10.650331300715631,False,False,False,True,15,25.0,False,0.5575615158162246,1.5147459588394239,True,-6.315955514750498,True,2.652949590333109,True,2,0,0.3966812661791249,False,0.6435259830834567,False,7,2,True,False,False,25.0,21.394745636211216,9.65189879784719,0.14084485961796991,24.0,False,0,2,2,4,-18.38140569051687,23.229999542236328,178600466.94611683,19.79591836734694,False,0.0,0,,,,0.0,0,,,,False,False,False,False,0,,none,0,0,False,-2,0.5,risk_on,6,False
WYNN,75.0,-43.23726366471183,0.04001437749554526,-38.727419666688235,-55.98859557234134,0.40822542340913565,False,0.9603317731070752,6.839996337890625,-26.857072108775103,-8.178256954233253,False,False,False,True,15,25.0,False,0.5126937289101674,1.6083908802660893,True,-5.9642756309455836,True,-1.1597223053119277,True,2,0,0.3290473211699287,False,0.3964627161362402,False,7,3,True,False,False,25.0,20.142482896863992,10.693328857421875,0.05466221114292525,23.0,False,0,2,2,4,-19.041450243812854,92.63999938964844,193422167.9428482,7.6190476190476195,False,0.0,0,,,,0.0,0,,,,False,False,False,False,0,,none,0,0,False,-2,0.5,risk_on,6,False
XEL,73.45999908447266,-10.425319647459819,5.865398084196238,-6.790245479662104,-24.05142138531521,0.4248852871674111,False,0.9295805209247242,3.9272999493485465,-7.258371650805106,1.604420447789523,False,False,False,True,20,33.33333333333333,False,0.526790881086295,0.9076551902204414,True,-1.0276845823380392,True,2.885150580630036,True,2,1,0.6415334828068807,True,1.180515197573982,False,3,2,True,False,False,25.0,10.103904500576999,6.663485848179201,0.6136865200753424,22.0,False,2,4,3,6,-3.90327450844431,76.44381086734096,425100501.8445908,30.408163265306122,False,0.0,0,,,,0.0,0,,,,False,True,False,False,1,,power_play,6,6,True,0,0.75,risk_on,6,False
XENE,36.59000015258789,-48.43573756387709,1.1891601410129793,-11.361431117728515,-28.62260702338162,0.20716457588538303,False,0.7444720508730605,8.649896385983558,-37.559725076193054,-7.949685150722285,False,False,False,False,17,28.333333333333332,False,0.5183978912134576,2.526976134224448,True,-10.431034939848477,True,-3.761179084583033,True,1,1,0.647532194780706,True,0.3417605224142419,False,6,4,True,False,False,,,,,,False,0,3,3,3,,,116733930.93001041,26.666666666666668,False,0.0,0,,,,0.0,0,,,,False,False,False,False,0,,none,0,0,False,-3,0.375,risk_on,6,False
XMTR,111.54499816894531,0.0,208.98892765579552,115.46261769873621,98.2014417930831,0.24824670614600136,True,1.1685518371504355,9.807703277592596,161.7812639548446,14.78184587225655,True,False,False,False,24,40.0,True,0.3938910787760089,2.1699704144926764,False,2.9684669532707204,True,8.792548031775427,False,0,2,0.6048871082920714,True,1.7994889399729017,True,3,1,False,True,True,25.0,26.509652730828698,13.196469104251818,0.9534066747258616,3.0,True,11,5,7,6,-1.2351728725919497,112.94000244140625,92214523.97961578,93.40136054421768,True,0.0,0,,,,0.0,0,,,,True,True,False,False,2,power_play,sepa_vcp,7,7,True,1,0.875,risk_on,6,True
XOM,168.89500427246094,-0.25100580756768354,57.077028702343455,53.91908330793209,36.65790740227899,0.3500249341611425,True,0.9188893047164701,5.257707248988432,12.121603492364109,3.274435126678088,False,True,False,True,28,46.666666666666664,True,0.47880255213490497,0.9860206552754125,True,2.2726002765616347,True,2.9784829761831277,True,2,2,0.607960246546436,True,2.3568107463146144,True,3,1,False,False,False,65.0,19.975502539631787,6.512922065033274,0.9595734353873939,0.0,True,7,4,5,7,-0.8075409440877035,170.27000427246094,2135974763.204979,82.31292517006803,True,0.0,0,,,,0.0,0,,,,False,True,False,False,1,,power_play,7,7,True,1,0.875,risk_on,6,True
XP,31.8700008392334,0.0,113.319958061309,100.54008450162111,83.278908595968,0.6796452016737862,False,1.6492290509387133,19.799187973422082,58.482186300942665,59.27036718986736,False,False,False,False,27,45.0,True,0.3567593939396586,1.567944162731999,False,8.01454347427334,False,48.232562042946036,False,0,2,0.6489700280501804,True,5.776930861126628,True,3,0,False,True,True,,,,,,False,8,2,2,4,,,272362620.92765033,92.04081632653062,True,0.0,0,,,,0.0,0,,,,False,False,False,False,0,,none,0,0,False,-2,0.5,risk_on,6,False
XPEV,9.869999885559082,-64.83790526232534,6.70270146550358,-56.91837646749707,-74.17955237315017,1.446625133579354,False,0.7404815426022394,8.55116385468013,-43.50314668865376,-7.062146968756933,False,False,False,False,22,36.666666666666664,False,0.38465722059972585,0.8227513525787079,False,-4.108044266746238,True,6.70270146550358,False,0,0,0.3357327081099696,False,0.5077009362479842,False,6,1,False,False,False,25.0,17.557250862332253,9.52380538280072,0.3529409756064247,24.0,False,0,1,1,3,-11.360577614013966,11.135000228881836,64082215.69586849,2.517006802721088,False,0.0,0,,,,0.0,0,,,,False,False,False,False,0,,none,0,0,False,-3,0.375,risk_on,6,False
XPO,182.75999450683594,-19.971975997524062,47.7923249996113,32.75223137764356,15.491055471990457,0.3554051599622906,False,0.897100355566343,3.9122397516848246,-13.85340572010051,4.8837845089445775,True,False,False,True,19,31.666666666666664,False,0.3701278388455817,1.1342243998231398,False,-1.1188191345854501,True,-1.7894577336700412,True,2,0,0.4869847276474605,False,0.5235288654903559,False,8,3,True,False,False,25.0,12.991320950060997,9.810685310509603,0.4836934787704952,23.0,False,2,2,3,5,-6.707503725901976,195.89999389648438,203319413.8997078,71.08843537414967,False,0.0,0,,,,0.0,0,,,,False,False,False,False,0,,none,0,0,False,-1,0.625,risk_on,6,False
XYL,102.45999908447266,-32.07174732475326,1.5662191455909857,-29.230795416771794,-46.4919713224249,0.40229139653836415,False,0.9418426851566607,4.382195885115882,-19.865593723689333,-4.741538294794823,False,False,False,True,19,31.666666666666664,False,0.428517270081328,1.0558116821551786,False,-3.1309514131847407,True,0.6582160948218618,True,2,0,0.4955675206018924,False,0.6856520674583348,False,3,2,True,False,False,25.0,10.487601662048366,6.33417716353763,0.33593063127154643,23.0,False,0,2,2,4,-6.9644950151919405,110.12999725341797,265841702.84882545,11.83673469387755,False,0.0,0,,,,0.0,0,,,,False,False,False,False,0,,none,0,0,False,-2,0.5,risk_on,6,False
XYZ,76.87000274658203,-9.40482719038932,56.58994195894223,-4.92269115974443,-22.183867065397536,0.6945594931268899,False,0.8903618718199763,5.847538163099517,19.697915424207157,0.7734713905702018,False,False,False,True,22,36.666666666666664,False,0.4925902392543846,1.3580302557953783,True,-1.0253055448183355,True,3.417194743652141,True,2,0,0.5703738406808923,False,0.6260681854234941,False,9,1,False,False,False,25.0,13.499280886631357,6.8817493515213375,0.4069152893624044,24.0,False,2,1,1,5,-8.006217098463386,83.55999755859375,318563610.23781013,32.31292517006803,False,0.0,0,,,,0.0,0,,,,False,False,False,False,0,,none,0,0,False,-1,0.625,risk_on,6,False
YETI,39.79999923706055,-24.44950833997961,23.94892083630138,19.987945233962744,2.72676932830964,0.25697144863725996,False,0.8475849647973042,4.824125679516925,7.946841307451047,-5.709547262934322,False,False,False,True,19,31.666666666666664,False,0.37105896546572165,1.4187852988207073,False,-2.7494337414440984,True,-2.6180565764327812,True,2,0,0.4934595062452174,False,0.797387078989575,False,4,3,True,False,False,25.0,11.541950858739419,12.236188040042054,0.15520646205200728,13.0,False,0,2,2,4,-9.750565500776343,44.099998474121094,74211404.64154434,61.63265306122449,False,0.0,0,,,,0.0,0,,,,False,False,False,False,0,,none,0,0,False,-2,0.5,risk_on,6,False
YOU,43.560001373291016,-29.70573283680602,49.70312707199631,43.03678849832699,25.775612592673887,0.1481722454499909,False,0.7199647253147754,6.990353702817753,-9.654776439938706,14.330716844722602,False,True,False,True,22,36.666666666666664,False,0.40178803682943803,1.5372534677358876,False,-0.4210971513598837,True,4.837550356529596,True,2,0,0.5960258735883539,False,0.8230603814490376,False,5,1,False,False,False,25.0,15.803528543523909,11.455458462931013,0.8816544931961102,24.0,True,2,3,4,4,-1.8702765947730793,44.39022129249248,88354091.62736893,77.75510204081633,False,0.0,0,,,,0.0,0,,,,False,False,False,False,0,,none,0,0,False,-2,0.5,risk_on,6,False
YPF,49.88999938964844,-13.400453287473091,101.90206895231522,87.62692404419884,70.36574813854574,0.716122653295935,False,0.9245221180892104,4.8707162455487545,14.663298814603154,-9.224890428094279,False,False,False,True,26,43.333333333333336,True,0.4571186956816969,1.4617983102401386,True,-1.0701031237119094,True,0.44292576769344727,True,2,0,0.3212442841830999,False,1.1997518464096515,False,4,2,True,False,False,45.0,17.29738812215179,9.30045990461804,0.20279711485365623,18.0,False,3,2,2,4,-13.789527716475503,57.869998931884766,59856023.074266054,90.68027210884354,True,0.0,0,,,,0.0,0,,,,False,False,False,False,0,,none,0,0,False,-2,0.5,risk_on,6,False
YUM,145.02999877929688,-12.973199254831869,6.972291516721363,3.6137144394541743,-13.64746146619893,0.5993743028005402,False,0.7016061445430972,6.977863340251324,-9.264379493435083,5.101813903820429,True,False,False,True,23,38.333333333333336,False,0.5204106929362524,1.2848062618368734,True,-0.08285546438475715,True,6.545697900178915,False,1,1,0.48487081966886636,False,1.4390662924088264,True,4,2,True,False,False,25.0,11.932583314660075,6.977863340251324,0.5920386128046645,24.0,False,1,3,3,5,-4.868033241872638,152.451382770247,327072208.6939949,43.06122448979592,False,0.0,0,,,,0.0,0,,,,False,False,False,False,0,,none,0,0,False,-1,0.625,risk_on,6,False
YUMC,43.029998779296875,-24.375230543780958,7.755418957771454,3.286707735137928,-13.974468170515177,1.2468709205692479,False,0.8778872961829223,7.854987599352343,-11.848957376838055,4.644941383816725,False,False,False,True,22,36.666666666666664,False,0.43171635486745286,0.6770418217767287,False,-1.5022225765120656,True,7.628812586249323,False,1,0,0.4175632857965084,False,0.48591343699444906,False,3,3,True,False,False,25.0,9.615381443259588,8.563796137182297,0.7846153429436653,24.0,True,1,4,4,5,-2.071005634622314,43.939998626708984,58623950.163072966,42.585034013605444,False,0.0,0,,,,0.0,0,,,,False,False,False,False,0,,none,0,0,False,-1,0.625,risk_on,6,False
Z,28.875,-62.99974415523765,6.431997394813371,-59.227619140881906,-76.48879504653502,0.6559058425040376,False,0.7693773545366304,8.623375830712257,-28.686098288417295,-3.1365296299673218,False,False,False,False,25,41.66666666666667,True,0.47776894753648175,2.1898618188073753,True,-2.9594318995706694,True,5.344765270862295,False,0,0,0.45072517089699343,False,0.4288187314598235,False,7,2,True,True,True,25.0,23.799999782017302,9.610388289282332,0.2647058756184286,24.0,False,1,2,3,4,-17.500000000000004,35.0,126719284.79651718,2.1088435374149657,False,0.0,0,,,,0.0,0,,,,False,False,False,False,0,,none,0,0,False,-2,0.5,risk_on,6,False
ZBH,88.94999694824219,-13.538688009729704,12.366568450303062,-7.669220901086515,-24.93039680673962,0.3520086434638279,False,0.8546897198924674,5.306353437481935,-6.207969437847338,-6.476159825653138,False,False,False,True,17,28.333333333333332,False,0.49750641145080887,1.3146688528027326,True,-2.7985103326593745,True,0.7475320261309149,True,2,0,0.48458271079128334,False,1.0220407699654146,False,5,2,True,False,False,25.0,11.93840729377195,5.531195433101744,0.1558077609389294,18.0,False,0,2,2,4,-10.078310784152356,98.91940167485843,200628708.24498558,29.727891156462583,False,0.0,0,,,,0.0,0,,,,False,False,False,False,0,,none,0,0,False,-2,0.5,risk_on,6,False
ZBRA,386.25,0.0,93.80330862297662,29.271390928029927,12.010215022376823,0.31181663620907546,True,0.8390298824392474,5.172810477346278,70.83904916463038,11.430053532319606,True,True,False,True,26,43.333333333333336,True,0.3646761449550633,1.0301197143838763,False,2.4401550258541738,True,2.764331148131971,True,2,1,0.5065047181310097,False,1.0219087113473138,False,2,1,False,False,False,25.0,13.920162639642522,6.954041514967638,0.9163605091275057,3.0,True,9,4,6,5,-1.1642753160420183,390.79998779296875,192723306.3264084,68.91156462585035,False,0.0,0,,,,0.0,0,,,,True,False,False,False,1,,sepa_vcp,6,6,True,0,0.75,risk_on,6,True
ZCSH,32.15999984741211,-22.62410493504796,624.596365286582,501.12150319039716,483.8603272847441,0.28521047253020965,True,1.259061385159341,23.103228958581713,235.5826182351359,-18.04281735018346,False,True,False,False,29,48.333333333333336,True,0.521220253315162,4.010939524836984,True,2.1723199062153413,True,-5.522917207847877,False,0,0,0.2981789242224785,False,0.681094949419808,False,7,1,False,False,False,,,,,,False,8,1,3,3,,,76213966.03971577,99.25170068027211,True,0.0,0,,,,0.0,0,,,,False,False,False,False,0,,none,0,0,False,-3,0.375,risk_on,6,False
ZETA,33.619998931884766,-0.3556690593131129,131.0652817262042,65.04662516818047,47.785449262527365,0.5811404521709705,True,0.9977353171500839,7.436050206500848,115.09915985747479,11.2140239529678,False,False,False,True,29,48.333333333333336,True,0.2927247581205461,1.5308542952522,False,2.6592333074305063,True,3.034011128908354,True,2,1,0.603932449961416,True,1.1156722053975348,False,7,1,False,False,False,25.0,19.454019249532838,20.136819647529677,0.8257015424171043,4.0,False,10,2,2,5,-3.3908055489815347,34.79999923706055,185538217.66363144,85.91836734693878,True,0.0,0,,,,0.0,0,,,,False,False,False,False,0,,none,0,0,False,-1,0.625,risk_on,6,False
ZION,62.64500045776367,-13.973655903445215,37.56033862169357,15.631507656551126,-1.6296682491019787,0.37331513906350616,False,0.9123342981629367,3.990741450605532,3.275436574573276,-3.9629047464937006,False,False,False,True,21,35.0,False,0.3842380115525929,0.8970035798403738,False,-3.637631850421504,True,-0.8310871084364457,True,2,0,0.5511881004037398,False,0.31988002318708053,False,5,4,True,False,False,25.0,13.360900183734278,4.932556676523965,0.20117421036368277,19.0,False,0,2,2,4,-10.673031639523556,70.12999725341797,104003650.03588028,57.006802721088434,False,0.0,0,,,,0.0,0,,,,False,False,False,False,0,,none,0,0,False,-2,0.5,risk_on,6,False
ZM,97.32499694824219,-13.00947502904155,33.83525208266101,17.684402103609575,0.42322619795647043,0.40025494227208364,False,0.773376238444876,5.044948560672443,17.542262513450503,9.63726554995199,False,False,False,True,25,41.66666666666667,True,0.44718635349145164,1.2980062588508599,True,-0.10493516452457047,True,4.785744860323682,True,2,1,0.6932586936709776,True,1.0857207884708553,False,4,1,False,False,False,25.0,16.498780192256266,12.273311142436116,0.7080615145272784,24.0,False,2,3,2,3,-4.816628901474629,102.25,265168148.05958787,59.591836734693885,False,0.0,0,,,,0.0,0,,,,False,False,False,False,0,,none,0,0,False,-3,0.375,risk_on,6,False
ZS,231.00999450683594,-31.302226765932517,95.68825797111754,-26.712350252463956,-43.97352615811706,0.7442395007824892,False,1.0086628304088976,14.886801526948993,88.39503289219688,17.07972092911032,False,False,False,False,32,53.333333333333336,True,0.43095940326711146,2.353795869127441,False,4.8215932630550835,False,17.502536793006218,False,0,2,0.5537900801074767,False,2.7916409439467387,True,2,2,True,False,False,25.0,31.183539609070532,18.90350726257212,0.9954255359877083,0.0,True,4,4,4,4,-0.14264797971756948,231.33999633789062,671666477.5166321,13.673469387755102,False,0.0,0,,,,0.0,0,,,,False,False,False,False,0,,none,0,0,False,-2,0.5,risk_on,6,False
ZSL,27.114999771118164,-81.41535236090813,76.18582954016972,-81.37706137742843,-98.63823728308154,0.36593411939122983,False,0.9511177585234823,11.395906983850459,22.4153509620572,17.78887589888567,False,True,False,False,22,36.666666666666664,False,0.3700461156331325,1.4580290666155113,False,1.4498504801902627,True,-1.2563704474031545,True,1,2,0.5096320894247452,False,1.41690714479796,True,1,1,False,False,False,25.0,25.603538679746368,11.395906983850459,0.6952191411663297,1.0,False,1,3,4,5,-7.803468507994193,29.40999984741211,107916717.09238891,0.20408163265306123,False,0.0,0,,,,0.0,0,,,,False,False,False,False,0,,none,0,0,False,-1,0.625,risk_on,6,False
ZTO,20.104999542236328,-22.314527843126907,10.411276587275808,7.054958543766321,-10.206217361886782,0.20723004988506108,False,0.6311678599863942,4.327286043482427,-19.900401447487614,-4.0791964674737,False,True,True,True,21,35.0,False,0.46256471871700716,0.7944717139816546,True,-3.991468493707397,True,3.1025617550580975,True,3,1,0.5832703266275981,False,1.0574467516440584,False,2,1,False,False,False,25.0,11.018780310502041,4.700331378708087,0.4908395259178353,24.0,False,1,2,2,5,-5.610327406702442,21.299999237060547,61648350.595257565,48.707482993197274,False,0.0,0,,,,0.0,0,,,,False,False,False,False,0,,none,0,0,False,-1,0.625,risk_on,6,False
ZTS,74.41999816894531,-48.5872043496681,7.698986703764743,-47.10279447374146,-64.36397037939457,0.3483496834465038,False,0.7926474316766415,7.538297162566387,-37.32118128480687,4.2296870847710055,False,False,False,True,24,40.0,True,0.5036451616159145,1.244328420322176,True,0.2541443972824334,True,6.787194090739113,False,1,0,0.5526924640705158,False,0.6014208640713213,False,5,1,False,False,False,25.0,9.322257431718727,7.847358386152352,0.7991515940255471,24.0,True,2,3,3,4,-1.8723605452442005,75.83999633789062,311064499.30530244,5.374149659863946,False,0.0,0,,,,0.0,0,,,,False,False,False,False,0,,none,0,0,False,-2,0.5,risk_on,6,False
