ticker,price,pct_from_hi,pct_above_lo,ret_1y,rs_vs_spy,vol_ratio,all_pass,atr_ratio,range5_pct,ret_6m,ret_15d,contracting_pbs,vol_dry_up,atr_compression,tight_range,hh_hl_count,hh_hl_pct,hh_hl_orderly,candle_quality,abr21_pct,candle_orderly,atr50ma_ext,not_extended_50ma,ret_5d,compression_1w,tightness_score,support_score,avg_close_in_range,close_in_upper_range,up_down_vol_ratio,accumulation_support,distribution_days,quiet_pullback_weeks,quiet_pullback,recent_expansion,post_expansion_tight,base_length,base_depth_pct,base_tightness_pct,base_close_position,pivot_age,breakout_ready,leadership_score,entry_score,sepa_vcp_score,power_play_score,pct_to_pivot,pivot,adv_usd,rs_pct_rank,rs_top_20,qm_breakout_vendor_score,qm_breakout_score,qm_breakout_entry_price,qm_breakout_stop_price,qm_breakout_stop_loss_pct,qm_episodic_pivot_vendor_score,qm_episodic_pivot_score,qm_episodic_pivot_entry_price,qm_episodic_pivot_stop_price,qm_episodic_pivot_stop_loss_pct,sepa_vcp_qualifies,power_play_qualifies,qm_breakout_qualifies,qm_episodic_pivot_qualifies,qualified_count,also_fits,primary_setup,primary_setup_score,setup_score,primary_setup_valid,best_family_excess,best_family_pct,market_regime,regime_score,regime_eligible
A,162.66000366210938,0.0,48.17193309854897,29.80151061681948,12.010447838125636,0.427054926191595,False,1.0585406155649502,9.768842390202105,45.81747957203872,5.733234226583495,False,True,False,False,28,46.666666666666664,True,0.4668076751806285,1.3216544109236534,True,3.8121463746475177,True,10.803814905071718,False,0,3,0.6951108743665159,True,1.4699367007102597,True,2,2,True,False,False,35.0,16.543509213979007,13.303823252457814,0.9597638802052529,16.0,True,7,7,5,6,-0.665646618559157,163.75,380375300.5980698,67.10801393728222,False,0.0,0,,,,0.0,0,,,,False,True,False,False,1,,power_play,6,6,True,0,0.75,risk_on,6,True
AA,44.72999954223633,-46.512943641195704,44.35873037408036,38.888571711492915,21.09750893279907,0.39838894188609864,False,0.9163233904782069,7.847087351110181,-19.95627723713097,-11.108903391274982,False,True,False,True,22,36.666666666666664,False,0.507906197701976,2.019686544447658,True,-1.83078639917867,True,-4.728437027961685,True,2,0,0.29078194703148064,False,0.37600330059141734,False,6,3,True,False,False,25.0,17.547807618252218,20.545492333464754,0.08012819990316539,20.0,False,1,2,3,4,-16.141733381554612,53.34000015258789,181610359.70674342,74.28571428571429,False,0.0,0,,,,0.0,0,,,,False,False,False,False,0,,none,0,0,False,-2,0.5,risk_on,6,False
AAL,13.472299575805664,-25.772452567706416,32.340856305829305,8.21124323054001,-9.579819548153836,0.7951697991672897,False,0.7770360350220594,7.051504488299839,24.628113347319957,-1.229477736774287,False,True,False,True,17,28.333333333333332,False,0.45670628134040214,1.307217240116616,True,-2.0993902383071656,True,2.8419784999591524,True,2,0,0.4400104758944606,False,0.40029929460049263,False,6,2,True,False,False,25.0,15.030468505245661,7.051504488299839,0.4154501234836258,24.0,False,1,2,3,5,-8.786058508724604,14.770000457763672,894336606.5512501,46.13240418118467,False,0.0,0,,,,0.0,0,,,,False,False,False,False,0,,none,0,0,False,-1,0.625,risk_on,6,False
AAOI,107.11000061035156,-51.9901399910075,449.56388849770894,269.47223682651395,251.6811740478201,0.7682802433343683,False,0.5373185909129208,14.685555122321754,11.85254617890914,0.8283886149011765,False,True,True,False,23,38.333333333333336,False,0.35205485211651877,2.0337855194910293,False,-0.8172417923152213,True,11.85254617890914,False,1,0,0.30379719681467343,False,0.6524236284150233,False,5,3,True,False,False,,,,,,False,4,2,3,4,,,721052874.4677055,98.04878048780488,True,0.0,0,,,,0.0,0,,,,False,False,False,False,0,,none,0,0,False,-2,0.5,risk_on,6,False
AAON,76.54499816894531,-48.26531186826419,4.4948517602751314,-16.038742211250444,-33.82980498994429,0.3316762303140809,False,0.6629631336044364,7.054675883537631,-4.4754340181657355,1.0192233338166323,False,True,False,True,14,23.333333333333332,False,0.46800901323780475,2.0594591715360417,True,-3.582691751301239,True,1.3304173169680134,True,2,0,0.4007503003602336,False,0.7997379443050604,False,3,2,True,False,False,25.0,16.83638071418431,9.445418904552678,0.211242217285509,24.0,False,0,2,3,4,-13.279826321057032,88.26665690538354,83680551.06450729,21.951219512195124,False,0.0,0,,,,0.0,0,,,,False,False,False,False,0,,none,0,0,False,-2,0.5,risk_on,6,False
AAP,42.130001068115234,-32.84294776665539,10.3551819225822,-26.786805017949757,-44.5778677966436,0.46243597300840056,False,0.626150486949793,9.4232165204185,-16.219210022385543,-1.794872798079461,False,True,True,False,20,33.33333333333333,False,0.4324914927544736,1.6330804475796872,False,-5.061576117311197,True,-6.398572230206357,False,1,1,0.43845567570566235,False,1.6157785719020916,True,4,1,False,False,False,25.0,31.410255255247527,10.111564273029456,0.07894743850849016,23.0,False,0,2,3,4,-28.930496059947895,59.279998779296875,72186765.59944192,14.21602787456446,False,0.0,0,,,,0.0,0,,,,False,False,False,False,0,,none,0,0,False,-2,0.5,risk_on,6,False
AAPL,339.0199890136719,-0.2257112315295573,38.73377319159162,38.60380553233329,20.812742753639444,0.43401352485882855,True,0.9690791199668687,3.2181004116749587,35.04512350834585,6.043157982155289,False,True,False,True,35,58.333333333333336,True,0.41776852513137747,0.9678946337852415,False,2.455140508595386,True,1.7833561549389199,True,2,1,0.6449780355297637,True,0.9213707135447955,False,4,0,False,False,False,65.0,20.553154655231253,8.660260993624362,0.9257605429059199,37.0,True,8,4,6,6,-1.5258550431750284,344.2730974331505,13655416436.247547,73.93728222996516,False,0.0,0,,,,0.0,0,,,,True,True,False,False,2,power_play,sepa_vcp,6,6,True,0,0.75,risk_on,6,True
ABBV,265.8949890136719,-0.02820325852049832,35.67108068670424,23.227322691253917,5.436259912560072,0.3367964267935046,True,0.9491717202249539,3.3095037706963066,31.756795941462546,4.07663749033409,False,True,False,True,24,40.0,True,0.41476847780645787,0.826658967544829,False,1.8613903340137048,True,1.5758108924337266,True,2,2,0.6224311910266479,True,1.5453913980872354,True,3,1,False,False,False,65.0,20.047911883018806,7.457751754392106,0.9706275820275114,37.0,True,7,5,7,7,-0.5888556473036544,267.4700012207031,1074948223.1485915,62.09059233449478,False,0.0,0,,,,0.0,0,,,,True,True,False,False,2,power_play,sepa_vcp,7,7,True,1,0.875,risk_on,6,True
ABCL,12.670000076293945,-0.47132339434351467,355.7554031182234,180.93125129253528,163.14018851384142,0.6340774241819425,True,0.8938807794685469,17.995269715202895,275.9644067225835,11.629952867484317,False,True,False,False,26,43.333333333333336,True,0.4204538694489859,2.7688533185697497,False,5.433038800441196,False,13.428827124034171,False,0,1,0.5581147196438995,False,1.5253139711111183,True,3,2,True,False,False,25.0,21.699548893245787,22.573011784764965,0.8216782797052814,2.0,False,12,2,3,4,-3.8695008882629445,13.180000305175781,55121516.25907974,96.30662020905923,True,0.0,0,,,,0.0,0,,,,False,False,False,False,0,,none,0,0,False,-2,0.5,risk_on,6,False
ABNB,167.44000244140625,-12.104985595062335,50.11655107320081,31.80100852859884,14.009945749904993,0.2784011200128555,True,0.8320741752551926,3.481781494581235,26.284038815948318,-11.608505033314309,False,True,False,True,29,48.333333333333336,True,0.31974322013918544,0.9582034488693233,False,0.012910646838346649,True,-1.8810381306109458,True,2,0,0.45324834470586683,False,0.9939851101535502,False,5,1,False,False,False,25.0,14.862989322720626,10.803803907430986,0.09529121447714066,19.0,False,3,1,4,4,-13.446677019397802,193.4530029296875,782044627.5479873,68.36236933797909,False,0.0,0,,,,0.0,0,,,,False,False,False,False,0,,none,0,0,False,-2,0.5,risk_on,6,False
ABT,102.83499908447266,-22.98937649271482,25.44628173782908,-22.661046733334857,-40.4521095120287,0.25238905011314916,False,0.9349741785283224,2.888122961194808,-0.6025736069780852,-8.566730711884162,False,True,False,True,24,40.0,True,0.4719931978805806,1.1134509397729242,True,-1.2780713449408148,True,-0.2473540231606841,True,2,0,0.38854807839789196,False,0.9035719538377126,False,7,2,True,False,False,45.0,15.34003797662261,7.837796110614982,0.19416681925455728,19.0,False,1,2,3,4,-12.361511595457685,117.33999633789062,894149072.6830295,16.72473867595819,False,0.0,0,,,,0.0,0,,,,False,False,False,False,0,,none,0,0,False,-2,0.5,risk_on,6,False
ABVX,103.57499694824219,-28.72135524847328,42.86206475619612,25.85053840533238,8.059475626638534,0.4853775405927103,False,1.0449442830771727,11.410090409524845,-10.262520714447664,-8.623733266401967,True,True,False,False,19,31.666666666666664,False,0.5310879035720262,2.0952577728469284,True,-3.587797130209077,True,-8.808773306496775,False,0,0,0.46590549469753073,False,0.6530101013817537,False,5,1,False,False,False,25.0,17.93307076149172,18.675351445684676,0.10337481765009224,24.0,False,0,1,3,3,-16.079242841616313,123.41999816894531,121057294.40109253,64.73867595818815,False,0.0,0,,,,0.0,0,,,,False,False,False,False,0,,none,0,0,False,-3,0.375,risk_on,6,False
ACA,146.42999267578125,0.0,64.54149558783577,53.23173170655764,35.4406689278638,0.3540769382521207,True,0.7796249335498454,0.9834067564249895,40.55689109781866,0.7915706953105062,False,True,False,True,22,36.666666666666664,False,0.5287568670893718,0.11371169764872516,True,3.5805925216271515,True,0.881845561915573,True,2,1,0.37203988836816543,False,0.6289338325176049,False,0,2,True,False,False,65.0,8.73264135212839,1.0243803011868158,0.9657428794031828,63.0,True,7,5,5,6,-0.2991551479286203,146.86935992673187,88889818.58023682,81.1149825783972,True,0.0,0,,,,0.0,0,,,,False,True,False,False,1,,power_play,6,6,True,0,0.75,risk_on,6,True
ACGL,96.27999877929688,-9.579267708552841,13.644944985870499,8.914023888462385,-8.87703889023146,0.4288867715674873,False,0.8894579692478167,2.8043175970861864,2.7973468019918846,-2.5900421422945463,False,True,False,True,24,40.0,True,0.39509275991043163,0.6467031686474033,False,-1.6300359284369905,True,-1.704949689613322,True,2,0,0.4645839456484757,False,0.8183646184034908,False,3,2,True,False,False,65.0,15.10878067894418,3.884501361848526,0.33189107218975983,38.0,False,2,2,2,5,-10.094311259929468,107.08999633789062,348920353.36683273,46.96864111498258,False,0.0,0,,,,0.0,0,,,,False,False,False,False,0,,none,0,0,False,-1,0.625,risk_on,6,False
ACHR,5.485000133514404,-59.78739006264395,23.536037451047665,-44.371193463481184,-62.16225624217503,0.5990218740095833,False,0.719275759670319,8.751139606006461,-6.876056742813541,-4.608693330184277,True,True,False,False,21,35.0,False,0.401029554607168,1.9062161651041576,False,-0.11550073111083284,True,-0.45372222012601826,True,1,0,0.4765399790689183,False,0.742215729107008,False,5,4,True,False,False,25.0,21.71253951952021,14.038285545731638,0.25704241432714253,24.0,False,0,2,3,3,-16.13149594024924,6.539999961853027,135258213.5649206,5.017421602787456,False,0.0,0,,,,0.0,0,,,,False,False,False,False,0,,none,0,0,False,-3,0.375,risk_on,6,False
ACI,12.1899995803833,-35.61675416721024,10.516771310017404,-28.998590097084552,-46.7896528757784,0.3758531088704444,False,0.8400788991386573,7.054960510919102,-27.029104573298525,-2.7134889052967903,False,True,False,True,26,43.333333333333336,True,0.48247993255210886,1.5456644724164637,True,-0.8667565746534763,True,-4.166671977352932,True,2,0,0.3694498808577952,False,0.9541618828883324,False,6,2,True,False,False,35.0,12.356098923035992,11.484820891899096,0.4782606635323749,4.0,False,1,2,2,4,-6.446662853433138,13.029999732971191,91847389.71475282,12.195121951219512,False,0.0,0,,,,0.0,0,,,,False,False,False,False,0,,none,0,0,False,-2,0.5,risk_on,6,False
ACM,62.37030029296875,-53.05245743250523,2.1793895109575745,-52.294703539155286,-70.08576631784914,0.21420526498898296,False,0.8051067414829277,5.94834250764526,-30.18171457823735,-9.830415000689374,False,True,False,True,25,41.66666666666667,True,0.4256872142300105,1.5433289161464594,False,-2.6609051180343037,True,-3.451545253589383,True,2,0,0.3544041534149206,False,1.1628410042706319,False,4,2,True,False,False,25.0,12.907799254072474,8.657969418960244,0.10662625602072513,15.0,False,1,2,3,4,-11.53148894614362,70.5,137373472.44532433,2.7874564459930316,False,0.0,0,,,,0.0,0,,,,False,False,False,False,0,,none,0,0,False,-2,0.5,risk_on,6,False
ACMR,73.05000305175781,-42.43044889027152,146.20830085579976,103.53860210102775,85.7475393223339,0.855208819791328,False,0.6834672326836635,14.537990832194058,62.94891828702656,-1.8408964672068318,False,True,False,False,19,31.666666666666664,False,0.3364329267263423,1.9105245559730928,False,-1.3095939639790433,True,9.25815492805706,False,0,0,0.39384399682555127,False,0.3868286884913391,False,6,2,True,False,False,25.0,26.95753227646761,21.80698102625535,0.44324579560070043,24.0,False,5,2,3,4,-15.00871943515316,85.94999694824219,61194767.7571373,91.84668989547038,True,0.0,0,,,,0.0,0,,,,False,False,False,False,0,,none,0,0,False,-2,0.5,risk_on,6,False
ACN,185.8350067138672,-34.26755193042818,51.1326932727622,-20.8742533690649,-38.665316147758745,1.1094014580224658,False,0.9374893742289914,9.110236135776983,-5.177274031045531,-1.9909255230909362,False,True,False,False,27,45.0,True,0.4157825418028385,1.4267592205197763,False,1.9837357456868754,True,-4.699996556991182,True,1,1,0.4250261954278491,False,1.4538998888492498,True,4,2,True,False,False,35.0,20.174067394077152,11.913793736256437,0.7041636543929188,4.0,False,1,4,3,4,-5.96822237389476,197.6300048828125,910110011.7699006,18.257839721254353,False,0.0,0,,,,0.0,0,,,,False,False,False,False,0,,none,0,0,False,-2,0.5,risk_on,6,False
ACVA,10.454999923706055,-0.238545988761929,151.92770321564035,0.5288491076267388,-17.26221367106711,0.40230357568286224,False,1.001852404589422,0.8608336034878483,117.35966835925686,46.0195551189136,False,True,False,True,19,31.666666666666664,False,0.39366675260740014,1.3821161351107405,False,5.574942221430586,False,0.4322773962876836,True,2,0,0.45541509509531003,False,0.33517463567383365,False,5,3,True,True,True,25.0,37.1428580511184,36.53754375454147,0.988461519181141,2.0,True,7,2,4,5,-0.4285721551804289,10.5,122522740.95924988,37.35191637630662,False,0.0,0,,,,0.0,0,,,,False,False,False,False,0,,none,0,0,False,-1,0.625,risk_on,6,False
ADBE,248.63999938964844,-32.0470064123613,28.555914731291153,-32.0470064123613,-49.83806919105514,0.5109898719002166,False,0.9173987116795589,8.136259562901724,0.40381198613499425,-14.709107862244197,False,True,False,False,27,45.0,True,0.474301658346793,1.5307208259874983,True,-0.7819932063579554,True,-6.385544549745658,False,0,0,0.4562245573912169,False,0.8873938437181786,False,3,2,True,False,False,25.0,18.00156333555379,9.88980520312189,0.13447763689668144,13.0,False,1,2,3,3,-15.580755637742572,294.5299987792969,1432233801.177606,10.731707317073171,False,0.0,0,,,,0.0,0,,,,False,False,False,False,0,,none,0,0,False,-3,0.375,risk_on,6,False
ADC,67.62000274658203,-16.05098835400307,0.10402220314960076,-0.9419750226071999,-18.733037801301045,0.367212680471544,False,0.9882317135243636,4.757472253748101,-8.789916874416303,-7.284762739037731,False,True,False,True,17,28.333333333333332,False,0.48811496244431124,0.7925659366354341,True,-5.915141418176895,True,-4.464532476990013,True,2,0,0.20291549962364175,False,0.16581843482836178,False,7,3,True,False,False,25.0,9.945057521375817,8.809524534843325,0.006298952717211787,23.0,False,0,2,2,4,-9.882414074278723,75.03530199124208,95961693.63377838,35.609756097560975,False,0.0,0,,,,0.0,0,,,,False,False,False,False,0,,none,0,0,False,-2,0.5,risk_on,6,False
ADI,381.42999267578125,-14.116882882185845,71.49224774292693,57.420835520661306,39.62977274196746,0.355658452253985,True,0.9037981396005387,6.019450986014703,22.886723016917855,5.752700063069027,False,True,False,True,22,36.666666666666664,False,0.4487997612054086,1.1971109063379095,True,0.8413316043179863,True,5.653427589389359,False,1,0,0.5843499122654161,False,0.8697805599730661,False,3,1,False,False,False,25.0,12.064423953436394,6.685368347967124,0.7001886395852935,24.0,False,3,2,5,5,-3.6170513580995323,395.74426602462603,1248641737.8756576,82.71777003484321,True,0.0,0,,,,0.0,0,,,,False,False,False,False,0,,none,0,0,False,-1,0.625,risk_on,6,False
ADM,84.30000305175781,-4.302410538871371,54.93404376161766,40.73488176003781,22.943818981343963,0.24724449939411833,True,1.0976043823425181,5.5753223939464425,25.59843107816544,3.3848443772888093,True,True,False,True,29,48.333333333333336,True,0.43149901009201796,1.5172735707432388,False,0.7234215467870666,True,-2.475704915787158,True,2,0,0.363091373760037,False,0.6994951897949165,False,4,1,False,False,False,65.0,19.810359354270783,6.1447213732547645,0.7468960063381713,7.0,False,6,2,6,6,-5.0140810684419,88.75,329282737.9218811,75.1219512195122,False,0.0,0,,,,0.0,0,,,,True,True,False,False,2,power_play,sepa_vcp,6,6,True,0,0.75,risk_on,6,False
ADP,270.92999267578125,-5.153788241136104,45.52286311341971,-4.522911058170054,-22.3139738368639,0.42816806241372135,False,0.7873371201549232,3.919829994568495,31.005944664521557,-5.153788241136104,False,True,False,True,30,50.0,True,0.46495958026434603,0.7776680216815247,True,0.6416567832455713,True,-2.0605184204243954,True,2,1,0.5497454544394647,False,1.3296774699877678,True,4,2,True,False,False,55.0,18.33680077963677,5.663565917445964,0.7095987229408067,13.0,False,3,4,4,5,-5.325030363586524,286.16855512734946,592816010.8410476,31.567944250871083,False,0.0,0,,,,0.0,0,,,,False,False,False,False,0,,none,0,0,False,-1,0.625,risk_on,6,False
ADPT,27.96500015258789,-2.2544580356642863,125.34246975369227,109.31886879661073,91.52780601791689,0.4026152916363457,True,0.9388508591174382,14.553912318846212,104.72181892363541,11.01627455219143,False,True,False,False,25,41.66666666666667,True,0.41389371115990653,1.8985265684027912,False,3.0437144919704,True,12.853104833281348,False,0,2,0.6254880873036328,True,3.374338709072485,True,3,3,True,True,True,25.0,18.24183417214477,18.77346673110661,0.8447618030366444,0.0,True,10,5,5,6,-2.831829446188283,28.780000686645508,51651443.36396217,92.75261324041811,True,0.0,0,,,,0.0,0,,,,False,True,False,False,1,,power_play,6,6,True,0,0.75,risk_on,6,True
ADSK,218.2698974609375,-32.81108560516418,16.27418284763207,-32.35507224788289,-50.14613502657673,0.2808249813969615,False,0.9876887649962586,8.99803391036242,-11.788758766835294,-16.262604774655685,False,True,False,False,25,41.66666666666667,True,0.4668998170136611,1.857885028724026,True,-1.5932619810462787,True,-4.656486941814109,True,1,0,0.5051167146978376,False,0.6880378448396584,False,5,2,True,False,False,25.0,24.0652138583408,12.05388276837501,0.18259513291527812,16.0,False,1,2,3,2,-19.671022935242465,271.7200012207031,562081600.7423096,10.452961672473867,False,0.0,0,,,,0.0,0,,,,False,False,False,False,0,,none,0,0,False,-3,0.375,risk_on,6,False
ADT,6.590000152587891,-23.081676982750775,5.425645082361452,-20.65832961604902,-38.449392394742866,1.0033871100205607,False,0.9269582853740824,8.95296113697657,1.9298191786512042,-11.91225843362228,False,True,False,False,23,38.333333333333336,False,0.46798726981504285,1.0657461013774527,True,-3.7489213173706606,True,-6.920900796587459,False,0,0,0.24704604934801971,False,0.5169315949593414,False,5,3,True,False,False,25.0,12.912187204617204,12.01874346666527,0.010250419067046818,11.0,False,0,2,2,3,-12.779831874697711,7.555592123051817,50830912.34703543,18.397212543554005,False,0.0,0,,,,0.0,0,,,,False,False,False,False,0,,none,0,0,False,-3,0.375,risk_on,6,False
AEE,101.81999969482422,-13.334743363840996,6.906534501471495,5.634192556536832,-12.156870222157014,0.35280347131078,False,0.8312379609409916,3.19190729693668,-3.4002431469785543,-3.3713430518890974,False,True,False,True,20,33.33333333333333,False,0.45370456263006387,0.7140362960344462,True,-3.7193033932782664,True,-2.0679056464710133,True,2,0,0.28063333955078773,False,0.6885747971662499,False,3,4,True,False,False,25.0,7.787423228083604,5.715969075101132,0.02797663904162662,23.0,False,0,2,3,4,-7.5695572993671245,110.15851133008482,145702975.23241043,42.508710801393725,False,0.0,0,,,,0.0,0,,,,False,False,False,False,0,,none,0,0,False,-2,0.5,risk_on,6,False
AEHR,96.36000061035156,-33.823226284980024,396.70104384080247,221.73622088714188,203.94515810844803,0.6341462970018357,False,0.6818640708771871,18.908158907397237,159.3808792799823,19.242672344449474,False,True,False,False,22,36.666666666666664,False,0.42166039779859077,3.465370220593046,False,0.4327567198831189,True,15.581141220847684,False,0,0,0.43157021368127735,False,0.9236294018701158,False,4,3,True,True,False,,,,,,False,7,2,3,4,,,238971612.52190018,97.5609756097561,True,0.0,0,,,,0.0,0,,,,False,False,False,False,0,,none,0,0,False,-2,0.5,risk_on,6,False
AEIS,262.3949890136719,-32.510488820519754,57.86453516152679,50.72055028285875,32.92948750416491,0.4572128603707838,False,0.7467502241779387,9.817258554999972,-20.380877577630685,-3.8212074007306196,False,True,False,False,22,36.666666666666664,False,0.4777248073366332,2.062160367752417,True,-2.211427198056271,True,3.1629576241811064,True,1,0,0.32045891531129655,False,0.7636566386458133,False,4,0,False,False,False,25.0,29.940013042226287,18.986640047014717,0.16788089210032048,24.0,False,1,1,3,3,-24.913656943202113,349.4576754326513,146948749.5087387,79.86062717770035,False,0.0,0,,,,0.0,0,,,,False,False,False,False,0,,none,0,0,False,-3,0.375,risk_on,6,False
AEM,197.1649932861328,-21.452273432837778,44.93383457938202,23.395095158119062,5.604032379425217,0.28227016058706267,False,1.0031717202181316,5.528369399457722,7.63394012171974,-4.192586661988528,False,True,False,True,29,48.333333333333336,True,0.42259447443766923,1.5410984831454826,False,2.557722598221676,True,-0.1948923106440681,True,2,0,0.4216560905365278,False,0.6743331974061683,False,7,4,True,False,False,35.0,36.060235874398614,8.084600707121247,0.6685135632219031,18.0,False,1,3,4,4,-11.953479099382092,223.93274744913757,497693078.0751602,62.4390243902439,False,0.0,0,,,,0.0,0,,,,False,False,False,False,0,,none,0,0,False,-2,0.5,risk_on,6,False
AEO,15.404999732971191,-44.315771889168985,9.69520291589503,-16.120951939425886,-33.912014718119735,0.42090117276264133,False,1.0719226787854306,5.485233895981586,-7.37003785867395,-8.684060660241077,False,True,False,True,23,38.333333333333336,False,0.42251556833301873,1.6260711504654437,False,-1.731484210757623,True,-0.1620257401822811,True,2,0,0.5094279731738831,False,0.7531974625594071,False,5,0,False,False,False,25.0,20.786511315614135,22.070754154271636,0.3527026365236756,17.0,False,0,1,3,4,-13.455053970467812,17.799999237060547,122579445.07921553,21.881533101045296,False,0.0,0,,,,0.0,0,,,,False,False,False,False,0,,none,0,0,False,-2,0.5,risk_on,6,False
AEP,120.28500366210938,-12.610294472231121,15.849145944830623,15.838318878888158,-1.9527438998056876,0.45569131973145427,False,0.8343791131279541,2.992890522108467,-4.564575918487501,-1.6556241819188022,True,True,False,True,20,33.33333333333333,False,0.4319009908899202,0.8092781869290562,False,-2.980924925278973,True,-1.5912620808366307,True,2,1,0.37062559139928497,False,1.3062630919270721,True,3,1,False,False,False,25.0,7.339445786334236,5.9525259298556215,0.1170555046839174,23.0,False,0,2,4,4,-6.480323255714627,128.6199951171875,427013097.697583,54.98257839721254,False,0.0,0,,,,0.0,0,,,,False,False,False,False,0,,none,0,0,False,-2,0.5,risk_on,6,False
AER,143.33999633789062,-7.417523961092998,20.608568099604874,20.217275724932282,2.4262129462384365,0.2891146448530578,False,0.8438925079853787,5.427653814750589,6.592574025599429,-2.8137561873409656,False,True,False,True,20,33.33333333333333,False,0.3856155937134987,0.7016229153362837,False,-1.5260120115688676,True,2.8116469806542144,True,2,0,0.34918872384475097,False,0.537673461582049,False,6,1,False,False,False,25.0,10.50255351559208,6.529929433155239,0.4093452221935955,24.0,False,1,1,2,5,-6.203383413151908,152.82000732421875,156133578.4717148,59.44250871080139,False,0.0,0,,,,0.0,0,,,,False,False,False,False,0,,none,0,0,False,-1,0.625,risk_on,6,False
AES,14.829999923706055,-12.0780230423423,19.480047898412955,19.29693712829943,1.505874349605584,0.2243720396693717,False,0.9940865974795605,0.5394465550749814,7.904253876720713,0.6788892367782351,False,True,False,True,19,31.666666666666664,False,0.38178445879651995,0.11588959425364699,False,2.2866602506959337,True,0.20270089584168982,True,2,2,0.32182543997402463,False,1.450572662873603,True,0,0,False,False,False,,,,,,False,1,3,3,6,,,111136534.12254572,58.67595818815331,False,0.0,0,,,,0.0,0,,,,False,True,False,False,1,,power_play,6,6,True,0,0.75,risk_on,6,False
AFG,142.09950256347656,-3.155791793697593,15.92948600245363,5.936994069205648,-11.854068709488198,0.26375067337634184,False,0.8510067842518173,3.5727060220240614,13.070399387479824,-1.0586914116452073,False,True,False,True,25,41.66666666666667,True,0.3036605632244871,0.40408666052654146,False,-0.45698564499341715,True,-1.113774821680813,True,2,0,0.5768079613995373,False,0.616013669069268,False,3,4,True,False,False,65.0,12.190994368664846,3.9268271390056926,0.6353675980034185,23.0,False,3,3,3,5,-4.445231559373064,148.7100067138672,53289812.07482834,42.857142857142854,False,0.0,0,,,,0.0,0,,,,False,False,False,False,0,,none,0,0,False,-1,0.625,risk_on,6,False
AFL,115.37000274658203,-10.49707468733294,11.430439542900018,9.016996362273687,-8.774066416420158,0.3145322973146053,False,0.9409842473311504,2.5916596971374464,9.284072532970722,-0.98694981944355,False,True,False,True,25,41.66666666666667,True,0.4466982788519478,0.6198843751749415,True,-2.6826110149189537,True,-1.4015890605138526,True,2,0,0.5133384047139351,False,0.6418205824466235,False,7,2,True,False,False,25.0,7.0183850549496825,3.891824353711869,0.20642195291157117,23.0,False,2,2,3,5,-5.569636305621584,122.17468855671704,265360801.88678208,47.10801393728223,False,0.0,0,,,,0.0,0,,,,False,False,False,False,0,,none,0,0,False,-1,0.625,risk_on,6,False
AFRM,71.33000183105469,-22.61878759502498,67.7169148327776,-22.61878759502498,-40.409850373718825,0.4598572937345202,False,0.9211361807755724,7.4162354966101445,54.52773411361633,-8.269033087101562,True,True,False,True,24,40.0,True,0.4733275948462901,2.539768069808249,True,-1.0112940901348624,True,-2.793670617462163,True,2,1,0.530159834696591,False,0.40787539545249857,False,2,2,True,False,False,25.0,26.990273112745644,12.43516405283524,0.21712422190189118,15.0,False,2,3,4,4,-21.13003106422121,90.44000244140625,438016486.47995377,16.864111498257838,False,0.0,0,,,,0.0,0,,,,False,False,False,False,0,,none,0,0,False,-2,0.5,risk_on,6,False
AG,19.219999313354492,-39.85387871115306,81.33452749629501,81.33452749629501,63.54346471760117,0.6652427215535887,False,1.0354088999049726,11.238293051921664,0.27485786422274394,-7.418116081640768,False,True,False,False,26,43.333333333333336,True,0.47799891606329226,2.321737420907956,True,0.60854150875873,True,2.23404304967203,True,1,0,0.4194310601828069,False,0.8199747618012653,False,4,3,True,False,False,35.0,33.76182717039675,18.522370411682658,0.603563737762871,15.0,False,3,2,3,3,-13.384412569728033,22.190000534057617,183318437.25187436,88.78048780487805,True,0.0,0,,,,0.0,0,,,,False,False,False,False,0,,none,0,0,False,-3,0.375,risk_on,6,False
AGCO,120.44499969482422,-13.788105169229492,22.341293477282065,10.984063802437127,-6.806998976256718,0.28664313144446796,False,1.186097505087592,6.309932743889311,6.142401756049609,6.221889358101396,False,True,False,True,25,41.66666666666667,True,0.4454345940949936,1.8720277177832292,True,1.4378871592095184,True,-1.5167647674943607,True,2,0,0.36310681488304397,False,1.0397950816428294,False,4,1,False,True,False,25.0,27.335945438172892,12.57835023028806,0.6014885063523232,10.0,False,2,2,4,5,-10.893688446837679,135.1699981689453,155782970.69052583,49.40766550522648,False,0.0,0,,,,0.0,0,,,,False,False,False,False,0,,none,0,0,False,-1,0.625,risk_on,6,False
AGI,35.125,-36.319782055303904,26.34957449095998,8.949498109554277,-8.841564669139569,0.39167826490373464,False,1.0050221306897158,6.291812340135676,-12.314457122037236,-4.318129318074759,False,True,False,True,28,46.666666666666664,True,0.3788907529455136,1.309464931542361,False,1.4661130691569566,True,-1.5002800047710485,True,2,0,0.37620915732497673,False,0.7992414514533901,False,6,3,True,False,False,35.0,29.353111478832684,10.758910363875843,0.6561921310482179,18.0,False,1,3,4,4,-10.091830704641557,39.06764009909981,127832912.14288655,47.038327526132406,False,0.0,0,,,,0.0,0,,,,False,False,False,False,0,,none,0,0,False,-2,0.5,risk_on,6,False
AGNC,9.989999771118164,-10.6435619282777,17.68312644488068,14.732191948562768,-3.0588708301310774,0.589195637832143,False,1.0384471174632968,3.4034050087854504,6.801088761465013,-7.3283857274761495,False,True,False,True,25,41.66666666666667,True,0.49603469874377887,0.9226409112663996,True,-2.9341224941223203,True,-0.9910840431858525,True,2,0,0.19093979714910084,False,0.16557309658530153,False,6,1,False,False,False,25.0,11.060382528219865,10.810810294795154,0.16427519867642684,22.0,False,2,1,2,5,-9.24343599095927,11.007468032971156,317766119.41188514,53.72822299651568,False,0.0,0,,,,0.0,0,,,,False,False,False,False,0,,none,0,0,False,-1,0.625,risk_on,6,False
AGQ,80.55000305175781,-79.88613309206004,35.287204926379665,23.165139407350054,5.3740766286562085,0.4977220516417068,False,0.9968687750373606,13.631288567274588,-20.499404565362834,-2.5644068757024185,False,True,False,False,32,53.333333333333336,True,0.42611916795161486,2.2733355743432253,False,1.1372881796983567,True,9.68137305826513,False,0,0,0.29990729481523315,False,0.39506944188919113,False,5,2,True,False,False,55.0,39.43055122816178,18.969591346723057,0.6101785843518734,15.0,False,1,2,3,3,-15.370873299548006,95.18000030517578,229504201.31422386,61.951219512195124,False,0.0,0,,,,0.0,0,,,,False,False,False,False,0,,none,0,0,False,-3,0.375,risk_on,6,False
AGX,381.4800109863281,-52.18924516502872,49.63915192082411,47.061352224442984,29.27028944574914,1.1562823811369964,False,0.6723174612010726,9.431689721645105,-17.49903278473649,-8.68003545164614,True,True,False,False,17,28.333333333333332,False,0.5617483534286807,3.231941564847978,True,-5.7503738235008965,True,-2.822495068568931,True,1,0,0.4256731711461231,False,0.5013130445116251,False,6,3,True,False,False,25.0,36.93038344192602,17.66278781124061,0.01960703297249977,24.0,False,1,2,4,3,-36.20628819609312,597.989990234375,179346891.66388854,78.95470383275261,False,0.0,0,,,,0.0,0,,,,False,False,False,False,0,,none,0,0,False,-2,0.5,risk_on,6,False
AHR,52.23500061035156,-9.502772859235819,32.021489672157344,26.398569590977417,8.607506812283571,0.30853080119743836,False,0.8830936992638018,3.943718482282891,9.774181603420207,-5.933726348601653,False,True,False,True,27,45.0,True,0.432474052301317,0.9045580461043671,False,-2.617676803296892,True,-2.181649592206014,True,2,0,0.17116065097945618,False,0.5573172544645317,False,8,2,True,False,False,65.0,22.419087026166796,6.79620789811388,0.508738749082613,38.0,False,2,2,2,5,-11.013628736900461,58.70000076293945,169378884.79349822,65.1567944250871,False,0.0,0,,,,0.0,0,,,,False,False,False,False,0,,none,0,0,False,-1,0.625,risk_on,6,False
AI,10.835000038146973,-44.88809703844831,39.6262850330898,-39.46927223992528,-57.26033501861913,0.418916423018697,False,1.0835001332544285,7.152742185525786,24.254583788433926,2.8964892014267996,False,True,False,True,25,41.66666666666667,True,0.4563466392338777,2.1477958558161685,True,1.844919219484714,True,-2.9991050658803697,True,2,1,0.5267096943194239,False,1.6128367238956232,True,3,0,False,False,False,35.0,19.296700613839285,12.136590454578302,0.7539863157492275,5.0,False,2,3,4,5,-4.747252411894742,11.375,57518979.31856022,7.595818815331011,False,0.0,0,,,,0.0,0,,,,False,False,False,False,0,,none,0,0,False,-1,0.625,risk_on,6,False
AIG,74.75499725341797,-12.002449633475521,5.991205086217288,-0.4982153570687209,-18.289278135762565,0.2911285275443466,False,0.9107055014452472,2.7289055729843392,0.8792961759444884,-2.1835548996936627,False,True,False,True,20,33.33333333333333,False,0.33128873240820766,0.5155532784032688,False,-1.6258378655869001,True,-1.3629692118127368,True,2,0,0.5341206604514809,False,1.0352168470682455,False,4,2,True,False,False,35.0,8.748770180892441,4.18251129631751,0.18338400237291236,31.0,False,0,2,2,4,-7.144385689279598,80.5067069000989,308575690.8018486,36.167247386759584,False,0.0,0,,,,0.0,0,,,,False,False,False,False,0,,none,0,0,False,-2,0.5,risk_on,6,False
AIT,320.3949890136719,-11.480873543828029,33.79884516057334,23.843942073981705,6.052879295287859,0.30082329117285794,False,0.893303083476671,3.7328896721814115,22.553349102255858,-0.5663870027054041,False,True,False,True,22,36.666666666666664,False,0.4403864722895279,1.105790147329412,True,-2.299176105475141,True,0.3712282166332237,True,2,0,0.5747523384157731,False,0.8365844325535092,False,5,4,True,False,False,25.0,13.5951088103904,4.831539667328431,0.165784412867447,24.0,False,1,2,3,5,-11.341251678390773,361.3800048828125,95467162.07687378,62.926829268292686,False,0.0,0,,,,0.0,0,,,,False,False,False,False,0,,none,0,0,False,-1,0.625,risk_on,6,False
AIZ,280.260009765625,-6.779166378636625,36.89619368161896,35.655230720586985,17.86416794189314,0.3080131494786321,False,0.8591515858000398,2.815498564826712,29.738612344872895,-1.5837270155003358,False,True,False,True,24,40.0,True,0.388030642941042,0.6079280476762465,False,-0.2625612510549711,True,-1.0625831767521299,True,2,0,0.3854421556370605,False,0.4944983080746258,False,3,2,True,False,False,65.0,14.970056178403752,3.2648232275936566,0.49859481549004786,31.0,False,3,2,3,5,-7.506063780256877,303.0036575584753,88483978.22649536,71.28919860627178,False,0.0,0,,,,0.0,0,,,,False,False,False,False,0,,none,0,0,False,-1,0.625,risk_on,6,False
AJG,238.27000427246094,-22.35466320640652,24.844710267211155,-19.548391484380588,-37.33945426307443,0.4061569508850025,False,0.8586429232753695,7.181851500035574,10.594184961498087,-10.709136494411108,False,True,False,True,28,46.666666666666664,True,0.46293502922541535,1.2392633135226978,True,-2.2730197587713383,True,-5.933674930207456,False,1,0,0.24444129163148393,False,0.399103087381877,False,7,2,True,False,False,25.0,12.712231561818852,8.776688551451231,0.02290586014481788,18.0,False,1,2,2,4,-12.421046963535288,272.06308823223077,343269060.8876526,19.303135888501743,False,0.0,0,,,,0.0,0,,,,False,False,False,False,0,,none,0,0,False,-2,0.5,risk_on,6,False
AKAM,116.19000244140625,-27.8949963500681,61.44226826549317,52.32040416988226,34.52934139118841,0.898474876708963,False,0.9475758016729995,12.376277606732726,1.538060064263469,8.113893292692453,False,True,False,False,21,35.0,False,0.39513107505310124,1.8482197689134252,False,0.46159991967041064,True,10.059678675079798,False,0,0,0.45054499054842123,False,1.0856504192592198,False,4,3,True,False,False,25.0,19.756334469054778,13.95989403553266,0.6215236829456775,24.0,False,2,3,3,3,-7.477304708341215,125.58000183105469,334763711.1466141,80.62717770034843,True,0.0,0,,,,0.0,0,,,,False,False,False,False,0,,none,0,0,False,-3,0.375,risk_on,6,False
ALAB,338.3349914550781,-29.954246376850968,237.42395809531897,37.98327718841499,20.192214409721142,0.8673107579610456,False,0.8307093979852008,25.839771232936886,173.13714697113292,16.880847766024097,False,True,False,False,21,35.0,False,0.5461913601402467,3.316047851395182,True,1.5470101652655244,True,31.6273654713751,False,0,1,0.5199987898215783,False,1.3093664537045866,True,4,1,False,False,False,25.0,28.91949152542373,25.839771232936886,0.8469840435172467,24.0,False,5,2,3,4,-4.425143656757591,354.0,1047592480.6097412,73.58885017421602,False,0.0,0,,,,0.0,0,,,,False,False,False,False,0,,none,0,0,False,-2,0.5,risk_on,6,False
ALB,113.58999633789062,-47.00694768047361,43.400417088693175,40.38662816024996,22.595565381556117,0.36862848333642456,False,1.0407174269933328,7.395018748738957,-31.80734623584994,-17.026295395159874,False,True,False,True,20,33.33333333333333,False,0.5164850786718542,2.0440322310600214,True,-2.013630384857775,True,-1.2518494798640534,True,2,0,0.3338220914841938,False,0.4421006962266088,False,8,2,True,False,False,25.0,24.848315850754858,20.22106810409115,0.15948953005004624,19.0,False,1,2,3,3,-20.885269633182844,143.57629206498987,297722692.7193939,74.77351916376307,False,0.0,0,,,,0.0,0,,,,False,False,False,False,0,,none,0,0,False,-3,0.375,risk_on,6,False
ALC,65.125,-24.932496035593132,5.006448757366377,-15.283047873948952,-33.0741106526428,0.44752991912289064,False,0.9658314114116014,5.213046668815979,-11.729368575001498,-9.561174742371536,False,True,False,True,24,40.0,True,0.5049573846002013,0.8157342395089466,True,-3.434129675355991,True,-3.8603453590720482,True,2,0,0.34634176452696275,False,0.7382634155523358,False,9,2,True,False,False,65.0,16.220468885385465,7.83109170690379,0.1039644159021067,28.0,False,1,2,2,4,-14.53411731205807,76.19999694824219,100426943.93565178,22.857142857142858,False,0.0,0,,,,0.0,0,,,,False,False,False,False,0,,none,0,0,False,-2,0.5,risk_on,6,False
ALGM,35.35499954223633,-49.21718163251284,55.06579265480016,12.416529998620884,-5.374532780072961,0.5206778260165159,False,0.6192617044113575,7.693399111641101,11.389413349673806,-1.1601926480749314,False,True,True,True,23,38.333333333333336,False,0.41592164506468066,1.7139900608988063,False,-3.4285369058665247,True,4.44608902793846,True,3,0,0.4008869471806139,False,0.8874595517258691,False,4,2,True,False,False,25.0,29.862608663178786,14.15641672441852,0.1930266474770899,24.0,False,0,2,3,4,-24.098329428005083,46.58000183105469,73332947.90032502,51.149825783972126,False,0.0,0,,,,0.0,0,,,,False,False,False,False,0,,none,0,0,False,-2,0.5,risk_on,6,False
ALGN,147.10499572753906,-25.520226915682652,17.797084371342574,11.960572654610058,-5.830490124083788,0.5555886702438084,False,0.805394778022084,4.717720433002966,-18.663609846786944,-6.647420980960595,False,True,False,True,20,33.33333333333333,False,0.42961118626000616,1.2115652860860646,False,-3.914646761486199,True,-3.8529439689287126,True,2,1,0.4330848127242004,False,1.266291640315749,True,5,3,True,False,False,25.0,19.731979494840093,7.192143121128577,0.04345983031953048,24.0,False,0,3,3,4,-18.874431014125893,181.3300018310547,131659823.17097779,50.801393728223,False,0.0,0,,,,0.0,0,,,,False,False,False,False,0,,none,0,0,False,-2,0.5,risk_on,6,False
ALHC,8.0649995803833,-67.16205311173917,0.0,-51.239424824867584,-69.03048760356143,0.7139324067838831,False,0.9469933984035734,52.69684093149094,-53.94060836686625,-40.785611981286415,False,True,False,False,19,31.666666666666664,False,0.39632421957507413,3.1484055439353407,False,-7.848096719675362,True,-37.673880665269664,False,0,0,0.3010627743286234,False,0.5499554939394765,False,5,3,True,False,False,,,,,,False,0,2,2,2,,,93916055.78530559,3.0662020905923346,False,0.0,0,,,,0.0,0,,,,False,False,False,False,0,,none,0,0,False,-4,0.25,risk_on,6,False
ALK,41.68000030517578,-30.77561710854686,21.906996137214406,-27.196506017160203,-44.987568795854045,0.48916992314221347,False,0.7389841089901458,7.437616246217107,7.895415875558909,-1.5122859032692948,True,True,False,True,22,36.666666666666664,False,0.43463203162045666,1.3285890064758321,False,-2.07256836517476,True,2.3827100037275617,True,2,0,0.4997894506071024,False,0.7003171212820973,False,4,2,True,False,False,25.0,14.718137885533144,7.437616246217107,0.41728757363617447,24.0,False,1,2,4,5,-8.576441838836358,45.59000015258789,93563484.29850273,13.797909407665504,False,0.0,0,,,,0.0,0,,,,False,False,False,False,0,,none,0,0,False,-1,0.625,risk_on,6,False
ALKS,44.310001373291016,-19.757333586080627,63.32474288229564,59.44584351752689,41.65478073883304,1.2585432991284289,False,0.9204980863752967,9.681789173026862,59.90618129655658,-6.538701717144823,False,True,False,False,21,35.0,False,0.3951154559403176,1.268041776697739,False,-3.090543134452653,True,-3.316605710309417,True,1,0,0.48131854991237705,False,0.8232882630484759,False,7,3,True,False,False,25.0,15.948528288482441,9.681789173026862,0.14669935429955538,22.0,False,2,2,2,4,-13.60888948653387,51.290000915527344,80117620.23439178,83.41463414634146,True,0.0,0,,,,0.0,0,,,,False,False,False,False,0,,none,0,0,False,-2,0.5,risk_on,6,False
ALL,245.73500061035156,-10.305793154196163,31.836284346774903,21.57296783638092,3.781905057687073,0.46065332811541865,False,0.8237131844329519,5.278043904404542,19.396253188881897,-5.304420227688212,False,True,False,True,24,40.0,True,0.4747884521557325,0.8396182754227831,True,-2.313224410307874,True,-4.930752798772775,True,2,0,0.44529003643827825,False,0.4310135195490607,False,7,2,True,False,False,55.0,14.789699189552577,5.469307346541701,0.257017444087385,37.0,False,2,2,2,5,-10.988488505032501,276.07103450236866,393241898.53773576,60.97560975609756,False,0.0,0,,,,0.0,0,,,,False,False,False,False,0,,none,0,0,False,-1,0.625,risk_on,6,False
ALLE,152.00399780273438,-14.472620162008399,21.904298287542744,-14.262778776054287,-32.05384155474813,0.46988144689794276,False,0.8188981499202214,3.0525508912404207,6.643984142359072,-3.13440804956866,False,True,False,True,20,33.33333333333333,False,0.4591612147995344,1.0102275096616298,True,-0.9505249619730309,True,-1.8315671675472989,True,2,0,0.427929414500576,False,0.288047608585786,False,6,3,True,False,False,45.0,21.20909957381668,4.988725275715364,0.49431357601099024,30.0,False,0,2,3,4,-10.725153719510194,170.26520250189827,217473448.5850006,23.414634146341466,False,0.0,0,,,,0.0,0,,,,False,False,False,False,0,,none,0,0,False,-2,0.5,risk_on,6,False
ALLY,40.137699127197266,-14.46230266188282,13.157873510749774,-6.585799516835511,-24.376862295529357,0.290840822374085,False,1.057435708072316,4.920557274253015,3.7520759078725874,-4.841870941683968,False,True,False,True,21,35.0,False,0.47042268568765117,0.9461384050067282,True,-2.901506841501065,True,-4.297328465728523,True,2,0,0.41143912414425926,False,0.5561185177418014,False,5,2,True,False,False,25.0,10.832587554900307,8.620322439280443,0.0615080506661139,24.0,False,0,2,2,4,-10.166296210728387,44.68000030517578,141404342.47568208,29.477351916376303,False,0.0,0,,,,0.0,0,,,,False,False,False,False,0,,none,0,0,False,-2,0.5,risk_on,6,False
ALM,14.359999656677246,-38.684886379600655,183.23469764245885,183.23469764245885,165.443634863765,0.6395825653853778,False,1.0348661661587486,13.927576934655574,-15.180157130374317,-20.399119024892375,False,True,False,False,18,30.0,False,0.5141736750822904,3.7299535981360674,True,-0.6220072134490781,True,-2.312926238091484,True,1,0,0.26789909692982056,False,0.3695484739474245,False,6,3,True,False,False,25.0,31.87660935599087,43.17549381038125,0.17903218065911808,9.0,False,3,2,2,2,-26.169670470968974,19.450000762939453,101116926.59729357,96.4459930313589,True,0.0,0,,,,0.0,0,,,,False,False,False,False,0,,none,0,0,False,-4,0.25,risk_on,6,False
ALNY,246.3000030517578,-49.85953290996059,19.865684335688314,-45.696268547153075,-63.487331325846924,0.32940517068450803,False,0.8959783594189954,4.640679063807943,-19.68303655173066,3.88021792973956,False,True,False,True,26,43.333333333333336,True,0.4312761876179958,1.896748544340287,False,-0.055196905030101676,True,-1.4760599865289992,True,2,1,0.4637412415476637,False,2.218161526294978,True,5,1,False,False,False,25.0,18.40267367557036,14.648796640365338,0.48512107837326107,9.0,False,1,2,3,4,-9.47514877712644,272.0799865722656,403760755.6711334,4.668989547038327,False,0.0,0,,,,0.0,0,,,,False,False,False,False,0,,none,0,0,False,-2,0.5,risk_on,6,False
ALSN,120.12999725341797,-11.250289431636308,53.15139790217409,37.48936129711711,19.69829851842326,0.4954440621107288,False,0.9883506589643011,6.3264785215042165,5.267401766250002,-4.900255269443199,False,True,False,True,20,33.33333333333333,False,0.4766658948465615,1.530307468668639,True,-0.5497308135575754,True,-2.7208686278043515,True,2,0,0.35051559077341327,False,0.32394508263227567,False,7,2,True,False,False,55.0,18.71112903416582,12.836099351447466,0.42333022386453173,17.0,False,2,2,3,5,-10.790142591374263,134.66000366210938,96785118.27845153,72.9616724738676,False,0.0,0,,,,0.0,0,,,,False,False,False,False,0,,none,0,0,False,-1,0.625,risk_on,6,False
ALV,117.62999725341797,-10.039878161149174,18.962755504130357,-4.392933534791532,-22.183996313485377,0.5158006721632534,False,1.0097569870733427,3.2559737486038234,14.380249738883188,-3.6372593204770043,False,True,False,True,24,40.0,True,0.4715018486005732,0.9881079542054546,True,-1.0494792868187786,True,-0.7341795329806167,True,2,0,0.39478469356132584,False,0.3945404027678506,False,7,2,True,False,False,65.0,10.724978837463668,7.48959057527504,0.3804914020269768,36.0,False,2,2,2,5,-6.6442166028874645,126.00183188763882,73282934.82316895,31.77700348432056,False,0.0,0,,,,0.0,0,,,,False,False,False,False,0,,none,0,0,False,-1,0.625,risk_on,6,False
AMAT,464.19500732421875,-35.72733459596269,145.5352338383025,145.5352338383025,127.74417105960866,0.8186134030759261,False,0.6657731899181594,11.467159195784138,28.601975334820185,0.5469261210484966,False,True,False,False,21,35.0,False,0.4450134464355794,1.5430350396513395,True,-1.8447532224618706,True,9.425760042093412,False,0,1,0.5227325477109593,False,1.2019101593940744,True,5,3,True,True,True,25.0,23.686107102631837,13.470631478727334,0.41249290226462015,24.0,False,4,3,3,4,-13.915756040516591,539.233413657786,2922417776.625293,94.98257839721255,True,0.0,0,,,,0.0,0,,,,False,False,False,False,0,,none,0,0,False,-2,0.5,risk_on,6,False
AMBA,68.48999786376953,-28.290235229940652,40.78108060764794,-17.412278292859273,-35.20334107155312,0.42969283555487725,False,0.9080260640248357,10.906698261057192,25.48551770989571,-3.029873244890824,False,True,False,False,18,30.0,False,0.3441246415765916,1.9355405015624267,False,-0.8025340593422878,True,7.049075263834492,False,0,0,0.4524281745788425,False,0.46296738319930086,False,8,2,True,True,False,25.0,29.277197960506324,14.089645221446832,0.4310057497917058,24.0,False,1,2,3,4,-16.658557301738096,82.18000030517578,120965673.19197159,20.76655052264808,False,0.0,0,,,,0.0,0,,,,False,False,False,False,0,,none,0,0,False,-2,0.5,risk_on,6,False
AMCR,42.272300720214844,-12.680785758907776,18.81700553735883,8.57709076030213,-9.213972018391715,0.4050921640323066,False,0.8021160852314336,2.7677655320658077,10.757005401106001,-8.121568994865259,False,True,False,True,20,33.33333333333333,False,0.4218801471583653,0.9210492432254944,False,-2.6956961370737167,True,0.05278276973927909,True,2,0,0.3423815126135728,False,0.33548621266967293,False,7,3,True,False,False,65.0,18.103793666002684,7.782876397721234,0.31598872760477337,19.0,False,0,2,3,4,-12.383198940663142,48.246797656521046,149187497.4738655,46.55052264808363,False,0.0,0,,,,0.0,0,,,,False,False,False,False,0,,none,0,0,False,-2,0.5,risk_on,6,False
AMD,609.35498046875,0.0,287.1624517642812,287.1624517642812,269.3713889855873,1.6790089613798767,True,0.8847136792388595,19.443507358815474,200.64880722761313,30.88083638538619,False,True,False,False,28,46.666666666666664,True,0.41734029964879715,1.5703203098460516,False,4.415507048320706,False,23.498708162804217,False,0,2,0.6248185141478557,True,2.4709611315601427,True,4,2,True,False,False,25.0,28.489097715306006,22.26288583999955,0.96219152011597,0.0,True,12,4,5,5,-1.0771294778833096,615.989990234375,10111117749.003473,98.25783972125436,True,0.0,0,,,,0.0,0,,,,False,False,False,False,0,,none,0,0,False,-1,0.625,risk_on,6,False
AME,241.84500122070312,-6.313844330722739,35.72304526555155,29.517363864227008,11.726301085533162,0.2721209432774312,True,0.9648406730130322,5.030084758220957,13.9798697975265,2.517433305196848,False,True,False,True,24,40.0,True,0.4152582555264618,0.8954940712330531,False,0.12659881852066507,True,3.6582313524549104,True,2,0,0.5641822806944996,False,1.012548777402408,False,6,1,False,False,False,55.0,13.267730413746676,5.241512933399205,0.45274007111673004,26.0,False,5,1,4,6,-7.260897202669403,260.77996651447484,319566991.7151306,66.96864111498257,False,0.0,0,,,,0.0,0,,,,False,True,False,False,1,,power_play,6,6,True,0,0.75,risk_on,6,False
AMG,362.8900146484375,-5.35187976471968,57.26586111509344,49.43721234384717,31.646149565153326,0.2817306820859541,True,0.9212641275585214,6.577749222533004,31.83370468167204,-2.15169212225661,False,True,False,True,26,43.333333333333336,True,0.3608615683861196,0.9987020833757594,False,0.0071563644025385,True,3.688783146707686,True,2,0,0.4454698428498814,False,1.0387293919177978,False,6,1,False,False,False,25.0,9.788986033925017,8.302792489895873,0.6241869979246726,15.0,False,6,2,5,6,-3.678828228682818,376.75,95478849.4030304,79.65156794425087,False,0.0,0,,,,0.0,0,,,,False,True,False,False,1,,power_play,6,6,True,0,0.75,risk_on,6,False
AMGN,394.2300109863281,-11.233446969145167,49.408530635324574,41.959302329414825,24.16823955072098,0.35649111894394914,False,1.0378476426532883,5.083329017692887,14.226019893414875,-8.831691701473144,False,True,False,True,27,45.0,True,0.41108938110846033,0.9830474641087659,False,-0.4841936077813028,True,3.3368311890768387,True,2,0,0.40758019778761573,False,0.8234310867387563,False,4,1,False,False,False,35.0,16.386901015556763,9.022653357928226,0.27922398973575147,18.0,False,3,1,3,5,-11.811285134588168,447.0299987792969,1148722705.202362,76.02787456445994,False,0.0,0,,,,0.0,0,,,,False,False,False,False,0,,none,0,0,False,-1,0.625,risk_on,6,False
AMH,31.174999237060547,-9.49818760251906,16.21293786548783,-2.7711569252689583,-20.562219703962803,0.5142257671855981,False,0.936963840912726,3.4001587550394077,15.537763779607715,-6.071320081111842,False,True,False,True,20,33.33333333333333,False,0.47334138169356976,0.7743242248513298,True,-3.573716612824825,True,-0.39936103209866625,True,2,0,0.32165437764396876,False,0.21863829722284894,False,7,2,True,False,False,25.0,10.553470947274587,4.393829612584658,0.07542959762080402,19.0,False,1,2,3,5,-9.757426880218823,34.54577829433255,79644661.02403727,34.00696864111498,False,0.0,0,,,,0.0,0,,,,False,False,False,False,0,,none,0,0,False,-1,0.625,risk_on,6,False
AMKR,51.75,-44.58018792309536,84.39741685028088,84.07175323062945,66.28069045193561,0.3777964284368502,False,0.6156312105764056,12.830916694972828,12.540261533011844,8.281608847227817,False,True,True,False,23,38.333333333333336,False,0.42722727923454906,1.842864552347092,False,-0.8542154666439618,True,9.82597872043296,False,1,0,0.5875473613078668,False,0.5832143564392744,False,4,1,False,False,False,25.0,27.141246226939703,13.178743371641003,0.3851529660704079,24.0,False,3,1,3,3,-16.687714739786607,62.11568898676427,209393071.7753811,89.05923344947735,True,0.0,0,,,,0.0,0,,,,False,False,False,False,0,,none,0,0,False,-3,0.375,risk_on,6,False
AMLX,32.150001525878906,-18.93595146350775,182.51319158671544,141.54771233887578,123.75664956018194,0.2088447881851138,True,0.8404572978961717,7.604981294339179,137.62011944119052,-7.455382923004505,False,True,False,True,23,38.333333333333336,False,0.3995805192350278,2.17005162454387,False,3.1690517806675227,True,-4.429244621889106,True,2,0,0.4109260711336522,False,0.5695974010381231,False,6,4,True,False,False,,,,,,False,7,2,4,5,,,62375361.230022624,94.70383275261324,True,0.0,0,,,,0.0,0,,,,False,False,False,False,0,,none,0,0,False,-1,0.625,risk_on,6,False
AMP,535.25,-6.208381777966066,25.205178885834822,10.793500309783388,-6.997562468910457,0.5841655236816763,False,1.1239206112016653,5.337694035351472,21.668756557210788,-4.303441144429899,False,True,False,True,28,46.666666666666664,True,0.3548682783057436,0.8197974691102184,False,-0.9688676581979038,True,-4.169796065377362,True,2,0,0.45717014432795244,False,1.149111347592655,False,4,2,True,False,False,65.0,22.695055145481906,5.985995154133582,0.7128736990810739,25.0,False,2,3,3,5,-6.516347233073261,572.5599975585938,276388844.29747313,49.33797909407666,False,0.0,0,,,,0.0,0,,,,False,False,False,False,0,,none,0,0,False,-1,0.625,risk_on,6,False
AMR,176.4250030517578,-29.331060538735198,28.627149563495855,6.216132792799245,-11.5749299858946,0.39638591117917304,False,1.1572824463718225,15.559017414435969,-12.064497454003842,-22.01520294230306,False,True,False,False,28,46.666666666666664,True,0.46441619100968556,2.5440297054199923,True,-0.06893152785450815,True,-10.828911999400292,False,0,0,0.19902249006476536,False,0.6792405625462621,False,5,2,True,False,False,25.0,32.98969072164948,34.35454134160928,0.17406253814697265,12.0,False,1,2,3,2,-27.247421421955544,242.5,71635881.64493255,43.41463414634146,False,0.0,0,,,,0.0,0,,,,False,False,False,False,0,,none,0,0,False,-3,0.375,risk_on,6,False
AMRZ,38.584999084472656,-40.689053186328,2.783692443952712,-22.495668609531517,-40.28673138822536,0.44660884276013085,False,0.8128999349051981,5.662816147306934,-29.312003524466988,-13.622116261251527,False,True,False,True,17,28.333333333333332,False,0.5403653305065562,1.3127138324200225,True,-6.5875303351279735,True,-2.1430413750014754,True,2,0,0.2871640365658688,False,0.22035262960066707,False,7,2,True,False,False,25.0,19.96126413897962,15.82220989268624,0.12925852677617372,24.0,False,0,2,2,3,-17.381100543785045,46.702388119949866,176636815.24488068,16.933797909407666,False,0.0,0,,,,0.0,0,,,,False,False,False,False,0,,none,0,0,False,-3,0.375,risk_on,6,False
AMT,174.6999969482422,-9.145051746776078,7.766329215032219,-6.135940955476804,-23.92700373417065,0.37896617079589306,False,0.9354501150456098,3.995418345431914,0.923408445976448,-0.8681829520454265,False,True,False,True,29,48.333333333333336,True,0.39950965077574696,0.888833774376059,False,0.4411762380206314,True,-1.2659689512018901,True,2,0,0.44677115356648234,False,0.6908678182117828,False,9,0,False,False,False,55.0,11.559287580291391,4.6079010832168255,0.6998088274874126,17.0,False,2,2,4,5,-3.4699960921378614,180.97999572753906,378602579.3387459,30.034843205574912,False,0.0,0,,,,0.0,0,,,,False,False,False,False,0,,none,0,0,False,-1,0.625,risk_on,6,False
AMX,22.454999923706055,-18.1121429944172,14.247763495834608,12.717657127653093,-5.073405651040753,0.2556091848804931,False,0.819574145006916,5.277227242561659,-4.078179030635232,-3.127697894412207,False,True,False,True,16,26.666666666666668,False,0.48015152389863014,0.8908683751408101,True,-4.032719804041074,True,-2.8763014333410997,True,2,0,0.4589430915025196,False,0.6737554105884518,False,4,2,True,False,False,25.0,8.254037372511657,5.321761773471537,0.1403511623348997,23.0,False,0,2,2,4,-7.095573633323948,24.170000076293945,68959543.76393013,51.56794425087108,False,0.0,0,,,,0.0,0,,,,False,False,False,False,0,,none,0,0,False,-2,0.5,risk_on,6,False
AMZN,258.42999267578125,-9.009927937381478,30.00150983646559,11.642473408355936,-6.148589370337909,0.7285365185222495,False,0.7510425640157373,5.711409250145898,22.979915021600394,-3.0026649476116662,True,True,False,True,22,36.666666666666664,False,0.3813600593025789,0.7549134128674208,False,0.43949739981179675,True,1.9286895634369694,True,2,1,0.5612693856084026,False,1.4570203312126353,True,4,2,True,False,False,25.0,8.693375212691189,5.711409250145898,0.6074803508603899,15.0,False,2,4,4,6,-3.4123205883245245,267.55999755859375,8263559115.2085085,50.452961672473876,False,0.0,0,,,,0.0,0,,,,False,True,False,False,1,,power_play,6,6,True,0,0.75,risk_on,6,False
AN,169.74000549316406,-26.193578290931995,0.8616152266200938,-22.073271606996602,-39.86433438569045,0.5457063907550784,False,1.05342962681803,24.34900465036168,-10.375412619362622,-15.168170023590156,False,True,False,False,19,31.666666666666664,False,0.4448933258010888,2.150117459209309,True,-4.181196491241211,True,-17.437614418654157,False,0,0,0.35029463631887275,False,0.5750574091022548,False,6,0,False,False,False,25.0,22.517709419734487,28.072350426071154,0.09456379132362738,10.0,False,0,1,2,2,-20.388349445080635,213.2100067138672,109425955.67298889,17.282229965156795,False,0.0,0,,,,0.0,0,,,,False,False,False,False,0,,none,0,0,False,-4,0.25,risk_on,6,False
ANET,205.22999572753906,-2.5035649750408284,76.72436113098993,37.1766558988565,19.385593120162657,0.520805429733845,True,0.8738014088176868,7.255274423635533,51.03767173436322,5.041452860355133,False,True,False,True,24,40.0,True,0.4466851476840163,1.6522623852924565,True,2.1867701142171487,True,9.275330597621956,False,1,1,0.4569460794181192,False,0.7733496326806406,False,1,2,True,False,False,25.0,12.060350274810688,9.569750912884231,0.9637968972977949,16.0,True,7,5,6,6,-0.43662209962354037,206.1300048828125,961452430.570015,72.75261324041811,False,0.0,0,,,,0.0,0,,,,True,True,False,False,2,power_play,sepa_vcp,6,6,True,0,0.75,risk_on,6,True
ANF,137.1999969482422,-9.784327132861726,109.11445766180283,50.93508761843293,33.14402483973909,0.17836683097004322,False,0.9625399847895459,6.508752283674686,56.782074733191344,-7.559628998197054,False,True,False,True,26,43.333333333333336,True,0.4868504459022886,2.4681621994578635,True,3.357065806775817,True,-2.432085256506522,True,2,1,0.31255485302045216,False,1.4891331899910247,True,7,1,False,False,False,25.0,35.29828661553927,15.53936428457909,0.67110779391584,8.0,False,4,2,3,5,-11.609331355975694,155.22000122070312,359990657.7354431,79.93031358885018,False,0.0,0,,,,0.0,0,,,,False,False,False,False,0,,none,0,0,False,-1,0.625,risk_on,6,False
AON,291.739990234375,-23.305619101599994,0.0,-16.550041547180516,-34.34110432587436,0.3361369567149347,False,0.9212180059206635,7.040518692147985,-10.060322401252487,-17.912212930608916,False,True,False,True,22,36.666666666666664,False,0.4946290102241734,1.3870883505696878,True,-6.257574833038113,True,-6.3555298733619425,False,1,0,0.2757157532974098,False,0.6385752810936814,False,7,2,True,False,False,25.0,19.4316220413292,10.327691057577322,0.004267858251532717,19.0,False,0,2,2,3,-19.348690632859444,361.7300109863281,580501114.715509,21.533101045296167,False,0.0,0,,,,0.0,0,,,,False,False,False,False,0,,none,0,0,False,-3,0.375,risk_on,6,False
AOS,56.95000076293945,-28.39492523989624,2.71578166497517,-20.345136017403263,-38.136198796097105,0.41017715659218373,False,0.735952840358997,2.8621549281500607,-11.448279715488074,-5.680689374792102,False,True,False,True,21,35.0,False,0.4132093533389345,0.9572971350374604,False,-2.9269126537649894,True,-0.7493905492705233,True,2,0,0.3775182453544995,False,0.7658208597019676,False,7,1,False,False,False,25.0,11.858316576202764,6.812988940191375,0.0605262378575842,19.0,False,0,1,3,4,-11.14057728652098,64.08999633789062,81007597.0071907,18.536585365853657,False,0.0,0,,,,0.0,0,,,,False,False,False,False,0,,none,0,0,False,-2,0.5,risk_on,6,False
APA,44.125,-6.928917650252686,108.4874181849249,94.48022110051917,76.68915832182533,0.5013678723053423,True,1.057389290405001,8.747868092134384,14.611831833742105,3.7259027982157855,False,True,False,False,30,50.0,True,0.4590233009357531,1.4895657353146998,True,2.5477605380125086,True,-2.009768607217821,True,1,0,0.5546860805358896,False,0.90367918882563,False,4,2,True,False,False,35.0,27.192238795552726,10.039660748273725,0.743023316675819,4.0,False,6,3,5,6,-6.987771337840265,47.439998626708984,235073874.4220686,90.87108013937282,True,0.0,0,,,,0.0,0,,,,False,True,False,False,1,,power_play,6,6,True,0,0.75,risk_on,6,False
APD,281.6600036621094,-10.353607220638228,24.48790592724146,-0.3390622983780567,-18.130125077071902,0.4450888986732151,False,0.8950454021204766,3.9977311720598285,2.3421486402797065,-8.578659803934286,False,True,False,True,21,35.0,False,0.42279421426723784,0.7965024254115053,False,-3.029102099441947,True,-1.905060818334059,True,2,0,0.38210283632606956,False,0.656169057256707,False,7,3,True,False,False,65.0,14.745001718290323,7.835690917157984,0.28469269716335255,54.0,False,1,2,2,5,-10.54720740943198,314.8699951171875,313821800.95387876,36.37630662020906,False,0.0,0,,,,0.0,0,,,,False,False,False,False,0,,none,0,0,False,-1,0.625,risk_on,6,False
APG,37.529998779296875,-24.028344898661103,11.563613139795281,7.381968412124396,-10.40909436656945,0.34610733010519285,False,1.0499602350921307,3.7303532411815743,-9.479016864348221,-5.4421766746007405,False,True,False,True,19,31.666666666666664,False,0.355382510114105,1.1927638597930876,False,-2.077548925072982,True,1.1045254827847906,True,2,1,0.5481012113154661,False,1.212063362448109,True,4,1,False,False,False,25.0,20.867632722820538,13.296034747593682,0.20895510248235907,24.0,False,0,2,3,4,-16.50723438865934,44.95000076293945,140172546.34590608,44.87804878048781,False,0.0,0,,,,0.0,0,,,,False,False,False,False,0,,none,0,0,False,-2,0.5,risk_on,6,False
APH,80.58499908447266,-8.592336958911007,35.47054217975039,30.74393401776927,12.952871239075424,0.5096449453264895,True,0.9227958006336917,5.398025095912998,23.52732042996768,2.1744595894095387,False,True,False,True,24,40.0,True,0.4517852652442544,1.2500754163028736,True,0.21621540497865904,True,2.5907014050323474,True,2,0,0.38491900568467086,False,0.9421556396875402,False,4,0,False,False,False,25.0,11.949318755274419,9.604772080534065,0.4703307060901575,24.0,False,5,1,4,6,-6.32918722780984,86.02999877929688,922538196.272363,67.8048780487805,False,0.0,0,,,,0.0,0,,,,False,True,False,False,1,,power_play,6,6,True,0,0.75,risk_on,6,False
APLD,28.7549991607666,-42.08459561521115,40.40527247798307,40.40527247798307,22.614209699289223,0.7770807763007928,False,0.7321182181595046,18.883674017227893,5.48422200782237,13.476712658306544,False,True,False,False,19,31.666666666666664,False,0.4822743826876009,2.945692353734522,True,0.6648719748122462,True,16.985350895115303,False,0,1,0.45937742524506237,False,2.0387648719311673,True,5,1,False,False,False,25.0,26.56201221505574,20.03130028513719,0.6341606550997785,24.0,False,2,2,2,3,-9.717429147987676,31.850000381469727,406327461.1207821,74.8432055749129,False,0.0,0,,,,0.0,0,,,,False,False,False,False,0,,none,0,0,False,-3,0.375,risk_on,6,False
APO,127.5,-15.452709526434028,28.19391096412611,-10.459507119227018,-28.25056989792086,0.2879514931054549,False,0.928027932571072,5.341174555759804,16.41330915486443,-5.583526111524984,False,True,False,True,24,40.0,True,0.2691060950955365,0.7661572792989616,False,-0.26015756418550806,True,-0.6312817192782316,True,2,0,0.3322716232674716,False,0.5192619224512907,False,5,2,True,False,False,45.0,19.233703367734332,9.686279296875,0.4131321632391732,25.0,False,1,2,3,4,-11.287641888321676,143.72292960524467,302247591.9889938,26.202090592334493,False,0.0,0,,,,0.0,0,,,,False,False,False,False,0,,none,0,0,False,-2,0.5,risk_on,6,False
APP,329.7250061035156,-55.05384172891238,10.427345238449304,-49.24106090426814,-67.03212368296198,0.6865332134266448,False,0.8267171684680802,8.989313549101022,-28.156662526729058,3.7654191749036725,False,True,False,False,22,36.666666666666664,False,0.5169077970353174,2.4387249527055004,True,-1.505774398795686,True,-1.350821045588646,True,1,0,0.5135942687387913,False,1.1159795434897324,False,6,1,False,False,False,25.0,12.070697162597611,11.600576023036478,0.7890550683918116,5.0,True,1,3,4,5,-2.5462523874273058,338.3399963378906,1489737380.5572753,3.554006968641115,False,0.0,0,,,,0.0,0,,,,False,False,False,False,0,,none,0,0,False,-1,0.625,risk_on,6,False
APPF,212.1875,-25.595236184315983,48.03090932123191,-24.641298973411985,-42.432361752105834,0.2592443509285518,False,0.9930702177799657,8.057597052190722,27.0812112647276,-9.511068689797197,False,True,False,False,32,53.333333333333336,True,0.4999705856727791,1.7848337420575926,True,1.242420729531158,True,-4.364039901868388,True,1,1,0.5287115486362104,False,1.4975066736537588,True,4,3,True,False,False,45.0,34.25056985043123,12.908394410438145,0.6989694903304507,13.0,False,1,4,4,3,-10.310466498547811,236.5800018310547,69675998.67643356,15.609756097560975,False,0.0,0,,,,0.0,0,,,,False,False,False,False,0,,none,0,0,False,-2,0.5,risk_on,6,False
APTV,43.86000061035156,-50.53569243704739,1.1998164650043774,-48.569416934608,-66.36047971330184,0.24270391488119084,False,0.7875579076465217,3.1235725326493204,-38.207947962759356,-4.13114620688183,True,True,False,True,21,35.0,False,0.45000340909872316,1.4532196929854044,True,-4.488759193431946,True,-2.076356968444215,True,2,0,0.39436199146391154,False,0.5231570408298981,False,5,2,True,False,False,25.0,14.888134810846973,10.966706547328512,0.11569139896982837,23.0,False,0,2,4,4,-13.165705666528682,50.5099983215332,235769816.728084,3.902439024390244,False,0.0,0,,,,0.0,0,,,,False,False,False,False,0,,none,0,0,False,-2,0.5,risk_on,6,False
AR,34.07229995727539,-24.53532933382968,13.460869724280467,7.483593492872709,-10.307469285821137,0.5891349626165238,False,1.0490229423571305,16.435633876031716,-19.94290681894144,-11.385437500130212,False,True,False,False,26,43.333333333333336,True,0.37829642324204854,1.3103544022976679,False,-2.093270710665956,True,-10.57138760669889,False,0,0,0.29493255558976694,False,0.6348358773326669,False,6,2,True,False,False,45.0,18.2044264150478,18.95968012894083,0.16151647772102054,11.0,False,1,2,2,3,-15.26411158155777,40.209999084472656,133517808.91056061,45.08710801393728,False,0.0,0,,,,0.0,0,,,,False,False,False,False,0,,none,0,0,False,-3,0.375,risk_on,6,False
ARCC,19.53499984741211,-0.8403138421262613,17.6621435558739,0.13612574761370233,-17.654937031080145,0.7073560038415514,False,0.9146286027663051,3.224976532825827,12.319710200587085,0.3525873700921167,False,True,False,True,28,46.666666666666664,True,0.39200790440153194,0.48511803552025246,False,1.772035395279432,True,1.1128372462940073,True,2,2,0.44748314549681956,False,1.2157791967206653,True,2,1,False,False,False,65.0,12.80673804818441,4.059223564461811,0.8838388536396699,2.0,True,5,4,3,7,-1.487645372813562,19.829999923706055,81605710.43442011,37.00348432055749,False,0.0,0,,,,0.0,0,,,,False,True,False,False,1,,power_play,7,7,True,1,0.875,risk_on,6,False
ARE,53.849998474121094,-34.310237798970476,35.0077027278789,-33.71575302746707,-51.506815806160915,0.2231765906256692,False,1.0647807755307945,10.863507223556285,15.09574506769933,4.421172760886605,True,True,False,False,22,36.666666666666664,False,0.5020274489099458,1.872949440359075,True,1.4455106021076232,True,3.6374122843532364,True,1,1,0.5209351466246697,False,1.5299826289544673,True,5,2,True,False,False,25.0,20.076816070318298,14.948931225929684,0.7017391038977582,1.0,False,1,3,4,4,-5.9881291520130215,57.279998779296875,97882981.95178623,9.686411149825783,False,0.0,0,,,,0.0,0,,,,False,False,False,False,0,,none,0,0,False,-2,0.5,risk_on,6,False
ARES,126.18000030517578,-28.19718713436329,35.28648858233836,-28.19718713436329,-45.98824991305713,0.3749111334476438,False,0.961494049323605,7.199445095017454,20.237083920845045,-10.535732986785485,False,True,False,True,21,35.0,False,0.317587828834805,0.9954005924294426,False,-1.372441007234035,True,-3.046377469864281,True,2,0,0.30789890062458636,False,0.6155109010814144,False,7,3,True,False,False,25.0,15.775623818377246,14.702978120475867,0.21524598880599882,16.0,False,0,2,2,4,-12.37998407055917,144.00819146938613,277020434.61270905,12.961672473867598,False,0.0,0,,,,0.0,0,,,,False,False,False,False,0,,none,0,0,False,-2,0.5,risk_on,6,False
ARGX,999.510009765625,-5.60865174040398,50.54448824301245,35.66290196499467,17.87183918630082,0.6115658776995156,True,0.7749976895956604,2.958450344199416,46.58796590946728,-2.3162412112950004,False,True,False,True,24,40.0,True,0.4311353522071173,0.9237512942916378,False,2.645272745298314,True,0.9055698848364546,True,2,0,0.39839688098953824,False,0.9970965878798649,False,3,2,True,False,False,35.0,22.960148466630738,4.155032751643688,0.7026451253029083,12.0,False,5,3,5,5,-6.8273120703216,1072.75,228177342.6728058,71.3588850174216,False,0.0,0,,,,0.0,0,,,,False,False,False,False,0,,none,0,0,False,-1,0.625,risk_on,6,False
ARM,319.3699951171875,-27.326718853351252,205.471052888523,123.47630462055896,105.68524184186512,2.3533724872999233,False,0.9021053798957642,25.0962865581232,133.30411026456483,33.59966159382948,False,True,False,False,20,33.33333333333333,False,0.3877749014390714,2.011126322894399,False,3.3558079404965464,True,33.62202521118973,False,0,1,0.5173725450953477,False,3.0648220584266315,True,3,1,False,True,True,55.0,35.367075827334375,25.853401911646273,0.8328196017157462,51.0,False,7,2,2,4,-5.912681822963162,339.44000244140625,1130604970.0621307,93.5191637630662,True,0.0,0,,,,0.0,0,,,,False,False,False,False,0,,none,0,0,False,-2,0.5,risk_on,6,False
ARMK,56.8650016784668,-8.674440614201407,59.46045082488918,52.80389375331287,35.01283097461902,0.4914088345517147,False,1.0018962667135332,7.333160750123819,41.74977660850199,-2.260224509816644,False,True,False,True,23,38.333333333333336,False,0.4064439858851716,0.8163551329732038,False,-0.7530861584968991,True,-2.8446901342137343,True,2,0,0.4346119374390821,False,0.66178027307515,False,5,2,True,False,False,65.0,15.450916648688448,7.333160750123819,0.41405104690202366,25.0,False,3,2,2,5,-9.053448434703093,62.52573703978146,127707177.94016457,80.76655052264809,True,0.0,0,,,,0.0,0,,,,False,False,False,False,0,,none,0,0,False,-1,0.625,risk_on,6,False
AROC,30.924999237060547,-25.795323756087228,36.85314028361717,31.913888907646882,14.122826128953037,0.16898338060523663,False,0.8532255227845686,5.852868263851977,-14.900705804895441,-1.0083243801712216,True,True,False,True,26,43.333333333333336,True,0.4434711992436939,1.6342031945213153,True,-2.7169946598136137,True,1.4266955369230283,True,2,0,0.4535659866784013,False,0.9255026251008072,False,4,1,False,False,False,25.0,14.437121255250673,13.193209456304785,0.2093251201270355,22.0,False,2,1,4,4,-11.415069114206744,34.90999984741211,64675940.37193708,68.50174216027874,False,0.0,0,,,,0.0,0,,,,False,False,False,False,0,,none,0,0,False,-2,0.5,risk_on,6,False
ARQT,25.299999237060547,-18.910260838477775,51.22534327145984,45.56962289257444,27.778560113880598,0.21528677995432338,False,1.0319375080817486,14.426876397622944,13.503805284442238,6.391919707843607,False,True,False,False,21,35.0,False,0.4057534750826092,1.864954544398601,False,-0.5136946820293825,True,4.243917428387989,True,1,0,0.41438971909130257,False,0.47786973731558113,False,3,2,True,True,True,25.0,15.042295227117938,14.426876397622944,0.5378970106391809,22.0,False,2,2,2,4,-6.9510895912991755,27.190000534057617,77575366.36691198,78.32752613240417,False,0.0,0,,,,0.0,0,,,,False,False,False,False,0,,none,0,0,False,-2,0.5,risk_on,6,False
ARR,14.765000343322754,-13.524833405627657,24.58315301682066,19.972123663254713,2.1810608845608677,0.49252385283814903,False,0.9804180127282353,4.537758623195309,1.501148837057742,-8.10529548448734,False,True,False,True,19,31.666666666666664,False,0.5073771859664212,0.8658006006500077,True,-4.25551955964465,True,-3.243773775456571,True,2,0,0.12823975355117492,False,0.18879528857334457,False,8,3,True,False,False,25.0,9.911000573617807,10.463801990648628,0.058863891786294927,22.0,False,0,2,2,4,-9.327600508358458,16.283897223524825,59842284.00734129,59.30313588850174,False,0.0,0,,,,0.0,0,,,,False,False,False,False,0,,none,0,0,False,-2,0.5,risk_on,6,False
ARW,218.49000549316406,-6.958223485279458,114.47923785443788,79.50213876271431,61.71107598402047,0.2841834300886549,True,0.980379650355097,7.31840808840809,56.17585062571946,7.144962463243876,True,True,False,True,22,36.666666666666664,False,0.5071361709539717,1.7615479088988502,True,0.8740559440657091,True,2.1697448011305687,True,2,1,0.40524368900223556,False,0.7330221661752863,False,2,2,True,False,False,55.0,17.61336379926571,10.325413973821146,0.7053463283042104,32.0,False,6,4,6,6,-5.189842314367343,230.4499969482422,114040797.1946106,88.57142857142857,True,0.0,0,,,,0.0,0,,,,True,True,False,False,2,power_play,sepa_vcp,6,6,True,0,0.75,risk_on,6,True
ARWR,68.43000030517578,-23.61870398220518,122.9716491182102,122.9716491182102,105.18058633951635,0.7260145212595512,False,1.0884015003121883,27.83867158673232,20.751724927132354,-19.408788889603713,False,True,False,False,22,36.666666666666664,False,0.4657600674043229,2.553955604185245,True,-3.4021350406064697,True,-15.17292443485072,False,0,0,0.32734674833949945,False,0.3876519240908585,False,8,1,False,False,False,25.0,28.50095770211033,33.17258051586659,0.1528528851107065,18.0,False,3,1,2,2,-24.144504088924556,90.21099853515625,148168959.344117,93.44947735191637,True,0.0,0,,,,0.0,0,,,,False,False,False,False,0,,none,0,0,False,-4,0.25,risk_on,6,False
AS,27.292299270629883,-34.95638735433284,3.89150664275717,-27.123367918223483,-44.91443069691733,0.553013147408891,False,0.8464863501606918,6.357099802397438,-16.56282471867919,-12.102093586996165,False,True,False,True,23,38.333333333333336,False,0.5004757680892935,1.7983124682840912,True,-4.978031105918722,True,-0.9353901036919243,True,2,0,0.259784839117741,False,0.4940104280448963,False,6,3,True,False,False,25.0,25.0861071551085,12.384442685647693,0.13641864077619054,22.0,False,0,2,3,3,-21.663894514642735,34.84000015258789,228953533.0188385,13.867595818815332,False,0.0,0,,,,0.0,0,,,,False,False,False,False,0,,none,0,0,False,-3,0.375,risk_on,6,False
ASAN,9.475000381469727,-37.623432236917566,73.53480430900096,-33.274644304660264,-51.06570708335411,1.0934056525212454,False,1.0629191959582074,11.124009059452709,43.34342193775509,-7.016675450016841,False,True,False,False,27,45.0,True,0.4517476940576505,2.4996688782182823,True,1.032727615219578,True,-1.9151083733396135,True,1,2,0.5240214982917638,False,2.31945170403809,True,2,2,True,False,False,45.0,38.62987945956158,23.271766067876648,0.7450739555564325,15.0,False,2,4,4,4,-9.847762367957847,10.510000228881836,75208334.76716241,9.89547038327526,False,0.0,0,,,,0.0,0,,,,False,False,False,False,0,,none,0,0,False,-2,0.5,risk_on,6,False
ASB,29.475000381469727,-8.11034116469842,26.586346335555543,16.17802780188329,-1.6130349768105567,0.5294903277597676,False,1.1049965629601166,4.342665547343693,21.02802073143004,-3.9200300027070534,False,True,False,True,21,35.0,False,0.4414801459966031,0.8382087676609448,True,-1.9771873128181081,True,-1.553106694366757,True,2,0,0.3854186142739255,False,0.38277368565528236,False,7,2,True,False,False,65.0,10.536036651649857,6.5139950854793085,0.19530035317149044,25.0,False,1,2,3,5,-8.478344972554874,32.205493194622505,63396083.79940567,55.400696864111495,False,0.0,0,,,,0.0,0,,,,False,False,False,False,0,,none,0,0,False,-1,0.625,risk_on,6,False
ASML,1712.9849853515625,-13.784763279345691,84.97749632540273,84.97749632540273,67.18643354670888,0.6666096299243932,False,0.8756822966825314,8.102226124515804,25.50537008539655,0.9919436157456607,True,True,False,False,28,46.666666666666664,True,0.4245678261452875,1.0052642752571677,False,-0.12751152132480978,True,8.750592565858796,False,0,0,0.4330866515552,False,0.4724883356504937,False,6,3,True,False,False,25.0,17.059615257234697,12.677287660820852,0.43320149392836904,24.0,False,4,2,4,4,-9.669364441957429,1896.3499755859375,2097024385.0193603,89.19860627177701,True,0.0,0,,,,0.0,0,,,,False,False,False,False,0,,none,0,0,False,-2,0.5,risk_on,6,False
ASND,238.47999572753906,-13.962045591620232,25.68777739185373,20.63941954847939,2.8483567697855428,0.3976645477818551,False,1.2131654993342864,12.147769934464883,9.364394385750806,-3.8038029104396354,False,True,False,False,19,31.666666666666664,False,0.3870406320565218,1.7421688046598154,False,-1.51566567463573,True,-9.980377608356006,False,0,0,0.4786419081290133,False,0.6836704830355783,False,3,2,True,False,False,25.0,16.114616172869802,18.411193276611947,0.22593197543692592,9.0,False,0,2,2,3,-12.47380910752549,272.4670104980469,187721926.39646834,59.860627177700344,False,0.0,0,,,,0.0,0,,,,False,False,False,False,0,,none,0,0,False,-3,0.375,risk_on,6,False
ASO,49.22999954223633,-18.83161314048255,19.30632987784213,4.13413016987163,-13.656932608822215,0.2512721854054301,False,1.223653672929121,12.327785610285492,-5.95032999937909,13.509978405101709,False,True,False,False,26,43.333333333333336,True,0.4852039816021775,2.1547944436331075,True,0.708299686359087,True,-8.982785834281914,False,0,0,0.4326999288451653,False,1.0388529472086632,False,3,1,False,True,False,25.0,26.125175905428378,25.224384656918474,0.49507649123375685,6.0,False,2,1,2,3,-13.191215485304209,56.71084996461645,118821223.72709274,40.34843205574913,False,0.0,0,,,,0.0,0,,,,False,False,False,False,0,,none,0,0,False,-3,0.375,risk_on,6,False
ASST,30.149999618530273,-64.94186090868573,320.7955307613542,-64.94186090868573,-82.73292368737957,1.2892995102201144,False,1.4713403710529231,16.633503683080768,188.79311140186203,38.68445232729436,False,True,False,False,33,55.00000000000001,True,0.4637401209368675,3.9388738967540076,True,5.718421080034089,False,3.8580740798948465,True,1,2,0.515450539802051,False,3.297143435075183,True,1,0,False,True,True,,,,,,False,5,2,4,4,,,292720631.4290142,0.975609756097561,False,0.0,0,,,,0.0,0,,,,False,False,False,False,0,,none,0,0,False,-2,0.5,risk_on,6,False
ASTS,61.880001068115234,-53.50514481117463,37.20621543617724,37.20621543617724,19.415152657483393,0.7738074907069258,False,0.8516658151436093,10.067872389624839,-30.015830864551408,6.597763792233646,True,True,False,False,18,30.0,False,0.5228659792898799,3.201615864535147,True,-0.2794936886105436,True,3.1333351135253817,True,1,0,0.42985290777449087,False,0.6793151335818631,False,6,3,True,False,False,25.0,25.194733484015412,16.047182157524432,0.3294243527773784,24.0,False,2,2,4,4,-16.894974712645094,74.45999908447266,586144251.9816726,72.82229965156795,False,0.0,0,,,,0.0,0,,,,False,False,False,False,0,,none,0,0,False,-2,0.5,risk_on,6,False
ASX,43.474998474121094,-2.676552573505109,296.3207685695758,283.1792244802514,265.3881617015575,0.43105999156172675,True,0.8443477642676749,15.514661687451905,102.54768353629493,15.074112966740039,False,True,False,False,22,36.666666666666664,False,0.40854461178323714,1.2302332319060019,False,3.2712885474969564,True,17.246484162011466,False,0,2,0.6188063330594981,True,1.242106948122359,True,4,1,False,False,False,55.0,31.256901867566896,15.882688951460553,0.8731447327184436,54.0,False,10,3,4,6,-3.965102640803575,45.27000045776367,253096661.7242813,98.18815331010452,True,0.0,0,,,,0.0,0,,,,False,True,False,False,1,,power_play,6,6,True,0,0.75,risk_on,6,False
ATI,189.88250732421875,-18.076405071937774,146.56863012199008,135.20686167283614,117.4157988941423,0.3380400866297155,False,0.9295063335683745,9.168829666011472,29.718883037497545,-9.905811219756899,False,True,False,False,23,38.333333333333336,False,0.4228580836965092,1.7791935024591223,False,-1.5728152576479002,True,0.9208150326529108,True,1,0,0.3778092183701545,False,0.5481392348635185,False,5,3,True,False,False,25.0,22.876408199276142,16.178426150782617,0.19321400714902998,24.0,False,3,2,3,3,-18.456365701917075,232.86000061035156,411104361.1941101,94.21602787456446,True,0.0,0,,,,0.0,0,,,,False,False,False,False,0,,none,0,0,False,-3,0.375,risk_on,6,False
ATKR,94.48999786376953,-0.0634639725558106,72.23464671886555,59.57976831478451,41.78870553609066,0.27043127014566076,True,0.18067288496869738,0.3280744688349844,63.87776154363014,0.9508540642706453,False,True,True,True,25,41.66666666666667,True,0.49643990459672543,0.12971174889755913,True,25.327490081755244,False,0.44647408345683814,True,3,1,0.4746069645276892,False,0.7939723332430815,False,0,0,False,False,False,45.0,25.56158381235588,0.9630606977331356,0.9942122527761793,2.0,True,9,2,4,5,-0.14794398574642376,94.62999725341797,67875672.87511292,83.48432055749129,True,0.0,0,,,,0.0,0,,,,False,False,False,False,0,,none,0,0,False,-1,0.625,risk_on,6,False
ATO,159.22500610351562,-16.22494970271212,0.0,-0.008442052306034675,-17.79950483099988,0.3234931349876034,False,0.7930643563808117,3.3160612823994704,-11.014174412549027,-4.4554383827825506,False,True,False,True,17,28.333333333333332,False,0.5417727594705711,0.7915945639157244,True,-4.895120636267976,True,-2.81676656343266,True,2,0,0.22835870477002781,False,0.4595769703750065,False,7,3,True,False,False,25.0,7.625183169546681,6.336942032416001,0.01943285581661729,21.0,False,0,2,3,4,-7.4770040844375885,172.09235879999633,152018409.9823578,36.65505226480836,False,0.0,0,,,,0.0,0,,,,False,False,False,False,0,,none,0,0,False,-2,0.5,risk_on,6,False
ATR,124.27999877929688,-14.073599409884729,11.416330888205417,-6.157639639641721,-23.948702418335564,0.3590728702553989,False,0.814833453328411,2.4541383019919176,0.8635079383065403,-6.549369391758464,False,True,False,True,21,35.0,False,0.33861404099850034,0.5903209035502807,False,-2.814070084623311,True,-0.5043670357393504,True,2,0,0.4582015172100629,False,0.09889467089537426,False,7,3,True,False,False,65.0,15.124221616661677,5.028966898446054,0.27565979057345913,35.0,False,0,2,3,4,-10.955081853226133,139.57000732421875,50746175.82013512,29.965156794425084,False,0.0,0,,,,0.0,0,,,,False,False,False,False,0,,none,0,0,False,-2,0.5,risk_on,6,False
ATRC,57.40999984741211,-2.892420695817055,122.00308775101622,57.589896696365386,39.798833917671544,0.3118736086175943,False,1.1913746820327877,9.109910392156328,92.78038456579671,18.273586247600093,False,True,False,False,38,63.33333333333333,True,0.39308306563851403,1.4268339861496266,False,5.658833455988983,False,2.9037442288944115,True,1,0,0.5883186149144082,False,0.7069385432668663,False,3,2,True,True,False,25.0,27.505011567999176,14.178713484207345,0.8500302952255836,1.0,False,7,1,3,4,-4.124918464669747,59.880001068115234,76294573.65935516,82.85714285714286,True,0.0,0,,,,0.0,0,,,,False,False,False,False,0,,none,0,0,False,-2,0.5,risk_on,6,False
AU,101.6500015258789,-17.91968881672795,67.21404759402165,56.83405991455239,39.04299713585854,0.3758645211549918,True,0.8819931784219469,5.71569611487819,20.954077378834125,-10.195247518879702,False,True,False,True,27,45.0,True,0.40076283277341207,1.3264724126856484,False,1.4831621135939572,True,1.164408966816155,True,2,0,0.45749827925333764,False,0.7738734287585042,False,7,4,True,False,False,25.0,22.05623432914119,12.582391267619567,0.20118140136382126,18.0,False,3,2,4,4,-17.61893019799574,123.38999938964844,295150050.51272583,82.50871080139373,True,0.0,0,,,,0.0,0,,,,False,False,False,False,0,,none,0,0,False,-2,0.5,risk_on,6,False
AUGO,87.87999725341797,-17.887844184747603,199.16695820791864,182.55438219844206,164.7633194197482,0.34047664109246023,False,1.0652288040266098,11.982247506143755,36.94560343128268,3.963088279307514,False,True,False,False,28,46.666666666666664,True,0.39227288212382017,1.931809622834385,False,3.293249402445506,True,1.8308159279120328,True,1,0,0.5126925072173475,False,0.8864599710829543,False,4,2,True,False,False,25.0,20.75088455360533,12.824302452544826,0.7108247335512823,2.0,False,6,2,3,4,-6.000642569835401,93.48999786376953,85466465.63127518,96.37630662020906,True,0.0,0,,,,0.0,0,,,,False,False,False,False,0,,none,0,0,False,-2,0.5,risk_on,6,False
AUR,6.514999866485596,-22.44047425771778,72.81166842033969,7.508249637001807,-10.282813141692039,1.1586538612709494,False,0.8609024669796558,11.204912264522767,48.74428530276873,11.749570355810501,False,True,False,False,21,35.0,False,0.4074885465528433,2.2969985003326125,False,0.6089077402620874,True,0.8513905265300936,True,1,0,0.4274227070420788,False,0.6438126065735815,False,5,1,False,True,True,25.0,24.581002647378646,11.204912264522767,0.6335226864792534,24.0,False,2,2,4,4,-9.008379813857692,7.159999847412109,189434206.3099922,45.22648083623693,False,0.0,0,,,,0.0,0,,,,False,False,False,False,0,,none,0,0,False,-2,0.5,risk_on,6,False
AVAV,163.19000244140625,-60.18104877920376,19.39567689947821,-41.41446433568089,-59.20552711437473,0.2954403053951114,False,0.9840652790485589,12.45787212875018,-20.885247946255213,10.308232897346326,False,True,False,False,25,41.66666666666667,True,0.43817434740542527,2.327685199756217,False,0.5901771687485127,True,6.38201364696811,False,0,1,0.530262141537196,False,1.8495863674085722,True,4,1,False,False,False,25.0,27.95979290519976,18.193517983472375,0.4634873547920919,24.0,False,2,2,3,3,-15.000782451034024,191.99000549316406,340892728.5948242,6.480836236933799,False,0.0,0,,,,0.0,0,,,,False,False,False,False,0,,none,0,0,False,-3,0.375,risk_on,6,False
AVGO,361.510009765625,-24.812145564330045,23.404851995975527,5.571645745063303,-12.219417033630542,0.5222104379410369,False,0.8176028628424324,7.598683433001631,12.27005104295591,-1.974022780069462,False,True,False,True,22,36.666666666666664,False,0.42244520396601937,1.0417129013175759,False,-1.5638477175005203,True,4.870622094878763,True,2,0,0.419007453223258,False,0.9546626526448013,False,4,0,False,False,False,25.0,15.912958264214868,10.204424124342813,0.4044062493096927,24.0,False,1,1,3,5,-9.477658497162055,399.3599853515625,9526538237.659082,42.4390243902439,False,0.0,0,,,,0.0,0,,,,False,False,False,False,0,,none,0,0,False,-1,0.625,risk_on,6,False
AVT,95.45999908447266,-4.185484576837373,119.61815948353069,83.58057097909892,65.78950820040508,0.30956218441384625,True,0.9922213767725429,7.856693978556653,61.06822161757917,8.139128775376282,False,True,False,True,24,40.0,True,0.40794113085942807,1.6020187416933507,False,1.32127918971629,True,3.378820522328496,True,2,2,0.4557561646465391,False,1.6954085068209628,True,0,2,True,False,False,45.0,16.78763300704656,9.679444743753923,0.7341155825632315,6.0,False,9,5,6,6,-4.463570022220842,99.91999816894531,110181946.80490875,88.98954703832752,True,0.0,0,,,,0.0,0,,,,True,True,False,False,2,power_play,sepa_vcp,6,6,True,0,0.75,risk_on,6,True
AVTR,15.145000457763672,-4.5081917679143935,104.38597529867639,21.16000366210937,3.368940883415526,0.47955931598916884,False,0.9502545622173485,6.10762105712827,99.5388689498224,3.87517515098863,False,True,False,True,27,45.0,True,0.462396579994582,1.389651256637945,True,3.1417725765100526,True,-0.09894056595916023,True,2,2,0.501667804468892,False,2.0364021947516657,True,2,2,True,False,False,35.0,18.504669498653687,9.607123975264543,0.6952865358494928,2.0,False,6,4,3,8,-5.638621945894995,16.049999237060547,116699819.15615734,60.48780487804878,False,0.0,0,,,,0.0,0,,,,False,True,False,False,1,,power_play,8,8,True,2,1.0,risk_on,6,True
AVY,169.92999267578125,-12.451125597074297,11.703524761921669,5.739101042196304,-12.051961736497542,0.18911401900316718,False,0.8157791027245888,4.084036215223914,4.3514421662384395,-3.8438518091792218,False,True,False,True,23,38.333333333333336,False,0.44637563877584413,1.0278242600063492,True,-0.22194392119487155,True,-0.5792215678504187,True,2,0,0.41436706601395235,False,0.329816267624135,False,6,1,False,False,False,45.0,17.662707747879423,4.5783552725390635,0.4880251411038846,36.0,False,0,1,3,4,-9.042862306943888,186.8242525938172,205037282.60405427,42.717770034843205,False,0.0,0,,,,0.0,0,,,,False,False,False,False,0,,none,0,0,False,-2,0.5,risk_on,6,False
AWI,161.89500427246094,-19.910947506931777,7.1089691910378505,-17.001879708805888,-34.79294248749973,0.3651996351706394,False,0.9283112952456555,3.7678684849722677,-1.974706031318163,-7.53611990485501,False,True,False,True,26,43.333333333333336,True,0.3700721167943156,0.8421533674691907,False,-2.0370806447509646,True,1.0391366094480325,True,2,0,0.4149219941106275,False,0.30918883335508096,False,5,3,True,False,False,25.0,13.842517093664771,9.734700942539696,0.1977390836976035,24.0,False,1,2,3,4,-11.105310447495087,182.1199951171875,59840569.108132936,21.18466898954704,False,0.0,0,,,,0.0,0,,,,False,False,False,False,0,,none,0,0,False,-2,0.5,risk_on,6,False
AWK,134.4550018310547,-5.024352777040053,11.738906370111192,2.267940324726636,-15.52312245396721,0.28605044029833987,False,0.8390377844897219,3.7112715528761204,0.43287502233957387,-2.780188818408169,True,True,False,True,23,38.333333333333336,False,0.43241250409138166,0.8425899666814735,False,-0.5508533702062253,True,-3.2140774523050197,True,2,0,0.27779135504492886,False,1.1023376129597318,False,3,3,True,False,False,65.0,13.108686712112993,5.964812691571821,0.5758954845815187,7.0,False,1,2,4,5,-5.559453225813371,142.3699951171875,267932023.37796783,38.67595818815331,False,0.0,0,,,,0.0,0,,,,False,False,False,False,0,,none,0,0,False,-1,0.625,risk_on,6,False
AXGN,46.349998474121094,-10.400156805960513,197.3059526649661,169.47672336149333,151.68566058279947,0.535111531035616,True,1.0731160306170637,7.292343429099383,45.984247162586115,-9.947547357979424,False,True,False,True,26,43.333333333333336,True,0.4774238399168332,2.588530590020927,True,0.42902850978579077,True,5.870259859485305,False,1,0,0.511698290855535,False,0.5064053962856735,False,5,1,False,False,False,25.0,25.118126920912047,18.31715632786283,0.5063957169764637,16.0,False,7,1,3,4,-12.398415029690979,52.90999984741211,53033394.94167099,96.09756097560975,True,0.0,0,,,,0.0,0,,,,False,False,False,False,0,,none,0,0,False,-2,0.5,risk_on,6,False
AXON,451.1600036621094,-41.97896116844512,30.415679157695784,-41.7504826673181,-59.54154544601195,0.6627277701918307,False,0.8362768301651682,9.20515968662866,-11.062922893122717,-24.898037665763084,True,True,False,False,24,40.0,True,0.4879359849170556,2.5479971463696978,True,-3.6726185954786223,True,-7.96033897684616,False,0,0,0.36542083722904933,False,0.3682246207334697,False,9,2,True,True,True,25.0,33.325148290863844,17.767533250164657,0.07690542333145155,22.0,False,1,2,3,2,-30.762263653971566,651.6099853515625,490248886.431427,6.341463414634147,False,0.0,0,,,,0.0,0,,,,False,False,False,False,0,,none,0,0,False,-3,0.375,risk_on,6,False
AXP,313.5539855957031,-17.870839660827652,7.91606010381416,-7.097820321710103,-24.888883100403948,0.3598023652298068,False,0.9219296994662454,5.845878991919538,4.470300017651452,-5.8961662339679695,False,True,False,True,26,43.333333333333336,True,0.3982035549681334,0.6915606638325227,False,-3.689611967603761,True,-4.340110207021053,True,2,0,0.4961267463763412,False,0.5297823082859245,False,5,2,True,False,False,25.0,10.582270419326715,6.263669107425473,0.1336975727121214,22.0,False,1,2,2,4,-9.167446550479452,345.20001220703125,833706962.2486633,28.9198606271777,False,0.0,0,,,,0.0,0,,,,False,False,False,False,0,,none,0,0,False,-2,0.5,risk_on,6,False
AXS,98.25,-17.62387627625407,12.273917927673095,3.9028234715474452,-13.8882393071464,0.27832365431530875,False,0.7949134598003135,2.519090181695293,-1.2933522256668106,-1.2761220718498612,False,True,False,True,24,40.0,True,0.3862906886625912,0.635860022328352,False,-2.9552655907055336,True,-1.749999999999996,True,2,0,0.47912073615987294,False,1.1829523852249475,False,3,3,True,False,False,35.0,9.230623707834297,4.040713710639313,0.14111671116502034,34.0,False,1,2,3,4,-7.928028448182856,106.70999908447266,58845198.279109955,40.2787456445993,False,0.0,0,,,,0.0,0,,,,False,False,False,False,0,,none,0,0,False,-2,0.5,risk_on,6,False
AXSM,205.1425018310547,-19.60555578511545,76.92324901278462,76.92324901278462,59.13218623409078,0.4689739617172273,False,0.9998959821316721,7.085320463762157,30.797313581353848,3.076322694783973,True,True,False,True,22,36.666666666666664,False,0.44558096801637703,1.7000632963020261,True,-1.4761120720353387,True,-5.280958492613708,False,1,0,0.4864431393627303,False,0.891009870662709,False,3,3,True,False,False,25.0,14.184301349195422,13.495495721990247,0.2484648679999644,6.0,False,3,2,3,3,-10.660000786795864,229.6199951171875,120747102.69211578,87.94425087108014,True,0.0,0,,,,0.0,0,,,,False,False,False,False,0,,none,0,0,False,-3,0.375,risk_on,6,False
AXTA,32.08000183105469,-15.998944790171166,26.100633481150346,5.9795221206439875,-11.811540658049857,2.1259897811820734,False,0.9152894941290363,5.579803034158662,21.423170849417716,-13.34413442902319,False,True,False,True,23,38.333333333333336,False,0.4397060775646373,0.9775849246820641,False,-3.4239381658370935,True,-4.722294102638591,True,2,0,0.2685636234932093,False,0.1481693258990126,False,8,2,True,False,False,25.0,14.630222746839639,14.24563414581941,0.04029327062137656,17.0,False,0,2,2,3,-14.040723222450213,37.31999969482422,62338932.38477955,43.13588850174216,False,0.0,0,,,,0.0,0,,,,False,False,False,False,0,,none,0,0,False,-3,0.375,risk_on,6,False
AXTI,79.11000061035156,-43.82588966713564,1863.027208232173,1722.8110098839331,1705.0199471052392,1.0315305175235105,False,0.7215564866658815,30.741878808066964,22.76535942450404,34.93092131866593,False,True,False,False,25,41.66666666666667,True,0.3558972067360322,3.3673786389278364,False,2.6120915995625205,True,38.64353085589276,False,0,0,0.4089169828102711,False,1.1253977813034748,False,5,1,False,False,False,,,,,,False,5,1,3,3,,,550771848.3417438,99.86062717770035,True,0.0,0,,,,0.0,0,,,,False,False,False,False,0,,none,0,0,False,-3,0.375,risk_on,6,False
AYI,307.2799987792969,-18.371814182895374,19.352110115036837,-8.514664891648094,-26.305727670341938,0.4485708837426108,False,0.9138172414642444,5.58122688252232,10.18795405285502,-8.318416451301768,False,True,False,True,18,30.0,False,0.41289675568695244,1.150362724024972,False,-3.0451099817052003,True,-0.569508709863098,True,2,0,0.38964541090987276,False,0.4910900383749326,False,7,3,True,False,False,25.0,18.110585383688587,13.739911933229191,0.17611968152732516,24.0,False,0,2,2,4,-14.920954853639923,361.1700134277344,74486865.80905762,27.38675958188153,False,0.0,0,,,,0.0,0,,,,False,False,False,False,0,,none,0,0,False,-2,0.5,risk_on,6,False
AZN,168.52499389648438,-19.219155478448112,15.790785847852717,11.616366749593965,-6.174696029099881,0.6275011650340285,False,0.9240241930539298,4.919147655465811,-8.445163692721314,3.580207165028537,False,True,False,True,26,43.333333333333336,True,0.42542931854719673,0.7673922585301476,False,1.2386411070681065,True,2.8971761830219878,True,2,0,0.4815453363249776,False,0.4086052546221213,False,5,2,True,False,False,35.0,9.854265915747954,7.274882035816348,0.9013118745666665,18.0,True,2,4,5,5,-0.972499030746754,170.17999267578125,503054240.2022926,50.383275261324044,False,0.0,0,,,,0.0,0,,,,False,False,False,False,0,,none,0,0,False,-1,0.625,risk_on,6,False
AZO,2830.840087890625,-34.01674653999835,0.0,-31.62816321847024,-49.41922599716409,1.1298318125457032,False,0.8181958622378511,5.347180076861639,-15.578959569405493,-4.4267942435445296,False,True,False,True,22,36.666666666666664,False,0.5377855802866017,1.1076769390940076,True,-2.5278068655220025,True,-4.541528323990662,True,2,1,0.31100084166575626,False,0.7503974771913037,False,2,2,True,False,False,25.0,10.917721518987342,6.323211288610098,0.04591329823369565,22.0,False,0,3,2,4,-10.416452914853636,3160.0,935147769.920337,10.940766550522648,False,0.0,0,,,,0.0,0,,,,False,False,False,False,0,,none,0,0,False,-2,0.5,risk_on,6,False
B,42.73500061035156,-18.001743356773524,38.50472411900425,32.249122734530175,14.45805995583633,0.4613463514150475,False,0.9102613554589781,4.820407965062783,14.301660154416652,-6.025292007825856,False,True,False,True,29,48.333333333333336,True,0.37251920552365025,1.0881938322447149,False,1.0755690816747434,True,0.7188317298658431,True,2,0,0.43904078285513937,False,0.7582909182502401,False,6,4,True,False,False,25.0,15.527071230223155,8.213404168486164,0.18210470523859146,18.0,False,2,2,3,4,-12.699518500624752,48.95162074295935,412776515.78490984,68.9198606271777,False,0.0,0,,,,0.0,0,,,,False,False,False,False,0,,none,0,0,False,-2,0.5,risk_on,6,False
BA,200.90499877929688,-20.323218860844072,12.162239982117429,-6.8374660489280314,-24.628528827621878,0.7283240010062143,False,0.9185583370600046,8.431839568723982,1.2574946177796864,-4.24888391655911,False,True,False,False,21,35.0,False,0.4097231671694273,0.9641763076537292,False,-2.7654179019383105,True,-4.453800020391496,True,1,0,0.33217709617931346,False,0.5936779254213285,False,7,2,True,False,False,25.0,15.51329087650413,9.870330102661981,0.15171335073915207,24.0,False,0,2,2,4,-13.15971753663857,231.35000610351562,1196354327.4606972,29.268292682926827,False,0.0,0,,,,0.0,0,,,,False,False,False,False,0,,none,0,0,False,-2,0.5,risk_on,6,False
BABA,115.8499984741211,-38.25184131998412,22.191753461995777,-28.189940125695934,-45.98100290438978,0.5972712231245305,False,0.6737955696931189,8.252048066042306,-7.2553052297040015,-2.565183357961498,False,True,False,False,29,48.333333333333336,True,0.4779901365646647,1.1579865743964326,True,-0.9103039095223621,True,6.060601404135424,False,0,1,0.47590361116992963,False,1.93583978395969,True,3,3,True,False,False,25.0,18.358594873644794,8.252048066042306,0.38407008863207287,21.0,False,2,3,3,5,-11.307607713363721,130.6199951171875,1127940461.428447,13.031358885017422,False,0.0,0,,,,0.0,0,,,,False,False,False,False,0,,none,0,0,False,-1,0.625,risk_on,6,False
BAC,58.05500030517578,-9.96574043781957,25.544475621367525,13.478452339000802,-4.312610439693044,0.4506060067413177,False,1.1665076423928982,4.719658684637458,23.43093383778112,-6.3684216808214344,False,True,False,True,21,35.0,False,0.3451103143842338,0.8163535182901897,False,-2.644329095214827,True,-2.3793524238818087,True,2,0,0.47019544168764893,False,0.9890765777674604,False,5,0,False,False,False,65.0,14.103946374700408,11.454657636589554,0.252304607560736,24.0,False,1,1,2,5,-10.54545571957396,64.89888330679145,2135894912.617255,52.33449477351917,False,0.0,0,,,,0.0,0,,,,False,False,False,False,0,,none,0,0,False,-1,0.625,risk_on,6,False
BAH,77.36000061035156,-23.440130399879678,30.54193597558621,-22.01597007794611,-39.80703285663996,0.36007828416510257,False,0.8798888108039172,5.623068858835492,-1.7102008044274641,2.817653916498686,False,True,False,True,24,40.0,True,0.38770447710702394,1.0634151780829662,False,1.8888233746005079,True,-2.2121097035752157,True,2,0,0.5299934029689192,False,1.055915065385642,False,4,2,True,False,False,35.0,14.06459038046465,12.991213769991901,0.6645951495053232,4.0,False,2,3,4,5,-4.71733183382862,81.19000244140625,116390428.57865372,17.35191637630662,False,0.0,0,,,,0.0,0,,,,False,False,False,False,0,,none,0,0,False,-1,0.625,risk_on,6,False
BALL,60.099998474121094,-10.428443118776908,31.30739959683129,25.107283169519757,7.316220390825912,0.33437531407461735,False,0.8040109118067755,3.227951207926141,3.8669177867432625,-5.45477305694706,False,True,False,True,21,35.0,False,0.49510563507744043,0.8322449056449623,True,-2.1936033330857554,True,-1.0047778282829434,True,2,0,0.284836039368873,False,0.4477453731766412,False,5,2,True,False,False,65.0,15.499632194976645,4.7254579445801275,0.30673233373254016,38.0,False,1,2,3,5,-10.745393839815442,67.33545870591831,111224959.77656707,64.25087108013938,False,0.0,0,,,,0.0,0,,,,False,False,False,False,0,,none,0,0,False,-1,0.625,risk_on,6,False
BAM,46.189998626708984,-21.87396825271878,9.918063666328681,-19.999573187676244,-37.79063596637009,0.3984966103333347,False,0.9891859517925883,4.827883976049415,8.726050455783717,-10.51571428687561,False,True,False,True,27,45.0,True,0.4646028493168665,1.1324398527738155,True,-2.4106624845613487,True,-0.9436037557955745,True,2,0,0.3416523983849844,False,0.3649570019761361,False,4,2,True,False,False,25.0,16.86476521618455,13.35786610172697,0.17002126898396708,24.0,False,1,2,2,4,-13.997396433012188,53.70767478071915,113192374.02057114,18.81533101045296,False,0.0,0,,,,0.0,0,,,,False,False,False,False,0,,none,0,0,False,-2,0.5,risk_on,6,False
BAP,389.69000244140625,-3.127249587549541,64.65973982332301,55.405043261230055,37.613980482536206,0.2720972149543578,True,0.844824918325679,5.327313925315924,23.733192714241103,5.7790469320431415,True,True,False,True,22,36.666666666666664,False,0.41192580774864834,0.97357515831097,False,0.7238481055768424,True,3.629931280265297,True,2,0,0.4772075969088555,False,0.8345723639708866,False,5,2,True,False,False,25.0,7.110278899186458,5.327313925315924,0.9032254536067589,24.0,True,5,4,7,6,-0.688094015198204,392.3900146484375,127875361.47390899,81.95121951219512,True,0.0,0,,,,0.0,0,,,,True,True,False,False,2,power_play,sepa_vcp,7,7,True,1,0.875,risk_on,6,False
BAX,22.860000610351562,-19.333970169135707,44.81458973983945,-0.5036488369936531,-18.294711615687497,1.2909247487678897,False,0.8499249660257229,6.036749918065778,37.75259774016404,-12.514346174663649,False,True,False,True,24,40.0,True,0.3732487859297174,1.2139664333325058,False,-2.7129581732461583,True,-4.191114729335565,True,2,0,0.33667302856119147,False,0.3870809913629886,False,8,3,True,False,False,25.0,15.725531365983475,13.954507650420217,0.07126470965725781,21.0,False,2,2,2,3,-14.604855938980565,26.769672750966798,135748110.33343333,36.09756097560975,False,0.0,0,,,,0.0,0,,,,False,False,False,False,0,,none,0,0,False,-3,0.375,risk_on,6,False
BB,8.484999656677246,-33.762690251877956,169.36506031081606,101.54393301174198,83.75287023304814,0.9827334722584552,False,0.7186601338480993,11.078374723100062,155.57228395452265,3.9828408742949684,True,True,False,False,16,26.666666666666668,False,0.4643759549757992,2.05468831653669,True,0.054477453788773604,True,9.483866537770913,False,0,0,0.5331553573928061,False,0.9977978303940993,False,5,3,True,False,False,25.0,16.92649868121066,12.374781770421977,0.6743420743050567,24.0,False,6,3,5,5,-5.512248449801261,8.979999542236328,76526140.88213997,91.42857142857143,True,0.0,0,,,,0.0,0,,,,False,False,False,False,0,,none,0,0,False,-1,0.625,risk_on,6,False
BBIO,66.20999908447266,-26.572030133105308,35.122447111168675,26.427344729544377,8.636281950850531,0.8921088988216173,False,0.9238039880053354,10.00604152183665,-4.870688885013297,-13.563968141799176,False,True,False,False,22,36.666666666666664,False,0.43527861110674704,1.5896244428474267,False,-5.34678162324265,True,-8.524452062830035,False,0,0,0.33377782970852826,False,0.21248441624403197,False,7,2,True,False,False,25.0,23.199068759594084,16.65911332399277,0.021640676685349147,22.0,False,0,2,2,2,-22.697025213166523,85.6500015258789,156849083.2989273,65.22648083623693,False,0.0,0,,,,0.0,0,,,,False,False,False,False,0,,none,0,0,False,-4,0.25,risk_on,6,False
BBWI,17.235000610351562,-33.519138189578335,19.56717603867495,-28.325737530063222,-46.116800308757064,0.442686184766229,False,0.9941059685096558,8.239048598820908,-5.177046981105304,-10.327777179594943,False,True,False,False,19,31.666666666666664,False,0.4417327506009245,2.4609071303795056,True,-2.1138068890635084,True,-3.768839993363149,True,1,0,0.3749730089725797,False,1.0820239189317133,False,5,2,True,False,False,25.0,19.448689229903042,18.160713953712797,0.15843388028874306,22.0,False,0,2,3,3,-16.367357928679617,20.607982940027018,127663829.67458716,12.89198606271777,False,0.0,0,,,,0.0,0,,,,False,False,False,False,0,,none,0,0,False,-3,0.375,risk_on,6,False
BBY,93.98500061035156,-0.6080763146021573,73.3339346204395,37.04894469281419,19.257881914120343,0.2780614633437802,True,1.0085463099490533,5.765696028772836,52.63282220939283,15.200361046109778,False,True,False,True,28,46.666666666666664,True,0.5149944706834605,1.9583052380106185,True,2.653182992624093,True,0.14887211810261647,True,2,1,0.4889390189047518,False,1.3254298208134867,True,6,0,False,True,True,25.0,20.810069174333705,10.619802256418994,0.9064997645409352,2.0,True,8,3,5,5,-1.9457463677196252,95.8499984741211,383513943.3346573,72.54355400696863,False,0.0,0,,,,0.0,0,,,,False,False,False,False,0,,none,0,0,False,-1,0.625,risk_on,6,False
BC,66.92500305175781,-23.775499750045682,16.501703267488523,8.04223626643612,-9.748826512257725,0.5611915883112406,False,0.917339758376554,7.964141334341998,-8.613458313092048,-12.676143548094554,False,True,False,True,17,28.333333333333332,False,0.49006271023101566,1.5858302079706725,True,-4.2589638662645415,True,-4.583684582074731,True,2,0,0.3436611594734217,False,0.4889884587200782,False,8,3,True,False,False,25.0,21.575515168964916,13.672022575482837,0.08362148609973495,22.0,False,0,2,3,3,-19.77133852716869,83.41782328553661,53094416.54616394,45.99303135888502,False,0.0,0,,,,0.0,0,,,,False,False,False,False,0,,none,0,0,False,-3,0.375,risk_on,6,False
BCE,21.950000762939453,-13.723442482117553,6.605694191820599,-0.3987383627744534,-18.189801141468298,0.4953299492385787,False,1.074922105862081,8.519357024543188,-12.51763711031213,-5.163640019563709,False,True,False,False,26,43.333333333333336,True,0.3550672093161472,0.6623193279707639,False,-0.980101069722566,True,-5.204051305909907,False,0,0,0.33352612010502236,False,0.2809918372876982,False,4,3,True,False,False,55.0,12.97592822822789,8.519357024543188,0.4430160180763274,4.0,False,1,2,2,4,-7.2273841737141575,23.65999984741211,78448825.9299078,36.23693379790941,False,0.0,0,,,,0.0,0,,,,False,False,False,False,0,,none,0,0,False,-2,0.5,risk_on,6,False
BCS,25.343799591064453,-10.26449702343768,33.96571775396493,25.172604604183668,7.381541825489823,0.6891153370829681,False,1.0122574278038883,4.143029700958423,23.928717891848695,-5.644828685159375,False,True,False,True,28,46.666666666666664,True,0.4053223143187885,0.5898226204694242,False,-2.801535739964975,True,-1.9961369184209432,True,2,0,0.5005361997346813,False,0.6584677472830014,False,6,1,False,False,False,25.0,11.898825040613549,9.430319587279726,0.18377246131337507,24.0,False,2,1,2,5,-9.71214867616278,28.06999969482422,100758561.24594364,64.39024390243902,False,0.0,0,,,,0.0,0,,,,False,False,False,False,0,,none,0,0,False,-1,0.625,risk_on,6,False
BDX,180.64999389648438,-5.356601967057218,33.52968086176662,25.926565692783534,8.135502914089688,0.2708408400475499,True,1.0049966250058064,3.991146945733443,17.13268129672809,-4.118131126561209,False,True,False,True,27,45.0,True,0.4413788090433905,0.9348659468037981,True,1.414650311850103,True,-1.2355856543526889,True,2,1,0.45963315734834803,False,1.5267811106879825,True,6,3,True,False,False,45.0,21.287622201549695,6.327156557292722,0.7237304686108018,19.0,False,3,4,5,5,-5.881121410012424,191.93810700131104,328738229.39908063,64.8780487804878,False,0.0,0,,,,0.0,0,,,,False,False,False,False,0,,none,0,0,False,-1,0.625,risk_on,6,False
BE,274.9800109863281,-20.4915408027998,300.3202812824046,223.77253031702904,205.98146753833518,0.6435103076798414,True,0.8705688251891681,11.240818396667459,94.56591482609483,30.46448992374804,False,True,False,False,22,36.666666666666664,False,0.426431249886756,2.8978925825883795,False,2.641940629791849,True,6.975305989043834,False,0,1,0.4201825220567028,False,1.1225785731588522,False,2,1,False,True,False,25.0,35.44097476535374,14.164664845467174,0.8724405988106307,2.0,False,7,2,4,4,-4.520829518636072,288.0,4120332328.188498,97.63066202090592,True,0.0,0,,,,0.0,0,,,,False,False,False,False,0,,none,0,0,False,-2,0.5,risk_on,6,False
BEKE,16.405000686645508,-17.32511737822535,15.042078705014639,-15.356667985711015,-33.14773076440486,1.0655288514257653,False,0.8708692310719026,4.236517033884067,8.356635324174055,-10.453051528814916,False,True,False,True,27,45.0,True,0.40619878822654265,1.0125986284200523,False,-1.3844420605236478,True,-1.7664674420171722,True,2,1,0.3604326828675168,False,0.2179003093010549,False,2,2,True,False,False,45.0,16.19047369155629,9.996953823097346,0.18464072962954423,15.0,False,1,3,3,4,-13.20105281609939,18.899999618530273,88374557.70888805,22.787456445993033,False,0.0,0,,,,0.0,0,,,,False,False,False,False,0,,none,0,0,False,-2,0.5,risk_on,6,False
BEN,33.474998474121094,-6.4159965173957945,64.1917817010662,44.38414775004591,26.593084971352067,0.41599206440748343,False,1.0090119831508113,4.699034901490211,43.53601166834176,-3.391062049103355,False,True,False,True,23,38.333333333333336,False,0.3943736093067928,0.9353672405620725,False,-0.23988804773430109,True,0.014930544474789365,True,2,0,0.4422690504921681,False,0.8137713405374148,False,6,1,False,False,False,25.0,9.381180424081379,8.633307009356978,0.42319244230269853,16.0,False,3,1,2,5,-5.4111357687321116,35.38999938964844,101675191.04525375,77.5609756097561,False,0.0,0,,,,0.0,0,,,,False,False,False,False,0,,none,0,0,False,-1,0.625,risk_on,6,False
BEPC,29.969999313354492,-30.29357073550215,3.166953874202716,-7.590072107558166,-25.381134886252013,0.49050808770942067,False,0.8574247137542129,4.654656288704238,-20.292333441585818,-6.044270363224391,True,True,False,True,17,28.333333333333332,False,0.419226973148092,1.0538053127311213,False,-3.1596432001491874,True,0.8751270174818693,True,2,0,0.3071337159791424,False,0.2535276178746378,False,8,3,True,False,False,25.0,17.859400957630143,13.53020455598584,0.14974434265446832,24.0,False,0,2,4,4,-15.185056701027232,35.33575352129897,51060447.316833496,28.43205574912892,False,0.0,0,,,,0.0,0,,,,False,False,False,False,0,,none,0,0,False,-2,0.5,risk_on,6,False
BETA,22.309999465942383,-39.375000194362975,64.16482130571556,,,0.456260156379197,False,0.9693428397643802,13.312421747194655,44.96425580407477,10.66468072819089,True,True,False,False,27,45.0,True,0.4316268695729881,3.366322952716319,False,0.7564999443155177,True,7.882007430912097,False,0,0,0.40285020758725054,False,0.4235764893858962,False,8,3,True,True,True,25.0,30.52516708951329,16.00179193313764,0.38948624874694954,22.0,False,3,2,4,3,-18.636034267444924,27.420000076293945,77006257.27277069,,False,0.0,0,,,,0.0,0,,,,False,False,False,False,0,,none,0,0,False,-2,0.5,risk_on,6,False
BF-B,26.135000228881836,-13.107130060910066,16.61025479635645,-1.5907909965444,-19.381853775238245,0.3985539540968461,False,0.9599925486396677,4.553283044331277,15.94913501447559,-3.1690905251720136,False,True,False,True,19,31.666666666666664,False,0.4869655520967412,1.3027560905857625,True,-1.1015518985172936,True,-0.40015069798856606,True,2,0,0.3544627091219212,False,0.5405007118064364,False,8,2,True,False,False,55.0,16.133381122560742,6.925583919799548,0.3042530021575363,37.0,False,0,2,3,4,-11.224751481069916,29.439512324551714,68610332.18118973,35.19163763066202,False,0.0,0,,,,0.0,0,,,,False,False,False,False,0,,none,0,0,False,-2,0.5,risk_on,6,False
BFAM,63.36000061035156,-42.14755062781239,7.063197505273089,-41.88222109582939,-59.673283874523236,0.4304559452819525,False,0.9549562989674915,10.179925348494507,-18.914766950017214,-15.305436869282286,True,True,False,False,21,35.0,False,0.43682697002702725,1.3847585369375013,False,-3.7058922590099685,True,-5.24899355774272,False,0,0,0.3719452233954571,False,0.8083976490979333,False,6,1,False,False,False,25.0,16.207261715635095,10.306190863462978,0.010629687079404657,19.0,False,0,1,3,3,-16.03498359518387,75.45999908447266,58950548.86256409,6.2717770034843205,False,0.0,0,,,,0.0,0,,,,False,False,False,False,0,,none,0,0,False,-3,0.375,risk_on,6,False
BFH,108.44000244140625,-4.165438964822476,102.79540075726636,72.82029626688069,55.02923348818685,0.23226571298729526,True,1.0620924762844968,4.518629118001487,45.80448084603119,2.7769956280117913,True,True,False,True,24,40.0,True,0.43782121259140216,1.3137977145313668,False,0.5316036893296988,True,-0.7232453458285049,True,2,0,0.48335968262556817,False,0.917897465500869,False,6,3,True,False,False,55.0,20.43132659953127,6.676501015095,0.749845908466319,24.0,False,8,3,6,6,-5.110979944333671,114.28087504517413,52655927.41064987,87.3170731707317,True,0.0,0,,,,0.0,0,,,,True,True,False,False,2,power_play,sepa_vcp,6,6,True,0,0.75,risk_on,6,False
BG,114.01499938964844,-12.690139487329288,51.59394962156731,47.70693679800115,29.915874019307306,0.33820171854493225,False,1.1675929632771012,9.213704283689417,-4.466320135233815,-1.2686213410966207,False,True,False,False,27,45.0,True,0.5190864909297015,2.029279443678821,True,-0.2779587562731067,True,-5.951500261896592,False,0,0,0.3215890157983309,False,0.6047876271966987,False,3,1,False,False,False,35.0,19.414518578157274,12.783409775608876,0.4563127538434737,7.0,False,2,1,2,3,-10.555426141213042,127.47000122070312,231378555.501379,79.16376306620208,False,0.0,0,,,,0.0,0,,,,False,False,False,False,0,,none,0,0,False,-3,0.375,risk_on,6,False
BH,343.79998779296875,-27.91244273395055,38.724119458037464,10.065310512170878,-7.725752266522967,0.4691161552117677,False,0.9745122211268163,8.12565608800851,6.92625543439831,-8.799112215911965,False,True,False,False,19,31.666666666666664,False,0.4722560075379948,2.593956592733205,True,-1.9661595485458665,True,-5.795320922489622,False,0,2,0.48763509171880964,False,1.6258068439112263,True,2,3,True,False,False,25.0,18.614763550776743,22.38103159359461,0.09598923757994675,9.0,False,0,4,3,4,-16.827946589806707,413.3599853515625,57747256.68046264,48.43205574912892,False,0.0,0,,,,0.0,0,,,,False,False,False,False,0,,none,0,0,False,-2,0.5,risk_on,6,False
BHP,86.18000030517578,-10.770383956121199,72.2187143070264,72.2187143070264,54.42765152833256,0.4454968924862175,False,0.9938212031836591,4.774896122757294,29.102343327564228,-7.450651151464937,False,True,False,True,25,41.66666666666667,True,0.5029399736200548,1.1047147405929503,True,-0.24613343685976408,True,1.6993184773514303,True,2,0,0.46480327305666125,False,0.44367709785149584,False,7,4,True,False,False,45.0,19.065945042307654,11.998147981747174,0.4341502589043812,18.0,False,4,2,3,5,-10.78846006593308,96.60185259537988,206495846.63967592,87.10801393728222,True,0.0,0,,,,0.0,0,,,,False,False,False,False,0,,none,0,0,False,-1,0.625,risk_on,6,False
BHVN,13.949999809265137,-22.970738050161053,79.07573655426327,-2.583798138576876,-20.374860917270723,0.5190618946418161,False,1.1433573792683638,18.351250902828788,59.61098597924133,-9.47436763532583,False,True,False,False,19,31.666666666666664,False,0.37502256067982165,3.3785217583366958,False,-0.3683471839901629,True,10.363919543992782,False,0,0,0.3703955759809955,False,0.8210006987992527,False,6,0,False,True,False,25.0,34.594295751767774,27.741935042814507,0.32012673138755543,17.0,False,1,1,3,3,-23.519736928099967,18.239999771118164,58777258.11445618,34.146341463414636,False,0.0,0,,,,0.0,0,,,,False,False,False,False,0,,none,0,0,False,-3,0.375,risk_on,6,False
BIAF,7.712800025939941,-90.2800249851859,69.14035356848306,-89.6749660762584,-107.46602885495224,0.05912290285161745,False,2.2768467501799425,95.55543231945468,-89.12924544370819,58.373720886740884,False,True,False,False,15,25.0,False,0.4248895567071226,10.015060582934353,False,-0.16014797229301625,True,-2.738963519551374,True,1,0,0.2207973844803342,False,0.9987326699025715,False,3,3,True,True,False,,,,,,False,0,2,2,2,,,89299208.65952882,0.13937282229965156,False,0.0,0,,,,0.0,0,,,,False,False,False,False,0,,none,0,0,False,-4,0.25,risk_on,6,False
BIDU,92.31500244140625,-43.197760266703945,4.25183428559317,-31.795346672682246,-49.58640945137609,0.4862261151156326,False,0.801259805643556,4.549636394049808,-19.396661638580525,-4.947487818460639,False,True,False,True,25,41.66666666666667,True,0.4557564655464543,1.0011846825143371,True,-3.315254765906204,True,0.4515787906820501,True,2,1,0.47389803371532346,False,2.392663666574356,True,4,1,False,False,False,25.0,15.391250105719939,6.380327394116585,0.2545171495052776,24.0,False,1,2,3,4,-11.4739130014893,104.27999877929688,228269495.70772362,10.871080139372822,False,0.0,0,,,,0.0,0,,,,False,False,False,False,0,,none,0,0,False,-2,0.5,risk_on,6,False
BIIB,221.77999877929688,-1.2159795974944654,63.47018631423704,55.63508686266447,37.84402408397062,0.4817703676756217,True,0.8752011481409976,3.778521475758423,20.76889540209743,1.501143606085531,False,True,False,True,21,35.0,False,0.36309872627742973,0.9430356417782982,False,1.8283750288382046,True,2.033491974849966,True,2,0,0.5381762220169597,False,1.1004402781817701,False,6,1,False,False,False,55.0,17.61293345215096,6.005955179697733,0.8989186864321103,11.0,True,5,3,6,6,-1.78033844912725,225.8000030517578,172801740.9061493,82.1602787456446,True,0.0,0,,,,0.0,0,,,,True,True,False,False,2,power_play,sepa_vcp,6,6,True,0,0.75,risk_on,6,False
BILI,15.149900436401367,-57.82321489788038,5.207644706504744,-44.199260960352504,-61.990323739046346,0.38627839613516884,False,0.9508249309539182,7.755821511785792,-37.551936135741585,-8.73554163701754,False,True,False,True,26,43.333333333333336,True,0.408795285621906,1.0463480371044103,False,-3.6258757226029186,True,-3.7490428417895516,True,2,0,0.4985558485386731,False,0.7538991193849331,False,5,2,True,True,False,25.0,17.25128896848301,13.003387548972913,0.25330011154814136,24.0,False,1,2,2,4,-12.881535548417045,17.389999389648438,61648325.27851868,5.087108013937282,False,0.0,0,,,,0.0,0,,,,False,False,False,False,0,,none,0,0,False,-2,0.5,risk_on,6,False
BILL,47.20000076293945,-16.178299392961158,47.684612374945125,-9.8204038491855,-27.611466627879345,0.2507747682573,False,0.8859979591512086,9.152549660366677,16.571990136619675,-6.1816746679769,False,True,False,False,29,48.333333333333336,True,0.48397062408857777,1.6842438840234248,True,-0.021075905335993902,True,-4.972815576929401,True,1,1,0.5141121764951773,False,0.9263821152014913,False,2,3,True,False,False,55.0,28.574142994873945,9.152549660366677,0.6407186859775473,26.0,False,1,4,3,4,-10.266155642263774,52.599998474121094,89748337.80317688,26.41114982578397,False,0.0,0,,,,0.0,0,,,,False,False,False,False,0,,none,0,0,False,-2,0.5,risk_on,6,False
BIO,376.0199890136719,-3.668598518872479,55.56657919371908,32.36877506202458,14.577712283330737,0.32308531858040723,False,0.8911486530609052,5.1672765394062035,41.8943354768573,-3.012644525562269,True,True,False,True,36,60.0,True,0.5294913253267289,1.3533372252808273,True,2.541619145072271,True,2.026862425213083,True,2,0,0.3738751937617424,False,0.661609099810251,False,5,3,True,False,False,35.0,19.367543755942563,6.667200695893648,0.7366429957325509,16.0,False,5,3,5,5,-5.100578303583769,396.2300109863281,96216399.748938,68.98954703832753,False,0.0,0,,,,0.0,0,,,,False,False,False,False,0,,none,0,0,False,-1,0.625,risk_on,6,False
BIRK,31.1476993560791,-36.39432595539586,3.7910667061652914,-34.64603555224226,-52.43709833093611,0.7104123207933819,False,0.6633917047012577,5.891282895391499,-11.837821279984729,-12.62917805636421,False,True,False,True,16,26.666666666666668,False,0.37211421135487166,1.441521600516045,False,-5.400832767585615,True,1.5906702905876147,True,2,0,0.29858609778541106,False,0.4974789556330686,False,5,3,True,False,False,25.0,24.457341968555223,14.38308329299437,0.12566555453856526,24.0,False,0,2,3,3,-21.383896527537406,39.619998931884766,76781741.31293821,9.40766550522648,False,0.0,0,,,,0.0,0,,,,False,False,False,False,0,,none,0,0,False,-3,0.375,risk_on,6,False
BITB,46.660099029541016,-31.65357942890733,46.45354091544112,-25.475006269483224,-43.26606904817707,0.7143358506653674,False,1.3172564260489432,13.362596179669733,21.57399096141401,10.857920789701247,False,True,False,False,32,53.333333333333336,True,0.4201352673943778,1.0614570433734019,False,5.658870009940564,False,8.866305098165705,False,0,1,0.5608888753561821,False,1.5967426095390713,True,3,1,False,False,False,25.0,26.592000325520832,13.362596179669733,0.982759649592594,0.0,True,2,2,4,2,-0.45845540364582993,46.875,52644341.234738156,15.191637630662022,False,0.0,0,,,,0.0,0,,,,False,False,False,False,0,,none,0,0,False,-2,0.5,risk_on,6,False
BJ,92.10250091552734,-10.388692343437079,9.88129473974999,-4.089865577105744,-21.88092835579959,0.23644794846195435,False,0.8868897670120318,5.103006869002214,-4.099854188322272,1.6583912436106907,False,True,False,True,25,41.66666666666667,True,0.46143789949015634,1.2926322759982956,True,-0.6260254751919003,True,-3.3653307367829233,True,2,0,0.45857887323871677,False,1.1666299893024354,False,4,2,True,False,False,65.0,17.003793922950727,9.217988414403873,0.5214981678358982,37.0,False,2,2,3,5,-8.13634654587274,100.26000213623047,144598006.32224503,32.05574912891986,False,0.0,0,,,,0.0,0,,,,False,False,False,False,0,,none,0,0,False,-1,0.625,risk_on,6,False
BKD,11.354999542236328,-32.28980779795071,43.55246221592923,43.55246221592923,25.761399437235387,0.254352404505772,False,0.7250372525581367,6.2527526796107695,-18.250545273060848,-3.1143405842687155,False,True,False,True,20,33.33333333333333,False,0.3353251448579335,1.1408737382249112,False,-4.738974274364474,True,-4.659952244217502,True,2,0,0.2879746791094395,False,0.5714403898674475,False,6,2,True,False,False,25.0,11.415168432380876,12.857772760943947,0.017123025943206735,7.0,False,1,2,2,4,-11.219706207167146,12.789999961853027,51693094.08225913,76.79442508710801,False,0.0,0,,,,0.0,0,,,,False,False,False,False,0,,none,0,0,False,-2,0.5,risk_on,6,False
BKH,72.08000183105469,-4.383348721796121,27.777210866067747,27.777210866067747,9.986148087373902,0.7112334329050781,False,0.979300457998868,5.701998482165444,7.6685770681168774,-0.989012624341834,False,True,False,True,23,38.333333333333336,False,0.5257959650293041,1.013477448055845,True,-0.4745982527584513,True,2.067401625162524,True,2,0,0.30180933933279486,False,1.0069317827146094,False,5,1,False,False,False,25.0,7.316748347245208,7.588791733834903,0.5100548981538822,9.0,False,2,1,2,5,-3.5848050141734644,74.76000213623047,61579505.16113434,66.06271777003484,False,0.0,0,,,,0.0,0,,,,False,False,False,False,0,,none,0,0,False,-1,0.625,risk_on,6,False
BKNG,169.58999633789062,-23.264521969576045,10.573499827239008,-21.414076420510785,-39.20513919920463,0.42916395840679267,False,0.9330033064463361,5.245887036912072,-3.0958158893304777,-17.327453206524,False,True,False,True,23,38.333333333333336,False,0.47708881718247786,1.5570157490685952,True,-3.645076408186528,True,-3.2848643086015317,True,2,0,0.39916380507845795,False,0.2593774948773354,False,9,1,False,False,False,25.0,23.382733879715374,14.99730219686391,0.06877676549058474,18.0,False,0,1,2,3,-21.77454507514144,216.79643346375497,1281101258.6904602,17.8397212543554,False,0.0,0,,,,0.0,0,,,,False,False,False,False,0,,none,0,0,False,-3,0.375,risk_on,6,False
BKR,57.93000030517578,-16.26590539559365,32.30453632171133,24.283540592573626,6.4924778138797805,0.48602836552191137,False,1.0977901215976607,4.324186181458424,-6.704708892743049,-7.178336089071625,False,True,False,True,26,43.333333333333336,True,0.33053863522987675,1.162057474211072,False,-1.3124722982098067,True,2.025363773516342,True,2,0,0.4696674137134762,False,0.7281810456405496,False,4,1,False,False,False,45.0,17.95954698539328,18.384252813874248,0.31252194112878456,8.0,False,1,1,2,4,-12.346794499724556,66.08999633789062,477027866.05984974,63.27526132404181,False,0.0,0,,,,0.0,0,,,,False,False,False,False,0,,none,0,0,False,-2,0.5,risk_on,6,False
BKV,22.935100555419922,-28.68438848184419,13.315715488038604,7.323816821350526,-10.46724595734332,0.18280146606292735,False,1.1294401498775226,10.725913664639766,-20.584829564063178,-5.344197322658683,True,True,False,False,25,41.66666666666667,True,0.43096538065697176,2.1851142882422163,False,-1.7052892571062215,True,-3.7149418586960525,True,1,1,0.41600350645035206,False,1.9762896006849848,True,3,2,True,False,False,25.0,18.70661557267531,22.323864797808625,0.13380868029750165,9.0,False,1,3,4,3,-16.20350803006294,27.3700008392334,56155036.14619465,44.73867595818815,False,0.0,0,,,,0.0,0,,,,False,False,False,False,0,,none,0,0,False,-2,0.5,risk_on,6,False
BLDR,58.31999969482422,-54.979154919357754,1.1095689775698636,-53.02456787914941,-70.81563065784326,0.4952558096055077,False,0.8444614756181953,9.019201558740779,-31.112689378578363,-13.880687177254758,False,True,False,False,17,28.333333333333332,False,0.4054051980746646,1.8594545281065764,False,-3.8259490919572836,True,-3.1872542001088577,True,1,0,0.40301384665438506,False,0.9959189997340651,False,7,2,True,False,False,25.0,22.56297827993715,15.843624360112656,0.1067960176226056,22.0,False,0,2,3,2,-20.15334205393451,73.04000091552734,222429523.9732353,2.64808362369338,False,0.0,0,,,,0.0,0,,,,False,False,False,False,0,,none,0,0,False,-3,0.375,risk_on,6,False
BLK,1082.3699951171875,-8.073339575975835,18.54535925656924,-3.2680666224687127,-21.059129401162558,0.3818212800763411,False,0.9975882979796568,6.3120751344203505,12.259143775365612,-6.574214903724329,False,True,False,True,26,43.333333333333336,True,0.42179695502209863,0.8507453902708783,False,-0.8104195476787751,True,1.5737631302054744,True,2,0,0.411679796688996,False,0.6824937525425698,False,7,2,True,False,False,55.0,17.198885554056538,8.829698509322723,0.5139313403532901,16.0,False,2,2,2,5,-8.359839248677424,1181.1087914329814,641669268.1610596,33.03135888501742,False,0.0,0,,,,0.0,0,,,,False,False,False,False,0,,none,0,0,False,-1,0.625,risk_on,6,False
BLSH,40.1349983215332,-42.24348891157664,84.18997996890121,-41.9846803346567,-59.77574311335054,0.8616765331704132,False,1.3487295529731733,22.474147072719912,1.4791380423706313,22.027969189215014,False,True,False,False,28,46.666666666666664,True,0.46234702258915067,3.2074405789042646,True,4.323542432597387,False,6.685272357934213,False,0,1,0.48758965806660476,False,2.3999601404574356,True,3,1,False,False,False,,,,,,False,2,1,2,2,,,55887518.379673004,6.132404181184669,False,0.0,0,,,,0.0,0,,,,False,False,False,False,0,,none,0,0,False,-4,0.25,risk_on,6,False
BMNR,27.875,-55.89499150102385,109.42899414876761,-54.50614176026542,-72.29720453895926,0.7258313410769609,False,1.2987362654403702,21.147983704981783,31.053123648737223,17.121852493986633,False,True,False,False,28,46.666666666666664,True,0.47794280928416877,3.225912577491622,True,3.8026145043114887,True,8.210402765240854,False,0,2,0.5277265678943425,False,1.6715735327885968,True,1,0,False,False,False,25.0,35.448225224184,21.147983704981783,0.9819004212469247,0.0,True,3,4,5,4,-0.6415979441018682,28.05500030517578,1145917443.8589377,2.4390243902439024,False,0.0,0,,,,0.0,0,,,,False,False,False,False,0,,none,0,0,False,-1,0.625,risk_on,6,False
BMO,177.1300048828125,-4.671434685878017,49.949147796905066,37.9826495767946,20.191586798100754,0.22663274630064226,True,0.9404371206897182,3.658327527188951,31.13989458778128,3.066451910709178,False,True,False,True,28,46.666666666666664,True,0.44294338077441947,0.7346102533309332,True,0.021356043795439747,True,1.6353030316030637,True,2,0,0.5248992512701074,False,0.3411939887702301,False,4,2,True,False,False,25.0,10.82149042556226,3.658327527188951,0.5019743793866206,24.0,False,7,2,4,6,-5.38937948515239,187.22000122070312,126365364.41995545,73.5191637630662,False,0.0,0,,,,0.0,0,,,,False,True,False,False,1,,power_play,6,6,True,0,0.75,risk_on,6,False
BMRN,64.20999908447266,-8.584850459409266,29.273206063087898,18.119938122747925,0.3288753440540795,0.4279811785092607,False,0.9269355306050985,4.095930993485963,17.214312733317705,-0.7113021455033008,True,True,False,True,25,41.66666666666667,True,0.427013673269567,1.0751023903194032,False,0.2615621607401234,True,-3.3127608136121034,True,2,0,0.40178761300827226,False,0.6776705898471089,False,5,3,True,False,False,35.0,17.032971816708372,5.154956557839569,0.4400329155573337,27.0,False,2,2,4,5,-9.537903567596295,70.9800033569336,122444833.09238815,57.35191637630662,False,0.0,0,,,,0.0,0,,,,False,False,False,False,0,,none,0,0,False,-1,0.625,risk_on,6,False
BMY,63.040000915527344,-7.416648103934564,52.9815207340125,46.74772728524006,28.956664506546215,0.30459596139171435,False,0.8040054922726353,3.4898488752997023,12.998165764934132,-5.316913214436402,False,True,False,True,24,40.0,True,0.4300095132200829,0.8491086512683553,False,-0.8364284153162737,True,-1.653662377264642,True,2,0,0.3509722191763887,False,0.7420068946700729,False,4,3,True,False,False,65.0,23.0135695373578,5.8692904651086515,0.64549150036054,22.0,False,3,3,4,5,-8.158506008037092,68.63999938964844,580912817.4511621,78.88501742160278,False,0.0,0,,,,0.0,0,,,,False,False,False,False,0,,none,0,0,False,-1,0.625,risk_on,6,False
BN,37.97999954223633,-22.357185074424567,2.5654895875140804,-20.148456613281674,-37.93951939197552,0.5955006345380291,False,0.9393696021406489,4.160089126113913,-3.4000161255002492,-7.936877367639649,False,True,False,True,20,33.33333333333333,False,0.4897825586205545,0.9534509977273457,True,-4.2010429779551774,True,0.9837780533907603,True,2,0,0.3330649641914929,False,0.286042081572106,False,8,2,True,False,False,25.0,16.02906849562195,9.88894923057644,0.18714643081702545,24.0,False,0,2,3,4,-13.02928553734468,43.66987183777213,164572783.07008362,18.745644599303134,False,0.0,0,,,,0.0,0,,,,False,False,False,False,0,,none,0,0,False,-2,0.5,risk_on,6,False
BNO,58.96500015258789,-7.229391317530753,116.78308271567728,96.81242307897008,79.02136030027624,0.8443230884278506,True,1.0939307073328013,9.785466705388341,23.151626644082302,14.539628354523494,False,True,False,False,34,56.666666666666664,True,0.49323374453244806,1.2538579833305112,True,3.0535096775021806,True,-5.139960911626728,False,0,2,0.6383786452102164,True,1.73402918259167,True,3,2,True,True,True,25.0,21.78805677781618,12.566776610254779,0.6402439107820486,4.0,False,6,5,6,5,-7.838386098045824,63.97999954223633,101631626.18903732,90.94076655052264,True,0.0,0,,,,0.0,0,,,,True,False,False,False,1,,sepa_vcp,6,6,True,0,0.75,risk_on,6,True
BNS,95.41000366210938,0.0,53.839255459917744,50.00097756998652,32.209914791292675,0.20564058862455903,True,0.9142756450857746,3.825596253832289,40.623211368080625,3.2687566754106,False,True,False,True,27,45.0,True,0.4424356010964589,0.8608462259792161,True,3.4867486505580527,True,2.1192372369326806,True,2,1,0.6688919159765339,True,0.8224757462025989,False,6,1,False,False,False,65.0,12.009136649308445,4.024739356351325,0.9973826526950949,0.0,True,8,3,5,6,-0.03143208144330556,95.44000244140625,190788693.49943542,79.72125435540069,False,0.0,0,,,,0.0,0,,,,False,True,False,False,1,,power_play,6,6,True,0,0.75,risk_on,6,False
BNTX,98.45999908447266,-17.496227496354077,17.36798164361659,2.3279960874575067,-15.463066691236339,0.3440376692171866,False,0.8655662629852783,4.326624564744433,11.367486716517906,-3.541511606022918,False,True,False,True,18,30.0,False,0.383649809067276,1.1927723413010425,False,0.3828615183780644,True,-0.40461412442781564,True,2,0,0.41767792474085114,False,0.2856855204672919,False,6,2,True,False,False,25.0,24.366325312609888,7.805197674235699,0.2540926680008566,20.0,False,0,2,3,4,-18.175020704552036,120.33000183105469,114185581.99293709,38.815331010452965,False,0.0,0,,,,0.0,0,,,,False,False,False,False,0,,none,0,0,False,-2,0.5,risk_on,6,False
BNY,153.88499450683594,-6.645839647192798,49.89324294066111,44.14349736046783,26.352434581773988,0.4366637321307725,False,1.01075424915256,3.314167258386633,33.30247838016387,-5.3015418419471105,False,True,False,True,25,41.66666666666667,True,0.4195461138851081,0.8297837399467225,False,-1.666178700352311,True,-2.394398748945792,True,2,0,0.41866803653011686,False,0.8026054561182182,False,8,1,False,False,False,65.0,14.846887931282174,8.740291404854752,0.5144600859400944,10.0,False,4,1,2,5,-7.208756690211793,165.83999633789062,522648009.4015762,77.35191637630662,False,0.0,0,,,,0.0,0,,,,False,False,False,False,0,,none,0,0,False,-1,0.625,risk_on,6,False
BOIL,19.59000015258789,-77.54470353933428,4.871519446174588,-64.70270242776957,-82.49376520646341,0.7918100881633277,False,0.9552756098367631,6.176616003307239,-39.46229980502135,-1.8537021485767302,False,True,False,True,26,43.333333333333336,True,0.46171153202978676,2.0128129605786125,True,-0.7910001618356799,True,-1.5577862908787266,True,2,0,0.40124493720123544,False,0.9599867542894018,False,5,1,False,False,False,25.0,14.439253306865751,11.893822897179792,0.4142396839603716,16.0,False,1,1,3,4,-8.457941580405937,21.399999618530273,96734208.91553974,1.0452961672473868,False,0.0,0,,,,0.0,0,,,,False,False,False,False,0,,none,0,0,False,-2,0.5,risk_on,6,False
BOOT,125.36000061035156,-39.724972023474095,2.126273409655033,-28.801047654010027,-46.592110432703876,0.41142008379950196,False,0.8935179509226584,18.247447262784316,-22.228426880308017,-19.044239154534036,False,True,False,False,15,25.0,False,0.47521986257587523,2.2226586686384397,True,-4.602938023151451,True,-12.237465818880178,False,0,0,0.3340551674785722,False,0.2660392138109129,False,8,3,True,False,False,25.0,28.712401799099908,27.373167098224073,0.09713936152373105,22.0,False,0,2,2,2,-25.923297420522516,169.22999572753906,93165808.62793961,12.334494773519165,False,0.0,0,,,,0.0,0,,,,False,False,False,False,0,,none,0,0,False,-4,0.25,risk_on,6,False
BOX,33.57500076293945,-6.632364800484747,57.11277231818714,4.367431376948083,-13.423631401745762,0.35622660139054596,False,0.8853733958968786,5.569321540626383,36.92903807556305,-4.016577466218719,False,True,False,True,29,48.333333333333336,True,0.4776430230794553,1.458543519971484,True,0.8882314784781852,True,-3.686172762230344,True,2,0,0.4087470023104447,False,1.120752858443566,False,4,2,True,False,False,45.0,22.79856855427698,5.569321540626383,0.6662644006551057,14.0,False,3,3,4,5,-7.608693940667289,36.34000015258789,112373185.33834,40.76655052264808,False,0.0,0,,,,0.0,0,,,,False,False,False,False,0,,none,0,0,False,-1,0.625,risk_on,6,False
BP,43.4900016784668,-7.3892620818921895,39.50716855088616,34.02826990548484,16.237207126790995,1.259595687512699,True,1.0579089234893477,8.8526147165559,2.199037895148437,3.179122429604586,False,True,False,False,29,48.333333333333336,True,0.4220411172154585,0.9036165149339865,False,0.2737580759072753,True,-5.31242893641789,False,0,0,0.46051190548773324,False,0.7927306548274842,False,6,1,False,False,False,55.0,21.75250178226578,8.8526147165559,0.6530621160615282,4.0,False,4,2,4,5,-7.546766938707128,47.040000915527344,435317067.69458693,70.17421602787456,False,0.0,0,,,,0.0,0,,,,False,False,False,False,0,,none,0,0,False,-1,0.625,risk_on,6,False
BPOP,162.88499450683594,-7.9219911384619035,52.52249045808479,30.178579790793925,12.38751701210008,0.3988763013421956,False,0.9287755631925516,5.249104177855369,24.92699993153775,-3.517443644482676,False,True,False,True,21,35.0,False,0.3902450584260298,0.7388360962627978,False,-2.2354560390231906,True,-1.6869859322210634,True,2,0,0.48001856219477707,False,0.6473268839891473,False,3,1,False,False,False,25.0,11.360535273229969,7.517817996452451,0.2407234463297589,24.0,False,2,1,2,5,-8.625788070107266,178.26144933737996,88199337.16186142,67.38675958188153,False,0.0,0,,,,0.0,0,,,,False,False,False,False,0,,none,0,0,False,-1,0.625,risk_on,6,False
BR,164.0800018310547,-30.533974094235937,21.892061311333432,-30.493697429426668,-48.28476020812052,0.29265352033463393,False,0.88533286108637,6.155537537057756,-2.7105415346933115,-10.100951748120913,False,True,False,True,27,45.0,True,0.3976221588162847,0.942279175584466,False,-0.23756528257621595,True,-5.912034861332616,False,1,0,0.44014856967450944,False,0.4677411114900332,False,7,2,True,False,False,35.0,16.285915593155316,7.868115259653756,0.2832000659845671,19.0,False,1,2,2,4,-11.673743222554645,185.76582753244617,190219407.23779297,11.428571428571429,False,0.0,0,,,,0.0,0,,,,False,False,False,False,0,,none,0,0,False,-2,0.5,risk_on,6,False
BRK-A,758000.0,-4.511756517576515,8.291128842156393,2.377093462992974,-15.413969315700871,0.413953488372093,False,0.9136435236140282,3.6306068601583115,5.277777777777781,0.0019789309814832734,False,True,False,True,29,48.333333333333336,True,0.5601014027366136,0.5561734762572124,True,0.03316746671770454,True,-1.7842103217279748,True,2,2,0.5235815519960304,False,5.079825834542816,True,0,2,True,False,False,65.0,9.626933530826706,4.509630606860158,0.38013994304343907,29.0,False,3,4,3,6,-5.967351566735268,806103.0,159736784.7,38.88501742160278,False,0.0,0,,,,0.0,0,,,,False,True,False,False,1,,power_play,6,6,True,0,0.75,risk_on,6,False
BRK-B,505.2200012207031,-4.571036694993791,8.556082476673943,2.509890425889405,-15.28117235280444,0.5009032445954199,False,0.9066135958847776,3.776569915317073,5.258550284731323,0.04356459815904046,False,True,False,True,28,46.666666666666664,True,0.3982211159467103,0.49196378506748806,False,-0.015512159838980702,True,-1.8895059240072953,True,2,2,0.5774488207893205,False,2.576929647086968,True,2,2,True,False,False,65.0,9.66452229041993,4.560385173127546,0.37425460362088675,29.0,False,3,4,3,6,-6.047530331433593,537.739990234375,2277263197.1670732,39.09407665505226,False,0.0,0,,,,0.0,0,,,,False,True,False,False,1,,power_play,6,6,True,0,0.75,risk_on,6,False
BRKR,62.06999969482422,-3.5281267831368757,102.34694066626484,88.05410493796839,70.26304215927455,0.3756586755808836,True,0.958158931936942,18.624130200467352,78.21077294247891,8.742112305004678,False,True,False,False,20,33.33333333333333,False,0.49134837200580933,2.3431097539011905,True,1.3325745321165494,True,17.86935031272041,False,0,0,0.5686823351722452,False,1.1365278960924425,False,6,2,True,False,False,35.0,24.569567012046562,20.750760942072283,0.848484753613667,34.0,False,8,2,3,4,-3.722663999435749,64.47000122070312,122916792.6600937,89.96515679442508,True,0.0,0,,,,0.0,0,,,,False,False,False,False,0,,none,0,0,False,-2,0.5,risk_on,6,False
BRO,64.72669982910156,-31.89581104865269,19.30220821058739,-28.755294525872998,-46.54635730456684,0.38540814196242174,False,0.8842511681505075,6.720562743978034,-2.477922961097534,-11.708222637208387,False,True,False,True,25,41.66666666666667,True,0.4706720594968885,1.137740666438119,True,-2.739950967282327,True,-5.273381977747138,False,1,0,0.27011465336914,False,0.4150468620281455,False,5,2,True,False,False,25.0,14.216928889488873,9.099798700072538,0.055192906024926526,19.0,False,1,2,2,4,-13.432255269328252,74.7699966430664,129886199.19446258,12.40418118466899,False,0.0,0,,,,0.0,0,,,,False,False,False,False,0,,none,0,0,False,-2,0.5,risk_on,6,False
BROS,38.71900177001953,-47.18455454991254,0.0,-33.94915988481982,-51.74022266351366,0.8905280725587541,False,0.7835172810927656,15.460109474387766,-26.15105560814336,-22.422356464849493,False,True,False,False,15,25.0,False,0.5947234756190143,2.404192601259497,True,-8.262208578539825,True,-12.102151099598412,False,0,0,0.25369011106546846,False,0.3374538031152847,False,9,3,True,False,False,25.0,27.18280577987956,23.76094512349514,0.030720991084447088,18.0,False,0,2,2,2,-26.347723045865624,52.56999969482422,184477566.69932383,9.616724738675957,False,0.0,0,,,,0.0,0,,,,False,False,False,False,0,,none,0,0,False,-4,0.25,risk_on,6,False
BRX,27.895000457763672,-14.668089233346171,16.81669110429569,5.4121311263670036,-12.378931652326841,0.23506449580300837,False,0.8510744393097559,3.011292843890611,-1.2595022025355007,-4.370927717502637,False,True,False,True,18,30.0,False,0.4147538380762853,0.5755755058269815,False,-5.360724067666885,True,-2.362615485721653,True,2,0,0.31574154513341435,False,0.35431178249419665,False,6,4,True,False,False,25.0,8.22054012283098,5.413157211336687,0.03815307496564477,24.0,False,0,2,2,4,-7.906901239266517,30.290000915527344,82594836.88463993,42.29965156794425,False,0.0,0,,,,0.0,0,,,,False,False,False,False,0,,none,0,0,False,-2,0.5,risk_on,6,False
BRZE,24.684999465942383,-31.79054876303772,56.333119224691174,-22.955684267850796,-40.74674704654464,0.21307029997565285,False,1.0269813098339657,7.940041024415841,30.470398342501937,-28.511438347508,False,True,False,True,29,48.333333333333336,True,0.4342008467190996,2.3812090705418796,False,-1.6644015500701927,True,-3.5742222730186235,True,2,0,0.5030914080755223,False,0.8437455720620531,False,5,1,False,False,False,25.0,33.23815289790086,33.19830577059321,0.11211341578737194,15.0,False,2,1,3,3,-29.51171004205426,35.02000045776367,86202506.06269865,16.65505226480836,False,0.0,0,,,,0.0,0,,,,False,False,False,False,0,,none,0,0,False,-3,0.375,risk_on,6,False
BSOL,16.179800033569336,-36.673970580396876,88.5757596438371,,,0.9249514903010272,False,1.4175805475251262,20.117684157788485,32.18791124283869,14.344879644950081,True,True,False,False,31,51.66666666666667,True,0.41221219439127726,1.6508147041670684,False,6.151366912598538,False,13.862068896090097,False,0,1,0.49974678528271194,False,4.25556153581375,True,4,1,False,True,True,25.0,37.25251528318926,20.117684157788485,0.9615370639279868,0.0,True,3,2,5,2,-1.432841113859007,16.415000915527344,59823395.56711388,,False,0.0,0,,,,0.0,0,,,,False,False,False,False,0,,none,0,0,False,-1,0.625,risk_on,6,False
BSX,43.34000015258789,-58.715947069242105,1.665491594377877,-55.69866161565352,-73.48972439434736,0.3888960023077563,False,0.91240571797772,5.226126433713122,-37.67615820823112,-7.472245919296028,False,True,False,True,21,35.0,False,0.5098250560606921,1.8317968584876814,True,-2.2419401255563196,True,-3.795780495964851,True,2,0,0.3905248469650574,False,1.1256029825416347,False,6,0,False,False,False,25.0,18.71195327663689,10.90217413978533,0.0625319265049432,22.0,False,0,1,3,4,-17.541858789578303,52.560001373291016,971904612.2966162,2.1602787456445993,False,0.0,0,,,,0.0,0,,,,False,False,False,False,0,,none,0,0,False,-2,0.5,risk_on,6,False
BSY,32.095001220703125,-43.1802291386443,12.931038474819069,-38.82969786123452,-56.62076063992836,0.4990747583549613,False,0.8741731819515615,6.932544934861921,-15.880509401353226,-13.954418559842319,False,True,False,True,28,46.666666666666664,True,0.41507935947478103,1.4943746659235548,False,-1.696006266581088,True,1.2460581963943396,True,2,1,0.4661225281357665,False,0.8583170350846612,False,2,2,True,False,False,25.0,20.348684966757638,9.56535154404011,0.18989778367055843,16.0,False,1,3,3,3,-16.48451479095995,38.43000030517578,85667321.32958145,7.94425087108014,False,0.0,0,,,,0.0,0,,,,False,False,False,False,0,,none,0,0,False,-3,0.375,risk_on,6,False
BTC,38.00899887084961,-31.601585244583397,46.47012621723017,-25.443312647816718,-43.23437542651057,0.8860212269059126,False,1.321776316263806,13.339206576265694,21.55100196492894,10.813410251570943,False,True,False,False,32,53.333333333333336,True,0.40886602893454504,1.0417333752917377,False,5.6177921927664505,False,8.877109816622442,False,0,1,0.5516344525733972,False,1.6389331480623746,True,4,1,False,False,False,25.0,26.584788769432627,13.339206576265694,0.9831429604957179,0.0,True,2,2,4,2,-0.44814083449932207,38.18009948730469,71336167.2516861,15.261324041811847,False,0.0,0,,,,0.0,0,,,,False,False,False,False,0,,none,0,0,False,-2,0.5,risk_on,6,False
BTDR,13.425000190734863,-48.16602166615521,84.4093379646796,-18.38906037633552,-36.180123155029364,0.790514500706533,False,0.8202075334402933,22.03501238497924,55.561993194765826,30.087214997379252,False,True,False,False,21,35.0,False,0.47504537482475245,3.666025480584069,True,2.743568193857957,True,15.137224411838135,False,0,1,0.46172505060915825,False,1.4569636250747047,True,3,2,True,False,False,25.0,37.60524704501803,22.03501238497924,0.9545967689227167,0.0,True,2,4,4,3,-1.707399721303271,13.65820026397705,121502452.74428463,20.069686411149824,False,0.0,0,,,,0.0,0,,,,False,False,False,False,0,,none,0,0,False,-2,0.5,risk_on,6,False
BTG,5.34499979019165,-12.850836880297223,46.96892121393932,20.53370951738995,2.7426467386961058,0.358676489311846,False,1.0978252693841943,8.23199391004433,32.13695505462346,-5.223214149826994,False,True,False,False,27,45.0,True,0.45785789218142814,1.7454640354193067,True,2.4489153919427857,True,2.394636111573689,True,1,0,0.4873149769811233,False,1.194217102456978,False,3,2,True,False,False,35.0,36.779661710076006,11.215308140367137,0.7531640068344143,18.0,False,2,3,3,4,-9.078544326500882,5.8787001930387675,157913995.58794898,59.79094076655053,False,0.0,0,,,,0.0,0,,,,False,False,False,False,0,,none,0,0,False,-2,0.5,risk_on,6,False
BTI,55.79999923706055,-15.178257675724204,15.425220140357032,7.873867906376897,-9.917194872316948,0.6075645488420357,False,0.7863203270269228,3.0555520424183404,-0.8999374681158523,-0.5879241488953912,False,True,False,True,20,33.33333333333333,False,0.48357589918454413,0.6836420847230222,True,-2.156716487127287,True,-2.600805820659291,True,2,0,0.2629540749386051,False,0.615589167399076,False,6,3,True,False,False,25.0,6.104102511196067,5.734768470774667,0.42492886621445064,17.0,False,0,2,2,4,-3.510293151856736,57.83000183105469,295075546.9848423,45.64459930313589,False,0.0,0,,,,0.0,0,,,,False,False,False,False,0,,none,0,0,False,-2,0.5,risk_on,6,False
BTSG,55.92499923706055,-23.295849090562825,108.28677259780099,104.7784706360145,86.98740785732066,0.42858095838120297,False,0.7652172884686236,8.743852402966002,32.838482812387014,-5.420263441840056,False,True,False,False,23,38.333333333333336,False,0.5279584118339791,2.2834394944848735,True,-3.152536119122161,True,-7.255389809874346,False,0,1,0.36661587807348706,False,1.2119851287477783,True,5,2,True,False,False,25.0,11.878365651725991,13.214125150584197,0.03799997965494792,16.0,False,3,3,3,3,-11.42698799862637,63.13999938964844,150114670.91679573,92.12543554006969,True,0.0,0,,,,0.0,0,,,,False,False,False,False,0,,none,0,0,False,-3,0.375,risk_on,6,False
BTU,25.5,-35.039536965143135,22.855857920566702,13.470644925970987,-4.3204178527228585,0.3396279013863068,False,1.1019674535576303,13.333339317172182,-27.495382145743065,-11.82572637369167,False,True,False,False,29,48.333333333333336,True,0.46781744261579455,2.2972259350565896,True,0.043543754912632605,True,-6.764169490553817,False,0,0,0.25313591609228187,False,0.6339628632753814,False,6,1,False,False,False,25.0,18.225756249337184,19.686276304955577,0.11365672812759796,14.0,False,1,1,2,3,-16.154276426386392,30.413000106811523,69786435.21111135,52.264808362369344,False,0.0,0,,,,0.0,0,,,,False,False,False,False,0,,none,0,0,False,-3,0.375,risk_on,6,False
BUD,78.12999725341797,-9.655418338794686,35.51522265288487,33.57472202680416,15.783659248110315,0.6726485533027992,False,0.8969214337462381,4.505317286833703,15.667322750600832,-2.495944176404785,False,True,False,True,26,43.333333333333336,True,0.3710786475219589,0.5475727035348957,False,-1.6993173931245817,True,-2.117266910382909,True,2,0,0.39851448906711306,False,0.7088630522054854,False,3,2,True,False,False,35.0,10.441672694786511,5.516453781520811,0.14285702121499824,31.0,False,3,2,2,5,-8.950006437107326,85.80999755859375,198572277.6013298,69.82578397212544,False,0.0,0,,,,0.0,0,,,,False,False,False,False,0,,none,0,0,False,-1,0.625,risk_on,6,False
BULL,8.305000305175781,-46.59163856393944,79.37365226563557,-37.50940309244506,-55.30046587113891,0.5495993509519946,False,1.1458681459362714,15.352192314016866,56.40302061526003,-11.366057560199804,False,True,False,False,25,41.66666666666667,True,0.4697538658554138,2.9857889910818707,True,0.19852599686474107,True,-8.13052720994244,False,0,0,0.3152217099943505,False,0.6194497483932221,False,4,1,False,True,False,25.0,25.17173391568302,28.71764167661106,0.26510737482232466,11.0,False,2,1,2,3,-18.49852161757022,10.1899995803833,147339215.5430088,8.571428571428571,False,0.0,0,,,,0.0,0,,,,False,False,False,False,0,,none,0,0,False,-3,0.375,risk_on,6,False
BURL,251.22000122070312,-32.502216724574,10.533264066343783,-4.519016682309573,-22.31007946100342,0.6251976546144364,False,0.8279520084556631,9.700658784639462,-21.14629959872818,-7.9611687175327965,False,True,False,False,18,30.0,False,0.5854080590059915,2.730784104787697,True,-7.058517560242915,True,8.172578056581958,False,0,0,0.36240989965838344,False,0.5117903835677893,False,5,2,True,False,False,25.0,34.72130306217292,15.974048518357135,0.20197243807013376,24.0,False,0,2,3,3,-27.708556829733855,347.510009765625,496446841.1351814,31.637630662020904,False,0.0,0,,,,0.0,0,,,,False,False,False,False,0,,none,0,0,False,-3,0.375,risk_on,6,False
BWA,63.46500015258789,-17.39113703612929,56.804357617900145,45.24437496742537,27.453312188731527,0.5513351328849291,False,0.8436333332108152,4.821557340162141,17.879473487236574,-0.7121086216449357,False,True,False,True,20,33.33333333333333,False,0.4608428993135592,1.3325396748454135,True,-0.8360661021907965,True,-0.7584059492812933,True,2,0,0.38041361395027024,False,0.5408571656589332,False,6,2,True,False,False,55.0,15.370527574352073,9.737657141754607,0.32663633772328854,27.0,False,1,2,3,4,-10.349954738590894,70.79193319705676,119756721.89514771,78.18815331010452,False,0.0,0,,,,0.0,0,,,,False,False,False,False,0,,none,0,0,False,-2,0.5,risk_on,6,False
BWET,833.7050170898438,-4.406975590276874,6039.212236919669,5554.537388087674,5536.74632530898,0.5233196735666001,True,1.7380374645268846,23.227642924594985,798.3889974926587,95.53098352231166,True,True,False,False,36,60.0,True,0.5005513160596117,3.4889913750183266,True,6.883030003295545,False,8.312769425518418,False,0,3,0.7947043191539588,True,1.327278383406245,True,2,1,False,False,False,,,,,,False,11,3,6,5,,,156664926.1649658,100.0,True,0.0,0,,,,0.0,0,,,,True,False,False,False,1,,sepa_vcp,6,6,True,0,0.75,risk_on,6,False
BWIN,31.895000457763672,-1.831336380316262,93.3030330773556,4.368458819212617,-13.42260395948123,0.32367090929098047,False,0.8318581884294886,2.6179682703783707,44.06052997759424,3.9602351385339407,False,True,False,True,25,41.66666666666667,True,0.40979813184319497,1.233232387794137,False,2.3333972298267684,True,-0.3281235694885254,True,2,0,0.4386621181542248,False,0.9270529643716703,False,6,3,True,True,True,25.0,15.18117040807519,15.566709480099647,0.8368577971342531,4.0,True,5,3,4,6,-2.4766895824536728,32.70500183105469,131201930.02810602,40.836236933797906,False,0.0,0,,,,0.0,0,,,,False,True,False,False,1,,power_play,6,6,True,0,0.75,risk_on,6,False
BWXT,147.22999572753906,-38.06747139215027,1.0778470588752809,-15.143989007699322,-32.93505178639317,0.32475967343549417,False,0.8561594866262704,4.197509240724169,-27.918219315303894,-3.67681396896411,False,True,False,True,19,31.666666666666664,False,0.5424862700658797,1.8322615143497893,True,-3.024591479384886,True,-0.8752461202733208,True,2,0,0.34006068029216996,False,0.8414632881788822,False,5,2,True,True,False,25.0,17.206454403727882,12.619712266675926,0.09668198539912538,24.0,False,0,2,3,4,-15.542900230295942,174.3251853651178,175888117.8640259,22.99651567944251,False,0.0,0,,,,0.0,0,,,,False,False,False,False,0,,none,0,0,False,-2,0.5,risk_on,6,False
BX,126.4800033569336,-29.85254042918025,26.27704022168349,-29.85254042918025,-47.643603207874094,0.4333723609844489,False,0.957479184872038,5.526569661322571,17.92785836922817,-11.173534729203372,False,True,False,True,26,43.333333333333336,True,0.34407555067043954,0.9760600362230181,False,-1.75545787944745,True,-1.4108582305108475,True,2,0,0.39903813378823055,False,0.8955899527991599,False,7,3,True,False,False,25.0,17.32824797055086,12.373504696318076,0.19882144576594035,22.0,False,1,2,2,4,-13.883020656455214,146.8699951171875,437232508.58705294,11.777003484320558,False,0.0,0,,,,0.0,0,,,,False,False,False,False,0,,none,0,0,False,-2,0.5,risk_on,6,False
BXP,63.77000045776367,-13.532650018982872,27.01731620907828,-12.859067697718352,-30.650130476412198,0.2912715747997773,False,0.7917240625995123,2.963781073825608,23.16177786985505,-8.006346309137303,False,True,False,True,24,40.0,True,0.45735196735302985,1.0937032564099545,True,-3.0337240198181443,True,-1.1317822360253138,True,2,0,0.32341677242630157,False,0.49442608117693715,False,7,2,True,False,False,25.0,12.885815049537738,7.966125105678838,0.08915163357932869,17.0,False,1,2,3,4,-11.737023587870354,72.25,88470335.18587914,24.250871080139373,False,0.0,0,,,,0.0,0,,,,False,False,False,False,0,,none,0,0,False,-2,0.5,risk_on,6,False
BYD,72.2750015258789,-20.59736528427728,0.0,-12.411036663781626,-30.202099442475472,0.3661475375005312,False,0.8758478897130121,7.609823429793579,-11.36327528593144,-8.817359030309103,False,True,False,True,17,28.333333333333332,False,0.45121141275091176,0.9279572313012675,True,-5.983014588387693,True,-6.075377223715551,False,1,0,0.3100177222819711,False,0.3341050703544052,False,6,3,True,False,False,25.0,14.24369939537986,8.284641148412717,0.036456197919701706,24.0,False,0,2,2,4,-13.724428271113155,83.77226609751894,70188337.76710586,24.529616724738677,False,0.0,0,,,,0.0,0,,,,False,False,False,False,0,,none,0,0,False,-2,0.5,risk_on,6,False
BZ,14.345000267028809,-41.16078441006088,13.399215016699472,-40.50284115922808,-58.293903937921925,0.684380550233377,False,0.8301599176546517,8.574412822169228,7.453182450392859,-19.41010740516351,False,True,False,False,24,40.0,True,0.5147154257513994,2.3865014499568153,True,-3.0605506039334665,True,-7.152100685293705,False,0,0,0.2520861223475882,False,0.5085969666644876,False,6,3,True,False,False,25.0,26.4546111178849,20.494942667521084,0.02443793331363214,17.0,False,1,2,3,2,-25.808115095547958,19.334999084472656,171637648.0468486,6.829268292682928,False,0.0,0,,,,0.0,0,,,,False,False,False,False,0,,none,0,0,False,-3,0.375,risk_on,6,False
C,135.5050048828125,-6.5051492698142805,47.313520074044455,34.760016570988924,16.96895379229508,0.6274595788559076,True,1.1559856816663374,6.944395648151401,22.57094257183696,1.960128747904366,False,True,False,True,24,40.0,True,0.329199555650703,0.854868714069976,False,0.3504553116258204,True,-0.4956585616624043,True,2,0,0.5487892804709775,False,0.6510415642750048,False,4,0,False,False,False,45.0,10.710925077249453,8.088267088987322,0.6190023245870772,6.0,False,5,2,4,6,-4.0808375559540195,141.27000427246094,1249091390.177002,70.94076655052265,False,0.0,0,,,,0.0,0,,,,False,True,False,False,1,,power_play,6,6,True,0,0.75,risk_on,6,False
CACC,579.864990234375,-11.76734944251555,41.07263968952613,14.306408655203473,-3.4846541234903725,0.39807990356466333,False,0.8424586033552299,8.181215151863459,32.31676778841146,-2.5256810576895994,False,True,False,False,23,38.333333333333336,False,0.4043311143543783,1.096159997580575,False,-0.8246869752560608,True,-4.211542839651239,True,1,0,0.5227273457692065,False,0.4925026601532009,False,8,1,False,False,False,45.0,14.779236454309011,8.181215151863459,0.342093943869255,44.0,False,2,1,2,5,-9.723349168278173,642.3200073242188,66795449.99124756,53.44947735191637,False,0.0,0,,,,0.0,0,,,,False,False,False,False,0,,none,0,0,False,-1,0.625,risk_on,6,False
CACI,636.5050048828125,-6.407336065172853,44.410788361057364,27.604700787506587,9.813638008812742,0.30141021854695804,False,0.8640772009299044,3.9292715019938633,8.014012564160033,1.322030008659758,False,True,False,True,28,46.666666666666664,True,0.48321974295182074,1.337404662304856,True,3.039978326831384,True,-0.10279494778780984,True,2,0,0.5439871003979573,False,0.6202609777561983,False,7,2,True,False,False,35.0,26.98020177799419,6.482275779311651,0.7457153242000184,26.0,False,3,3,3,6,-6.860651862135336,683.3900146484375,167087926.35828248,65.78397212543554,False,0.0,0,,,,0.0,0,,,,False,True,False,False,1,,power_play,6,6,True,0,0.75,risk_on,6,False
CAG,14.925000190734863,-22.696900663769494,19.99548387517247,-13.129701543571704,-30.920764322265548,0.357434844134765,False,0.8786407640754689,4.8911255382349275,0.10401224633702633,-7.2405217576436804,False,True,False,True,29,48.333333333333336,True,0.3998306686083987,1.0239203707514588,False,-0.663883103933142,True,0.9127804545641327,True,2,0,0.35387662375190226,False,1.0395831914942235,False,8,3,True,False,False,45.0,17.253145611200466,7.772193183168022,0.3715759553235038,19.0,False,1,2,3,4,-10.842291548383132,16.739999771118164,161920973.6335636,24.111498257839724,False,0.0,0,,,,0.0,0,,,,False,False,False,False,0,,none,0,0,False,-2,0.5,risk_on,6,False
CAH,227.16000366210938,-8.627970272950092,55.64008724199743,53.42410271504292,35.63303993634908,0.24600142025632835,False,0.9293963139621649,5.81088076045139,10.56508877717215,-3.150713832230345,False,True,False,True,22,36.666666666666664,False,0.4641388418619218,0.9909742910273751,True,-1.2210217474424436,True,-3.290900314030021,True,2,0,0.39627826068312155,False,0.9716994783354675,False,6,2,True,False,False,25.0,11.067430334527337,10.622470722753127,0.19789805866587618,10.0,False,2,2,2,5,-8.877207356904549,249.2899932861328,367428796.13473207,81.3240418118467,True,0.0,0,,,,0.0,0,,,,False,False,False,False,0,,none,0,0,False,-1,0.625,risk_on,6,False
CAI,30.655000686645508,-6.965098704565886,110.6872871806969,-5.908536022776712,-23.699598801470557,0.47117656010597275,False,1.1461995076880105,18.137338929218046,59.16407228633362,19.605937145604678,False,True,False,False,24,40.0,True,0.4386532005235038,2.8368408400316873,False,6.127113414795151,False,17.677549268537263,False,0,1,0.5302417855619951,False,1.3533084179315242,True,3,2,True,False,False,25.0,33.737243998055675,26.618821284081452,0.9333648460501027,2.0,True,4,3,3,3,-2.248086447655684,31.360000610351562,151158069.70207626,30.17421602787456,False,0.0,0,,,,0.0,0,,,,False,False,False,False,0,,none,0,0,False,-3,0.375,risk_on,6,False
CAKE,98.84500122070312,-15.725977961333948,131.98144049923647,84.40730750891376,66.61624473021992,0.2667562009766161,False,0.8821170697063394,10.5619933355007,76.22838311104738,-11.800658972190458,False,True,False,False,27,45.0,True,0.47697688972663005,1.8300790121585502,True,-0.7361134297642525,True,-6.014069657091459,False,0,0,0.43438339967656414,False,0.5303300938428119,False,6,4,True,False,False,25.0,18.34513567775883,15.09433758378093,0.20268365057225854,17.0,False,5,2,2,3,-14.626876608347283,115.77999877929688,150413079.67143822,89.12891986062718,True,0.0,0,,,,0.0,0,,,,False,False,False,False,0,,none,0,0,False,-3,0.375,risk_on,6,False
CALM,71.9749984741211,-25.91311959337729,0.6836717095090483,-25.91311959337729,-43.70418237207113,0.3581847125710676,False,0.683992329730545,5.237925283766312,-6.179895905797084,-10.266800529044918,False,True,False,True,23,38.333333333333336,False,0.32544314311651473,0.8877421411242431,False,-5.41305655304355,True,-4.058915362837123,True,2,0,0.29538753008222096,False,0.3751011403476049,False,7,4,True,False,False,25.0,17.926788440001587,5.974290397393148,0.0003178914141169025,19.0,False,0,2,3,4,-17.921089667873822,87.69000244140625,68851958.83730164,14.912891986062718,False,0.0,0,,,,0.0,0,,,,False,False,False,False,0,,none,0,0,False,-2,0.5,risk_on,6,False
CAPR,9.010000228881836,-74.50480987555387,134.02598576795864,35.488723303304056,17.69766052461021,0.22919874073321825,False,0.5404312621067978,15.649276488277003,-70.06644480167978,-6.047965740120864,False,True,True,False,16,26.666666666666668,False,0.433118979366417,5.034617525182233,False,-0.9897480104671328,True,2.27014528648386,True,2,0,0.2799934249458583,False,0.8946453340859473,False,3,4,True,False,False,,,,,,False,1,2,3,4,,,51051089.83389425,71.21951219512195,False,0.0,0,,,,0.0,0,,,,False,False,False,False,0,,none,0,0,False,-2,0.5,risk_on,6,False
CAR,117.23500061035156,-83.57984153102443,33.692550286661294,-25.640620393739855,-43.4316831724337,0.4141274410837352,False,0.7736426432077835,7.0371475728653206,9.279457442514282,-15.120905911643078,False,True,False,True,15,25.0,False,0.4223224793732867,1.9310259120420517,False,-4.820412890431498,True,-1.2342008218664269,True,2,0,0.33308259746989677,False,0.792623118316191,False,8,2,True,False,False,25.0,25.01835433177504,22.757702509386498,0.13003465686045068,19.0,False,0,2,3,3,-21.765101211029503,149.85000610351562,51395825.59628296,14.982578397212542,False,0.0,0,,,,0.0,0,,,,False,False,False,False,0,,none,0,0,False,-3,0.375,risk_on,6,False
CARR,54.494998931884766,-28.03820737898758,9.45432195002649,-8.37365927352952,-26.164722052223368,0.45047795608175734,False,1.001055690587897,9.597210101377359,-5.8563207278466205,-7.305667488955936,True,True,False,False,17,28.333333333333332,False,0.4438110703726754,1.4369327597890642,True,-3.9008953741575163,True,-4.828849931364099,True,1,0,0.34692078518010067,False,0.34121060504001904,False,5,1,False,False,False,25.0,15.988518450743635,13.57188742712297,0.15229680373937893,24.0,False,0,1,3,3,-13.55351819416729,63.03900146484375,384500902.9479294,27.595818815331008,False,0.0,0,,,,0.0,0,,,,False,False,False,False,0,,none,0,0,False,-3,0.375,risk_on,6,False
CART,46.15999984741211,-10.853609626062411,40.17612942492714,11.228915294968944,-6.562147483724901,0.4028974997070238,False,1.004774621283783,7.950602645314059,21.09129365374256,-8.666404805642912,False,True,False,True,24,40.0,True,0.463921656553126,1.577786837237704,True,-0.9614499511600044,True,-6.709781175301455,False,1,0,0.5580938214137128,False,0.7206082924697772,False,4,0,False,False,False,45.0,20.08352651815609,12.705809570741602,0.38374297454032547,11.0,False,2,1,2,4,-12.376614312819367,52.68000030517578,171700241.09595567,49.89547038327526,False,0.0,0,,,,0.0,0,,,,False,False,False,False,0,,none,0,0,False,-2,0.5,risk_on,6,False
CASY,590.1749877929688,-35.54180721485242,15.274825448729668,8.248934462860923,-9.542128315832922,0.45890575232392056,False,1.111358611054497,5.8092894232512435,-12.701651273439685,-21.8797555588231,False,True,False,True,25,41.66666666666667,True,0.44132799328926986,1.6336997456603892,True,-6.423299969760393,True,-5.057029053485218,False,1,0,0.3387823413889245,False,0.6727196386786605,False,7,2,True,False,False,25.0,33.66735286387358,30.91879177535546,0.015714589390038645,23.0,False,1,2,3,2,-33.13828423776827,882.6799926757812,433692428.3248779,46.20209059233449,False,0.0,0,,,,0.0,0,,,,False,False,False,False,0,,none,0,0,False,-3,0.375,risk_on,6,False
CAT,817.5750122070312,-23.082763748250358,77.89496093393085,76.81966798929034,59.028605210596496,0.4247964768795219,False,0.7093684788312428,6.167023599364218,16.951838554999487,2.1649499790104665,False,True,False,True,22,36.666666666666664,False,0.42266891350617397,1.0223540242372047,False,-0.9043858181782518,True,4.282527067223363,True,2,0,0.4570715133321503,False,0.6315847944917884,False,3,1,False,False,False,25.0,13.122947373080917,7.0501194126321405,0.396369842168645,24.0,False,3,1,3,5,-7.9214067940253985,887.9099731445312,1855039212.261145,87.87456445993031,True,0.0,0,,,,0.0,0,,,,False,False,False,False,0,,none,0,0,False,-1,0.625,risk_on,6,False
CAVA,51.84000015258789,-46.77071518895814,18.926359190458065,-18.40075374048097,-36.191816519174814,0.6087087249986438,False,0.7923264716045888,8.996916379466716,-40.461697100856355,-22.557516788314512,False,True,False,False,20,33.33333333333333,False,0.5244085166366833,2.320625431956802,True,-4.813174342094511,True,-5.556566352660108,False,0,0,0.33910724969773154,False,0.0856339842985268,False,10,2,True,False,False,25.0,33.295288810535716,22.2704512917835,0.08731602106568125,19.0,False,0,2,2,2,-30.38807667136704,74.47000122070312,183739395.1331772,20.0,False,0.0,0,,,,0.0,0,,,,False,False,False,False,0,,none,0,0,False,-4,0.25,risk_on,6,False
CB,338.5899963378906,-6.571433094624856,27.396753316244403,24.750112804404644,6.959050025710798,0.19310304187438862,False,0.8273961184889427,2.1500926956010575,4.382282294515649,-0.09036509117734681,False,True,False,True,25,41.66666666666667,True,0.4101129440368239,0.5882163083704766,False,-1.212369377197603,True,-0.9536374747461163,True,2,1,0.48701689661342645,False,1.3544740770072106,True,4,3,True,False,False,65.0,12.000215969925659,3.5130431757446914,0.4011120188888141,37.0,False,2,3,3,5,-7.186785115126993,364.80796054514764,549731761.864563,63.832752613240416,False,0.0,0,,,,0.0,0,,,,False,False,False,False,0,,none,0,0,False,-1,0.625,risk_on,6,False
CBRE,142.38999938964844,-17.026980430498618,14.241014190404577,-13.250883441499317,-31.04194622019316,0.45496780047489144,False,0.9608095346608108,4.417440349107893,4.891343933442682,-5.589449360288301,False,True,False,True,25,41.66666666666667,True,0.39320216151702214,1.1267531163199977,False,-0.5885205007352371,True,1.0574915242783645,True,2,0,0.3295556596143383,False,0.8541154868937572,False,5,2,True,False,False,65.0,17.88565918503545,6.46814487994701,0.49428558349609375,22.0,False,1,2,3,4,-9.045035698547931,156.5500030517578,240952782.13397828,24.041811846689896,False,0.0,0,,,,0.0,0,,,,False,False,False,False,0,,none,0,0,False,-2,0.5,risk_on,6,False
CBSH,56.810001373291016,-5.388834937948516,20.824938205858025,2.7847980876965606,-15.006264690997284,0.3972429394157916,False,0.9653931317917043,4.171798758306334,19.292656529947607,-1.6558965647583634,False,True,False,True,24,40.0,True,0.40516637112279436,0.6163965574283778,False,-1.8616661600623772,True,-3.1372550805066957,True,2,0,0.39792762586735486,False,0.6174970336015984,False,3,3,True,False,False,65.0,10.456336182050881,4.312615541308618,0.39700460458270453,37.0,False,2,2,2,5,-6.305122570711941,60.63298542245896,56537125.29093818,39.16376306620209,False,0.0,0,,,,0.0,0,,,,False,False,False,False,0,,none,0,0,False,-1,0.625,risk_on,6,False
CBZ,54.685001373291016,-3.7235878383419907,117.52188822967086,1.6827865647749407,-16.108276213918906,0.23145437028074656,False,0.20286898195450426,0.3108679979449396,104.88947275782382,0.32104761905429324,False,True,True,True,28,46.666666666666664,True,0.4120288334146863,0.20850931086424962,False,16.140504208506346,False,0.15568296986347985,True,3,1,0.3161025067677138,False,0.9855855695851865,False,1,2,True,False,False,45.0,28.797695472505104,0.4937376812347383,0.9453125,36.0,True,7,4,5,6,-1.5748739711526238,55.560001373291016,59222673.16705398,38.188153310104525,False,0.0,0,,,,0.0,0,,,,False,True,False,False,1,,power_play,6,6,True,0,0.75,risk_on,6,True
CCC,6.565000057220459,-31.184485498202363,55.56872946958868,-31.184485498202363,-48.975548276896205,0.24131326184175972,False,0.9829000699631586,9.520182704531726,6.229777339416787,-12.349796290576043,False,True,False,False,24,40.0,True,0.4744658794691664,2.0610429706248072,True,-0.42052735376104555,True,-2.8846178263167266,True,1,0,0.428798983806438,False,0.6625373490173526,False,3,0,False,False,False,25.0,18.750001164153243,19.6953573493171,0.2256946341582947,22.0,False,1,1,2,2,-14.518226510942078,7.679999828338623,72086046.73908031,11.149825783972126,False,0.0,0,,,,0.0,0,,,,False,False,False,False,0,,none,0,0,False,-4,0.25,risk_on,6,False
CCEP,100.58000183105469,-9.963295447708054,19.79773488588874,14.816145719205709,-2.9749170594881367,0.42412463520325444,False,0.9185178936110059,4.613242498685071,9.789844639534273,-7.80934625318751,False,True,False,True,23,38.333333333333336,False,0.5297670753426849,0.8763594581262779,True,-2.877042926447523,True,-3.9075154384631383,True,2,0,0.26578878368988323,False,0.5928980660929204,False,7,1,False,False,False,65.0,15.580187709821777,8.252140485838742,0.26086973378968975,38.0,False,1,1,2,5,-11.515788289567174,113.66999816894531,175981541.4078949,53.86759581881533,False,0.0,0,,,,0.0,0,,,,False,False,False,False,0,,none,0,0,False,-1,0.625,risk_on,6,False
CCI,73.50990295410156,-21.82122470228243,1.3160767080143243,-17.41949783295702,-35.21056061165086,0.37205529684942457,False,0.9023693518794165,4.747656742178848,-7.231030511607184,-2.0504855648060927,True,True,False,True,21,35.0,False,0.3278074479489501,0.7977485614111615,False,-0.6477813413167725,True,0.5511214450005575,True,2,0,0.48183218834697933,False,0.8321167740906379,False,4,2,True,False,False,35.0,11.410420711097991,6.9757108769720215,0.5410648439998893,34.0,False,0,2,3,4,-5.2366432090746535,77.57207579326797,229635718.91110533,20.696864111498257,False,0.0,0,,,,0.0,0,,,,False,False,False,False,0,,none,0,0,False,-2,0.5,risk_on,6,False
CCJ,93.18499755859375,-30.50563046942085,17.530753572464384,8.338866795448642,-9.452195983245204,0.5741156354609143,False,0.8991787377373814,6.8144000005239915,-11.7315545818247,-6.824321999653504,False,True,False,True,20,33.33333333333333,False,0.40025925613188257,1.523105388252265,False,-0.45566912419050765,True,-0.08042523688467362,True,2,0,0.3232593731611326,False,0.7683150663234722,False,5,1,False,False,False,25.0,19.544560581694473,15.431673831155605,0.15802748681479822,17.0,False,0,1,3,4,-16.455982792069722,111.54000091552734,280778187.2219597,46.34146341463415,False,0.0,0,,,,0.0,0,,,,False,False,False,False,0,,none,0,0,False,-2,0.5,risk_on,6,False
CCK,108.58000183105469,-10.846538291460405,21.854585995479713,16.12615533170798,-1.6649074469858647,0.4253821896409494,False,0.74561022208114,5.512065306154571,8.363443600336673,-8.32489058350825,False,True,False,True,19,31.666666666666664,False,0.446777739303389,0.8677672662865024,True,-3.7691674497771026,True,-3.372787063176097,True,2,0,0.2900621165742451,False,0.35339235101356903,False,6,2,True,False,False,65.0,18.459050653429557,6.156755457040635,0.36838904691437385,31.0,False,1,2,2,5,-11.658938576268497,122.91000366210938,96590168.35299301,55.33101045296167,False,0.0,0,,,,0.0,0,,,,False,False,False,False,0,,none,0,0,False,-1,0.625,risk_on,6,False
CCL,22.40760040283203,-33.01653314297346,2.598902226550037,-25.400779085764835,-43.19184186445868,0.5441564612084266,False,0.7784057276635565,5.08756527474039,-10.951188924569111,-9.500806964071817,False,True,False,True,19,31.666666666666664,False,0.44477787613278336,1.235563257255453,True,-5.1925376435588255,True,-0.6755277780055802,True,2,0,0.28611572142431874,False,0.28214352601591247,False,8,1,False,False,False,25.0,22.384344591237884,8.345386411822368,0.09500808424596971,24.0,False,0,1,3,4,-20.25765089452274,28.100000381469727,468965939.6183178,15.33101045296167,False,0.0,0,,,,0.0,0,,,,False,False,False,False,0,,none,0,0,False,-2,0.5,risk_on,6,False
CDE,19.565000534057617,-27.856457228958543,41.7291735822948,12.439563855688984,-5.351498923004861,0.35167756627491076,False,0.981092952543255,10.222335524696339,9.485589216597612,-7.4065247935022,False,True,False,False,29,48.333333333333336,True,0.5067323796614736,2.404631565981213,True,1.2217199091597275,True,-1.584500201240635,True,1,0,0.35536466295084523,False,0.9236670041741043,False,6,2,True,False,False,35.0,34.74387919525353,15.384616134521451,0.6301282300516426,15.0,False,1,2,3,3,-12.850780092820335,22.450000762939453,692907118.9489787,51.21951219512195,False,0.0,0,,,,0.0,0,,,,False,False,False,False,0,,none,0,0,False,-3,0.375,risk_on,6,False
CDNA,54.0,-0.5158415357291224,278.15126757543993,270.11651429230307,252.3254515136092,0.2965545679875575,True,0.8595676925186695,6.3518524169921875,207.51709363507098,8.455511160996455,False,True,False,True,24,40.0,True,0.33321626293268647,1.6359517265995531,False,4.2738305328557304,False,3.1124710738209105,True,2,2,0.5091274403723126,False,2.895549289133904,True,2,1,False,False,False,25.0,18.78172704679152,12.074074921784577,0.8880309093560231,2.0,True,12,3,6,6,-2.102972898152633,55.15999984741211,54754259.580833435,98.11846689895471,True,0.0,0,,,,0.0,0,,,,True,True,False,False,2,power_play,sepa_vcp,6,6,True,0,0.75,risk_on,6,False
CDNS,294.2550048828125,-29.331877679330255,10.763758498276932,-21.185214926385488,-38.97627770507933,0.3975587105679992,False,0.8758975187956142,7.2386152960937755,0.593127285075723,-13.553573189646674,False,True,False,True,19,31.666666666666664,False,0.5331466990653106,1.975660914951715,True,-2.7057075841527958,True,5.445068249535945,False,1,0,0.43374806016098333,False,1.0614584737833455,False,5,2,True,False,False,25.0,21.46842103831206,7.731389312837762,0.283791015280866,16.0,False,0,2,3,3,-15.375876035372372,347.7200012207031,759077015.4668884,17.979094076655052,False,0.0,0,,,,0.0,0,,,,False,False,False,False,0,,none,0,0,False,-3,0.375,risk_on,6,False
CDW,144.97000122070312,-10.121553316866382,47.55913079348828,-8.248385323881157,-26.039448102575,0.4324688756254103,False,0.910371693200066,7.36704686806963,21.942599371159833,-1.8416962392442504,False,True,False,True,26,43.333333333333336,True,0.5051549307215394,2.378699398441755,True,0.5844571281622705,True,-4.436384879978106,True,2,0,0.41054798144857435,False,0.6074165218398563,False,3,1,False,False,False,35.0,28.84356199583556,9.712355461471795,0.7130776334458258,11.0,False,2,2,4,5,-8.275863067697175,158.0500030517578,235872189.06951904,27.735191637630663,False,0.0,0,,,,0.0,0,,,,False,False,False,False,0,,none,0,0,False,-1,0.625,risk_on,6,False
CE,45.40999984741211,-34.372177632809965,28.026334539858077,2.8675819873611674,-14.923480791332679,0.5600627238046201,False,0.9734826554242829,6.958819330610934,-19.006444330516626,0.9111107720269018,True,True,False,True,24,40.0,True,0.4391529669478291,1.781658604216247,False,0.020752250762715408,True,1.4068804941694157,True,2,0,0.3561433224457725,False,0.44298544707416576,False,4,1,False,False,False,35.0,14.06772475077484,8.147986732817209,0.6389300935422783,20.0,False,2,2,5,5,-5.079432059835254,47.84000015258789,77530629.31668015,39.44250871080139,False,0.0,0,,,,0.0,0,,,,False,False,False,False,0,,none,0,0,False,-1,0.625,risk_on,6,False
CECO,71.71499633789062,-28.047559290278755,51.16989547616615,46.68643328532125,28.895370506627405,0.6968785427096756,False,0.9292737072879583,9.370426778021896,22.778627846663134,2.93526370416477,False,True,False,False,19,31.666666666666664,False,0.41446930140975524,2.2622381731751138,False,-0.47999730297677906,True,1.4787012820449252,True,1,0,0.3463188498741835,False,0.7796677367170517,False,4,2,True,False,False,25.0,20.644096606120815,19.117349806826255,0.25399998256138395,24.0,False,1,2,3,3,-15.400496428170607,84.7699966430664,50670616.15903473,78.81533101045297,False,0.0,0,,,,0.0,0,,,,False,False,False,False,0,,none,0,0,False,-3,0.375,risk_on,6,False
CEG,263.93280029296875,-34.29676751993136,11.771044184427293,-19.792017828633114,-37.58308060732696,0.661732496199572,False,1.1652503913467263,7.141965994299622,-8.631550789936082,-4.631327807418694,False,True,False,True,25,41.66666666666667,True,0.5362015237720182,1.9337365532272686,True,-0.6321736112349843,True,-0.24084628401175312,True,2,0,0.24516006014315797,False,0.625228015632037,False,6,1,False,False,False,25.0,18.06736002181139,20.933352989807542,0.24222264139792088,9.0,False,1,1,2,4,-13.691036354241037,305.79998779296875,771087547.8456818,18.954703832752614,False,0.0,0,,,,0.0,0,,,,False,False,False,False,0,,none,0,0,False,-2,0.5,risk_on,6,False
CELC,84.02999877929688,-42.0402805520739,85.8248485425191,61.969924921494666,44.178862142800824,0.521787150984266,False,0.7790539056362087,9.199099689667133,-21.283373508855384,-4.986435482101115,False,True,False,False,24,40.0,True,0.4682108911802933,2.0576711054628953,True,-1.5137334731277845,True,0.5985873426397337,True,1,0,0.31266466150489103,False,0.5121422495099308,False,4,2,True,False,False,25.0,18.602044241768972,21.01630836446044,0.23368082017440886,11.0,False,2,2,2,3,-14.255103286431758,98.0,72134432.8236866,84.25087108013938,True,0.0,0,,,,0.0,0,,,,False,False,False,False,0,,none,0,0,False,-3,0.375,risk_on,6,False
CELH,28.122299194335938,-56.641537265345534,18.310049022951258,-48.61629923341522,-66.40736201210906,0.4902113296248971,False,0.753240804644773,5.227166182950511,-29.07364914984688,-14.729231095589634,False,True,False,True,24,40.0,True,0.524380850706481,2.0655319981312705,True,-1.2703033633993923,True,-1.151850825362355,True,2,0,0.23237359871281776,False,0.5016671818761764,False,6,2,True,False,False,25.0,26.445369210972906,14.259147878241347,0.16028230351817987,17.0,False,1,2,3,3,-22.206644516449416,36.150001525878906,231572826.19381475,3.8327526132404177,False,0.0,0,,,,0.0,0,,,,False,False,False,False,0,,none,0,0,False,-3,0.375,risk_on,6,False
CENX,39.650001525878906,-42.34404033539162,53.384916598692,43.815748874754235,26.02468609606039,0.2757007723163504,False,0.8932158830851903,8.070619520281392,-14.694488131719986,-14.895897411418002,False,True,False,False,24,40.0,True,0.440887302397898,2.26753289628912,True,-2.447952936465136,True,-4.549829918135528,True,1,0,0.27294013041596543,False,0.4053054173818615,False,6,1,False,False,False,25.0,21.860560514457564,27.440102520586372,0.06985313066353638,9.0,False,2,1,3,2,-20.33353192446302,49.77000045776367,70123880.48466416,76.93379790940766,False,0.0,0,,,,0.0,0,,,,False,False,False,False,0,,none,0,0,False,-3,0.375,risk_on,6,False
CF,124.44249725341797,-10.646590481921125,65.9414254972466,49.274809097430186,31.48374631873634,0.6907071364635039,False,1.1506762024544877,11.917146094762119,4.505199526953452,-1.0712327309817526,False,True,False,False,28,46.666666666666664,True,0.39980833010276745,1.7279122056970186,False,-0.1148001210225403,True,-5.179448304808365,False,0,1,0.36443450528222887,False,1.2083167513145308,True,3,3,True,False,False,25.0,17.591419705013987,15.629712523389994,0.3090889886615345,7.0,False,3,3,3,4,-12.154105579270624,141.66000366210938,344400334.14230806,79.58188153310104,False,0.0,0,,,,0.0,0,,,,False,False,False,False,0,,none,0,0,False,-2,0.5,risk_on,6,False
CFG,67.5199966430664,-9.648074923039907,43.73051817967588,29.880857905266755,12.08979512657291,0.3851257630011012,False,1.0670134409552567,8.07167834597611,18.053272020200616,-3.1415901164371873,False,True,False,False,25,41.66666666666667,True,0.44781539366219564,0.9929606162900608,True,-2.089345894819859,True,-4.281264861447099,True,1,0,0.5514015074013151,False,0.8839226085530951,False,6,2,True,False,False,25.0,12.836848445367844,8.07167834597611,0.1923467769549637,24.0,False,3,2,2,5,-10.367722020642,75.33000183105469,226576321.4571495,67.24738675958189,False,0.0,0,,,,0.0,0,,,,False,False,False,False,0,,none,0,0,False,-1,0.625,risk_on,6,False
CFR,159.32000732421875,-5.725891142670858,36.84413672020472,28.967294107969078,11.176231329275232,0.4116555484712085,False,1.0169908617967256,4.9271845868998145,20.930147443755388,-0.8340572061163565,False,True,False,True,24,40.0,True,0.39144409404336955,0.7391689500635114,False,-1.0776883844551397,True,-2.490967672827804,True,2,1,0.36117107223692024,False,0.6287808850610942,False,2,3,True,False,False,65.0,14.953171822501934,5.774539621706172,0.5905016495400213,24.0,False,3,3,2,5,-6.123299195459175,169.7119796060328,82108196.75165406,66.75958188153311,False,0.0,0,,,,0.0,0,,,,False,False,False,False,0,,none,0,0,False,-1,0.625,risk_on,6,False
CG,41.060001373291016,-38.08331173308327,2.624351651603818,-38.08331173308327,-55.87437451177712,0.37590917831851134,False,0.9755480031799597,6.5026836199264695,-12.631437796763112,-16.357707790460363,False,True,False,True,24,40.0,True,0.4231867556719604,1.3137005932654449,False,-3.317129782721069,True,-1.817308290481079,True,2,0,0.30585520256283144,False,0.5105198996975078,False,8,3,True,False,False,25.0,22.593398439812198,19.410620930683905,0.1662293504068009,22.0,False,1,2,2,3,-18.837712493680193,50.59000015258789,144168309.47279072,8.362369337979095,False,0.0,0,,,,0.0,0,,,,False,False,False,False,0,,none,0,0,False,-3,0.375,risk_on,6,False
CGNX,62.20000076293945,-13.991564869828643,79.49263644967046,34.68762818999487,16.896565411301022,0.4312256637932524,False,0.769766101480347,8.22202788936176,22.77751214006194,2.8779386450795696,False,True,False,False,22,36.666666666666664,False,0.4326499896709669,1.2908599624820292,False,-0.19717656260390545,True,3.8397315166458945,True,1,0,0.4659864653162373,False,0.9962926695937666,False,4,2,True,False,False,25.0,14.033670442198332,10.514464663361863,0.466317920012699,24.0,False,2,2,3,5,-7.489518431448716,67.23562531327714,84878867.00082302,70.80139372822299,False,0.0,0,,,,0.0,0,,,,False,False,False,False,0,,none,0,0,False,-1,0.625,risk_on,6,False
CGON,77.0,-4.561229909836406,111.0745640521455,108.6720780919154,90.88101531322155,0.47048271838996647,True,0.8522090763381515,6.262345747514204,18.53448442921124,3.5781595280407474,False,True,False,True,24,40.0,True,0.4417475856498057,1.5576680459831536,True,1.0583849688367244,True,4.3501816569258,True,2,0,0.5333529529369636,False,0.8849205801104972,False,6,2,True,False,False,45.0,17.105098512187997,9.480523443841316,0.7133572810046784,22.0,False,7,3,5,6,-4.903051946216397,80.97000122070312,55197697.70492554,92.54355400696865,True,0.0,0,,,,0.0,0,,,,False,True,False,False,1,,power_play,6,6,True,0,0.75,risk_on,6,False
CHD,95.22000122070312,-8.966224505723586,17.913434497202484,6.755056434269724,-11.036006344424122,0.4158736393523775,False,0.7759558585733254,3.0455802233789258,1.2384162107669683,-5.964843756769245,False,True,False,True,22,36.666666666666664,False,0.47915371707356064,0.8356290512430811,True,-2.038134515954234,True,0.6766751715565178,True,2,0,0.4536978258487253,False,0.7199710651436798,False,5,1,False,False,False,25.0,9.871163528080833,5.356015972211762,0.21393520931040472,16.0,False,1,1,3,5,-7.759374092563631,103.2300033569336,177125437.1674179,43.90243902439025,False,0.0,0,,,,0.0,0,,,,False,False,False,False,0,,none,0,0,False,-1,0.625,risk_on,6,False
CHDN,82.1500015258789,-30.13861375603428,1.923080745783734,-13.463913162736452,-31.254975941430295,0.5520502886514893,False,0.9470037032957562,7.279370962701409,-2.9189330424630566,-8.620689508852852,False,True,False,True,23,38.333333333333336,False,0.4592252233511913,1.5294814513988937,True,-1.5995447198281452,True,-1.7344461419948942,True,2,0,0.3746393271187419,False,0.3294883086645127,False,8,2,True,False,False,45.0,16.297700806450965,9.908702663972774,0.1778784063940844,19.0,False,0,2,3,4,-13.39869175911188,94.86000061035156,87404593.43969536,23.763066202090595,False,0.0,0,,,,0.0,0,,,,False,False,False,False,0,,none,0,0,False,-2,0.5,risk_on,6,False
CHE,497.4599914550781,-9.879439859139916,35.32526882590776,10.583674481442994,-7.207388297250851,0.3196851942941466,False,1.0408022841450577,4.000320475678172,33.57490129649221,-4.952427143933025,False,True,False,True,26,43.333333333333336,True,0.30134952816595917,0.8851840202360465,False,-1.7434394912626243,True,-3.2724702582811793,True,2,0,0.44849919669737465,False,0.5274313498798776,False,6,3,True,False,False,55.0,15.184919315416877,6.67389986325185,0.3037871746802164,29.0,False,3,2,3,5,-10.571935578839343,556.2683198780808,77264087.89992523,49.059233449477354,False,0.0,0,,,,0.0,0,,,,False,False,False,False,0,,none,0,0,False,-1,0.625,risk_on,6,False
CHEF,111.3949966430664,-3.5708103530728286,104.02014607356551,71.56167583474775,53.770613056053904,0.22215957424371313,True,0.9540083910273475,8.249923890974205,91.5319754733855,-3.1347855277683467,False,True,False,False,24,40.0,True,0.39855457534914074,1.6086035957299045,False,0.9898046191942524,True,-1.2805740355549822,True,1,0,0.39112573173668364,False,1.106278225623497,False,3,1,False,False,False,45.0,22.677433029448036,8.662868007258524,0.7655545423063934,13.0,False,8,2,4,6,-5.3166211659050555,117.6500015258789,77737456.16470909,86.96864111498257,True,0.0,0,,,,0.0,0,,,,False,True,False,False,1,,power_play,6,6,True,0,0.75,risk_on,6,False
CHH,97.9000015258789,-19.596692348165,16.97717276937083,-10.742569543270996,-28.53363232196484,0.5632015941547659,False,0.842337637433696,4.2696631665228715,-1.4514844005957817,-10.067976320983474,False,True,False,True,18,30.0,False,0.36523323414503384,1.2152732642807171,False,-2.7863293421608684,True,1.4087431090264557,True,2,0,0.32713802113433965,False,0.42599720093302235,False,9,2,True,False,False,25.0,14.597826677082304,6.292138474054097,0.13011634242133732,18.0,False,0,2,3,4,-12.698410862559728,112.13999938964844,53913543.87143059,25.923344947735195,False,0.0,0,,,,0.0,0,,,,False,False,False,False,0,,none,0,0,False,-2,0.5,risk_on,6,False
CHKP,133.77999877929688,-35.343871049481066,18.947272452479602,-32.36260512645648,-50.15366790515033,0.28575314979844907,False,1.0002867084911289,5.673491110141358,-11.550414030216938,-3.2822500755658623,False,True,False,True,25,41.66666666666667,True,0.45841512330233886,1.563921355598808,True,0.303893989765867,True,-3.4079431196412435,True,2,1,0.5533494391884547,False,2.2351756827144875,True,6,2,True,True,True,65.0,17.297683606391555,10.068770626112217,0.6615132578526398,53.0,False,1,4,4,4,-5.855036570623273,142.10000610351562,146532887.016761,10.38327526132404,False,0.0,0,,,,0.0,0,,,,False,False,False,False,0,,none,0,0,False,-2,0.5,risk_on,6,False
CHRD,140.75999450683594,-10.343952543416602,72.76589392990775,46.292447814556766,28.50138503586292,0.45779392762552024,True,0.9525211131046342,12.901395546180874,9.562708677367926,-3.589044858331547,False,True,False,False,27,45.0,True,0.3706680150651083,1.2527144906259438,False,0.2674393890897925,True,-6.917078845014013,False,0,0,0.44064750221360793,False,0.4770123239103797,False,6,2,True,False,False,55.0,29.644935467194095,12.901395546180874,0.649916542065112,4.0,False,4,3,4,4,-10.378201518611919,157.05999755859375,101186934.58215332,78.60627177700349,False,0.0,0,,,,0.0,0,,,,False,False,False,False,0,,none,0,0,False,-2,0.5,risk_on,6,False
CHRW,152.5800018310547,-26.82736695521347,24.532789528642063,13.843129490845563,-3.947933287848283,0.445697995465667,False,0.6789722819720783,5.32455527950795,-7.8381018828727615,1.8938252206370132,True,True,False,True,28,46.666666666666664,True,0.4180396364623774,1.145829918210963,False,-2.095339870136376,True,-3.00679918692216,True,2,0,0.5633423777630935,False,1.0571862420248197,False,3,2,True,False,False,25.0,11.030927559712476,6.960289846985089,0.6851445080499261,4.0,False,2,3,5,5,-3.4731481234788975,158.07000732421875,198035114.02994233,52.6829268292683,False,0.0,0,,,,0.0,0,,,,False,False,False,False,0,,none,0,0,False,-1,0.625,risk_on,6,False
CHTR,124.7249984741211,-55.887033040239075,1.1475151597946986,-52.49476127476655,-70.2858240534604,0.4765135660640603,False,1.0144729437704612,15.554220696105414,-42.419556750529544,-18.80939823036978,False,True,False,False,24,40.0,True,0.5622018402539942,2.832392514685113,True,-2.5577779965902794,True,-12.992680039333294,False,0,0,0.2854638167206298,False,0.7794549867707842,False,8,2,True,False,False,25.0,22.464218518777,21.936266646195197,0.0034626040244740844,11.0,False,1,2,2,2,-22.386433825327213,160.6999969482422,381729448.3510052,2.7177700348432055,False,0.0,0,,,,0.0,0,,,,False,False,False,False,0,,none,0,0,False,-4,0.25,risk_on,6,False
CHWY,20.80500030517578,-48.566131241615565,18.817818579231172,-45.94700078484246,-63.7380635635363,0.26939601435488175,False,1.0809391512513615,5.191059398530155,-11.805849213216668,-10.554599740105298,False,True,False,True,25,41.66666666666667,True,0.4131100084979681,2.015472224084779,False,-1.5039378591181993,True,-2.5526935201695244,True,2,0,0.38724834184644136,False,0.7132854126131101,False,6,0,False,False,False,25.0,22.182818545832244,20.1393918413702,0.18738906970496394,11.0,False,1,1,3,4,-18.026000815094722,25.3799991607666,205916985.5898075,4.45993031358885,False,0.0,0,,,,0.0,0,,,,False,False,False,False,0,,none,0,0,False,-2,0.5,risk_on,6,False
CHYM,30.1200008392334,-12.82199275152298,83.21167798526446,26.82105616519326,9.029993386499413,0.4156028705007489,False,1.0955122566564643,14.176627950825615,52.27502423480175,-9.277107990744993,False,True,False,False,27,45.0,True,0.41562934017074116,1.8867437441905264,False,0.8590998335002858,True,-11.333530300621042,False,0,0,0.36342298037968296,False,0.4207290888337749,False,7,1,False,False,False,25.0,16.455692263482593,19.422305149809503,0.0717949035631238,8.0,False,2,1,2,3,-15.274257424361416,35.54999923706055,250038730.80416662,65.43554006968641,False,0.0,0,,,,0.0,0,,,,False,False,False,False,0,,none,0,0,False,-3,0.375,risk_on,6,False
CI,274.4645080566406,-9.747577495993731,14.841888388122836,-3.3320453090747715,-21.123108087768617,0.2956056446627626,False,0.8740371289651027,6.5942948877391645,6.156249520484325,-1.0368533654875112,False,True,False,True,23,38.333333333333336,False,0.40845110380425953,0.7670561744716804,False,-1.0503485434385031,True,-5.3733771392028835,False,1,0,0.3880827830740673,False,0.8399672325161579,False,4,3,True,False,False,35.0,10.064904506914644,6.776834730003481,0.4373667961189181,5.0,False,1,2,2,5,-5.662849469482523,290.94000244140625,398043668.2806549,32.9616724738676,False,0.0,0,,,,0.0,0,,,,False,False,False,False,0,,none,0,0,False,-1,0.625,risk_on,6,False
CIEN,359.3598937988281,-42.68582236063347,161.9814089056288,159.70940701015502,141.91834423146116,0.7164107266076205,False,0.9041873021568007,15.360649076196733,-11.90000020200408,-5.041779018995829,False,True,False,False,22,36.666666666666664,False,0.44270885252389336,2.782456026807658,True,-0.9097642920388271,True,12.426441412248511,False,0,0,0.3849474292259975,False,0.38029487162867065,False,8,2,True,False,False,25.0,31.96506416953807,15.936675327300186,0.3262287546888989,24.0,False,4,2,3,4,-21.537141091958922,458.0,924555074.6771164,95.60975609756098,True,0.0,0,,,,0.0,0,,,,False,False,False,False,0,,none,0,0,False,-2,0.5,risk_on,6,False
CIFR,19.094999313354492,-34.56134642340106,66.47775822851716,55.49674046071325,37.7056776820194,0.7521649882868833,False,0.7298999484087414,22.36187803776121,28.240422250342135,25.873429250630764,False,True,False,False,22,36.666666666666664,False,0.47661509581073824,4.178814748025885,True,0.5263149190588593,True,22.129830724793685,False,0,1,0.4810414950897792,False,1.7929951888194644,True,4,1,False,False,False,25.0,27.24473847255331,24.29955253469612,0.9256119590412106,9.0,True,2,3,4,3,-2.026682721407802,19.489999771118164,558486144.3389015,82.02090592334494,True,0.0,0,,,,0.0,0,,,,False,False,False,False,0,,none,0,0,False,-2,0.5,risk_on,6,False
CINF,167.7050018310547,-12.667290060340674,12.627082786587817,9.83390177090897,-7.957161007784876,0.2979519762077764,False,0.7910839693460578,3.3928001954376943,5.886399858647473,-2.480083363013308,False,True,False,True,23,38.333333333333336,False,0.4253196826017201,0.6117079733161234,False,-2.3859338285581413,True,-2.508430609367829,True,2,0,0.4777700660309815,False,0.4516949232348408,False,6,2,True,False,False,35.0,7.883980261028142,3.4286395380100387,0.06832556493323881,32.0,False,0,2,3,4,-7.3453028557708855,181.0,98568360.1593689,48.01393728222996,False,0.0,0,,,,0.0,0,,,,False,False,False,False,0,,none,0,0,False,-2,0.5,risk_on,6,False
CL,86.12999725341797,-12.081782750890635,16.958985626118704,8.764082247047522,-9.026980531646323,0.41176923317585956,False,0.8108769293809057,2.066642094576681,2.3630241384644535,-5.090912117445767,False,True,False,True,18,30.0,False,0.40466380373438166,0.61987963932229,False,-2.9043603822749513,True,-2.0025055733903674,True,2,1,0.4318705796846795,False,1.2015638700846052,True,6,3,True,False,False,25.0,7.382695593556561,5.201443747585642,0.010204036238508643,22.0,False,0,3,3,4,-7.30736230018203,92.91999816894531,418179603.04058456,46.82926829268293,False,0.0,0,,,,0.0,0,,,,False,False,False,False,0,,none,0,0,False,-2,0.5,risk_on,6,False
CLF,12.194999694824219,-24.629175124779266,55.946284234330946,5.0387601674951155,-12.75230261119873,0.753933191392331,False,0.8773509825208998,12.792123862081564,51.867996268437366,4.948363295422453,True,True,False,False,23,38.333333333333336,False,0.5175667830982268,2.3803431716889416,True,1.2094342540052174,True,4.678112396047451,True,1,0,0.36412049786766787,False,1.1306932848800066,False,4,2,True,False,False,25.0,20.518685361011567,12.874126560991678,0.6598512622360156,2.0,False,2,2,4,4,-6.979404926124433,13.109999656677246,148083709.4954682,41.81184668989547,False,0.0,0,,,,0.0,0,,,,False,False,False,False,0,,none,0,0,False,-2,0.5,risk_on,6,False
CLH,313.625,-3.8962421035040995,55.46770764997624,33.70779470683427,15.916731928140425,0.44610597852044925,False,0.8728664380559866,4.333199310606815,9.620759632743736,0.9381766357981158,False,True,False,True,25,41.66666666666667,True,0.42541211187467665,0.875849525729857,False,-0.009859205919992037,True,-2.899467636003017,True,2,0,0.41206513963479263,False,0.9070299605293684,False,3,2,True,False,False,65.0,15.940342740906182,4.476686662390394,0.583286507409134,37.0,False,4,2,2,5,-6.642555896658475,335.94000244140625,113376870.28487091,69.89547038327527,False,0.0,0,,,,0.0,0,,,,False,False,False,False,0,,none,0,0,False,-1,0.625,risk_on,6,False
CLMT,58.165000915527344,-1.4987270668375685,228.98755606072964,214.23554941274583,196.44448663405197,0.5945961315310192,True,1.0362013558764769,7.246626126094811,107.2879615914629,21.811520241942084,False,True,False,True,36,60.0,True,0.3403881443225328,1.4368019316208416,False,4.583212483114386,False,2.8558827590724256,True,2,1,0.5991368681351915,False,1.8896618562219794,True,3,2,True,False,False,25.0,23.611462022751052,11.028970711861259,0.8797311279789584,0.0,True,11,3,5,5,-2.8397239042439293,59.8650016784668,70009612.18836594,97.14285714285714,True,0.0,0,,,,0.0,0,,,,False,False,False,False,0,,none,0,0,False,-1,0.625,risk_on,6,False
CLS,343.7049865722656,-27.242804611978745,47.08990853150268,35.889375133475944,18.0983123547821,0.6104710391517714,False,0.8834529192957382,11.742624322698507,19.766176532985046,15.066947615000803,True,True,False,False,25,41.66666666666667,True,0.3480959785656183,2.0207991261387583,False,1.0504189086023568,True,8.739876352052445,False,0,2,0.39140649905305563,False,1.34691471122453,True,2,1,False,False,False,35.0,27.755351104749405,11.917194412443036,0.6645593417324608,32.0,False,3,4,6,5,-9.310273245023815,378.989990234375,654673418.8234558,71.70731707317073,False,0.0,0,,,,0.0,0,,,,True,False,False,False,1,,sepa_vcp,6,6,True,0,0.75,risk_on,6,False
CLSK,15.149499893188477,-34.700433642274476,85.2017032762559,11.229809254632105,-6.5612535240617404,0.8889741694763474,False,0.799204372262075,18.61448013717248,51.79860308684705,29.927101984918526,False,True,False,False,23,38.333333333333336,False,0.4890161395533109,3.724002272063905,True,2.3316252418752708,True,14.16352200896267,False,0,2,0.5953120085183075,False,1.8036975101222172,True,2,1,False,False,False,45.0,33.1055888038401,18.61448013717248,0.8216696994583917,41.0,False,2,3,4,4,-5.90372960099571,16.100000381469727,221658743.3116665,49.965156794425084,False,0.0,0,,,,0.0,0,,,,False,False,False,False,0,,none,0,0,False,-2,0.5,risk_on,6,False
CLX,84.7750015258789,-31.702995223598407,2.0156475120507222,-27.070447692269017,-44.86151047096286,0.5632023987462198,False,0.8482993866781968,8.009437680109729,-17.976501609041485,-17.3168803909155,False,True,False,False,20,33.33333333333333,False,0.487346808312346,1.3672499711400075,True,-5.24243479551948,True,-5.077814529934976,False,0,0,0.29820580036698313,False,0.1372070414317624,False,8,2,True,False,False,25.0,24.5933069667627,13.376580517582076,0.08416944346237909,19.0,False,0,2,2,2,-22.523302006470836,109.41999816894531,304555678.3909424,13.937282229965156,False,0.0,0,,,,0.0,0,,,,False,False,False,False,0,,none,0,0,False,-4,0.25,risk_on,6,False
CM,116.01000213623047,-6.2469661071510085,47.942957706601774,44.316475600806804,26.52541282211296,0.3744257114579897,False,0.9049964546062939,3.8772528366569747,21.841673788811946,1.4694308390358568,False,True,False,True,26,43.333333333333336,True,0.45463216454192384,0.9642861757396936,True,-0.6934958136935692,True,1.6116352779145915,True,2,0,0.45293028084035447,False,0.4612158394486967,False,6,2,True,False,False,65.0,11.769215958928816,5.077147902067802,0.39775620915401766,24.0,False,4,2,3,6,-7.0879372343903295,124.86000061035156,127764256.97721024,77.49128919860627,False,0.0,0,,,,0.0,0,,,,False,True,False,False,1,,power_play,6,6,True,0,0.75,risk_on,6,False
CMC,64.42500305175781,-22.071503104888468,17.77944624239096,12.06966216248051,-5.7214006162133355,0.3354002751281434,False,0.922204606510698,5.960259175582528,4.790395977310324,-4.739012763301831,True,True,False,True,22,36.666666666666664,False,0.44105516988638,1.3164337173387932,True,-1.9862382593457193,True,-0.8693565634454226,True,2,0,0.3238225777522639,False,0.604398471201295,False,4,1,False,False,False,25.0,12.002058113523757,11.998286657743899,0.039462933283052073,24.0,False,0,1,4,4,-11.528421694930458,72.81999969482422,70159252.63172264,50.94076655052264,False,0.0,0,,,,0.0,0,,,,False,False,False,False,0,,none,0,0,False,-2,0.5,risk_on,6,False
CMCSA,22.979900360107422,-27.45118465444538,4.835311496918004,-18.621786578107702,-36.412849356801544,0.5136065843596078,False,0.9914878569123318,10.487425139561585,-18.77334331130427,-15.077971863858163,False,True,False,False,25,41.66666666666667,True,0.453089644578763,1.3643593925210449,True,-2.6536154494894877,True,-7.6370533149191395,False,0,0,0.4282282151906508,False,0.7617329118035436,False,8,0,False,False,False,25.0,18.24497148635876,17.580576699070708,0.12422841246282294,18.0,False,1,1,2,2,-15.97842764317894,27.350000381469727,644565836.5563672,19.930313588850172,False,0.0,0,,,,0.0,0,,,,False,False,False,False,0,,none,0,0,False,-4,0.25,risk_on,6,False
CME,274.0350036621094,-13.200754318875752,25.959110325084424,8.84834926102991,-8.942713517663936,0.3198615974052092,False,0.9273764495037468,3.090846463960059,-9.72438608447761,-3.6663950317851413,False,True,False,True,31,51.66666666666667,True,0.39413992124000724,0.7291313810210635,False,1.469915417306429,True,-2.290874987064906,True,2,1,0.4255301695688189,False,1.758396759305937,True,4,2,True,False,False,45.0,18.199376270335165,4.3461503039285025,0.7236811855578567,13.0,False,1,4,4,4,-5.028830074605484,288.54546477355194,522952786.49385375,46.89895470383275,False,0.0,0,,,,0.0,0,,,,False,False,False,False,0,,none,0,0,False,-2,0.5,risk_on,6,False
CMG,33.39500045776367,-21.163833860750948,18.506032988332,-15.06866552148134,-32.859728300175185,0.4918769003478447,False,0.8684046132468857,12.097621979783876,0.10491560782899256,-12.18774249358232,False,True,False,False,26,43.333333333333336,True,0.5742689929943625,1.8580029402029499,True,-1.4406841577779705,True,-9.816360900247979,False,0,0,0.4073337691794817,False,0.7392214983318728,False,4,3,True,False,False,35.0,18.70503371479001,13.924233111069201,0.2410716157132018,11.0,False,1,2,2,2,-14.195781015195674,38.91999816894531,438163091.80420685,23.066202090592334,False,0.0,0,,,,0.0,0,,,,False,False,False,False,0,,none,0,0,False,-4,0.25,risk_on,6,False
CMI,536.7249755859375,-25.957923410584215,33.48029717600824,28.5461593048449,10.755096526151053,0.48335155798550916,False,0.7606322620108568,5.090120179191881,-1.429124365261747,-4.979198232384629,False,True,False,True,20,33.33333333333333,False,0.5219453104731704,1.4016722666897943,True,-4.45097871203745,True,-0.8085381994819896,True,2,0,0.49551098519803805,False,0.32158330952451797,False,8,1,False,False,False,25.0,19.197563011331006,9.03628528690192,0.14299138539780473,24.0,False,1,1,3,4,-16.452476880079136,642.4187762161941,608750796.7160523,66.62020905923345,False,0.0,0,,,,0.0,0,,,,False,False,False,False,0,,none,0,0,False,-2,0.5,risk_on,6,False
CMS,64.68499755859375,-17.796513213032338,0.0,-4.869015807866283,-22.66007858656013,0.3718968035582254,False,0.8237111881284486,3.609800065861545,-11.93585803362216,-5.167866255962672,False,True,False,True,19,31.666666666666664,False,0.5149320893209942,0.7826426954815008,True,-5.327140152332196,True,-3.1951543639349045,True,2,0,0.2427676392016067,False,0.5520796979540309,False,5,4,True,False,False,25.0,10.843460922419466,7.381930441527119,0.01273054505225963,23.0,False,0,2,2,4,-10.705417754624191,72.44000244140625,196186713.66667596,31.28919860627178,False,0.0,0,,,,0.0,0,,,,False,False,False,False,0,,none,0,0,False,-2,0.5,risk_on,6,False
CNC,65.12999725341797,-6.166267371957856,105.00470983626337,105.00470983626337,87.21364705756953,0.47873310168322386,False,0.9940214846764327,7.4466548565086885,98.50653620038263,0.5868683450470646,False,True,False,True,25,41.66666666666667,True,0.4401272197789335,1.360305240321809,True,-0.1292748359533643,True,-6.166267371957856,False,1,0,0.4199393837711078,False,0.7500519711450278,False,7,1,False,False,False,45.0,18.612666373236834,12.006749900049423,0.6527777532491157,5.0,False,6,2,3,5,-6.462731836139923,69.62999725341797,303022569.7773323,92.19512195121952,True,0.0,0,,,,0.0,0,,,,False,False,False,False,0,,none,0,0,False,-1,0.625,risk_on,6,False
CNH,13.595000267028809,-5.5902734224073996,48.87446472456003,25.1251194931865,7.334056714492654,0.3436804193002535,True,1.2496828748686315,7.208529039996167,31.351444439264032,16.395547190220782,False,True,False,True,26,43.333333333333336,True,0.5345013778129891,2.681087846955937,True,3.117902032859108,True,-1.127270785245027,True,2,1,0.3598963307707615,False,0.8618631711461113,False,1,2,True,True,True,25.0,30.636239927309706,7.944096377293334,0.8047404714379944,10.0,False,5,4,5,5,-5.982017765118986,14.460000038146973,324284756.42123413,64.3205574912892,False,0.0,0,,,,0.0,0,,,,False,False,False,False,0,,none,0,0,False,-1,0.625,risk_on,6,False
CNI,117.23999786376953,-9.730845808610988,31.1863996716345,27.798507090306423,10.007444311612577,0.3314828436675176,False,1.009297329392225,4.401231453539596,17.704847237579813,-6.45706320384879,False,True,False,True,23,38.333333333333336,False,0.37018387623874477,0.7461607616709464,False,-3.5361994128463095,True,-3.9724781878922033,True,2,0,0.4028104055894207,False,0.868185538081008,False,5,3,True,False,False,65.0,14.481190186583778,5.723308457975304,0.28207120441018035,40.0,False,2,2,2,5,-10.396463429361201,130.84304744081567,165980956.99251747,66.13240418118467,False,0.0,0,,,,0.0,0,,,,False,False,False,False,0,,none,0,0,False,-1,0.625,risk_on,6,False
CNK,36.040000915527344,-5.919435624360069,65.80751633760383,32.129571499517425,14.33850872082358,0.4979427755252488,True,0.8851242205463292,7.214202020180636,30.337867335614277,0.13892535351134327,False,True,False,True,23,38.333333333333336,False,0.4771735259641775,1.5190866519460127,True,0.9073107570510518,True,3.474013841118473,True,2,0,0.5045759772636689,False,0.7926288653088127,False,6,1,False,False,False,45.0,20.061573505171232,7.214202020180636,0.6351581429452012,34.0,False,5,2,4,6,-7.319301733068018,38.886199164930375,73472042.44010353,68.6411149825784,False,0.0,0,,,,0.0,0,,,,False,True,False,False,1,,power_play,6,6,True,0,0.75,risk_on,6,False
CNM,42.97999954223633,-27.263497323998585,5.809947494851042,-15.60966172256537,-33.40072450125922,0.31270760141925785,False,1.0745935455666125,7.480223794391898,-11.216691432123726,-0.09298213645212439,True,True,False,True,18,30.0,False,0.4160942509387083,1.410853956605151,False,-0.7851415140367194,True,5.317319519536978,False,1,0,0.5119079792382434,False,0.48330143215732574,False,6,0,False,False,False,25.0,13.39247572030264,10.516520488377111,0.47657505645010206,22.0,False,1,1,3,5,-7.00995584789279,46.220001220703125,120641764.45043258,22.439024390243905,False,0.0,0,,,,0.0,0,,,,False,False,False,False,0,,none,0,0,False,-1,0.625,risk_on,6,False
CNO,54.845001220703125,-3.038338710505206,44.70099216373822,40.6449916438377,22.853928865143853,0.20659909172827165,True,1.0217856643143113,3.190810394839416,36.235501045600984,-0.6217359003475198,False,True,False,True,28,46.666666666666664,True,0.46741012823703154,0.7769309441300375,True,0.5181466297940807,True,-1.233563071586341,True,2,1,0.45285042439113743,False,1.6611593332173895,True,4,2,True,False,False,65.0,12.154888828822438,4.161684649262046,0.6336777381999944,35.0,False,6,4,5,5,-4.452606367701861,57.40083442963087,59861775.18024063,74.98257839721254,False,0.0,0,,,,0.0,0,,,,False,False,False,False,0,,none,0,0,False,-1,0.625,risk_on,6,False
CNP,38.03499984741211,-15.048175294425882,3.627043760097659,2.314665214173184,-15.476397564520662,0.36956564752510757,False,0.7690710625390215,2.261076939139456,-7.874074896750816,-3.0708506103758415,False,True,False,True,23,38.333333333333336,False,0.4869828244436371,0.9612296691646464,True,-4.121147223600044,True,-1.591207384700899,True,2,0,0.379216827166864,False,0.7944401279409419,False,4,2,True,False,False,25.0,8.340625299978955,6.625477764883262,0.05663189332812166,22.0,False,0,2,3,4,-7.868279897700714,41.28328419916572,242119009.3297781,38.745644599303134,False,0.0,0,,,,0.0,0,,,,False,False,False,False,0,,none,0,0,False,-2,0.5,risk_on,6,False
CNQ,48.52000045776367,-5.8777862737940385,66.92850793132496,58.10107822290051,40.31001544420667,0.48631439585576924,True,1.0928935320078577,7.718464337494724,2.2714157258451273,-0.07023792192544231,False,True,False,True,32,53.333333333333336,True,0.43447732782775267,1.075210086163059,False,0.670462534997425,True,-3.5771050238016744,True,2,0,0.40515746172664563,False,0.4735005384458464,False,6,2,True,False,False,45.0,17.530114839889293,7.7690961833863845,0.6341972825212986,7.0,False,4,3,5,5,-6.412563646145209,51.84456626668263,357122381.4107086,82.99651567944251,True,0.0,0,,,,0.0,0,,,,False,False,False,False,0,,none,0,0,False,-1,0.625,risk_on,6,False
CNX,32.73500061035156,-23.175310627902203,11.154498344006925,7.822792991612193,-9.968269787081653,0.43693770313417235,False,1.0260502051852864,10.997398524509853,-19.451276815989292,-9.571823424200755,False,True,False,False,22,36.666666666666664,False,0.4249031586073608,1.1595779578894516,False,-2.60230821075203,True,-7.580456514387501,False,0,0,0.24330289908814007,False,0.2792600259991025,False,6,3,True,False,False,55.0,17.422054048176523,17.22926312659038,0.18270685274747211,11.0,False,0,2,2,3,-14.238925384637835,38.16999816894531,61272541.27405091,45.57491289198607,False,0.0,0,,,,0.0,0,,,,False,False,False,False,0,,none,0,0,False,-3,0.375,risk_on,6,False
COCO,57.43000030517578,-31.64722375656619,47.21866899818574,44.550719775676974,26.75965699698313,0.2741429970617042,False,0.7911216556919525,7.435139186964005,2.9765103707848795,-6.935664953483689,False,True,False,True,16,26.666666666666668,False,0.42588118250292856,1.8939139839358958,False,-2.6863963027290225,True,4.361260365467823,True,2,0,0.482319819976194,False,0.7185312927871592,False,7,3,True,True,True,25.0,25.831503396505838,13.111618586071142,0.3862734521104059,22.0,False,2,2,2,5,-15.853479406335847,68.25,81086798.41004181,77.8397212543554,False,0.0,0,,,,0.0,0,,,,False,False,False,False,0,,none,0,0,False,-1,0.625,risk_on,6,False
COF,205.13999938964844,-19.5397493796734,17.40380245642261,-8.755920847103194,-26.54698362579704,0.44773127106927146,False,0.9902327262532334,4.163014804685044,12.363099821468438,-4.882458788286437,False,True,False,True,26,43.333333333333336,True,0.4187572046628765,0.9269839689534457,False,-1.4737051724566528,True,-0.7451099964710162,True,2,0,0.3847345506564637,False,0.9065248830284985,False,7,2,True,False,False,55.0,16.112908204580247,8.949985699998996,0.3940267758417621,25.0,False,1,2,3,4,-9.763990935295219,227.33718114965657,698392450.5472809,27.108013937282234,False,0.0,0,,,,0.0,0,,,,False,False,False,False,0,,none,0,0,False,-2,0.5,risk_on,6,False
COGT,32.02000045776367,-25.256768572094877,167.50208641149572,167.50208641149572,149.71102363280187,1.0569316537675402,False,0.7703336052238768,7.932544906980121,-9.57356510662677,-7.643489619665756,False,True,False,True,19,31.666666666666664,False,0.40585762573935663,1.7445508671334038,False,-4.135925681726568,True,-4.160429200828341,True,2,0,0.39781828518490325,False,0.9925325190447859,False,5,2,True,False,False,25.0,18.720869347997894,13.616491405434763,0.08713708271140046,22.0,False,3,2,2,4,-17.089587407192074,38.619998931884766,58103116.97411804,96.02787456445992,True,0.0,0,,,,0.0,0,,,,False,False,False,False,0,,none,0,0,False,-2,0.5,risk_on,6,False
COHR,322.80999755859375,-24.38099124327332,203.05107748011375,195.85738773056875,178.0663249518749,0.8419921498708517,False,0.7531990624165646,19.677206249519042,26.56733726565974,15.619621577675646,False,True,False,False,23,38.333333333333336,False,0.35755518749545473,2.1477074302185604,False,1.3101402541794192,True,21.1294549938438,False,0,1,0.4056993311937703,False,1.6045231884510058,True,6,2,True,False,False,25.0,29.551226860184986,20.86986017369523,0.6309890066040182,24.0,False,4,3,3,3,-10.904727579746876,362.32000732421875,1761302082.056041,96.65505226480836,True,0.0,0,,,,0.0,0,,,,False,False,False,False,0,,none,0,0,False,-3,0.375,risk_on,6,False
COIN,203.08999633789062,-47.55855033974221,43.94358325130205,-40.696723294601036,-58.487786073294885,0.976008707003619,False,1.192842457027309,23.216312967393872,1.2311839701024452,13.68674262862708,False,True,False,False,24,40.0,True,0.5148814851531933,3.443119183314279,True,2.7423271249426366,True,6.079916205376201,False,0,1,0.43562196234150374,False,1.1934549719423075,False,2,2,True,True,True,25.0,29.90927711368431,23.216312967393872,0.9159042577679998,0.0,True,2,4,4,3,-2.515242858497857,208.3300018310547,1907472424.1139832,6.7595818815331015,False,0.0,0,,,,0.0,0,,,,False,False,False,False,0,,none,0,0,False,-2,0.5,risk_on,6,False
COKE,192.0850067138672,-11.205382998853286,70.7335789670486,70.7335789670486,52.94251618835476,0.3994300467218753,False,0.904918323389401,5.83075021827491,2.23706051953243,-3.226862109950146,True,True,False,True,23,38.333333333333336,False,0.42862483548502806,1.3416954655188638,False,0.5381369628877871,True,-4.278163917582923,True,2,0,0.490335541963436,False,0.7632559464832903,False,5,2,True,False,False,55.0,17.491993626552148,9.12616714817822,0.7193909040512823,3.0,False,3,3,4,5,-4.908412517887529,202.0,107005297.46532974,86.7595818815331,True,0.0,0,,,,0.0,0,,,,False,False,False,False,0,,none,0,0,False,-1,0.625,risk_on,6,False
COLB,29.924999237060547,-9.877478591955047,30.698724594903815,18.490314902643767,0.6992521239499219,0.25953344742658235,False,1.0670600299230035,4.51127958525667,14.153603005113279,-0.48220970813188657,False,True,False,True,24,40.0,True,0.4613184486874375,0.9717127077658464,True,-1.4378810913953957,True,-0.614418364466629,True,2,0,0.39922909284249175,False,1.0298772525056605,False,5,3,True,False,False,25.0,10.033240489086577,5.480365685748737,0.22893448364251362,24.0,False,2,2,3,5,-7.736285758456384,32.43420176941696,86105559.70417681,57.77003484320558,False,0.0,0,,,,0.0,0,,,,False,False,False,False,0,,none,0,0,False,-1,0.625,risk_on,6,False
COLD,14.524999618530273,-10.615386962890627,51.1914545755058,21.49351864541118,3.702455866717333,0.23626277919606115,False,1.057094131290901,5.266783913348985,33.42650356357295,-3.231183230885881,False,True,False,True,24,40.0,True,0.44022923319964946,1.5450818859723623,True,-0.5075797408395868,True,-2.97261616941078,True,2,0,0.5327669191071919,False,0.8812186826181432,False,6,0,False,False,False,25.0,13.516974395157558,11.153183670258873,0.48578188877263,17.0,False,3,1,3,5,-6.950673042986644,15.609999656677246,55426114.237542436,60.90592334494773,False,0.0,0,,,,0.0,0,,,,False,False,False,False,0,,none,0,0,False,-1,0.625,risk_on,6,False
COMP,10.28499984741211,-24.263623673089995,53.96706754063021,9.414896434008678,-8.376166344685167,0.6422133532683837,False,0.8432157798010282,7.729704308104406,21.428565798853082,-6.2443063167055834,True,True,False,True,29,48.333333333333336,True,0.4603399306195945,1.9370866412112497,True,-2.5444297017948534,True,-3.4272280205821737,True,2,0,0.42785218889484317,False,0.5883840107524079,False,7,2,True,False,False,25.0,23.44774335576252,9.965966297881684,0.1184209411824495,22.0,False,1,2,3,4,-20.67103951896859,12.96500015258789,132941316.41743049,47.3170731707317,False,0.0,0,,,,0.0,0,,,,False,False,False,False,0,,none,0,0,False,-2,0.5,risk_on,6,False
COO,54.630001068115234,-35.21109906803218,2.5530328490045218,-19.862105712947187,-37.65316849164103,0.40976148879784585,False,1.422205633252834,5.74775641269591,-22.223800214131394,-23.24012579228536,False,True,False,True,25,41.66666666666667,True,0.4353191241204411,1.4507206217899888,False,-5.338728091442524,True,0.756178233458904,True,2,0,0.38737763258757124,False,0.8123615393644905,False,7,2,True,False,False,25.0,34.69466403412999,32.91231775708374,0.1335794258613649,22.0,False,1,2,2,3,-30.06017073199796,78.11000061035156,249642858.76576042,18.885017421602786,False,0.0,0,,,,0.0,0,,,,False,False,False,False,0,,none,0,0,False,-3,0.375,risk_on,6,False
COP,128.3000030517578,-9.148844396873734,54.50017906233078,43.97830599907824,26.187243220384392,0.4394753272939215,True,1.0887844886895643,11.190567285608964,2.300171561437825,-1.5726911820240552,False,True,False,False,29,48.333333333333336,True,0.40528725113245606,1.006863602989096,False,0.7597369945052482,True,-6.124237381521647,False,0,0,0.43959609676780714,False,0.5645507947410987,False,5,2,True,False,False,55.0,27.471465355394205,11.190567285608964,0.6576285317384976,4.0,False,4,3,4,5,-9.405445929021305,141.6199951171875,897275706.3005234,77.07317073170732,False,0.0,0,,,,0.0,0,,,,False,False,False,False,0,,none,0,0,False,-1,0.625,risk_on,6,False
COR,316.0450134277344,-15.161956519958252,25.57853615758525,9.803951713740645,-7.987111064953201,0.2852230392950857,False,0.8964277309447004,6.7806773609106,-1.0052076597209858,-1.858517956168526,False,True,False,True,27,45.0,True,0.4818446212740347,1.021366926511975,True,-0.07645989346904554,True,-3.1220296157917216,True,2,0,0.4073558053007328,False,1.0132243134834928,False,6,1,False,False,False,65.0,20.646342919159277,8.084287587980219,0.675896173791761,11.0,False,1,2,3,4,-6.691558737306902,338.7099914550781,389637584.44825745,47.87456445993031,False,0.0,0,,,,0.0,0,,,,False,False,False,False,0,,none,0,0,False,-2,0.5,risk_on,6,False
CORT,115.1500015258789,-6.813950141409597,258.1648400022307,43.00795619294713,25.21689341425328,0.30939832792459565,True,1.0473589771239897,8.241422264885287,242.4026103735488,1.115212770540186,True,True,False,False,21,35.0,False,0.416406338566039,1.9426081268529596,False,1.2230457973188287,True,2.9964207358475825,True,1,0,0.5186570966565462,False,0.24092796168453895,False,5,1,False,False,False,45.0,28.786198800486257,8.380374640038678,0.6913140028760177,18.0,False,7,2,5,7,-8.885896480137278,126.37999725341797,191437937.21759528,76.51567944250871,False,0.0,0,,,,0.0,0,,,,False,True,False,False,1,,power_play,7,7,True,1,0.875,risk_on,6,False
CORZ,18.6200008392334,-36.14540145175658,37.214452895937185,12.033693736517591,-5.757369042176254,0.5520395384905581,False,0.7221015221521304,14.097743725494233,12.30398627813354,12.780136772260153,False,True,False,False,21,35.0,False,0.5095571819752646,2.956298327629092,True,-0.9330431883408301,True,9.787746723881142,False,0,0,0.43415821137042593,False,0.9879888157812419,False,3,2,True,False,False,25.0,23.853660211330507,16.59505914777987,0.6155421209052221,24.0,False,1,2,3,3,-9.170727613495622,20.5,192834026.34461784,50.87108013937283,False,0.0,0,,,,0.0,0,,,,False,False,False,False,0,,none,0,0,False,-3,0.375,risk_on,6,False
COST,897.8499755859375,-17.823170461247763,6.095611280179414,-5.053981667558228,-22.845044446252075,0.5152432767795356,False,0.7786501043108914,3.4994691501385353,-6.745944756206123,-5.0366480790260955,False,True,False,True,23,38.333333333333336,False,0.4779546524959655,0.7121625011149879,True,-2.972438763932453,True,-2.2918455750921884,True,2,0,0.49561134565451803,False,0.3655224287001304,False,5,2,True,False,False,25.0,9.5228375441479,4.064152277841474,0.1325104503044881,22.0,False,0,2,3,4,-8.26096205299638,978.7000122070312,1867474398.2995727,30.87108013937282,False,0.0,0,,,,0.0,0,,,,False,False,False,False,0,,none,0,0,False,-2,0.5,risk_on,6,False
CP,86.97000122070312,-10.052746897584786,26.80241846404796,15.771641882297205,-2.0194208963966407,0.6953151675512299,False,1.0081051627495325,3.9208876449953385,9.91882693925048,-7.596686482394476,False,True,False,True,23,38.333333333333336,False,0.40002613850779545,0.8638958317625295,False,-2.4572245395820276,True,-3.1190771160394704,True,2,0,0.4058572161252285,False,0.5483465388237541,False,6,3,True,False,False,65.0,13.037541258728439,6.818443396507795,0.2139869037588315,20.0,False,1,2,3,5,-10.247678172145125,96.9000015258789,173764099.289505,54.843205574912886,False,0.0,0,,,,0.0,0,,,,False,False,False,False,0,,none,0,0,False,-1,0.625,risk_on,6,False
CPAY,398.0849914550781,-6.3858055222722925,56.11176135493259,31.8467860470391,14.055723268345254,0.5321567938126208,True,0.8236037286375804,4.612076753874388,35.72158970665627,-2.4014448638021824,False,True,False,True,29,48.333333333333336,True,0.38966299758786505,0.7020374441403867,False,0.21731937235027113,True,-3.508582070286592,True,2,0,0.2761146185602225,False,0.5020271120667986,False,6,2,True,False,False,45.0,18.235620466867694,4.958737620883795,0.6231557806257377,11.0,False,5,3,5,5,-6.871988159642073,427.4599914550781,171861691.17957154,68.43205574912892,False,0.0,0,,,,0.0,0,,,,False,False,False,False,0,,none,0,0,False,-1,0.625,risk_on,6,False
CPB,20.19499969482422,-36.363290499945634,2.681244150352624,-35.75415506275713,-53.54521784145098,0.37385675398981977,False,1.118642892200351,8.219855768740373,-0.4739708033684287,-13.659682677196683,False,True,False,False,23,38.333333333333336,False,0.3998496864797374,1.346354792297932,False,-2.740788349607317,True,-4.964707318474259,True,1,0,0.320355497570099,False,0.5366002897668743,False,4,4,True,False,False,65.0,17.38934099401014,9.705368230210892,0.03642242878474575,22.0,False,0,2,3,3,-16.75597896004215,24.260000228881836,182110401.23614454,9.059233449477352,False,0.0,0,,,,0.0,0,,,,False,False,False,False,0,,none,0,0,False,-3,0.375,risk_on,6,False
CPNG,14.5649995803833,-55.67559552693668,1.9244200088480046,-55.67559552693668,-73.46665830563053,0.2531394833429392,False,0.8574530916950384,7.209064339068322,-24.572760314820197,-11.83414541893434,False,True,False,True,18,30.0,False,0.4811809484966567,1.505355528545554,True,-2.8724295291510025,True,-3.606883445911302,True,2,0,0.4622984421143749,False,0.3584381062922158,False,7,1,False,False,False,25.0,15.748737396536699,7.8956443895367805,0.15689976938752848,18.0,False,0,1,2,4,-13.277764130875347,16.795000076293945,238008156.64023304,2.229965156794425,False,0.0,0,,,,0.0,0,,,,False,False,False,False,0,,none,0,0,False,-2,0.5,risk_on,6,False
CPRI,14.109999656677246,-48.987708841229846,11.014945824771093,-31.17073338206221,-48.96179616075605,0.507906541904266,False,1.0677247106066092,11.481225220772906,-22.85402432813153,4.518515975387016,True,True,False,False,18,30.0,False,0.5112520175351776,2.306329811810295,True,-1.0467977894321958,True,-0.35310869543547785,True,1,0,0.46017964646421516,False,0.7466846891423116,False,8,2,True,False,False,25.0,19.165583473358915,20.340190709184274,0.5816325603815216,24.0,False,1,2,3,4,-8.018256086543396,15.34000015258789,76295437.23382787,11.219512195121952,False,0.0,0,,,,0.0,0,,,,False,False,False,False,0,,none,0,0,False,-2,0.5,risk_on,6,False
CPRT,29.100000381469727,-36.53216717576445,7.10342399615862,-36.53216717576445,-54.3232299544583,0.5119153867658566,False,1.0975803514532079,10.738831474345735,-12.848155395620331,-11.791455286697206,False,True,False,False,19,31.666666666666664,False,0.5182676310191503,1.727312433050849,True,-1.1371840279395595,True,-8.288683260980722,False,0,0,0.35889105632288665,False,0.5422147416958061,False,8,2,True,False,False,35.0,17.557036221557347,16.580751863712273,0.09046068729781483,21.0,False,0,2,3,3,-15.96881465804264,34.630001068115234,303800515.65250397,8.989547038327526,False,0.0,0,,,,0.0,0,,,,False,False,False,False,0,,none,0,0,False,-3,0.375,risk_on,6,False
CPT,98.66500091552734,-16.086920072263176,4.193902761792612,-4.877889831308224,-22.66895261000207,0.40524090157154674,False,0.8819170330401941,5.751789387420674,2.5569410570862594,-7.226137911477071,False,True,False,True,17,28.333333333333332,False,0.44648847335926767,0.714147437587403,True,-5.947119305209781,True,-4.97447830534713,True,2,0,0.295460255012985,False,0.3366261723921285,False,7,3,True,False,False,25.0,10.657152183125445,8.356562783231555,0.03155674155512132,24.0,False,0,2,2,4,-10.320847185968962,110.0199966430664,96152048.86720848,31.149825783972123,False,0.0,0,,,,0.0,0,,,,False,False,False,False,0,,none,0,0,False,-2,0.5,risk_on,6,False
CR,198.50010681152344,-12.230642239134525,23.725364354845734,9.598753855657138,-8.192308923036707,0.44134475103076437,False,0.8497120147144444,3.5415591921932235,14.329397146762023,-3.9879506156802913,False,True,False,True,21,35.0,False,0.40679997517352845,1.1796762922363937,False,-2.3534347452425304,True,-0.37635793650016014,True,2,0,0.3821155101229173,False,0.49982176823301316,False,6,2,True,False,False,25.0,11.123285158473827,6.1964717547667165,0.16181159339025,24.0,False,0,2,3,4,-9.323408663247058,218.9099787334723,78272601.81456299,47.45644599303136,False,0.0,0,,,,0.0,0,,,,False,False,False,False,0,,none,0,0,False,-2,0.5,risk_on,6,False
CRBG,35.169898986816406,0.0,60.206053181460774,11.118626491627936,-6.67243628706591,0.5005384163585235,False,0.9742307144189079,4.222362455201312,50.67881707792126,8.625494698668268,False,True,False,True,32,53.333333333333336,True,0.35947452397661034,0.8466273564609862,False,2.9986390663590017,True,1.7895802665794713,True,2,1,0.44511655675222855,False,3.694357476562058,True,3,1,False,False,False,55.0,17.5401437215561,6.8211878160640245,0.9247996628287529,2.0,True,6,3,4,5,-1.3190247218931472,35.63999938964844,126161342.22721711,49.68641114982578,False,0.0,0,,,,0.0,0,,,,False,False,False,False,0,,none,0,0,False,-1,0.625,risk_on,6,False
CRCL,94.02310180664062,-37.51787315512687,87.18515362035886,-34.769597471364364,-52.560660250058206,0.6958538034449762,False,1.2259891723969631,23.090069001466755,-25.755604659039445,7.898901153549742,False,True,False,False,22,36.666666666666664,False,0.571628777525758,4.296337333881082,True,2.2900468446297317,True,-3.4868573456692142,True,1,1,0.36166050629010116,False,1.3280311696573308,True,3,2,True,True,True,25.0,31.519172916890128,23.97283272134657,0.7156361449493495,11.0,False,1,3,2,4,-8.962913518654936,103.27999877929688,1486188749.371959,9.337979094076655,False,0.0,0,,,,0.0,0,,,,False,False,False,False,0,,none,0,0,False,-2,0.5,risk_on,6,False
CRDO,185.8699951171875,-38.559433469770674,111.67293051472913,9.619012617028154,-8.172050161665691,0.8256188892823489,False,0.7019289419251153,20.605801935708012,76.85061638031756,-20.141785126879697,False,True,False,False,23,38.333333333333336,False,0.43683659806348385,2.7261852558744875,False,-2.0808690769956035,True,23.839029683728576,False,0,0,0.483039494778295,False,0.5320142744494353,False,5,1,False,True,False,,,,,,False,2,1,3,2,,,1501130696.281819,47.52613240418119,False,0.0,0,,,,0.0,0,,,,False,False,False,False,0,,none,0,0,False,-3,0.375,risk_on,6,False
CRGY,13.359999656677246,-13.077425138892396,77.51725787871251,65.71745767744362,47.92639489874978,0.47012568256215786,True,1.1171666572186294,16.916169812566586,8.944279905720908,-1.329396644630032,False,True,False,False,32,53.333333333333336,True,0.4794062794345336,1.6309595994418447,True,1.637134767264563,True,-8.430435113412072,False,0,0,0.3778180434965167,False,0.5017269764383465,False,4,2,True,False,False,45.0,34.522456998826975,16.916169812566586,0.6049149808480135,4.0,False,3,2,3,3,-13.639305584555183,15.470000267028809,88967181.52314682,85.64459930313589,True,0.0,0,,,,0.0,0,,,,False,False,False,False,0,,none,0,0,False,-3,0.375,risk_on,6,False
CRH,86.91000366210938,-33.10689303649696,0.882184704317357,-22.288301626066342,-40.079364404760184,0.41907146786718596,False,0.9339792283009775,4.659987632849427,-16.131335980070837,-9.33652920014243,False,True,False,True,22,36.666666666666664,False,0.4520320645240838,1.203430830992858,True,-3.4772944547760596,True,-2.326365044650136,True,2,0,0.3723201080496369,False,0.504162025037225,False,7,2,True,False,False,25.0,12.954476936991258,9.23944130817907,0.11320772824003321,17.0,False,0,2,2,4,-11.487930032416571,98.19000244140625,409174136.6984192,17.142857142857142,False,0.0,0,,,,0.0,0,,,,False,False,False,False,0,,none,0,0,False,-2,0.5,risk_on,6,False
CRL,278.5,-6.72516158995996,91.31688259087245,79.22646315329914,61.435400374605294,0.3631976526058203,True,0.8927644700564684,5.61938739550606,76.26582278481013,-4.459691252144083,False,True,False,True,28,46.666666666666664,True,0.3018024896072209,0.7981561647150797,False,1.6359606674648794,True,1.973569234936301,True,2,0,0.40222654501389454,False,0.8656446607791999,False,7,3,True,False,False,35.0,24.826086729044032,6.7037750189351435,0.6705179740624914,16.0,False,7,3,4,5,-8.17974935158573,303.30999755859375,245569510.52946776,88.50174216027874,True,0.0,0,,,,0.0,0,,,,False,False,False,False,0,,none,0,0,False,-1,0.625,risk_on,6,False
CRM,237.2899932861328,-10.259173843915159,58.344966584821535,-3.151628217728275,-20.942690996422122,0.3703689712261016,False,0.9501811553232261,10.674394351401272,22.408551560238934,-7.145526157779269,False,True,False,False,30,50.0,True,0.44541298177948074,1.7027301674003485,True,3.3042127007388125,True,-8.373183921467565,False,0,1,0.29167850542716717,False,1.3603316627244115,True,4,2,True,False,False,25.0,29.209372756825974,10.674394351401272,0.6099726053444158,11.0,False,2,4,4,5,-11.39245555586863,267.7988593124239,4099855611.642914,33.2404181184669,False,0.0,0,,,,0.0,0,,,,False,False,False,False,0,,none,0,0,False,-1,0.625,risk_on,6,False
CRML,8.979999542236328,-70.0367042109511,75.04872011518454,25.069634497668304,7.278571718974458,5.973970085557037,False,1.052949912706738,37.24944807954621,8.716698467355366,26.123591103557906,False,False,False,False,20,33.33333333333333,False,0.4243617345605938,4.323982249277502,False,3.4173628558195945,True,39.00928001870736,False,0,1,0.315390955175919,False,1.5598710531229514,True,5,1,False,True,True,,,,,,False,1,2,2,3,,,72048779.87393141,64.18118466898954,False,0.0,0,,,,0.0,0,,,,False,False,False,False,0,,none,0,0,False,-3,0.375,risk_on,6,False
CROX,122.7699966430664,-13.046253615573189,67.28436798486055,52.85109201883831,35.06002924014446,0.4212085648919799,False,0.837681302162539,12.006189025665329,54.05947155458506,0.44178456295704827,False,True,False,False,26,43.333333333333336,True,0.4665779722888291,1.4524854215820888,True,-0.9767618334057884,True,10.117498426253446,False,0,0,0.42461197397222045,False,0.5955883744308438,False,5,2,True,True,True,25.0,18.070648840634913,13.87146635574879,0.5944026236964456,23.0,False,4,2,2,4,-7.329407757864392,132.47999572753906,127157813.99285507,80.8362369337979,True,0.0,0,,,,0.0,0,,,,False,False,False,False,0,,none,0,0,False,-2,0.5,risk_on,6,False
CRS,404.010009765625,-34.730813538260804,74.24072071687897,68.84268039317467,51.05161761448083,0.43535673597265734,False,0.7560536688689786,8.217621198616168,8.35451749026037,-15.200550767894095,False,True,False,False,20,33.33333333333333,False,0.4610970242736509,1.638094431008155,True,-6.435425049305554,True,-3.8940946113150354,True,1,0,0.3346686950753662,False,0.18091429248514732,False,7,2,True,False,False,25.0,27.7484044331577,18.662902421706224,0.05939331866467362,24.0,False,2,2,2,2,-26.10033460622292,546.7007294455839,376204318.2505005,86.4808362369338,True,0.0,0,,,,0.0,0,,,,False,False,False,False,0,,none,0,0,False,-4,0.25,risk_on,6,False
CRSP,58.95000076293945,-23.222191065162068,32.94993360413612,-5.407572125140192,-23.198634903834037,0.7193860740664916,False,1.0765154180952694,13.31636704414805,25.74658579313356,2.1309762928333864,False,True,False,False,24,40.0,True,0.37030224136719975,1.653826462506537,False,2.2597111609135525,True,11.310426325560496,False,0,0,0.45838256388448856,False,1.0375131875387118,False,6,3,True,True,True,25.0,17.917962810742885,13.587783236415001,0.6800535725897356,20.0,False,2,3,3,4,-5.732788187767168,62.53499984741211,83813383.46445541,30.59233449477352,False,0.0,0,,,,0.0,0,,,,False,False,False,False,0,,none,0,0,False,-2,0.5,risk_on,6,False
CRUS,120.26499938964844,-32.77529150770317,10.863749693976743,0.12070982330254498,-17.6703529553913,0.23966527617228728,False,1.0101287300579482,7.34212104591314,-12.138372954756038,10.863749693976743,True,True,False,True,15,25.0,False,0.5045723687988742,1.7837309727414912,True,-0.6830576593962897,True,3.3737348936803135,True,2,1,0.5610728991157787,False,1.686986401299309,True,6,2,True,False,False,25.0,14.821641574163952,13.752963039511718,0.7574363911020371,4.0,False,1,4,4,4,-3.595190870021292,124.75,111662559.63002701,36.86411149825784,False,0.0,0,,,,0.0,0,,,,False,False,False,False,0,,none,0,0,False,-2,0.5,risk_on,6,False
CRWD,248.74000549316406,0.0,184.0713838608583,97.98229950063026,80.19123672193642,0.6488783546551873,True,1.1538232396946313,7.827450667656355,140.72972535139408,13.891947090007717,True,True,False,True,24,40.0,True,0.5177477599157966,3.363795629250906,True,3.0359870695011035,True,5.675928427736698,False,1,2,0.5810395435597162,False,2.1315014791532416,True,2,2,True,True,True,25.0,27.59667617841713,18.513307885660303,0.9771279416737884,2.0,True,11,5,7,6,-0.6311927871623269,250.32000732421875,2827699034.0177917,91.01045296167247,True,0.0,0,,,,0.0,0,,,,True,True,False,False,2,power_play,sepa_vcp,7,7,True,1,0.875,risk_on,6,True
CRWV,86.73999786376953,-39.37657481568251,42.61755721638241,-30.530195867564068,-48.32125864625792,1.149038927581585,False,0.8230881333544383,10.283613117387043,5.832111801722117,2.9799292494380847,True,True,False,False,18,30.0,False,0.4698970340549099,2.5360326152290447,True,0.3088111812266116,True,4.531205537149163,True,1,0,0.3927521835020241,False,1.107695857811751,False,5,2,True,False,False,25.0,28.780713779484678,30.34355584855027,0.2677837468594783,24.0,False,1,2,4,4,-21.073706406324057,109.9000015258789,2254921629.172517,11.358885017421603,False,0.0,0,,,,0.0,0,,,,False,False,False,False,0,,none,0,0,False,-2,0.5,risk_on,6,False
CSCO,110.12000274658203,-14.975417437025552,67.2124198498504,64.78551560146006,46.99445282276622,0.44588613777648983,False,0.7485635754376954,3.7595344046401573,40.99327164214854,0.17283948046828979,False,True,False,True,22,36.666666666666664,False,0.330597199017754,0.7456520325429642,False,-1.2049550487502294,True,0.054520433690119496,True,2,0,0.4199677558853085,False,0.6708266346450578,False,3,2,True,False,False,35.0,13.912275360028689,4.413367679926261,0.15907794691436036,29.0,False,3,2,2,5,-11.699139158848082,124.70999908447266,1612042258.0515037,85.15679442508711,True,0.0,0,,,,0.0,0,,,,False,False,False,False,0,,none,0,0,False,-1,0.625,risk_on,6,False
CSGP,29.334999084472656,-66.32032193067306,8.087692498848842,-66.32032193067306,-84.1113847093669,0.269944459857002,False,0.852130421420984,10.056249718790419,-31.635984179007536,-8.954072088540755,False,True,False,False,22,36.666666666666664,False,0.3667993105622755,1.2926893059825084,False,-0.9262241266784528,True,-6.932110855197749,False,0,0,0.4710069974583589,False,0.9195900734972967,False,6,3,True,False,False,25.0,14.872852822842164,10.363044496523663,0.10834956286440606,22.0,False,0,2,2,4,-13.261385720940567,33.81999969482422,221868650.43950424,0.7665505226480837,False,0.0,0,,,,0.0,0,,,,False,False,False,False,0,,none,0,0,False,-2,0.5,risk_on,6,False
CSL,316.220703125,-23.759126423825126,8.070482690389657,-5.219845555268543,-23.01090833396239,0.30568414884266043,False,0.8102812914920035,6.05115654241685,-5.487866334257207,-11.306003924581276,False,True,False,True,20,33.33333333333333,False,0.5020374205615485,1.4259320541106655,True,-3.5297099180092526,True,-3.567732929881884,True,2,0,0.2980060764493167,False,0.21970933239282706,False,7,2,True,False,False,25.0,16.608091538654506,13.539594978536796,0.0869996248465001,19.0,False,0,2,2,4,-15.16319380537523,372.739990234375,226141925.66980895,30.66202090592334,False,0.0,0,,,,0.0,0,,,,False,False,False,False,0,,none,0,0,False,-2,0.5,risk_on,6,False
CSX,46.040000915527344,-13.27063590677925,41.39419331944592,41.39419331944592,23.603130540752073,0.7082173570876265,False,1.0230387853428677,6.71155536738003,18.9202935843239,-9.97262130424158,False,True,False,True,24,40.0,True,0.4629009341046273,0.9807144893509288,True,-3.691435617545778,True,-5.867918505087911,False,1,0,0.32908934518521493,False,0.4830257832408934,False,7,3,True,False,False,25.0,11.724483205157659,8.123374465888537,0.021319950358292632,17.0,False,2,2,2,4,-11.474517805247064,52.00762512000891,484620219.2630234,75.6794425087108,False,0.0,0,,,,0.0,0,,,,False,False,False,False,0,,none,0,0,False,-2,0.5,risk_on,6,False
CTAS,197.58999633789062,-8.510010390890944,21.45638204507312,-0.27646180943364795,-18.067524588127494,0.36069582408322665,False,0.7735365503799835,3.415253599858772,9.619738236768338,-3.2275426458433287,False,True,False,True,27,45.0,True,0.5020970201412192,0.7727213685132757,True,-1.1300058044511438,True,-1.6084109493698762,True,2,0,0.5318512773140412,False,0.6483449982811963,False,7,2,True,False,False,55.0,19.56015718988156,4.933549088295252,0.5085904671173698,37.0,False,2,2,2,5,-9.612047707790516,218.60213814681236,361082869.206282,36.515679442508706,False,0.0,0,,,,0.0,0,,,,False,False,False,False,0,,none,0,0,False,-1,0.625,risk_on,6,False
CTRE,37.61000061035156,-13.341015465344707,17.738001302264085,13.912734235324042,-3.878328543369804,0.2683708458297129,False,1.0011916056783496,5.3310317351161896,2.495117849930728,-3.638222427253923,False,True,False,True,22,36.666666666666664,False,0.4198760369193004,0.8820255759867104,False,-2.8443179976819546,True,-1.3119915822415118,True,2,0,0.3398096562321391,False,0.6290852209439326,False,5,2,True,False,False,25.0,7.164147264553278,6.022342907706033,0.07799033698891689,21.0,False,0,2,2,4,-6.605413005152538,40.27000045776367,78587423.74875565,52.89198606271776,False,0.0,0,,,,0.0,0,,,,False,False,False,False,0,,none,0,0,False,-2,0.5,risk_on,6,False
CTSH,59.44900131225586,-30.189542111241252,54.396024907929764,-9.186651680480018,-26.977714459173864,0.4036741333324861,False,0.9187983932452762,8.746994311353443,-2.7781184686900717,-7.168956179946484,False,True,False,False,29,48.333333333333336,True,0.4675079326419687,1.5151228665728937,True,1.5522029121339846,True,-7.25584597906499,False,0,0,0.3874622453723425,False,1.1372829002816365,False,6,3,True,False,False,45.0,35.99133711799935,11.303808428010962,0.7464063740205321,11.0,False,1,3,3,4,-9.127173683602862,65.41999816894531,376723488.5216942,26.620209059233453,False,0.0,0,,,,0.0,0,,,,False,False,False,False,0,,none,0,0,False,-2,0.5,risk_on,6,False
CTVA,79.52999877929688,-11.943974093804787,31.602038311350444,13.28992429229363,-4.501138486400215,0.2244881109802594,False,1.0970758076095546,7.286565933971058,2.7304464972487175,-5.006537993034343,False,True,False,True,27,45.0,True,0.4149389826398675,1.2117753883974574,False,-1.286431915899183,True,-3.646719291063427,True,2,1,0.2929366546046094,False,1.5690273739400813,True,6,2,True,False,False,35.0,18.178139345861776,12.240664855744676,0.31349573910199097,11.0,False,2,3,3,5,-12.47937011613186,90.87000274658203,422154970.85153276,52.19512195121951,False,0.0,0,,,,0.0,0,,,,False,False,False,False,0,,none,0,0,False,-1,0.625,risk_on,6,False
CUBE,39.720001220703125,-6.541173598345584,17.24170390489652,4.462004664109376,-13.32905811458447,0.32656383013555107,False,0.8643268770692742,2.4924416750861473,9.952036508051654,-0.7496232724363949,False,True,False,True,28,46.666666666666664,True,0.33611039272462023,0.5350607150377583,False,-1.5754208405573769,True,0.0,True,2,0,0.5570643552517521,False,0.685362310322844,False,4,2,True,False,False,25.0,7.25574449492849,4.1289006526858465,0.32673335884859045,22.0,False,2,2,3,5,-4.88505072515334,41.7599983215332,95496709.00461578,41.11498257839721,False,0.0,0,,,,0.0,0,,,,False,False,False,False,0,,none,0,0,False,-1,0.625,risk_on,6,False
CVCO,542.0700073242188,-22.312829663841292,18.937597794720684,-2.5982464937112537,-20.3893092724051,1.2502209595959597,False,0.9476198555783236,6.667038234938113,14.358346059452654,-4.63230400403064,False,True,False,True,23,38.333333333333336,False,0.3890262579774345,1.0919285017205276,False,-1.4795852505621054,True,1.1947700297285424,True,2,0,0.5795059696676068,False,0.7648307221321808,False,4,2,True,False,False,25.0,15.738563288271038,9.002524975299155,0.2739826893867146,22.0,False,0,2,2,4,-11.42646939146752,612.0,54017628.80027771,34.07665505226481,False,0.0,0,,,,0.0,0,,,,False,False,False,False,0,,none,0,0,False,-2,0.5,risk_on,6,False
CVE,32.08000183105469,-5.424517798397732,105.78072051563736,91.97320185061363,74.18213907191979,0.42844904837746517,True,0.9421446100100118,7.621563740400829,30.750643349392416,2.0680059321343647,True,True,False,True,32,53.333333333333336,True,0.4200300812676414,1.193348315917928,False,1.632692858123097,True,-3.1166878952713972,True,2,0,0.45631272554200236,False,0.6238880237075708,False,6,1,False,False,False,35.0,19.154089770250373,7.621563740400829,0.6907321539454949,4.0,False,6,2,6,5,-5.923744086379967,34.099998474121094,211477540.9458906,90.5226480836237,True,0.0,0,,,,0.0,0,,,,True,False,False,False,1,,sepa_vcp,6,6,True,0,0.75,risk_on,6,False
CVI,54.66999816894531,0.0,165.49246454528893,60.566347869859726,42.775285091165884,0.40947913483693543,True,1.179067757759241,11.886232842932714,69.5224421223065,30.914751835023836,False,True,False,False,32,53.333333333333336,True,0.5221239108548302,3.0390733842553614,True,6.083416622221626,False,12.420310442457016,False,0,2,0.6380694584976372,True,1.313927260257393,True,3,0,False,False,False,25.0,36.83432435286968,18.85531586140989,0.9745081363639434,0.0,True,9,3,5,4,-0.9389755735296323,55.188201904296875,53364504.888607025,83.97212543554006,True,0.0,0,,,,0.0,0,,,,False,False,False,False,0,,none,0,0,False,-1,0.625,risk_on,6,False
CVLT,146.5800018310547,-24.680128785088804,94.97206868322314,-24.680128785088804,-42.471191563782654,0.40464511785771057,False,0.9239389482317487,8.186655648859228,81.43334592150364,7.4633492596019035,True,True,False,False,24,40.0,True,0.5224761403442489,2.091801068391283,True,1.5320462398799533,True,4.543181522119921,True,1,1,0.5756614537805602,False,1.3057853193007491,True,5,2,True,False,False,35.0,21.56463521181943,13.842265679269586,0.8275966083938673,25.0,False,4,4,4,4,-3.7178162492667033,152.24000549316406,71127368.56704025,15.540069686411151,False,0.0,0,,,,0.0,0,,,,False,False,False,False,0,,none,0,0,False,-2,0.5,risk_on,6,False
CVNA,67.88500213623047,-29.057372343784383,20.671575494503248,-13.38768077323036,-31.178743551924207,0.3846461194049827,False,0.834253338829736,9.45716721944233,13.292730658682107,-8.313072262545141,False,True,False,False,28,46.666666666666664,True,0.5122741731023723,2.216977317678051,True,-0.45656888349848695,True,-4.21193804807003,True,1,0,0.34111198603134957,False,0.6971895517980716,False,6,1,False,False,False,35.0,19.140630199884168,17.117186979331912,0.3935375415399643,17.0,False,1,1,3,3,-11.608073647496154,76.80000305175781,468387188.29588395,23.83275261324042,False,0.0,0,,,,0.0,0,,,,False,False,False,False,0,,none,0,0,False,-3,0.375,risk_on,6,False
CVS,87.41000366210938,-20.47816089656348,26.602618751656838,20.374258010159686,2.58319523146584,0.5171503133818484,False,0.9641488856198971,9.792926667390532,24.45379986962608,-6.0713454166243075,False,True,False,False,20,33.33333333333333,False,0.49241541880221673,1.1210633376474444,True,-4.63486088419937,True,-8.519099036803945,False,0,0,0.2788872338839049,False,0.6819501145180077,False,6,3,True,False,False,25.0,11.482231023953046,12.344125916339035,0.019451924685515074,12.0,False,0,2,2,3,-11.258879530853427,98.5,605657322.5057838,59.65156794425087,False,0.0,0,,,,0.0,0,,,,False,False,False,False,0,,none,0,0,False,-3,0.375,risk_on,6,False
CVX,205.3350067138672,-5.710151680502252,43.828872645490776,36.627712180148954,18.83664940145511,0.455245410906641,True,1.0920411948271882,6.618450772414167,1.8586382778056798,1.7214931601151617,False,True,False,True,28,46.666666666666664,True,0.4753460471428981,0.8988510374191421,True,1.4570394431554503,True,-3.221469347252204,True,2,0,0.450783758309431,False,0.7137154100985548,False,5,2,True,False,False,35.0,15.390804302658006,6.618450772414167,0.6287082350246918,4.0,False,4,3,4,5,-5.714478893923458,217.77999877929688,2017245864.0770614,72.26480836236934,False,0.0,0,,,,0.0,0,,,,False,False,False,False,0,,none,0,0,False,-1,0.625,risk_on,6,False
CW,569.0401000976562,-28.221289140813,11.459606119956089,10.727689769929372,-7.063373008764474,0.4075435551849264,False,0.5883173275005769,6.013630796362561,-17.29892227796349,-4.582707923486473,False,True,True,True,23,38.333333333333336,False,0.4209658008856475,1.312369297262162,False,-6.483615690336974,True,3.234715882194994,True,3,0,0.44405202995874193,False,0.5554997081432748,False,5,2,True,False,False,25.0,22.899345602832778,7.3070344335226505,0.15893229519244662,22.0,False,0,2,3,4,-19.259900047769506,704.780029296875,243407005.50794983,49.12891986062718,False,0.0,0,,,,0.0,0,,,,False,False,False,False,0,,none,0,0,False,-2,0.5,risk_on,6,False
CX,10.03499984741211,-25.542782618134463,13.729619380184467,11.47260613191181,-6.318456646782035,1.0563712747254537,False,0.8847150031528587,4.484303100225612,-5.089812122663484,-7.4070179455516865,False,True,False,True,18,30.0,False,0.4875185372508109,1.2156439361704103,True,-4.703171295567111,True,-3.685572863182285,True,2,0,0.27550015301059927,False,0.16835564244457665,False,8,2,True,False,False,25.0,10.538177940405397,11.72670220069814,0.03824018489562878,9.0,False,0,2,3,4,-10.135196067501262,11.166774319064695,56260239.13319111,50.24390243902439,False,0.0,0,,,,0.0,0,,,,False,False,False,False,0,,none,0,0,False,-2,0.5,risk_on,6,False
CXW,32.474998474121094,-8.624092184722365,101.33292104013769,55.30845868533236,37.51739590663851,0.5121869580252519,False,1.0696288767301485,13.117778357797125,60.52891353912082,-3.948544350620875,False,True,False,False,25,41.66666666666667,True,0.453599050340381,1.9236258258952306,True,-0.1431759047279928,True,-5.127084696421747,False,0,0,0.467632525886618,False,0.8595477007023685,False,4,2,True,False,False,25.0,15.157316344240376,13.117778357797125,0.26444016381166824,1.0,False,5,2,2,4,-11.149113127224176,36.54999923706055,62384485.53511906,81.8815331010453,True,0.0,0,,,,0.0,0,,,,False,False,False,False,0,,none,0,0,False,-2,0.5,risk_on,6,False
CYTK,67.56500244140625,-22.57047812590739,41.260714728926004,38.85121794754704,21.060155168853196,0.32416909933998295,False,0.9313365213701198,7.06727055922167,10.853160944485229,-6.276867979400946,False,True,False,True,21,35.0,False,0.3947187392339697,1.3350082404198966,False,-3.4725401832895306,True,-6.742573792412642,False,1,0,0.2924505689668788,False,0.3397743789632489,False,4,1,False,False,False,25.0,15.604652937512792,13.905122923978194,0.012033820292665252,17.0,False,1,1,2,3,-15.41686934833335,79.87999725341797,138091691.29584503,74.14634146341463,False,0.0,0,,,,0.0,0,,,,False,False,False,False,0,,none,0,0,False,-3,0.375,risk_on,6,False
CZR,29.667699813842773,-2.440973486662168,63.54851605327285,16.070815468418644,-1.7202473102752016,0.6539508562292254,False,0.40776098377985565,0.4718916212813863,12.207636968946067,-0.20955173008007089,False,True,True,True,17,28.333333333333332,False,0.30568176378913847,0.09266399463529139,False,-1.4793711559313187,True,-0.041443703526045095,True,3,1,0.23500368079380723,False,1.0958133349095638,False,1,2,True,False,False,,,,,,False,2,3,2,5,,,99930140.50305386,55.26132404181185,False,0.0,0,,,,0.0,0,,,,False,False,False,False,0,,none,0,0,False,-1,0.625,risk_on,6,False
D,63.06999969482422,-11.135220330977248,13.929227313843695,9.882945383262909,-7.908117395430937,0.3751024063505185,False,0.917500256433103,2.8381178439647883,7.564493133887273,-2.811350789575162,False,True,False,True,19,31.666666666666664,False,0.46755829154750056,0.8075466847813566,True,-3.890164548715811,True,-2.156375130919397,True,2,0,0.2248996427016166,False,0.5737110439247998,False,5,2,True,False,False,25.0,8.880788417193003,6.167749181022537,0.024460504248737948,23.0,False,1,2,3,5,-8.663559854382108,69.05239529181516,299842441.8136145,48.153310104529616,False,0.0,0,,,,0.0,0,,,,False,False,False,False,0,,none,0,0,False,-1,0.625,risk_on,6,False
DAL,82.04499816894531,-12.18495035957552,48.58912347383835,38.79279792279344,21.001735144099595,0.5869620373449898,False,0.9160800963308492,6.411118597868922,26.617207258546884,2.4665898359542027,False,True,False,True,17,28.333333333333332,False,0.47500425144561026,1.2249047724712798,True,-1.034309635654648,True,2.813276981620416,True,2,0,0.5678004296237315,False,1.0414982528854357,False,7,2,True,False,False,25.0,14.78075650534879,6.411118597868922,0.4594082067507984,24.0,False,2,2,3,5,-7.990355664806303,89.16999816894531,497156539.9974823,74.07665505226481,False,0.0,0,,,,0.0,0,,,,False,False,False,False,0,,none,0,0,False,-1,0.625,risk_on,6,False
DAR,63.849998474121094,-6.570087949039127,113.47375058460779,99.96867480070506,82.17761202201122,0.2564785135499565,True,0.90233030680665,6.16288405219916,13.088911635637634,-0.7307232943611908,False,True,False,True,30,50.0,True,0.4291927826240804,1.7001048403277856,False,0.05811214884580012,True,-1.6481819547186305,True,2,1,0.3633595925273635,False,1.254154081071636,True,4,3,True,False,False,65.0,27.279226995626782,8.167580700415476,0.6788892818818902,21.0,False,5,4,5,5,-8.759652170272636,69.9800033569336,158303970.60030517,91.28919860627178,True,0.0,0,,,,0.0,0,,,,False,False,False,False,0,,none,0,0,False,-1,0.625,risk_on,6,False
DASH,194.01499938964844,-31.136861604825615,32.34310457849001,-26.86682756964982,-44.65789034834367,0.6945304099791852,False,0.9264598008572482,7.788057963500809,21.27453717405654,-18.047226962977035,False,True,False,True,29,48.333333333333336,True,0.48847780701810867,1.778679517056185,True,-1.5760256152788419,True,-4.67966699944532,True,2,0,0.45792209115121424,False,0.6106942377865164,False,6,2,True,False,False,25.0,20.984974794004945,10.457950854296358,0.10585005539600302,15.0,False,1,2,3,3,-18.763714049575796,238.8280029296875,775816551.3378013,14.076655052264808,False,0.0,0,,,,0.0,0,,,,False,False,False,False,0,,none,0,0,False,-3,0.375,risk_on,6,False
DAVE,348.5199890136719,-21.243759750739667,123.52488013502736,46.10547447933235,28.314411700638505,0.5790718198417529,False,0.8820778300425319,15.102436423972287,61.831346594507664,-7.932901795712233,False,True,False,False,27,45.0,True,0.497617454172545,3.112087357271015,True,-1.2210371493930943,True,-4.718686047139309,True,1,0,0.36327601646469365,False,0.7519161676646706,False,4,1,False,False,False,25.0,17.699183622508237,15.102436423972287,0.33528824508001753,10.0,False,4,1,2,3,-11.764855406368458,394.989990234375,116320384.98713532,78.53658536585367,False,0.0,0,,,,0.0,0,,,,False,False,False,False,0,,none,0,0,False,-3,0.375,risk_on,6,False
DB,38.275001525878906,-7.9042342128584515,39.8338031827864,9.467019411551437,-8.324043367142409,0.41972988940028855,False,1.0601639027473986,4.049638602920877,35.53415980720727,-5.166003599955083,False,True,False,True,27,45.0,True,0.38691024559510173,0.486087272909028,False,0.3793769301273079,True,-2.781299049309982,True,2,0,0.43583533267866476,False,0.4177883644907336,False,6,1,False,False,False,45.0,18.62085583587746,10.058780720147043,0.5683874314831149,9.0,False,3,1,3,5,-8.036995415305704,41.619998931884766,71529694.79226379,47.386759581881535,False,0.0,0,,,,0.0,0,,,,False,False,False,False,0,,none,0,0,False,-1,0.625,risk_on,6,False
DBA,28.655000686645508,-2.831465211778117,15.609152866224886,10.079460169679555,-7.711602609014291,0.5499591355642905,False,1.1040281278479303,3.001216829157945,6.762297033305398,-1.8328189024453545,False,True,False,True,30,50.0,True,0.6239953957132692,0.6311681422193383,True,1.2155904075573736,True,-1.0531712965097362,True,2,1,0.47095188890650236,False,2.9522752097601797,True,3,0,False,False,False,65.0,10.399727802229144,4.187746734726384,0.7182410888911531,13.0,True,3,4,4,5,-2.9302159813844875,29.520000457763672,51979787.4000989,48.501742160278745,False,0.0,0,,,,0.0,0,,,,False,False,False,False,0,,none,0,0,False,-1,0.625,risk_on,6,False
DBRG,15.914999961853027,-0.4067558338252897,73.89164193888587,32.55303940676153,14.761976628067682,0.28649040568187906,True,0.8807381793446935,0.5026699585159161,3.611353405693274,-0.09416411196100372,False,True,False,True,16,26.666666666666668,False,0.3793086963508606,0.10614281807928033,False,0.6858697930793343,True,0.03142749521605204,True,2,1,0.4353556726900871,False,0.7920744742138172,False,1,0,False,False,False,,,,,,False,5,2,2,5,,,74276244.18170634,69.19860627177701,False,0.0,0,,,,0.0,0,,,,False,False,False,False,0,,none,0,0,False,-1,0.625,risk_on,6,False
DBX,35.970001220703125,-4.689985106104477,63.05531319815252,17.510619090085665,-0.28044368860818025,0.4679064919216444,False,1.0248706800226934,6.811222866548171,47.29730183588945,0.7563037870967237,False,True,False,True,29,48.333333333333336,True,0.512404671749186,1.519581965906544,True,1.873177933963242,True,-3.5915306975763173,True,2,1,0.5961509465026043,False,1.3638094469183972,True,5,1,False,False,False,35.0,15.902541226115915,12.996939333907429,0.6375622637809873,4.0,False,5,3,3,6,-5.76368104212297,38.16999816894531,140129484.52650148,56.37630662020906,False,0.0,0,,,,0.0,0,,,,False,True,False,False,1,,power_play,6,6,True,0,0.75,risk_on,6,False
DCI,86.77999877929688,-20.745380669150272,10.054983816024098,8.426140450131726,-9.36492232856212,0.22556760351215274,False,0.8021984657851372,3.998618655812846,2.0362709415869373,-5.5609975452097,False,True,False,True,22,36.666666666666664,False,0.32775930047223467,0.6656041674782257,False,-3.0607140333638982,True,-1.3078602546203077,True,2,0,0.4440347752606516,False,0.7118565582058771,False,4,2,True,False,False,65.0,15.8608913561599,7.547825701652866,0.21295215387807945,32.0,False,0,2,3,4,-12.483280379439432,99.15819417768647,64466987.90513496,46.41114982578397,False,0.0,0,,,,0.0,0,,,,False,False,False,False,0,,none,0,0,False,-2,0.5,risk_on,6,False
DD,130.20480346679688,-14.72704235685921,43.22201883398227,35.153177974239156,17.36211519554531,0.3474830565263973,False,0.8621108266621671,6.036638258865299,-0.8483620886688303,-4.527926841943975,False,True,False,True,23,38.333333333333336,False,0.47564325889022546,1.1052146723249234,True,-1.956192507973564,True,4.75887240140056,True,2,0,0.4834119828857098,False,0.5584095658827993,False,6,3,True,False,False,25.0,15.808695673137196,7.365316856636659,0.3211339183437322,24.0,False,1,2,3,4,-10.731987287719047,145.85829740207052,158935051.04841003,71.0801393728223,False,0.0,0,,,,0.0,0,,,,False,False,False,False,0,,none,0,0,False,-2,0.5,risk_on,6,False
DDOG,242.30999755859375,-15.908380117598853,136.13507050916832,74.54976572121241,56.75870294251857,0.38940370284593273,False,0.8134970566186305,7.783418266013133,87.5029061128083,2.2491357613081853,False,True,False,True,23,38.333333333333336,False,0.48386843109965855,2.4818168502325664,True,-0.09024095116322962,True,5.329273785785449,False,1,2,0.6193375169644831,True,1.4106586565815455,True,4,1,False,False,False,25.0,20.088072964285388,16.375714198992597,0.764728809276771,24.0,False,5,3,4,6,-4.726144845642533,254.3300018310547,811425755.0139885,87.66550522648083,True,0.0,0,,,,0.0,0,,,,False,True,False,False,1,,power_play,6,6,True,0,0.75,risk_on,6,False
DDS,649.135009765625,-7.202109162748904,27.184112371939072,13.269930285616184,-4.521132493077662,0.4600116819180597,False,0.8903910684940781,6.59954634641878,14.216927609894059,4.650249522008187,False,True,False,True,29,48.333333333333336,True,0.4544279277576613,1.585361580674551,True,1.8938669504096373,True,-0.4989354235543586,True,2,1,0.4046052998712154,False,2.09546910356832,True,5,2,True,False,False,45.0,18.69372196190342,8.50824245154967,0.8704165959105066,5.0,True,3,5,4,6,-2.422396126925963,665.25,113068221.81654052,52.12543554006969,False,0.0,0,,,,0.0,0,,,,False,True,False,False,1,,power_play,6,6,True,0,0.75,risk_on,6,False
DE,691.1599731445312,-1.0324071800144274,58.817200892879676,49.01469583682656,31.223633058132716,0.3460977781686657,True,0.8938406669666639,4.282360462965048,22.133826040513526,9.650493298023788,False,True,False,True,24,40.0,True,0.4624882539049433,1.3116031651087707,True,3.6921491716779062,True,1.42340722259775,True,2,1,0.4281560446076245,False,1.2464685097941979,True,3,2,True,False,False,25.0,17.930810682933483,4.282360462965048,0.8837004749428926,11.0,True,6,5,6,5,-2.085344766314068,705.8800048828125,853305362.6037842,79.51219512195122,False,0.0,0,,,,0.0,0,,,,True,False,False,False,1,,sepa_vcp,6,6,True,0,0.75,risk_on,6,True
DECK,80.16999816894531,-33.71093389237646,3.4318100366449222,-29.545656451431114,-47.336719230124956,0.48300226636448473,False,0.7927701883699204,3.9540953490669337,-21.74719320933972,-8.648591365692015,False,True,False,True,19,31.666666666666664,False,0.4391697817010819,1.2980918084367723,False,-5.060249361525772,True,-0.45940246135594,True,2,0,0.3552728807651572,False,0.6784409670198631,False,7,3,True,False,False,25.0,16.886877440890018,11.176249581035174,0.17811682976202783,19.0,False,0,2,3,4,-13.879040366538774,93.08999633789062,270695740.0411652,11.91637630662021,False,0.0,0,,,,0.0,0,,,,False,False,False,False,0,,none,0,0,False,-2,0.5,risk_on,6,False
DELL,580.4450073242188,-1.3519742963582382,425.0770809226494,345.53706831326235,327.7460055345685,0.5395422536245434,True,1.145911477635543,9.73563542670981,254.336905450094,27.22361470901278,False,True,False,False,29,48.333333333333336,True,0.4637529451836696,2.805453706000993,True,3.0503311855007027,True,8.640595847854904,False,0,1,0.42831367558473377,False,1.8818238171549246,True,3,1,False,True,True,25.0,29.15484077010211,15.377858132866512,0.9132300261197571,1.0,True,11,3,5,5,-2.5297647721044036,595.510009765625,5300186344.406738,98.88501742160278,True,0.0,0,,,,0.0,0,,,,False,False,False,False,0,,none,0,0,False,-1,0.625,risk_on,6,False
DEO,86.79000091552734,-14.170525409759128,20.968979932470198,-7.8626188464630875,-25.653681625156935,0.5074170543569361,False,0.8118648807058836,3.0533488857295334,18.260120433480687,-6.66738046098806,False,True,False,True,22,36.666666666666664,False,0.44660809236390586,0.7006370831383951,True,-1.4404854983570101,True,-1.7990454710374304,True,2,0,0.3316065891073405,False,0.22448601555441836,False,7,3,True,False,False,55.0,18.264180341202746,5.04666114438807,0.41713655112619596,29.0,False,0,2,2,4,-10.645523144526559,97.12999725341797,86375007.85807686,28.222996515679444,False,0.0,0,,,,0.0,0,,,,False,False,False,False,0,,none,0,0,False,-2,0.5,risk_on,6,False
DFTX,38.77009963989258,-19.979155770109415,328.8727854368868,328.8727854368868,311.0817226581929,0.5294641062090073,False,0.7846784040670574,9.659502984695301,114.19944100987047,-5.392630373424234,False,True,False,False,21,35.0,False,0.4027671189679453,2.3579020572660156,False,-1.7947775299150623,True,-3.676771081012231,True,1,0,0.41936809638340955,False,0.5574345136133642,False,6,2,True,False,False,25.0,22.39374063769734,18.23570163732447,0.19547675610252493,22.0,False,6,2,2,4,-18.016284860838972,47.290000915527344,83091214.88692379,98.74564459930313,True,0.0,0,,,,0.0,0,,,,False,False,False,False,0,,none,0,0,False,-2,0.5,risk_on,6,False
DG,123.0199966430664,-20.48530244574924,30.04336209730414,22.92457141768074,5.133508638986893,0.34081690363487865,False,0.9611028751922222,7.3809091606506065,-0.7003729784172519,0.10578342750722225,False,True,False,True,21,35.0,False,0.5616763516032983,1.7491219955738526,True,-0.35699201285090537,True,-4.761168702530394,True,2,0,0.3789197751692931,False,0.6691373698102507,False,3,1,False,False,False,65.0,19.185017072085536,8.99853682076014,0.5682560598434941,12.0,False,0,1,3,4,-8.283014862672044,134.1300048828125,353435671.01737213,61.672473867595826,False,0.0,0,,,,0.0,0,,,,False,False,False,False,0,,none,0,0,False,-2,0.5,risk_on,6,False
DGX,246.30999755859375,-0.46069889016280285,43.82661868933131,36.51023942737686,18.719176648683014,0.3299001832961428,True,0.9837920979687704,4.721688010758403,26.98884662440777,1.4623509359396714,False,True,False,True,21,35.0,False,0.4188092541713341,0.9574648803139607,False,2.3338648789934773,True,3.539450246142506,True,2,1,0.6278759799605765,True,1.1205237890750344,False,3,3,True,False,False,45.0,17.979420869957025,8.229462553118626,0.9434510654552399,0.0,True,6,4,4,6,-1.016717093927888,248.83999633789062,231022230.74865723,72.12543554006969,False,0.0,0,,,,0.0,0,,,,False,True,False,False,1,,power_play,6,6,True,0,0.75,risk_on,6,True
DHI,139.29010009765625,-19.42726687370664,5.732991797700948,-16.243617469301917,-34.034680247995766,0.5181463060779515,False,0.8400737810739466,4.78137958020778,0.9421769369452271,-5.495555550264197,False,True,False,True,20,33.33333333333333,False,0.3467630455055247,0.8354946321073581,False,-1.722940200785684,True,-0.0860078626378491,True,2,0,0.5288201730702097,False,0.4279195581789351,False,7,2,True,False,False,25.0,13.290148850283801,6.533121046181001,0.26365000542832456,22.0,False,0,2,2,4,-9.78620103376323,154.39999389648438,333562615.14101183,21.81184668989547,False,0.0,0,,,,0.0,0,,,,False,False,False,False,0,,none,0,0,False,-2,0.5,risk_on,6,False
DHR,214.4499969482422,-11.029554946305742,32.72490439576443,11.765772918703487,-6.025289859990359,0.37652556674354504,False,0.8588164461210337,5.763581621003551,13.343664286756951,-0.7497617999085326,False,True,False,True,25,41.66666666666667,True,0.38011191269408845,0.9574077134505152,False,1.8450421855438168,True,5.510453603071186,False,1,1,0.5967050201599137,False,1.4653281584913624,True,7,2,True,False,False,35.0,12.5798680097794,7.409652420505052,0.7759365111123693,21.0,True,3,5,4,6,-2.81868911601707,220.6699981689453,710422578.2185211,50.522648083623686,False,0.0,0,,,,0.0,0,,,,False,True,False,False,1,,power_play,6,6,True,0,0.75,risk_on,6,False
DHT,22.635000228881836,-2.7288363403103366,129.00391837665683,105.18751545853706,87.39645267984322,0.7928083154824154,True,1.1137193789205664,7.112872483865061,40.7877893726817,15.132250277516324,False,True,False,True,36,60.0,True,0.401967942107365,1.5098964732232367,False,4.926647380451337,False,2.189619046069047,True,2,1,0.546259613919293,False,1.3260969607507092,True,4,2,True,False,False,25.0,22.53819858365598,13.209629957515883,0.825800502807323,0.0,False,8,2,3,4,-3.9261428609015825,23.559999465942383,79537452.65936852,92.26480836236934,True,0.0,0,,,,0.0,0,,,,False,False,False,False,0,,none,0,0,False,-2,0.5,risk_on,6,False
DIA,519.8499755859375,-3.929515406576678,15.988875054353468,13.95004069155985,-3.841022087133995,0.5880553853398495,False,1.039381079437212,2.1783136009515043,13.332509674827197,-2.6187409847221677,False,True,False,True,26,43.333333333333336,True,0.4311231388504221,0.31384240467735053,False,-1.3286966335691508,True,-0.656221048085126,True,2,0,0.4431073097993937,False,0.39473984961092945,False,6,0,False,False,False,35.0,6.2250171261092575,3.4737816132792774,0.257540878766622,32.0,False,3,1,1,5,-4.621820745113803,545.0407835912906,1711910069.3298066,53.03135888501742,False,0.0,0,,,,0.0,0,,,,False,False,False,False,0,,none,0,0,False,-1,0.625,risk_on,6,False
DINO,112.7300033569336,-3.335619360343778,151.46190689368174,121.64375751103718,103.85269473234334,0.6290217223063616,True,1.153992498815563,10.680387258931816,92.70667854975308,13.05787222145154,False,True,False,False,38,63.33333333333333,True,0.4112288371492473,1.7871840207508178,False,3.799312723775063,True,5.443830788013448,False,0,1,0.47352262798819317,False,1.665120607111174,True,3,1,False,False,False,25.0,22.814428816182694,11.67390724814116,0.790448145684421,0.0,False,10,2,3,6,-4.780805863581861,118.38999938964844,265298684.298201,93.37979094076655,True,0.0,0,,,,0.0,0,,,,False,True,False,False,1,,power_play,6,6,True,0,0.75,risk_on,6,False
DIS,104.2916030883789,-9.31072293829429,13.709952261599344,-6.99563516529752,-24.786697943991364,0.38764717469490345,False,1.0153859511571097,5.724328147731601,7.290181617025393,-3.5230300087875643,False,True,False,True,25,41.66666666666667,True,0.5402327945774861,1.1111616422472044,True,0.6036155488412902,True,-3.9583694580270223,True,2,0,0.5161812675619544,False,0.711660458977931,False,6,1,False,False,False,45.0,17.323683209978842,6.7598878659377455,0.6089578044985859,19.0,False,2,2,3,5,-6.7742911166011055,111.87000274658203,871666922.8377686,29.05923344947735,False,0.0,0,,,,0.0,0,,,,False,False,False,False,0,,none,0,0,False,-1,0.625,risk_on,6,False
DK,75.44499969482422,-7.486208618605317,187.32847601435432,146.43448254120864,128.64341976251478,0.29023651211206686,True,1.1256184334206518,10.696533537633307,79.63269739592612,4.422144906331105,False,True,False,False,32,53.333333333333336,True,0.4739098085172769,2.993378910462627,True,1.6781215999547447,True,1.3092499773587285,True,1,0,0.4737815954039112,False,0.9194463477894783,False,3,1,False,True,True,25.0,23.264855179211025,11.889447448594748,0.6434170049039001,1.0,False,9,1,3,6,-8.29585174028008,82.2699966430664,176230545.55039215,95.1219512195122,True,0.0,0,,,,0.0,0,,,,False,True,False,False,1,,power_play,6,6,True,0,0.75,risk_on,6,False
DKNG,22.084999084472656,-49.62363365053736,6.587836951511816,-49.17146444952427,-66.96252722821812,0.8281636875178338,False,0.8969396583922078,16.68553144081044,-7.825542869970725,-12.569283909898543,False,True,False,False,25,41.66666666666667,True,0.3796113269689117,1.8517296120955977,False,-2.174086906233745,True,-11.126765611878586,False,0,0,0.5179448631270416,False,0.4959190147883537,False,6,1,False,False,False,25.0,19.010249823788854,16.68553144081044,0.10171823377171338,24.0,False,1,1,2,2,-17.076560788154026,26.632999420166016,242969088.50761062,3.623693379790941,False,0.0,0,,,,0.0,0,,,,False,False,False,False,0,,none,0,0,False,-4,0.25,risk_on,6,False
DKS,123.3499984741211,-47.93700491753603,1.8159281226028279,-42.89407996586586,-60.68514274455971,0.1964488926788644,False,0.6664428880688176,8.787194690460893,-34.5295879919889,-7.8251049185315,False,True,False,False,21,35.0,False,0.4983288442900245,2.6569298799420835,True,-10.195591439289391,True,-5.674088518709663,False,0,0,0.4063585942683428,False,0.5866680192861362,False,5,1,False,False,False,25.0,39.94713166229869,14.343389696249966,0.05143040364708242,24.0,False,0,1,3,3,-37.892634556363525,198.60768138050128,770892506.9299088,5.644599303135889,False,0.0,0,,,,0.0,0,,,,False,False,False,False,0,,none,0,0,False,-3,0.375,risk_on,6,False
DLB,57.529998779296875,-19.001477842354465,19.285612478037063,-17.768067487883975,-35.559130266577824,0.3039409189553244,False,0.9890060443343399,8.708503811116715,-2.397841007271073,-6.4552865377286555,False,True,False,False,26,43.333333333333336,True,0.4676715658907084,1.3796454802199547,True,-0.5070831202538852,True,-7.074787722355847,False,0,0,0.44822251350502534,False,0.9765680462133497,False,6,1,False,False,False,25.0,14.60522809334888,15.313745429391828,0.0657758652459636,17.0,False,1,1,2,3,-13.644556578394207,66.62000274658203,64218944.22157192,20.48780487804878,False,0.0,0,,,,0.0,0,,,,False,False,False,False,0,,none,0,0,False,-3,0.375,risk_on,6,False
DLR,187.125,-6.986270501392877,29.08516800280583,11.8574053919553,-5.933657386738545,0.29885682167625893,False,0.8717809786799307,6.893784313418504,7.4767885156393765,1.5841459659781565,False,True,False,True,23,38.333333333333336,False,0.4512005944055107,1.2606888692089298,True,0.11704579426731687,True,5.173674643540638,False,1,1,0.4409123675254574,False,1.8198983730299718,True,5,2,True,False,False,55.0,17.56399181039347,8.182657860595562,0.476896729040413,40.0,False,2,3,3,6,-9.18778156712422,206.0570738488392,388172745.2906952,50.66202090592334,False,0.0,0,,,,0.0,0,,,,False,True,False,False,1,,power_play,6,6,True,0,0.75,risk_on,6,False
DLTR,113.51000213623047,-19.61617680095791,33.478364198259115,19.1580932088379,1.3670304301440552,0.4296088218675068,False,1.0044536390631262,6.404718972995196,4.839757694311908,-11.500072510777581,False,True,False,True,26,43.333333333333336,True,0.47602309963821987,1.9118216405635098,True,-2.901489477661868,True,-4.749514239893471,True,2,0,0.3553311076234552,False,0.7022983394377282,False,10,0,False,False,False,25.0,18.851683509554693,17.320056085559447,0.08823523332981979,19.0,False,1,1,3,4,-17.188300816429212,137.07000732421875,373726491.5808197,58.536585365853654,False,0.0,0,,,,0.0,0,,,,False,False,False,False,0,,none,0,0,False,-2,0.5,risk_on,6,False
DNTH,97.58000183105469,-15.850290961134627,196.4155749045746,165.52381450627126,147.7327517275774,0.4513293719199335,False,0.9666146232649688,14.019266292760143,23.020678525572368,-7.804227884198123,False,True,False,False,23,38.333333333333336,False,0.3416227582889314,1.6733309237903033,False,-1.7484591323201988,True,-9.38805866946877,False,0,0,0.2995712739207089,False,0.33301408424620116,False,5,2,True,False,False,25.0,19.765860167330203,16.939945141542545,0.12875539010280693,22.0,False,3,2,2,3,-17.220899130768075,117.87999725341797,75141112.70158005,95.9581881533101,True,0.0,0,,,,0.0,0,,,,False,False,False,False,0,,none,0,0,False,-3,0.375,risk_on,6,False
DOC,20.53499984741211,-9.112801133775438,36.62517015085838,18.801944969050545,1.0108821903566998,0.4578400030271743,False,0.871112110975004,3.457507132935931,23.32386986809376,-1.5329078660235251,False,True,False,True,25,41.66666666666667,True,0.3885747818548482,0.6818218608722046,False,-1.5996175371119556,True,0.8100098251391241,True,2,0,0.42556504041936416,False,0.4689116902265184,False,6,2,True,False,False,65.0,15.677945447836064,3.457507132935931,0.38591221486338884,38.0,False,2,2,3,5,-9.627634795554263,22.72265398936568,91812503.07437935,58.257839721254356,False,0.0,0,,,,0.0,0,,,,False,False,False,False,0,,none,0,0,False,-1,0.625,risk_on,6,False
DOCN,146.1999053955078,-19.355777588474933,327.9856734442685,299.78098609664363,281.9899233179498,0.9025979246378538,True,0.9629400937716551,23.05746461592027,69.96037096136318,31.462913945766324,True,True,False,False,23,38.333333333333336,False,0.4367988128301967,3.4685669002961945,False,2.3978348890218957,True,21.620419689689708,False,0,1,0.581852736136018,False,1.254423338997594,True,6,1,False,False,False,55.0,31.446477018759992,23.33106364787368,0.9529604878626987,51.0,True,7,3,5,3,-1.479226937399325,148.39500427246094,329680299.74098206,98.397212543554,True,0.0,0,,,,0.0,0,,,,False,False,False,False,0,,none,0,0,False,-1,0.625,risk_on,6,False
DOCS,26.579999923706055,-64.61661481380145,47.58467288124124,-63.49903867742632,-81.29010145612017,0.4236752732503819,False,0.6899355750590986,5.003761954565922,6.192565699319097,-0.5611658103220618,False,True,False,True,30,50.0,True,0.4326462637413584,1.6479963568623641,False,2.507607325262757,True,0.71997172585061,True,2,1,0.500363281942646,False,1.367060353821626,True,3,1,False,False,False,25.0,12.331623421794657,10.929272742603015,0.7803502864137197,11.0,True,2,4,5,5,-2.708637552651061,27.31999969482422,67578045.6194067,1.1846689895470384,False,0.0,0,,,,0.0,0,,,,False,False,False,False,0,,none,0,0,False,-1,0.625,risk_on,6,False
DOCU,68.1500015258789,-19.691254966164006,63.233536588931514,-19.43491609379312,-37.22597887248696,0.3767036832253036,False,1.0497141513672834,8.870147707985518,39.68026285523243,6.484377384185791,False,True,False,False,32,53.333333333333336,True,0.4268933279471523,1.714004583079474,False,2.7846391747687007,True,-2.307913648293014,True,1,0,0.4400485469347319,False,0.7697385646765161,False,3,3,True,False,False,25.0,20.704789568192663,15.307414215212955,0.6142810696274782,4.0,False,3,2,2,4,-7.986229285831426,74.06500244140625,247450916.2984333,19.51219512195122,False,0.0,0,,,,0.0,0,,,,False,False,False,False,0,,none,0,0,False,-2,0.5,risk_on,6,False
DOV,186.8699951171875,-19.310923991039985,17.14005869096946,10.180307876948191,-7.610754901745654,0.33812160611854686,False,0.8237430488466627,3.6736799232316395,-11.524464201820573,-5.695031334981482,False,True,False,True,19,31.666666666666664,False,0.5147242609695237,1.0565358932089934,True,-3.793717406996951,True,-1.2053919391319945,True,2,0,0.4146440033446058,False,0.38141983201782464,False,5,3,True,False,False,25.0,11.27849247626353,6.05233470012196,0.12269904803638193,24.0,False,0,2,3,4,-9.894632186140495,207.39052472792216,249179146.76536256,48.71080139372822,False,0.0,0,,,,0.0,0,,,,False,False,False,False,0,,none,0,0,False,-2,0.5,risk_on,6,False
DOW,28.334999084472656,-30.844781384841667,43.98786197356526,26.579366379769787,8.788303601075942,0.5062373728803973,False,0.9594975750987904,9.052410859131511,-19.657914055378967,-6.051069509636253,True,True,False,False,29,48.333333333333336,True,0.4706718845151046,1.5560984962258424,True,-1.6028029767588858,True,-1.9550191747938483,True,1,0,0.3740763593671716,False,0.3527789524533975,False,6,3,True,False,False,55.0,19.45808799755991,9.052410859131511,0.2712449877558504,21.0,False,1,2,4,4,-14.180179156909512,33.01684716433891,256323361.67844754,65.29616724738676,False,0.0,0,,,,0.0,0,,,,False,False,False,False,0,,none,0,0,False,-2,0.5,risk_on,6,False
DOX,59.32490158081055,-28.74595510550837,20.28941082451525,-26.826910318699348,-44.61797309739319,0.3984296365553133,False,0.8781064926614343,7.703341384560253,-7.035209733583702,-5.698773287708159,False,True,False,True,28,46.666666666666664,True,0.38981801581546366,0.8770090068123331,False,0.8516956098739641,True,-6.086903117918774,False,1,0,0.29477317471046327,False,0.8217221636089931,False,3,2,True,False,False,45.0,22.751976782184634,9.270980403579886,0.6542594812167142,5.0,False,1,3,3,4,-7.866280256017788,64.38999938964844,61907476.32920189,14.146341463414632,False,0.0,0,,,,0.0,0,,,,False,False,False,False,0,,none,0,0,False,-2,0.5,risk_on,6,False
DPZ,295.7804870605469,-31.353031877332437,5.15128902922366,-29.514139410683292,-47.30520218937714,0.4058813370024525,False,0.8209998008334974,9.980380999645588,-18.361623489422573,-14.968658947568446,False,True,False,False,25,41.66666666666667,True,0.5816166696657924,1.851908290873227,True,-3.8817103460841986,True,-8.079902982591092,False,0,0,0.1754496087459269,False,0.34623997468955153,False,8,1,False,False,False,25.0,16.59811154684521,16.49668078021234,0.04128641713566197,18.0,False,1,1,2,2,-15.912834989857917,351.7546191798375,278190776.2683487,11.986062717770036,False,0.0,0,,,,0.0,0,,,,False,False,False,False,0,,none,0,0,False,-4,0.25,risk_on,6,False
DRI,210.0500030517578,-7.743319655288605,27.044160689232434,17.31318935950126,-0.4778734191925871,0.7552267409904323,False,0.8786634562349612,5.232090137345081,8.88351627525692,-2.587766871353192,True,True,False,True,25,41.66666666666667,True,0.5462295560976111,1.3312549789935098,True,-0.13640138040316843,True,-3.898066517343657,True,2,0,0.3410226529350228,False,0.5418864512949669,False,5,3,True,False,False,45.0,16.87848176639083,6.6603214900772105,0.49174852822325205,26.0,False,2,2,3,5,-8.578513199125148,229.75999450683594,219407416.22073212,56.16724738675958,False,0.0,0,,,,0.0,0,,,,False,False,False,False,0,,none,0,0,False,-1,0.625,risk_on,6,False
DSGX,79.04000091552734,-23.522010563629557,25.819804679240544,-22.39567785991622,-40.18674063861006,0.39163456722951456,False,1.055559056763557,5.098682607055974,7.816128151353197,-3.4213044326187547,False,True,False,True,26,43.333333333333336,True,0.49212384760227,1.8932616572829561,True,0.8490437084753791,True,-1.2246885386791306,True,2,0,0.4863387245335213,False,0.9117110919016211,False,5,1,False,True,True,45.0,20.544468292135374,13.537445374877496,0.7873969436597632,14.0,False,2,2,3,5,-4.367816749793063,82.6500015258789,63204203.45386124,17.073170731707318,False,0.0,0,,,,0.0,0,,,,False,False,False,False,0,,none,0,0,False,-1,0.625,risk_on,6,False
DT,56.015201568603516,0.0,73.10012519185476,15.805670468351307,-1.9853923103425384,0.5335270952405976,False,0.9476841254912991,8.033533530159154,46.1774582847122,4.369672963795979,False,True,False,False,30,50.0,True,0.49628746384917327,1.6353424643945644,True,3.931831445482545,True,5.015375718715354,False,0,1,0.5579906951818685,False,1.6211455699056065,True,3,2,True,False,False,25.0,18.24217842078464,13.692708325884775,0.8836400255336283,1.0,True,6,4,3,5,-2.1226594152534917,57.22999954223633,338251143.7410919,54.91289198606272,False,0.0,0,,,,0.0,0,,,,False,False,False,False,0,,none,0,0,False,-1,0.625,risk_on,6,False
DTE,126.31999969482422,-18.20241812739879,0.5364855665575208,-4.557404314229685,-22.34846709292353,0.42559613785488004,False,0.8858615029150625,4.66276680911384,-10.517074323347131,-7.021934986507327,False,True,False,True,18,30.0,False,0.46021212339012785,0.7672905650797925,True,-5.859537187676418,True,-3.6681194302454756,True,2,0,0.28187066620535683,False,0.42999185736864065,False,6,3,True,False,False,25.0,11.965935745416424,9.428432600924744,0.012835538542002827,23.0,False,0,2,2,4,-11.812346515965,143.24000549316406,194658504.51560935,31.428571428571427,False,0.0,0,,,,0.0,0,,,,False,False,False,False,0,,none,0,0,False,-2,0.5,risk_on,6,False
DTM,125.86000061035156,-16.505243449749496,21.51121336776982,19.497154569570107,1.7060917908762612,0.2028439665639068,False,0.8223077445180154,3.607189355558031,-7.586784009583303,-2.8333190793883523,True,True,False,True,15,25.0,False,0.459854427894128,1.189627474847355,True,-2.9559310889653676,True,-1.0612361322513975,True,2,0,0.42968018696311566,False,0.7265219952511283,False,6,2,True,False,False,25.0,10.502584860872904,6.80915881349034,0.12573004695573958,23.0,False,0,2,4,4,-9.182094373158712,138.5850067138672,122248147.50605622,58.95470383275261,False,0.0,0,,,,0.0,0,,,,False,False,False,False,0,,none,0,0,False,-2,0.5,risk_on,6,False
DUK,117.18679809570312,-10.65587473134072,5.486165022006628,0.1812730989821043,-17.609789679711742,0.4337375448873076,False,0.7581579973872783,1.911476292696545,-6.361956732258999,-2.5473612509745336,False,True,False,True,20,33.33333333333333,False,0.4523004994927682,0.6659916626978931,True,-3.529959670664592,True,-1.540244159862425,True,2,0,0.36966388042881976,False,0.6289048163273675,False,6,3,True,False,False,25.0,6.867742027143303,3.9168268455774604,0.018169087797219118,23.0,False,1,2,3,5,-6.742961419283489,125.66000366210938,433466363.49167174,37.073170731707314,False,0.0,0,,,,0.0,0,,,,False,False,False,False,0,,none,0,0,False,-1,0.625,risk_on,6,False
DUOL,148.49000549316406,-57.240760736362375,64.9339192563785,-48.95496438339436,-66.74602716208821,0.6287361116041319,False,1.028585944038162,8.626841595196435,48.86216089540256,1.0273573340035647,False,True,False,False,27,45.0,True,0.46264864329528893,2.089265938386529,True,1.1048739676962918,True,-1.7533372417532722,True,1,0,0.51227037366014,False,0.9469965746628588,False,3,1,False,False,False,35.0,33.07384367590763,11.688330638802618,0.6587727561202671,11.0,False,3,2,4,5,-11.28569652203909,167.3800048828125,168357359.4437515,3.6933797909407664,False,0.0,0,,,,0.0,0,,,,False,False,False,False,0,,none,0,0,False,-1,0.625,risk_on,6,False
DVA,183.4199981689453,-23.879484952558506,76.58611082975153,40.91886371261708,23.127800933923236,0.29740118929766785,False,0.8427598923733599,7.894447645889606,20.504559541705024,1.5164963494773032,False,True,False,True,26,43.333333333333336,True,0.5033362434153383,1.5212335253692981,True,-2.9794078202147514,True,-3.116421364367161,True,2,1,0.4878447271889582,False,1.3422710996629195,True,3,3,True,False,False,25.0,12.439339005627396,10.320571837725746,0.4936345486470126,2.0,False,3,3,2,5,-6.298851510117343,195.75,131476330.65568924,75.26132404181185,False,0.0,0,,,,0.0,0,,,,False,False,False,False,0,,none,0,0,False,-1,0.625,risk_on,6,False
DVN,47.6349983215332,-7.270003825868332,53.90413502396767,43.843259683986055,26.05219690529221,0.46005081805601117,True,1.0416250201086878,9.404848745866676,-0.42378324791455535,1.2534373196605664,False,True,False,False,27,45.0,True,0.3916819460652118,1.034251291422555,False,1.1494487321401559,True,-3.592393303704644,True,1,1,0.5712105498986566,False,1.3243860345230007,True,4,2,True,False,False,55.0,22.82333523290405,9.404848745866676,0.6664599656024213,4.0,False,4,4,4,5,-7.612496018650283,51.560001373291016,567245747.2338905,77.00348432055749,False,0.0,0,,,,0.0,0,,,,False,False,False,False,0,,none,0,0,False,-1,0.625,risk_on,6,False
DX,12.114999771118164,-9.990990949500079,17.64315081255141,15.212506274858528,-2.5785565038353173,0.5289272820340918,False,0.9655148614980009,3.673130030799391,4.089040287180423,-6.158017704805074,False,True,False,True,24,40.0,True,0.42584017079835546,0.6249546655188928,False,-3.000577774862369,True,-2.377115873659441,True,2,0,0.21301645399087005,False,0.2935870810400139,False,3,2,True,False,False,25.0,9.17045686024224,8.295502545834225,0.08243466643592876,22.0,False,2,2,2,5,-8.414493307903093,13.228075280347378,68242527.12938781,54.35540069686411,False,0.0,0,,,,0.0,0,,,,False,False,False,False,0,,none,0,0,False,-1,0.625,risk_on,6,False
DXCM,89.17500305175781,-3.427543222496421,62.60941430276357,32.20905424233944,14.417991463645595,0.3888809017444668,True,0.888009655340714,7.46845618704306,35.236578328910426,-1.8112713593855578,False,True,False,True,27,45.0,True,0.4671872357799245,1.237191352674483,True,2.084716934535999,True,5.3082224024357805,False,1,1,0.5733647561165083,False,1.4871482117609103,True,3,3,True,False,False,45.0,24.62468552127249,8.556206327225425,0.8502195626415244,19.0,False,7,4,4,6,-3.6882961671911185,92.58999633789062,345038507.538414,68.85017421602787,False,0.0,0,,,,0.0,0,,,,False,True,False,False,1,,power_play,6,6,True,0,0.75,risk_on,6,True
DY,293.1600036621094,-45.22421581173164,8.746946459069838,8.746946459069838,-9.044116319624008,0.28447466007416566,False,0.6703523826381963,6.191156252475597,-16.177728641883093,-0.40089443856168305,False,True,False,True,22,36.666666666666664,False,0.5343702303649402,2.5989277455244,True,-6.092173562958293,True,2.2068881867931545,True,2,0,0.42725161968467323,False,0.37970851476352147,False,6,0,False,False,False,25.0,35.38167930088025,9.759181167877179,0.07991421979362189,24.0,False,0,1,3,4,-32.55418000456226,434.6600036621094,257526337.26708984,46.7595818815331,False,0.0,0,,,,0.0,0,,,,False,False,False,False,0,,none,0,0,False,-2,0.5,risk_on,6,False
DYN,17.15999984741211,-35.92233230983688,38.72271629884931,30.693067005679843,12.902004226985998,0.4412622658896194,False,1.1396857007777426,10.780888099767228,-3.9731447032866907,-31.55165514040734,False,True,False,False,23,38.333333333333336,False,0.40452308097669676,2.4577364901483825,False,-4.680766562962597,True,-7.343415641123507,False,0,0,0.38229483698153766,False,0.903360032919765,False,5,2,True,False,False,25.0,37.75055632770684,24.125870783575728,0.038348022293285704,22.0,False,1,2,2,2,-36.302897152068006,26.940000534057617,66195064.7999403,67.73519163763066,False,0.0,0,,,,0.0,0,,,,False,False,False,False,0,,none,0,0,False,-4,0.25,risk_on,6,False
EAT,201.55999755859375,-20.626921469333524,97.0476055866351,47.82544080384663,30.034378025152787,0.32195580391160783,False,0.9462211349621897,11.797975326122932,37.152958866580185,-12.437553577115112,False,True,False,False,25,41.66666666666667,True,0.4960807113764386,2.1703582043460004,True,-1.6907528430115486,True,-5.883454374326247,False,0,0,0.35272384185058814,False,0.3401172250925853,False,6,0,False,False,False,25.0,24.50684503194747,18.783489317787676,0.1449831454981204,18.0,False,3,1,2,2,-20.95376555298074,254.99000549316406,292365991.6973602,79.30313588850174,False,0.0,0,,,,0.0,0,,,,False,False,False,False,0,,none,0,0,False,-4,0.25,risk_on,6,False
EBAY,109.25,-7.6278061951021385,38.84057833305587,21.43812718389897,3.647064405205125,0.4097025080570936,True,1.060358520325988,6.929061505559926,22.299347465948504,3.436846391802839,False,True,False,True,27,45.0,True,0.4639808667034845,1.4114420698536996,True,0.33121525790248196,True,0.23855596047945848,True,2,2,0.6262479364821345,True,3.1747857684416534,True,4,1,False,False,False,35.0,13.038478948484542,12.613271193864417,0.6278849288843675,30.0,False,4,4,5,7,-4.851814521155006,114.82089695161908,545995707.1157471,60.76655052264809,False,0.0,0,,,,0.0,0,,,,False,True,False,False,1,,power_play,7,7,True,1,0.875,risk_on,6,False
ECG,117.15499877929688,-30.743085692224568,47.773714156376414,42.47232639741638,24.681263618722536,0.32650757267410724,False,0.7342496230126665,7.938204215492058,-0.09806247724176709,1.2313102748025662,False,True,False,True,20,33.33333333333333,False,0.3910259119734847,1.6788118392942895,False,-1.7565010404082548,True,5.31733282013469,False,1,0,0.4513537292176803,False,0.683437272321401,False,6,1,False,False,False,25.0,25.563398808123374,11.53173341043805,0.22735795672915737,24.0,False,2,1,3,5,-19.751356688055864,145.99000549316406,51878171.41178131,76.30662020905923,False,0.0,0,,,,0.0,0,,,,False,False,False,False,0,,none,0,0,False,-1,0.625,risk_on,6,False
ECHO,95.76000213623047,-32.468265109079354,43.07485686478509,32.13743690247639,14.346374123782542,1.015759334145801,False,0.8224240216577507,4.573931866863244,-12.539954329547342,10.271771274186259,False,True,False,True,22,36.666666666666664,False,0.34596587459090306,0.9953422185710011,False,2.0615072200362166,True,1.9916953442734808,True,2,0,0.5146687356592554,False,0.9502691338939456,False,3,1,False,False,False,45.0,14.110169316470436,7.048872023203684,0.9800740417505385,43.0,True,2,3,5,4,-0.2811586446928249,96.02999877929688,265417638.00743598,68.71080139372823,False,0.0,0,,,,0.0,0,,,,False,False,False,False,0,,none,0,0,False,-1,0.625,risk_on,6,False
ECL,270.3599853515625,-11.611636009976667,10.616140657202378,2.949218307416368,-14.841844471277478,0.24496805460552168,False,0.8772643544129597,3.817541987069649,4.092603774409609,-5.465308652092848,False,True,False,True,24,40.0,True,0.4052817647696622,0.6917877162784262,False,-1.338248666533967,True,-1.60857539633531,True,2,0,0.4412995188439092,False,0.6382369850546946,False,4,2,True,False,False,45.0,11.45497010448274,4.42308737720275,0.2831284198557981,17.0,False,2,2,3,5,-8.211742519305131,294.54746475432904,353990198.89940184,39.65156794425087,False,0.0,0,,,,0.0,0,,,,False,False,False,False,0,,none,0,0,False,-1,0.625,risk_on,6,False
ECO,83.27999877929688,-3.499425452684757,244.60592144055613,231.89503827122434,214.10397549253048,1.2501234737799796,True,1.1575280487483586,9.341977537625706,96.4863787030956,24.55877657650378,True,True,False,False,34,56.666666666666664,True,0.47706647481312753,1.7641517895769627,True,6.799444262765986,False,4.465626573108006,True,1,2,0.6222622403545046,True,2.942448823977946,True,3,1,False,False,False,25.0,30.134003314954978,21.337652381767285,0.8468263339697446,2.0,False,10,2,5,5,-4.6157357599195254,87.30999755859375,50816126.74732475,97.70034843205575,True,0.0,0,,,,0.0,0,,,,False,False,False,False,0,,none,0,0,False,-1,0.625,risk_on,6,False
ED,104.33000183105469,-8.13549903417854,12.153088778943522,11.896943875198062,-5.894118903495784,0.2598881598568446,False,0.8293552418922652,2.913831939205873,-2.789161316592992,-2.9398047218493373,False,True,False,True,21,35.0,False,0.5404933788965981,0.7666554064107138,True,-2.4500798380827944,True,-1.3707666524628292,True,2,0,0.2953173049209712,False,0.6445277588520821,False,6,2,True,False,False,45.0,8.357309577956745,4.562448052036375,0.018951574690936196,38.0,False,1,2,3,5,-8.198925401274826,113.64790911990424,205589141.4090492,50.73170731707317,False,0.0,0,,,,0.0,0,,,,False,False,False,False,0,,none,0,0,False,-1,0.625,risk_on,6,False
EFX,158.67999267578125,-37.69169719294088,4.744649429694858,-37.69169719294088,-55.48275997163472,0.4629133175096414,False,0.9313130029828416,9.199334721381884,-11.112262176145427,-18.11755731513984,False,True,False,False,28,46.666666666666664,True,0.40347615156686,1.331032373941805,False,-2.8944841909321166,True,-7.899472482855452,False,0,0,0.30102201655924443,False,0.6260024935424061,False,5,2,True,False,False,25.0,20.18310036187773,14.095975364381976,0.02956492830055115,15.0,False,1,2,3,2,-19.586388446795986,197.32976744962374,223180312.39230117,8.432055749128919,False,0.0,0,,,,0.0,0,,,,False,False,False,False,0,,none,0,0,False,-3,0.375,risk_on,6,False
EG,371.9534912109375,-6.201178240642758,24.155465956894794,12.875674681485872,-4.915388097207973,0.4462388144912067,False,0.9611469087691833,3.124045180852387,16.00790342659173,-0.9623933804678964,False,True,False,True,24,40.0,True,0.38627849119829416,0.6665654531493281,False,-0.18594251085872174,True,-1.9988715716873995,True,2,0,0.5068844094238714,False,0.6861197775351974,False,5,3,True,False,False,65.0,16.795072100050234,5.737275450330041,0.5977717522891655,38.0,False,2,2,3,5,-6.755452420980335,398.901062709031,150182341.24595946,51.84668989547039,False,0.0,0,,,,0.0,0,,,,False,False,False,False,0,,none,0,0,False,-1,0.625,risk_on,6,False
EGO,42.650001525878906,-13.723088918500714,72.0347093232279,53.666259151061844,35.875196372367995,0.4168566053010996,False,1.0015146077832557,9.14419125827047,29.94720725667186,-6.065390186674636,False,True,False,False,32,53.333333333333336,True,0.43617797968027733,1.8654902153880621,False,2.2828867012942897,True,3.6200235276737436,True,1,0,0.4479650093810513,False,0.7150098613735039,False,4,1,False,False,False,35.0,38.49493408513073,14.13833191925686,0.6966412322521174,18.0,False,2,2,4,3,-11.67777576860123,48.2890935968036,137511057.89549255,81.46341463414633,True,0.0,0,,,,0.0,0,,,,False,False,False,False,0,,none,0,0,False,-2,0.5,risk_on,6,False
EGP,202.58999633789062,-9.307014097268251,26.945112834146776,26.218716943722665,8.42765416502882,0.6429324226524336,False,0.8277903424357335,4.585613038186968,11.90331683586816,1.294998168945316,False,True,False,True,25,41.66666666666667,True,0.36004848275413687,0.5318356036067794,False,-0.7860573676587865,True,2.5408659348956197,True,2,0,0.5740739778796522,False,0.8482635805638827,False,5,3,True,False,False,35.0,8.199256779099345,4.585613038186968,0.39359217995598694,34.0,False,3,2,2,6,-4.9720934293947305,213.19000244140625,87287226.21232605,65.08710801393728,False,0.0,0,,,,0.0,0,,,,False,True,False,False,1,,power_play,6,6,True,0,0.75,risk_on,6,False
EHC,122.11000061035156,-3.443491627501094,30.641294143017795,-0.8668912168926401,-18.657953995586485,0.4063563066384706,False,0.8507479178464386,4.160184919877925,25.698051253214558,1.0426165925854658,False,True,False,True,23,38.333333333333336,False,0.28312491556888864,0.5591430195805087,False,1.4698490356579488,True,-0.3427717074427017,True,2,0,0.4510809720898525,False,1.0428626153356666,False,4,2,True,False,False,55.0,17.74117862477022,4.733436041606972,0.7617153521140537,28.0,False,3,3,3,6,-4.227450501685048,127.5,97479439.32707366,35.74912891986063,False,0.0,0,,,,0.0,0,,,,False,True,False,False,1,,power_play,6,6,True,0,0.75,risk_on,6,False
EIX,55.18000030517578,-31.351079633397994,10.017781450841357,4.638674778437468,-13.152388000256376,0.22262526864561516,False,0.8934276880244613,4.476261701780823,-20.037853078799262,-21.362403099510917,False,True,False,True,22,36.666666666666664,False,0.5407092792750534,2.530019638617979,True,-5.588899116487823,True,-1.692500881634762,True,2,0,0.32076696853675685,False,0.9881694206070938,False,6,3,True,True,False,25.0,30.830040916271166,9.931133584503286,0.11452992010329026,21.0,False,0,2,3,3,-27.299078793349462,75.9000015258789,418264518.5521879,41.393728222996515,False,0.0,0,,,,0.0,0,,,,False,False,False,False,0,,none,0,0,False,-3,0.375,risk_on,6,False
EL,94.9800033569336,-19.763150452306412,42.30420855950072,9.716542529372617,-8.074520249321228,0.2733299874829347,False,0.9635218796904266,5.580125146806398,20.659758550976328,-7.822202530065359,False,True,False,True,22,36.666666666666664,False,0.4891771720855149,1.6492993646218184,True,1.29375809300082,True,-3.298714949604986,True,2,0,0.3710032130432242,False,0.7397530298085904,False,5,1,False,False,False,25.0,22.633327433656284,12.360494260724307,0.46688267036808817,16.0,False,0,1,3,4,-12.066219082115525,108.01310072818218,310204567.65174866,47.66550522648084,False,0.0,0,,,,0.0,0,,,,False,False,False,False,0,,none,0,0,False,-2,0.5,risk_on,6,False
ELAN,22.469999313354492,-16.28167218475983,21.197401314774233,17.031241773317586,-0.75982100537626,0.3566427986024242,False,0.7966875669140017,6.5197965732405345,-8.060561283367774,-6.802161988718247,False,True,False,True,21,35.0,False,0.44704263887986684,1.297027018533755,True,-2.550216582392969,True,-2.937366377455486,True,2,0,0.298653747678589,False,0.317543634470806,False,6,1,False,False,False,25.0,12.77055864372724,9.857580386853096,0.09399029220943342,18.0,False,0,1,3,4,-11.570250105125613,25.40999984741211,117345720.26831035,55.958188153310104,False,0.0,0,,,,0.0,0,,,,False,False,False,False,0,,none,0,0,False,-2,0.5,risk_on,6,False
ELF,97.83000183105469,-32.563592133546116,97.35727745277647,-30.101459604058643,-47.89252238275249,0.5267441972501373,False,0.9945064403036915,8.586324612755398,36.026146164860705,-6.023051618607955,False,True,False,False,30,50.0,True,0.5069812163896044,2.2642606196969086,True,1.2395378224774698,True,1.1058285150900904,True,1,0,0.37891802763034155,False,0.9212538565186184,False,3,1,False,False,False,45.0,33.44692838873138,19.05345910331103,0.668251623876346,9.0,False,2,1,2,3,-11.095964179285778,110.04000091552734,155941999.51128006,11.707317073170733,False,0.0,0,,,,0.0,0,,,,False,False,False,False,0,,none,0,0,False,-3,0.375,risk_on,6,False
ELS,60.294498443603516,-10.872879403353163,4.245174506568317,3.040219011235523,-14.750843767458322,0.3498553628161769,False,0.846752689306813,2.6536455731776627,-2.8353717967577796,-5.405558745109462,False,True,False,True,20,33.33333333333333,False,0.4098496102998415,0.6588169249482081,False,-3.755977067293958,True,-2.0875338571407664,True,2,0,0.31891211722453433,False,0.18668216104545018,False,7,4,True,False,False,25.0,9.812796489925548,4.660454321918081,0.08530724470123567,21.0,False,1,2,3,5,-8.975693858556044,66.23999786376953,92164447.68298912,39.79094076655052,False,0.0,0,,,,0.0,0,,,,False,False,False,False,0,,none,0,0,False,-1,0.625,risk_on,6,False
ELV,407.7200012207031,-4.052440423315851,47.35891169320085,32.55160294629913,14.760540167605281,0.34725588596444396,True,0.9542580640801723,4.257820391343852,42.15214129914349,3.819337676750001,True,True,False,True,29,48.333333333333336,True,0.38622080802780995,0.8808359617527021,False,1.0951148052256732,True,-3.8940197515432873,True,2,0,0.3837048356986411,False,0.7629291571253648,False,6,2,True,True,True,45.0,15.395044425125473,9.18919501212234,0.7042408609371278,5.0,False,7,3,6,6,-4.553225085009782,427.1700134277344,450457217.12785184,69.12891986062718,False,0.0,0,,,,0.0,0,,,,True,True,False,False,2,power_play,sepa_vcp,6,6,True,0,0.75,risk_on,6,False
ELVN,48.494998931884766,-20.695015990536803,220.31042161285473,155.77532317287864,137.9842603941848,0.2672196837623394,False,0.9087370309250556,13.424061171084947,57.4001940035459,-16.185623193359135,False,True,False,False,22,36.666666666666664,False,0.461587153373524,1.969517240309538,True,-3.479594390005434,True,-10.903915745020953,False,0,0,0.234471981399549,False,0.3627211968190373,False,7,2,True,False,False,25.0,22.596771486343876,24.682952200532494,0.036045489929987636,18.0,False,4,2,2,2,-21.782259787282634,62.0,70979661.3483921,95.54006968641114,True,0.0,0,,,,0.0,0,,,,False,False,False,False,0,,none,0,0,False,-4,0.25,risk_on,6,False
EMBJ,77.06999969482422,-3.180311414977355,43.696390185670374,33.49888342561691,15.707820646923064,0.5286477725699767,False,0.9538681378357649,5.5923254250093475,31.747996450713025,6.244828676762837,False,True,False,True,26,43.333333333333336,True,0.4349066137938186,1.246717427535546,False,2.556201739123137,True,2.7599995930989607,True,2,0,0.5013870026792924,False,0.9369499892680833,False,4,0,False,False,False,45.0,19.157470373682493,6.1632282584775915,0.8239527057390228,29.0,False,6,2,4,6,-3.372620824171635,79.76000213623047,83505581.52951431,69.68641114982579,False,0.0,0,,,,0.0,0,,,,False,True,False,False,1,,power_play,6,6,True,0,0.75,risk_on,6,False
EME,759.7150268554688,-19.458812325304798,30.84010343868129,20.44273199494433,2.651669216250486,0.377286025852439,False,0.8163238391775925,5.016352711792905,2.125270960130088,2.640615587850026,False,True,False,True,20,33.33333333333333,False,0.5073004281045714,1.7533692423633913,True,-0.48877969244797853,True,1.3358696125606917,True,2,0,0.5227154140732247,False,1.116435439251301,False,4,0,False,False,False,25.0,16.506133827356535,7.73052768376043,0.2636428004597198,24.0,False,1,1,3,5,-12.154410480349343,864.8300170898438,274707807.65441895,59.7212543554007,False,0.0,0,,,,0.0,0,,,,False,False,False,False,0,,none,0,0,False,-1,0.625,risk_on,6,False
EMN,65.42870330810547,-16.64861146316544,21.87488919571241,5.515092047184766,-12.27597073150908,0.26780863914409997,False,0.9575952342841345,3.6834042862818253,-1.473745621053324,-9.270962811855343,False,True,False,True,24,40.0,True,0.493888120135288,1.2238058503896274,True,-2.3778752155677765,True,-1.1053511389430781,True,2,0,0.42743853595256753,False,0.4941051269621709,False,7,2,True,False,False,25.0,13.877349173709291,9.435780766211709,0.0971749662007378,22.0,False,1,2,3,4,-12.528818236798255,74.80029649677223,69025997.01156998,42.36933797909408,False,0.0,0,,,,0.0,0,,,,False,False,False,False,0,,none,0,0,False,-2,0.5,risk_on,6,False
EMR,151.77000427246094,-7.358138176323193,24.060551244051286,16.483089608160096,-1.3079731705337494,0.2537473496535838,False,0.9020718480196176,4.9548685911353445,17.769504747355704,-2.1974407554231745,False,True,False,True,27,45.0,True,0.4711870983792488,1.0576102468920747,True,0.19703100206688118,True,2.3398524270374255,True,2,0,0.5111058799035639,False,0.5368302000781833,False,8,2,True,False,False,45.0,18.695517911852725,6.292417989666411,0.5477394018166046,27.0,False,3,2,3,6,-8.455246114162895,165.78776809180027,326732957.268425,55.60975609756098,False,0.0,0,,,,0.0,0,,,,False,True,False,False,1,,power_play,6,6,True,0,0.75,risk_on,6,False
ENB,48.66999816894531,-14.990471319544675,11.954563036188247,2.3798069921008524,-15.411255786592992,0.4725705690614771,False,0.9265001842468761,1.7670035806582378,-7.740205030958269,-3.0478138859385773,False,True,False,True,20,33.33333333333333,False,0.34920034020114404,0.5648419868404705,False,-3.5700596050297575,True,1.0589666178344226,True,2,0,0.43225659589952786,False,0.7307595527330065,False,3,2,True,False,False,25.0,8.225776286486632,6.45161189188613,0.2412174868562699,21.0,False,0,2,3,4,-6.24157520321843,51.90999984741211,284827141.41710013,38.954703832752614,False,0.0,0,,,,0.0,0,,,,False,False,False,False,0,,none,0,0,False,-2,0.5,risk_on,6,False
ENPH,34.3650016784668,-52.48859282661835,31.565852122213723,-10.554390119040002,-28.34545289773385,0.8295893453267327,False,0.9004027416273802,10.708570130760911,-15.689393784120886,-7.744961937001893,False,True,False,False,16,26.666666666666668,False,0.38278997860283015,2.1138290703920855,False,-2.16108760206023,True,-6.260224163932504,False,0,0,0.4244771334290335,False,0.6906735109360318,False,5,3,True,False,False,25.0,16.807136226205305,17.40142368735402,0.11873162981000779,24.0,False,0,2,2,3,-14.81159754962913,40.34000015258789,157072058.0620655,26.132404181184672,False,0.0,0,,,,0.0,0,,,,False,False,False,False,0,,none,0,0,False,-3,0.375,risk_on,6,False
ENS,179.1699981689453,-26.16431684723538,64.88177099320677,63.9073629985087,46.11630021981486,0.43972173179793933,False,0.6556862202257852,6.991528074283797,4.9116937093913515,-3.2329376147874678,False,True,False,True,16,26.666666666666668,False,0.45459350941683024,1.2190575913471644,True,-1.7875888895368228,True,5.972368866009092,False,1,0,0.45558662107462944,False,0.3469316733624001,False,5,3,True,False,False,25.0,18.319133684348355,8.508663466020462,0.2839379218233729,24.0,False,1,2,3,4,-13.117636936409937,206.22136858525477,100643877.1286728,84.94773519163763,True,0.0,0,,,,0.0,0,,,,False,False,False,False,0,,none,0,0,False,-2,0.5,risk_on,6,False
ENSG,174.19500732421875,-19.23127373403505,18.44396603153029,6.185011228630999,-11.606051550062848,0.28063522563508436,False,0.7995107753685278,4.012738563376245,-13.884722442236752,0.702400061677344,False,True,False,True,22,36.666666666666664,False,0.3859892534469256,0.8560235640348551,False,-0.5070214007518049,True,-0.4201597109334654,True,2,0,0.45954494554044195,False,0.6912603310852238,False,6,2,True,False,False,65.0,18.82907259697053,6.710871121379701,0.6629270919685379,39.0,False,0,3,4,4,-6.3467702557963745,186.0,60020683.11680603,43.34494773519164,False,0.0,0,,,,0.0,0,,,,False,False,False,False,0,,none,0,0,False,-2,0.5,risk_on,6,False
ENTG,142.5399932861328,-22.466991102068334,107.67154130993677,53.27260731747616,35.481544538782316,0.503506379158538,True,0.7666823665734737,12.543846005047795,24.127795208759295,5.647787741329369,True,True,False,False,25,41.66666666666667,True,0.4061616224789097,1.6125455734328769,False,0.6538843031003047,True,10.908799056643081,False,0,0,0.5949225918187406,False,0.6452625289823045,False,5,1,False,False,False,45.0,35.67388349868432,12.543846005047795,0.6009444030812,24.0,False,4,2,6,4,-14.2358628739792,166.1999969482422,275151676.7465332,81.18466898954703,True,0.0,0,,,,0.0,0,,,,True,False,False,False,1,,sepa_vcp,6,6,True,0,0.75,risk_on,6,False
ENVA,171.79750061035156,-35.28065823694055,65.17401892303994,36.32558735653944,18.53452457784559,0.5631589317850434,False,1.0760690081583202,7.072276286510936,25.089198479142883,-26.17845492041524,False,True,False,True,23,38.333333333333336,False,0.5358005151977048,1.6851187128506178,True,-6.390321977636099,True,-24.224814888249156,False,1,0,0.44233937333554874,False,0.4773866270930831,False,9,3,True,False,False,25.0,36.89968120056188,35.294456724583114,0.04021694825458603,23.0,False,1,2,2,2,-35.41568863110817,266.0050048828125,75266226.36501846,71.91637630662021,False,0.0,0,,,,0.0,0,,,,False,False,False,False,0,,none,0,0,False,-4,0.25,risk_on,6,False
EOG,142.3000030517578,-7.4411357048604465,43.29565597388101,26.936815274330606,9.14575249563676,0.37098838263309153,False,1.0119076443570008,9.613497990997637,3.4286443098165975,-0.7324750659582047,False,True,False,False,25,41.66666666666667,True,0.3988881779320527,0.9497700385854688,False,-0.5161676352910279,True,-4.200882264990346,True,1,0,0.4831294732593858,False,0.521636501673021,False,5,1,False,False,False,65.0,18.031780602290322,9.613497990997637,0.5733474114781498,4.0,False,2,1,2,5,-7.693305869625256,154.16000366210938,479055947.85553896,65.57491289198606,False,0.0,0,,,,0.0,0,,,,False,False,False,False,0,,none,0,0,False,-1,0.625,risk_on,6,False
EPAM,113.62000274658203,-48.68111748923304,49.421358993409555,-27.2599199958815,-45.050982774575346,0.22669394775079324,False,0.9016124927352993,11.696884874373179,-16.283523633471564,-1.0278748029682316,False,True,False,False,32,53.333333333333336,True,0.39690526746018584,1.4847935006772057,False,1.838074187726882,True,-8.081868630727062,False,0,1,0.44316131036205775,False,1.6282313081472717,True,4,1,False,False,False,35.0,31.225296442687743,13.430735581186672,0.6739241201666337,5.0,False,1,3,3,3,-10.181816010607092,126.5,127924456.26339722,13.658536585365855,False,0.0,0,,,,0.0,0,,,,False,False,False,False,0,,none,0,0,False,-3,0.375,risk_on,6,False
EPD,38.84000015258789,-1.3211393539127925,36.98262073040639,30.498741784848704,12.707679006154859,0.43403203910961313,True,0.8719461573698015,2.935116851621536,4.922704355689289,-0.4613026731524972,True,True,False,True,27,45.0,True,0.44045059286443106,0.6550626208506191,True,0.9247588240528988,True,0.36175552167561076,True,2,1,0.4028360516312562,False,1.3343720757519495,True,5,3,True,False,False,65.0,10.45574022404259,4.454169761688477,0.7951753234671918,7.0,True,5,5,6,5,-2.141593609300596,39.689998626708984,91582382.35195199,67.59581881533101,False,0.0,0,,,,0.0,0,,,,True,False,False,False,1,,sepa_vcp,6,6,True,0,0.75,risk_on,6,False
EPR,57.43000030517578,-9.808025894892157,24.583268889844945,8.1350238149553,-9.656038963738546,0.2491983085190732,False,0.9959188520442335,5.171515244507945,19.518981298189388,-3.055370226211418,False,True,False,True,23,38.333333333333336,False,0.389614587572666,0.6992053984386833,False,-2.4179839617400463,True,-2.3465414655507444,True,2,0,0.48405850771075387,False,0.2727039803481912,False,7,2,True,False,False,25.0,8.165317732378316,7.60926155086739,0.2400198063846913,21.0,False,1,2,2,5,-6.205479751183384,61.22959012192438,52433120.330603026,46.062717770034844,False,0.0,0,,,,0.0,0,,,,False,False,False,False,0,,none,0,0,False,-1,0.625,risk_on,6,False
EPRT,26.905000686645508,-20.59321491004429,0.5794418192355488,-7.009309043895251,-24.800371822589096,0.291978123761764,False,1.0695780594835025,8.589484352333399,-12.246613561629506,-11.409285666240876,False,True,False,False,18,30.0,False,0.5293286627207964,0.9971131922621767,True,-6.076068135545859,True,-6.482446094695449,False,0,0,0.3194179366913894,False,0.3690658124962744,False,7,2,True,False,False,25.0,15.703821069314325,13.049617505894137,0.08842037022137778,23.0,False,0,2,2,3,-14.315283396475277,31.399999618530273,55606980.81678047,28.98954703832753,False,0.0,0,,,,0.0,0,,,,False,False,False,False,0,,none,0,0,False,-3,0.375,risk_on,6,False
EQH,54.34550094604492,0.0,55.88428035158566,2.9036379226568654,-14.88742485603698,0.43824601651315714,False,0.9643203353896309,4.048174595213776,44.667816926859636,8.257968366737401,False,True,False,True,30,50.0,True,0.31339189015769026,0.776745222758673,False,2.9859670693560068,True,1.2586226945140222,True,2,1,0.4713941729670973,False,1.118489410945962,False,1,1,False,False,False,55.0,18.117773646096545,6.642685314347601,0.9283755260278925,2.0,True,6,3,4,5,-1.2976760069473792,55.060001373291016,160204490.33885708,39.51219512195122,False,0.0,0,,,,0.0,0,,,,False,False,False,False,0,,none,0,0,False,-1,0.625,risk_on,6,False
EQIX,1055.0849609375,-5.001490936720421,47.52663802758135,36.19751979103447,18.406457012340628,0.4300832971308766,True,0.844422167955188,6.6705591041153935,10.177215241507609,1.0221011296771998,False,True,False,True,25,41.66666666666667,True,0.4663162943525717,1.3510762345294192,True,0.546345321059021,True,5.643723154418612,False,1,1,0.48400582377631524,False,1.423813449228807,True,4,1,False,False,False,25.0,10.521825032267154,6.6705591041153935,0.5793541383017344,24.0,False,5,2,4,6,-4.425962157336394,1103.9451557696113,532129461.5416504,71.77700348432056,False,0.0,0,,,,0.0,0,,,,False,True,False,False,1,,power_play,6,6,True,0,0.75,risk_on,6,False
EQNR,42.79999923706055,-6.4480890993212086,97.41365059772995,86.01073563246023,68.21967285376638,0.652165273896768,True,1.0067573945812034,7.635517791240332,10.891220530925171,3.4066196380876157,False,True,False,True,27,45.0,True,0.5093551942017801,1.103234484614415,True,1.5514488021518589,True,-3.906604496409438,True,2,0,0.5247463283964914,False,1.0685641545133235,False,6,1,False,False,False,35.0,17.749216145360737,7.635517791240332,0.6263629574657603,4.0,False,5,2,4,5,-6.631764627853565,45.84000015258789,132164985.84013024,89.40766550522649,True,0.0,0,,,,0.0,0,,,,False,False,False,False,0,,none,0,0,False,-1,0.625,risk_on,6,False
EQT,49.974998474121094,-25.992911487367444,2.793475023358871,2.793475023358871,-14.997587755334974,0.5749511912710553,False,0.9838300590017092,9.824912450882193,-22.9296150294665,-8.42037978083211,False,True,False,False,20,33.33333333333333,False,0.4211730414493013,1.2228548167951296,False,-2.044743611665393,True,-6.079685521542466,False,0,0,0.41469739538641937,False,0.40126912489372973,False,6,2,True,False,False,55.0,15.445684118616596,14.147073358061885,0.25027761681847704,11.0,False,0,2,2,3,-11.57997510727824,56.52000045776367,372703242.644207,39.23344947735192,False,0.0,0,,,,0.0,0,,,,False,False,False,False,0,,none,0,0,False,-3,0.375,risk_on,6,False
EQX,12.114999771118164,-35.152275661091096,40.82812292661362,12.642900711875571,-5.148162066818275,1.6333946087248976,False,0.9983130158827795,8.980605184493278,-3.8444367978508254,-6.735950850018224,False,True,False,False,28,46.666666666666664,True,0.3362410715748319,1.2405567481840347,False,1.5934179071386962,True,2.2362816971957855,True,1,0,0.4154123070973605,False,0.733150650960142,False,6,3,True,False,False,35.0,37.41290635563001,14.428396021316333,0.6269745275661149,18.0,False,1,3,4,3,-13.955967068433583,14.079999923706055,156580932.59800714,51.358885017421606,False,0.0,0,,,,0.0,0,,,,False,False,False,False,0,,none,0,0,False,-2,0.5,risk_on,6,False
ERAS,15.175000190734863,-32.46550665573018,757.3446527830722,724.7282562745712,706.9371934958774,0.24939509623249745,False,0.9020926425365078,14.036238115285679,5.970673981366592,-15.834722058692385,False,True,False,False,18,30.0,False,0.37464449679553724,2.832207895230111,False,-2.5134362836832564,True,-6.095294962734698,False,0,0,0.38213855423107324,False,0.7478772115150778,False,4,2,True,False,False,25.0,28.8725465675905,18.056011444343035,0.1129032310294891,16.0,False,3,2,3,2,-25.612742772060148,20.399999618530273,76139587.51862812,99.7212543554007,True,0.0,0,,,,0.0,0,,,,False,False,False,False,0,,none,0,0,False,-3,0.375,risk_on,6,False
ERIC,10.22920036315918,-25.55167006144189,30.987665945056243,30.987665945056243,13.196603166362397,0.3389975845918212,False,0.8297188712513034,4.887967604982765,-8.30668656899639,2.806035771317905,False,True,False,True,19,31.666666666666664,False,0.4364128308963354,0.7579182887181041,False,0.9031123500981483,True,1.783086258938793,True,2,0,0.47035019710797765,False,0.4311237501239046,False,6,1,False,False,False,45.0,11.11111009613202,5.181243050825398,0.8182765129716166,2.0,True,2,2,3,5,-2.019149671425391,10.4399995803833,83848853.00111413,67.94425087108013,False,0.0,0,,,,0.0,0,,,,False,False,False,False,0,,none,0,0,False,-1,0.625,risk_on,6,False
ERIE,235.35499572753906,-27.474285579940993,14.216250179108215,-24.418685560935614,-42.209748339629456,0.5500564425092727,False,0.7266837731889422,7.878146227768331,-3.1758473967149814,-9.617895067578742,False,True,False,True,25,41.66666666666667,True,0.4485497550435172,1.2590266426838324,True,-1.4272778308956047,True,-7.296757837949597,False,1,0,0.43419750915034233,False,0.31049617014155645,False,5,2,True,False,False,35.0,15.18399861323593,8.647196212451517,0.12384753945555517,19.0,False,1,2,3,4,-13.303497745890102,271.4700012207031,76076298.34596634,15.6794425087108,False,0.0,0,,,,0.0,0,,,,False,False,False,False,0,,none,0,0,False,-2,0.5,risk_on,6,False
ERO,34.66999816894531,-14.183176090384908,104.30170637462464,104.30170637462464,86.5106435959308,0.5096504438437146,True,1.1528237471844855,9.518313848705159,40.024223943680525,-10.713374880096893,False,True,False,False,25,41.66666666666667,True,0.4581709213825763,2.2473267560375394,True,1.1588206030884376,True,2.939423559379817,True,1,0,0.5511822143337828,False,0.6555368274698851,False,6,3,True,False,False,25.0,22.507964803509932,22.26709439984367,0.32970598197504136,17.0,False,5,2,4,3,-15.08695416570902,40.83000183105469,52758936.65122833,91.98606271777004,True,0.0,0,,,,0.0,0,,,,False,False,False,False,0,,none,0,0,False,-2,0.5,risk_on,6,False
ES,67.08000183105469,-11.02267890419265,9.147543916154511,4.704012003858393,-13.087050774835452,0.5290034289471673,False,0.9043692904642455,3.6374513637485486,0.3344973946131313,-5.307728262578704,False,True,False,True,23,38.333333333333336,False,0.48154522489015555,0.9377458430433611,True,-3.759013922769415,True,-1.8293574806138801,True,2,0,0.3590304032420848,False,0.9876677818400832,False,8,2,True,False,False,25.0,8.765924309845994,8.243885850248683,0.07343767322595758,23.0,False,1,2,3,5,-8.122175224856043,73.01000213623047,146891793.1373848,41.53310104529616,False,0.0,0,,,,0.0,0,,,,False,False,False,False,0,,none,0,0,False,-1,0.625,risk_on,6,False
ESAB,66.41500091552734,-50.62595924682747,2.2713249440542427,-39.62501281342967,-57.41607559212352,0.7501854367862519,False,0.7213668742121636,7.784383193069572,-30.464762325302154,-13.103492541750295,False,True,False,True,16,26.666666666666668,False,0.4094961941126846,1.537402994759241,False,-5.81614167136385,True,-1.6365458863697002,True,2,0,0.2736652972731494,False,0.12092563434447587,False,6,2,True,False,False,25.0,23.38690649159392,16.043060502022538,0.08009090506049736,24.0,False,0,2,2,3,-21.51382798411694,84.62000274658203,57852897.139103696,7.456445993031359,False,0.0,0,,,,0.0,0,,,,False,False,False,False,0,,none,0,0,False,-3,0.375,risk_on,6,False
ESE,262.82000732421875,-25.927900321210984,34.63397963876807,23.869208539468325,6.078145760774479,0.39782925158417537,False,0.7726863638788918,4.371809570875163,-1.8719907150773651,-5.10542481481584,False,True,False,True,21,35.0,False,0.4537916354388362,1.2780424800648957,True,-4.220046296424032,True,-0.14058099234596222,True,2,0,0.42372784056393975,False,0.4928501808232004,False,6,4,True,False,False,25.0,17.425416830682718,8.846358478073721,0.13099883572925813,22.0,False,0,2,3,4,-15.142707513766263,309.7200012207031,61167527.59541015,62.99651567944251,False,0.0,0,,,,0.0,0,,,,False,False,False,False,0,,none,0,0,False,-2,0.5,risk_on,6,False
ESI,33.5099983215332,-31.583624890398376,47.152461843686396,27.613537099824214,9.822474321130368,0.2321248990852515,False,0.9224973451354863,6.445831239196102,1.6280370886523121,-3.848850256220415,False,True,False,True,26,43.333333333333336,True,0.39089474631996335,1.5142544070176742,False,-2.126563132514157,True,4.295042662751203,True,2,0,0.38512458274659567,False,0.2497556264562634,False,6,1,False,False,False,25.0,20.346486358515765,15.965385405680156,0.25775248018404556,24.0,False,1,1,3,4,-15.102129036577484,39.470952500058196,186035126.63906097,65.85365853658537,False,0.0,0,,,,0.0,0,,,,False,False,False,False,0,,none,0,0,False,-2,0.5,risk_on,6,False
ESS,270.45001220703125,-9.345347641907564,15.096209448698739,5.113942055416754,-12.677120723277092,0.2854714840917121,False,0.8743992612629344,3.497870596447391,13.687040076190705,-4.781180379054906,False,True,False,True,17,28.333333333333332,False,0.4130938240089079,0.7583307348305077,False,-3.2451861841070913,True,-1.914916247386167,True,2,0,0.4728168788858402,False,0.7129859100671456,False,8,1,False,False,False,25.0,9.05605399391243,4.21519444700842,0.09067115797561795,19.0,False,1,1,3,5,-8.234931091594666,294.7200012207031,148368533.16347352,41.8815331010453,False,0.0,0,,,,0.0,0,,,,False,False,False,False,0,,none,0,0,False,-1,0.625,risk_on,6,False
ESTC,89.26499938964844,-10.654593015992486,106.15473663391283,0.09531182348261336,-17.69575095521123,0.17996590771937193,False,0.9947308913245528,7.640172230388314,68.77481644879593,-10.654593015992486,False,True,False,True,30,50.0,True,0.48425061596587454,2.2298797570481605,True,2.907896264176161,True,4.881916049230428,True,2,0,0.4202725303327134,False,0.4775574072375873,False,4,2,True,False,False,25.0,27.046295448585795,9.454987811259043,0.35861002404787323,15.0,False,5,2,3,6,-17.34722278736256,108.0,268682736.86994934,36.79442508710801,False,0.0,0,,,,0.0,0,,,,False,True,False,False,1,,power_play,6,6,True,0,0.75,risk_on,6,False
ET,20.885000228881836,-3.888630147976202,37.80975874760723,29.764216106457873,11.973153327764027,0.6965943904224174,True,0.9554290899672641,4.11778163073055,13.330547788990565,-1.9943653107067472,False,True,False,True,28,46.666666666666664,True,0.3871441298960856,0.5996504580007899,False,0.5324485361410435,True,-2.8152608128429457,True,2,0,0.4556026481262485,False,0.789766700871995,False,5,1,False,False,False,65.0,16.86652517677901,5.123292712941979,0.740746229765867,7.0,False,5,2,4,5,-4.372710242828881,21.84000015258789,158222623.95399722,67.0383275261324,False,0.0,0,,,,0.0,0,,,,False,False,False,False,0,,none,0,0,False,-1,0.625,risk_on,6,False
ETH,26.257600784301758,-40.94340864273541,77.68850679929145,-37.08636585823303,-54.87742863692688,0.7206233755480604,False,1.3493778144854727,15.119436285574922,28.78501490473644,13.060611754750152,False,True,False,False,31,51.66666666666667,True,0.4166060560095456,1.4051029003651376,False,5.726015891119631,False,8.36814395531058,False,0,1,0.5619415503765557,False,1.690998801306466,True,3,0,False,False,False,25.0,31.82928287669024,15.119436285574922,0.9783261569247302,0.0,True,2,2,4,2,-0.6898628822677555,26.440000534057617,87199745.70022964,8.710801393728223,False,0.0,0,,,,0.0,0,,,,False,False,False,False,0,,none,0,0,False,-2,0.5,risk_on,6,False
ETHA,20.7549991607666,-42.008944873309204,76.78875268657535,-38.17396678747489,-55.96502956616874,0.6646770654211059,False,1.3447722075823612,15.176586671974713,27.487704455638863,12.98311492963835,False,True,False,False,31,51.66666666666667,True,0.41596888285507494,1.4250806751708665,False,5.643175313363714,False,8.268122473471994,False,0,2,0.563981484933193,False,1.6499982238835589,True,2,0,False,True,True,25.0,31.72216058546573,15.176586671974713,0.9781442742572808,0.0,True,2,3,5,3,-0.6933108417224387,20.899900436401367,885234646.3373196,8.292682926829269,False,0.0,0,,,,0.0,0,,,,False,False,False,False,0,,none,0,0,False,-1,0.625,risk_on,6,False
ETHE,22.114999771118164,-42.33973115082937,76.41725636598342,-38.68275988553326,-56.4738226642271,0.9917430294126649,False,1.343400377405996,15.125486119478252,27.12769170937559,12.868896950855536,False,True,False,False,31,51.66666666666667,True,0.4334459036971596,1.4301865246745997,False,5.689928188009938,False,8.247672250477155,False,0,1,0.5727760904862932,False,1.6076915542317156,True,4,0,False,True,True,25.0,31.70431033529426,15.125486119478252,0.9780469389213935,0.0,True,2,2,4,2,-0.6960066612458071,22.270000457763672,65163609.899103165,8.013937282229964,False,0.0,0,,,,0.0,0,,,,False,False,False,False,0,,none,0,0,False,-2,0.5,risk_on,6,False
ETN,435.5450134277344,-5.308065588510702,39.06288442326316,17.597059599519007,-0.1940031791748389,0.5392426047009067,False,0.9735758482923739,11.183687093954086,21.705457888895886,8.134717400997626,False,True,False,False,23,38.333333333333336,False,0.4788103014638696,1.433383991996805,True,1.2555545661117238,True,10.780600613192505,False,0,0,0.4488485061412212,False,0.7616570973719237,False,3,1,False,False,False,25.0,16.16480822352198,11.734719437912396,0.6843917339693253,24.0,False,2,2,3,5,-5.1017470941441605,458.9599914550781,826712681.220279,56.65505226480836,False,0.0,0,,,,0.0,0,,,,False,False,False,False,0,,none,0,0,False,-1,0.625,risk_on,6,False
ETR,101.7249984741211,-12.80482720695202,17.580402494627513,17.580402494627513,-0.21066028406633208,0.37053785378685444,False,0.8394233811099469,2.811502239618267,1.5302372166185352,-3.806148015015509,False,True,False,True,21,35.0,False,0.48349062924177216,0.93309765354495,True,-3.3783405430075466,True,-1.8477430787389726,True,2,0,0.3667714928496377,False,0.6685188152487918,False,6,3,True,False,False,25.0,8.232842284595852,7.697224820353912,0.05671798301703842,23.0,False,0,2,3,4,-7.765892075716185,110.29000091552734,279545956.74375916,56.58536585365853,False,0.0,0,,,,0.0,0,,,,False,False,False,False,0,,none,0,0,False,-2,0.5,risk_on,6,False
ETSY,73.30000305175781,-15.776164449177521,66.40182592804311,12.78659095420731,-5.004471824486535,0.44961409534189634,False,0.931213299682119,6.500681024915957,39.64564813841107,-12.31007744579652,False,True,False,True,31,51.66666666666667,True,0.49848751678404224,2.1963735539842073,True,-2.3815823132403033,True,-1.5578781184228396,True,2,0,0.4901740741500916,False,0.44025580186766694,False,5,1,False,False,False,25.0,19.926322009739355,8.79263223259806,0.19004450954736582,18.0,False,2,1,3,3,-16.13943391631556,87.40699768066406,240804396.0269352,51.707317073170735,False,0.0,0,,,,0.0,0,,,,False,False,False,False,0,,none,0,0,False,-3,0.375,risk_on,6,False
EVR,270.5911865234375,-28.790683577094946,3.3461407785520203,-23.136646662692918,-40.92770944138677,0.5444336593743,False,0.8630618440465355,6.3047242208290495,-2.509239746997949,-6.728068599387105,False,True,False,True,20,33.33333333333333,False,0.3825893297389641,1.1168599530076164,False,-3.755486517520444,True,-1.7782147753425792,True,2,0,0.3257786281165952,False,0.7285898405019275,False,7,3,True,False,False,25.0,16.26305514686693,15.074403963038469,0.23854485144532128,24.0,False,0,2,2,4,-12.383587072810487,308.83618432119863,128691629.57016143,16.445993031358885,False,0.0,0,,,,0.0,0,,,,False,False,False,False,0,,none,0,0,False,-2,0.5,risk_on,6,False
EVRG,79.36499786376953,-9.193597749666061,13.725258470745283,13.615122078712428,-4.1759406999814175,0.2816317190597564,False,0.8304338024531428,2.5073998832399313,1.622149727670008,-1.593308912334046,False,True,False,True,22,36.666666666666664,False,0.5014777262430254,0.8533326848255075,True,-2.878804473876947,True,-1.8488779808278233,True,2,0,0.32227548762858377,False,1.0505371375380157,False,4,2,True,False,False,25.0,6.3150384248656195,4.2965994134695515,0.027152948034358016,22.0,False,1,2,3,5,-6.143566514680265,84.55999755859375,174573925.90986633,52.47386759581881,False,0.0,0,,,,0.0,0,,,,False,False,False,False,0,,none,0,0,False,-1,0.625,risk_on,6,False
EW,88.37999725341797,-7.144361241810204,21.65174865403936,18.774348748516868,0.9832859698230223,0.47269365111978634,False,1.0252158986651234,5.917623772427533,7.754207352664166,-2.0286019838455793,False,True,False,True,22,36.666666666666664,False,0.35815461330116166,1.0035498703502586,False,-0.056124896715338504,True,3.3442478047424506,True,2,0,0.4974850991358427,False,0.9680685562110143,False,3,2,True,False,False,45.0,13.576828349272386,6.6644032277571155,0.5662740071614584,28.0,False,1,2,2,5,-5.888623355386624,93.91000366210938,267505133.23881683,58.1184668989547,False,0.0,0,,,,0.0,0,,,,False,False,False,False,0,,none,0,0,False,-1,0.625,risk_on,6,False
EWBC,127.54000091552734,-6.632507161912282,38.71968205438514,20.07943222430484,2.288369445610993,0.24303491717678818,False,1.0281962837672893,4.845538859035242,23.030192323784405,-1.467862708623624,False,True,False,True,23,38.333333333333336,False,0.44962877055417316,0.8373124984313455,True,-1.3074943311190632,True,-1.748707099421809,True,2,0,0.4485520673749548,False,0.9397752406705563,False,6,1,False,False,False,25.0,9.623920302214373,5.998119390751516,0.24943327395516823,24.0,False,1,1,2,5,-7.22339435294943,137.47000122070312,105629725.09355927,59.372822299651574,False,0.0,0,,,,0.0,0,,,,False,False,False,False,0,,none,0,0,False,-1,0.625,risk_on,6,False
EWTX,44.88999938964844,-7.156151382971787,214.79662460824787,214.79662460824787,197.005561829554,0.573592686401773,True,0.9017854916607796,13.143234108713688,50.63758570108057,4.981293619561722,True,True,False,False,22,36.666666666666664,False,0.39087674947936213,1.7524083621100819,False,1.104114901405115,True,0.605110856626978,True,1,1,0.4813998195723349,False,1.3252199451244915,True,5,2,True,False,False,25.0,16.223457440095057,14.034304572775996,0.5400254862527889,2.0,False,7,3,4,5,-7.462376947306293,48.5099983215332,54575446.721372224,97.21254355400697,True,0.0,0,,,,0.0,0,,,,False,False,False,False,0,,none,0,0,False,-1,0.625,risk_on,6,False
EXC,42.01499938964844,-14.865898860906135,0.653931889314463,0.3399575681646061,-17.45110521052924,0.40494970278148984,False,0.7881857232880255,2.5348148444068355,-9.234810318209451,-3.448551545934908,False,True,False,True,17,28.333333333333332,False,0.46168992650696683,0.8174738718047084,True,-3.856483183086847,True,-1.6502851378970118,True,2,0,0.30408241035645817,False,0.9314410344950953,False,5,3,True,False,False,25.0,8.929975808819316,5.819358669618067,0.03165290597929709,23.0,False,0,2,3,4,-8.647316124145366,45.992079933574225,315733019.42239475,37.142857142857146,False,0.0,0,,,,0.0,0,,,,False,False,False,False,0,,none,0,0,False,-2,0.5,risk_on,6,False
EXE,87.2645034790039,-27.73864282419608,0.9646871334237916,-9.409664836764975,-27.20072761545882,0.5796914825387225,False,1.0069616086610766,11.648494531310858,-17.948971967336647,-11.099734898758184,False,True,False,False,23,38.333333333333336,False,0.402686663034214,1.1175901081573607,False,-2.4075565032057624,True,-6.569055617386688,False,0,0,0.4044903117869555,False,0.5150691117308522,False,4,3,True,False,False,55.0,15.640647380305012,16.404152743332208,0.1779435222344281,11.0,False,0,2,2,3,-12.857495495426862,100.13999938964844,268591681.6191128,26.550522648083625,False,0.0,0,,,,0.0,0,,,,False,False,False,False,0,,none,0,0,False,-3,0.375,risk_on,6,False
EXEL,57.06999969482422,-3.4838514055123726,65.22871506111798,42.31920664948372,24.528143870789872,0.4268109035455585,True,1.0338581530385285,7.359384589799391,37.81695219781744,4.811751873597814,False,True,False,True,24,40.0,True,0.5255620300463172,1.437396829309191,True,0.9803597938337377,True,1.529977983203934,True,2,1,0.47380587588768763,False,1.5941918003198192,True,4,2,True,False,False,35.0,16.32618854773226,8.515858833607677,0.7282049717047275,11.0,False,7,4,5,6,-4.437376878284837,59.720001220703125,122763594.47245903,76.16724738675958,False,0.0,0,,,,0.0,0,,,,False,True,False,False,1,,power_play,6,6,True,0,0.75,risk_on,6,True
EXK,10.050000190734863,-28.824360678548732,48.668636841114754,48.668636841114754,30.87757406242091,0.4797413987561054,False,0.981925647494887,10.746267693623638,15.252292235986697,-6.598513225317603,False,True,False,False,23,38.333333333333336,False,0.43778998025295435,2.4569930074140243,False,0.901239226855856,True,3.3950608502084867,True,1,0,0.42141627346578003,False,0.5972591670834334,False,3,2,True,False,False,35.0,37.08154365904792,21.990049713475436,0.6296297359204989,11.0,False,1,2,3,3,-13.73390111747712,11.649999618530273,88432842.45877972,79.37282229965157,False,0.0,0,,,,0.0,0,,,,False,False,False,False,0,,none,0,0,False,-3,0.375,risk_on,6,False
EXLS,35.279998779296875,-19.872814541421914,39.888975970809845,-18.653447894462094,-36.44451067315594,0.3172938877742371,False,0.8514786193262475,5.98072756053994,14.248703815123553,-8.125006829698611,False,True,False,True,28,46.666666666666664,True,0.3230248309425323,0.7692398248153799,False,1.3121077474588574,True,-3.2098819181155647,True,2,0,0.3913031779095556,False,0.8661613613755862,False,4,1,False,False,False,45.0,32.50128890824269,7.086168045637967,0.7165477808159102,15.0,False,1,2,4,4,-9.212562467384632,38.86000061035156,67317213.7566162,19.860627177700348,False,0.0,0,,,,0.0,0,,,,False,False,False,False,0,,none,0,0,False,-2,0.5,risk_on,6,False
EXP,179.16400146484375,-25.548063878672245,3.7816508309025387,-22.131831971975213,-39.92289475066906,0.46672257264739125,False,0.7195996995251948,4.878215166945275,-1.5593056185858711,-9.188961598576062,False,True,False,True,16,26.666666666666668,False,0.38176639135710677,1.0555277455778918,False,-4.749197922328767,True,-1.9193062567718355,True,2,0,0.2871075563461297,False,0.4118051495192138,False,8,2,True,False,False,25.0,16.166079508386495,10.647504589945893,0.0998335024934813,19.0,False,0,2,3,4,-14.552163169476174,209.6764624014946,75349796.18464355,17.212543554006967,False,0.0,0,,,,0.0,0,,,,False,False,False,False,0,,none,0,0,False,-2,0.5,risk_on,6,False
EXPD,192.75,-0.593086092152384,72.15961917918222,62.10086377430417,44.30980099561033,0.5726223694596067,True,0.8633798300913021,4.083006545881972,37.85634899917147,0.9320829281661558,False,True,False,True,27,45.0,True,0.45220279653800705,0.8096545361193055,True,2.7259288941848245,True,-0.44419224608255314,True,2,2,0.6687318871706627,True,1.3047171611554045,True,3,0,False,False,False,65.0,18.3102884498516,4.975354779709792,0.9483582129181982,4.0,True,8,5,6,7,-0.9455760175336114,194.58999633789062,167243563.72365952,84.3205574912892,True,0.0,0,,,,0.0,0,,,,True,True,False,False,2,sepa_vcp,power_play,7,7,True,1,0.875,risk_on,6,True
EXPE,282.55999755859375,-16.56080705692682,50.75237580576803,27.976326885582246,10.1852641068884,0.36504015095001974,False,0.9626452207048569,6.426954918961443,19.825950089938125,-14.230210215940764,False,True,False,True,24,40.0,True,0.5690849787275981,2.3308648889474046,True,-1.3002370119568016,True,-1.841168645407898,True,2,0,0.5143141855255984,False,0.7516914894138044,False,8,0,False,False,False,25.0,23.44828695553299,12.411525915640755,0.26386876232570866,17.0,False,2,1,3,3,-17.261016497918437,341.5076975794428,528758949.71332395,66.34146341463415,False,0.0,0,,,,0.0,0,,,,False,False,False,False,0,,none,0,0,False,-3,0.375,risk_on,6,False
EXR,137.5850067138672,-8.928551588836664,13.729011958372638,3.418933015701331,-14.372129762992515,0.411501821616516,False,0.9283527572869844,2.689244298208305,6.740798773390755,-2.594138345114805,False,True,False,True,24,40.0,True,0.3456909291599438,0.6267491293864318,False,-2.1039427113365354,True,-0.14152421770741164,True,2,0,0.4220556592772848,False,0.7744539483628069,False,6,1,False,False,False,25.0,9.875307461883478,4.325123985167732,0.27297214196521524,22.0,False,2,1,3,5,-7.179623631448074,148.22715883802618,178288308.5062805,40.0,False,0.0,0,,,,0.0,0,,,,False,False,False,False,0,,none,0,0,False,-1,0.625,risk_on,6,False
F,13.228699684143066,-23.325857520372296,21.34502627263459,19.152051719009222,1.3609889403153765,0.5926883896394286,False,1.0373995241480363,7.181361627539228,15.140516815542625,-4.692366173831875,False,True,False,True,23,38.333333333333336,False,0.4676985441197316,1.6122082607025028,True,-1.7188166146637773,True,-4.5548339694946645,True,2,0,0.30853582712072514,False,0.6682282123320293,False,8,1,False,False,False,25.0,11.612026796944829,12.548480506184823,0.1698235142321803,10.0,False,0,1,2,4,-9.640031598929411,14.640000343322754,649923678.0323484,58.46689895470383,False,0.0,0,,,,0.0,0,,,,False,False,False,False,0,,none,0,0,False,-2,0.5,risk_on,6,False
FAF,69.79000091552734,-11.836789177748697,23.777433452232533,8.745100831715892,-9.045961946977954,0.38434222709035565,False,1.1138880284062875,7.207334450941048,21.197842118854116,-6.284410136245189,False,True,False,True,21,35.0,False,0.4097899541795799,1.0734042246825735,False,-1.4934858293020787,True,-4.593302173975844,True,2,0,0.39815390884446683,False,0.5101286959918224,False,4,2,True,False,False,65.0,18.517591595,7.207334450941048,0.31845833623497916,37.0,False,1,2,2,5,-12.620510184577471,79.87000274658203,59710561.69890289,46.68989547038328,False,0.0,0,,,,0.0,0,,,,False,False,False,False,0,,none,0,0,False,-1,0.625,risk_on,6,False
FANG,189.6300048828125,-10.35313857271567,41.45069345895405,39.04031954814664,21.249256769452796,0.6415840135993617,False,1.048769027030199,13.600164858968656,-0.029699265176463818,-4.0673816768395765,False,True,False,False,25,41.66666666666667,True,0.3975223155249402,1.10851390781317,False,-1.4330872392838458,True,-7.821308692599482,False,0,0,0.5471995015479425,False,0.3055014289091245,False,5,1,False,False,False,35.0,15.266085002648822,13.600164858968656,0.1764352553824734,21.0,False,3,1,2,4,-12.572609396515933,216.89999389648438,615864030.5346413,74.42508710801393,False,0.0,0,,,,0.0,0,,,,False,False,False,False,0,,none,0,0,False,-2,0.5,risk_on,6,False
FAST,49.341400146484375,-5.801070751563076,28.103365714350794,5.95456615693124,-11.836496621762606,0.2668621056639881,False,0.8438643996722829,2.543497447766262,12.208148944712383,-0.8810740127918826,False,True,False,True,27,45.0,True,0.4730857710714345,1.0388004325739533,True,0.3499022763791293,True,-0.19943058851814577,True,2,0,0.5698711174759393,False,0.4695221826256034,False,6,2,True,False,False,45.0,17.196636091047377,3.749383820947181,0.6067673263432003,28.0,False,2,3,4,5,-6.762279187985576,52.91999816894531,296039941.29298246,42.99651567944251,False,0.0,0,,,,0.0,0,,,,False,False,False,False,0,,none,0,0,False,-1,0.625,risk_on,6,False
FBIN,39.630001068115234,-37.39639198920993,20.239259386401454,-27.255271940372772,-45.04633471906662,0.45632402603329286,False,0.7801311972842597,6.182177345973781,1.9499481161358467,-12.901096553592895,False,True,False,True,20,33.33333333333333,False,0.4966304130968774,1.5323347805462766,True,-4.958359281044796,True,-2.7245963785471727,True,2,0,0.3646121299592795,False,0.31137471091054714,False,8,2,True,False,False,25.0,17.871193474779155,10.774656896241872,0.08624122657689033,24.0,False,0,2,2,3,-16.329959829121275,47.36462536312779,86461053.21964034,13.72822299651568,False,0.0,0,,,,0.0,0,,,,False,False,False,False,0,,none,0,0,False,-3,0.375,risk_on,6,False
FCEL,18.30500030517578,-49.16689486700202,205.08333841959634,118.959342786041,101.16828000734716,0.42988840375560505,False,0.6673275686994707,18.737504027261593,172.8017913727296,3.0686940837289622,False,True,False,False,24,40.0,True,0.4030319959594331,3.4110033414393595,False,-0.6051353400712928,True,19.79712450961135,False,0,1,0.511169759730336,False,1.2385989825819457,True,3,1,False,True,False,,,,,,False,8,2,3,5,,,115554655.73645362,93.24041811846689,True,0.0,0,,,,0.0,0,,,,False,False,False,False,0,,none,0,0,False,-1,0.625,risk_on,6,False
FCFS,219.13999938964844,-7.312944136424671,50.97641491384135,50.97641491384135,33.18535213514751,0.22344182574162977,True,0.7598384154747864,5.494208532653036,13.61611762390249,-0.03193618998886816,False,True,False,True,20,33.33333333333333,False,0.4970514708476206,2.0713426922251097,True,0.7439763407190819,True,-1.1948212167830263,True,2,0,0.4126169218123251,False,0.8206877386790117,False,3,0,False,False,False,45.0,21.088336458161987,9.628550772238585,0.6072351130420494,18.0,False,3,2,5,5,-8.282758085121223,238.92999267578125,102011831.12538758,80.0,True,0.0,0,,,,0.0,0,,,,False,False,False,False,0,,none,0,0,False,-1,0.625,risk_on,6,False
FCN,140.08999633789062,-25.097579397836277,0.0,-13.385685928017654,-31.1767487067115,0.38052394272649476,False,0.7859598584690218,8.565922131268069,-18.50020545969754,-8.878631889915201,False,True,False,False,26,43.333333333333336,True,0.45619053558431494,1.037977132428972,True,-4.0319762300063315,True,-7.139072138994762,False,0,0,0.4048711812508305,False,1.0582518361878586,False,6,3,True,False,False,25.0,12.001523646853597,10.407596696546692,0.09167971251690031,19.0,False,1,2,2,4,-10.901227409145275,157.22999572753906,55575475.428692624,23.902439024390244,False,0.0,0,,,,0.0,0,,,,False,False,False,False,0,,none,0,0,False,-2,0.5,risk_on,6,False
FCNCA,2128.39990234375,-7.021731908251705,30.427148047364994,14.484252142477771,-3.306810636216074,0.4801244167962675,False,1.0311287863926846,6.331047086199172,14.873890312160398,-2.90013408983808,False,True,False,True,27,45.0,True,0.3927707965492915,0.8372314397114315,False,-0.7885590380263465,True,-2.0921110144277777,True,2,0,0.5061548919962214,False,0.7051988750502209,False,6,1,False,False,False,55.0,12.094674555381504,7.135401241074998,0.40279771751590115,26.0,False,2,1,2,5,-7.222967250376189,2294.102149276142,137057388.97058105,53.5191637630662,False,0.0,0,,,,0.0,0,,,,False,False,False,False,0,,none,0,0,False,-1,0.625,risk_on,6,False
FCX,71.98999786376953,-9.911156845679436,105.89672054435498,61.913435546997995,44.122372768304146,0.3540882417792968,True,1.0751107032784901,7.61216264780164,31.641130510628244,-5.833877387192232,False,True,False,True,26,43.333333333333336,True,0.4253795240553774,1.485318857512658,False,1.080681687184324,True,3.821750311271388,True,2,0,0.5389937517631431,False,0.5975825629693579,False,5,1,False,False,False,45.0,27.480059601318484,16.155018194924835,0.6258503271903153,17.0,False,5,1,4,5,-10.28165530862395,80.23999786376953,994380036.1761768,84.18118466898954,True,0.0,0,,,,0.0,0,,,,False,False,False,False,0,,none,0,0,False,-1,0.625,risk_on,6,False
FDS,282.2699890136719,-9.97608036902571,50.57630775745088,-0.6312725050635515,-18.4223352837574,0.21524401253252615,False,1.0783629281364733,6.794910341974846,36.574162292267886,-8.300311124232973,False,True,False,True,29,48.333333333333336,True,0.4885407655760697,1.9221429594073365,True,0.2880935904829383,True,1.928283854808921,True,2,0,0.3960861762953322,False,1.0740851526544446,False,3,2,True,False,False,65.0,35.35345076932491,16.62238822897385,0.6627557684846748,11.0,False,3,2,3,5,-11.922747336115858,320.4800109863281,268093014.58182678,35.958188153310104,False,0.0,0,,,,0.0,0,,,,False,False,False,False,0,,none,0,0,False,-1,0.625,risk_on,6,False
FDX,293.94000244140625,-13.041422174007334,65.14641320440752,60.07265222674023,42.28158944804639,0.7888887036376308,False,1.020498918512373,7.756680820438409,3.318435272383935,-10.815426728392053,False,True,False,True,16,26.666666666666668,False,0.5240299688436396,1.2377451831900097,True,-3.051763672435749,True,-5.9602663231498765,False,1,0,0.3347551053111204,False,0.32842988011891355,False,3,3,True,False,False,25.0,14.211373509910421,9.744907090144014,0.055754561030456215,17.0,False,1,2,2,4,-13.419024618225517,339.49721765698814,464829182.8087509,83.69337979094077,True,0.0,0,,,,0.0,0,,,,False,False,False,False,0,,none,0,0,False,-2,0.5,risk_on,6,False
FE,45.06230163574219,-11.426686627533734,8.476559167590558,8.476559167590558,-9.314503611103287,0.24629514058731256,False,0.8120805035148674,1.963952359522864,-5.723992679985601,-1.7822567858249538,False,True,False,True,20,33.33333333333333,False,0.4251698883102968,0.6838364349972904,False,-3.123917982192336,True,-1.6751040031429798,True,2,0,0.35691594102128443,False,0.7237462605172462,False,3,4,True,False,False,25.0,6.723993047544045,4.471585597061902,0.01457696815520239,23.0,False,1,2,3,5,-6.62597761501419,48.2599983215332,183587270.5245018,46.4808362369338,False,0.0,0,,,,0.0,0,,,,False,False,False,False,0,,none,0,0,False,-1,0.625,risk_on,6,False
FER,56.005001068115234,-23.966502198343075,3.2540548212208753,-0.9052751254497338,-18.69633790414358,0.7007186873561512,False,0.908230197886831,3.4639739125252236,-10.289162644264039,-4.639874843113834,False,True,False,True,20,33.33333333333333,False,0.3957594011149596,0.5748742897648679,False,-5.767135773902984,True,2.5357051690126697,True,2,0,0.5162309624279862,False,0.4808281525316666,False,5,2,True,False,False,25.0,16.715592381260848,7.82073204996126,0.19362297053411737,22.0,False,0,2,3,4,-13.479069730163662,64.7300033569336,76370191.47511864,35.6794425087108,False,0.0,0,,,,0.0,0,,,,False,False,False,False,0,,none,0,0,False,-2,0.5,risk_on,6,False
FERG,216.625,-18.467535612034936,1.103801714644681,-3.763599906181836,-21.55466268487568,0.39178152524478255,False,0.8105145334929614,4.175417504417918,-1.900879418964907,-5.1927897097971965,False,True,False,True,24,40.0,True,0.4831434081292969,1.2195033694001065,True,-3.02948056529459,True,-2.557238820127905,True,2,0,0.3592697046716348,False,0.5047198114929559,False,7,3,True,False,False,25.0,14.543861579579412,8.330062628480237,0.11701974914130744,22.0,False,1,2,3,4,-12.841942545991126,248.54271231814408,303388856.54980165,32.54355400696864,False,0.0,0,,,,0.0,0,,,,False,False,False,False,0,,none,0,0,False,-2,0.5,risk_on,6,False
FFIV,446.29998779296875,0.0,99.24995618011596,35.781430672667994,17.99036789397415,0.5378071744211353,True,0.9678917745953715,7.671967548934456,54.0293314212144,13.205153928611901,False,True,False,True,26,43.333333333333336,True,0.5272233990208255,1.8954295531768657,True,2.9448749493507673,True,8.459500445871559,False,1,2,0.636023248341864,True,1.2498806839328327,True,3,1,False,False,False,45.0,17.784001184872526,13.504367166066366,1.0,0.0,True,8,4,5,5,0.0,446.29998779296875,210584121.9367737,71.56794425087108,False,0.0,0,,,,0.0,0,,,,False,False,False,False,0,,none,0,0,False,-1,0.625,risk_on,6,False
FHN,23.954999923706055,-8.006821634745886,23.50884242436222,6.613267161613345,-11.1777956170805,0.38193883432928905,False,0.9491046159352217,4.5501989399266,8.370458267949443,-2.147625478711823,False,True,False,True,28,46.666666666666664,True,0.43473961200681654,0.7367533690963034,False,-2.227582685801324,True,-1.500821446127909,True,2,0,0.3774332976393834,False,0.690089518243005,False,6,2,True,False,False,25.0,10.016432694926353,5.593822403905817,0.16226181882259666,24.0,False,2,2,3,5,-8.391148107733482,26.1492196757116,110343353.5809947,43.69337979094077,False,0.0,0,,,,0.0,0,,,,False,False,False,False,0,,none,0,0,False,-1,0.625,risk_on,6,False
FICO,930.1900024414062,-50.50996364681177,0.8478167509368362,-37.030616700481204,-54.821679479175046,0.673391886019778,False,0.9647441786171291,9.245422953835417,-12.521038540781394,-19.364230540701133,False,True,False,False,27,45.0,True,0.4087547588925179,1.5441800295465142,False,-3.356222123356744,True,-7.120319276943954,False,0,0,0.4785897385042318,False,0.6610181301361447,False,7,3,True,True,True,25.0,25.5551847535336,12.363065577803175,0.14874916121877424,20.0,False,1,2,3,2,-21.753872456654666,1188.800048828125,377830891.51171875,8.780487804878048,False,0.0,0,,,,0.0,0,,,,False,False,False,False,0,,none,0,0,False,-3,0.375,risk_on,6,False
FIG,22.34000015258789,-68.57062524324866,32.66033224563116,-60.67593801697926,-78.4670007956731,0.42845874133224715,False,0.7271510587140314,11.347358236783414,-3.706899060647273,-22.48438449289807,False,True,False,False,25,41.66666666666667,True,0.4674383168258293,2.777763466317132,True,-1.7996432688594453,True,-6.566289020675786,False,0,0,0.39288692216104126,False,0.6185839503204449,False,6,3,True,False,False,25.0,30.74951532755048,14.167408176190518,0.07499994039534576,16.0,False,1,2,3,2,-28.443303510798422,31.219999313354492,376993640.2925693,1.6724738675958188,False,0.0,0,,,,0.0,0,,,,False,False,False,False,0,,none,0,0,False,-3,0.375,risk_on,6,False
FIGR,35.72999954223633,-51.657424202572955,43.436369976326205,-20.52935883048982,-38.32042160918367,0.4382782881780878,False,1.104255783830096,14.217738822952883,7.588077468336629,-0.8876552055381182,False,True,False,False,26,43.333333333333336,True,0.4749835165696965,3.7185173180006124,True,1.188096134052762,True,0.2243983532492999,True,1,0,0.40085096792032876,False,1.040702761785202,False,5,2,True,True,True,25.0,24.216865631471197,23.00587044869403,0.4258705576328682,18.0,False,1,2,3,3,-13.903615560876315,41.5,160430463.823028,18.466898954703833,False,0.0,0,,,,0.0,0,,,,False,False,False,False,0,,none,0,0,False,-3,0.375,risk_on,6,False
FIS,35.375,-46.43936962868549,0.0,-43.593117143558736,-61.384179922252585,0.3756602074267264,False,0.8674757334002962,8.268549080029814,-27.280728712130898,-13.649261208511653,False,True,False,False,25,41.66666666666667,True,0.4493347316614291,1.3522870347248563,True,-4.308872181346869,True,-7.346779158604477,False,0,0,0.2442572467314738,False,0.43633804408576665,False,3,2,True,False,False,25.0,16.61701138784875,16.22822165702433,0.009949115361494704,11.0,False,1,2,2,2,-16.451686824587775,42.34077105270708,228801572.50961703,5.29616724738676,False,0.0,0,,,,0.0,0,,,,False,False,False,False,0,,none,0,0,False,-4,0.25,risk_on,6,False
FISV,46.46500015258789,-65.02972690590745,0.0,-65.02972690590745,-82.8207896846013,0.8081544623138279,False,1.0031337915894296,11.298827037037249,-19.485356281889676,-12.626927630788954,False,True,False,False,23,38.333333333333336,False,0.45383736933917407,1.6159067167629553,True,-2.859634033747514,True,-8.874291776675559,False,0,0,0.26325838997884005,False,0.6173090600600172,False,4,3,True,False,False,25.0,15.09992544257617,15.108146851846485,0.07169106561419666,24.0,False,0,2,2,2,-14.017395696902968,54.040000915527344,336345989.02914506,0.9059233449477353,False,0.0,0,,,,0.0,0,,,,False,False,False,False,0,,none,0,0,False,-4,0.25,risk_on,6,False
FITB,53.345001220703125,-10.148219335651532,35.453056855798536,19.693574386597135,1.902511607903289,0.42003472720094437,False,0.956925548691319,7.067204745513324,19.481542999121658,-2.191051842252545,False,True,False,True,25,41.66666666666667,True,0.35345366808263007,0.7402388194154906,False,-2.4456583334654387,True,-1.9032729442496565,True,2,0,0.4843315061465388,False,0.3574486348658589,False,6,2,True,False,False,25.0,11.802834483327144,7.067204745513324,0.23627191727621874,24.0,False,2,2,2,5,-9.01415615065757,58.630001068115234,264169856.6625473,59.163763066202094,False,0.0,0,,,,0.0,0,,,,False,False,False,False,0,,none,0,0,False,-1,0.625,risk_on,6,False
FIVE,238.22999572753906,-9.321713375218332,72.0196304991108,56.74056656195974,38.9495037832659,0.4191079812206573,True,1.1963213977411833,7.866350094132056,3.3535773221427645,-1.5130859776528616,False,True,False,True,26,43.333333333333336,True,0.49066963149954596,2.343645994456596,True,0.7497816241657561,True,-4.5514647129417,True,2,0,0.38253073196377807,False,0.6972894142119725,False,8,1,False,True,True,45.0,24.651357377625533,9.89799867940344,0.6056878101164007,19.0,False,4,2,5,5,-9.720330711174741,263.8800048828125,325008046.05024415,82.4390243902439,True,0.0,0,,,,0.0,0,,,,False,False,False,False,0,,none,0,0,False,-1,0.625,risk_on,6,False
FIVN,35.58000183105469,0.0,161.4254425318715,34.31484385986021,16.523781081166366,0.9683891406169063,True,1.0089443271018534,13.46262132945302,121.40636282970307,4.493399789357011,False,True,False,False,31,51.66666666666667,True,0.38814963972900596,2.259349074976354,False,2.785121861569884,True,12.062997893085626,False,0,0,0.43266098625459704,False,0.928699820376791,False,5,3,True,False,False,25.0,16.43531371754317,16.638560347478375,0.9256759086083605,0.0,True,10,3,4,6,-1.2215397587929444,36.02000045776367,61054340.89810219,70.5226480836237,False,0.0,0,,,,0.0,0,,,,False,True,False,False,1,,power_play,6,6,True,0,0.75,risk_on,6,False
FIX,1639.1199951171875,-20.64065506042285,110.06758059045643,105.89894695779458,88.10788417910074,0.539319607081414,False,0.7717189328614581,6.860996221906242,16.500018740408564,7.927019035423233,False,True,False,True,22,36.666666666666664,False,0.5359356077628343,2.3483855793057398,True,-0.46972870938816297,True,3.5582476972224386,True,2,1,0.44395874550070846,False,1.4499383331126796,True,4,2,True,False,False,25.0,20.065295986655666,9.173214029447102,0.35291167285140795,24.0,False,3,3,3,5,-12.984018813746378,1883.699951171875,561716908.6513001,92.40418118466899,True,0.0,0,,,,0.0,0,,,,False,False,False,False,0,,none,0,0,False,-1,0.625,risk_on,6,False
FLEX,110.81999969482422,-31.622141860504527,103.30215209536479,88.9514012133924,71.16033843469856,0.38791567447722325,False,0.7657738144450253,6.397765734352633,70.38745100688885,0.28959248400382,False,True,False,True,23,38.333333333333336,False,0.4366317865477691,1.7487918243956302,False,-1.0838863516399244,True,2.307976372824405,True,2,0,0.3981830951347344,False,0.5124022733540365,False,4,0,False,False,False,25.0,22.320142667296043,10.67497009892809,0.2916949717676094,24.0,False,5,1,3,5,-15.809469282110111,131.6300048828125,345686670.37289464,90.17421602787456,True,0.0,0,,,,0.0,0,,,,False,False,False,False,0,,none,0,0,False,-1,0.625,risk_on,6,False
FLG,12.675000190734863,-17.419204794478805,18.594588160297864,4.293200512602691,-13.497862266091154,0.31656567748447073,False,0.9632433922931206,4.970415029274979,0.5020299356238711,-5.692120527486033,True,True,False,True,22,36.666666666666664,False,0.4988726643988134,1.0246582599427514,True,-4.172782604018092,True,-2.649771543003976,True,2,0,0.3800151479915,False,0.22077076005162471,False,7,2,True,False,False,25.0,12.461449898014072,9.70413825425762,0.1384603788620755,24.0,False,0,2,3,4,-10.736032823964269,14.199458742113425,53678169.169561006,40.62717770034843,False,0.0,0,,,,0.0,0,,,,False,False,False,False,0,,none,0,0,False,-2,0.5,risk_on,6,False
FLNC,7.304999828338623,-77.33478147039479,0.0,-21.955127176448396,-39.74618995514224,0.9737576942158769,False,0.7149931247257415,35.455170615341885,-52.44140630456968,-32.858458166349024,False,True,False,False,15,25.0,False,0.39830144105124843,2.2523483857909214,False,-7.19173481202959,True,-22.369819906558153,False,0,0,0.39087670245736356,False,0.8227066968881113,False,7,3,True,False,False,,,,,,False,0,2,2,2,,,72799395.34725778,17.49128919860627,False,0.0,0,,,,0.0,0,,,,False,False,False,False,0,,none,0,0,False,-4,0.25,risk_on,6,False
FLO,6.005000114440918,-50.211345034002534,1.0942770470422358,-49.983315059729385,-67.77437783842323,0.5495244586848055,False,0.8118553473112358,7.910081139339835,-24.57310101728164,-13.656086049107452,False,True,False,True,21,35.0,False,0.48394993498599603,1.876478985295838,True,-4.414763115803818,True,0.08333524068195874,True,2,0,0.4134112220352077,False,0.42872518020070116,False,5,1,False,False,False,25.0,21.48584467311071,7.910081139339835,0.10003037430568885,23.0,False,0,1,3,3,-19.33660758818555,7.4445171903796465,50533917.39735365,3.3449477351916377,False,0.0,0,,,,0.0,0,,,,False,False,False,False,0,,none,0,0,False,-3,0.375,risk_on,6,False
FLR,55.275001525878906,-3.8695625636888553,39.47766852408954,23.934985239858086,6.143922461164241,0.3554701874192484,True,0.9289727674066108,7.236544350210938,17.706564317535545,3.7638465381747865,False,True,False,True,21,35.0,False,0.45382209341713586,1.6383004960741268,True,1.3208016081458063,True,3.298454979834009,True,2,1,0.5872683780483667,False,1.2230263231745528,True,3,1,False,False,False,35.0,16.743782174046697,10.96336027373342,0.6852612072876751,11.0,False,4,3,4,6,-5.269917786897604,58.349998474121094,120642225.77525482,63.06620209059234,False,0.0,0,,,,0.0,0,,,,False,True,False,False,1,,power_play,6,6,True,0,0.75,risk_on,6,False
FLS,74.69999694824219,-18.354341503115368,53.531506206404075,33.49459996080135,15.703537182107507,0.34511799317377556,False,0.9812610918942497,5.662655327636037,1.1939990607254147,-7.008595486718894,False,True,False,True,21,35.0,False,0.3773587420089883,1.0580121512524463,False,-0.36769731867518674,True,4.636500331828963,True,2,0,0.465993434131612,False,0.43602230430617017,False,6,1,False,False,False,25.0,17.984400885650523,13.05220936857004,0.42294844839266094,17.0,False,1,1,2,4,-10.37792643579304,83.3499984741211,126779108.32432556,69.61672473867596,False,0.0,0,,,,0.0,0,,,,False,False,False,False,0,,none,0,0,False,-2,0.5,risk_on,6,False
FLUT,87.33999633789062,-69.38875855325377,0.0,-69.30052852798221,-87.09159130667605,0.5248957561412628,False,0.8494628031997835,17.963704556008352,-20.14993734591507,-14.187465724693539,False,True,False,False,26,43.333333333333336,True,0.4668448106640691,2.0720695602867005,True,-3.3354264041206054,True,-13.224048669851275,False,0,0,0.4169322812248383,False,0.26915397979615296,False,7,2,True,False,False,25.0,17.445152627192723,18.135448925333257,0.043166707060324765,11.0,False,1,2,2,2,-16.692102834112042,104.83999633789062,265925308.74917984,0.4878048780487805,False,0.0,0,,,,0.0,0,,,,False,False,False,False,0,,none,0,0,False,-4,0.25,risk_on,6,False
FLY,22.844999313354492,-61.15456762473447,36.14420964556848,-49.4579669740058,-67.24902975269964,0.6838122877222397,False,0.8478152279718074,15.102210762823423,-4.852148706462545,7.455310759213574,True,True,False,False,19,31.666666666666664,False,0.45505323619976384,2.7152884727883686,True,0.4505958194868461,True,6.952240920270691,False,0,0,0.41603161227926694,False,0.6839334169095468,False,6,3,True,False,False,25.0,29.38628546136283,17.027802205811817,0.40356257051506605,24.0,False,1,2,3,4,-17.527080562685736,27.700000762939453,56772615.87856064,3.484320557491289,False,0.0,0,,,,0.0,0,,,,False,False,False,False,0,,none,0,0,False,-2,0.5,risk_on,6,False
FN,401.42999267578125,-46.22288793510864,11.850097381601966,4.776443389905238,-13.014619388788606,0.4563835932986713,False,0.6084624582076523,9.40636722143083,-26.541253097718354,-3.120473292036352,False,True,True,False,21,35.0,False,0.4113788182614572,1.7668902904553652,False,-3.144744159368907,True,4.935304008696018,True,2,0,0.2993936886475222,False,0.6852230654366191,False,5,2,True,False,False,25.0,38.03578312254384,13.651194179013046,0.12088573476595697,24.0,False,0,2,3,4,-33.437799532376545,603.0900268554688,334355244.9276886,41.602787456445995,False,0.0,0,,,,0.0,0,,,,False,False,False,False,0,,none,0,0,False,-2,0.5,risk_on,6,False
FNB,17.969999313354492,-7.136658056942458,26.264722159661737,13.552980224042077,-4.238082554651768,0.38789180354482206,False,1.0194186508964764,4.841407192413486,11.869198794706492,-1.6889463684371386,False,True,False,True,24,40.0,True,0.44466011805985495,0.7374327967133621,True,-1.932199589492277,True,-1.8569096805289953,True,2,0,0.4473358463397977,False,0.5599321140307609,False,6,2,True,False,False,25.0,9.631647102178261,6.0100164995746415,0.22453708081249416,24.0,False,2,2,3,5,-7.468985178439036,19.42051467608809,64998478.6136715,52.404181184668985,False,0.0,0,,,,0.0,0,,,,False,False,False,False,0,,none,0,0,False,-1,0.625,risk_on,6,False
FND,47.560001373291016,-42.95310086787677,9.35847214933403,-42.95310086787677,-60.74416364657061,0.47656509381250456,False,0.8087232245718823,5.298571036582994,-9.184643224549028,-10.264148352281099,False,True,False,True,23,38.333333333333336,False,0.4669009651821872,1.7353036088367642,True,-3.392919097752353,True,-1.1842918806869274,True,2,0,0.3710374525434168,False,0.4859131216648928,False,8,1,False,False,False,25.0,22.118642774678893,8.799405882574222,0.12337170149246751,22.0,False,0,1,3,4,-19.38982818086269,59.0,119819062.19657898,5.574912891986063,False,0.0,0,,,,0.0,0,,,,False,False,False,False,0,,none,0,0,False,-2,0.5,risk_on,6,False
FNF,42.59000015258789,-23.761759103499912,0.728902639336515,-21.423557407813,-39.21462018650685,0.34865217792930864,False,0.9040986071545509,4.202866656760456,-2.0118756058590814,-9.350480511638548,False,True,False,True,22,36.666666666666664,False,0.36395774882614673,0.7895432894950538,False,-4.638776074614854,True,-2.678158464777125,True,2,0,0.2779520776103909,False,0.26393892446826633,False,7,1,False,False,False,25.0,13.71759027876728,7.37616772464709,0.04012945699661686,23.0,False,0,1,2,4,-13.167110829578277,49.04823570824534,104233560.21997032,17.770034843205575,False,0.0,0,,,,0.0,0,,,,False,False,False,False,0,,none,0,0,False,-2,0.5,risk_on,6,False
FNGU,35.81999969482422,-0.9128680971657643,160.88857166116043,15.250964551974677,-2.5400982267191683,0.8430211205565027,False,0.9386457611349079,14.265775136480327,99.55430736682828,6.57542113757652,False,True,False,False,26,43.333333333333336,True,0.36467812720351267,1.5440701049621484,False,3.5917463991646352,True,10.351203651015606,False,0,2,0.5430692548220261,False,2.0613746173574916,True,2,2,True,False,False,25.0,15.95981944475932,14.265775136480327,0.9965034160551424,0.0,True,7,5,5,7,-0.055804848433371745,35.84000015258789,108644774.00837955,54.494773519163765,False,0.0,0,,,,0.0,0,,,,False,True,False,False,1,,power_play,7,7,True,1,0.875,risk_on,6,True
FNV,262.739990234375,-5.9289434124635605,43.594251102271244,23.484490293206427,5.693427514512582,0.21153242532973085,True,1.0110299152295894,4.814643513231485,16.2587207908786,-1.1210424994665291,False,True,False,True,27,45.0,True,0.41023723548302565,1.0892276929657316,False,2.982407122663996,True,0.4089031038079227,True,2,0,0.5081230721451379,False,0.8240625354027415,False,5,2,True,False,False,25.0,15.103296981636516,5.9524692936192345,0.7389132374056827,15.0,False,3,3,5,5,-3.9432709134360033,273.52585574468196,202376155.90975648,62.57839721254356,False,0.0,0,,,,0.0,0,,,,False,False,False,False,0,,none,0,0,False,-1,0.625,risk_on,6,False
FORM,119.4800033569336,-25.29230986763694,239.14278997844477,239.14278997844477,221.3517271997509,0.6309060458300259,False,0.7683009045119267,19.57649709782259,22.921818012561502,17.48279935321937,False,True,False,False,24,40.0,True,0.5186735654317011,2.6578044360863284,True,1.360036056734994,True,16.067612709589696,False,0,1,0.49018227280021154,False,1.2916171383766508,True,4,1,False,True,True,25.0,34.15593630732728,19.57649709782259,0.5744502681712206,24.0,False,5,2,3,3,-14.535049535944001,139.8000030517578,123276293.78685227,97.77003484320558,True,0.0,0,,,,0.0,0,,,,False,False,False,False,0,,none,0,0,False,-3,0.375,risk_on,6,False
FOUR,39.61029815673828,-54.413282961241194,11.171195535508849,-54.413282961241194,-72.20434573993504,0.49239410239284265,False,0.8728374359470579,15.829218030506176,-10.037930377224447,-9.894679295547926,False,True,False,False,23,38.333333333333336,False,0.5026764362372665,3.2190813334530715,True,-2.6634086728290702,True,-12.598635429245197,False,0,0,0.36537916118766545,False,0.556588334889135,False,4,0,False,False,False,25.0,23.9279445735763,18.959721299025137,0.062217643753511895,18.0,False,0,1,2,3,-22.439204242343756,51.06999969482422,89733797.4042469,2.508710801393728,False,0.0,0,,,,0.0,0,,,,False,False,False,False,0,,none,0,0,False,-3,0.375,risk_on,6,False
FOX,57.95000076293945,-13.59345657457246,31.1919308461877,7.331026835644661,-10.460035943049185,0.2951788455186617,False,1.041750937525664,6.911132036906784,12.795073419936621,-5.029189408977997,False,True,False,True,29,48.333333333333336,True,0.5111980512932239,1.3389023246439564,True,1.072179862989033,True,-5.217531335548364,False,1,0,0.5567684434713501,False,0.4540391110344218,False,6,0,False,False,False,45.0,22.78722150798219,8.731667483474856,0.6726708263282788,23.0,False,1,2,3,4,-7.45892238648228,62.62084066597745,75556088.24456367,44.80836236933798,False,0.0,0,,,,0.0,0,,,,False,False,False,False,0,,none,0,0,False,-2,0.5,risk_on,6,False
FOXA,64.81999969482422,-14.037903675479413,33.44204707050902,7.927667099909996,-9.86339567878385,0.5043194614135963,False,1.0298060167359224,7.482256243374155,13.66336442922973,-4.843064344514758,False,True,False,True,31,51.66666666666667,True,0.4613095989395101,1.2474710297765672,True,1.0180135745119812,True,-5.413686196640444,False,1,0,0.546833889268058,False,0.9650124938899208,False,7,1,False,False,False,45.0,23.32627911796698,8.963279213124817,0.6469109956652511,23.0,False,1,2,3,4,-8.23625266859741,70.63791702046379,333733540.6886368,45.85365853658537,False,0.0,0,,,,0.0,0,,,,False,False,False,False,0,,none,0,0,False,-2,0.5,risk_on,6,False
FR,61.94900131225586,-10.036304439208488,26.298416420608795,23.826203983286053,6.0351412045922075,0.34075520833333334,False,0.8056146885580968,2.9056146167516004,8.494182776775583,0.014534526552267835,False,True,False,True,25,41.66666666666667,True,0.457328418882115,0.7250304927744672,True,-1.9672102385114407,True,0.943461610637697,True,2,0,0.5079610724650646,False,0.9109816893089191,False,3,2,True,False,False,35.0,10.844613053517014,3.1154663744255617,0.18439638488799953,34.0,False,3,2,2,6,-8.844905610939268,67.95999908447266,55092784.06838703,62.857142857142854,False,0.0,0,,,,0.0,0,,,,False,True,False,False,1,,power_play,6,6,True,0,0.75,risk_on,6,False
FRMI,5.119999885559082,-84.26068220814808,10.583148142693567,,,0.45485925993132814,False,0.6912351497487156,10.253908341837862,-29.183957509654302,2.399997711181645,False,True,False,False,20,33.33333333333333,False,0.4969723563545279,3.4473610967452695,True,-2.150142409541067,True,1.3861325184233886,True,1,0,0.3904597722446001,False,0.46712343337799256,False,6,2,True,False,False,25.0,29.79719021652127,24.02343840949472,0.3246072958587563,24.0,False,0,2,3,3,-20.124804876147305,6.409999847412109,85176823.91562763,,False,0.0,0,,,,0.0,0,,,,False,False,False,False,0,,none,0,0,False,-3,0.375,risk_on,6,False
FRO,50.33000183105469,-2.1197906975985115,181.04505745745513,149.19891089695176,131.4078481182579,1.1136111168344927,True,1.1449859312438007,9.222978386184074,65.71306488160498,21.567023851030754,False,True,False,False,37,61.66666666666667,True,0.364074715072885,1.1864343923139986,False,6.1201913472748615,False,6.33504614401601,False,0,2,0.5942531408624261,False,2.034276840554133,True,2,1,False,False,False,25.0,26.50606888378781,18.716565998223256,0.8461288311212858,0.0,False,10,2,4,4,-4.078519801528147,52.470001220703125,159119934.4541046,95.19163763066202,True,0.0,0,,,,0.0,0,,,,False,False,False,False,0,,none,0,0,False,-2,0.5,risk_on,6,False
FROG,92.91500091552734,-10.684416028255816,167.38129759863983,86.57630991765386,68.78524713896002,0.34514626275244636,True,0.9405183887639914,7.047297483157895,117.90572759267906,-5.899328614812072,False,True,False,True,26,43.333333333333336,True,0.44793066043094804,2.8700268087367977,True,0.7871179902083381,True,-0.0913968650243624,True,2,0,0.5419064548191025,False,0.8899494929145383,False,6,2,True,False,False,45.0,31.788958081974872,16.283697039591313,0.6179357474321144,15.0,False,9,2,4,7,-12.145424509501579,105.76000213623047,173828827.74373055,89.4773519163763,True,0.0,0,,,,0.0,0,,,,False,True,False,False,1,,power_play,7,7,True,1,0.875,risk_on,6,False
FRPT,62.560001373291016,-26.83040775053682,32.01097737713037,21.712061315393672,3.920998536699827,0.30766716356256396,False,0.8487086932639478,5.203006708220605,-3.2776730393971887,-11.663369609046859,False,True,False,True,20,33.33333333333333,False,0.43203248220244445,1.581280808804584,False,-1.2965830063490702,True,-1.897442489864909,True,2,0,0.2565365684536528,False,0.6087478618113912,False,9,3,True,False,False,25.0,21.489689535166782,15.529085876967846,0.12096539591386585,19.0,False,0,2,2,4,-18.890180732479266,77.12999725341797,73223100.74979743,61.18466898954704,False,0.0,0,,,,0.0,0,,,,False,False,False,False,0,,none,0,0,False,-2,0.5,risk_on,6,False
FRT,109.7699966430664,-13.655314233781146,19.36860907823048,14.959211527807103,-2.831851250886743,1.1805676810292614,False,0.9910015258907467,5.66639465329346,7.917769982260192,-5.978589599086592,False,True,False,True,20,33.33333333333333,False,0.42507161320170567,0.626439348871746,False,-5.349279230796161,True,-4.156118210917958,True,2,0,0.26376969725222177,False,0.3607288085624226,False,7,2,True,False,False,25.0,8.384338292493226,7.570379376989059,0.05,23.0,False,0,2,2,4,-7.9651213778685666,119.2699966430664,84203351.76343994,54.07665505226481,False,0.0,0,,,,0.0,0,,,,False,False,False,False,0,,none,0,0,False,-2,0.5,risk_on,6,False
FSLR,198.97999572753906,-37.47682773682983,7.731455882643301,-6.357950687736991,-24.149013466430837,0.46770981086741475,False,0.8962955286099004,10.503573024441899,4.770428415092098,-2.680236137327907,False,True,False,False,18,30.0,False,0.543798771586507,2.4119906732315384,True,-1.5311334857222878,True,-3.8929664895490435,True,1,0,0.4393766109269751,False,0.621731110092599,False,6,2,True,False,False,25.0,16.33906338305128,15.870943064194659,0.25898892696366643,24.0,False,0,2,2,3,-12.107426889883499,226.38999938964844,406822869.81483763,29.686411149825787,False,0.0,0,,,,0.0,0,,,,False,False,False,False,0,,none,0,0,False,-3,0.375,risk_on,6,False
FSLY,27.19499969482422,-18.820896433360545,245.9923566523484,215.12166088292116,197.3305981042273,1.335735287821324,True,1.0592372242286008,19.010848076155355,-5.4086967136548925,18.033848151875276,False,True,False,False,25,41.66666666666667,True,0.470902810071951,3.802554765879528,True,1.9199899935013218,True,9.392594638555153,False,0,2,0.5644091698273879,False,1.4529742238764487,True,2,2,True,False,False,25.0,34.87145639583532,29.96874318804052,0.7027409753834843,24.0,False,6,4,4,4,-10.365855115183365,30.34000015258789,118212148.89371414,97.2822299651568,True,0.0,0,,,,0.0,0,,,,False,False,False,False,0,,none,0,0,False,-2,0.5,risk_on,6,False
FSM,11.759900093078613,-13.909954433077608,49.99872275763681,44.11642540420131,26.325362625507463,0.4482484204809206,False,1.0384783609052015,6.887809076023653,29.5143192939449,-4.079120118000468,False,True,False,True,33,55.00000000000001,True,0.40892318895559415,1.6307556033488806,False,2.587299589292284,True,1.1169387563152222,True,2,0,0.46601155011835704,False,1.0097595405593751,False,6,2,True,False,False,35.0,35.39412729695304,11.139545876868409,0.7423363521915145,15.0,False,2,3,4,4,-9.119779950330809,12.9399995803833,54078456.16952443,77.28222996515679,False,0.0,0,,,,0.0,0,,,,False,False,False,False,0,,none,0,0,False,-2,0.5,risk_on,6,False
FTAI,193.72999572753906,-37.163695339944795,27.498472834837308,9.136529303556994,-8.654533475136851,0.29130872471026054,False,0.771265060131106,14.406650636260721,-19.48121997380916,-0.6410914080369201,True,True,False,False,18,30.0,False,0.4273921559451522,1.988036043696278,False,-1.1509163265250375,True,10.073861208829005,False,0,0,0.44762423048192995,False,0.34908251886552166,False,6,2,True,True,True,25.0,26.693378274746664,14.561499033300205,0.34749275317115774,24.0,False,1,2,3,4,-17.417622766615782,234.58999633789062,256518966.50974733,47.177700348432055,False,0.0,0,,,,0.0,0,,,,False,False,False,False,0,,none,0,0,False,-2,0.5,risk_on,6,False
FTI,71.33000183105469,-10.926573176733855,101.18963861200724,81.58629002404095,63.79522724534711,0.320411511021281,False,0.9678952228919004,6.9535945004185304,5.034304170762538,-5.946723001861076,False,True,False,True,24,40.0,True,0.4614299542882051,1.506372321671981,True,-1.4204248735862723,True,-2.1133537223581023,True,2,0,0.3494410369570993,False,0.5894440516475582,False,5,4,True,False,False,55.0,17.25137456319887,14.033357983846178,0.3269580385694842,11.0,False,4,2,2,5,-11.610898973387872,80.69999694824219,217312375.1701828,88.85017421602788,True,0.0,0,,,,0.0,0,,,,False,False,False,False,0,,none,0,0,False,-1,0.625,risk_on,6,False
FTNT,174.47999572753906,0.0,131.92873579934258,107.19629215589333,89.40522937719949,0.3215479527929893,True,1.0425263420297037,5.737052963513496,110.80101824814457,5.108431161168103,False,True,False,True,22,36.666666666666664,False,0.4946730295017406,2.3727158202160696,True,1.94660250072325,True,2.5267382987552267,True,2,3,0.6463084019620864,True,1.2619741030736227,True,1,1,False,False,False,45.0,18.358887399498652,13.81247517976171,0.949891423315032,2.0,True,10,5,6,8,-0.9199377171084766,176.10000610351562,754052658.886029,92.47386759581882,True,0.0,0,,,,0.0,0,,,,True,True,False,False,2,sepa_vcp,power_play,8,8,True,2,1.0,risk_on,6,True
FTV,55.224998474121094,-13.727209991668843,16.361930896122345,14.064840828949809,-3.726221949744037,0.2788384502847039,False,0.8662672361135153,4.427342258723586,-0.07827036572138901,-7.367681640587886,False,True,False,True,22,36.666666666666664,False,0.4673944054044583,0.9832088336763106,True,-3.4600857258795883,True,0.06341701084073836,True,2,0,0.44681416498277987,False,0.28174983844331153,False,4,2,True,False,False,25.0,12.014767708423374,5.263923179144267,0.14772519677393212,24.0,False,0,2,3,4,-10.239883784503444,61.52509689441202,132047712.28229561,53.31010452961672,False,0.0,0,,,,0.0,0,,,,False,False,False,False,0,,none,0,0,False,-2,0.5,risk_on,6,False
FUTU,114.26499938964844,-41.671256416985024,27.300575612984357,-34.77300726998305,-52.564070048676896,0.4276618118499534,False,0.7489806607228467,5.968581570256465,-17.0968748661129,-8.043620291929631,False,True,False,True,27,45.0,True,0.5199924959757148,1.8998482207770266,True,1.3827424956892767,True,2.839527281041998,True,2,0,0.2982700174842293,False,0.5909355414853664,False,5,2,True,False,False,55.0,28.471871966138735,10.781954019719112,0.6127443534346775,17.0,False,1,3,4,4,-11.025893187172143,128.4250030517578,122194311.1764061,9.268292682926829,False,0.0,0,,,,0.0,0,,,,False,False,False,False,0,,none,0,0,False,-2,0.5,risk_on,6,False
FWONK,96.07499694824219,-11.312660090161087,17.999261985842807,-7.326132299458488,-25.117195078152335,0.7005500841695055,False,0.895211390541728,3.4556334116906386,16.116750578636196,-5.62377792916654,False,True,False,True,22,36.666666666666664,False,0.4342254887013864,0.9922128811392074,False,-1.4455209607628425,True,0.7075423601331732,True,2,0,0.42493667064765406,False,0.65006687935311,False,4,0,False,False,False,65.0,17.18385540167686,5.485302565557207,0.3907264766130444,19.0,False,1,1,3,5,-10.469668125951625,107.30999755859375,185997862.7842533,28.780487804878046,False,0.0,0,,,,0.0,0,,,,False,False,False,False,0,,none,0,0,False,-1,0.625,risk_on,6,False
G,34.040000915527344,-28.674939742375926,24.45280695801295,-15.853437164030492,-33.64449994272434,0.21030164269677906,False,0.9363594809568433,8.2696896759547,-11.189751598725039,-9.982850767377716,False,True,False,False,27,45.0,True,0.411624224101822,1.164150733388534,False,-0.3707153379524867,True,-6.560525307788367,False,0,0,0.2675446474310122,False,1.0912120700496333,False,4,3,True,False,False,65.0,30.88802710897296,8.857224760746542,0.6145435610584997,13.0,False,1,3,3,4,-11.905988935353239,38.64053924227322,72646622.10858956,22.1602787456446,False,0.0,0,,,,0.0,0,,,,False,False,False,False,0,,none,0,0,False,-2,0.5,risk_on,6,False
GAP,21.135000228881836,-26.252080328119142,15.17711056956963,-2.13291918981644,-19.923981968510287,0.2317100200623323,False,0.9186587357893156,6.363848113502719,-13.025233829277505,-9.987220438979383,False,True,False,True,24,40.0,True,0.43255755369355886,1.6118884024555715,False,0.693864177601488,True,1.027725391031531,True,2,0,0.4180771916596154,False,0.6706835562254507,False,6,3,True,False,False,25.0,24.341081259707703,13.437426646946115,0.257165618637108,15.0,False,1,2,3,4,-18.08139203925886,25.799999237060547,196288275.9027357,34.56445993031359,False,0.0,0,,,,0.0,0,,,,False,False,False,False,0,,none,0,0,False,-2,0.5,risk_on,6,False
GBTC,66.45999908447266,-32.47993611864495,46.001753989740045,-26.433471575648227,-44.22453435434207,0.7044510247708193,False,1.3183604082038605,13.331328216075109,20.792436444072628,10.748210203873665,False,True,False,False,32,53.333333333333336,True,0.4176003851111458,1.0570823897750004,False,5.590285404601997,False,8.825936493504273,False,0,1,0.55992399129673,False,1.780789646357634,True,4,1,False,False,False,25.0,26.4979057449819,13.331328216075109,0.9830410960794664,0.0,True,2,2,4,2,-0.4493754376244996,66.76000213623047,124039784.55472946,14.564459930313589,False,0.0,0,,,,0.0,0,,,,False,False,False,False,0,,none,0,0,False,-2,0.5,risk_on,6,False
GD,354.54998779296875,-10.460391772115074,13.944388001344432,11.332054475583675,-6.459008303110171,0.34860783598359124,False,0.8916885042769139,3.539703495315072,2.9923458914872025,-6.530111529307803,False,True,False,True,21,35.0,False,0.40430791900625174,0.7360042412938419,False,-3.29492713365431,True,-0.6333930610377236,True,2,0,0.4945032410709668,False,0.2432034145161925,False,7,2,True,False,False,65.0,15.170843983106607,3.539703495315072,0.25103026144026974,37.0,False,1,2,3,5,-11.36250305175781,400.0,401230011.5506409,50.10452961672473,False,0.0,0,,,,0.0,0,,,,False,False,False,False,0,,none,0,0,False,-1,0.625,risk_on,6,False
GDDY,103.68000030517578,-29.865386578520837,38.25843880343336,-28.3780020451163,-46.169064823810146,0.5346908966794576,False,0.9233969503513418,8.37866168440518,23.237850576494058,6.120781518654073,False,True,False,False,33,55.00000000000001,True,0.40298275204959244,1.7832346618627166,False,1.8131754169006367,True,-0.7561988190833757,True,1,0,0.5645290937934868,False,1.1991584700675102,False,3,1,False,False,False,35.0,21.5566023340765,12.827935004446434,0.8984682779103137,11.0,True,2,3,4,4,-2.1886789573813403,106.0,194100867.3310383,12.822299651567945,False,0.0,0,,,,0.0,0,,,,False,False,False,False,0,,none,0,0,False,-2,0.5,risk_on,6,False
GDXD,18.569900512695312,-91.40282383671513,29.859442412643933,-91.40282383671513,-109.19388661540897,0.3564380056579635,False,0.5113718600965638,19.547767989567763,-68.25658032017895,11.263630428300896,False,True,True,False,21,35.0,False,0.3389450676737733,3.2029357688441547,False,-6.133605756570993,True,-2.8262693898800095,True,2,1,0.5800298252004156,False,1.9271868384106254,True,3,1,False,True,False,,,,,,False,1,2,3,4,,,67360748.8307476,0.06968641114982578,False,0.0,0,,,,0.0,0,,,,False,False,False,False,0,,none,0,0,False,-2,0.5,risk_on,6,False
GDXU,136.22500610351562,-74.05237978980654,101.69529798184782,-21.4252696890048,-39.21633246769865,0.5481782433856153,False,1.103213906172739,17.265555675283576,-13.906964683178325,-18.158601020656707,False,True,False,False,30,50.0,True,0.36704857034028,3.5743110311161326,False,0.7162569843731037,True,0.6316104138054834,True,1,0,0.4074674675736173,False,0.5634050511807353,False,4,3,True,False,False,25.0,39.36595352079983,36.95356511831456,0.18738120496625651,18.0,False,1,2,3,2,-31.98951371542671,200.3000030517578,255244747.90000916,17.700348432055748,False,0.0,0,,,,0.0,0,,,,False,False,False,False,0,,none,0,0,False,-3,0.375,risk_on,6,False
GE,321.0,-15.796653120999126,17.621271138309424,7.136263499199469,-10.654799279494377,0.44233498633051666,False,0.8656543392661057,4.778824565566589,10.242199954094255,-6.299254894656093,False,True,False,True,23,38.333333333333336,False,0.5064178624387106,1.1566155583621551,True,-3.2260280417522202,True,1.0832606335347883,True,2,0,0.4314055501958277,False,0.840427905507919,False,6,3,True,False,False,25.0,18.31300954212662,11.193153642791083,0.2064555460751989,23.0,False,0,2,3,4,-14.532187156826538,375.5799865722656,1311722183.3669295,44.52961672473867,False,0.0,0,,,,0.0,0,,,,False,False,False,False,0,,none,0,0,False,-2,0.5,risk_on,6,False
GEHC,64.625,-26.589536463053008,8.702211785293024,-13.565626284126054,-31.3566890628199,0.4629482862979496,False,0.8443870129919665,3.4970960487941247,-9.709743981788732,-9.898917567328812,False,True,False,True,21,35.0,False,0.37190642549207964,0.816172259534809,False,-2.188480019391039,True,0.5836575875486361,True,2,0,0.347415467782315,False,0.19127907728340798,False,10,2,True,False,False,25.0,16.72835735457986,7.883941827475217,0.1288029027262947,21.0,False,0,2,3,4,-14.573696369467214,75.6500015258789,210982624.42155153,23.693379790940767,False,0.0,0,,,,0.0,0,,,,False,False,False,False,0,,none,0,0,False,-2,0.5,risk_on,6,False
GEN,29.235000610351562,-6.924543927496218,65.0153532848881,2.8574496283993556,-14.93361315029449,0.3196159291040783,False,0.9589473333260737,8.859244393758694,40.4435920176124,-5.754351454128881,False,True,False,False,29,48.333333333333336,True,0.5244690770482243,1.5249128660011666,True,0.7999264294764026,True,-6.924543927496218,False,0,2,0.4204110254665198,False,1.3988396220191215,True,2,2,True,False,False,45.0,21.452115378817325,9.167095088846496,0.6443087976610954,11.0,False,3,5,4,6,-7.6303287118044345,31.649999618530273,188361784.1071292,39.37282229965157,False,0.0,0,,,,0.0,0,,,,False,True,False,False,1,,power_play,6,6,True,0,0.75,risk_on,6,False
GEO,30.190000534057617,-7.873054280335889,127.67722483367878,38.42274769974712,20.631684921053274,0.682991075578693,False,1.0668625263232285,7.999334102211519,77.58823843563304,-6.474592082635711,False,True,False,True,24,40.0,True,0.3926546494220146,1.493954897737708,False,-0.7654147671834158,True,-2.1393835956272533,True,2,0,0.5115403271921698,False,1.0671016067497936,False,5,3,True,False,False,65.0,14.3589801421714,7.999334102211519,0.3781513312165513,19.0,False,5,2,2,5,-8.929112686497264,33.150001525878906,65677897.6475605,73.86759581881533,False,0.0,0,,,,0.0,0,,,,False,False,False,False,0,,none,0,0,False,-1,0.625,risk_on,6,False
GEV,953.0900268554688,-18.87628834594548,74.25654526623808,53.04392764959183,35.25286487089798,0.7745498033828377,False,0.7896143438355706,10.082996769796946,8.036909906461197,4.513508110300868,False,True,False,False,25,41.66666666666667,True,0.5278797742543418,1.903343839872825,True,-0.7363387613651087,True,8.954457933077077,False,0,0,0.42662846512775865,False,1.057204792920093,False,5,1,False,False,False,25.0,21.043779621609353,12.075462297636816,0.3666220747782758,24.0,False,3,1,3,4,-13.328665475558132,1099.6600341796875,2082144470.301651,80.97560975609757,True,0.0,0,,,,0.0,0,,,,False,False,False,False,0,,none,0,0,False,-2,0.5,risk_on,6,False
GFI,42.02000045776367,-28.10011515426769,37.51657739456977,7.031985734368695,-10.75907704432515,0.4969603210878908,False,1.0277767403159725,5.949547769550527,5.09643667136177,-6.4971039484512545,False,True,False,True,25,41.66666666666667,True,0.37750943833018547,1.3104520436511684,False,1.600453083984299,True,-2.5510169326736887,True,2,0,0.3316019012731812,False,0.19719104845047752,False,6,2,True,False,False,35.0,33.21791900903742,14.011992978892824,0.6243980929830262,18.0,False,1,3,4,4,-12.476713726929844,48.01008079914009,159651610.06540984,44.390243902439025,False,0.0,0,,,,0.0,0,,,,False,False,False,False,0,,none,0,0,False,-2,0.5,risk_on,6,False
GFL,42.540000915527344,-10.141399340911583,26.88789390741362,-8.342303945916107,-26.133366724609953,0.3953552126868877,False,1.1225662662544995,8.39210065348435,5.175403063228656,-0.6770976024499609,False,True,False,False,21,35.0,False,0.5771861876742606,1.6542408763410046,True,1.0311578025631585,True,-0.16427996672502276,True,1,0,0.3390990165187815,False,0.4911283622592825,False,3,0,False,True,True,45.0,14.12530265721556,8.39210065348435,0.6836249950724277,2.0,False,2,1,2,6,-4.468892697780024,44.529998779296875,113803107.69051361,27.665505226480835,False,0.0,0,,,,0.0,0,,,,False,True,False,False,1,,power_play,6,6,True,0,0.75,risk_on,6,False
GFS,48.16999816894531,-46.3768154099418,49.62597286690307,46.62435888369969,28.833296105005846,0.5881654882142259,False,0.7100548877111562,14.594143754460513,9.734796281341174,7.618409238794865,False,True,False,False,18,30.0,False,0.45802970555280986,1.707489531163247,True,-1.0358836302935903,True,10.633893330412869,False,0,0,0.4611317319089248,False,0.7433193364695272,False,5,1,False,False,False,25.0,24.16336787105308,14.594143754460513,0.4482499260068045,24.0,False,2,1,2,4,-13.332140010778337,55.58000183105469,180750943.33575058,78.74564459930313,False,0.0,0,,,,0.0,0,,,,False,False,False,False,0,,none,0,0,False,-2,0.5,risk_on,6,False
GGB,5.020100116729736,-2.522329635576981,67.94164107361983,65.24160820589574,47.4505454272019,0.6221898930781624,True,1.1180395184412542,4.979980362679669,49.9088443318062,9.37036927764263,True,True,False,True,30,50.0,True,0.4722639340725762,1.5667053143915148,True,1.291736366479782,True,2.6605368874507374,True,2,0,0.5674177911782968,False,1.0060788863624006,False,3,0,False,False,False,25.0,19.989195626348028,6.175174509895741,0.8549506964414959,6.0,True,7,3,7,5,-2.89941890429648,5.170000076293945,54783335.96527767,85.57491289198606,True,0.0,0,,,,0.0,0,,,,True,False,False,False,1,,sepa_vcp,7,7,True,1,0.875,risk_on,6,False
GGG,76.88999938964844,-18.312472527664024,5.472464265605614,-7.870341422139438,-25.66140420083328,0.1842047190951592,False,0.7722967675397373,2.861226382762033,-9.078405046942494,-3.0268653022665237,False,True,False,True,19,31.666666666666664,False,0.4057777356326921,0.8109051727529808,False,-1.4591368405909453,True,0.45727524161824906,True,2,0,0.5489583224838503,False,0.33663769980648406,False,5,1,False,False,False,55.0,14.325943502759934,3.6935835094738843,0.3864250817808413,28.0,False,0,1,3,4,-8.790039613118218,84.30000305175781,199721388.2616188,28.153310104529616,False,0.0,0,,,,0.0,0,,,,False,False,False,False,0,,none,0,0,False,-2,0.5,risk_on,6,False
GH,175.09500122070312,-4.371930429257809,203.61540971053807,196.0185912152458,178.22752843655195,0.7614463852862533,True,1.0879608582622171,9.429163820630995,106.09110535254653,8.417957412200083,False,True,False,False,21,35.0,False,0.43493037399394086,2.1179932665753225,False,1.5951699807406488,True,4.322572116962475,True,1,0,0.45111424328810373,False,0.7630948578649468,False,4,3,True,False,False,25.0,16.080865015630884,15.837114443139388,0.7148426007268996,2.0,False,10,2,3,5,-4.585577645919081,183.50999450683594,297396893.45182496,96.72473867595819,True,0.0,0,,,,0.0,0,,,,False,False,False,False,0,,none,0,0,False,-1,0.625,risk_on,6,False
GIL,45.81999969482422,-36.03039710195406,0.0,-17.356463781007225,-35.14752655970107,0.6617238243699662,False,0.9851583384546009,4.277606061822073,-19.06270332977009,-13.742468719589507,False,True,False,True,21,35.0,False,0.5442967369793552,1.7124428116289923,True,-4.215084196758244,True,-3.4148376449840256,True,2,0,0.19392781471659418,False,0.28281010992890715,False,9,4,True,False,False,25.0,20.34909900928755,17.263203623079935,0.025796655290794984,22.0,False,0,2,2,3,-19.824160316666706,57.149385495427666,53502554.08350563,20.905923344947734,False,0.0,0,,,,0.0,0,,,,False,False,False,False,0,,none,0,0,False,-3,0.375,risk_on,6,False
GILD,151.9199981689453,-0.7361764646062197,40.80543352785089,36.44884827678361,18.657785498089762,0.47027302226220885,True,0.8994125931479781,6.773297400049757,11.970087265157536,4.870708955400738,False,True,False,True,32,53.333333333333336,True,0.4110266733799691,0.9172703022979101,False,3.797858810796228,True,4.347816517661429,True,2,1,0.5641986216934427,False,1.7566959888418623,True,4,2,True,False,False,45.0,17.186388872523363,6.933712043030875,0.950255844471728,1.0,True,7,4,4,6,-0.854922401044167,153.22999572753906,846093940.6004181,72.05574912891987,False,0.0,0,,,,0.0,0,,,,False,True,False,False,1,,power_play,6,6,True,0,0.75,risk_on,6,True
GIS,35.869998931884766,-25.45145249519598,13.431479881879627,-24.326184224048653,-42.1172470027425,0.468755464003755,False,0.9786086024432895,4.003347830317751,-0.6776616806064562,-13.670277760461424,False,True,False,True,24,40.0,True,0.5330081613096519,1.4544201368032033,True,-1.7439759707703717,True,-1.6451940464365933,True,2,0,0.2833281322390636,False,0.5283907677249013,False,5,2,True,False,False,55.0,17.331455184162266,8.475051592000728,0.13452137120532792,13.0,False,1,2,3,3,-15.000004067805072,42.20000076293945,343755834.37462157,15.818815331010452,False,0.0,0,,,,0.0,0,,,,False,False,False,False,0,,none,0,0,False,-3,0.375,risk_on,6,False
GKOS,161.7449951171875,-14.668956732740323,116.6130964021585,93.77619833683406,75.98513555814021,0.5154988550866862,False,1.0209428473474742,8.98636996562303,51.38992948451171,-10.076722350601797,False,True,False,False,18,30.0,False,0.46747303657941924,1.8855222912904461,True,-1.360812791670234,True,-5.462038354508703,False,0,0,0.45396228965110624,False,1.0327759185389203,False,5,2,True,False,False,25.0,17.01805732246707,16.28490054829568,0.08386999568112173,21.0,False,3,2,2,3,-15.590752928330676,191.6199951171875,119226107.42953491,90.801393728223,True,0.0,0,,,,0.0,0,,,,False,False,False,False,0,,none,0,0,False,-3,0.375,risk_on,6,False
GL,172.27499389648438,-7.388995839310075,32.95634427621421,19.419292651367968,1.6282298726741224,0.2440414827999654,False,0.8600437798340987,3.494415606294088,25.925942449700567,-0.29804931399911583,False,True,False,True,21,35.0,False,0.41078511097355247,0.7532565948829769,False,-1.4619470785874211,True,-0.37300733246061757,True,2,1,0.41586137874449347,False,0.8477751237006729,False,2,3,True,False,False,25.0,8.091215138137546,4.968798642789233,0.31266883143063606,24.0,False,1,3,3,5,-5.561344356042208,182.4199981689453,66301015.531425476,58.815331010452965,False,0.0,0,,,,0.0,0,,,,False,False,False,False,0,,none,0,0,False,-1,0.625,risk_on,6,False
GLBE,39.72999954223633,-6.208689873041551,44.26288388333399,7.874009142015281,-9.917053636678563,0.6412996128230635,False,0.9266800085872322,9.061168714566065,23.232002090037508,-0.5506914055110945,False,True,False,False,26,43.333333333333336,True,0.4844797051439557,1.8279408010382974,True,0.5777799065541351,True,5.974920681468321,False,0,1,0.5751101960677689,False,1.511523715855107,True,5,3,True,False,False,25.0,16.076069007356878,10.609112008941734,0.6179276749126908,22.0,False,3,4,3,6,-6.1422210639048735,42.33000183105469,51152569.514857486,45.714285714285715,False,0.0,0,,,,0.0,0,,,,False,True,False,False,1,,power_play,6,6,True,0,0.75,risk_on,6,False
GLD,398.7099914550781,-19.598710150759548,17.55115279933419,17.55115279933419,-0.23990997935965552,0.3803246304964435,False,1.0342022000797746,3.7019336270407592,-1.3191805210179153,-2.4896727307249455,False,True,False,True,30,50.0,True,0.4723785843922415,0.719888639511747,True,0.6874980643837298,True,1.494245792665816,True,2,0,0.33613400951178884,False,0.5228901630249381,False,4,3,True,False,False,65.0,15.392856419496939,4.557192771579547,0.5354006182002018,19.0,False,1,2,3,4,-7.15151157663133,429.4200134277344,4511332467.77622,56.51567944250871,False,0.0,0,,,,0.0,0,,,,False,False,False,False,0,,none,0,0,False,-2,0.5,risk_on,6,False
GLDM,86.02999877929688,-19.42493070698844,17.930092362217522,17.930092362217522,0.13902958352367634,0.5862616288702678,False,1.037942980898438,3.696385389163865,-1.1603884715151613,-2.460315469419705,False,True,False,True,30,50.0,True,0.47651166982870796,0.7204177916784422,True,0.7092853892358388,True,1.5342799136770058,True,2,0,0.3378121499596421,False,0.5858580456951785,False,8,3,True,False,False,65.0,15.414935487727183,4.56817431237897,0.5394042819738404,19.0,False,1,2,3,4,-7.100053279296636,92.6050033569336,485705962.8430809,57.14285714285714,False,0.0,0,,,,0.0,0,,,,False,False,False,False,0,,none,0,0,False,-2,0.5,risk_on,6,False
GLL,22.782899856567383,-37.443984069186584,42.304181954147154,-37.443984069186584,-55.235046847880426,0.4974739135115636,False,0.9652403178018337,7.286165755293872,-1.372729522362759,4.893649064525385,True,True,False,True,21,35.0,False,0.4696214479768752,1.3963956516315708,True,-1.0277377572236952,True,-3.010216779227848,True,2,2,0.6619869591853684,True,2.375823890994284,True,3,0,False,False,False,25.0,17.88990446235277,9.129653980840702,0.720955719713053,3.0,False,1,4,6,6,-4.9920755150994705,23.979999542236328,77984908.52557507,8.641114982578397,False,0.0,0,,,,0.0,0,,,,True,True,False,False,2,power_play,sepa_vcp,6,6,True,0,0.75,risk_on,6,False
GLNG,51.369998931884766,-9.555674658424385,47.62471679752054,34.05992605484931,16.268863276155468,0.5322268839960891,True,0.9615650469724175,4.087993639250228,-1.7445774630057476,2.1475402598848836,False,True,False,True,25,41.66666666666667,True,0.4746242824554135,1.2735109125141522,True,0.49857218110221785,True,-0.19429237700918645,True,2,0,0.4782106590510485,False,0.9162566403202156,False,3,3,True,False,False,45.0,14.846844105880978,7.222119868231427,0.5289035133960523,26.0,False,4,2,3,5,-6.994296095437058,55.233170413502464,61246587.09141922,70.31358885017421,False,0.0,0,,,,0.0,0,,,,False,False,False,False,0,,none,0,0,False,-1,0.625,risk_on,6,False
GLPI,39.70500183105469,-15.902051572675235,1.3733241534901186,-8.46014090296734,-26.251203681661185,0.3635529830709149,False,0.8686244101888804,4.26898278971618,-10.83315485848515,-4.803311406130262,False,True,False,True,21,35.0,False,0.42807082939188557,0.7128828145076803,False,-3.772754506295724,True,-3.276485824612574,True,2,0,0.32515074452203935,False,0.3062685400504172,False,6,2,True,False,False,25.0,9.614203524274133,4.684549866704175,0.05597430736382897,19.0,False,0,2,3,4,-9.076055141148009,43.668366889153035,178017914.44862938,27.45644599303136,False,0.0,0,,,,0.0,0,,,,False,False,False,False,0,,none,0,0,False,-2,0.5,risk_on,6,False
GLW,159.1300048828125,-37.647289399133264,105.01346803862029,101.75683071685309,83.96576793815925,0.555416782341982,False,0.8382733071297132,11.009858905348526,21.9164630194407,7.014127873990916,False,True,False,False,23,38.333333333333336,False,0.40945074697270173,1.798640145132329,False,0.5857622895030231,True,10.814761921459738,False,0,0,0.33514129391320685,False,0.8873381477848792,False,3,1,False,False,False,35.0,24.89544411948616,18.192670181567404,0.6024891817671286,24.0,False,3,1,3,4,-9.89620836220767,176.60744569162884,1346079503.78714,91.49825783972125,True,0.0,0,,,,0.0,0,,,,False,False,False,False,0,,none,0,0,False,-2,0.5,risk_on,6,False
GLXY,26.1914005279541,-38.890806917934704,55.530880585705525,-20.31821910846564,-38.10928188715948,0.7902796393436502,False,0.9319701037838298,17.597376083039727,20.697694041952875,12.845332016734057,False,True,False,False,22,36.666666666666664,False,0.5315526489552334,3.732951481042436,True,1.8810262412081349,True,8.54289862777604,False,0,2,0.49685243502833465,False,1.3478636562980737,True,2,2,True,False,False,25.0,27.28924456381391,22.564657590969077,0.8230892291187872,9.0,False,1,4,4,4,-4.82776129255027,27.520000457763672,126365653.11391154,18.60627177700348,False,0.0,0,,,,0.0,0,,,,False,False,False,False,0,,none,0,0,False,-2,0.5,risk_on,6,False
GM,84.51000213623047,-6.218420275503888,54.00019185905867,44.522044615553625,26.73098183685978,0.492289740152638,False,1.1001112945845792,7.644064514469082,12.081786380228898,-1.8375177072103677,False,True,False,True,20,33.33333333333333,False,0.5285539202764438,1.5566804112392307,True,-0.11959628294925734,True,-3.040387120854293,True,2,0,0.4074929951400347,False,0.6700194988075406,False,8,1,False,False,False,45.0,18.562866244060114,7.644064514469082,0.5797519601275792,37.0,False,2,1,2,5,-7.801008153480193,91.6604405793407,594085543.759716,77.77003484320556,False,0.0,0,,,,0.0,0,,,,False,False,False,False,0,,none,0,0,False,-1,0.625,risk_on,6,False
GMAB,34.744998931884766,-1.6836480422583011,45.68133491050137,22.86067216501937,5.069609386325524,0.5077845911055153,False,0.9345751583974179,8.08749880464764,35.299838469557734,4.559131539327366,False,True,False,False,28,46.666666666666664,True,0.37743242248526665,0.8652417374897704,False,4.377019131603907,False,6.416530805811238,False,0,1,0.4219893704763731,False,1.3066046726645568,True,6,2,True,False,False,35.0,20.085351541430647,8.46165644491723,0.9426342046438797,1.0,True,5,3,3,5,-1.1522121661814433,35.150001525878906,65697151.67973137,61.602787456445995,False,0.0,0,,,,0.0,0,,,,False,False,False,False,0,,none,0,0,False,-1,0.625,risk_on,6,False
GME,22.93000030517578,-17.19032191071005,28.31560844044958,-12.07821943153844,-29.869282210232285,0.675757222747317,False,1.268191831171044,8.613172067965161,-0.4342178831445498,28.31560844044958,False,True,False,False,25,41.66666666666667,True,0.49467013368941587,1.6068302294908663,True,3.8208418650342897,True,6.059201734928488,False,0,3,0.6865601526971601,True,1.7800116738191416,True,2,1,False,True,False,65.0,23.020335587707663,19.12341984527601,0.9661653542290798,55.0,True,2,5,4,4,-0.7788849001377995,23.110000610351562,158768962.72154865,24.80836236933798,False,0.0,0,,,,0.0,0,,,,False,False,False,False,0,,none,0,0,False,-2,0.5,risk_on,6,False
GMED,74.12000274658203,-23.445566019203035,34.51906497128869,32.57020738484728,14.779144606153434,0.4269072104624117,False,0.8404542385663715,4.0744794394927375,-15.009742547080517,-10.666503970006925,False,True,False,True,22,36.666666666666664,False,0.42936589964577027,1.2291181330884735,False,-2.803251785427099,True,-2.1776349077288315,True,2,0,0.3956792813413431,False,0.9462377893606131,False,5,1,False,False,False,25.0,18.056027856860233,7.352947079981105,0.07975116294767425,22.0,False,1,1,3,4,-16.616038637060026,88.88999938964844,104158405.96630554,69.26829268292683,False,0.0,0,,,,0.0,0,,,,False,False,False,False,0,,none,0,0,False,-2,0.5,risk_on,6,False
GNRC,205.22999572753906,-30.55762678698568,50.494979156652285,12.590518489101953,-5.2005442895918925,0.705124471113957,False,1.0389035694240847,28.572821035136702,1.6745055842555034,11.659408226313573,False,True,False,False,16,26.666666666666668,False,0.48890695788376304,2.3571321209041947,True,0.22296873635984457,True,15.962256007447827,False,0,0,0.3116728093864284,False,0.2255668577942727,False,5,3,True,True,True,25.0,25.28785180214465,28.572821035136702,0.5453614607844693,2.0,False,1,2,2,3,-11.496832003225865,231.88999938964844,285902488.5368347,51.28919860627178,False,0.0,0,,,,0.0,0,,,,False,False,False,False,0,,none,0,0,False,-3,0.375,risk_on,6,False
GNTX,22.235000610351562,-21.502671895537507,8.564245484368382,-20.900534264578585,-38.69159704327243,0.3349625307804824,False,0.7968253223344981,3.328085229616118,6.003759288763155,-1.9188331031249617,False,True,False,True,20,33.33333333333333,False,0.46937306301112514,1.039870607300759,True,-2.5717605427024397,True,-1.5278977613825795,True,2,0,0.3488530150585054,False,0.2996446808517105,False,8,2,True,False,False,25.0,8.778463624728557,5.216999395412962,0.09669812593905479,22.0,False,0,2,3,4,-7.929602643593148,24.149999618530273,53581520.41287985,18.18815331010453,False,0.0,0,,,,0.0,0,,,,False,False,False,False,0,,none,0,0,False,-2,0.5,risk_on,6,False
GOOG,351.8500061035156,-11.715538232996925,48.54035666034362,38.21051549536962,20.419452716675774,0.5827517457049975,True,0.8300734178428737,5.024866383142744,17.814979297039457,2.682700222172696,False,True,False,True,25,41.66666666666667,True,0.502504942841033,0.9866669337121544,True,1.1063703496872284,True,1.7760593561656934,True,2,0,0.5918154833865499,False,0.8844760100867706,False,4,2,True,False,False,25.0,8.306817107648945,8.384254508530828,0.8888136007018008,1.0,True,5,3,4,6,-0.9236050838281717,355.1300048828125,5662285383.235181,73.72822299651568,False,0.0,0,,,,0.0,0,,,,False,True,False,False,1,,power_play,6,6,True,0,0.75,risk_on,6,False
GOOGL,355.6199951171875,-11.563974216016181,50.7143080708832,39.97520364679246,22.184140868098613,0.6409109468643845,True,0.8365875859699644,5.2865384542771805,17.877620252975056,2.6713326072097088,False,True,False,True,23,38.333333333333336,False,0.5041410479154653,1.0172571395658077,True,1.2658384251891908,True,1.7831020371371187,True,2,0,0.5939851885555072,False,0.9232028585263177,False,4,1,False,False,False,25.0,8.819277763108404,8.914012890806418,0.8794950834949063,1.0,True,4,2,4,6,-1.062766330478604,359.44000244140625,8613255882.589954,74.56445993031359,False,0.0,0,,,,0.0,0,,,,False,True,False,False,1,,power_play,6,6,True,0,0.75,risk_on,6,False
GPC,127.4800033569336,-12.192345852365527,40.4477855323069,-3.8041748000182896,-21.595237578712137,0.3877517916384098,False,0.8896892699935437,5.75776289975396,28.509860783911222,-6.5723588905963855,False,True,False,True,29,48.333333333333336,True,0.47014297817652206,0.970785070408606,True,-0.8609801555430477,True,-4.3014811711867385,True,2,0,0.3542264839328005,False,0.6022580135953235,False,5,2,True,False,False,45.0,21.724216234700684,7.789463188800758,0.6242955815955498,17.0,False,1,3,3,4,-8.161884025750743,138.80947143196846,140377625.30158615,32.40418118466899,False,0.0,0,,,,0.0,0,,,,False,False,False,False,0,,none,0,0,False,-2,0.5,risk_on,6,False
GPI,251.33999633789062,-44.54641346801782,1.9965904575537596,-44.54641346801782,-62.33747624671166,0.4087917264415562,False,0.8890880531347298,14.49431386383701,-21.701776874027733,-4.582721473121887,False,True,False,False,23,38.333333333333336,False,0.5458533508236781,2.186053331945546,True,-2.8153253012496284,True,-11.503120419838309,False,0,0,0.29274044346239514,False,1.0240474170647855,False,4,1,False,True,False,25.0,19.646877134803713,21.691734330721722,0.08521577880533815,10.0,False,0,1,2,3,-17.97265319866862,306.4100036621094,61740043.85484924,4.878048780487805,False,0.0,0,,,,0.0,0,,,,False,False,False,False,0,,none,0,0,False,-3,0.375,risk_on,6,False
GPK,9.364999771118164,-50.17796060675861,7.439812663588663,-50.02474865332821,-67.81581143202206,0.5031966939603173,False,0.9231580279338132,7.047515894742052,3.3788983502815118,-18.040886271219104,False,True,False,True,24,40.0,True,0.4346342065878308,1.8142190548843256,False,-3.604413482293211,True,-0.4782255700027771,True,2,0,0.27812966116567556,False,0.41611369322520375,False,6,1,False,False,False,25.0,23.330583089770883,10.871313033006574,0.06165133230188968,20.0,False,1,1,3,3,-21.892221558906567,11.989842699445061,57860721.69998646,3.2752613240418116,False,0.0,0,,,,0.0,0,,,,False,False,False,False,0,,none,0,0,False,-3,0.375,risk_on,6,False
GPN,86.2699966430664,-8.769115184147502,39.02037655902721,0.9796135609537071,-16.81144921774014,0.28201152281415165,False,0.9355619063635794,6.8969481624761295,22.21507797390414,-5.778426276427573,False,True,False,True,26,43.333333333333336,True,0.41182635954811836,1.2051726485912881,False,-0.27844384326860033,True,-4.346386176102557,True,2,1,0.40791338798850363,False,0.9061244295312344,False,2,1,False,False,False,55.0,25.479770934430118,9.434028714532094,0.6166293404291198,19.0,False,2,3,3,5,-9.768196588847411,95.60930113517325,222211746.56282997,37.70034843205575,False,0.0,0,,,,0.0,0,,,,False,False,False,False,0,,none,0,0,False,-1,0.625,risk_on,6,False
GRAL,109.75,-5.4368410230304365,163.5053925071472,163.5053925071472,145.71432972845335,3.0979873659468193,False,1.113850611909095,34.050109446184514,123.38692777115855,37.18749999999999,False,True,False,False,25,41.66666666666667,True,0.341758461667482,2.579232597014758,False,6.122401523231278,False,45.30650307660669,False,0,1,0.43682861297359726,False,1.3756609797465829,True,4,0,False,True,False,25.0,39.913894387526035,34.65147952555524,0.9608989244096735,0.0,True,9,2,3,4,-1.56067620155097,111.48999786376953,79023762.5929184,95.88850174216029,True,0.0,0,,,,0.0,0,,,,False,False,False,False,0,,none,0,0,False,-2,0.5,risk_on,6,False
GRML,9.649900436401367,-70.7578774654504,238.5930090985552,-65.03659310497625,-82.82765588367009,206.3968327037791,False,0.6821797252854002,91.81442264949469,-53.93842441537262,97.74385676437463,False,False,False,False,16,26.666666666666668,False,0.5279696511777728,7.7754500164498435,True,1.7925885575295766,True,196.00921670647256,False,0,1,0.22315916784591364,False,14.754826481328779,True,5,2,True,True,False,,,,,,False,1,3,3,3,,,92188953.87576494,0.8362369337979094,False,0.0,0,,,,0.0,0,,,,False,False,False,False,0,,none,0,0,False,-3,0.375,risk_on,6,False
GRMN,280.2300109863281,-10.168867417208084,52.25033475725374,21.155347230358544,3.364284451664698,0.2514757613320379,True,0.8162313749184832,4.664028409454122,18.370083718819743,-1.3586874203598276,False,True,False,True,23,38.333333333333336,False,0.46768963396667,1.0959029230256567,True,0.22093865961744527,True,-0.05349664522157349,True,2,0,0.4817022158671593,False,0.7628578509220016,False,7,1,False,False,False,65.0,27.29095038381199,5.545581181871801,0.615660239511504,29.0,False,3,2,5,6,-10.488997334017736,313.06767061031553,243564104.73046416,60.41811846689895,False,0.0,0,,,,0.0,0,,,,False,True,False,False,1,,power_play,6,6,True,0,0.75,risk_on,6,False
GS,958.0800170898438,-16.431089593430837,31.201165810362742,21.35699771065711,3.565934931963266,0.4651604788970855,False,0.9247275436041851,6.91800560648366,16.329889251857168,-6.887653020827811,False,True,False,True,24,40.0,True,0.3985633855681317,1.0518161023218509,False,-2.5568025603214593,True,-3.0724866955463725,True,2,0,0.5026509588756076,False,0.5126730799377536,False,8,2,True,False,False,25.0,12.882161827032784,12.717097074041883,0.2646391865246216,18.0,False,1,2,2,4,-9.473037000448292,1058.3366384384155,1974428206.8587036,60.62717770034843,False,0.0,0,,,,0.0,0,,,,False,False,False,False,0,,none,0,0,False,-2,0.5,risk_on,6,False
GSG,35.8849983215332,-3.4051228866423977,59.844085086947054,58.01408968822281,40.22302690952897,1.4837119132123484,True,1.0358990820868528,4.625888045300555,19.57680122573684,7.472294032620641,False,True,False,True,36,60.0,True,0.4559408314498394,0.6479096583775357,True,4.108169481243841,False,-1.6849361053884793,True,2,2,0.6125807244334422,True,4.35088252073462,True,5,2,True,False,False,35.0,18.659515353440913,6.297891674073355,0.7966952440145967,4.0,False,6,4,6,6,-3.7935682157371864,37.29999923706055,55965094.330574036,82.92682926829268,True,0.0,0,,,,0.0,0,,,,True,True,False,False,2,power_play,sepa_vcp,6,6,True,0,0.75,risk_on,6,True
GSK,51.255001068115234,-14.006721025473833,34.28744761030009,30.49028921698975,12.699226438295906,0.64054000691945,False,0.9423884829015897,3.5411151865882227,0.38563794517196825,0.8559649270035719,False,True,False,True,23,38.333333333333336,False,0.524757423433394,0.7883419622108392,True,0.40247585973707856,True,2.4075961027436366,True,2,0,0.504014480065749,False,1.1661938257441935,False,4,2,True,False,False,25.0,9.631732229148394,6.760316223548772,0.6676472678178071,22.0,False,2,3,4,5,-3.201132522004746,52.95000076293945,137111428.12999955,67.52613240418118,False,0.0,0,,,,0.0,0,,,,False,False,False,False,0,,none,0,0,False,-1,0.625,risk_on,6,False
GT,5.019999980926514,-52.37191651712347,0.0,-40.80188382176906,-58.59294660046291,0.9744056446354966,False,0.8941058034974141,8.764941412195993,-20.944881002844873,-20.944881002844873,False,True,False,False,19,31.666666666666664,False,0.5929088673566041,2.5487603055876464,True,-5.104916383006269,True,-5.639101147644821,False,0,0,0.23661702643781246,False,0.3168662374072023,False,7,3,True,False,False,25.0,25.379940663484852,26.095616489180973,0.06586834041260403,17.0,False,0,2,2,2,-23.708206092210737,6.579999923706055,51983188.28787947,6.620209059233449,False,0.0,0,,,,0.0,0,,,,False,False,False,False,0,,none,0,0,False,-4,0.25,risk_on,6,False
GTLB,49.619998931884766,-2.78213549798465,155.50977722423417,-1.1553821160155797,-18.946444894709426,0.1646273167696342,False,1.177436039318961,5.259969471658267,122.81094706752218,10.586137983222986,False,True,False,True,28,46.666666666666664,True,0.5083443804782138,2.398667893400954,True,3.4990646197877386,True,0.7512668667710942,True,2,0,0.4576787312543109,False,0.6765872670571678,False,5,2,True,True,False,25.0,27.74077418372173,9.39137434043291,0.615184921226872,12.0,False,7,3,4,6,-10.675068202736437,55.54999923706055,273182861.8741453,35.54006968641115,False,0.0,0,,,,0.0,0,,,,False,True,False,False,1,,power_play,6,6,True,0,0.75,risk_on,6,False
GTX,26.600000381469727,-26.361586578246044,116.01747215278841,98.38663972967414,80.5955769509803,0.21736328300964,False,0.7991704910263114,6.616542118953875,48.91150183095425,0.07200043455712901,False,True,False,True,22,36.666666666666664,False,0.39536565974985166,1.3380778042002581,False,-2.5768001495191633,True,1.5073476775946837,True,2,1,0.33782681685949406,False,1.32163016933135,True,3,1,False,False,False,25.0,12.800986195223182,11.090221102575128,0.31340626131097243,24.0,False,3,2,3,4,-8.789076970684917,29.163174209870146,80074761.09295368,91.0801393728223,True,0.0,0,,,,0.0,0,,,,False,False,False,False,0,,none,0,0,False,-2,0.5,risk_on,6,False
GVA,116.55000305175781,-27.273891473086685,18.686167533621912,6.404893313304871,-11.386169465388974,0.17134224019034985,False,0.844172049913365,5.585587272219539,-2.4022371959509736,-4.872668751943232,False,True,False,True,20,33.33333333333333,False,0.3668722596986536,1.0361311340222006,False,-1.5196794997106216,True,1.8704652750196171,True,2,0,0.5089111374383759,False,1.1548229142556208,False,6,3,True,False,False,45.0,16.283028245966573,6.349207492163424,0.3875712586215196,24.0,False,0,2,2,4,-9.972194494507558,129.4600067138672,55002940.79119339,43.55400696864111,False,0.0,0,,,,0.0,0,,,,False,False,False,False,0,,none,0,0,False,-2,0.5,risk_on,6,False
GWRE,148.80999755859375,-41.46638867977052,44.91186485607792,-39.20415289409856,-56.99521567279241,0.27497773716805174,False,1.1862401813862515,8.184929020636126,-5.101715531250306,-27.709500536151655,False,True,False,False,31,51.66666666666667,True,0.4620677704939072,2.27020333608537,True,-1.4029503582447285,True,-2.738563687193629,True,1,0,0.44484668555910406,False,0.716829123464121,False,3,1,False,True,False,25.0,33.76066374149557,16.37658458235768,0.16231255705708617,14.0,False,1,1,3,2,-28.28088408166898,207.49000549316406,283306870.8326721,7.7351916376306615,False,0.0,0,,,,0.0,0,,,,False,False,False,False,0,,none,0,0,False,-3,0.375,risk_on,6,False
GWW,1275.330078125,-8.859252394041228,39.71396059873913,30.200034408438125,12.40897162974428,0.3533560147849462,False,0.8436351756797944,2.307642093269359,21.426409638330156,-2.3708160105259113,False,True,False,True,22,36.666666666666664,False,0.4612947591297913,0.9527398985034299,True,-1.887489470731741,True,-0.1706391045049327,True,2,0,0.45019815388568063,False,0.4817114859437751,False,6,3,True,False,False,25.0,6.529342274962392,5.430751689590164,0.28308272305153476,17.0,False,2,2,2,5,-4.680998284030535,1337.9599609375,297297109.2954712,67.45644599303135,False,0.0,0,,,,0.0,0,,,,False,False,False,False,0,,none,0,0,False,-1,0.625,risk_on,6,False
GXO,45.243499755859375,-31.02073138899888,0.0,-8.893475845999,-26.684538624692845,0.30984038340399983,False,0.8784708261886798,5.067025218223602,-12.08025542015414,-4.950627718072065,False,True,False,True,20,33.33333333333333,False,0.44696379911756134,1.374216563162699,True,-2.3428271816080186,True,-3.59365126432869,True,2,0,0.4404213600624251,False,0.7725348045733703,False,6,2,True,False,False,25.0,7.901733707728116,7.758016821142648,0.06567313156269303,24.0,False,0,2,3,4,-7.382802110367126,48.849998474121094,61224787.25914478,26.89895470383275,False,0.0,0,,,,0.0,0,,,,False,False,False,False,0,,none,0,0,False,-2,0.5,risk_on,6,False
H,157.5449981689453,-21.976248437427024,16.749496726958423,10.530044588332178,-7.261018190361668,0.4391086381291196,False,0.83378847139488,6.480682708904103,8.427797984635088,-8.537011222673263,False,True,False,True,20,33.33333333333333,False,0.42533621260845295,1.1890537986582472,False,-4.026835914766447,True,-3.765810452684848,True,2,0,0.3614890737493215,False,0.3984537110547412,False,6,3,True,False,False,25.0,16.305762885313577,8.879996443538412,0.11270435261623753,22.0,False,0,2,2,4,-14.46803243541044,184.19428741654403,118253866.14951095,48.98954703832752,False,0.0,0,,,,0.0,0,,,,False,False,False,False,0,,none,0,0,False,-2,0.5,risk_on,6,False
HAE,108.67500305175781,-0.11488970265978171,127.97358344048418,114.77273978049358,96.98167700179974,0.22663046498519382,False,0.9227270215057911,6.634459518753181,85.89634750887735,4.535402086194695,False,True,False,True,26,43.333333333333336,True,0.31853573879661384,0.7254734218910363,False,5.37342920645684,False,2.2246313117076033,True,2,0,0.5705635934786707,False,0.8134814880451845,False,4,3,True,False,False,25.0,19.36622904541317,9.128132404303491,0.9170175807792041,1.0,True,9,2,4,6,-1.607056537372431,110.44999694824219,63851125.79707794,93.03135888501743,True,0.0,0,,,,0.0,0,,,,False,True,False,False,1,,power_play,6,6,True,0,0.75,risk_on,6,False
HAL,33.46500015258789,-21.444066797332805,56.47390069476086,51.67748821850316,33.886425439809315,0.3820680481597913,False,0.9682707099656395,9.308237454844027,-9.988431311489121,-7.074879162320613,False,True,False,False,22,36.666666666666664,False,0.48535895853631184,1.5840528767007418,True,-0.7633097839989419,True,-4.413019831523524,True,1,0,0.3483136346116603,False,0.4275761381926238,False,5,2,True,False,False,35.0,18.402865873121574,14.83639662318645,0.34395841282008943,11.0,False,1,2,2,3,-12.073045336061682,38.060001373291016,407205496.7362049,80.41811846689896,True,0.0,0,,,,0.0,0,,,,False,False,False,False,0,,none,0,0,False,-3,0.375,risk_on,6,False
HALO,112.2249984741211,-0.20008757690287426,82.0947534141478,44.22953604337489,26.438473264681047,0.9420078752592623,True,0.9578545246732673,7.101805595070687,78.53165349101235,6.525866254937651,False,True,False,True,29,48.333333333333336,True,0.41678937222988566,1.1134953043682472,False,5.639743755440896,False,3.969794270702276,True,2,1,0.5339187075104314,False,1.977026725964368,True,5,3,True,False,False,25.0,13.122410530944533,7.101805595070687,0.9163866489176917,0.0,True,9,3,5,5,-1.0972087187700486,113.47000122070312,211392621.47148627,77.42160278745645,False,0.0,0,,,,0.0,0,,,,False,False,False,False,0,,none,0,0,False,-1,0.625,risk_on,6,False
HAS,88.32499694824219,-14.729943100676179,28.50519423908939,22.959442589179304,5.168379810485458,0.37191439638781665,False,0.8833877871080521,5.932632940638687,-3.520211451700328,-6.266588345883683,False,True,False,True,23,38.333333333333336,False,0.46278279279314927,1.026287094414242,True,-1.138443174522818,True,-2.6829056089414216,True,2,0,0.35569660364714284,False,0.47412213900163186,False,4,2,True,False,False,45.0,18.12958675526271,7.562978246226505,0.445326107268792,17.0,False,0,2,2,4,-10.056008459149723,98.19999694824219,129113644.1586525,61.74216027874564,False,0.0,0,,,,0.0,0,,,,False,False,False,False,0,,none,0,0,False,-2,0.5,risk_on,6,False
HBAN,16.0049991607666,-14.503119363980066,9.633140105461035,-6.2055030415592904,-23.996565820253135,0.5190626677680887,False,1.0535912668856515,8.290363542240463,6.6665742951630635,-4.4718499623977,True,True,False,False,26,43.333333333333336,True,0.3281673771120096,0.7720551602931152,False,-2.8339208176135213,True,-3.6173906651206345,True,1,0,0.4819479037714304,False,0.621438367106414,False,7,2,True,False,False,25.0,14.041856006564265,8.723432200164147,0.21700554585624937,24.0,False,1,2,3,4,-10.994695379024932,17.982073348238224,426518475.61415064,29.825783972125436,False,0.0,0,,,,0.0,0,,,,False,False,False,False,0,,none,0,0,False,-2,0.5,risk_on,6,False
HBM,26.514999389648438,-16.75908906399801,97.44893600324691,91.18974200001733,73.39867922132349,0.7367882432078543,True,1.0277972037986076,9.843487348412,40.73676168986615,-9.451125740092248,False,True,False,False,25,41.66666666666667,True,0.5302897316089596,2.258508019421968,True,0.5234449413747116,True,3.4529857895452487,True,1,0,0.5318790260071953,False,0.6631418802528645,False,5,2,True,False,False,55.0,36.080467244925494,19.158966775949867,0.613468250141921,18.0,False,5,2,4,3,-13.946246139878149,30.812135671324558,104182057.91963978,90.45296167247386,True,0.0,0,,,,0.0,0,,,,False,False,False,False,0,,none,0,0,False,-2,0.5,risk_on,6,False
HCA,428.6600036621094,-20.945258780266883,19.094171373881608,7.281161059399022,-10.509901719294824,0.3910129988714806,False,1.0644246642464663,6.3346498584846795,-12.9946485474828,2.7835795136942343,False,True,False,True,23,38.333333333333336,False,0.3626136000951278,1.2308635651007962,False,1.610303564207255,True,0.9307817690221265,True,2,0,0.5463330064978504,False,0.6416944685892716,False,6,1,False,False,False,55.0,18.985072355968015,9.534086085761352,0.9096633367109456,1.0,True,1,2,3,5,-1.7150480889394193,436.1400146484375,622761472.7917023,44.66898954703833,False,0.0,0,,,,0.0,0,,,,False,False,False,False,0,,none,0,0,False,-1,0.625,risk_on,6,False
HCC,88.80000305175781,-19.40758255443862,44.17343233515014,41.720479126317976,23.92941634762413,0.2628418801769324,False,1.0814678588515998,9.740992374557894,2.8517989397931487,-17.063600163575586,False,True,False,False,30,50.0,True,0.37023070572663885,1.6664506000160926,False,-0.9553103842333807,True,-6.976740096992251,False,0,0,0.3043781723067784,False,0.1694140894030578,False,7,2,True,False,False,25.0,21.6388449170442,22.500003007081073,0.0618003092262193,12.0,False,2,2,3,2,-20.301557609872667,111.41999816894531,61058396.24023285,75.88850174216027,False,0.0,0,,,,0.0,0,,,,False,False,False,False,0,,none,0,0,False,-3,0.375,risk_on,6,False
HD,298.6400146484375,-26.123524804898967,1.8780077341549406,-26.123524804898967,-43.91458758359281,0.6005602483428109,False,0.7952109226981778,5.270556342861254,-8.40215143420523,-8.888585985999187,False,True,False,True,21,35.0,False,0.4504690237491885,0.8590392741912944,True,-4.92964652738822,True,-3.934114150881529,True,2,0,0.26546797372356595,False,0.30112273757812447,False,7,3,True,False,False,25.0,15.07796036735487,8.742962788258458,0.061967698922558025,22.0,False,0,2,2,4,-14.14361385894436,347.8366934263856,1216783960.8714478,14.703832752613241,False,0.0,0,,,,0.0,0,,,,False,False,False,False,0,,none,0,0,False,-2,0.5,risk_on,6,False
HDB,23.655000686645508,-36.37708312941427,8.31044194769639,-33.27221388560535,-51.063276664299195,0.41377465005491393,False,1.072298190397412,6.40456286481418,-6.870074638157564,2.4913378026004906,True,True,False,True,25,41.66666666666667,True,0.5814284208313933,1.2187085041275771,True,0.19126760281835595,True,3.3420765285953946,True,2,1,0.40075877934981585,False,1.2683872224386443,True,5,1,False,True,True,35.0,10.705491357042611,8.476005506516552,0.7222226688132266,34.0,True,2,4,5,5,-2.973742818202363,24.3799991607666,259559032.76939392,9.965156794425086,False,0.0,0,,,,0.0,0,,,,False,False,False,False,0,,none,0,0,False,-1,0.625,risk_on,6,False
HEI,304.1669921875,-18.81736427082197,16.586093880698783,-4.5054206676265025,-22.296483446320348,0.35979951832324414,False,0.8084710426985803,3.797252196861947,8.81062020327732,-9.616678070064467,False,True,False,True,17,28.333333333333332,False,0.4810829764764823,1.4353095532390765,True,-5.014208953477936,True,0.13728137860082867,True,2,0,0.47913453159818353,False,0.36588481027346925,False,6,3,True,False,False,25.0,21.610144906750666,10.047111732543094,0.13094014360948356,24.0,False,0,2,3,4,-18.78050942923899,374.5,171582045.7402954,31.70731707317073,False,0.0,0,,,,0.0,0,,,,False,False,False,False,0,,none,0,0,False,-2,0.5,risk_on,6,False
HEI-A,227.10000610351562,-17.714650484145423,12.88480501670264,-8.754236827807638,-26.545299606501484,0.32571062922147176,False,0.8255577394298403,4.103922093234356,6.658467402082691,-9.18179304136727,False,True,False,True,18,30.0,False,0.5435119623809733,1.4048262828218416,True,-4.201785952344412,True,-0.2766388424198518,True,2,0,0.3704496049725636,False,0.33514728234728236,False,9,3,True,False,False,25.0,20.113855151533848,9.396739658458456,0.14840359932398484,24.0,False,0,2,3,4,-17.12888665076495,274.0400085449219,81784130.8624382,27.177700348432055,False,0.0,0,,,,0.0,0,,,,False,False,False,False,0,,none,0,0,False,-2,0.5,risk_on,6,False
HESM,40.04999923706055,-2.2455502959020657,37.29995607888903,23.243786082044604,5.4527233033507585,0.28544576416451173,True,1.0018907996405688,3.1960115315300213,3.9726286780325415,1.238619430636212,True,True,False,True,30,50.0,True,0.39820985796421837,0.8367622368160034,False,0.36760902659269007,True,0.4011026569572529,True,2,0,0.48812527502628067,False,0.960404118250043,False,4,1,False,False,False,65.0,14.920678219384722,5.043696619835264,0.7940057948172826,9.0,False,5,2,6,6,-3.0735732505892344,41.31999969482422,52293217.467559814,62.160278745644604,False,0.0,0,,,,0.0,0,,,,True,True,False,False,2,power_play,sepa_vcp,6,6,True,0,0.75,risk_on,6,False
HIG,131.7465057373047,-9.167745242876634,9.601148495931255,2.4115795100905224,-15.379483268603323,0.32454272939741896,False,0.8566185198851638,4.967038404176722,-1.829786459914473,-4.493373933504385,False,True,False,True,21,35.0,False,0.46858430450441463,0.7356469021571034,True,-2.8690259769029316,True,-4.247031583775618,True,2,0,0.351716777945319,False,0.2522041019309257,False,7,2,True,False,False,65.0,12.432394003192579,5.832336032579508,0.24308506066201468,36.0,False,1,2,2,5,-9.41026475275244,145.43204633254254,198519033.51167297,39.02439024390244,False,0.0,0,,,,0.0,0,,,,False,False,False,False,0,,none,0,0,False,-1,0.625,risk_on,6,False
HII,276.17999267578125,-38.58321805357089,3.5096466128339943,2.049891295522821,-15.741171483171025,0.4256795094719502,False,0.7260610601034435,4.743285701688843,-29.73085119872013,-6.128275484501966,False,True,False,True,16,26.666666666666668,False,0.3838533513769523,0.9168111341312245,False,-2.885988808280795,True,-1.36781434815475,True,2,0,0.42723475407899975,False,0.3822161055132301,False,8,3,True,False,False,25.0,17.063447458313366,8.273592117275548,0.1084904377493729,24.0,False,0,2,3,4,-15.212226574047527,325.73091793355906,119708302.39468384,38.397212543554005,False,0.0,0,,,,0.0,0,,,,False,False,False,False,0,,none,0,0,False,-2,0.5,risk_on,6,False
HIMS,28.940000534057617,-53.887824556986665,99.31129216035075,-49.94811365132505,-67.7391764300189,0.4965691742676203,False,0.5650498705586569,5.874225057248469,28.85129881445454,0.34674195887878234,False,True,True,True,20,33.33333333333333,False,0.4813318958328742,2.775181717246713,True,-0.9621522298643966,True,0.45123592684863656,True,3,0,0.5291413979163918,False,0.8192328951403108,False,4,3,True,False,False,25.0,22.422804307233243,9.364205051178434,0.2860471776134694,20.0,False,1,2,3,5,-16.008824420970026,34.45600128173828,265907025.85510874,3.414634146341464,False,0.0,0,,,,0.0,0,,,,False,False,False,False,0,,none,0,0,False,-1,0.625,risk_on,6,False
HL,18.405000686645508,-42.10502885082617,68.23650449606045,68.08300612131212,50.29194334261828,0.8201496413787367,False,1.0710440376609047,9.182289981026,3.3844831579924017,-9.690866317223158,False,True,False,False,26,43.333333333333336,True,0.4989166894098619,2.475039542600261,True,0.5889709791643677,True,-2.2050957221473433,True,1,0,0.38165492445678384,False,0.600682261861121,False,6,3,True,False,False,25.0,18.90272144084049,19.505569240172647,0.19878059956800884,15.0,False,3,2,3,3,-15.14522713936316,21.690000534057617,630241504.7477295,86.41114982578398,True,0.0,0,,,,0.0,0,,,,False,False,False,False,0,,none,0,0,False,-3,0.375,risk_on,6,False
HLI,133.65499877929688,-34.992325660081924,8.891015796954239,-34.84906647665085,-52.64012925534469,0.5005234957954244,False,0.9317893345975155,6.509294098762743,-3.840014947852133,1.0078280019054864,False,True,False,True,25,41.66666666666667,True,0.34528880982698024,0.9764302777515105,False,0.26115003982927615,True,-3.022063795950747,True,2,2,0.3492011525637628,False,1.9021233628448087,True,2,1,False,False,False,35.0,15.057180826437353,8.940927804709418,0.6504675397563687,7.0,False,2,4,4,6,-5.262973458597886,141.0800018310547,105689605.67875214,9.198606271777003,False,0.0,0,,,,0.0,0,,,,False,True,False,False,1,,power_play,6,6,True,0,0.75,risk_on,6,False
HLN,9.320799827575684,-15.64791082966035,9.01926170366485,3.782538870799357,-14.008523907894489,1.846112967065431,False,1.023693569233073,2.950386486325822,-4.265046917004966,-7.806131116733795,False,True,False,True,24,40.0,True,0.40523027958646163,0.6196418221567584,False,-2.2792713512482523,True,-0.7369596721716776,True,2,1,0.5614291436009482,False,1.6702364742600062,True,7,1,False,False,False,65.0,15.129045213673379,3.6477470303319146,0.3949386971063909,17.0,False,1,2,3,4,-9.15399980852154,10.260000228881836,152994361.79558307,40.20905923344948,False,0.0,0,,,,0.0,0,,,,False,False,False,False,0,,none,0,0,False,-2,0.5,risk_on,6,False
HLNE,88.63500213623047,-41.645109679939274,20.11790355945009,-40.05241713142653,-57.84347991012038,0.34962771412011234,False,0.9943922366576645,12.094546130011558,-12.46624874737231,-16.413616209945047,False,True,False,False,22,36.666666666666664,False,0.45020497330184234,1.7403654192701785,True,-1.9503182346055445,True,-7.93081414050909,False,0,0,0.3000935268367005,False,0.6029316201393371,False,6,1,False,False,False,25.0,21.869311412409402,19.427992108846887,0.11589695395693503,14.0,False,0,1,2,2,-19.33472483457551,109.87999725341797,54250509.2769043,7.177700348432056,False,0.0,0,,,,0.0,0,,,,False,False,False,False,0,,none,0,0,False,-4,0.25,risk_on,6,False
HLT,307.3559875488281,-12.199207621866536,19.945057065194092,14.649102706003326,-3.1419600726905195,0.46002794752281917,False,0.8258736136169484,3.0388302925072987,2.3177911784408867,-4.503345744857878,False,True,False,True,22,36.666666666666664,False,0.5848303643497792,1.108170808022599,True,-1.9589802256227369,True,-1.0444360885190518,True,2,0,0.4321164604037179,False,0.5847150222508933,False,4,2,True,False,False,25.0,10.620425741627185,4.245886958976377,0.20635551761581752,22.0,False,0,2,3,4,-8.428842290413352,335.6471570705618,491500065.8407593,53.65853658536586,False,0.0,0,,,,0.0,0,,,,False,False,False,False,0,,none,0,0,False,-2,0.5,risk_on,6,False
HMY,19.084999084472656,-25.29895056825524,46.03719016466561,15.237880257147918,-2.553182521545928,1.1012430438441554,False,0.9677170499926286,6.968823618064136,38.15450218304315,-5.659913414101336,True,True,False,True,25,41.66666666666667,True,0.34044911731371147,1.253221833594242,False,0.5591313701570716,True,-2.7763632174942043,True,2,0,0.4274006020486175,False,0.8686548796166493,False,4,1,False,False,False,25.0,20.261718177289705,11.579780444523685,0.04062492673597493,19.0,False,2,1,4,4,-19.438587360792337,23.690000534057617,91642705.93382224,54.42508710801393,False,0.0,0,,,,0.0,0,,,,False,False,False,False,0,,none,0,0,False,-2,0.5,risk_on,6,False
HNGE,94.55000305175781,-0.36880765910805025,203.33655059457936,66.1395243459262,48.34846156723236,0.25462632857504214,True,0.8985278692532025,5.3305137523563975,124.53099425630344,8.242707159027418,True,True,False,True,26,43.333333333333336,True,0.4243751217122096,2.1428343187631516,False,1.980276415122903,True,-0.2531890088105504,True,2,1,0.5117303122287155,False,0.9920782158414703,False,2,3,True,False,False,35.0,22.211877102503507,10.967744486380784,0.9017233120454168,2.0,True,10,4,6,6,-2.1829097148882926,96.66000366210938,188037821.020047,85.99303135888502,True,0.0,0,,,,0.0,0,,,,True,True,False,False,2,power_play,sepa_vcp,6,6,True,0,0.75,risk_on,6,True
HON,206.66000366210938,-19.880762348625137,6.152013324189287,1.8131282146733652,-15.97793456402048,0.2853624533843663,False,0.7657995602887565,5.167905006545493,-10.888401254619762,-4.953313423383799,False,True,False,True,18,30.0,False,0.4449410020438988,0.9265173283353477,True,-4.063631653805202,True,2.6219081593375826,True,2,0,0.5299217808190767,False,0.4999264191183368,False,3,2,True,False,False,25.0,15.375696132663688,6.585696491423669,0.27046676790871504,24.0,False,0,2,2,4,-11.217081295315612,232.77000427246094,632722722.8654473,38.257839721254356,False,0.0,0,,,,0.0,0,,,,False,False,False,False,0,,none,0,0,False,-2,0.5,risk_on,6,False
HOOD,124.83999633789062,-18.11623321505754,91.58991608603185,0.048082672848770436,-17.742980105845074,0.8613228574635305,False,1.1762814651863736,19.789332390068633,72.21685752081612,19.739107788209598,False,True,False,False,20,33.33333333333333,False,0.48539997537807167,3.2072214861317345,True,2.915969591102543,True,9.19268288158217,False,0,0,0.4590072187477704,False,0.7978827983439668,False,6,2,True,True,True,25.0,27.663950801059244,19.789332390068633,0.955104167302995,0.0,True,3,3,4,3,-1.241996106902532,126.41000366210938,2631294739.6054697,36.72473867595819,False,0.0,0,,,,0.0,0,,,,False,False,False,False,0,,none,0,0,False,-2,0.5,risk_on,6,False
HP,40.59000015258789,-14.798487253113656,103.36523529889577,103.36523529889577,85.57417252020193,0.2501300947594639,True,1.1651934908412698,9.632914098825939,10.633388280441114,-4.606343406853741,False,True,False,False,26,43.333333333333336,True,0.46730374787550105,1.8788474456038289,True,0.5276540301394377,True,-4.785364448543605,True,1,0,0.33922646779809895,False,0.6369766228279979,False,6,3,True,False,False,25.0,17.583553514574092,14.510961733201446,0.10507670156042334,12.0,False,4,2,3,3,-15.735931709551455,48.16999816894531,57175745.98499222,91.77700348432056,True,0.0,0,,,,0.0,0,,,,False,False,False,False,0,,none,0,0,False,-3,0.375,risk_on,6,False
HPE,61.41999816894531,-0.8288772424993818,212.3252287123247,150.21016499910488,132.41910222041102,0.46277120513183057,True,1.311479475194741,14.618552061152137,178.46644667872192,17.712387546976373,False,True,False,False,26,43.333333333333336,True,0.518007482561214,3.2175439502136207,True,2.0760881738995898,True,11.126783038318266,False,0,0,0.54318374625294,False,0.8984424703798872,False,3,2,True,True,False,25.0,28.617642761386747,19.847918735436693,0.8664910115850377,0.0,False,12,2,4,5,-3.8207125358935112,63.859901428222656,1478972101.5624695,95.26132404181185,True,0.0,0,,,,0.0,0,,,,False,False,False,False,0,,none,0,0,False,-1,0.625,risk_on,6,False
HPQ,33.03499984741211,-6.891205542191814,88.51619740032666,23.290365709214946,5.4993029305211,0.5606280343409964,True,1.1991983450063757,7.840170015289967,82.20268704941407,9.292399577138344,False,True,False,True,28,46.666666666666664,True,0.5305817180854071,2.8159349130035287,True,2.2631791929285425,True,-2.8953574282706285,True,2,1,0.4408450129673934,False,1.8324188142986737,True,5,2,True,False,False,25.0,26.931459301936968,17.064647819621612,0.6725518012050092,6.0,False,6,3,4,5,-8.81865783933986,36.22999954223633,575246627.8170002,62.299651567944245,False,0.0,0,,,,0.0,0,,,,False,False,False,False,0,,none,0,0,False,-1,0.625,risk_on,6,False
HQY,94.97000122070312,-11.06845172159333,29.722718765674205,1.3121435726093589,-16.478919206084488,0.22134472946394945,False,0.7925237185728927,4.685686944344384,16.327782864663853,-1.4527357953495135,False,True,False,True,29,48.333333333333336,True,0.33423851343122796,1.0177300737055193,False,-1.9185618728567877,True,-1.1141187886548942,True,2,1,0.49314066846661486,False,1.516795979230938,True,4,2,True,False,False,25.0,16.564730833407275,7.054856125222004,0.357568855248184,21.0,False,2,3,3,5,-10.641698991811532,106.27999877929688,90200265.53502846,38.048780487804876,False,0.0,0,,,,0.0,0,,,,False,False,False,False,0,,none,0,0,False,-1,0.625,risk_on,6,False
HR,18.18000030517578,-15.844049251712622,15.492364874484664,5.721646517206791,-12.069416261487055,0.7095613152446711,False,0.9230786123353109,4.895496600974699,6.014595370643483,-4.265400082701998,False,True,False,True,20,33.33333333333333,False,0.40967717016098504,0.6252920712884804,False,-4.947940291742298,True,-3.961965070834872,True,2,0,0.26117611695686865,False,0.22444892301425667,False,8,3,True,False,False,25.0,7.641365583947489,6.160620574437164,0.03333409627278646,11.0,False,0,2,2,4,-7.386647567916627,19.6299991607666,65760358.9863327,42.64808362369338,False,0.0,0,,,,0.0,0,,,,False,False,False,False,0,,none,0,0,False,-2,0.5,risk_on,6,False
HRB,44.310001373291016,-17.472096851980957,61.66774300403905,-7.954156171883453,-25.745218950577296,0.32166901915598445,False,0.7952417964588554,4.874745611527118,43.146770100004694,-14.798746935224138,False,True,False,True,26,43.333333333333336,True,0.3756852161910424,1.2184910047461341,False,-1.536448012463281,True,-3.126366971361494,True,2,0,0.4090105567549808,False,0.21470845098425093,False,7,3,True,False,False,25.0,19.42245227175522,11.983753574180104,0.056948474224765996,19.0,False,2,2,3,3,-18.31637324917542,54.24587905292013,80095112.363307,28.013937282229968,False,0.0,0,,,,0.0,0,,,,False,False,False,False,0,,none,0,0,False,-3,0.375,risk_on,6,False
HRI,139.66000366210938,-21.74397642253727,54.96090320909439,19.548654996356163,1.7575922176623173,0.2514093001501612,False,0.9650200542144223,9.222400504853292,35.4680312598564,-6.801786096857832,False,True,False,False,17,28.333333333333332,False,0.4702892030335538,2.3768454439956166,True,-1.8259738786448572,True,-0.5412295376343468,True,1,0,0.3255500026701651,False,0.2602318709506397,False,9,0,False,False,False,25.0,23.432539434036332,14.127173470553902,0.13573263315513706,24.0,False,1,1,3,3,-20.251979155142998,175.12660776097007,113932882.74310455,59.09407665505226,False,0.0,0,,,,0.0,0,,,,False,False,False,False,0,,none,0,0,False,-3,0.375,risk_on,6,False
HRL,20.645000457763672,-21.189989778801856,5.838576488792957,-12.456574759191252,-30.247637537885097,0.25994917184579874,False,0.7170041201839152,2.591425698956183,-5.4860550811197895,-4.288359991412072,False,True,False,True,20,33.33333333333333,False,0.4417675607307867,1.1192572152914242,True,-7.850349885504833,True,-1.5028561091032566,True,2,0,0.28401828614239805,False,0.5654034538161232,False,6,3,True,False,False,25.0,17.713363894934883,5.715671005141757,0.046590895790697945,22.0,False,0,2,3,4,-16.888082403603267,24.84000015258789,125975322.17610875,24.459930313588853,False,0.0,0,,,,0.0,0,,,,False,False,False,False,0,,none,0,0,False,-2,0.5,risk_on,6,False
HSBC,103.2699966430664,-3.7932078561483062,64.5071150716867,54.9287415956013,37.13767881690745,0.6757823203814326,True,1.019821706523264,3.766824359541231,30.707414826756583,-0.2511370030871318,False,True,False,True,28,46.666666666666664,True,0.3693598675486647,0.45968326082445954,False,0.0927297625188628,True,-0.6446082187823166,True,2,0,0.485629394255289,False,0.7561339922968867,False,6,1,False,False,False,65.0,13.616406656740812,7.059166410863632,0.7156156959924427,10.0,False,6,2,4,5,-3.872292330161109,107.43000030517578,133142794.60048637,81.74216027874564,True,0.0,0,,,,0.0,0,,,,False,False,False,False,0,,none,0,0,False,-1,0.625,risk_on,6,False
HSIC,85.2300033569336,-6.196342962358015,37.401265571812246,25.596820793326614,7.805758014632769,0.731095838259162,False,0.9195734362133365,5.608352212868962,14.464147736884447,-4.792217880925365,False,True,False,True,28,46.666666666666664,True,0.3651971858308275,0.7207704506835589,False,-1.5329347998939806,True,-4.160572287805165,True,2,0,0.372409456678972,False,0.6588035419344831,False,7,2,True,False,False,65.0,14.710346619333189,6.852042834532555,0.4874632596200156,33.0,False,2,2,2,5,-7.539593106132758,92.18000030517578,87658902.13452835,64.66898954703832,False,0.0,0,,,,0.0,0,,,,False,False,False,False,0,,none,0,0,False,-1,0.625,risk_on,6,False
HST,22.1299991607666,-13.35161171700504,49.66095211510944,37.49248397667966,19.701421197985812,0.35481657591513316,False,0.7695428158373875,4.383187302935671,21.333793047770765,-0.6732563790665225,False,True,False,True,21,35.0,False,0.43036373606187306,0.8232603305907539,False,-2.7926316159319473,True,-1.0728729077464916,True,2,0,0.496791459508802,False,1.1529230737874763,False,5,2,True,False,False,25.0,8.155422037532093,4.563941559800984,0.3246067965527916,22.0,False,1,2,3,4,-5.508116615392755,23.420000076293945,175424096.26146203,73.03135888501741,False,0.0,0,,,,0.0,0,,,,False,False,False,False,0,,none,0,0,False,-2,0.5,risk_on,6,False
HSY,167.86500549316406,-27.845954813543152,6.541216780927717,-9.071890660140392,-26.86295343883424,0.37971601550590184,False,0.9087772571772824,4.152146661078186,-20.767033984206705,-6.246856949430213,False,True,False,True,25,41.66666666666667,True,0.42451410609997725,0.8400212565203322,False,-2.521231940876181,True,-3.348104230676918,True,2,0,0.3129696763080049,False,0.6005067809574974,False,7,2,True,False,False,65.0,12.600468343388538,6.755426066663086,0.05849661401335712,21.0,False,1,2,2,4,-11.863383610317813,190.4600067138672,236840135.35716018,26.689895470383274,False,0.0,0,,,,0.0,0,,,,False,False,False,False,0,,none,0,0,False,-2,0.5,risk_on,6,False
HTFL,50.40999984741211,-0.6699510395820507,146.02245197907672,53.315079713596056,35.52401693490221,0.30498019018352224,True,1.110405858318311,8.750246600768737,87.95675026476731,5.5043975205265605,False,True,False,False,26,43.333333333333336,True,0.3708167292270111,1.8697270603821907,False,5.094495992655098,False,1.7561544525770856,True,1,0,0.40940041752247047,False,0.8636091097461032,False,4,2,True,False,False,25.0,22.11945836719768,13.511209769075737,0.8432170001182289,1.0,False,9,1,4,5,-3.4679550385691926,52.22100067138672,101576046.66814975,81.25435540069687,True,0.0,0,,,,0.0,0,,,,False,False,False,False,0,,none,0,0,False,-1,0.625,risk_on,6,False
HTHT,43.68000030517578,-18.49284747678366,23.527731371293804,17.825966875843278,0.034904097149432545,0.2863306160181528,False,0.78323673910871,3.090664559034798,-8.154950385970672,-6.887576493525572,False,True,False,True,24,40.0,True,0.3454157940564939,0.7651492680933748,False,0.4910689634985336,True,1.298704515683391,True,2,0,0.40426782787649307,False,0.3067325949728714,False,6,3,True,False,False,35.0,18.866417112673854,6.410263352095333,0.42636562722088783,17.0,False,1,2,3,4,-10.822425347017772,48.98092426840301,64507683.665742874,56.933797909407666,False,0.0,0,,,,0.0,0,,,,False,False,False,False,0,,none,0,0,False,-2,0.5,risk_on,6,False
HUBB,455.39599609375,-17.866811444254406,13.1559842317035,4.42011852703581,-13.370944251658035,0.3690885513341225,False,0.8432356209320913,4.473029032296111,-6.316074299665941,-0.6206342094172923,False,True,False,True,20,33.33333333333333,False,0.4614361520966889,1.118845495887112,True,-1.598000225024449,True,2.94226481017954,True,2,0,0.4559193632594318,False,1.0854510028592308,False,7,2,True,False,False,25.0,14.79919365404746,7.388073084144016,0.260046073198946,24.0,False,1,2,3,5,-10.95072145780166,511.3977379142366,213495947.17721862,40.90592334494774,False,0.0,0,,,,0.0,0,,,,False,False,False,False,0,,none,0,0,False,-1,0.625,risk_on,6,False
HUBS,213.1300048828125,-59.24622505642867,25.16443881295438,-58.92182679610737,-76.71288957480121,0.4525620140118562,False,0.8469223878324958,18.906300026174698,-18.671294028704644,-18.240750778334068,False,True,False,False,27,45.0,True,0.4937566993293538,2.374969394454964,True,-1.3249707933158534,True,-14.955506817867558,False,0,0,0.23813823490936176,False,0.44520458515707306,False,6,2,True,False,False,25.0,19.841510124926298,18.906300026174698,0.013503360386873263,14.0,False,1,2,2,2,-19.57358306308963,265.0,378085307.0276886,1.8815331010452963,False,0.0,0,,,,0.0,0,,,,False,False,False,False,0,,none,0,0,False,-4,0.25,risk_on,6,False
HUM,376.9375,-8.019152945795327,132.01912058065042,51.34033707580876,33.54927429711492,0.30788227264266066,False,0.9405311772732166,7.7572273073495275,123.19601866272177,-2.231288155382072,False,True,False,True,23,38.333333333333336,False,0.42569079593972475,1.3615163964010888,False,-0.8529262036907689,True,-7.390911951663726,False,1,1,0.39725019310678344,False,1.2582735847535984,True,6,1,False,False,False,35.0,15.782079335820306,11.65177021586387,0.3507468012485134,8.0,False,5,2,2,6,-10.246565491731074,419.9700012207031,363992379.6833496,80.20905923344948,True,0.0,0,,,,0.0,0,,,,False,True,False,False,1,,power_play,6,6,True,0,0.75,risk_on,6,False
HUT,107.81999969482422,-18.944522453946323,225.1507846530909,197.51654166972364,179.72547889102978,0.7107507022514762,True,0.8669560454396228,20.524946499772895,103.6645305850603,35.75925734153924,False,True,False,False,29,48.333333333333336,True,0.4874211517657388,4.336633702799098,True,1.8264784742445737,True,18.31449900628661,False,0,1,0.5446705152864396,False,1.370670235980846,True,3,1,False,False,False,35.0,33.59785129774375,20.524946499772895,0.8531688563757847,34.0,False,9,2,4,4,-4.933210929364041,113.41500091552734,414047202.7629353,96.79442508710801,True,0.0,0,,,,0.0,0,,,,False,False,False,False,0,,none,0,0,False,-2,0.5,risk_on,6,False
HWC,74.66000366210938,-5.79459585387232,40.91056881536086,20.66036331264238,2.869300533948536,0.45125771682183735,False,1.0326209022857393,4.326283416153714,20.70189339621549,0.11598548426881017,False,True,False,True,26,43.333333333333336,True,0.3890295676774126,0.7300754205119404,False,-0.8362252902687363,True,-1.3998911007728987,True,2,1,0.5531622564066524,False,1.4880679742978729,True,4,2,True,False,False,65.0,12.766748692031795,4.326283416153714,0.5138876614609014,25.0,False,2,3,3,5,-6.206074062224554,79.60004117072586,54715207.8846611,59.93031358885017,False,0.0,0,,,,0.0,0,,,,False,False,False,False,0,,none,0,0,False,-1,0.625,risk_on,6,False
HWM,228.22999572753906,-22.01264292242966,24.235521937203796,20.22559740316945,2.434534624475603,0.402272480847675,False,0.9749128232375678,3.8951932506984392,-3.21940048013456,-13.826697954337131,False,True,False,True,25,41.66666666666667,True,0.5043816537865196,1.543411653095462,True,-4.443732645143107,True,0.4843001017386994,True,2,0,0.41884852133123013,False,0.3622964917948019,False,5,2,True,False,False,25.0,23.984320579779908,10.28348668451171,0.07389508752391707,22.0,False,1,2,3,3,-22.211997111335393,293.3999938964844,963466459.892273,59.512195121951216,False,0.0,0,,,,0.0,0,,,,False,False,False,False,0,,none,0,0,False,-3,0.375,risk_on,6,False
HXL,86.7300033569336,-21.217621111913786,43.18303106241894,41.354471248510194,23.56340846981635,0.5296100304231585,False,0.7727318437642636,7.5637003397732645,9.82979768893073,-8.580161435635357,False,True,False,True,19,31.666666666666664,False,0.3115941714238109,0.9164307989556206,False,-5.044586022177132,True,-4.713242632776571,True,2,0,0.42232928204478054,False,0.1392002990217843,False,7,1,False,False,False,25.0,17.361373133487927,7.5637003397732645,0.01596921689877648,24.0,False,1,1,2,4,-17.08412560025867,104.5999984741211,71267213.06440353,75.60975609756098,False,0.0,0,,,,0.0,0,,,,False,False,False,False,0,,none,0,0,False,-2,0.5,risk_on,6,False
IAG,20.209999084472656,-17.74522044975856,84.39780122381822,78.21868441386705,60.42762163517321,0.8544589105576633,False,0.9890500089990936,8.461163133525735,19.798447416028896,-1.8455612690584378,False,True,False,False,29,48.333333333333336,True,0.36222969615536055,1.4496223585403158,False,2.7237010708612015,True,2.1222746312041796,True,1,1,0.38220575681035773,False,1.8525250287031927,True,6,4,True,False,False,35.0,37.320788698925014,9.005441748003465,0.746698603880321,18.0,False,3,4,4,4,-9.45340788172524,22.31999969482422,107063852.91999617,88.43205574912892,True,0.0,0,,,,0.0,0,,,,False,False,False,False,0,,none,0,0,False,-2,0.5,risk_on,6,False
IAU,81.75589752197266,-19.507829312183457,17.736023397981015,17.736023397981015,-0.055039380712830877,0.6743991736401481,False,1.037488538091891,3.6939190133100235,-1.2371361106861323,-2.462541374811078,False,True,False,True,30,50.0,True,0.46525690397470854,0.7084845102673384,True,0.708880240236085,True,1.5096803980926055,True,2,0,0.33032029900481563,False,0.6242361643031538,False,6,4,True,False,False,65.0,15.428305748214196,4.562356772533249,0.5387259355141726,19.0,False,1,2,3,4,-7.116677300608821,88.0199966430664,441169275.05834043,56.79442508710801,False,0.0,0,,,,0.0,0,,,,False,False,False,False,0,,none,0,0,False,-2,0.5,risk_on,6,False
IAUM,43.33000183105469,-19.4459916461039,17.968969156204118,17.968969156204118,0.17790637751027205,0.4134451427457858,False,1.0386111314959061,3.715671687781172,-1.1407711136478649,-2.4758011851576556,False,True,False,True,29,48.333333333333336,True,0.4696325986845052,0.7049872219718284,True,0.7050533598832747,True,1.499187690170789,True,2,0,0.3385678664730402,False,0.5066569942515577,False,5,3,True,False,False,65.0,15.4340847319057,4.569581025997693,0.5388889801354959,19.0,False,1,2,3,4,-7.116826551404209,46.650001525878906,141414881.9710539,57.21254355400697,False,0.0,0,,,,0.0,0,,,,False,False,False,False,0,,none,0,0,False,-2,0.5,risk_on,6,False
IBIT,48.70000076293945,-31.687473506074348,46.290175498987374,-25.50099630294752,-43.29205908164137,1.008250353790079,False,1.322119911480059,13.459959348017334,21.59800671824874,10.933938656541887,False,True,False,False,32,53.333333333333336,True,0.4072939767122957,1.061324982142567,False,5.535623617938449,False,8.851137541147192,False,0,1,0.5676226958588346,False,1.8687631949591426,True,3,1,False,False,False,25.0,26.642820747431173,13.459959348017334,0.9827388970652144,0.0,True,2,2,4,2,-0.459884471394445,48.92499923706055,2475238909.017169,15.121951219512194,False,0.0,0,,,,0.0,0,,,,False,False,False,False,0,,none,0,0,False,-2,0.5,risk_on,6,False
IBKR,93.58100128173828,-4.6076784998101195,53.934366628084284,44.51320799354266,26.722145214848812,0.36954250601308836,True,0.9446106402954347,9.39293317568152,38.208431156119985,-2.268652487558742,False,True,False,False,24,40.0,True,0.45788479577567626,1.564148938030415,True,0.6906036380924916,True,3.119560641033914,True,1,0,0.5225349713156685,False,0.8153620218742744,False,6,1,False,False,False,25.0,13.886667569138472,9.39293317568152,0.6292389730271744,18.0,False,7,2,5,6,-5.148635129164014,98.66067969519719,349291251.91928864,77.70034843205575,False,0.0,0,,,,0.0,0,,,,False,True,False,False,1,,power_play,6,6,True,0,0.75,risk_on,6,False
IBM,228.9199981689453,-29.96927750892019,12.048476040000612,-11.835130264798421,-29.626193043492265,0.894553152070455,False,0.8409157194032507,10.252490568072616,-6.513006733431004,-2.8311890456413913,False,True,False,False,27,45.0,True,0.4401159463735155,1.233353012745046,True,-0.19951477817125035,True,-8.097474192253273,False,0,0,0.41356905789023946,False,0.7683946338028901,False,6,2,True,False,False,45.0,21.463234719737255,10.252490568072616,0.576308014770756,4.0,False,1,2,2,4,-9.093800527846717,251.82000732421875,1259401663.2145584,25.15679442508711,False,0.0,0,,,,0.0,0,,,,False,False,False,False,0,,none,0,0,False,-2,0.5,risk_on,6,False
IBN,28.302499771118164,-13.359273011699068,13.251801469078629,-10.73051110010449,-28.521573878798335,0.2828483764802419,False,1.0088764899781,2.473275722115358,7.899642822862818,-5.279449243491763,False,True,False,True,23,38.333333333333336,False,0.4135227496655266,0.6058912993815,False,-2.5750148857872746,True,-3.2723870480990125,True,2,0,0.4428856835675325,False,0.9615651837037299,False,6,1,False,False,False,65.0,10.110262529945901,7.56116741261223,0.23649157501421045,31.0,False,0,1,2,4,-7.719270620431839,30.670000076293945,147797698.67039794,25.993031358885016,False,0.0,0,,,,0.0,0,,,,False,False,False,False,0,,none,0,0,False,-2,0.5,risk_on,6,False
IBP,202.90499877929688,-40.341957476987545,4.106536166923935,-20.804121316796454,-38.595184095490296,0.28271267882494266,False,0.9909402697669317,8.269879441239768,-23.839204374738475,-17.20929653395643,False,True,False,False,23,38.333333333333336,False,0.34015211967177067,1.5175821055547754,False,-2.611493242954235,True,1.498171708430207,True,1,0,0.3333724008073007,False,0.5978447445499401,False,5,1,False,False,False,25.0,22.876385596491087,20.762015679049934,0.13451075523386397,22.0,False,0,1,2,2,-19.79926569288598,252.99643517266233,87617839.57232895,18.32752613240418,False,0.0,0,,,,0.0,0,,,,False,False,False,False,0,,none,0,0,False,-4,0.25,risk_on,6,False
IBRX,8.414999961853027,-27.142858676285208,324.99999397932885,208.24175469086364,190.4506919121698,0.7956766440644628,False,1.120490474922985,13.19072681769589,-10.478720177131818,4.5341585399993,False,True,False,False,24,40.0,True,0.39629186127353855,2.1528582363115047,False,1.3806683806374496,True,0.5376353274697765,True,1,2,0.5137053772981472,False,2.264965488690909,True,2,1,False,True,True,55.0,30.220353812180594,14.616756086147786,0.6128472529788667,54.0,False,5,4,4,5,-11.699892994336292,9.529999732971191,76732784.75857405,97.07317073170731,True,0.0,0,,,,0.0,0,,,,False,False,False,False,0,,none,0,0,False,-1,0.625,risk_on,6,False
ICE,155.44000244140625,-10.313093260625328,26.887047798459808,-7.2214155904644635,-25.01247836915831,0.40718909926178115,False,0.9512785804563593,3.30674170671477,-0.40332732085283096,-3.926031393727236,False,True,False,True,28,46.666666666666664,True,0.3973402962196694,0.7808984422451749,False,0.8725173344059983,True,-1.1366899646459094,True,2,0,0.4298121304651869,False,0.43547547813973797,False,7,2,True,False,False,45.0,16.336698528605016,5.158034505353508,0.6764637896441922,11.0,False,2,3,3,5,-5.285513531670172,164.11428519266852,494179812.38510895,28.850174216027874,False,0.0,0,,,,0.0,0,,,,False,False,False,False,0,,none,0,0,False,-1,0.625,risk_on,6,False
ICLR,168.33999633789062,-17.041199557997423,110.2147758350938,-3.2528756678789517,-21.043938446572795,0.7593198539842257,False,0.884725697383935,8.85707733543141,67.75286387403705,-0.988123686832798,False,True,False,False,18,30.0,False,0.5434158573286796,1.943248338801433,True,0.1699685317068504,True,-0.3492549360509245,True,1,1,0.4723229045328097,False,1.2262331186370248,True,5,1,False,False,False,65.0,25.610803261934073,12.355948380804417,0.6171547723136632,38.0,False,3,3,3,4,-9.804973806045126,186.63999938964844,133830275.19754334,33.170731707317074,False,0.0,0,,,,0.0,0,,,,False,False,False,False,0,,none,0,0,False,-2,0.5,risk_on,6,False
IDA,130.8300018310547,-14.829348274390542,6.871900302626566,6.772358006552359,-11.018704772141486,0.28283328694684107,False,0.7855202015899021,2.724912016748162,-3.091034405433546,-3.6456009668170197,False,True,False,True,20,33.33333333333333,False,0.5393528450139851,0.9488856913309048,True,-4.47586807362326,True,-2.3219356082303078,True,2,0,0.25108141357267677,False,0.385390279155568,False,5,3,True,False,False,25.0,9.205594889133046,6.049842111248152,0.014723078252354483,23.0,False,0,2,2,4,-9.070060195220863,143.8800048828125,70981723.76643524,43.97212543554007,False,0.0,0,,,,0.0,0,,,,False,False,False,False,0,,none,0,0,False,-2,0.5,risk_on,6,False
IDCC,326.4599914550781,-17.095199725527223,30.524430470786747,-1.6077099142908557,-19.3987726929847,0.35583464400572784,False,0.9707258745363501,5.715862326326455,5.316247804812346,-2.592869640358786,False,True,False,True,27,45.0,True,0.33066932575554464,1.253752178461948,False,0.9653157704743192,True,-4.089550863167424,True,2,0,0.38885848549926927,False,0.7959908579438295,False,5,2,True,False,False,45.0,28.690714484888787,10.494397678846745,0.7135716794491106,6.0,False,1,3,3,4,-8.217833165311772,355.69000244140625,69676109.08245087,35.12195121951219,False,0.0,0,,,,0.0,0,,,,False,False,False,False,0,,none,0,0,False,-2,0.5,risk_on,6,False
IDXX,516.4199829101562,-32.64204259357223,2.322165726106107,-21.296634350415445,-39.08769712910929,0.4441403043817925,False,0.8077189799835132,3.5687933790527744,-10.732748925230117,-6.949676210904354,False,True,False,True,21,35.0,False,0.46967192295266436,1.1301344008099905,True,-2.4622669366839345,True,1.3462566497429274,True,2,0,0.43092630639755714,False,0.8456859144902013,False,3,2,True,False,False,25.0,13.0221023915758,5.501342922400064,0.2109405601552467,22.0,False,0,2,3,4,-10.27521281869782,575.5599975585938,259959772.86870727,17.909407665505224,False,0.0,0,,,,0.0,0,,,,False,False,False,False,0,,none,0,0,False,-2,0.5,risk_on,6,False
IESC,325.2550048828125,-18.06766187680563,81.7371641416669,71.44852320488448,53.65746042619064,0.44585438957236956,False,0.8007910206118093,9.866103782000977,37.819917323225624,4.988708101619399,False,True,False,False,20,33.33333333333333,False,0.502951142368183,3.0941156986174674,True,-0.41874752652009933,True,1.7853285269220365,True,1,1,0.4891573524590462,False,1.4123363906702069,True,5,2,True,False,False,25.0,26.63670229108146,12.095124055681971,0.2946662890588124,24.0,False,4,3,3,4,-18.787764074204116,400.5,90089283.85493164,86.89895470383276,True,0.0,0,,,,0.0,0,,,,False,False,False,False,0,,none,0,0,False,-2,0.5,risk_on,6,False
IEX,223.6750030517578,-7.00357596934894,42.51630131067709,40.96750127227637,23.176438493582527,0.6188129310579215,False,0.8786454338875849,2.6109293654683734,19.40326408908202,-2.868245510922285,False,True,False,True,19,31.666666666666664,False,0.4117728248440256,0.8843128273468106,False,-1.1251215633586134,True,0.6910073225564695,True,2,0,0.4917936436178392,False,0.6607731072607292,False,7,2,True,False,False,55.0,11.603776944545817,3.5453191315912354,0.2886181010499381,37.0,False,2,2,3,5,-8.254716877803947,243.8000030517578,116910715.30957337,75.33101045296168,False,0.0,0,,,,0.0,0,,,,False,False,False,False,0,,none,0,0,False,-1,0.625,risk_on,6,False
IFF,83.55999755859375,-4.671850290504997,43.44287088063656,35.34814557038597,17.55708279169212,0.40991956938687124,True,0.7376485055295282,3.215983044213523,23.879960909929963,-4.541779666423674,False,True,False,True,25,41.66666666666667,True,0.4491140459558421,0.8005700895988507,True,0.9979440630152052,True,0.6298706465430959,True,2,0,0.34278790506263723,False,0.751429600759474,False,7,1,False,False,False,45.0,19.267797925648193,4.692968986359835,0.688291722450192,32.0,False,5,2,5,5,-6.005932103581557,88.8992246305128,135281667.6588791,71.14982578397212,False,0.0,0,,,,0.0,0,,,,False,False,False,False,0,,none,0,0,False,-1,0.625,risk_on,6,False
ILMN,241.50999450683594,-1.496858748094676,165.39559835916035,135.04622336431723,117.25516058562339,0.44309459610736196,True,1.1443478651538048,17.456835998940836,95.09652857312696,12.02282045050056,False,True,False,False,29,48.333333333333336,True,0.5168447811947895,2.4108887874170004,True,3.5458512624202907,True,15.993461754569417,False,0,0,0.4566533065586566,False,0.686468141288394,False,4,1,False,True,True,25.0,25.002001472791076,20.723781288621225,0.8632437225292393,1.0,False,10,1,3,5,-3.4191806507373856,250.05999755859375,825756214.73965,94.14634146341463,True,0.0,0,,,,0.0,0,,,,False,False,False,False,0,,none,0,0,False,-1,0.625,risk_on,6,False
IMO,127.08499908447266,-7.50040232221828,54.10817974125959,41.280803026446456,23.48974024775261,0.44906359466390533,False,1.0611127522259112,8.207111783222775,1.432125002283513,-2.156381935664564,False,True,False,False,30,50.0,True,0.4779400547416536,1.1360676346270169,True,-0.5599499544981639,True,-3.5993345070744476,True,1,0,0.44621524756318554,False,0.6528487057213976,False,6,1,False,False,False,65.0,20.819185193597097,8.207111783222775,0.6275400095889533,21.0,False,3,2,3,5,-7.7543135175729745,137.7679585144424,81180182.32660827,75.54006968641114,False,0.0,0,,,,0.0,0,,,,False,False,False,False,0,,none,0,0,False,-1,0.625,risk_on,6,False
INCY,125.73500061035156,-3.2286556622054152,53.973787621434056,45.30798842497483,27.516925646280985,0.45494466236540704,True,0.9106975698226514,6.959080572255254,39.01050840532405,1.0975298171785663,False,True,False,True,27,45.0,True,0.39758021583651304,1.021666550056535,False,0.9925376059074335,True,2.901217855892302,True,2,1,0.494817679013169,False,1.3364017826534111,True,7,2,True,False,False,55.0,16.621423476946227,6.959080572255254,0.6885207426679608,38.0,False,7,4,5,6,-5.177228640400533,132.60000610351562,170896962.31082916,78.25783972125436,False,0.0,0,,,,0.0,0,,,,False,True,False,False,1,,power_play,6,6,True,0,0.75,risk_on,6,True
INDV,35.36000061035156,-15.467370158946014,57.08574078547684,57.08574078547684,39.29467800678299,0.20682320467749005,False,0.7037744290052047,6.108596748100095,20.313036218727664,1.40522424283398,False,True,False,True,16,26.666666666666668,False,0.35074937760137687,0.9694197819923435,False,-2.519322349669371,True,2.58195346135901,True,2,0,0.5937421107291251,False,0.49959728438669215,False,4,2,True,False,False,25.0,15.649995803833008,6.108596748100095,0.2587858412537073,22.0,False,2,2,3,5,-11.599998474121097,40.0,71307316.20761947,82.57839721254355,True,0.0,0,,,,0.0,0,,,,False,False,False,False,0,,none,0,0,False,-1,0.625,risk_on,6,False
INFY,10.875,-45.05394832424927,3.6701643210884205,-33.546343752382036,-51.337406531075885,0.3968220774253248,False,0.8547167900540434,6.712639468839798,-16.46548547021708,-9.7510387729148,False,True,False,True,22,36.666666666666664,False,0.44975355198738354,1.0913600007695183,True,-2.540773226576537,True,-6.250003082998767,False,1,0,0.392134254637677,False,0.6001407401451265,False,4,1,False,False,False,45.0,19.02515743310766,8.091955075318786,0.237603219478285,28.0,False,0,1,2,4,-14.504718775920056,12.720000267028809,166222118.92277676,9.75609756097561,False,0.0,0,,,,0.0,0,,,,False,False,False,False,0,,none,0,0,False,-2,0.5,risk_on,6,False
ING,36.994998931884766,-0.7378629527803549,63.30904498644383,52.002045080642986,34.210982301949144,0.6126005833378811,True,1.092476251881364,2.946344598076081,50.404527450600426,4.980128177718979,False,True,False,True,34,56.666666666666664,True,0.35112214444775125,0.3701135292701856,False,3.267875937384151,True,0.09469655919664977,True,2,2,0.5622423274788226,False,1.2987581611883112,True,2,0,False,False,False,65.0,19.279898656574993,4.108664688874025,0.9274240074578477,9.0,True,8,5,7,7,-1.3992577811130391,37.52000045776367,59275626.249742314,80.5574912891986,True,0.0,0,,,,0.0,0,,,,True,True,False,False,2,power_play,sepa_vcp,7,7,True,1,0.875,risk_on,6,True
INGM,26.850000381469727,-14.875057635820232,38.993176395060345,29.481620351003457,11.690557572309611,0.2736985405033913,False,1.032161716457463,7.113593371604858,23.19920555335497,-6.445994189166182,False,True,False,True,26,43.333333333333336,True,0.4274350097890456,1.616760637797841,False,-1.2863071878626529,True,0.0,True,2,0,0.4343208907013896,False,0.6498562436807578,False,5,1,False,False,False,25.0,13.228582865390035,14.581001685499457,0.2988506699107029,9.0,False,2,1,2,4,-9.275212014098976,29.594999313354492,61960867.28556919,66.89895470383276,False,0.0,0,,,,0.0,0,,,,False,False,False,False,0,,none,0,0,False,-2,0.5,risk_on,6,False
INGR,97.11000061035156,-18.355646912923607,3.429546534918959,-18.355646912923607,-36.14670969161745,0.39163855500605904,False,0.9437419964757078,2.986305743643232,-10.65971170838813,-7.178361631686936,False,True,False,True,25,41.66666666666667,True,0.35093162746295503,0.694481407747474,False,-2.743658365649677,True,-1.5411098908995724,True,2,0,0.41876418081162364,False,0.378554009201397,False,8,2,True,False,False,65.0,13.360778739382459,5.519514547073545,0.24156690991908344,20.0,False,1,2,2,4,-10.133256705197248,108.05999755859375,60948741.9730072,20.13937282229965,False,0.0,0,,,,0.0,0,,,,False,False,False,False,0,,none,0,0,False,-2,0.5,risk_on,6,False
INOD,59.72999954223633,-50.83950654959972,73.3817074584583,-15.360635113312782,-33.151697892006624,0.858104190096885,False,0.606122046595866,11.535240988536046,32.91055043944142,5.548682419476614,True,True,True,False,21,35.0,False,0.353393431231319,1.8852539201351,False,-0.09598762519349258,True,8.128163880052508,False,1,0,0.509797927078144,False,1.0030464155224998,False,3,2,True,False,False,25.0,21.99039465910339,13.879117971477713,0.5296926630229585,20.0,False,2,2,3,4,-10.342243951197073,66.62000274658203,54041508.86145572,22.717770034843205,False,0.0,0,,,,0.0,0,,,,False,False,False,False,0,,none,0,0,False,-2,0.5,risk_on,6,False
INSM,122.36000061035156,-42.121943857530944,33.17370947766296,-15.47388418519634,-33.26494696389018,0.4919257360995515,False,0.9938667314216125,7.404384719512507,-15.015971495165314,3.2225406321249928,True,True,False,True,24,40.0,True,0.3831369027326168,1.6290611619709212,False,0.776503179933925,True,-2.3463706063852396,True,2,0,0.4523597427025055,False,0.8720523087809391,False,4,0,False,False,False,35.0,29.978213285518766,10.207588616265026,0.6283915505931633,31.0,False,1,2,4,4,-11.140157355019065,137.6999969482422,243926987.8252228,22.64808362369338,False,0.0,0,,,,0.0,0,,,,False,False,False,False,0,,none,0,0,False,-2,0.5,risk_on,6,False
INSP,75.41999816894531,-47.62136586450379,88.31460575698311,-5.583374108443417,-23.374436887137264,0.5998783188865494,False,1.2603048771133776,9.77194766045046,44.593555194742265,22.753906013531378,False,True,False,False,28,46.666666666666664,True,0.5493190915447792,2.694392572936393,True,4.212932338005959,False,1.4800840670585957,True,1,1,0.508165379886752,False,2.1930692972258763,True,3,2,True,True,True,25.0,29.6446745182299,22.79236655893257,0.8553080375623501,1.0,False,3,2,2,2,-4.2893461318680774,78.80000305175781,50677924.458789825,30.383275261324044,False,0.0,0,,,,0.0,0,,,,False,False,False,False,0,,none,0,0,False,-4,0.25,risk_on,6,False
INSW,110.11000061035156,-0.9356733254611838,196.54774076679792,169.63982198434158,151.84875920564772,0.7514455957836216,True,1.0623462611474817,7.133771395875013,74.91793490410372,17.087921542545324,False,True,False,True,37,61.66666666666667,True,0.4255886366361084,1.5451074764051846,False,4.695960600651912,False,4.034395710700034,True,2,2,0.5575680782770045,False,1.6613847809041011,True,2,1,False,False,False,25.0,21.65093101028115,13.81935706436233,0.8763056948447101,1.0,True,11,3,5,5,-2.678096867281843,113.13999938964844,74393447.00177002,96.16724738675958,True,0.0,0,,,,0.0,0,,,,False,False,False,False,0,,none,0,0,False,-1,0.625,risk_on,6,False
INTC,121.5,-13.793104941578349,322.46174907184206,310.750508158816,292.95944538012213,1.412959035908786,True,1.0229852795736845,23.215638462898664,176.07363016088212,35.799707546986404,False,True,False,False,26,43.333333333333336,True,0.4894984327927354,2.1287162087779485,True,3.6951177563267357,True,25.012858265179826,False,0,1,0.5283225855580549,False,1.4853272510652646,True,3,2,True,False,False,55.0,35.75019720755777,24.861728997878085,0.8725554212369409,54.0,False,9,3,3,4,-4.556168823813489,127.30000305175781,9964338613.301264,98.53658536585365,True,0.0,0,,,,0.0,0,,,,False,False,False,False,0,,none,0,0,False,-2,0.5,risk_on,6,False
INTU,302.8599853515625,-56.378482307162756,19.261985560263106,-55.47994871551014,-73.27101149420399,0.3817646534250174,False,0.898864418637788,14.481944789843245,-33.232321825596976,-15.416414171761305,False,True,False,False,31,51.66666666666667,True,0.4926497791505868,1.9476164846353154,True,-1.6509588756794027,True,-10.70028282412363,False,0,0,0.38957034000780766,False,0.5656427909669948,False,7,3,True,False,False,25.0,20.877801314028062,15.584763418726666,0.09952481634396634,19.0,False,1,2,2,2,-18.7999419725836,372.9800109863281,1361539388.0953248,2.2996515679442506,False,0.0,0,,,,0.0,0,,,,False,False,False,False,0,,none,0,0,False,-4,0.25,risk_on,6,False
INVH,27.092300415039062,-11.43412788526229,13.584366421199178,-4.549714032202057,-22.340776810895903,0.38515451819011604,False,0.904531032831879,3.9125487673758856,11.887011524131363,-7.345073094701227,False,True,False,True,17,28.333333333333332,False,0.5012826711071904,0.8118695893788728,True,-5.064708640817138,True,-1.8039135005301743,True,2,0,0.27159030101702425,False,0.208274016074977,False,8,2,True,False,False,25.0,12.273244795032802,5.998014104029183,0.06719049769365688,19.0,False,1,2,3,5,-11.448599368938462,30.594999313354492,137619765.3574314,31.498257839721255,False,0.0,0,,,,0.0,0,,,,False,False,False,False,0,,none,0,0,False,-1,0.625,risk_on,6,False
IONQ,40.70000076293945,-50.420267293697776,53.065064044305,-42.19571275943299,-59.986775538126835,0.5288533075321377,False,0.8659338983620815,11.99999700072948,22.92358807814381,3.826530537770134,False,True,False,False,15,25.0,False,0.4482188172057399,2.793544550830283,True,0.6392522108293214,True,8.533335367838536,False,0,0,0.4225438105895786,False,0.7344271106236216,False,4,2,True,False,False,25.0,25.863163146064366,23.16953348502769,0.46683056431904996,24.0,False,1,2,2,4,-13.789448099511482,47.209999084472656,728658288.3021291,5.993031358885018,False,0.0,0,,,,0.0,0,,,,False,False,False,False,0,,none,0,0,False,-2,0.5,risk_on,6,False
IONS,44.81999969482422,-48.18497145107027,0.8550879384745302,-26.536631817927447,-44.32769459662129,0.7251675555201783,False,1.2101586974030611,15.952694689570285,-36.685973844939966,-26.58476616717772,False,True,False,False,17,28.333333333333332,False,0.526832051596121,2.582994627125673,True,-4.177665057829062,True,-12.869360631062477,False,0,0,0.3459382161505212,False,0.4013269517472295,False,9,0,False,False,False,25.0,31.11076563508794,29.47344751097385,0.0300449893562885,18.0,False,0,1,2,2,-30.176043012715738,64.19000244140625,200074323.97938403,14.425087108013937,False,0.0,0,,,,0.0,0,,,,False,False,False,False,0,,none,0,0,False,-4,0.25,risk_on,6,False
IOT,38.1150016784668,-15.712072866958348,57.17526465347134,-4.902694767507154,-22.693757546201,0.3480627836828957,False,1.0928215947254982,13.511744192807992,14.80421928487987,-7.397954762472536,False,True,False,False,26,43.333333333333336,True,0.4919763007067254,2.963021486312049,True,-0.19740341138814765,True,-11.174547159161774,False,0,0,0.3703444671218454,False,0.7353011643345326,False,3,2,True,True,False,25.0,18.7389144869473,15.413878371463124,0.1714962865909863,10.0,False,1,2,3,3,-15.525260237689798,45.119998931884766,311131058.02951336,31.080139372822302,False,0.0,0,,,,0.0,0,,,,False,False,False,False,0,,none,0,0,False,-3,0.375,risk_on,6,False
IOVA,10.225000381469727,-0.2438987173685181,464.917166006515,398.7805180149664,380.98945523627253,0.5054290718038529,True,0.9267166918423444,19.559901470756945,181.6804423997808,27.652934947507426,False,True,False,False,30,50.0,True,0.4704393397597398,2.835579374884664,True,6.684722472236513,False,10.421167696930134,False,0,1,0.564809249286185,False,1.9475454719954874,True,3,3,True,False,False,25.0,38.97996276327231,28.75305105818206,0.8235983159180063,2.0,False,12,2,3,4,-6.876131076894643,10.979999542236328,115480037.43189974,98.95470383275261,True,0.0,0,,,,0.0,0,,,,False,False,False,False,0,,none,0,0,False,-2,0.5,risk_on,6,False
IP,35.61000061035156,-24.949220850388354,24.413868805077765,-19.504250345849094,-37.29531312454294,0.4870783911810553,False,0.9414397097000057,7.806792282078058,2.79188046432457,-9.412364878352308,False,True,False,True,22,36.666666666666664,False,0.448929281825552,1.5798272976037544,True,-2.2393459569180556,True,3.970804701756392,True,2,0,0.3252383657696863,False,0.3283647602363844,False,8,1,False,False,False,25.0,20.682302135959393,11.17663429940906,0.24398638943909964,19.0,False,0,1,3,4,-15.636101912518086,42.209999084472656,178496136.47989196,19.372822299651567,False,0.0,0,,,,0.0,0,,,,False,False,False,False,0,,none,0,0,False,-2,0.5,risk_on,6,False
IQV,269.739990234375,-0.6921452457877342,72.18178471140668,44.07648139922491,26.285418620531065,0.7205783101903339,False,0.8767448730278145,4.052047553751397,61.559642661401035,3.0525273101719153,False,True,False,True,29,48.333333333333336,True,0.46707650046072496,1.1573817312284198,True,4.033542764890814,False,1.5319669518320422,True,2,0,0.5093043515500728,False,1.0631223467369808,False,4,1,False,False,False,35.0,17.062220736531284,7.91503183675686,0.9114056564281838,2.0,True,8,1,4,5,-1.5116162460304228,273.8800048828125,413668196.18769073,77.21254355400697,False,0.0,0,,,,0.0,0,,,,False,False,False,False,0,,none,0,0,False,-1,0.625,risk_on,6,False
IR,72.48500061035156,-26.55095830250007,5.780725052621727,-11.093058715660554,-28.8841214943544,0.5794670723755705,False,0.8143169428226441,5.132097936647975,-11.86969920918145,-7.756427944360766,False,True,False,True,19,31.666666666666664,False,0.41527418300438895,1.0555490068383346,False,-4.057402725201491,True,0.4921715935831017,True,2,0,0.4051739687996229,False,0.37942719522956636,False,7,2,True,False,False,25.0,14.441628965937312,7.718839999435834,0.12860134544947174,24.0,False,0,2,3,4,-12.58441605043571,82.91999816894531,285184257.3356293,25.574912891986063,False,0.0,0,,,,0.0,0,,,,False,False,False,False,0,,none,0,0,False,-2,0.5,risk_on,6,False
IREN,48.50749969482422,-36.51682061248429,65.49812548167712,25.53700947474462,7.745946696050776,0.7117552364197527,False,0.8188198138727045,15.543982164132448,15.055739730515526,36.833564600471,False,True,False,False,23,38.333333333333336,False,0.5332601924646805,3.5876370364410186,True,2.7856344710490757,True,12.363914181767278,False,0,0,0.43664172117235067,False,1.1034317417399766,False,4,2,True,False,False,25.0,29.377154135281902,17.151986284941355,0.9459598587402805,9.0,True,1,3,4,3,-1.587545559279191,49.290000915527344,1678415563.4091682,64.52961672473869,False,0.0,0,,,,0.0,0,,,,False,False,False,False,0,,none,0,0,False,-2,0.5,risk_on,6,False
IRM,116.88999938964844,-11.4698324948174,51.6238471233194,20.956033079460767,3.164970300766921,0.26037160875269816,False,0.8014969287546444,6.724271239107928,16.346480457694625,0.3392185974258055,False,True,False,True,22,36.666666666666664,False,0.3670493781076078,1.112472666167208,False,-0.9843058250911053,True,5.120688053434019,False,1,0,0.43478962050662984,False,0.5064129322504217,False,5,2,True,False,False,25.0,15.434103878816178,8.015443903734564,0.38961128976301057,24.0,False,2,2,3,6,-9.420802760254322,129.04729005299433,187402521.26242256,60.139372822299656,False,0.0,0,,,,0.0,0,,,,False,True,False,False,1,,power_play,6,6,True,0,0.75,risk_on,6,False
IRT,14.670000076293945,-15.44668729827865,0.4692712530748766,-10.92403700206126,-28.715099780755104,0.24786119611052945,False,0.9267321654133892,5.214726239565327,-0.8641401494235645,-10.055177457687792,False,True,False,True,18,30.0,False,0.5475477918114404,1.0846891823965525,True,-4.974256329667917,True,-4.367666685980542,True,2,0,0.24009441802467993,False,0.2459573727216475,False,7,3,True,False,False,25.0,13.98826616967461,10.599859191645631,0.0020964846794273794,18.0,False,0,2,2,4,-13.95893998395813,17.049999237060547,53477988.85683169,25.78397212543554,False,0.0,0,,,,0.0,0,,,,False,False,False,False,0,,none,0,0,False,-2,0.5,risk_on,6,False
IRTC,110.41999816894531,-41.653897929223085,8.47823673818391,-36.91007000716907,-54.70113278586291,0.3997378898144379,False,0.8540667646948186,6.561313952837599,-6.534621009469522,-8.17463769734278,False,True,False,True,20,33.33333333333333,False,0.3788530874375831,1.5428796231991222,False,-1.7184721235014875,True,-3.7482592451208996,True,2,0,0.3329509417266493,False,0.5756745917155967,False,6,2,True,False,False,25.0,16.956519084406878,15.391236214819765,0.11368267322121856,19.0,False,0,2,3,4,-15.028856666364899,129.9499969482422,57614958.62784882,8.850174216027874,False,0.0,0,,,,0.0,0,,,,False,False,False,False,0,,none,0,0,False,-2,0.5,risk_on,6,False
ISRG,399.75,-32.571473988016784,20.399377515652883,-8.882658896852714,-26.67372167554656,0.5625378437722888,False,0.9173743951405419,7.822386244820982,-16.37729209804516,7.286632703098128,False,True,False,True,29,48.333333333333336,True,0.4672630741793078,1.3680362272438862,True,2.2049732572909124,True,5.7707565798026605,False,1,2,0.6590084009112644,True,1.797320985916355,True,4,2,True,False,False,45.0,18.939653058484897,13.726077577782988,0.9271851356277372,22.0,True,2,6,6,5,-1.3790882687112926,405.3399963378906,851461070.8687484,26.968641114982578,False,0.0,0,,,,0.0,0,,,,True,False,False,False,1,,sepa_vcp,6,6,True,0,0.75,risk_on,6,False
IT,184.3000030517578,-30.213182775785764,46.58394824706276,-28.11732418500371,-45.90838696369755,0.22889080843712367,False,0.9774472060878904,10.613129264626558,13.352609141309024,-7.102170664468388,False,True,False,False,30,50.0,True,0.5181100914964144,2.2841227605345886,True,1.1836187284811646,True,-6.479932916149833,False,0,0,0.4042939881386708,False,0.8079014408802985,False,3,2,True,False,False,35.0,26.2769080551045,20.059685625898048,0.6489223320575253,19.0,False,1,2,2,3,-9.225235600724924,203.02999877929688,214664414.79582214,13.101045296167246,False,0.0,0,,,,0.0,0,,,,False,False,False,False,0,,none,0,0,False,-3,0.375,risk_on,6,False
ITGR,126.4000015258789,-0.07905017717082519,99.6209762082656,22.35021247986124,4.559149701167396,0.22516151103274956,True,0.22294224753016073,0.3481031931128298,48.13078496838536,0.8537458542979826,False,True,True,True,23,38.333333333333336,False,0.5133056111439236,0.12980952394861464,True,24.05811700087468,False,0.2140682457309806,True,3,1,0.20685059905895456,False,0.5610716418636451,False,1,2,True,False,False,45.0,25.149841184649997,0.5379749184864996,0.9874568349471732,10.0,True,6,4,6,5,-0.3154586090314493,126.80000305175781,90853071.48572388,61.53310104529617,False,0.0,0,,,,0.0,0,,,,True,False,False,False,1,,sepa_vcp,6,6,True,0,0.75,risk_on,6,True
ITT,206.07000732421875,-6.6817892104970795,22.30616561454415,14.734603351421827,-3.056459427272019,0.398735122551823,False,0.9873306385852519,7.419812685727453,10.035181100907153,1.709456423554645,False,True,False,True,27,45.0,True,0.4561598210570643,1.260189598159522,True,0.5960482418607222,True,3.2932367539943552,True,2,1,0.5061002943113813,False,1.319204768177875,True,6,1,False,False,False,25.0,12.506431379267507,7.419812685727453,0.4884994026624228,24.0,False,3,2,3,6,-6.397047121056754,220.15331887096468,145547317.7867981,53.7979094076655,False,0.0,0,,,,0.0,0,,,,False,True,False,False,1,,power_play,6,6,True,0,0.75,risk_on,6,False
ITUB,8.404999732971191,-10.350709496632183,38.388266971080796,27.680089936766826,9.889027158072981,0.5782889073070213,False,1.190416544027996,4.04520178126625,4.4489471531014235,12.110456253256485,False,True,False,True,27,45.0,True,0.4399170356115671,1.2165525277435811,False,1.554475739629343,True,2.12636938600983,True,2,1,0.6441998800523178,True,0.9173957467674803,False,3,1,False,False,False,25.0,15.299373088032246,5.234974352911249,0.9651916918071347,9.0,True,3,4,5,5,-0.5325452936058572,8.449999809265137,173696163.04461485,65.99303135888502,False,0.0,0,,,,0.0,0,,,,False,False,False,False,0,,none,0,0,False,-1,0.625,risk_on,6,False
ITW,268.0400085449219,-9.847974592361652,13.29559408423695,4.947086356156483,-12.843976422537363,0.3493906860440077,False,0.8258542935971045,2.055655526187403,3.280161859150743,-4.305604175580335,False,True,False,True,22,36.666666666666664,False,0.4448962810165887,0.788575255751058,True,-2.48061049803955,True,-0.37169192991347577,True,2,0,0.515202171088551,False,0.5322601798069037,False,7,3,True,False,False,25.0,10.158125958395171,3.6897417607722067,0.22639611522946543,24.0,False,1,2,3,5,-7.858365703402914,290.8999938964844,302191431.3269531,41.742160278745644,False,0.0,0,,,,0.0,0,,,,False,False,False,False,0,,none,0,0,False,-1,0.625,risk_on,6,False
IVZ,31.159099578857422,-6.457225174893733,44.947184466984226,42.94923938176098,25.158176603067137,0.47309876902200254,True,1.0825807804973313,6.450764804017937,32.99371907651407,-5.176205112297905,False,True,False,True,27,45.0,True,0.4248490488956709,1.1145025622119153,False,0.02078804866874423,True,-1.1136167803095787,True,2,0,0.3121422369129663,False,0.7939241429613421,False,8,2,True,False,False,55.0,21.676564784152287,11.874537151585098,0.6572386809502164,15.0,False,5,3,4,5,-7.429887937884128,33.65999984741211,112679182.91666766,76.44599303135888,False,0.0,0,,,,0.0,0,,,,False,False,False,False,0,,none,0,0,False,-1,0.625,risk_on,6,False
J,143.3000030517578,-11.927334329475459,34.33809659293692,-2.9116450605404687,-20.702707839234314,0.35506916370366765,False,0.8760731699759637,2.602938525396193,11.52732543329571,-5.711273141066697,False,True,False,True,29,48.333333333333336,True,0.40309896253237215,0.8087851901600454,False,0.5934303798800435,True,-0.5344653524783305,True,2,0,0.5037267714513887,False,0.4945652035334747,False,4,2,True,False,False,55.0,19.003842030605515,4.138177116736336,0.6567453535066163,17.0,False,2,3,4,5,-6.5231570782316,153.3000030517578,115844487.3942894,33.728222996515676,False,0.0,0,,,,0.0,0,,,,False,False,False,False,0,,none,0,0,False,-1,0.625,risk_on,6,False
JAZZ,241.69000244140625,-7.6179164619485595,90.30708853654035,88.37879711032079,70.58773433162695,0.17198618826002102,False,0.8283912010679446,3.6327521579737003,32.56362041035361,-1.165449792661044,False,True,False,True,23,38.333333333333336,False,0.43901437875957233,1.2249838848494858,False,-1.2403241302621937,True,-1.7000824658531255,True,2,1,0.41159430448446155,False,1.2507898757860818,True,5,1,False,False,False,65.0,17.133417881618655,5.151225463395195,0.45902710842265776,18.0,False,4,2,3,5,-9.268714614022189,266.3800048828125,267855369.30163574,90.03484320557492,True,0.0,0,,,,0.0,0,,,,False,False,False,False,0,,none,0,0,False,-1,0.625,risk_on,6,False
JBHT,234.1649932861328,-21.396752905243012,80.69770656633975,78.14787577668594,60.356812997992094,0.5024959264302136,False,1.0615193753395464,19.396579109263072,15.887460258222807,-10.291922621460326,False,True,False,False,21,35.0,False,0.45720597367828847,1.505237060514699,True,-4.0165526349733165,True,-14.845993817246539,False,0,0,0.47412842248643444,False,0.5538593789535949,False,5,4,True,False,False,25.0,19.994440846687137,19.721140759132027,0.0660933333368673,24.0,False,2,2,2,3,-18.672941602922766,287.92999267578125,282171333.9784592,88.36236933797909,True,0.0,0,,,,0.0,0,,,,False,False,False,False,0,,none,0,0,False,-3,0.375,risk_on,6,False
JBL,301.41680908203125,-21.820932349100342,56.70672407762618,34.51208141195367,16.721018633259828,0.36587090382859694,False,0.8189273403475184,4.578373659716188,13.253962811866682,-0.011014471273995685,False,True,False,True,22,36.666666666666664,False,0.38906380775126403,1.3904700410272657,False,-1.4920848370531081,True,0.9027878449075377,True,2,0,0.353931308524091,False,0.9333963784266424,False,3,2,True,False,False,25.0,21.475969180878977,8.715502328379584,0.11417063120305833,24.0,False,1,2,3,4,-19.024044223800594,372.2300109863281,306826814.6610397,70.66202090592334,False,0.0,0,,,,0.0,0,,,,False,False,False,False,0,,none,0,0,False,-2,0.5,risk_on,6,False
JBS,11.914999961853027,-30.131774410851985,2.711316749231485,-15.552968012579537,-33.34403079127338,0.37931344378307147,False,0.8451927536140783,4.909777927149847,-14.600341590895994,-12.325240411538186,False,True,False,True,20,33.33333333333333,False,0.3917490090108317,1.0479186883621003,False,-3.2350848654704865,True,-4.756197091468728,True,2,0,0.2789709773586596,False,0.3773640491470861,False,8,3,True,False,False,45.0,18.08992832850114,10.28116143845303,0.06358379378586615,30.0,False,0,2,3,3,-16.939702056060625,14.345000267028809,62311562.73444939,22.578397212543557,False,0.0,0,,,,0.0,0,,,,False,False,False,False,0,,none,0,0,False,-3,0.375,risk_on,6,False
JBTM,110.51499938964844,-34.28340236286137,0.46818126331675813,-17.80107338399689,-35.592136162690736,0.4981845674570281,False,0.7338337169192628,4.0537445163834365,-13.46191138638403,-6.572830725930212,False,True,False,True,21,35.0,False,0.28419376603838015,0.7771656555369407,False,-4.145514067371622,True,-1.1405327090410755,True,2,0,0.3227755820700956,False,0.5446880042244844,False,6,1,False,False,False,25.0,9.630977437419839,9.102834560152958,0.11125414405923137,17.0,False,0,1,3,4,-8.55949128616592,120.86000061035156,60220591.242650606,20.418118466898953,False,0.0,0,,,,0.0,0,,,,False,False,False,False,0,,none,0,0,False,-2,0.5,risk_on,6,False
JCI,144.84249877929688,-6.408307107494116,38.03032642832569,34.04269996035514,16.25163718166129,0.2550538285363055,True,0.8591693812862089,6.0065222718221465,8.984231933337327,3.762807206249996,False,True,False,True,23,38.333333333333336,False,0.5236027991138178,1.1279862064087667,True,0.03120173907718914,True,5.141190878974289,False,1,0,0.4833157648861735,False,1.0019830913376018,False,5,1,False,False,False,25.0,12.837795020163364,7.7739681795896045,0.4526252746582031,24.0,False,4,1,4,6,-7.027084523156213,155.7899932861328,442175825.7518692,70.24390243902438,False,0.0,0,,,,0.0,0,,,,False,True,False,False,1,,power_play,6,6,True,0,0.75,risk_on,6,False
JD,27.2450008392334,-21.9897614008153,11.087808757801554,-19.611667040913318,-37.40272981960716,0.7791453341114326,False,0.7395940984075299,2.8629130578784556,2.455706040859984,-5.201805649933034,True,True,False,True,27,45.0,True,0.4859167807117813,0.6696625839423029,True,-4.8649107596230525,True,-0.05502343918745156,True,2,1,0.4614933236839266,False,1.2059038178042143,True,7,2,True,False,False,25.0,9.98512881824329,4.661407299113911,0.2081928165155445,20.0,False,1,3,4,4,-7.906296726302687,29.583999633789062,160299900.07783812,19.024390243902438,False,0.0,0,,,,0.0,0,,,,False,False,False,False,0,,none,0,0,False,-2,0.5,risk_on,6,False
JEF,48.255001068115234,-28.635675417810823,35.99819253346021,-28.461073939065994,-46.25213671775984,0.35373816592630075,False,1.0549038248002451,7.563978096341599,23.859797437884357,-9.107174742091184,False,True,False,True,23,38.333333333333336,False,0.3788686975559706,1.294300996444505,False,-2.8413638887357417,True,-3.682629665066528,True,2,0,0.44585775151079715,False,0.8070943447352373,False,5,1,False,False,False,25.0,16.93979056808956,19.231164799266136,0.17087279566817182,10.0,False,0,1,2,4,-14.045241195686764,56.13999938964844,101358200.27394524,12.752613240418118,False,0.0,0,,,,0.0,0,,,,False,False,False,False,0,,none,0,0,False,-2,0.5,risk_on,6,False
JHX,26.375,-15.13835243003765,58.028754679660864,36.8707803500534,19.079717571359556,0.38183652391132034,False,1.1391966950352646,10.199054157564426,35.1178247002033,-11.877715566080415,False,True,False,False,25,41.66666666666667,True,0.41241323034424965,1.4841909335907908,False,-1.578555392810555,True,-6.900811609498614,False,0,0,0.36737280968949476,False,0.32163480789181514,False,7,3,True,False,False,25.0,19.40820974304986,23.127963531638773,0.17131147720390213,9.0,False,3,2,2,3,-16.08336066208482,31.43000030517578,321098676.85719776,72.40418118466899,False,0.0,0,,,,0.0,0,,,,False,False,False,False,0,,none,0,0,False,-3,0.375,risk_on,6,False
JKHY,151.7949981689453,-20.255468528241906,23.437809624812743,1.4022881278014765,-16.38877465089237,0.47502679325094604,False,1.0028796548066847,9.76317237259974,-6.287979697688484,-10.241587999774426,True,True,False,False,32,53.333333333333336,True,0.4049858400318425,1.2823697049575782,False,-1.13965242926923,True,-7.751446153908925,False,0,0,0.28336121432203115,False,0.5388526232282964,False,5,3,True,False,False,55.0,18.086751472564355,10.962152633730653,0.2845794879944902,17.0,False,1,2,3,4,-12.939632999018402,174.356028348966,167301356.64426804,38.11846689895471,False,0.0,0,,,,0.0,0,,,,False,False,False,False,0,,none,0,0,False,-2,0.5,risk_on,6,False
JLL,340.5849914550781,-13.290821037743694,21.568027913736422,6.940774838675501,-10.850287940018344,0.36608497723823974,False,1.0339576532614583,5.329064507200486,13.679901374034564,-9.900536320123177,False,True,False,True,27,45.0,True,0.519509210479963,1.5772185589869023,True,-1.1802372557224594,True,-0.8630465560305556,True,2,0,0.3054120286744969,False,0.5588264946063112,False,5,2,True,False,False,45.0,20.018280791941386,10.367455538113752,0.3245179178525905,22.0,False,1,2,3,4,-13.521989990352068,393.8399963378906,109998481.55709839,44.3205574912892,False,0.0,0,,,,0.0,0,,,,False,False,False,False,0,,none,0,0,False,-2,0.5,risk_on,6,False
JNJ,271.32000732421875,-2.553598943574209,59.25285654637189,57.463186445144785,39.67212366645094,0.2943339809338635,True,0.9712025598649039,4.809825283158171,16.48382545770135,1.2236974611001594,True,True,False,True,26,43.333333333333336,True,0.3945092768020915,0.6678363737388389,False,1.564012992930478,True,1.8774406212421768,True,2,1,0.4087560840239175,False,1.3839990255609231,True,4,2,True,False,False,65.0,19.456543593062133,4.809825283158171,0.8217110532914567,12.0,False,6,4,6,6,-3.4688866637959004,281.07000732421875,1701056988.5599122,82.78745644599303,True,0.0,0,,,,0.0,0,,,,True,True,False,False,2,power_play,sepa_vcp,6,6,True,0,0.75,risk_on,6,True
JOBY,6.474999904632568,-66.91364330299379,6.496710294130104,-60.94692440031544,-78.73798717900928,0.7879773350847602,False,0.7308013056471179,8.957535275456127,-30.22629212340011,-7.234958639841826,False,True,False,False,19,31.666666666666664,False,0.45231926177863596,1.7900117393871282,True,-2.7612367075290662,True,2.777773152373375,True,1,1,0.38857587707989927,False,0.49199369995674413,False,2,2,True,False,False,25.0,25.502515076380806,16.447877573843666,0.26847291623945113,24.0,False,0,3,2,3,-18.655780482384277,7.960000038146973,166806885.52986965,1.6027874564459932,False,0.0,0,,,,0.0,0,,,,False,False,False,False,0,,none,0,0,False,-3,0.375,risk_on,6,False
JPM,351.8599853515625,-3.647518372137293,25.602430966719748,13.91806888745557,-3.8729938912382753,0.40545113066767874,False,1.0708488859892615,3.561075229050973,22.53938616734974,-1.6106509267574731,False,True,False,True,25,41.66666666666667,True,0.30373345183310924,0.5558634352839611,False,-0.23092359721184788,True,0.494096605439176,True,2,0,0.5327107543938975,False,1.116063203882683,False,3,1,False,False,False,65.0,11.949186667808423,4.825777631913551,0.6657055344456414,26.0,False,3,2,3,5,-3.9945469709242842,366.5,2356051442.885869,52.961672473867594,False,0.0,0,,,,0.0,0,,,,False,False,False,False,0,,none,0,0,False,-1,0.625,risk_on,6,False
JXN,133.41000366210938,-4.5148073637706005,51.953192380162186,36.62069207451013,18.829629295816286,0.4867066448603792,True,1.2109283978023186,12.259197420428638,29.57969540799972,0.09005996480253575,False,True,False,False,27,45.0,True,0.4328882810800782,1.3228507658949384,False,0.8211951918557335,True,-3.241939583911335,True,1,2,0.6030934471658879,True,1.343545132975239,True,4,1,False,False,False,45.0,17.95581367661339,12.259197420428638,0.7255573329603628,3.0,False,5,4,5,5,-4.927841394276566,140.3249969482422,107863510.68270417,72.1951219512195,False,0.0,0,,,,0.0,0,,,,False,False,False,False,0,,none,0,0,False,-1,0.625,risk_on,6,False
KBH,48.27000045776367,-26.58112061738813,7.627757071739039,-23.17687702311446,-40.967939801808306,0.5906695682586562,False,0.8848440709499004,7.168011294095929,-8.402399374277703,-12.012395332245806,False,True,False,True,19,31.666666666666664,False,0.4411067281867982,1.3231975784439873,True,-3.747547012500927,True,-2.6225524411215284,True,2,0,0.4767602493509878,False,0.32864163345582525,False,9,2,True,False,False,25.0,18.470114282721248,10.296244787390494,0.13962261842297513,22.0,False,0,2,2,3,-15.89126856399612,57.38999938964844,64510420.51473198,16.376306620209057,False,0.0,0,,,,0.0,0,,,,False,False,False,False,0,,none,0,0,False,-3,0.375,risk_on,6,False
KDP,30.704999923706055,-8.34328380983267,24.32859561954681,17.073499764845955,-0.7175630138478901,0.3757724955089882,False,0.7690765028000408,4.6409354847787,17.502241542356312,-4.583593435306743,False,True,False,True,24,40.0,True,0.39991099000563046,0.815750024173371,False,-0.6929326581557593,True,-2.770740981994646,True,2,0,0.3518019999132178,False,0.7605614785142454,False,6,2,True,False,False,35.0,13.596619145296158,7.539484228826426,0.4534369927656058,11.0,False,2,2,3,5,-7.431409048273807,33.16999816894531,297906095.1981243,56.027874564459935,False,0.0,0,,,,0.0,0,,,,False,False,False,False,0,,none,0,0,False,-1,0.625,risk_on,6,False
KEX,136.4550018310547,-10.574084077639734,70.67543094390929,62.349788074398994,44.558725295705145,0.30383283710779097,False,0.8264899533440927,3.993988402850812,4.3553132176990195,-1.8732890646294131,False,True,False,True,25,41.66666666666667,True,0.39358264198979176,0.7937182665728607,False,-0.9428759500643414,True,-1.4694227607708665,True,2,0,0.4850297801074145,False,1.0859037417317465,False,5,3,True,False,False,35.0,10.211048905920329,4.477667017231344,0.51466550369604,11.0,False,3,2,2,5,-4.955774277489944,143.57000732421875,50613419.688308716,84.39024390243902,True,0.0,0,,,,0.0,0,,,,False,False,False,False,0,,none,0,0,False,-1,0.625,risk_on,6,False
KEY,20.864999771118164,-12.193290091658993,29.459402238661212,13.853717754425677,-3.9373450242681685,0.6323332114146971,False,1.0761918992891089,7.52456128467085,8.262044511935152,-3.857471393269518,False,True,False,True,23,38.333333333333336,False,0.368567867704792,0.8047251965810113,False,-2.9025892578519663,True,-4.856363516813367,True,2,0,0.42967188587460436,False,0.4141315485901322,False,7,0,False,False,False,25.0,11.78032942825989,8.00383462551291,0.13333578662881895,24.0,False,0,1,2,4,-10.209589937196228,23.23744791512164,272571322.81666964,52.75261324041812,False,0.0,0,,,,0.0,0,,,,False,False,False,False,0,,none,0,0,False,-2,0.5,risk_on,6,False
KEYS,342.1000061035156,-8.367705185838513,114.49620309792921,92.02919889084917,74.23813611215533,0.25177878156831884,True,0.8358513703650834,9.010526646323399,18.39009420676103,6.916274900267316,False,True,False,False,23,38.333333333333336,False,0.31619146693586586,0.8121779887599323,False,1.5174238763019423,True,8.616972118602684,False,0,1,0.5214752608936322,False,1.4062378955394585,True,3,0,False,False,False,45.0,19.88483260307751,9.010526646323399,0.6663465239665136,24.0,False,5,3,5,6,-6.634643518360816,366.4100036621094,357392588.8994583,90.59233449477352,True,0.0,0,,,,0.0,0,,,,False,True,False,False,1,,power_play,6,6,True,0,0.75,risk_on,6,False
KGC,27.729999542236328,-26.871632240993094,23.89840105210268,18.518377820470878,0.7273150417770324,0.3898495814922768,False,1.0053897047110643,5.084745296387401,-0.014352922195126627,-11.320757479069488,False,True,False,True,25,41.66666666666667,True,0.4390746181664972,1.4478231931116838,False,0.3983582015452778,True,-1.5968799079707718,True,2,0,0.31607624529436956,False,0.40691990693634583,False,5,3,True,False,False,25.0,19.462720367402646,14.208440674715819,0.11757285684483969,18.0,False,1,2,3,4,-17.174432731834866,33.47999954223633,224044831.88473386,57.8397212543554,False,0.0,0,,,,0.0,0,,,,False,False,False,False,0,,none,0,0,False,-2,0.5,risk_on,6,False
KGS,56.904998779296875,-24.826404286919125,77.610083979985,77.610083979985,59.819021201291164,0.4039678960662515,False,0.9295888031591476,7.108342097204696,-1.3337628162793047,-1.3265119020939742,True,True,False,True,22,36.666666666666664,False,0.4185658720464296,1.9668785347683686,False,-1.5025493903676275,True,0.5033554446989053,True,2,0,0.3551805696384768,False,1.0201786722762416,False,4,1,False,False,False,35.0,19.470337323868566,15.684033790556256,0.2635770342700686,23.0,False,2,1,3,4,-14.338403555805467,66.43000030517578,110085902.05018044,88.22299651567944,True,0.0,0,,,,0.0,0,,,,False,False,False,False,0,,none,0,0,False,-2,0.5,risk_on,6,False
KHC,24.375,-10.337845375384925,18.875661898593755,-1.4243634594004684,-19.215426238094313,0.30176978479886113,False,0.903934376989949,5.948721078725962,18.875661898593755,-3.6393497085734916,False,True,False,True,25,41.66666666666667,True,0.3907030993813843,1.0359847437357903,False,-1.1259662093278577,True,0.43263098580923476,True,2,1,0.3966232650718046,False,1.3338527801225029,True,5,2,True,False,False,25.0,8.73791458261906,5.948721078725962,0.2748520604161512,12.0,False,2,3,2,5,-6.3362807558458805,26.023950572004782,587449988.1208543,35.33101045296167,False,0.0,0,,,,0.0,0,,,,False,False,False,False,0,,none,0,0,False,-1,0.625,risk_on,6,False
KIM,22.389999389648438,-14.119808009748313,18.061894651343625,6.922992143914386,-10.86807063477946,0.28723018254455523,False,0.9430557253666717,3.7070118192579686,0.8951876187830665,-4.730049043036278,False,True,False,True,16,26.666666666666668,False,0.5304199583355486,0.7402342130357193,True,-4.9543815919179615,True,-3.5745045144282006,True,2,0,0.29587503099508866,False,0.3587334846997556,False,5,3,True,False,False,25.0,8.39370421821657,6.610100446314481,0.004876649416579546,23.0,False,0,2,2,4,-8.352771065437858,24.430634346440876,133434621.7555519,44.25087108013937,False,0.0,0,,,,0.0,0,,,,False,False,False,False,0,,none,0,0,False,-2,0.5,risk_on,6,False
KKR,100.5,-32.02489075154639,20.277265059498404,-32.02489075154639,-49.815953530240236,0.3147538903436422,False,0.9122027943048426,7.641791348433613,11.061829873271645,-7.526684102140379,False,True,False,True,26,43.333333333333336,True,0.4148687942023721,1.194572448742883,False,-1.0618415012386342,True,-1.7307095933951078,True,2,0,0.3848607119485089,False,0.741910331584454,False,5,2,True,False,False,25.0,16.298510156400916,13.094523415636662,0.2910367368595808,24.0,False,1,2,2,4,-11.555044944809257,113.62999725341797,353299478.24447936,10.801393728222997,False,0.0,0,,,,0.0,0,,,,False,False,False,False,0,,none,0,0,False,-2,0.5,risk_on,6,False
KLAC,184.47999572753906,-38.786079895934,88.73080166734506,77.52047840640832,59.729415627714474,0.40521586698437023,False,0.7778677448278586,10.082397297420918,22.35050442174189,5.092857914625704,True,True,False,False,22,36.666666666666664,False,0.43548870872187967,1.7057263066408628,False,-0.9157335363039293,True,9.101661673050598,False,0,0,0.5197684939888064,False,0.9122352851425661,False,5,2,True,False,False,25.0,20.664756314007917,13.540761224014958,0.43022433347423256,24.0,False,3,2,4,4,-11.774275302406423,209.10000610351562,1645980307.1200318,88.15331010452961,True,0.0,0,,,,0.0,0,,,,False,False,False,False,0,,none,0,0,False,-2,0.5,risk_on,6,False
KLAR,13.720000267028809,-68.69724003226521,11.817438917434341,-68.10043989199643,-85.89150267069027,0.4557447217241032,False,0.519457542236394,4.810494421040112,5.214726281940507,-3.3802785118570267,True,True,True,True,22,36.666666666666664,False,0.4700941407049089,1.6069853166665908,True,-7.549209947536918,True,-3.719296371727654,True,3,0,0.33943258075749905,False,0.32318185668532035,False,6,4,True,False,False,25.0,35.452807014802104,6.916912099937281,0.03365326551879475,24.0,False,0,2,4,4,-34.25970428694638,20.8700008392334,85666960.31382409,0.627177700348432,False,0.0,0,,,,0.0,0,,,,False,False,False,False,0,,none,0,0,False,-2,0.5,risk_on,6,False
KLIC,83.9000015258789,-37.1371533250034,140.60374645475687,102.21256337564584,84.421500596952,0.35003100383528923,False,0.5750657258606535,8.774505175394674,29.042936782820394,3.809421229872134,False,True,True,False,23,38.333333333333336,False,0.4329960419122693,1.4342413162104817,False,-1.9089231308608712,True,5.873849529125041,False,1,0,0.5130557821832514,False,1.1255587454292513,False,3,1,False,False,False,25.0,26.878808402826003,9.784026947657953,0.30646888253087334,24.0,False,3,1,3,5,-18.641290027850477,103.12356421899918,51510661.036584474,91.63763066202091,True,0.0,0,,,,0.0,0,,,,False,False,False,False,0,,none,0,0,False,-1,0.625,risk_on,6,False
KMB,97.95680236816406,-17.371616364049526,7.999852628759729,-17.371616364049526,-35.16267914274337,0.4163394123927313,False,0.8413472707478447,2.5623561361229354,1.0496436887505123,-9.509588595245544,False,True,False,True,25,41.66666666666667,True,0.4610239357214189,0.9116412900528423,True,-3.7070689104255354,True,-1.1436007786925773,True,2,0,0.3793361470547595,False,0.341616527837973,False,8,1,False,False,False,25.0,12.812063539967887,8.044359414470808,0.07990194008628576,19.0,False,1,1,2,4,-11.788354806615686,111.04747242092093,466892309.62993085,20.83623693379791,False,0.0,0,,,,0.0,0,,,,False,False,False,False,0,,none,0,0,False,-2,0.5,risk_on,6,False
KMI,31.885000228881836,-6.199276142590326,28.25516396857999,20.95835900493437,3.1672962262405235,0.37569678400309,False,0.9735896006140703,5.582558464856242,-3.647070568110833,1.0297869722405206,False,True,False,True,29,48.333333333333336,True,0.500515787194855,1.2760346464747592,True,0.286125868709093,True,2.9877298829543486,True,2,2,0.48136026156139583,False,1.3175905733829292,True,2,1,False,False,False,25.0,8.015733260131764,6.0216464477344305,0.5566035970415241,23.0,False,3,3,4,7,-3.5541472946170383,33.060001373291016,399974262.1234417,60.20905923344948,False,0.0,0,,,,0.0,0,,,,False,True,False,False,1,,power_play,7,7,True,1,0.875,risk_on,6,False
KMX,58.505001068115234,-8.899096923008932,89.45920549909378,0.12836002489771126,-17.662702753796133,0.7860163619033139,False,0.9025138693106526,8.717207410834185,36.40709233079518,-5.804217528272737,False,True,False,False,26,43.333333333333336,True,0.4917380880917695,1.3852459521982077,True,-0.5049515884251683,True,-5.162907488240387,False,0,0,0.41951194313219264,False,0.7035108161431376,False,5,2,True,False,False,65.0,26.884190510472887,10.204257946688132,0.6139602275950647,17.0,False,3,3,3,5,-10.378366785953874,65.27999877929688,103058298.71509323,36.933797909407666,False,0.0,0,,,,0.0,0,,,,False,False,False,False,0,,none,0,0,False,-1,0.625,risk_on,6,False
KNF,55.400001525878906,-41.04501350833931,1.7634146278228124,-26.729267188639273,-44.52032996733312,0.5245595954015172,False,0.6808362076412089,7.052349075362854,-34.59267588907671,-13.760891394543862,False,True,False,True,16,26.666666666666668,False,0.33872331832173525,1.3462488266146397,False,-6.572756624009584,True,-1.894810822904558,True,2,1,0.34213456919378576,False,1.2984683424729797,True,5,1,False,False,False,25.0,21.192558386663183,16.23646660439208,0.1253818469414791,15.0,False,0,2,2,3,-18.53539627472822,68.00499725341797,56151149.68077431,14.285714285714285,False,0.0,0,,,,0.0,0,,,,False,False,False,False,0,,none,0,0,False,-3,0.375,risk_on,6,False
KNSL,360.67999267578125,-24.504733991522563,24.368131610840194,-15.650486373700067,-33.44154915239391,0.3970184948979592,False,0.7896169808063181,4.377835851166138,10.108630467566314,-5.236329429815745,False,True,False,True,30,50.0,True,0.42214703327177133,0.9316916160525068,False,-0.41973438067846136,True,-0.8821407137971415,True,2,0,0.4538463147074233,False,0.39619902490645903,False,5,2,True,False,False,65.0,26.10015840096625,5.270044358283888,0.6379538181076403,18.0,False,1,3,4,4,-9.449462695855626,398.31899778166576,68737441.06619568,22.299651567944252,False,0.0,0,,,,0.0,0,,,,False,False,False,False,0,,none,0,0,False,-2,0.5,risk_on,6,False
KNTK,53.66999816894531,-2.5952819324439935,78.59952786084965,34.36403967641317,16.572976897719325,0.37978005437949114,True,0.9671025744387878,4.937584528207154,21.06001430079687,-0.26018063700551375,False,True,False,True,24,40.0,True,0.41151349644901625,1.095983352949501,False,0.9822727826920313,True,-1.6132008807020704,True,2,0,0.41869781609797263,False,1.157894371341733,False,6,0,False,False,False,55.0,18.04696083007214,7.918763079927114,0.6836160762461763,7.0,False,5,2,5,5,-5.7097682792497935,56.91999816894531,64911681.85973682,70.59233449477352,False,0.0,0,,,,0.0,0,,,,False,False,False,False,0,,none,0,0,False,-1,0.625,risk_on,6,False
KNX,65.93000030517578,-19.80583747795295,71.39888527751933,66.69010961539612,48.89904683670228,0.4379070977623737,False,1.0157386253638365,6.71924811871722,22.371832879077758,-1.6655543474612067,False,True,False,True,16,26.666666666666668,False,0.487019309734919,1.7620365487368406,True,-1.7651087456250165,True,-3.6533683893771762,True,2,0,0.42195216838113386,False,1.0858108270623115,False,6,4,True,False,False,25.0,11.330212490151286,11.66387801670922,0.12787880274140379,24.0,False,1,2,3,4,-9.881318482105039,73.1590822176909,236356408.2243286,86.20209059233449,True,0.0,0,,,,0.0,0,,,,False,False,False,False,0,,none,0,0,False,-2,0.5,risk_on,6,False
KO,87.80000305175781,-3.985301930819418,37.2530502938601,35.68277731258986,17.891714533896018,0.42151143823417325,True,0.7735703400662725,1.5831427577844588,18.351959239967975,-1.4901721909224896,False,True,False,True,28,46.666666666666664,True,0.48166049340262584,0.6584644160548456,True,0.9658132016295363,True,-1.14838622671809,True,2,0,0.47402573511634183,False,0.6038301195762698,False,4,2,True,False,False,65.0,14.866466890486397,3.3399793117573093,0.6970123124795693,19.0,False,5,3,5,5,-4.504356424747524,91.94137006110614,1345781150.1096866,71.42857142857143,False,0.0,0,,,,0.0,0,,,,False,False,False,False,0,,none,0,0,False,-1,0.625,risk_on,6,False
KOLD,29.53499984741211,-40.20044500425263,117.48895444287935,-21.927046212387978,-39.71810899108182,0.7355425743764233,False,0.9672619271911317,5.789744373305359,34.924626180569554,1.0780306004786633,False,True,False,True,24,40.0,True,0.4650521663188462,2.0319146231247878,True,0.2447213975594844,True,1.4948435059794152,True,2,0,0.5815034567714259,False,1.0267569915396495,False,6,1,False,False,False,55.0,31.093990494174328,11.85034710710071,0.7111000127408619,31.0,False,3,2,4,5,-8.983053457602729,32.45000076293945,70188945.04457188,17.560975609756095,False,0.0,0,,,,0.0,0,,,,False,False,False,False,0,,none,0,0,False,-1,0.625,risk_on,6,False
KR,59.7400016784668,-20.017504696656076,8.319646814141457,-6.8402877749197515,-24.631350553613597,0.411535422776982,False,1.0541296880801938,4.728826052172209,-16.826999014170095,3.499654218716697,True,True,False,True,22,36.666666666666664,False,0.4827961870122079,1.2324261519730892,True,1.229581514617292,True,-1.9208638513812493,True,2,1,0.36148953016771845,False,1.364633256485901,True,5,2,True,False,False,65.0,14.019195147612926,11.550046061797712,0.6795534850962982,4.0,False,1,4,4,5,-4.492402226807446,62.54999923706055,406130978.1523514,29.198606271777006,False,0.0,0,,,,0.0,0,,,,False,False,False,False,0,,none,0,0,False,-1,0.625,risk_on,6,False
KRG,25.170000076293945,-15.621856719177474,22.792038591991194,19.5335463675516,1.7424835888577554,0.3284541216734525,False,0.8068611613621095,3.4962223206165897,4.441849556042188,-3.192307398869443,False,True,False,True,18,30.0,False,0.4296866101710747,0.5608672920281204,False,-5.330997801117278,True,-3.2667193178934406,True,2,0,0.4034399696232157,False,0.59113159526662,False,4,3,True,False,False,35.0,13.097715199942476,5.125152608729292,0.023809559851630507,34.0,False,0,2,2,4,-12.785864365969834,28.860000610351562,53125816.57805061,59.02439024390244,False,0.0,0,,,,0.0,0,,,,False,False,False,False,0,,none,0,0,False,-2,0.5,risk_on,6,False
KRMN,35.72999954223633,-69.00858768453337,3.896482048182981,-45.961890414344644,-63.75295319303849,0.4789998534941642,False,0.7716226934690331,10.54856158793048,-65.10401430293533,-21.593153869837543,False,True,False,False,22,36.666666666666664,False,0.4577006649814875,3.20774512990561,True,-4.952260842430743,True,2.8497346457619033,True,1,0,0.2601306936988694,False,0.2624775242312102,False,8,2,True,False,False,,,,,,False,0,2,3,2,,,139014075.57214412,4.390243902439024,False,0.0,0,,,,0.0,0,,,,False,False,False,False,0,,none,0,0,False,-3,0.375,risk_on,6,False
KRYS,333.68499755859375,-11.758560638787841,107.06485274392143,104.00133436271308,86.21027158401924,0.3042029319483098,False,0.7524751541282491,4.316945288128339,33.431300030147824,-5.057472921140804,False,True,False,True,23,38.333333333333336,False,0.39055829778125495,1.2122549843419548,False,-0.978083634116562,True,-1.8660121881838632,True,2,0,0.3159169689785851,False,0.4671091553228958,False,3,2,True,False,False,35.0,20.436101107350492,6.860654515789465,0.4806003989805874,11.0,False,4,2,3,5,-10.614502761550227,373.30999755859375,92733409.60289001,91.91637630662021,True,0.0,0,,,,0.0,0,,,,False,False,False,False,0,,none,0,0,False,-1,0.625,risk_on,6,False
KSPI,96.38179779052734,-9.426639116245195,49.48153400098756,16.935328229555058,-0.8557345491387878,0.48399812225857086,False,1.0263676232143497,6.188932043215542,39.624265375689305,-7.330388258667753,False,True,False,True,30,50.0,True,0.41560347420057314,1.378364496766908,False,0.51552272043362,True,-4.078628015017339,True,2,0,0.4129379530513881,False,0.581836910915774,False,7,2,True,False,False,65.0,26.118797295614684,12.422050457622047,0.6015507363762803,17.0,False,3,3,4,5,-10.407015549174869,107.57739390122492,67866166.37918511,55.749128919860624,False,0.0,0,,,,0.0,0,,,,False,False,False,False,0,,none,0,0,False,-1,0.625,risk_on,6,False
KSS,17.645000457763672,-26.430841358807132,52.762441134384396,5.324084853004374,-12.466977925689472,0.5133402670131407,False,0.9606698083804355,9.011051920309257,36.15025553940991,1.5104001102550724,False,True,False,False,25,41.66666666666667,True,0.5162738265816901,2.8440556965932102,True,-0.5036533295182474,True,2.7664553253295754,True,1,1,0.3617416812309426,False,1.3164736236139172,True,5,1,False,False,False,25.0,18.431769910491603,17.73433659583512,0.481856555020785,10.0,False,3,2,3,4,-9.550300758486351,19.5080808512685,83325238.34825706,42.09059233449477,False,0.0,0,,,,0.0,0,,,,False,False,False,False,0,,none,0,0,False,-2,0.5,risk_on,6,False
KTB,66.73999786376953,-23.75620414060854,18.70603394470034,-14.560887983207039,-32.35195076190088,0.4071288839206321,False,0.8720371347772717,6.592739043033376,-3.039653592747138,-12.684563791884162,False,True,False,True,23,38.333333333333336,False,0.48382954767434494,1.9477641251175486,True,-4.4060737045685565,True,-1.0086032685313828,True,2,0,0.40562295698022366,False,1.0307021002549746,False,8,3,True,False,False,25.0,22.375848792798394,13.694935094701549,0.0863011615651839,23.0,False,0,2,3,3,-20.44478705097298,83.89142004626584,54494247.58936386,23.34494773519164,False,0.0,0,,,,0.0,0,,,,False,False,False,False,0,,none,0,0,False,-3,0.375,risk_on,6,False
KTOS,48.88999938964844,-62.5994500205793,11.417498175891438,-39.47009852470343,-57.26116130339727,0.665791912967016,False,0.722606135650641,7.302106237252481,-41.58203134970905,-5.980770404522239,False,True,False,True,24,40.0,True,0.3693653961206647,1.695020284073365,False,-1.333642645858801,True,2.7532524341744358,True,2,0,0.4412913309147914,False,0.32639250470606357,False,7,3,True,False,False,25.0,30.14287328476339,9.36796496939035,0.1743118766604242,24.0,False,1,2,3,4,-24.88861247455891,65.08999633789062,161476865.43102187,7.526132404181185,False,0.0,0,,,,0.0,0,,,,False,False,False,False,0,,none,0,0,False,-2,0.5,risk_on,6,False
KVUE,17.704999923706055,-9.720879803602834,31.516568893111653,1.1831399639284035,-16.60792281476544,0.4960704757711552,False,0.8552874936681335,3.4453578818422024,2.943553001986454,-7.642149957002575,False,True,False,True,24,40.0,True,0.4581621738172084,0.8161071649119812,True,-3.1620356001316505,True,-1.1446115323986206,True,2,0,0.3736070542307337,False,0.6755005315138121,False,6,1,False,False,False,25.0,10.582820814634864,6.551820685742739,0.10386482332604793,19.0,False,2,1,2,5,-9.483638000431593,19.559999465942383,490385132.28421277,37.97909407665505,False,0.0,0,,,,0.0,0,,,,False,False,False,False,0,,none,0,0,False,-1,0.625,risk_on,6,False
KVYO,15.395000457763672,-57.1408651377008,19.712292914177397,-56.301445762702876,-74.09250854139673,0.37414777533244326,False,0.8451677046349013,15.329649798659814,-18.84554024772207,-23.5980111701532,False,True,False,False,23,38.333333333333336,False,0.5124628276257134,2.766261772791743,True,-2.4596532756547362,True,-11.522983935191366,False,0,0,0.42478546032092435,False,0.733594684039303,False,7,3,True,False,False,25.0,27.707390754480148,21.273143714347945,0.04745479263635195,12.0,False,0,2,2,2,-26.392542271731923,20.915000915527344,111063250.1733698,2.0905923344947737,False,0.0,0,,,,0.0,0,,,,False,False,False,False,0,,none,0,0,False,-4,0.25,risk_on,6,False
KYMR,118.58499908447266,-6.85334902320256,141.36982802028243,141.36982802028243,123.57876524158858,0.3949957505653909,True,0.992209143808562,9.984396364886372,54.0865391049598,0.36817397628088333,False,True,False,False,21,35.0,False,0.37748196772475606,1.488790410462153,False,0.8740667415430876,True,3.450232858604352,True,1,0,0.40930634010129896,False,0.7993635357368754,False,6,2,True,False,False,35.0,22.15878151675468,9.984396364886372,0.6729615675671309,18.0,False,7,3,5,6,-7.246773171861887,127.8499984741211,80727703.14554214,94.6341463414634,True,0.0,0,,,,0.0,0,,,,False,True,False,False,1,,power_play,6,6,True,0,0.75,risk_on,6,False
L,107.62000274658203,-9.815469104122187,11.560257381610306,11.560257381610306,-6.2308053970835395,0.37573246027452273,False,0.8080343736878509,2.37873768189906,1.2142362663761341,-1.913961402440123,False,True,False,True,24,40.0,True,0.5030719599925582,0.6420378331384904,True,-3.170228850409213,True,-1.4468811774866919,True,2,0,0.5689720157694172,False,0.48486204600713584,False,6,4,True,False,False,25.0,6.151965303137013,3.0198847027098954,0.0840931685132887,24.0,False,2,2,3,5,-5.634627048212404,114.04607366047966,95802281.61845437,50.31358885017422,False,0.0,0,,,,0.0,0,,,,False,False,False,False,0,,none,0,0,False,-1,0.625,risk_on,6,False
LAD,317.8949890136719,-25.49633903827123,31.322267675328085,-3.6253338997941698,-21.416396678488017,0.3662252864240089,False,0.9416142523255131,15.115050395117189,26.341395583004545,-14.165946217998815,False,True,False,False,23,38.333333333333336,False,0.4418547231529167,1.6359873733510528,True,-3.245486150174833,True,-11.7620121831441,False,0,0,0.309356675800934,False,0.3499348553468089,False,9,2,True,False,False,25.0,19.629801132930904,23.985908125378057,0.07481949602971312,9.0,False,0,2,2,2,-18.16110930500152,388.44000244140625,85659768.4637268,32.613240418118465,False,0.0,0,,,,0.0,0,,,,False,False,False,False,0,,none,0,0,False,-4,0.25,risk_on,6,False
LAMR,145.5500030517578,-11.428222826045076,30.034833126259453,22.006824441233274,4.215761662539428,0.2612279930498859,False,0.6984895347398747,3.3527296248518543,15.69641429918709,-3.2118643930212576,False,True,False,True,23,38.333333333333336,False,0.35772736066256383,0.4835714826551198,False,-4.3037410505010225,True,-2.8241392455691128,True,2,0,0.419813485756834,False,0.6133146759601507,False,7,4,True,False,False,25.0,6.282248146646903,4.280239632698782,0.05657430184787199,15.0,False,1,2,3,5,-5.926834343715271,154.72000122070312,68415780.5815651,61.393728222996515,False,0.0,0,,,,0.0,0,,,,False,False,False,False,0,,none,0,0,False,-1,0.625,risk_on,6,False
LASR,39.88999938964844,-53.042965482444494,42.26104881315847,27.934570234840006,10.14350745614616,0.2350834376385559,False,0.4158855182601335,8.72323448080908,-42.973550922147886,-7.102932777374205,False,True,True,False,18,30.0,False,0.49052098188257615,2.4390903339692365,True,-7.832092033274564,True,3.745119891120896,True,2,0,0.4336579265330386,False,0.5493406081128209,False,7,1,False,False,False,25.0,31.50458379622993,12.797692705809089,0.14909713637733024,23.0,False,1,1,3,4,-26.80734056945241,54.5,50710221.359515384,66.27177700348432,False,0.0,0,,,,0.0,0,,,,False,False,False,False,0,,none,0,0,False,-2,0.5,risk_on,6,False
LAZ,36.54499816894531,-34.43872599943445,2.223771101944938,-32.97184503930326,-50.7629078179971,0.7192342313863976,False,1.1360536465354145,12.970315818745034,-6.9473977854766495,-16.258023189583458,False,True,False,False,23,38.333333333333336,False,0.39757999930998267,1.6836432518150313,False,-2.7745412606784288,True,-8.039766921430969,False,0,0,0.29147553992202063,False,0.11624852457075648,False,8,2,True,False,False,25.0,25.11182262819881,32.261599415118,0.11747228278067143,8.0,False,0,2,2,2,-22.161879499280978,46.95000076293945,66057226.289614104,10.174216027874564,False,0.0,0,,,,0.0,0,,,,False,False,False,False,0,,none,0,0,False,-4,0.25,risk_on,6,False
LBRT,19.046899795532227,-43.45127779172076,76.62085477002951,76.62085477002951,58.82979199133567,0.34300350862776113,False,0.7674225096197589,6.195235538817558,-34.08800326482184,0.5856210983145482,False,True,False,True,20,33.33333333333333,False,0.44195203999321203,2.0052195129755814,True,-1.5064021439499318,True,-2.473634788162715,True,2,0,0.41811480319150557,False,1.1004011186024083,False,5,1,False,False,False,25.0,19.977765062737138,19.320731167173925,0.27555279387462933,7.0,False,2,1,3,4,-14.472836084328955,22.270000457763672,65615147.107289694,87.8048780487805,True,0.0,0,,,,0.0,0,,,,False,False,False,False,0,,none,0,0,False,-2,0.5,risk_on,6,False
LDOS,128.46499633789062,-34.87713525923621,28.882217511844253,-30.67341079873598,-48.46447357742983,0.4017206783979616,False,0.9460781600877858,5.402245755534867,-20.427293427711934,-8.373227612224564,False,True,False,True,26,43.333333333333336,True,0.43318246581900866,1.2347634020813136,False,0.2735379770858987,True,-2.9720526737110675,True,2,0,0.4349426029350223,False,0.6141406996374867,False,6,3,True,False,False,65.0,32.89892955127276,5.900702470954294,0.6193980056736924,22.0,False,1,3,4,4,-12.5213981984151,146.8530517088845,163063039.96850282,11.289198606271778,False,0.0,0,,,,0.0,0,,,,False,False,False,False,0,,none,0,0,False,-2,0.5,risk_on,6,False
LEA,121.41999816894531,-17.829189759427734,28.63018563597606,18.177597707194092,0.3865349285002466,0.4963288684436026,False,0.9845302500697928,8.48295437908528,3.30861917056251,-1.490441273095544,False,True,False,False,23,38.333333333333336,False,0.4552474995451811,1.4244756593194325,True,-2.1298909979656773,True,-5.78101748313683,False,0,0,0.3723656403572612,False,0.6376956626846452,False,7,1,False,False,False,35.0,12.503331366718898,12.699718663716114,0.19920577131129177,10.0,False,0,1,2,3,-10.012595597850993,134.92999267578125,82615806.33624801,57.491289198606275,False,0.0,0,,,,0.0,0,,,,False,False,False,False,0,,none,0,0,False,-3,0.375,risk_on,6,False
LECO,259.17999267578125,-12.740590352446313,18.586955869110476,10.155642263072684,-7.635420515621162,0.3777291323521598,False,0.9901057121276501,4.3328945307854525,3.205750729264656,-9.02772964960057,False,True,False,True,25,41.66666666666667,True,0.3925977860325102,1.3795866794956182,False,-1.1039484656253733,True,3.1480034500032117,True,2,0,0.4950639837245102,False,0.9542405482179239,False,6,1,False,False,False,45.0,16.918979236408767,14.02886677083321,0.3243788000572012,15.0,False,1,1,2,4,-11.430821053509788,292.6300048828125,123293390.6019928,48.6411149825784,False,0.0,0,,,,0.0,0,,,,False,False,False,False,0,,none,0,0,False,-2,0.5,risk_on,6,False
LEN,77.86000061035156,-40.5911875596474,1.8709934573674758,-37.61563958685452,-55.40670236554837,0.6667466058991559,False,0.97711455025924,7.385050032012884,-15.750553840019387,-9.811190827122507,False,True,False,True,17,28.333333333333332,False,0.3806852178718177,1.115117547777298,False,-2.355995171520753,True,-2.6628294915641226,True,2,0,0.48872445454541824,False,0.49533162676954334,False,7,1,False,False,False,25.0,15.560517947799282,9.440028314793558,0.15483892138444752,22.0,False,0,1,2,4,-13.151144132578708,89.6500015258789,316485394.55658114,8.501742160278745,False,0.0,0,,,,0.0,0,,,,False,False,False,False,0,,none,0,0,False,-2,0.5,risk_on,6,False
LEU,155.7050018310547,-64.28784361673058,12.00993308678806,-47.127234542968964,-64.9182973216628,0.6834521407756109,False,0.8689922982683352,12.870487813793483,-19.578016972161638,-11.420524000257636,False,True,False,False,22,36.666666666666664,False,0.5641318845139526,3.8505015851347677,True,-1.597745039266392,True,6.464958516960473,False,0,0,0.34242586828464966,False,0.5452736191001497,False,8,2,True,False,False,25.0,34.865991593729504,35.554413769198675,0.27303349001988764,17.0,False,0,2,3,3,-25.346408225889473,208.57000732421875,129056209.29199219,4.2508710801393725,False,0.0,0,,,,0.0,0,,,,False,False,False,False,0,,none,0,0,False,-3,0.375,risk_on,6,False
LFST,12.635000228881836,-5.568011055209265,162.68192056527312,141.58700158322702,123.79593880453318,0.28602067890057425,True,1.0007396862220785,8.151956583402006,93.49157462358892,2.6401283362040395,False,True,False,False,30,50.0,True,0.33611143735209903,1.2223759061902726,False,1.5882665115584031,True,-5.568011055209265,False,0,1,0.4896222626732367,False,1.7144368351737413,True,8,0,False,False,False,35.0,25.6637196771489,9.734867223025736,0.7341953853679525,5.0,False,8,3,4,6,-6.821535118809463,13.5600004196167,67943724.33583927,94.77351916376307,True,0.0,0,,,,0.0,0,,,,False,True,False,False,1,,power_play,6,6,True,0,0.75,risk_on,6,False
LFUS,409.8599853515625,-16.039286008110565,75.46513744873096,57.41546076894668,39.62439799025283,0.4721257973594422,False,0.8350105350642654,6.036205318544079,24.576324482824695,1.095153612740818,False,True,False,True,22,36.666666666666664,False,0.4550934122537909,1.4338093234363307,True,-0.8061265722102333,True,3.4399146928082436,True,2,0,0.3844931086407918,False,0.7160948178715157,False,6,1,False,False,False,25.0,17.769208309002515,10.45722609754129,0.2243357061383174,24.0,False,1,1,3,4,-13.78294041548358,475.3815397169594,81857478.18310547,82.64808362369338,True,0.0,0,,,,0.0,0,,,,False,False,False,False,0,,none,0,0,False,-2,0.5,risk_on,6,False
LGND,289.5790100097656,-10.238671101826425,73.91088797247976,73.91088797247976,56.119825193785914,0.38878170600332973,False,0.8304312933664276,6.495298466370005,44.529351730698984,3.2404078904191724,False,True,False,True,16,26.666666666666668,False,0.4272916592229514,1.2390638515019199,False,-0.19441955655653836,True,3.1815486575690555,True,2,0,0.5946178206525081,False,0.7601127687582273,False,7,2,True,False,False,25.0,9.225927366958905,8.02199406149801,0.6834668476428736,24.0,True,5,4,4,6,-2.920311872881387,298.2900085449219,56965907.14230347,87.52613240418118,True,0.0,0,,,,0.0,0,,,,False,True,False,False,1,,power_play,6,6,True,0,0.75,risk_on,6,False
LH,322.6400146484375,-4.717465426258672,32.137311833776174,17.540116274157256,-0.2509465045365893,0.26276593603445847,False,0.9900813765100249,5.678157231731166,22.615603333037203,-3.7211576044333006,False,True,False,True,26,43.333333333333336,True,0.365047970055825,0.9458348692442881,False,1.0787000917388117,True,2.324701768608395,True,2,0,0.5890857745215474,False,0.634194325787514,False,7,1,False,False,False,45.0,18.946745117341553,7.010908160860092,0.7148202934880047,16.0,False,3,2,3,5,-5.403227211921047,341.06873325502755,232246211.67975768,56.44599303135889,False,0.0,0,,,,0.0,0,,,,False,False,False,False,0,,none,0,0,False,-1,0.625,risk_on,6,False
LHX,246.875,-33.964696875216575,0.5437023500735716,-11.611221362777613,-29.40228414147146,0.4224461494709499,False,0.7652745389046365,3.321517751186709,-27.908177746765173,-5.616834402439852,False,True,False,True,19,31.666666666666664,False,0.44733313453964707,0.9401464604238559,True,-4.74227794819189,True,-0.8255303644578382,True,2,0,0.43531101388860466,False,0.4259027690384958,False,7,4,True,False,False,25.0,13.994514482280326,5.3792461926424044,0.05310548516756212,24.0,False,0,2,3,4,-13.251329001014355,284.58649240042735,419073601.6594513,25.435540069686414,False,0.0,0,,,,0.0,0,,,,False,False,False,False,0,,none,0,0,False,-2,0.5,risk_on,6,False
LII,362.3599853515625,-36.75539268151261,0.9134451659663201,-32.14540383267388,-49.93646661136772,0.33404568901989684,False,0.710387401077246,4.531409121181976,-23.6214577314236,-7.887853819727919,True,True,False,True,16,26.666666666666668,False,0.48251295722084786,1.515425094267187,True,-6.644780970511788,True,-0.8618161828406246,True,2,0,0.3787738517285149,False,0.38432911678577153,False,5,2,True,False,False,25.0,17.703730794743542,12.691796029783864,0.1611359798374961,24.0,False,0,2,3,4,-14.851022786353285,425.55999755859375,184301088.98624116,10.59233449477352,False,0.0,0,,,,0.0,0,,,,False,False,False,False,0,,none,0,0,False,-2,0.5,risk_on,6,False
LIN,457.80999755859375,-15.974386207392543,18.731778494880324,-3.129272979334208,-20.920335758028052,0.42206742402597236,False,0.7963009097176948,2.632093632124429,-3.614662658470369,-6.167874706006793,False,True,False,True,25,41.66666666666667,True,0.35563595125023034,0.4824338142468143,False,-4.127017264706733,True,-1.4211593315112125,True,2,0,0.4987632461626757,False,0.7989448448989199,False,7,2,True,False,False,25.0,7.849196404163727,4.329308540642353,0.0935716623377648,17.0,False,1,2,3,4,-7.1147340486105275,492.87687650933117,907213051.2859573,33.31010452961672,False,0.0,0,,,,0.0,0,,,,False,False,False,False,0,,none,0,0,False,-2,0.5,risk_on,6,False
LITE,959.3099975585938,-8.905219051125234,541.2071343125299,468.54739634300904,450.7563335643152,0.7751711550374372,True,0.8499211396495577,15.775912392272609,31.601616227991403,7.185474587552365,False,True,False,False,27,45.0,True,0.44197463758384065,2.9250988205131407,True,1.8361237437521305,True,14.883293283041187,False,0,1,0.3481057347600278,False,1.5036323348402756,True,4,2,True,False,False,25.0,23.597533674671137,20.290628150383,0.7216145885814473,8.0,False,8,3,4,5,-6.569209120486475,1026.760009765625,3965924893.388153,99.09407665505226,True,0.0,0,,,,0.0,0,,,,False,False,False,False,0,,none,0,0,False,-1,0.625,risk_on,6,False
LKQ,23.174999237060547,-31.16552386069419,4.441004253153769,-21.122354742685665,-38.913417521379515,0.3031072505540552,False,0.8531714368624405,4.962242314516409,-17.602623451714482,-9.224447263007086,False,True,False,True,24,40.0,True,0.48508361675396106,1.3458631897768347,True,-2.0433244354988886,True,-2.4210558439555885,True,2,0,0.26138716951331825,False,0.4739644089460164,False,6,3,True,False,False,35.0,14.193095445382061,11.089535186324307,0.1770193876298211,20.0,False,1,2,2,4,-11.680642381068928,26.239999771118164,77782682.19247207,18.048780487804876,False,0.0,0,,,,0.0,0,,,,False,False,False,False,0,,none,0,0,False,-2,0.5,risk_on,6,False
LLY,1168.5799560546875,-8.728932373365417,64.5628944207667,56.378423419795794,38.58736064110195,0.45614285593941384,False,0.7412788961662234,3.363906450710837,28.74295700017968,-0.513364382397119,False,True,False,True,19,31.666666666666664,False,0.38257718056842893,0.993493071912343,False,-0.289822555921124,True,2.661904450395136,True,2,0,0.4167606985058576,False,0.33067729049141686,False,4,2,True,False,False,65.0,16.630510316170664,4.929903425329157,0.4228609147097578,22.0,False,3,2,3,6,-9.598117511784675,1292.6500244140625,2669800868.659326,82.36933797909408,True,0.0,0,,,,0.0,0,,,,False,True,False,False,1,,power_play,6,6,True,0,0.75,risk_on,6,False
LMT,534.2999877929688,-20.03485264267235,23.858924302760663,15.89335551827762,-1.897707260416226,0.48711909075934773,False,0.9200178197462432,4.153098062582113,-12.19080357617528,-4.654642045830181,False,True,False,True,16,26.666666666666668,False,0.4326002104790659,0.9628543719629722,False,-1.5046848767129064,True,0.9293858598315108,True,2,0,0.5389691372183021,False,0.6585613020051232,False,6,0,False,False,False,45.0,20.497754126514618,4.336523390356216,0.40170993986938675,23.0,False,0,1,3,4,-12.263602548894958,608.9832763998896,607302039.8806274,55.1219512195122,False,0.0,0,,,,0.0,0,,,,False,False,False,False,0,,none,0,0,False,-2,0.5,risk_on,6,False
LNC,42.00680160522461,-10.623826371862533,32.083680829976124,6.614437183410926,-11.17662559528292,0.2833091314791497,False,0.9897315538145031,6.6655854053699155,24.05207473294655,-2.964193308303842,False,True,False,True,26,43.333333333333336,True,0.5022576530960176,1.4001173966306544,True,-1.1205667600665707,True,-4.616710417882574,True,2,0,0.4133423328925387,False,0.8041709561150755,False,5,2,True,False,False,45.0,15.481429697695434,9.04615227022645,0.23262890631865035,32.0,False,2,2,3,5,-11.880001638871473,47.66999816894531,83593101.45421143,43.76306620209059,False,0.0,0,,,,0.0,0,,,,False,False,False,False,0,,none,0,0,False,-1,0.625,risk_on,6,False
LNG,278.0950012207031,-6.004524102760877,48.3254334607627,21.30977732936077,3.5187145506669246,0.7498065987322398,True,1.054906168990914,4.947952931633141,-2.735174522610617,-1.5000125927036478,False,True,False,True,25,41.66666666666667,True,0.46809538875253326,1.2597282311199256,True,0.9273050273351681,True,1.3909152903548216,True,2,0,0.39922159072601204,False,0.723942462460015,False,6,2,True,False,False,55.0,18.807234168323355,6.900520454222975,0.6252721682607796,13.0,False,3,3,4,5,-7.047594080907594,299.17999267578125,593398205.3071289,60.55749128919861,False,0.0,0,,,,0.0,0,,,,False,False,False,False,0,,none,0,0,False,-1,0.625,risk_on,6,False
LNT,65.0,-16.065259544437925,4.443425578812388,4.443425578812388,-13.347637199881458,0.6702752070732833,False,0.8133745455805909,3.469226543719952,-4.605200174807456,-4.4539156749462965,False,True,False,True,19,31.666666666666664,False,0.47329028791318706,0.7776596650920448,True,-4.847611313387492,True,-2.869094772086078,True,2,0,0.2921065434279327,False,0.5469991685826056,False,3,3,True,False,False,25.0,9.214944260898392,6.407693716195914,0.01898253870600353,23.0,False,0,2,2,4,-9.040021224792227,71.45999908447266,136626917.4419098,41.045296167247386,False,0.0,0,,,,0.0,0,,,,False,False,False,False,0,,none,0,0,False,-2,0.5,risk_on,6,False
LNTH,100.37000274658203,-9.527672131075393,100.2993444902252,99.10732602736698,81.31626324867314,0.4236762421596964,False,0.29381639083803696,0.7173470170375618,32.53664108994454,-0.39693749112762466,False,True,True,True,22,36.666666666666664,False,0.565617801293892,0.2736370563629461,True,-2.930309724091133,True,0.049843552541783964,True,3,0,0.29160490929120314,False,0.7730294764517367,False,4,3,True,False,False,45.0,9.74607733939578,0.8917049396926671,0.14620471792349016,44.0,False,4,2,2,5,-8.321154851128899,109.4800033569336,99129774.73157158,91.21951219512195,True,0.0,0,,,,0.0,0,,,,False,False,False,False,0,,none,0,0,False,-1,0.625,risk_on,6,False
LOGI,104.4000015258789,-17.594127781184945,21.621628587833143,-5.215854122962183,-23.006916901656027,0.7873890974536354,False,0.9601061898809268,6.197319086340556,14.851484899212686,6.574114436090306,True,True,False,True,30,50.0,True,0.48916581518362406,1.2182840324403728,True,0.8686976100415693,True,4.025509058347532,True,2,2,0.499104456496785,False,1.23695887581525,True,2,0,False,False,False,65.0,18.40600322654135,7.375475896265667,0.6349515922288315,38.0,False,2,4,6,6,-6.719082171279911,111.91999816894531,70919470.45510483,30.73170731707317,False,0.0,0,,,,0.0,0,,,,True,True,False,False,2,power_play,sepa_vcp,6,6,True,0,0.75,risk_on,6,False
LOPE,151.7100067138672,-31.212874806324777,10.964017963228457,-27.695166610378884,-45.48622938907273,0.35600977822283747,False,0.7362435885417055,2.847532709940098,-9.583400211980686,0.34394091147822436,True,True,False,True,24,40.0,True,0.3259652832697659,0.9156379515163869,False,1.1030884823720708,True,-1.1532375963926866,True,2,1,0.4454580163037166,False,1.3296487346148527,True,4,1,False,False,False,45.0,15.781214049533308,5.892823179599188,0.6931641685138745,37.0,False,2,3,5,5,-4.842241934749081,159.42999267578125,50866818.929422,13.310104529616726,False,0.0,0,,,,0.0,0,,,,False,False,False,False,0,,none,0,0,False,-1,0.625,risk_on,6,False
LOW,192.30499267578125,-32.34898346066333,0.0,-25.99712371208842,-43.788186490782266,0.6266010452793989,False,0.7895805717081554,5.787683787064882,-17.00223087498045,-7.567897209816232,False,True,False,True,19,31.666666666666664,False,0.5153079229765994,1.0258429245468859,True,-3.96798081385192,True,-2.959582957741158,True,2,0,0.2880046251042299,False,0.21813438779181146,False,6,3,True,False,False,25.0,16.63935213365237,8.595720032690888,0.10873016549920864,22.0,False,0,2,3,4,-14.830152622360737,225.7899932861328,616287780.9304657,14.843205574912893,False,0.0,0,,,,0.0,0,,,,False,False,False,False,0,,none,0,0,False,-2,0.5,risk_on,6,False
LPLA,332.3900146484375,-15.237676405031975,25.12457020493455,-0.6422728799051813,-18.433335658599027,0.32215946104179893,False,1.0814347044022565,6.525467518736189,10.899206837050567,-10.332080050910653,False,True,False,True,25,41.66666666666667,True,0.4046490184464797,1.1512398528793826,False,-1.6081729677313386,True,-3.839029356327728,True,2,0,0.36247918030876675,False,0.710261255958128,False,6,2,True,False,False,65.0,31.192615704240907,9.064654037420596,0.6079864865484251,26.0,False,1,3,3,4,-12.227926875964245,378.6967799868622,208253149.29009095,35.88850174216028,False,0.0,0,,,,0.0,0,,,,False,False,False,False,0,,none,0,0,False,-2,0.5,risk_on,6,False
LPX,65.0999984741211,-33.162722871225014,0.5405381839707957,-25.11263444495826,-42.9036972236521,0.3716444703427664,False,0.7902457663456149,4.024581886316862,-9.629874633077328,-8.644405665794197,False,True,False,True,15,25.0,False,0.46210573197075955,1.393601697385905,True,-2.9372765153106006,True,-2.53032253067893,True,2,0,0.3895317524227678,False,0.3633448623485731,False,9,3,True,False,False,25.0,15.20053218159744,6.282648330492721,0.052768195206815235,22.0,False,0,2,3,4,-14.398427532191427,76.05000305175781,70932616.04795685,15.470383275261323,False,0.0,0,,,,0.0,0,,,,False,False,False,False,0,,none,0,0,False,-2,0.5,risk_on,6,False
LQDA,66.69999694824219,-26.727454858088063,205.96329946127025,180.4877839456914,162.69672116699755,0.31646058418489703,False,0.6146897176197651,11.919036449748596,87.88731534716109,-1.4625579220816642,False,True,True,False,21,35.0,False,0.4701161439138099,1.9046352221958207,True,-3.5239684155337714,True,2.128310276541323,True,2,0,0.4609173674960707,False,0.634323553918344,False,5,4,True,False,False,25.0,19.33786684949279,11.919036449748596,0.25481064470157017,24.0,False,5,2,2,5,-14.410372530420412,77.93000030517578,79201255.09933014,96.2369337979094,True,0.0,0,,,,0.0,0,,,,False,False,False,False,0,,none,0,0,False,-1,0.625,risk_on,6,False
LRCX,302.04998779296875,-30.29561831567443,139.30167228851138,139.30167228851138,121.51060950981754,0.6446237317338699,False,0.7880301756886022,12.236382370063613,29.55413748447997,0.04968330557031386,False,True,False,False,24,40.0,True,0.4637126990556161,1.9281360185818959,True,-0.29876792190361773,True,10.442794463562798,False,0,0,0.4563102397784903,False,0.5250038081006061,False,5,2,True,True,True,25.0,23.143536823628143,18.818076025498772,0.4590162807510127,24.0,False,5,2,3,4,-12.520276627422245,345.2799987792969,2486696401.6334715,94.49477351916377,True,0.0,0,,,,0.0,0,,,,False,False,False,False,0,,none,0,0,False,-2,0.5,risk_on,6,False
LRN,79.44999694824219,-48.2511577021156,30.203206083610645,-43.934801224967046,-61.72586400366089,0.8860084145093431,False,0.699539536918327,7.879162677519069,-9.023250564057994,-8.509902926405333,False,True,False,True,22,36.666666666666664,False,0.41881050204848125,1.0161245266972814,False,-2.172610773334382,True,-3.9298671341354674,True,2,0,0.3390010007066005,False,0.6885056355430041,False,5,1,False,False,False,35.0,12.045583697805377,7.879162677519069,0.2147584397923823,32.0,False,0,1,2,4,-9.458692936476144,87.75,55623781.73342552,5.156794425087108,False,0.0,0,,,,0.0,0,,,,False,False,False,False,0,,none,0,0,False,-2,0.5,risk_on,6,False
LSCC,118.05000305175781,-23.97114716078137,91.23603422512052,63.64014977895485,45.84908700026101,0.9111200454543944,False,0.7682344871388996,13.163914031170327,27.88430958068826,3.190560731813652,False,True,False,False,21,35.0,False,0.3749196219788057,1.6193600249028333,False,-0.7466786821206048,True,10.8450732880355,False,0,0,0.48597706922649475,False,0.8118486709271645,False,4,2,True,False,False,25.0,24.218978324945827,13.943243251976826,0.4288729121775759,24.0,False,2,2,3,4,-13.832114560760722,137.0,171931798.35945892,84.66898954703834,True,0.0,0,,,,0.0,0,,,,False,False,False,False,0,,none,0,0,False,-2,0.5,risk_on,6,False
LSTR,168.85000610351562,-24.907897142297198,43.298790512414634,38.71258298135769,20.921520202663846,0.28508746773731003,False,0.7670446735872719,5.632223524940099,12.790165163902545,-6.21007207220341,False,True,False,True,20,33.33333333333333,False,0.398731803948628,1.1062625698706572,False,-3.6807017666571684,True,-1.8827301431359356,True,2,0,0.3991877063372613,False,0.378014092368659,False,8,5,True,False,False,25.0,14.732287596037082,8.966537662051769,0.13289626583396438,24.0,False,1,2,3,4,-12.77442158733172,193.57854562417273,58655714.40552826,74.00696864111498,False,0.0,0,,,,0.0,0,,,,False,False,False,False,0,,none,0,0,False,-2,0.5,risk_on,6,False
LTH,40.06999969482422,-12.376995198052699,62.95241743057569,43.98131442570337,26.19025164700952,0.3008600934594981,False,0.8871213728864765,4.804090970105987,51.436134093966125,-7.906225601958994,False,True,False,True,24,40.0,True,0.4098909625332159,1.1803861866395624,False,-2.636111546029276,True,-3.5155288403246443,True,2,0,0.2740978361176203,False,0.4717481407737299,False,7,4,True,False,False,25.0,13.47441479901505,9.683057393724932,0.0,22.0,False,3,2,2,4,-13.474414799015044,46.310001373291016,125338382.84955673,77.14285714285715,False,0.0,0,,,,0.0,0,,,,False,False,False,False,0,,none,0,0,False,-2,0.5,risk_on,6,False
LULU,101.08000183105469,-53.17769152084067,5.313605225825069,-40.407967963198985,-58.19903074189283,0.34793177425932165,False,1.2049622014035957,6.915312363619291,-38.50833505990268,-16.33142631094737,False,True,False,True,26,43.333333333333336,True,0.4733886283361328,1.720213785818862,True,-2.5552587804957705,True,0.7776657582895252,True,2,1,0.5316469176801768,False,2.2881817802044475,True,5,2,True,False,False,25.0,23.39519760664909,8.310250666515307,0.1967720747418595,14.0,False,1,3,3,3,-18.791676034592964,124.47000122070312,841540850.0192902,6.898954703832752,False,0.0,0,,,,0.0,0,,,,False,False,False,False,0,,none,0,0,False,-3,0.375,risk_on,6,False
LUMN,6.40500020980835,-45.85798604298033,13.162550927220828,12.171631646554616,-5.61943113213923,0.3498339873451692,False,1.1179599415897328,13.114756051085674,-5.391429426093019,6.043050501002689,False,True,False,False,18,30.0,False,0.5459603849311082,2.9466663805363584,True,-0.025981469163586682,True,-8.890469151451686,False,0,0,0.356502992575949,False,0.8041575180364536,False,6,1,False,False,False,25.0,22.28335474290639,14.67603476079489,0.4660494862815117,6.0,False,0,1,3,3,-11.89820871234618,7.269999980926514,86416226.49773455,51.01045296167247,False,0.0,0,,,,0.0,0,,,,False,False,False,False,0,,none,0,0,False,-3,0.375,risk_on,6,False
LUNR,15.531399726867676,-66.01444317816531,92.93663799838812,59.95262271730786,42.16155993861402,1.2247877486209398,False,0.7782401686295728,14.454594426217652,-23.528310510730876,1.0500965680568353,True,True,False,False,18,30.0,False,0.44806762590765925,2.7721957910221278,True,0.4562762249943218,True,11.897691634084516,False,0,0,0.4363444623215722,False,0.6463395567325577,False,5,3,True,False,False,25.0,35.31670132659575,16.41836015589727,0.27872282805875465,24.0,False,2,2,3,4,-25.473130455140602,20.84000015258789,97815693.18120885,83.62369337979094,True,0.0,0,,,,0.0,0,,,,False,False,False,False,0,,none,0,0,False,-2,0.5,risk_on,6,False
LUV,41.4900016784668,-23.27151375085361,42.33388678504535,29.859994338212626,12.06893155951878,0.5376603481103918,False,0.8501231862299811,8.604481924321153,3.7580242659545515,5.157245364569318,False,True,False,False,18,30.0,False,0.5300139741430925,1.3856077631839718,True,-1.4111918475736636,True,4.984820844849258,True,1,1,0.5404019958276749,False,0.7865284265775165,False,2,1,False,False,False,25.0,14.765251638372412,9.59267144185713,0.630465610509085,24.0,False,2,3,4,5,-5.456268249865682,43.88445527845145,215681856.61898613,67.17770034843205,False,0.0,0,,,,0.0,0,,,,False,False,False,False,0,,none,0,0,False,-1,0.625,risk_on,6,False
LVS,40.27000045776367,-41.03377001640983,0.7253649796093109,-23.6267718917752,-41.41783467046905,0.3904126379802661,False,0.8388427919809236,7.263469589796428,-24.513044253648676,-10.590586946722802,False,True,False,True,14,23.333333333333332,False,0.45345532243987574,1.2057856619376819,True,-4.860995726101595,True,-5.023587244012684,False,1,0,0.35230411847304355,False,0.3643397159311206,False,10,1,False,False,False,25.0,16.768421373869245,12.105785807261263,0.09227879425874902,18.0,False,0,1,2,3,-15.221051667865959,47.5,247592528.76574898,15.958188153310104,False,0.0,0,,,,0.0,0,,,,False,False,False,False,0,,none,0,0,False,-3,0.375,risk_on,6,False
LW,47.119998931884766,-27.027608369884838,24.45283361809596,-12.724188659565606,-30.51525143825945,0.5524677089437149,False,0.8877709627093492,5.8149361754663635,17.175064249696725,-14.296108904681626,False,True,False,True,23,38.333333333333336,False,0.4680353442229164,1.3708187779118521,True,-2.571002903580317,True,-2.3622035418508935,True,2,0,0.46718624925640667,False,0.7909892484315206,False,8,1,False,False,False,25.0,17.827648418602546,8.47835106630587,0.1359515037897268,16.0,False,0,1,3,3,-15.403952807058985,55.70000076293945,69542487.43580493,24.390243902439025,False,0.0,0,,,,0.0,0,,,,False,False,False,False,0,,none,0,0,False,-3,0.375,risk_on,6,False
LYB,60.650001525878906,-24.839643436513814,52.127925351362705,23.960444703538375,6.169381924844529,0.3857733708720091,False,1.0083552532637257,8.672715587626268,-13.366309172907487,-4.743202025941617,False,True,False,False,33,55.00000000000001,True,0.4667885934931584,1.4905330723640229,True,-0.6785098449298328,True,-3.346611114137199,True,1,0,0.34777366775818325,False,0.6819961160448621,False,8,2,True,False,False,45.0,16.33154325178531,9.645504248874492,0.3043492453268394,20.0,False,1,2,3,4,-11.361050388081818,68.42364647981348,220696544.09924373,63.135888501742166,False,0.0,0,,,,0.0,0,,,,False,False,False,False,0,,none,0,0,False,-2,0.5,risk_on,6,False
LYFT,15.279999732971191,-37.810338124709084,20.790515365616137,-32.329496082375165,-50.120558861069014,0.3220098168565408,False,0.9479667282809612,5.857332941128523,14.542725323784577,-13.672321613879813,False,True,False,True,26,43.333333333333336,True,0.4246618620904695,1.6710427740723535,False,-1.5570704219391094,True,-3.8993704429811316,True,2,0,0.5739335046226711,False,1.0328415642043824,False,9,2,True,False,False,25.0,19.160176766031967,13.776175255384063,0.21625542860812813,11.0,False,1,2,3,3,-15.016684527286229,17.979999542236328,166449550.83580065,10.522648083623693,False,0.0,0,,,,0.0,0,,,,False,False,False,False,0,,none,0,0,False,-3,0.375,risk_on,6,False
LYG,5.894999980926514,-5.072464658381115,39.43953987823823,37.5594625052408,19.768399726546956,0.4039945006969869,False,0.9581158477207484,3.2230632908914556,21.69772641518628,-0.4222989027912738,False,True,False,True,23,38.333333333333336,False,0.4177983930005795,0.515358125334001,False,-0.9084627576608122,True,-0.08474770101858375,True,2,0,0.467725122227452,False,0.5716701979995094,False,6,2,True,False,False,65.0,12.545631408691408,4.919422608843642,0.5472527352237712,26.0,False,2,2,3,5,-5.680000305175781,6.25,76487666.8713949,73.17073170731707,False,0.0,0,,,,0.0,0,,,,False,False,False,False,0,,none,0,0,False,-1,0.625,risk_on,6,False
LYV,169.6284942626953,-9.992312310464445,35.04378109899966,3.60890117147461,-14.182161607219236,0.341860218200275,False,0.9285484859399444,4.893047649709137,11.722645206476056,-6.617946621368819,False,True,False,True,27,45.0,True,0.50054426680591,1.157464142583294,True,-2.3303989090483013,True,-1.0854925481607491,True,2,0,0.37062766020319327,False,0.6456044397481465,False,8,1,False,False,False,65.0,12.206079843337186,4.893047649709137,0.15058439165007576,25.0,False,2,1,3,5,-10.368034735696007,189.25,328339536.40112,40.13937282229965,False,0.0,0,,,,0.0,0,,,,False,False,False,False,0,,none,0,0,False,-1,0.625,risk_on,6,False
M,22.395000457763672,-13.822735138764465,40.469167303526234,32.14506545561198,14.354002676918132,0.3683461563035961,False,1.1085806734341987,4.53225884751687,26.230191315431473,2.621807694596945,True,True,False,True,22,36.666666666666664,False,0.4842694589469548,1.9454822073896836,True,-0.8172910524286203,True,0.031266613050529024,True,2,1,0.44669983234457733,False,1.7123147447540867,True,6,0,False,True,True,25.0,17.314924061042408,15.982589982704464,0.6804493399460213,22.0,False,2,2,3,5,-5.5329954124906155,23.706690558837497,147885875.39313182,68.78048780487805,False,0.0,0,,,,0.0,0,,,,False,False,False,False,0,,none,0,0,False,-1,0.625,risk_on,6,False
MA,565.7899780273438,-5.679659946687588,20.18628940137073,-2.5411171449105763,-20.33217992360442,0.3883031492398092,False,0.8077886989314855,2.138598429778607,13.456247594231163,-4.9571661970011505,False,True,False,True,27,45.0,True,0.36530733437124685,0.5391367705335129,False,-0.15297975331750857,True,-1.502385909189774,True,2,0,0.5041247463087177,False,0.7566734850426251,False,6,2,True,False,False,65.0,19.775876041965628,3.0046484844555548,0.7019306069155951,18.0,False,2,3,4,5,-5.894583369541118,601.22998046875,1493445831.6197267,34.21602787456446,False,0.0,0,,,,0.0,0,,,,False,False,False,False,0,,none,0,0,False,-1,0.625,risk_on,6,False
MAA,118.69000244140625,-15.560756068963322,0.8011772993544941,-11.73918489948086,-29.530247678174703,0.44128509665556825,False,0.9213808064477239,6.192601165165171,-0.6977801710326137,-8.425274375064829,False,True,False,True,22,36.666666666666664,False,0.4820794321384415,0.8415770339648666,True,-5.566952172265614,True,-5.50158926485863,False,1,0,0.2559103487129441,False,0.2486200215127529,False,9,2,True,False,False,25.0,11.981491147135648,9.571145629190735,0.04420918615781835,19.0,False,0,2,2,4,-11.451799174563671,134.0399932861328,124166656.87801285,25.226480836236938,False,0.0,0,,,,0.0,0,,,,False,False,False,False,0,,none,0,0,False,-2,0.5,risk_on,6,False
MAC,22.635000228881836,-13.970290639523808,44.340555514742185,34.07780839821471,16.28674561952086,0.30064251926183577,False,0.8727903498871958,4.020321794611545,24.24158225902009,-3.9727329619852925,False,True,False,True,17,28.333333333333332,False,0.5665917356991096,1.310517043334129,True,-3.176053781291847,True,0.7343165134378937,True,2,0,0.3149794056722381,False,0.28671755545739086,False,5,1,False,False,False,25.0,11.084371843327174,6.854781746921599,0.23153583436997305,22.0,False,1,1,3,4,-8.517942560115376,24.742557024098325,73774298.22582416,70.38327526132404,False,0.0,0,,,,0.0,0,,,,False,False,False,False,0,,none,0,0,False,-2,0.5,risk_on,6,False
MANH,209.36000061035156,-6.435464001606617,73.19656301070255,-3.8353800220537915,-21.626442800747636,0.2644685841429108,False,0.868568784301678,4.542412341952261,50.26196645300565,-6.234323828846245,False,True,False,True,29,48.333333333333336,True,0.4077674677340277,1.3740776708041278,False,2.070437205821,True,-1.0305345300983149,True,2,1,0.5063085731406982,False,1.5221116590971229,True,5,2,True,False,False,45.0,35.75298357282434,6.538977073698654,0.7823087524017508,16.0,False,3,4,4,5,-7.783111599327841,227.02999877929688,140578798.21800536,32.33449477351916,False,0.0,0,,,,0.0,0,,,,False,False,False,False,0,,none,0,0,False,-1,0.625,risk_on,6,False
MAR,342.3349914550781,-14.783457209534113,33.25571905857896,28.551179207444257,10.760116428750411,0.27343857884196615,False,0.9057461286292718,2.956167312658562,5.263931810612932,-2.4908839727859178,False,True,False,True,23,38.333333333333336,False,0.47290830113829957,1.0037659230888965,True,-1.552878377804256,True,0.5507255028664337,True,2,0,0.5244391944626812,False,0.9947489027576933,False,4,1,False,False,False,25.0,11.927316826317696,6.297923991629964,0.4929873773720252,22.0,False,2,1,3,5,-6.0473001850261054,364.36950947578606,534677712.0718338,66.68989547038328,False,0.0,0,,,,0.0,0,,,,False,False,False,False,0,,none,0,0,False,-1,0.625,risk_on,6,False
MARA,13.524999618530273,-40.78371485037919,100.96581842792105,-26.052493485398408,-43.84355626409226,0.7286881853125534,False,0.9156135943090504,23.659888351352667,51.79573344727475,26.75725887368472,False,True,False,False,20,33.33333333333333,False,0.4452384216536976,3.4564873116939996,True,2.7119293054072213,True,17.608692335045852,False,0,1,0.5746083485961531,False,1.7639472100678109,True,3,1,False,False,False,55.0,39.76404998550627,23.659888351352667,0.8455496859365482,51.0,False,2,2,3,3,-6.14157000869624,14.40999984741211,559137060.5845693,14.773519163763066,False,0.0,0,,,,0.0,0,,,,False,False,False,False,0,,none,0,0,False,-3,0.375,risk_on,6,False
MAS,67.97000122070312,-17.520750202218018,17.056251346763297,-4.160808249626546,-21.95187102832039,0.34924009859142396,False,0.8443860460410773,3.8693612411050267,14.172696352456594,-7.208189459790959,True,True,False,True,23,38.333333333333336,False,0.4193227001993089,1.0028838315555888,False,-3.1755015584980444,True,-2.0746324239028113,True,2,0,0.4410881303350543,False,0.7886021281687312,False,6,3,True,False,False,25.0,11.703968777487473,7.473876872776677,0.08757845808746229,22.0,False,0,2,4,4,-10.678953238451317,76.09628826020784,155934566.11593246,31.916376306620208,False,0.0,0,,,,0.0,0,,,,False,False,False,False,0,,none,0,0,False,-2,0.5,risk_on,6,False
MAT,13.069999694824219,-41.01985656669325,0.1532529026593732,-23.477753201369676,-41.26881598006352,0.3869292757679586,False,0.8753267929431822,8.071922951869436,-13.328914052062268,-13.672394990476167,False,True,False,False,21,35.0,False,0.5261822602479248,1.6018733340222941,True,-3.4809732457841336,True,-6.842480801271334,False,0,0,0.3631988351737074,False,0.7093195037745587,False,5,2,True,False,False,25.0,17.105262996811984,12.892122868862554,0.058161251478374136,17.0,False,0,2,2,2,-16.110399494050675,15.579999923706055,52587930.73343835,16.097560975609756,False,0.0,0,,,,0.0,0,,,,False,False,False,False,0,,none,0,0,False,-4,0.25,risk_on,6,False
MATX,231.89999389648438,-2.8080519847616725,165.8359372704209,125.58649111119817,107.79542833250433,0.44877956740252833,True,0.8875838390755445,5.666235332250106,45.545634353440036,3.383708448353029,False,True,False,True,26,43.333333333333336,True,0.4061021092146489,1.0246660179752338,False,2.3478594853763806,True,-1.9947600871031645,True,2,1,0.5751548077641214,False,0.684724348652333,False,2,1,False,False,False,35.0,16.79796343522349,8.404480701743767,0.7783063944129229,4.0,False,9,3,4,6,-3.7240010804745816,240.8699951171875,65460829.90292664,93.72822299651567,True,0.0,0,,,,0.0,0,,,,False,True,False,False,1,,power_play,6,6,True,0,0.75,risk_on,6,False
MCD,247.5399932861328,-25.997667364626544,0.0,-16.03051969233308,-33.82158247102693,0.7773558078825408,False,0.7781042850417171,4.548394014565074,-18.633819156294084,-5.924723221383232,False,True,False,True,18,30.0,False,0.5901483262099999,0.8851852157925555,True,-4.197366798087829,True,-3.8642266983603513,True,2,0,0.25128273069651386,False,0.20656617863727209,False,6,2,True,False,False,25.0,9.197152511962878,4.819062773515836,0.04081354628284489,19.0,False,0,2,2,4,-8.8217841022455,271.4902796120944,1224053750.3989632,22.020905923344948,False,0.0,0,,,,0.0,0,,,,False,False,False,False,0,,none,0,0,False,-2,0.5,risk_on,6,False
MCHP,74.4800033569336,-27.048858263091645,55.91758135398639,17.315101275490562,-0.47596150320328334,0.4013164895899487,False,0.7506804640850484,7.988717347027727,17.041007932741813,2.125329830346656,False,True,False,True,21,35.0,False,0.40743890510063646,1.3213794920260322,False,-0.8099437943481285,True,4.196977978609739,True,2,0,0.503554340680538,False,0.8815889226801993,False,7,0,False,False,False,25.0,15.04283174436656,8.606341800752142,0.4707091107438182,24.0,False,1,1,2,5,-7.962033790906897,80.92313033920036,589389808.5696656,56.23693379790941,False,0.0,0,,,,0.0,0,,,,False,False,False,False,0,,none,0,0,False,-1,0.625,risk_on,6,False
MCK,892.8388061523438,-10.135079929028423,28.601710877447783,28.36046932309182,10.569406544397975,0.2680845951695658,False,0.8741915347171243,4.858660329713607,2.0257468654760302,0.044522680954783844,True,True,False,True,26,43.333333333333336,True,0.4322247446277056,1.0377957042010837,False,1.1797779330871667,True,-1.9881668381350637,True,2,1,0.5012285963799298,False,1.200920121692373,True,6,1,False,False,False,55.0,16.643251115457154,5.362670680629311,0.7602231237240478,11.0,False,3,3,5,5,-3.9906667635405735,929.9500122070312,832835299.4609375,66.41114982578398,False,0.0,0,,,,0.0,0,,,,False,False,False,False,0,,none,0,0,False,-1,0.625,risk_on,6,False
MCO,468.2850036621094,-12.63855784270781,14.35632640221689,-1.7458957868027758,-19.536958565496622,0.32502066410146785,False,0.9457922432354615,3.745584079728048,6.6484688462813635,-9.062046303275084,False,True,False,True,23,38.333333333333336,False,0.515418038662684,1.020271312134469,True,-1.721230656411918,True,-2.018075693402832,True,2,0,0.33632219831996635,False,0.7229762647951596,False,6,2,True,False,False,65.0,16.395632091949793,7.000010361841366,0.37021678940474895,45.0,False,0,2,2,4,-10.325693818606673,522.2064419599319,329993079.6224762,34.98257839721254,False,0.0,0,,,,0.0,0,,,,False,False,False,False,0,,none,0,0,False,-2,0.5,risk_on,6,False
MDB,399.18499755859375,-15.478839201269013,76.66961847759354,23.422380916525643,5.631318137831798,0.3834701633110242,False,1.0503700323276117,8.60503433585918,46.08783076252288,-10.620885333659857,False,True,False,False,24,40.0,True,0.49260991580908287,2.4317422009210556,True,0.9032270416132407,True,4.419416839581514,True,1,0,0.4475473306380998,False,0.7494856010943524,False,5,2,True,False,False,25.0,22.680034748910998,13.016526745855316,0.4339559168448352,24.0,False,3,2,3,4,-12.837899475374604,457.9800109863281,771522418.073082,62.50871080139373,False,0.0,0,,,,0.0,0,,,,False,False,False,False,0,,none,0,0,False,-2,0.5,risk_on,6,False
MDGL,518.0150146484375,-14.06947232834388,25.625077478086887,17.749419969691218,-0.041642809002627956,0.5050887185617514,False,0.7996875747318152,5.086732213539562,15.700664083819316,-2.9498266691244224,False,True,False,True,25,41.66666666666667,True,0.36194712911017984,1.3224478956161219,False,-0.6628120149759581,True,-4.081950710997528,True,2,0,0.5585305609530179,False,0.7652961371548055,False,6,1,False,False,False,35.0,16.452328336140877,7.067359886548595,0.6249587577671472,11.0,False,1,2,4,4,-6.170301656809041,552.0800170898438,111761055.10529785,56.86411149825784,False,0.0,0,,,,0.0,0,,,,False,False,False,False,0,,none,0,0,False,-2,0.5,risk_on,6,False
MDLZ,60.375,-7.101089422165208,19.216041216491497,-1.9427570929428262,-19.733819871636673,0.30694591501524315,False,0.8767033771962935,4.645963238386387,7.998907656137688,-3.183131159274011,False,True,False,True,22,36.666666666666664,False,0.41663930655674764,0.8365939442085027,False,-1.3097445454865664,True,-3.2296832975811207,True,2,0,0.50366808848381,False,0.616457697403906,False,6,2,True,False,False,65.0,13.308330897994026,5.987580419820782,0.29255923530610894,37.0,False,1,2,2,5,-9.414855787276233,66.6500015258789,475486423.41284406,34.70383275261324,False,0.0,0,,,,0.0,0,,,,False,False,False,False,0,,none,0,0,False,-1,0.625,risk_on,6,False
MDT,91.93499755859375,-10.574712438957567,25.782351646215808,-0.1638210563371989,-17.954883835031044,0.38555345832856336,False,1.069977981189623,3.4807168469251386,7.286774717613409,0.772765730262992,True,True,False,True,23,38.333333333333336,False,0.3683098579469655,0.7931928504092004,False,1.3118834298135154,True,-1.9882787126722978,True,2,0,0.3687295510251833,False,0.5252059910256105,False,6,3,True,False,False,65.0,18.66696415629823,4.829493587773184,0.8048862097017344,13.0,False,1,3,5,5,-3.642182129897209,95.41000366210938,798476251.4157257,36.58536585365854,False,0.0,0,,,,0.0,0,,,,False,False,False,False,0,,none,0,0,False,-1,0.625,risk_on,6,False
MDY,669.5650024414062,-6.604032929749759,18.760909044161235,12.660605877617993,-5.130456901075853,0.5694944192678297,False,0.9842069015846886,2.27759813377261,9.558271604050539,-3.038879982987408,False,True,False,True,21,35.0,False,0.5097553052711278,0.49099430620540596,True,-2.962509969667384,True,-0.454192961547184,True,2,0,0.2872771162895907,False,0.2664556739724419,False,7,2,True,False,False,25.0,7.92191397366278,4.87929384394183,0.17112953167333247,24.0,False,1,2,2,5,-6.566240545393443,716.6199951171875,365339704.4881958,51.49825783972125,False,0.0,0,,,,0.0,0,,,,False,False,False,False,0,,none,0,0,False,-1,0.625,risk_on,6,False
MEDP,625.2000122070312,0.0,58.914135241844164,25.3910959794958,7.600033200801956,0.41000927203238424,False,0.7135100486198832,5.271379461865573,36.82621456863908,4.08723662617303,False,True,False,True,23,38.333333333333336,False,0.3845301903872933,0.9638728581095725,False,2.8599956347856623,True,5.003281840438478,False,1,0,0.5345413777594761,False,0.503402307719286,False,7,1,False,False,False,35.0,10.519460365823221,7.900938342290265,0.9322163210095865,20.0,True,5,3,4,6,-0.7130477245893441,629.6900024414062,129331379.04103088,64.45993031358886,False,0.0,0,,,,0.0,0,,,,False,True,False,False,1,,power_play,6,6,True,0,0.75,risk_on,6,False
MELI,1826.5899658203125,-27.255602929061375,18.087541238315886,-25.51644958055349,-43.30751235924734,1.0158671960458616,False,0.977552782585656,5.537094615704627,9.633992005144588,-7.102862513906549,False,True,False,True,27,45.0,True,0.5340609706706825,1.59224135150541,True,-0.8306040144153823,True,-3.875827516132768,True,2,0,0.4283761367118669,False,0.6280846434472491,False,7,1,False,False,False,55.0,14.98886950364533,10.08327304744736,0.22688668516491337,11.0,False,1,1,3,4,-11.588094587593778,2066.0,940714158.8671386,15.05226480836237,False,0.0,0,,,,0.0,0,,,,False,False,False,False,0,,none,0,0,False,-2,0.5,risk_on,6,False
MEOH,59.494998931884766,-8.911913618425704,78.1870983972794,55.71262010221194,37.9215573235181,0.31759889883984915,True,0.9824534356562039,9.152288219872602,11.145732130514418,3.4614433694918345,False,True,False,False,24,40.0,True,0.43639429082006265,1.5135883322993047,False,1.1640774216987353,True,-4.853745547261001,True,1,1,0.5361233802104627,False,1.009805962420349,False,2,2,True,False,False,35.0,20.49458934392426,11.028007632968857,0.6203784396611765,6.0,False,4,4,5,5,-7.780187985243958,64.51433551216196,50086555.55491428,82.29965156794425,True,0.0,0,,,,0.0,0,,,,False,False,False,False,0,,none,0,0,False,-1,0.625,risk_on,6,False
MET,96.875,-3.0765353097854886,45.08435564771614,25.872251401906965,8.08118862321312,0.22074511176352407,True,1.0579845706326787,3.251614478326613,41.98049915019233,0.3781969284948339,False,True,False,True,29,48.333333333333336,True,0.43996797551173034,0.7597472825949407,False,0.5923198361317068,True,-0.8951406649616356,True,2,1,0.5709294956822931,False,1.2641821165028033,True,3,2,True,False,False,65.0,17.10920286249607,3.778068296370968,0.76517688709162,31.0,False,6,4,5,6,-4.017636275552294,100.93000030517578,278346382.45176584,64.80836236933798,False,0.0,0,,,,0.0,0,,,,False,True,False,False,1,,power_play,6,6,True,0,0.75,risk_on,6,True
META,748.5900268554688,-3.5119728349155332,42.525280578983946,-3.5119728349155332,-21.303035613609378,1.7966106296116922,False,1.202001722227485,12.374598437378081,24.041291476174308,29.509359807735347,False,True,False,False,29,48.333333333333336,True,0.4546525157712963,1.7191099489971409,True,5.163246282528779,False,12.468457679325162,False,0,2,0.49175960824124243,False,1.2081203255356103,True,2,0,False,True,True,25.0,28.252551794930813,18.58093572560198,0.9988419865556197,0.0,True,4,3,4,4,-0.03271683481658183,748.8350219726562,12437124592.446558,32.6829268292683,False,0.0,0,,,,0.0,0,,,,False,False,False,False,0,,none,0,0,False,-2,0.5,risk_on,6,False
MFC,44.529998779296875,-0.13456239759068733,49.23867102819188,44.93825523388364,27.147192455189792,0.25462241146221587,True,1.0087043141891197,3.2369244886952004,31.893986506518957,4.139383833587118,False,True,False,True,29,48.333333333333336,True,0.4342478926784643,0.7823522005696412,False,1.5210780452656663,True,2.2502860147064263,True,2,0,0.5358268727492667,False,0.9848080458169957,False,4,0,False,False,False,65.0,12.905363373271081,4.382216057331655,0.9268640852705724,31.0,True,8,3,6,6,-0.9438455552198355,44.95429792211504,75592289.84575844,77.97909407665506,False,0.0,0,,,,0.0,0,,,,True,True,False,False,2,power_play,sepa_vcp,6,6,True,0,0.75,risk_on,6,False
MGA,63.28499984741211,-13.367560296235649,48.685185429163134,37.91549352445451,20.124430745760666,0.3885082298354033,False,0.9394864677339226,4.835265174957382,19.445886237789132,-3.9098098072819165,False,True,False,True,28,46.666666666666664,True,0.47998305267203784,1.4889494559462944,True,-2.116300817086977,True,-2.4734158689056263,True,2,0,0.3288255914889701,False,0.42010117276478626,False,6,1,False,False,False,65.0,16.085454992770977,10.049775816838592,0.15646161499603778,20.0,False,2,1,3,4,-13.568698726655947,73.22000122070312,80202745.66100273,73.44947735191639,False,0.0,0,,,,0.0,0,,,,False,False,False,False,0,,none,0,0,False,-2,0.5,risk_on,6,False
MGM,38.584999084472656,-23.880449536761482,25.602213368862657,7.7793293485018955,-10.01173343019195,0.48349223160056687,False,0.9782328422999816,5.909028983790725,4.42489387760201,-8.739356200344872,False,True,False,True,14,23.333333333333332,False,0.47378617517548094,1.0568354121752939,True,-5.33548238819662,True,-3.125791336548034,True,2,0,0.3901436168876463,False,0.21931847030365606,False,8,1,False,False,False,25.0,15.368993821327024,10.003889340261512,0.1593243561929441,19.0,False,0,1,2,4,-12.920338775410755,44.310001373291016,92454381.63355312,45.505226480836235,False,0.0,0,,,,0.0,0,,,,False,False,False,False,0,,none,0,0,False,-2,0.5,risk_on,6,False
MGNI,25.15999984741211,-2.9320996398334187,124.64285960611035,-2.9320996398334187,-20.723162418527263,0.35931517763212917,False,1.1513783650011689,14.58664586069714,102.0883552840567,6.160333491447423,True,True,False,False,28,46.666666666666664,True,0.2928859530056847,1.3705080114532717,False,2.456355257803821,True,5.5369114361391025,False,0,0,0.467780355130379,False,0.747760546803211,False,4,2,True,True,True,25.0,16.393441108479387,15.063596734946616,0.6181817157209323,2.0,False,7,2,3,6,-6.259315557469536,26.84000015258789,54320226.70628462,33.65853658536586,False,0.0,0,,,,0.0,0,,,,False,True,False,False,1,,power_play,6,6,True,0,0.75,risk_on,6,False
MGY,24.469999313354492,-23.387211729262837,17.433243296457235,4.556046651557533,-13.235016127136312,0.548590295296038,False,0.999514107497529,18.65549923234477,-19.819211899628144,-6.780954996744793,False,True,False,False,27,45.0,True,0.4351187486719313,1.475779911179419,False,-1.8570410058689015,True,-11.404784323555928,False,0,0,0.3468948236749868,False,0.3522389494566068,False,5,2,True,False,False,35.0,18.542026059155077,18.65549923234477,0.18517979551395725,4.0,False,1,2,2,3,-15.108417465106271,28.825000762939453,103630708.10346547,41.254355400696866,False,0.0,0,,,,0.0,0,,,,False,False,False,False,0,,none,0,0,False,-3,0.375,risk_on,6,False
MHK,118.82499694824219,-15.185587600584382,25.967342989198826,-9.05786497945681,-26.848927758150655,1.0146036800048985,False,1.0396810250945163,11.786238260555788,16.68957557850559,-8.518748551390075,False,True,False,False,28,46.666666666666664,True,0.4956592037727806,1.596863517786555,True,-1.6467461766683316,True,-8.186525552930679,False,0,0,0.335771089176213,False,0.39502654729245973,False,7,3,True,False,False,25.0,15.254904587229337,12.560484582940335,0.02206024804394932,24.0,False,1,2,2,3,-14.918377608148282,139.66000366210938,126361242.15032272,26.7595818815331,False,0.0,0,,,,0.0,0,,,,False,False,False,False,0,,none,0,0,False,-3,0.375,risk_on,6,False
MIAX,37.90999984741211,-33.30401170717433,5.8642792336986105,-0.2893230116442602,-18.080385790338106,0.2614461906017779,False,1.0023887603707657,11.039297218249487,-2.9938636868559243,-11.837209657181136,False,True,False,False,22,36.666666666666664,False,0.5919323872220471,2.4219993911213855,True,-2.6972200780992766,True,-9.241083476296962,False,0,0,0.2827640881267596,False,1.1144459986289974,False,6,3,True,False,False,25.0,16.452581177679253,18.01634936388338,0.06924622803246508,17.0,False,0,2,2,3,-15.313301989727035,44.76499938964844,64730362.835919574,36.44599303135889,False,0.0,0,,,,0.0,0,,,,False,False,False,False,0,,none,0,0,False,-3,0.375,risk_on,6,False
MIDD,110.94499969482422,-23.04429194664649,23.48194213109305,2.265206005368059,-15.525856773325787,0.4189894787101615,False,0.8548483441347982,3.578350742821564,0.1777075165471098,-1.6008871886259657,False,True,False,True,19,31.666666666666664,False,0.44049061019742614,1.2118966757919696,True,-3.4287463386961154,True,1.1164769052973256,True,2,0,0.39163734378835346,False,0.8868733068243418,False,6,3,True,False,False,25.0,12.100513464250891,8.661950188639178,0.4672475640430585,24.0,False,0,2,2,4,-6.446578024409433,118.58999633789062,63649741.141815186,38.606271777003485,False,0.0,0,,,,0.0,0,,,,False,False,False,False,0,,none,0,0,False,-2,0.5,risk_on,6,False
MIR,16.325000762939453,-45.12604785566571,13.368063856974288,-33.20376265871907,-50.99482543741291,0.5275102485250479,False,1.0232304027154795,7.583454239174146,-15.50206510969624,13.368063856974288,False,True,False,True,20,33.33333333333333,False,0.46100912961529705,2.007808593835919,True,0.8102528363471186,True,6.144347473776901,False,1,1,0.3515080793477375,False,1.2878047356615046,True,4,2,True,False,False,25.0,17.816926922718068,12.54517758028331,0.6790925598588872,9.0,False,1,4,4,3,-5.717584409950726,17.315000534057617,56810043.811870955,10.034843205574912,False,0.0,0,,,,0.0,0,,,,False,False,False,False,0,,none,0,0,False,-2,0.5,risk_on,6,False
MIRM,92.72000122070312,-27.883646310380627,44.648991307131936,24.657172149118868,6.866109370425022,0.4188165128765714,False,0.9155737560898493,10.202759879127747,3.678855981550222,-4.863531611221516,False,True,False,False,22,36.666666666666664,False,0.41505397001489946,1.7796934858239195,False,-2.7634759618530227,True,-4.165373415293927,True,1,0,0.3488248545469129,False,0.9225475411768693,False,5,1,False,False,False,35.0,16.93458200615143,13.195643280060324,0.21192071662403553,32.0,False,0,1,2,3,-13.345793251679329,107.0,58124235.421188354,63.76306620209059,False,0.0,0,,,,0.0,0,,,,False,False,False,False,0,,none,0,0,False,-3,0.375,risk_on,6,False
MKC,49.189998626708984,-30.107219212323034,8.850321578245989,-22.45119259545656,-40.2422553741504,0.44869176012023715,False,0.8265262026635206,5.5702336659179705,-5.956471860666779,-11.097059463496251,False,True,False,True,25,41.66666666666667,True,0.37413750789954986,0.8815811513292706,False,-2.752021047107948,True,-2.3814264288043785,True,2,0,0.33376760786675375,False,0.47636100318788605,False,7,2,True,False,False,65.0,20.328080488921422,8.721279163648346,0.33567339482493647,21.0,False,1,2,2,4,-13.504484700930607,56.869998931884766,153277168.11447906,17.00348432055749,False,0.0,0,,,,0.0,0,,,,False,False,False,False,0,,none,0,0,False,-2,0.5,risk_on,6,False
MKL,1781.56005859375,-18.720738265065517,1.7237970023885385,-7.927331272068638,-25.718394050762484,0.7914555765595463,False,0.7930912182799321,1.6451837467984602,-5.69565169912456,-2.0415730008266464,False,True,False,True,21,35.0,False,0.35907940395798005,0.4828902528006618,False,-3.04985282632058,True,-0.9396874387428866,True,2,0,0.4267847716689056,False,0.42851558198436296,False,4,1,False,False,False,35.0,7.45549866042212,2.5477678638723797,0.09803427397751129,33.0,False,0,1,3,4,-6.724604262107325,1910.0,116668927.22198486,28.08362369337979,False,0.0,0,,,,0.0,0,,,,False,False,False,False,0,,none,0,0,False,-2,0.5,risk_on,6,False
MKSI,254.6699981689453,-42.69180312715656,110.89907544615629,98.83085683080108,81.03979405210724,0.32431135562817526,False,0.6538203928253652,11.991987083564085,8.543659581109942,-0.4261793717943996,False,True,False,False,23,38.333333333333336,False,0.47994873936166677,1.8686807147121298,True,-3.00751941880359,True,6.436240908387392,False,0,0,0.43939057229691975,False,0.8209943318726062,False,5,0,False,False,False,25.0,29.69115168889443,16.4251785180071,0.2716687186990465,24.0,False,2,1,3,3,-21.624994552873446,324.9377741233474,334249543.42848206,91.14982578397213,True,0.0,0,,,,0.0,0,,,,False,False,False,False,0,,none,0,0,False,-3,0.375,risk_on,6,False
MKTX,163.5800018310547,-14.633886282341624,50.672506893866775,-6.494837816581633,-24.28590059527548,0.2874181568383316,False,0.20483458434932694,0.4156942585705226,-3.15403159036326,0.5285156120329093,True,True,True,True,29,48.333333333333336,True,0.44426316042881375,0.10134531087002357,True,35.006495610569154,False,0.2942953461537057,True,3,1,0.3543200923346927,False,1.0683251865191665,False,0,1,False,False,False,45.0,32.00859909815907,0.5012789193367138,0.9959945843466147,0.0,True,2,2,5,4,-0.12820774387070077,163.7899932861328,144159313.3169342,29.61672473867596,False,0.0,0,,,,0.0,0,,,,False,False,False,False,0,,none,0,0,False,-1,0.625,risk_on,6,False
MLI,60.685001373291016,-13.34911090863059,26.53504850711603,23.10694221788312,5.315879439189274,0.24246202843769027,False,0.8520517715936287,4.020766888340479,10.90651710146544,-3.0984868992191217,False,True,False,True,26,43.333333333333336,True,0.5386172411497683,1.5602820182867694,True,-1.649935762491854,True,1.1416689554850201,True,2,0,0.4824926748461845,False,0.5361846322421348,False,6,1,False,False,False,25.0,13.602797534557315,10.397952403064355,0.3147155790977821,24.0,False,1,1,3,4,-9.321785231119229,66.92346284933377,108246361.94992408,61.88153310104529,False,0.0,0,,,,0.0,0,,,,False,False,False,False,0,,none,0,0,False,-2,0.5,risk_on,6,False
MLM,498.2149963378906,-29.34005801682057,1.5438980644252753,-19.003940775741924,-36.795003554435766,0.6831081443354243,False,0.9069473502423093,4.429815940195188,-13.4790736650913,-6.030857986057425,False,True,False,True,22,36.666666666666664,False,0.478142506934507,1.1513894912606772,True,-2.8829800912049883,True,-0.5400097854612818,True,2,0,0.47334170650790347,False,0.7630109845836641,False,7,2,True,False,False,25.0,10.695276695382107,6.260349983574785,0.161876582542749,24.0,False,0,2,2,4,-8.963961854584547,547.2722742416274,379104706.65864563,19.65156794425087,False,0.0,0,,,,0.0,0,,,,False,False,False,False,0,,none,0,0,False,-2,0.5,risk_on,6,False
MMM,165.27999877929688,-9.672689743773844,18.174259571869666,7.491046622069053,-10.300016156624793,0.2984044979049682,False,0.8595796824644762,3.633231441894645,13.852377944247829,-5.196740707183711,False,True,False,True,22,36.666666666666664,False,0.4477373740777053,0.8588157809864232,True,-2.0613242456538083,True,2.0120938284594603,True,2,0,0.5470618428379985,False,0.5227959263460955,False,5,3,True,False,False,55.0,16.949702288150505,5.0157268558566965,0.397049761708292,38.0,False,1,2,3,5,-10.219827033613848,184.09409707996218,458639903.3139145,45.156794425087114,False,0.0,0,,,,0.0,0,,,,False,False,False,False,0,,none,0,0,False,-1,0.625,risk_on,6,False
MMSI,85.43000030517578,-8.317235431012893,41.65146469887073,2.237916229318637,-15.553146549375208,0.23660075376467268,False,0.9222607975582745,4.167151522739801,25.392637236441253,-5.591775531049803,False,True,False,True,27,45.0,True,0.36228600474978156,0.7857262377095159,False,0.25099892611838376,True,-1.8271620308288217,True,2,0,0.4196242108090725,False,0.5111599407531398,False,7,3,True,False,False,45.0,22.371557459072633,5.6069307016462,0.6690890487874659,26.0,False,2,3,4,5,-7.4029933588875885,92.26000213623047,52073248.66777992,38.53658536585366,False,0.0,0,,,,0.0,0,,,,False,False,False,False,0,,none,0,0,False,-1,0.625,risk_on,6,False
MNDY,86.55000305175781,-60.50649990314864,47.16885058782725,-60.50649990314864,-78.29756268184248,0.5347253793760222,False,0.9677341739752415,17.099945152985445,14.681332518668611,-14.060168961810682,False,True,False,False,29,48.333333333333336,True,0.5359368611231163,2.8674971854566995,True,-0.2709825382966517,True,-9.942250633599736,False,0,1,0.44024551872254414,False,1.4659737017823207,True,4,1,False,False,False,25.0,22.354903875612745,22.440212611075783,0.3224280490808056,15.0,False,1,2,2,2,-15.14705583160999,102.0,110223121.57424355,1.7421602787456445,False,0.0,0,,,,0.0,0,,,,False,False,False,False,0,,none,0,0,False,-4,0.25,risk_on,6,False
MNST,44.314998626708984,-11.316794988692557,38.5276615935406,38.2036504744965,20.412587695802653,0.48287039126841197,False,0.7910309980897248,2.771072275581693,19.835043740590265,-5.431075438527366,False,True,False,True,23,38.333333333333336,False,0.4580257998800817,0.9221996646407006,True,-2.572523543193168,True,0.26017615788358484,True,2,0,0.5610008327867113,False,0.6881257779389083,False,5,3,True,False,False,25.0,14.317633654429498,6.521501283775007,0.3014183092403291,18.0,False,2,2,3,5,-10.002036725988928,49.2400016784668,415215876.7250681,73.65853658536585,False,0.0,0,,,,0.0,0,,,,False,False,False,False,0,,none,0,0,False,-1,0.625,risk_on,6,False
MO,68.69499969482422,-6.844446624007916,31.620631072147876,13.023441592341722,-4.767621186352123,0.4618875853699735,False,0.827922701590685,3.304456879177245,11.854036547759117,1.6637118221556113,False,True,False,True,23,38.333333333333336,False,0.36538485195296083,0.6664351132687404,False,0.36405068818259406,True,-1.1582738203968046,True,2,0,0.4993375426856449,False,0.820654784271501,False,5,1,False,False,False,25.0,11.023661475130865,6.360772421004469,0.7414954335476327,3.0,True,2,3,5,6,-2.8496668303463646,70.70999908447266,551397644.9326859,51.98606271777003,False,0.0,0,,,,0.0,0,,,,False,True,False,False,1,,power_play,6,6,True,0,0.75,risk_on,6,False
MOD,193.3699951171875,-36.99045720379485,61.57252224607896,24.79509449863282,7.004031719938975,0.6337099349628158,False,0.7347744512981098,12.442466859459108,-8.559136520089838,8.861110061196653,True,True,False,False,25,41.66666666666667,True,0.47363689065217407,2.4059591294955274,True,-0.8547339522492955,True,6.142278456076489,False,0,0,0.3359716773817687,False,0.8165415331165786,False,5,2,True,False,False,25.0,21.429220976999517,14.335213280583705,0.4355112228492115,24.0,False,2,2,4,3,-12.096554744600486,219.97999572753906,218942238.3449219,63.90243902439025,False,0.0,0,,,,0.0,0,,,,False,False,False,False,0,,none,0,0,False,-2,0.5,risk_on,6,False
MOG-A,369.1000061035156,-17.126947313085495,89.48921037395259,88.66901946518553,70.87795668649169,0.5070367573011078,False,0.6785099633176779,5.406398471921802,24.629632740064935,-1.4840115048971425,False,True,False,True,23,38.333333333333336,False,0.3753485929703869,1.1054610021471873,False,-2.183256332706512,True,1.8459762075562436,True,2,0,0.4594664422601876,False,0.5470123040285771,False,4,2,True,False,False,25.0,22.08756005354123,7.54538218449798,0.19558212410192635,24.0,False,3,2,3,5,-17.76762814204078,448.8500061035156,86092361.43657836,90.10452961672473,True,0.0,0,,,,0.0,0,,,,False,False,False,False,0,,none,0,0,False,-1,0.625,risk_on,6,False
MOH,197.42999267578125,-18.712949313781714,60.970232547550296,12.726957499036207,-5.064105279657639,0.29454043874719177,False,0.8637614204020972,8.04842221502937,45.98490436009386,-1.2850036621093741,False,True,False,False,24,40.0,True,0.4074376428266333,1.3055232184436725,False,-1.0972099834070241,True,-7.773164889575323,False,0,0,0.3769753442323752,False,0.8390716218503901,False,6,1,False,False,False,35.0,12.754274971715166,13.148968078268942,0.36496338170293596,25.0,False,2,1,2,3,-8.099431646868883,214.8300018310547,116032930.66456756,51.637630662020904,False,0.0,0,,,,0.0,0,,,,False,False,False,False,0,,none,0,0,False,-3,0.375,risk_on,6,False
MORN,202.2100067138672,-13.83665717801753,42.993925795498726,-13.122169364907165,-30.91323214360101,0.36656397215837777,False,1.0012228705394841,5.153057624734616,16.915869496402024,-7.093952499700295,False,True,False,True,30,50.0,True,0.4241395208840598,1.477554781599662,False,0.6345779630287565,True,0.28268564071818325,True,2,1,0.5347271731114805,False,1.3405409088762053,True,3,2,True,False,False,45.0,26.16184263814809,10.40502081378445,0.6718508409077966,19.0,False,1,4,4,4,-8.584986662010852,221.1999969482422,62604999.82634125,24.181184668989548,False,0.0,0,,,,0.0,0,,,,False,False,False,False,0,,none,0,0,False,-2,0.5,risk_on,6,False
MOS,24.094999313354492,-30.476017352268848,22.59818238547229,-26.486266831050585,-44.27732960974443,1.1196000041097125,False,1.1289805749869875,11.330149906761957,1.9351815645320514,2.9616917423179956,False,True,False,False,25,41.66666666666667,True,0.5212751388993725,2.2594316420248632,True,0.6506272384582508,True,-3.81237506104658,True,1,0,0.40844298856163624,False,0.8903728227449614,False,4,3,True,False,False,25.0,22.774477814071005,15.371246899294281,0.5666058888643665,8.0,False,1,2,3,3,-9.87032456880751,26.73370252148449,200192529.41399422,14.494773519163765,False,0.0,0,,,,0.0,0,,,,False,False,False,False,0,,none,0,0,False,-3,0.375,risk_on,6,False
MP,50.29999923706055,-49.01165893660395,32.021000660212984,-31.30292488599672,-49.093987664690566,0.6993858499989692,False,0.8175668157028886,7.793244618489694,-5.593092362070906,-10.38660559435911,False,True,False,True,19,31.666666666666664,False,0.529670479859884,2.7326908925866573,True,-0.22975695042906144,True,-0.7498047865568513,True,2,0,0.2756679873799518,False,0.3373390429677516,False,6,2,True,False,False,25.0,24.347691054837355,19.980125654461382,0.19986852965644405,17.0,False,0,2,3,4,-19.48135384317766,62.470001220703125,273332158.62150955,11.0801393728223,False,0.0,0,,,,0.0,0,,,,False,False,False,False,0,,none,0,0,False,-2,0.5,risk_on,6,False
MPC,415.5299987792969,-2.2029267684450793,158.47267090390065,127.79608031299676,110.00501753430292,0.581002693476703,True,1.2122891094019965,8.259325898843038,79.8727081105745,12.661663613915852,False,True,False,False,37,61.66666666666667,True,0.4056801805362614,1.2860725269936297,False,4.712417675476147,False,4.812709291153161,True,1,2,0.5016328404497434,False,2.5964001263113574,True,2,1,False,False,False,25.0,19.34907111039091,10.328973368046194,0.8135716005324205,0.0,False,10,2,4,5,-3.6072163582945627,431.0799865722656,1106493575.60296,93.86759581881533,True,0.0,0,,,,0.0,0,,,,False,False,False,False,0,,none,0,0,False,-1,0.625,risk_on,6,False
MPLX,59.44089889526367,-1.3101455304167842,34.421447079336744,27.66430986146744,9.873247082773595,0.4211292634908211,True,0.9701546160391009,3.768445473404537,5.201394684809846,0.32219222829312777,False,True,False,True,29,48.333333333333336,True,0.31917303419435744,0.5474300542498995,False,1.192837816799364,True,0.9354720857953858,True,2,1,0.48732264154353605,False,0.8235694737485858,False,2,1,False,False,False,65.0,9.849400477563348,5.0974982471846655,0.8404350949444074,8.0,True,5,4,5,6,-1.5716186520569053,60.38999938964844,70518112.44347152,65.9233449477352,False,0.0,0,,,,0.0,0,,,,False,True,False,False,1,,power_play,6,6,True,0,0.75,risk_on,6,False
MPWR,1265.3599853515625,-25.007502267319747,48.428409889682044,39.05169499045462,21.260632211760775,0.5816852894228346,False,0.6726447876584697,10.750302749543717,17.975058891762764,0.724370394281304,False,True,False,False,23,38.333333333333336,False,0.3866921157006966,1.3121539956791166,False,-0.8167725672094637,True,10.681921220421241,False,0,0,0.45985670608749113,False,0.5052629804058375,False,7,1,False,False,False,25.0,21.737903558083836,10.750302749543717,0.4176483881008114,24.0,False,2,1,3,5,-12.659103176359231,1448.760009765625,788964780.7829101,74.49477351916376,False,0.0,0,,,,0.0,0,,,,False,False,False,False,0,,none,0,0,False,-1,0.625,risk_on,6,False
MRCY,86.36000061035156,-31.574359213368975,30.611005781931567,13.976513707888927,-3.814549070804919,0.23258363949157776,False,0.7043687857668578,10.930980483203228,10.30782935298662,-2.462164312891346,False,True,False,False,20,33.33333333333333,False,0.4469017433545077,2.1208809545468537,True,-2.523456491549102,True,6.577813046217762,False,0,0,0.4711474752463741,False,0.4897789002667241,False,5,3,True,False,False,25.0,31.989943587575738,13.420560741058388,0.21376321424297112,24.0,False,1,2,3,4,-25.15167042284423,115.37999725341797,63846626.032469176,53.10104529616725,False,0.0,0,,,,0.0,0,,,,False,False,False,False,0,,none,0,0,False,-2,0.5,risk_on,6,False
MRK,150.1999969482422,-3.4281865683502555,99.24030264020791,89.6828116778703,71.89174889917646,0.2834771190323122,True,0.8079500092723169,5.319567507799811,31.546580967340752,1.8446875568404408,False,True,False,True,28,46.666666666666664,True,0.38577626095956286,0.8894084987251053,False,4.262236760074162,False,4.305553436279297,True,2,0,0.5395997242836851,False,0.7168107522044191,False,3,2,True,False,False,35.0,19.56410450610427,5.319567507799811,0.8099869563471183,18.0,False,8,2,5,5,-3.717435043547934,155.9991645592082,1473975627.1745667,90.31358885017423,True,0.0,0,,,,0.0,0,,,,False,False,False,False,0,,none,0,0,False,-1,0.625,risk_on,6,False
MRNA,175.6699981689453,0.0,685.6439775212658,595.998414270837,578.2073514921432,0.6990503171253123,True,1.0846079119644236,20.322193499375345,242.57020739218126,27.306320150590825,False,True,False,False,27,45.0,True,0.4237861930769328,3.6830356304730283,False,6.738517932798908,False,19.755944675994396,False,0,1,0.5410804869831043,False,1.333807967132251,True,4,2,True,False,False,,,,,,False,12,2,4,4,,,2736627057.137151,99.51219512195122,True,0.0,0,,,,0.0,0,,,,False,False,False,False,0,,none,0,0,False,-2,0.5,risk_on,6,False
MRSH,174.13499450683594,-14.542178326543652,11.314580019792974,-9.691355880256591,-27.482418658950436,0.4201844566989795,False,0.8696437391955304,5.036316243331317,1.2372343590792756,-9.60600339568256,False,True,False,True,25,41.66666666666667,True,0.37315672090138796,0.7123713847058024,False,-3.123542062974396,True,-3.4888867840597526,True,2,0,0.3643214629461447,False,0.3402366733374982,False,6,2,True,False,False,65.0,19.844856521940542,6.942887253725451,0.3816964745780057,37.0,False,1,2,2,4,-12.270144749009493,198.49000549316406,444137763.55446625,26.480836236933797,False,0.0,0,,,,0.0,0,,,,False,False,False,False,0,,none,0,0,False,-2,0.5,risk_on,6,False
MRVL,258.8349914550781,-18.181321814381533,251.32025132337867,249.29495504552074,231.50389226682688,0.6050529811140147,True,0.8084479065716553,14.723666377606332,187.2986239042544,19.48804232732675,False,True,False,False,25,41.66666666666667,True,0.397321110293926,2.13352510452507,False,3.3191873210155145,True,18.286711814048353,False,0,1,0.4883892550051166,False,1.8696451298735763,True,3,0,False,False,False,55.0,37.44137859580189,17.540129965141798,0.9839914828940347,54.0,True,9,3,5,4,-0.5993809497218172,260.3957539984292,4932137018.760712,97.90940766550523,True,0.0,0,,,,0.0,0,,,,False,False,False,False,0,,none,0,0,False,-1,0.625,risk_on,6,False
MRX,76.18000030517578,-2.670239462793911,173.4895637431617,135.25268589199885,117.46162311330501,0.287128764549298,True,1.0296597019818545,12.207922532301993,106.98905338728073,4.585398318516565,False,True,False,False,25,41.66666666666667,True,0.48714015652064463,2.179317326959806,True,2.3044028496712765,True,7.568484373692108,False,0,0,0.4553305977732345,False,1.1585346767374198,False,4,1,False,True,False,25.0,15.25723625546889,15.844053093294836,0.7572493472031979,9.0,False,11,1,3,6,-3.7037040608901117,79.11000061035156,55538416.19866066,94.28571428571428,True,0.0,0,,,,0.0,0,,,,False,True,False,False,1,,power_play,6,6,True,0,0.75,risk_on,6,False
MS,205.85000610351562,-9.436379739253887,38.625387073256064,31.646862920290463,13.855800141596617,0.4236771187398399,False,0.9578839723842958,3.8037413645337574,26.64039594948573,-4.153279318106851,False,True,False,True,23,38.333333333333336,False,0.3560735910325703,0.8127079832576388,False,-1.427290329847106,True,-0.3533719242272415,True,2,0,0.5027056112749576,False,0.7751908963830159,False,7,1,False,False,False,25.0,9.191495209115226,8.865678629527286,0.27577752434291997,24.0,False,2,1,2,5,-6.656687415335616,220.52999877929688,940397816.5714538,68.29268292682927,False,0.0,0,,,,0.0,0,,,,False,False,False,False,0,,none,0,0,False,-1,0.625,risk_on,6,False
MSCI,557.6500244140625,-13.075745327311527,10.167064013230842,1.0549310044286386,-16.736131774265207,0.3216324177408063,False,0.877998620993278,3.755941254772869,1.82480344489937,-2.2969348109980525,False,True,False,True,23,38.333333333333336,False,0.44299514212978996,0.9414565847088345,True,-0.9362642629685748,True,0.7224780680237908,True,2,1,0.517718121011354,False,1.3417671739616177,True,4,2,True,False,False,25.0,6.7973295067484845,5.734787071426836,0.5177350803393299,15.0,False,0,3,2,4,-3.2781135684791574,576.5499877929688,262907264.35440674,37.77003484320557,False,0.0,0,,,,0.0,0,,,,False,False,False,False,0,,none,0,0,False,-2,0.5,risk_on,6,False
MSFT,498.0899963378906,-7.35733100505529,41.435729135551554,-3.0393751999045704,-20.830437978598415,0.5848743072725369,False,0.8066655867762813,3.748315173447299,30.57662108001038,-3.0066465597201497,True,True,False,True,30,50.0,True,0.4583183685549918,0.9171699514163065,True,3.1818500561276566,True,-1.4483305180307715,True,2,2,0.5319437621146796,False,1.2835207381981406,True,2,3,True,False,False,45.0,27.25078484777689,4.80837045174949,0.8604524768673122,15.0,False,3,5,6,6,-3.8027795289290456,517.780029296875,10253258129.937134,33.5191637630662,False,0.0,0,,,,0.0,0,,,,True,True,False,False,2,power_play,sepa_vcp,6,6,True,0,0.75,risk_on,6,False
MSGS,401.3450012207031,-3.0848531940287804,88.50452976255745,87.87801254303633,70.08694976434249,0.5897786290471104,True,0.7942033386018564,3.660193199548059,29.336793650974723,3.0834245121823756,False,True,False,True,20,33.33333333333333,False,0.4087737969581511,0.9590677646920027,False,0.6847035592240139,True,1.2730289132307337,True,2,0,0.4977860096433114,False,0.9441640188919194,False,5,2,True,False,False,25.0,9.081025297431006,4.517311746170884,0.6649374182564792,24.0,False,6,3,5,6,-3.0427117810354565,413.94000244140625,106226709.17351684,89.89547038327527,True,0.0,0,,,,0.0,0,,,,False,True,False,False,1,,power_play,6,6,True,0,0.75,risk_on,6,False
MSI,459.44000244140625,-6.231565821791807,27.439357672177046,-2.4020234608345015,-20.19308623952835,0.23648488104215953,False,0.8667850309298073,4.804926976400874,1.1756728331134614,-5.220561372631738,False,True,False,True,27,45.0,True,0.428344452365107,0.8406782468810494,False,0.7310232425519828,True,-2.847733005356601,True,2,0,0.3215133461946771,False,0.5186350346206425,False,4,1,False,False,False,45.0,18.848141762905946,4.8722307977477906,0.6330872954594502,13.0,False,2,2,4,5,-6.91562266979151,493.5736969175654,431372431.98687136,34.285714285714285,False,0.0,0,,,,0.0,0,,,,False,False,False,False,0,,none,0,0,False,-1,0.625,risk_on,6,False
MSM,120.91000366210938,-5.004710228064235,53.25120953829443,37.90413836432016,20.113075585626316,0.4811861640108822,False,0.8925135744510648,3.8954585574532326,41.168537492256974,1.4345694275560206,True,True,False,True,23,38.333333333333336,False,0.45338969420167446,1.0878785927438017,True,-0.4173760600296469,True,1.3665366360612552,True,2,0,0.4828478843732621,False,1.0180914870109534,False,4,4,True,False,False,25.0,7.946227940478585,4.796958792563009,0.5185186599450592,24.0,False,4,2,4,6,-3.825960477163637,125.72000122070312,75350072.58974686,73.37979094076655,False,0.0,0,,,,0.0,0,,,,False,True,False,False,1,,power_play,6,6,True,0,0.75,risk_on,6,False
MSTR,166.08999633789062,-53.82412766255664,101.78593277160127,-51.823061250793145,-69.61412402948699,1.0625065229300388,False,1.3465918297051083,27.798181219185448,20.18089725435641,30.461078880665738,False,True,False,False,26,43.333333333333336,True,0.4685223406477921,3.4541446497651687,True,5.227022468097073,False,21.286690066298952,False,0,2,0.47316416936135114,False,2.1965597966677692,True,1,1,False,True,False,,,,,,False,2,2,4,3,,,3651843566.5072374,2.9268292682926833,False,0.0,0,,,,0.0,0,,,,False,False,False,False,0,,none,0,0,False,-2,0.5,risk_on,6,False
MT,72.81999969482422,-7.518412915361871,108.99093446550788,108.99093446550788,91.19987168681403,0.3979270901840644,True,1.0210375505471818,4.936832238079019,41.61945974979431,-2.1104983300251123,False,True,False,True,26,43.333333333333336,True,0.4282419597684504,0.9177753841479791,False,0.4536201556692928,True,0.04121277499595788,True,2,0,0.4033559527465217,False,0.5405402149310137,False,4,1,False,False,False,55.0,23.512939497185684,11.205717792236353,0.6338425280657203,9.0,False,6,2,5,5,-8.609438484033182,79.68000030517578,85894012.30412903,92.6829268292683,True,0.0,0,,,,0.0,0,,,,False,False,False,False,0,,none,0,0,False,-1,0.625,risk_on,6,False
MTB,226.7519989013672,-10.183284395885684,30.57685399845631,15.458591547457345,-2.3324712312365,0.2696112879192038,False,1.0600485871780323,7.519229437608724,14.527257373794477,-3.824306329716065,False,True,False,True,28,46.666666666666664,True,0.4444305680296786,0.8479403499940632,True,-3.401778197877035,True,-4.653943352950374,True,2,0,0.4464160516738138,False,0.6549844508343834,False,8,3,True,False,False,25.0,12.35460765411554,8.798157037160257,0.122919776791973,24.0,False,2,2,2,5,-10.835982038919257,254.3088614516478,246898763.0288208,54.56445993031359,False,0.0,0,,,,0.0,0,,,,False,False,False,False,0,,none,0,0,False,-1,0.625,risk_on,6,False
MTCH,43.09000015258789,-2.9504534420510597,50.83480830488547,14.486914330414136,-3.30414844827971,0.4331200932659548,False,1.0556075913032748,5.534931835193393,39.715567778151794,3.631549434914727,True,True,False,True,26,43.333333333333336,True,0.4888744493044096,1.3795360503178133,True,2.3348247420828203,True,-0.1390530038684501,True,2,0,0.4940385489152419,False,1.024581940053156,False,4,1,False,False,False,25.0,17.61433331174204,11.197495348928827,0.7668981671140842,4.0,False,5,2,5,6,-4.105933380030513,44.935001373291016,141325955.5573906,53.58885017421603,False,0.0,0,,,,0.0,0,,,,False,True,False,False,1,,power_play,6,6,True,0,0.75,risk_on,6,False
MTD,1429.81005859375,-5.060355104789405,39.42156911524648,12.975773924297474,-4.815288854396371,0.38162785114045616,False,1.0295586986086123,10.339141009428495,15.393813147993974,2.232986566399875,False,True,False,False,26,43.333333333333336,True,0.3688375618476554,1.012263907273442,False,1.4921565021362733,True,11.204359991736347,False,0,0,0.48457827126582076,False,1.0994122104351591,False,6,1,False,False,False,45.0,17.45296923860131,11.610633787882255,0.8275102136480242,32.0,False,3,2,3,6,-3.010458935173943,1474.18994140625,264916608.0005371,51.91637630662021,False,0.0,0,,,,0.0,0,,,,False,True,False,False,1,,power_play,6,6,True,0,0.75,risk_on,6,False
MTDR,54.45000076293945,-15.596329786982421,51.111655266920074,23.703327449359925,5.9122646706660795,0.5207220868711985,False,1.0064841948631054,18.053255975430687,-6.130504772410683,-3.440323900881459,False,True,False,False,28,46.666666666666664,True,0.4263499622841926,1.5147848634311167,False,-0.04279450251532578,True,-11.00032610112127,False,0,0,0.32515633027902535,False,0.5598106442361078,False,3,2,True,False,False,25.0,16.358506231010942,18.053255975430687,0.1024904057062617,4.0,False,1,2,2,3,-14.681916290646225,63.81999969482422,103127395.26980647,62.7177700348432,False,0.0,0,,,,0.0,0,,,,False,False,False,False,0,,none,0,0,False,-3,0.375,risk_on,6,False
MTG,29.674999237060547,-5.7038452985673445,20.027736013205775,7.103416082344549,-10.687646696349297,0.2566860523212823,False,1.0463925350586536,5.8298281181567635,16.004826523780725,-4.243306046369066,False,True,False,True,30,50.0,True,0.3670318823723779,0.6045804351922084,False,-0.9030884558873934,True,-3.8710773232441764,True,2,0,0.3881191370305075,False,0.8200833887893332,False,4,2,True,False,False,65.0,18.72060143653698,7.582140043292799,0.6564315917797522,36.0,False,2,3,3,5,-6.431807236476694,31.714836378275194,58968380.83457069,44.45993031358885,False,0.0,0,,,,0.0,0,,,,False,False,False,False,0,,none,0,0,False,-1,0.625,risk_on,6,False
MTH,64.4000015258789,-23.831888031471248,11.147084633703086,-12.23416665973499,-30.025229438428838,0.3030899899663201,False,0.8403482842451173,5.07763441861468,6.472156852060618,-8.69687397681943,False,True,False,True,23,38.333333333333336,False,0.46255550050561145,1.2623157088475783,True,-2.779984491488654,True,0.0,True,2,0,0.5106313081857269,False,0.42926401186778546,False,5,2,True,False,False,25.0,18.387746061054564,8.234689746154233,0.26304332279993287,22.0,False,0,2,3,4,-13.550972238353399,74.49476667735317,50647735.98157921,24.66898954703833,False,0.0,0,,,,0.0,0,,,,False,False,False,False,0,,none,0,0,False,-2,0.5,risk_on,6,False
MTN,140.55999755859375,-12.15548879192746,19.943851880526452,1.9738564508088974,-15.817206327884948,0.49045143275048203,False,0.985432160445761,4.169038639822661,11.587789950043925,-0.9652611765555874,False,True,False,True,22,36.666666666666664,False,0.5512052122700263,1.7604259039945003,True,-1.0052905155369354,True,0.03558682920266065,True,2,0,0.4721358305323708,False,1.0198486876246142,False,5,1,False,True,True,25.0,16.54160112649307,9.853447882810414,0.45170120232301125,20.0,False,1,1,3,5,-9.069740009308468,154.5800018310547,102551010.10132904,38.32752613240418,False,0.0,0,,,,0.0,0,,,,False,False,False,False,0,,none,0,0,False,-1,0.625,risk_on,6,False
MTRN,254.8300018310547,-14.260480984204516,129.3093315999755,112.20009518201257,94.40903240331873,0.30064391133397916,True,0.6874402871385823,9.826161898127959,84.91620742677028,7.188523573236827,False,True,False,False,23,38.333333333333336,False,0.4239835730129992,1.7902306947954767,False,0.7219567260668319,True,6.0819251253473094,False,0,0,0.491173062544739,False,1.0238083893203729,False,3,0,False,False,False,25.0,22.165084831963306,10.348073196918973,0.4553342649360803,24.0,False,6,1,4,5,-12.072562222755433,289.8185234018091,62181712.71910095,92.9616724738676,True,0.0,0,,,,0.0,0,,,,False,False,False,False,0,,none,0,0,False,-1,0.625,risk_on,6,False
MTSI,278.13629150390625,-32.108890725346704,127.64469701194119,118.79821074137342,101.00714796267958,0.4752146086637747,False,0.8317935330667711,17.480636868455786,21.319156489647796,4.850266906585965,False,True,False,False,23,38.333333333333336,False,0.4403154253036772,1.8817429801904841,True,0.2566762900611953,True,16.073907508378895,False,0,1,0.4458129953599649,False,1.21106430681693,True,3,1,False,False,False,25.0,28.81053450711238,18.77136966656682,0.44574552381049914,24.0,False,4,2,3,4,-15.968367711979115,330.989990234375,344312608.06385803,93.17073170731707,True,0.0,0,,,,0.0,0,,,,False,False,False,False,0,,none,0,0,False,-2,0.5,risk_on,6,False
MTZ,221.82000732421875,-49.299444041737885,16.69823505229917,10.380175116162604,-7.410887662531241,0.38657946287519745,False,0.6912859738507915,12.84825491793603,-28.59028302565233,-7.958503184971477,False,True,False,False,23,38.333333333333336,False,0.49446328245685967,2.6362190020066385,True,-4.823460448982059,True,-2.5823406687879746,True,1,0,0.3758892506064341,False,0.41957746478873237,False,9,1,False,False,False,25.0,33.6183589708273,20.669914610768128,0.14649081364752806,24.0,False,0,1,2,3,-28.693578211696135,311.0799865722656,361106410.044281,48.850174216027874,False,0.0,0,,,,0.0,0,,,,False,False,False,False,0,,none,0,0,False,-3,0.375,risk_on,6,False
MU,1043.0810546875,-14.03462088108045,566.1705098678649,542.0176297287375,524.2265669500437,0.7975361493180348,True,0.7264040597395917,14.07848171779256,158.11296361464233,11.815392563375848,False,True,False,False,24,40.0,True,0.5447795285148478,2.011305225930766,True,2.58187128584057,True,12.883891390544399,False,0,1,0.47054302902582795,False,1.2313407828695035,True,5,3,True,False,False,25.0,16.616408468422307,15.520367657040673,0.878963506581431,0.0,True,9,4,4,4,-2.0111918142284524,1064.489990234375,23863070763.061684,99.44250871080139,True,0.0,0,,,,0.0,0,,,,False,False,False,False,0,,none,0,0,False,-2,0.5,risk_on,6,False
MUFG,23.420000076293945,-2.94239166666469,60.19152024362921,47.760249291061996,29.96918651236815,0.4587814734224433,True,1.0063216197432667,4.013657658611471,40.57623223767259,2.2707443948728034,True,True,False,True,31,51.66666666666667,True,0.4457925866895676,0.6113950013734601,True,1.4762544602159593,True,-1.9673475318636613,True,2,1,0.4987558903881698,False,0.5813753057665524,False,2,1,False,False,False,65.0,18.672714937786708,5.081121361368046,0.8145695308470438,11.0,False,7,3,6,6,-3.4624902912732014,24.260000228881836,62981705.30174637,79.23344947735191,False,0.0,0,,,,0.0,0,,,,True,True,False,False,2,power_play,sepa_vcp,6,6,True,0,0.75,risk_on,6,False
MUR,36.58000183105469,-12.786239234508944,43.45716822971271,43.45716822971271,25.66610545101886,0.38753401063378345,False,0.9689342045608547,13.121921806426961,-0.8902918101194479,2.6662945115362158,False,True,False,False,25,41.66666666666667,True,0.47166567381405466,1.6417525625737364,True,-0.03831572574635835,True,-4.240834815522943,True,1,0,0.47046042029657975,False,0.6801987866270814,False,4,2,True,False,False,25.0,16.957478358459493,13.121921806426961,0.4043480928995192,4.0,False,2,2,3,3,-10.100754323831529,40.689998626708984,58407404.49897766,76.65505226480836,False,0.0,0,,,,0.0,0,,,,False,False,False,False,0,,none,0,0,False,-3,0.375,risk_on,6,False
MUSA,507.875,-18.357195706784157,43.14961973680227,33.360365400898104,15.569302622204258,0.3275241003121891,False,0.8755197380097782,5.646071925762984,10.956499337209834,0.9310593485289509,True,True,False,True,24,40.0,True,0.4744685160233801,1.5584138776121013,True,-3.1336862987349936,True,-3.660106518895756,True,2,0,0.5317828364761947,False,0.9840815508444479,False,4,1,False,False,False,25.0,17.544381567182104,9.177458207066822,0.1685665148778883,23.0,False,2,1,4,4,-14.586986310714355,594.6107953145654,147545889.76481324,69.54703832752614,False,0.0,0,,,,0.0,0,,,,False,False,False,False,0,,none,0,0,False,-2,0.5,risk_on,6,False
MXL,86.58999633789062,-32.367416102879254,563.5248664545393,434.8362784530991,417.04521567440526,1.1638802445268823,False,0.776371515071887,27.739929886046323,405.19252871260863,40.27214803176018,False,True,False,False,26,43.333333333333336,True,0.4477927521032716,2.8387641504657393,True,2.732481519246719,True,33.64716023200236,False,0,2,0.6244236573413108,True,1.8568567191233418,True,5,1,False,True,True,25.0,37.15730302789238,30.142052653485734,0.9271241704158054,24.0,True,8,4,5,5,-2.70786928326896,89.0,166042080.4855873,99.02439024390245,True,0.0,0,,,,0.0,0,,,,False,False,False,False,0,,none,0,0,False,-1,0.625,risk_on,6,False
MYRG,284.5299987792969,-43.22231835911856,59.08861563841117,59.08861563841117,41.29755285971733,0.40850901657803107,False,0.6519228255452647,7.141604544827097,3.6954639708195014,-3.3591516192444604,True,True,False,True,19,31.666666666666664,False,0.4223434181562481,1.830219405629965,False,-4.1929849661684395,True,4.702851436723776,True,2,0,0.4472822315080836,False,0.37104471773306275,False,5,0,False,False,False,25.0,21.623048009911972,9.489333327183983,0.219265154063842,24.0,False,1,1,4,4,-16.88186705668877,342.32000732421875,80741862.01237488,83.20557491289199,True,0.0,0,,,,0.0,0,,,,False,False,False,False,0,,none,0,0,False,-2,0.5,risk_on,6,False
MZTI,102.54000091552734,-40.19768488846703,2.6221004749741095,-40.19768488846703,-57.98874766716088,0.3062258668046654,False,0.9498286378267907,6.134192373090634,-26.920409659554444,-9.855204234781311,False,True,False,True,22,36.666666666666664,False,0.4693790333477089,1.577502750992733,True,-1.8469818186496383,True,-0.3885773425220118,True,2,0,0.5167906696375155,False,0.5558741735504431,False,8,3,True,False,False,25.0,18.225644766984566,8.87458396028072,0.20785673063302817,18.0,False,0,2,2,4,-14.437321832040196,119.84197212041563,52186135.54929809,7.10801393728223,False,0.0,0,,,,0.0,0,,,,False,False,False,False,0,,none,0,0,False,-2,0.5,risk_on,6,False
NAVN,21.385000228881836,-30.068671411918878,151.2925928756608,,,0.6849155423291481,False,1.0978683582984103,9.81996894549264,140.55117438711946,-24.9649114776076,False,True,False,False,33,55.00000000000001,True,0.4579804990689369,2.53141709475747,True,-3.2231470975627627,True,0.0701889988740767,True,1,0,0.4847364836624702,False,0.7202691964739213,False,6,2,True,False,False,25.0,36.39896397859594,40.02806304266565,0.1552491881465407,16.0,False,4,2,2,3,-30.74805437154374,30.8799991607666,108262726.55783844,,False,0.0,0,,,,0.0,0,,,,False,False,False,False,0,,none,0,0,False,-3,0.375,risk_on,6,False
NBIS,237.19000244140625,-17.26603633836754,221.09109736344374,138.83799040621474,121.0469276275209,0.8926222703723028,True,0.7417294092969132,12.91918084897511,107.78799760912223,13.390386627003647,False,True,False,False,24,40.0,True,0.4487190981683099,2.7390271971834053,True,1.6179365874070673,True,11.781893450377545,False,0,0,0.3664591909088494,False,0.8567879981691052,False,3,2,True,False,False,25.0,30.634187100375705,21.446945424499134,0.4927351797009646,24.0,False,9,2,4,4,-15.539645414479109,280.8299865722656,3232932814.353161,94.42508710801394,True,0.0,0,,,,0.0,0,,,,False,False,False,False,0,,none,0,0,False,-2,0.5,risk_on,6,False
NBIX,144.1699981689453,-22.280324437226252,17.116165683181308,-0.7298750876384874,-18.520937866332332,0.5768466049410433,False,0.8899762386427473,9.190539063802314,13.475005671753614,-6.419576493818235,False,True,False,False,23,38.333333333333336,False,0.3992560841909303,1.1767682742772072,False,-3.9446538444819437,True,-8.300472554658246,False,0,0,0.3897776405217468,False,0.9663645787465805,False,4,2,True,False,False,25.0,10.584053171313514,11.437889784697287,0.04240290941507062,12.0,False,0,2,2,4,-10.135258523446012,160.42999267578125,166042065.89851075,35.81881533101045,False,0.0,0,,,,0.0,0,,,,False,False,False,False,0,,none,0,0,False,-2,0.5,risk_on,6,False
NCLH,14.454999923706055,-43.46890850127002,2.3725215358506135,-42.70709399139054,-60.49815677008439,0.507058439145643,False,0.759444663529937,6.641300886986393,-28.15606699419595,-13.183181652336728,False,True,False,True,18,30.0,False,0.42395018438307847,1.4463987710531792,False,-6.191025180807586,True,-1.8002740388281535,True,2,0,0.3032273255481873,False,0.15277882497235104,False,9,2,True,False,False,25.0,25.67353688326543,11.898998797004664,0.07921814414216417,24.0,False,0,2,3,3,-23.639726937807737,18.93000030517578,234602779.16466793,5.7839721254355405,False,0.0,0,,,,0.0,0,,,,False,False,False,False,0,,none,0,0,False,-3,0.375,risk_on,6,False
NCNO,20.6200008392334,-31.99208098028662,47.18058888196835,-30.408365091901313,-48.19942787059516,0.2613805559226466,False,0.945622048798095,10.426767851723353,32.860826230958786,-10.308825382687225,False,True,False,False,30,50.0,True,0.41509994601222017,1.997702333434384,False,0.7086606319745596,True,-7.033360885835293,False,0,1,0.27225632187243265,False,1.3208513744839392,True,5,2,True,False,False,25.0,20.560402619203746,12.948593441440467,0.29941477950353496,11.0,False,2,3,3,3,-14.404314202470959,24.09000015258789,60755518.03281021,11.567944250871081,False,0.0,0,,,,0.0,0,,,,False,False,False,False,0,,none,0,0,False,-3,0.375,risk_on,6,False
NDAQ,93.83999633789062,-6.125783462019463,22.520802733753385,6.149946622088698,-11.641116156605147,0.29463521790719305,False,1.0622242066404182,7.406220395850467,9.369152710234774,-5.188568419222095,False,True,False,True,24,40.0,True,0.47361075374621575,1.0020046665781677,True,-0.18145170192598772,True,2.4789741734537962,True,2,0,0.39852778844070724,False,0.4874983148944335,False,8,1,False,False,False,55.0,17.599292150183512,8.509918761255864,0.616614164790992,16.0,False,2,2,3,5,-6.7473193200854436,100.62981101850788,280765433.77745056,43.275261324041814,False,0.0,0,,,,0.0,0,,,,False,False,False,False,0,,none,0,0,False,-1,0.625,risk_on,6,False
NDSN,315.8550109863281,-5.347003199290768,44.360471546935784,42.077182423476735,24.28611964478289,0.3010360036926864,True,0.9190659273151743,3.1533428657585065,18.3332877909373,-2.39884356542307,False,True,False,True,25,41.66666666666667,True,0.3706677369970848,0.6940663816459666,False,1.3411650692176882,True,2.4472165961145764,True,2,0,0.46045286345687675,False,0.2549854785134172,False,4,2,True,False,False,55.0,17.32129420435716,3.8417951584204126,0.6200813692577603,17.0,False,4,3,5,5,-6.58068237680286,338.1046008710061,114470492.77526855,76.09756097560975,False,0.0,0,,,,0.0,0,,,,False,False,False,False,0,,none,0,0,False,-1,0.625,risk_on,6,False
NE,44.45000076293945,-16.491170308891554,74.52945329372022,65.01194259369782,47.22087981500398,0.35728016910865645,False,1.0801981088535235,8.593924925214342,-5.151966198114943,-1.8419821409587533,False,True,False,False,20,33.33333333333333,False,0.464736991635868,1.849348800983474,True,0.5677959222287664,True,1.2989965381710045,True,1,0,0.44031688289473914,False,0.5630962742737221,False,5,1,False,False,False,35.0,18.779624654887638,8.593924925214342,0.6056101785553243,12.0,False,1,2,3,4,-7.4064928144391695,48.00552664438987,52811045.06703186,85.36585365853658,True,0.0,0,,,,0.0,0,,,,False,False,False,False,0,,none,0,0,False,-2,0.5,risk_on,6,False
NEE,79.80000305175781,-17.256862065236543,15.494324466348331,15.494324466348331,-2.2967383123455143,0.3668043454514126,False,0.8014421564363646,3.1077639507489137,-10.241633831070507,-2.4926605295903848,False,True,False,True,20,33.33333333333333,False,0.4941893245095737,0.7779659554939216,True,-4.402645211871468,True,-2.2418158314755243,True,2,0,0.23624089246404983,False,0.706015184372041,False,7,3,True,False,False,25.0,8.296343936515422,5.914778710280542,0.01942610459679633,23.0,False,0,2,3,4,-8.135178291433675,86.86676963780198,867346133.0701408,54.63414634146342,False,0.0,0,,,,0.0,0,,,,False,False,False,False,0,,none,0,0,False,-2,0.5,risk_on,6,False
NEM,122.80000305175781,-8.942110763840837,57.63929513218109,51.678646712917,33.88758393422316,0.2340886628200154,True,1.0108068094884475,4.8859933639180095,25.68062185181428,-3.8477640165192506,False,True,False,True,30,50.0,True,0.3979593512035696,1.195391052217087,False,2.3356141451850645,True,-0.2193846134199373,True,2,0,0.49379281091070126,False,0.6413773773938053,False,7,3,True,False,False,35.0,31.28094550473645,8.534198263107493,0.7109081879250964,18.0,False,4,3,5,5,-9.043065219380575,135.0089504972229,1014236454.6884034,80.48780487804879,True,0.0,0,,,,0.0,0,,,,False,False,False,False,0,,none,0,0,False,-1,0.625,risk_on,6,False
NESR,32.45000076293945,-10.630681532253838,223.36822378037073,218.7622769170352,200.97121413834134,0.7003420692712146,True,0.8394476573388417,7.987670240412914,47.97081765329847,-5.778158952150026,False,True,False,True,25,41.66666666666667,True,0.3435546284336493,1.3913871018147626,False,0.6720044700941332,True,-0.8857693972510683,True,2,0,0.37801235955894785,False,1.1012280579858822,False,3,3,True,False,False,45.0,34.02814903838955,14.483823274072885,0.6428004252917812,24.0,False,7,3,5,5,-12.154840364620634,36.939998626708984,56580865.001536176,97.42160278745644,True,0.0,0,,,,0.0,0,,,,False,False,False,False,0,,none,0,0,False,-1,0.625,risk_on,6,False
NET,347.0199890136719,0.0,116.63024141634786,53.58944200404074,35.79837922534689,0.7694482050100335,True,1.105176998662973,10.02103480993261,57.271696629401525,15.735056447444041,False,True,False,False,24,40.0,True,0.5700600540740863,3.2633533370382746,True,2.8901603943006524,True,5.042984744166312,False,0,2,0.5965492626826976,False,1.442684893039692,True,2,2,True,False,False,25.0,22.676048377733622,22.06068673259198,0.9841088346208228,0.0,True,8,5,6,5,-0.3603488349167905,348.2749938964844,948231191.5914246,81.39372822299651,True,0.0,0,,,,0.0,0,,,,True,False,False,False,1,,sepa_vcp,6,6,True,0,0.75,risk_on,6,True
NEU,892.4550170898438,-6.9043060851432525,54.51320253553269,11.11576099338305,-6.675301785310795,0.5572373131185513,False,0.8917551515646599,5.593557317088934,45.82147489488215,-2.097317334821003,False,True,False,True,26,43.333333333333336,True,0.428195240166403,1.116977301918945,False,1.1219335611612884,True,1.7019551948879386,True,2,0,0.5757508000607799,False,0.5130674587979562,False,5,1,False,False,False,45.0,23.506102109482065,9.465972961666749,0.6266351610302701,24.0,False,3,2,3,5,-8.776352028912804,978.3154225236664,105011053.05526428,49.61672473867596,False,0.0,0,,,,0.0,0,,,,False,False,False,False,0,,none,0,0,False,-1,0.625,risk_on,6,False
NFG,80.04499816894531,-16.00920566551265,6.225286147870368,-5.0980867487120385,-22.889149527405884,0.6926427751442784,False,1.0378112812874003,5.384468308059604,-12.883115671029877,-3.525374242163981,False,True,False,True,27,45.0,True,0.40007318081210386,0.844266224544343,False,-1.0937194718115264,True,-0.8362277521679284,True,2,0,0.34520497577115444,False,0.6513918890894864,False,4,2,True,False,False,65.0,12.178983144627695,6.233990852542086,0.5222646023483491,21.0,False,1,2,2,4,-5.818331355591466,84.98999786376953,52166497.11529656,30.801393728222997,False,0.0,0,,,,0.0,0,,,,False,False,False,False,0,,none,0,0,False,-2,0.5,risk_on,6,False
NFLX,73.30500030517578,-40.947356471845,8.439352011581324,-40.25526203258634,-58.046324811280186,0.6847401318927812,False,1.0396807828112626,12.78221500248797,-21.498176845906247,-10.297357794697959,False,True,False,False,26,43.333333333333336,True,0.5363808808482506,1.450872619266651,True,-0.9700416760860144,True,-8.733814014320117,False,0,1,0.48122975740977614,False,1.434931948201334,True,5,1,False,False,False,25.0,16.13636137558716,14.883017512168992,0.2368421201462989,11.0,False,1,2,2,3,-12.314591335946245,83.5999984741211,2386248187.5212126,7.038327526132404,False,0.0,0,,,,0.0,0,,,,False,False,False,False,0,,none,0,0,False,-3,0.375,risk_on,6,False
NGG,76.7699966430664,-16.1200318167791,14.013188614132698,14.013188614132698,-3.7778741645611476,0.5851389124918692,False,0.9738163040380821,3.972910232025232,-3.9867769951394183,-3.2514201394674536,False,True,False,True,21,35.0,False,0.4599190778789374,0.5893618407734706,True,-2.672347790820272,True,2.4146179038156745,True,2,0,0.45356532783014664,False,1.1286552840829742,False,4,3,True,False,False,25.0,9.4486265792032,5.366683504934262,0.28406162355110126,23.0,False,0,2,2,4,-6.764634372786649,82.33999633789062,65789099.80583801,53.240418118466906,False,0.0,0,,,,0.0,0,,,,False,False,False,False,0,,none,0,0,False,-2,0.5,risk_on,6,False
NI,40.415000915527344,-17.103064476602746,2.920151844515284,2.920151844515284,-14.87091093417856,0.46917464973568995,False,0.7307896331134359,2.152663397690322,-9.960982001544883,-0.38205270017945825,False,True,False,True,14,23.333333333333332,False,0.47991080490012117,0.8243341185923899,True,-4.108128285137415,True,-1.5948351209250644,True,2,1,0.3330717116820278,False,1.3175352285468107,True,3,3,True,False,False,25.0,7.242019851253289,4.57750447163872,0.10383407413185199,23.0,False,0,3,3,4,-6.490051425153909,43.220001220703125,199184765.2997303,39.58188153310104,False,0.0,0,,,,0.0,0,,,,False,False,False,False,0,,none,0,0,False,-2,0.5,risk_on,6,False
NKE,36.101898193359375,-49.99028223989773,1.6668541250458135,-47.39420582832358,-65.18526860701742,0.9718041817417605,False,0.7858141662817894,4.238011491250538,-30.162516355426227,-7.866491003595522,False,True,False,True,20,33.33333333333333,False,0.4307867929450188,1.004186900235849,False,-4.433394936867773,True,-2.558977228676429,True,2,0,0.32840316170137307,False,0.40570694178695943,False,5,1,False,False,False,25.0,13.582508932461323,9.390096848063418,0.1353294065601905,19.0,False,0,1,3,4,-11.744396059032846,40.90606894210071,1164932460.09982,4.111498257839721,False,0.0,0,,,,0.0,0,,,,False,False,False,False,0,,none,0,0,False,-2,0.5,risk_on,6,False
NKTR,67.38500213623047,-32.85002176297178,91.87074084746891,22.207114403560936,4.416051624867091,0.5585720430107527,False,0.9570404942223382,6.069594432336721,-9.35565583033966,-7.080798048171022,False,True,False,True,22,36.666666666666664,False,0.3612137871689975,1.41989622328349,False,-1.465964709612219,True,-1.6277341076927465,True,2,0,0.3214593026069114,False,0.5289879314280597,False,8,1,False,False,False,45.0,17.386836292487196,17.82296023668615,0.23261858569579266,9.0,False,0,1,3,4,-13.34233502440455,77.76000213623047,56762787.49981842,61.46341463414634,False,0.0,0,,,,0.0,0,,,,False,False,False,False,0,,none,0,0,False,-2,0.5,risk_on,6,False
NLY,21.344999313354492,-10.088460323733472,17.02042982362122,14.005848963014733,-3.7852138156791124,0.6082519551787186,False,1.0204084601042074,4.12274157449155,7.445747992327911,-7.3567774948764875,False,True,False,True,24,40.0,True,0.48394317835094225,0.8295140799188129,True,-3.407081907347703,True,-2.2664873432921895,True,2,0,0.19926081980044397,False,0.22463427023236734,False,8,3,True,False,False,25.0,12.00334148975496,8.948231008923567,0.1062712583056092,22.0,False,2,2,2,5,-10.727731285766772,23.90999984741211,177223459.07492524,53.170731707317074,False,0.0,0,,,,0.0,0,,,,False,False,False,False,0,,none,0,0,False,-1,0.625,risk_on,6,False
NNN,41.630001068115234,-14.956340240566435,11.101592237730351,4.539569363901053,-13.251493414792794,0.8701324280874071,False,0.9920291030383313,6.365605231532326,0.5708261842977569,-8.84606363653676,False,True,False,True,20,33.33333333333333,False,0.40874799570455744,0.734020773429131,False,-5.685542407565738,True,-4.867452776774561,True,2,0,0.24429999678990127,False,0.2849466013214679,False,7,3,True,False,False,25.0,11.695533819040453,8.743692760643102,0.06032938892329322,17.0,False,0,2,2,4,-10.989949410606037,46.77000045776367,68144625.86578655,41.18466898954704,False,0.0,0,,,,0.0,0,,,,False,False,False,False,0,,none,0,0,False,-2,0.5,risk_on,6,False
NOC,525.8400268554688,-30.918939055831984,6.4939999679851645,-6.739116621203678,-24.530179399897523,0.7659236388768675,False,0.8826605201535341,3.641796637007634,-21.977005785684256,-3.1780426268381623,False,True,False,True,23,38.333333333333336,False,0.4105193789424811,0.8788241861407016,False,-1.2825641811068833,True,-0.2938978270193404,True,2,0,0.49502849143264677,False,0.9844484037048197,False,6,2,True,False,False,45.0,19.426089222846507,4.100105822586929,0.42611070898781855,23.0,False,0,2,3,4,-11.148424571238758,591.8184616513332,400014402.85026854,29.337979094076655,False,0.0,0,,,,0.0,0,,,,False,False,False,False,0,,none,0,0,False,-2,0.5,risk_on,6,False
NOG,24.040000915527344,-18.94012009629519,38.39953801975935,3.4660714111271806,-14.324991367566664,0.5205444749119791,False,1.0160543372942668,14.995837790953964,-12.648065283073395,-6.56820309668027,False,True,False,False,28,46.666666666666664,True,0.5196074208635144,1.6369455113524993,True,0.31130588505056506,True,-8.801212599035967,False,0,0,0.37066690847730616,False,0.7626354602324601,False,5,2,True,False,False,55.0,37.18464327036851,14.995837790953964,0.6745329949743145,20.0,False,1,3,3,3,-12.102374478155353,27.350000381469727,52142768.08992386,40.069686411149824,False,0.0,0,,,,0.0,0,,,,False,False,False,False,0,,none,0,0,False,-3,0.375,risk_on,6,False
NOK,10.96500015258789,-34.925816591397144,135.3004401636882,131.32912831346513,113.53806553477129,0.8047983365622885,False,0.9730773931239699,11.399908642089557,36.042178433401894,7.394712160823302,False,True,False,False,19,31.666666666666664,False,0.3457625036063836,1.2759561848804568,False,1.6009921894585244,True,13.62694907813784,False,0,0,0.43929446029614583,False,0.5255554884551362,False,3,0,False,False,False,25.0,14.592659832655345,13.862293083552132,0.8742331844704387,6.0,True,5,3,4,4,-1.835272357259199,11.170000076293945,828333272.6924998,94.00696864111498,True,0.0,0,,,,0.0,0,,,,False,False,False,False,0,,none,0,0,False,-2,0.5,risk_on,6,False
NOV,20.225000381469727,-6.445229734354552,68.02770152061566,63.90026277430027,46.10919999560643,0.32299728117019155,False,0.9092838049485216,6.674909053186498,6.276201411253068,-3.2361167511532285,False,True,False,True,21,35.0,False,0.3906516414384302,1.2844652666716945,False,-0.16443096648068123,True,-1.5335955210181607,True,2,0,0.4633495829855942,False,0.7387335315576569,False,4,2,True,False,False,55.0,19.151851945121482,10.41990988616113,0.6144616746767214,8.0,False,2,3,4,5,-7.3837729257615115,21.83742635646122,66032094.87911034,84.8780487804878,True,0.0,0,,,,0.0,0,,,,False,False,False,False,0,,none,0,0,False,-1,0.625,risk_on,6,False
NOW,137.1699981689453,-28.64277104632209,65.26505803487387,-28.64277104632209,-46.43383382501594,0.46083187768465034,False,0.9638116572441248,9.112779883983366,23.63226853709124,-5.210426504803234,False,True,False,False,26,43.333333333333336,True,0.4606762328029306,1.9508092552675018,True,2.238231984517938,True,-3.6389235774274997,True,1,1,0.37250570953021395,False,1.868229586244085,True,5,2,True,False,False,25.0,21.39706447837689,12.524610457026156,0.6116837193870935,14.0,False,2,4,4,4,-8.308828494277854,149.60000610351562,2131874705.4670334,12.473867595818815,False,0.0,0,,,,0.0,0,,,,False,False,False,False,0,,none,0,0,False,-2,0.5,risk_on,6,False
NRG,102.73999786376953,-43.802397548567185,0.0,-36.71843037815267,-54.50949315684652,0.6795716130230498,False,0.7586506281396401,9.655439337363976,-31.857121734261163,-7.541400896041884,False,True,False,False,21,35.0,False,0.4685729940745604,1.7990278275286633,True,-4.235393099987403,True,-5.282569643633361,False,0,0,0.2421420909890477,False,0.20412272633020587,False,10,2,True,False,False,25.0,20.544183485474537,19.807279440578384,0.05381664873855809,24.0,False,0,2,3,3,-19.438564379216274,127.52999877929688,305390148.92149657,8.9198606271777,False,0.0,0,,,,0.0,0,,,,False,False,False,False,0,,none,0,0,False,-3,0.375,risk_on,6,False
NSC,309.7099914550781,-12.258490051700399,12.749589267311535,11.088407465049311,-6.702655313644534,0.7410272479323524,False,0.9119477465970977,4.8658348850287085,9.591485005458743,-11.17643743239929,False,True,False,True,20,33.33333333333333,False,0.4611102408194895,0.8468073584611933,True,-4.166765510553388,True,-3.230744175056577,True,2,0,0.2664397389812695,False,0.2558862818232114,False,7,3,True,False,False,65.0,16.6675938838802,7.084047349692474,0.202538452764112,41.0,False,0,2,3,4,-13.291765207338536,357.1863643581986,373492650.35170287,49.47735191637631,False,0.0,0,,,,0.0,0,,,,False,False,False,False,0,,none,0,0,False,-2,0.5,risk_on,6,False
NSIT,156.44000244140625,-5.400007824547082,142.80614884435926,31.384902026002482,13.593839247308637,0.8771839404705631,True,1.1114308911766704,10.662229874375416,119.96624915614844,0.507554497848095,False,True,False,False,29,48.333333333333336,True,0.4432158231261872,1.7326307386988105,True,2.1201084805825623,True,-3.336625073328736,True,1,0,0.4655492631139291,False,0.36541165164880146,False,4,1,False,False,False,25.0,15.299702539642063,10.662229874375416,0.532195572938554,2.0,False,7,1,3,6,-7.157268580767806,168.5,52208801.69621277,68.15331010452962,False,0.0,0,,,,0.0,0,,,,False,True,False,False,1,,power_play,6,6,True,0,0.75,risk_on,6,False
NTAP,197.3000030517578,-4.722811808392702,111.36213528791808,60.3970251089621,42.605962330268255,0.33132670299032524,True,1.147706865839848,7.455646846198601,96.3602239070197,5.496737538472307,True,True,False,True,28,46.666666666666664,True,0.5288534891661951,2.4842016384059087,True,1.3509757630552939,True,4.790739500181451,True,2,0,0.5075731090545441,False,0.8645709972028324,False,4,3,True,False,False,25.0,22.581268127423947,9.432336706791428,0.7729982508933181,23.0,False,8,3,6,7,-5.125987361972206,207.9600067138672,473933425.1748352,83.90243902439025,True,0.0,0,,,,0.0,0,,,,True,True,False,False,2,sepa_vcp,power_play,7,7,True,1,0.875,risk_on,6,False
NTES,117.30000305175781,-21.951951253759184,8.427773427274122,-20.986944103776207,-38.77800688247005,0.32875001792037617,False,0.6392422316593809,3.1884038929813867,4.487732190018168,-4.062243323261416,False,True,True,True,26,43.333333333333336,True,0.46079927978653296,0.688393015021473,True,-3.252422709448258,True,-0.5847909352523106,True,3,0,0.33775803300180973,False,0.45396794607843527,False,4,3,True,False,False,25.0,10.558450996313859,4.3393042070418595,0.15367245898807813,20.0,False,1,2,3,4,-8.935907868605186,128.81037992725788,76984529.19826889,18.118466898954704,False,0.0,0,,,,0.0,0,,,,False,False,False,False,0,,none,0,0,False,-2,0.5,risk_on,6,False
NTNX,70.27999877929688,-8.90473442735783,104.2429499882211,-8.833827840314157,-26.624890619008003,0.3304235884232499,False,0.8483496097260617,5.926285370624877,74.00346581166069,1.619426052461459,False,True,False,True,26,43.333333333333336,True,0.2955925069331463,0.9836391836356885,False,3.7613378233236285,True,3.8262612564278875,True,2,1,0.5428916722447896,False,1.2968953915171288,True,3,2,True,False,False,35.0,20.679924440082186,7.576831304400688,0.7309941810372605,16.0,False,5,4,4,6,-5.563020010091879,74.41999816894531,191636451.01176912,27.038327526132406,False,0.0,0,,,,0.0,0,,,,False,True,False,False,1,,power_play,6,6,True,0,0.75,risk_on,6,False
NTR,74.58999633789062,-9.683908553001274,41.333570608129186,33.918612403154924,16.12754962446108,1.4127700048731513,True,1.1858348616936873,8.432767427730942,4.050678284590892,1.4691799350769807,False,True,False,False,34,56.666666666666664,True,0.5004971334184425,1.5282208420133256,True,1.120620228146438,True,-3.129874885856332,True,1,1,0.3317999132389753,False,1.5753367372989024,True,4,4,True,False,False,65.0,28.30632952933034,12.709483606875969,0.659346557441572,8.0,False,4,4,5,4,-9.64264860035967,82.55000305175781,199949725.22379532,69.96515679442508,False,0.0,0,,,,0.0,0,,,,False,False,False,False,0,,none,0,0,False,-1,0.625,risk_on,6,False
NTRA,372.57000732421875,0.0,132.55102160355284,105.71476233705232,87.92369955835848,0.5866168506779732,True,0.9480236180764433,9.058700200370664,86.20121652411963,14.194199770870286,False,True,False,False,28,46.666666666666664,True,0.4130294152489671,1.4482445968648248,False,5.877551861898396,False,9.005529128933398,False,0,2,0.7390180366259432,True,2.948954219305777,True,5,1,False,False,False,25.0,17.223341945454816,13.935639586401924,1.0,0.0,True,10,3,5,5,0.0,372.57000732421875,441078478.441095,92.33449477351915,True,0.0,0,,,,0.0,0,,,,False,False,False,False,0,,none,0,0,False,-1,0.625,risk_on,6,False
NTRS,178.11000061035156,-6.5388369376272575,48.208397773766485,38.31281738459453,20.521754605900686,0.2071030328395689,False,1.07325152434293,3.346241892456507,31.09316848871897,-4.197168417596853,False,True,False,True,25,41.66666666666667,True,0.3433391732233764,0.6988059770400676,False,-1.3306682237806207,True,-1.981182087117761,True,2,0,0.5414148576150476,False,0.7701693765754791,False,6,1,False,False,False,65.0,12.651956996964678,8.292621954442607,0.3205531118886692,26.0,False,4,1,2,5,-8.596332810106022,194.860891347305,173510730.839122,73.79790940766551,False,0.0,0,,,,0.0,0,,,,False,False,False,False,0,,none,0,0,False,-1,0.625,risk_on,6,False
NTSK,17.934999465942383,-30.457546222325693,132.01810377345979,-27.388668372623936,-45.17973115131778,0.693383789407617,False,1.1396251954324703,8.530799134966587,93.0570456360366,18.853540653321875,False,True,False,False,31,51.66666666666667,True,0.4520737060651923,3.3184793842686946,True,3.2133344976605436,True,5.499996858484613,False,0,2,0.6722294266189396,True,1.846755163776339,True,4,1,False,True,False,25.0,27.52343656056106,26.874819540992046,0.9609218955839135,0.0,True,4,4,5,5,-1.0755637278031416,18.1299991607666,111580396.15561724,13.588850174216027,False,0.0,0,,,,0.0,0,,,,False,False,False,False,0,,none,0,0,False,-1,0.625,risk_on,6,False
NU,13.970000267028809,-25.53304852565308,20.431032824317906,-13.605440933116942,-31.396503711810787,0.46288360788986804,False,0.9387702860951633,5.94130213200477,-4.8365124208931025,-2.307691743387985,False,True,False,True,24,40.0,True,0.42437457690137426,1.609311820414093,False,-0.8183597750631245,True,-3.0534322348540477,True,2,0,0.362867373273585,False,0.801903282803111,False,5,2,True,False,False,35.0,17.570897339366137,16.034357396577025,0.21052649190664965,25.0,False,1,2,3,4,-13.871757962857501,16.219999313354492,990060940.422082,23.623693379790943,False,0.0,0,,,,0.0,0,,,,False,False,False,False,0,,none,0,0,False,-2,0.5,risk_on,6,False
NUE,244.09500122070312,-11.154178533503355,86.95268137916463,85.57088386879961,67.77982109010577,0.4425474298038902,False,0.9895407141594029,9.996105522219464,52.86331627665062,-2.5568857402382683,False,True,False,False,30,50.0,True,0.3607723330112608,1.0853441559014951,False,-1.2688863658870284,True,-4.1373771590499935,True,1,0,0.3680805662461853,False,0.6603090486330719,False,4,2,True,False,False,45.0,17.889396298625375,9.996105522219464,0.28128128798711816,32.0,False,5,2,3,5,-12.857443866436046,280.1099853515625,290793278.6470932,89.26829268292683,True,0.0,0,,,,0.0,0,,,,False,False,False,False,0,,none,0,0,False,-1,0.625,risk_on,6,False
NVAX,10.578900337219238,-5.461119446647289,70.07878929354887,21.45694937872662,3.665886600032774,0.6322787681951842,False,1.36417390053201,14.557278287563777,8.836420232455167,14.242981379457941,False,True,False,False,23,38.333333333333336,False,0.3666832227721336,2.335966713565998,False,3.0715748913768257,True,10.31178486857991,False,0,2,0.5656865504953177,False,1.9883445293923205,True,2,1,False,True,True,25.0,27.069766022438223,15.029919007686171,0.9412028619407241,10.0,True,2,4,5,5,-1.5916247700536013,10.75,54660865.062027074,60.836236933797906,False,0.0,0,,,,0.0,0,,,,False,False,False,False,0,,none,0,0,False,-1,0.625,risk_on,6,False
NVDA,227.32249450683594,-3.3502627183827127,37.94399852961534,28.97896562862563,11.187902849931785,0.5021459722398115,True,0.8600366636466453,7.262807203771669,29.72107952184564,4.6089923189546855,False,True,False,True,29,48.333333333333336,True,0.5164981617272973,1.4346600335460586,True,2.157902656358404,True,7.756203674738127,False,1,0,0.43782811569743474,False,0.9528806470794584,False,4,2,True,False,False,45.0,19.062019025456824,10.785905968401941,0.83948302162153,10.0,False,6,3,5,6,-3.059777695759236,234.49759976142684,29244761431.607166,66.82926829268293,False,0.0,0,,,,0.0,0,,,,False,True,False,False,1,,power_play,6,6,True,0,0.75,risk_on,6,False
NVMI,365.7099914550781,-39.616944322113234,32.60932376308807,18.127199128210016,0.33613634951617044,0.3275432228484096,False,0.7295121448174594,9.972349676661867,-22.33312904890823,4.769951874445155,False,True,False,False,20,33.33333333333333,False,0.44131891848081056,1.75284522815492,True,-1.7408534798193203,True,9.28133815182479,False,0,0,0.494446264182592,False,0.7151816499060669,False,5,2,True,False,False,25.0,23.636401691894925,15.897838585031106,0.3542789087622653,24.0,False,1,2,3,4,-15.26252309342383,431.5799865722656,221171422.20667115,57.42160278745645,False,0.0,0,,,,0.0,0,,,,False,False,False,False,0,,none,0,0,False,-2,0.5,risk_on,6,False
NVO,39.72999954223633,-34.8024479268424,15.741931583558099,-32.06287747082188,-49.85394024951573,3.8323282789497726,False,0.9827488555832574,10.067958837370899,13.290039019053324,-12.891911838257508,False,True,False,False,27,45.0,True,0.4935005441043317,1.1330356873518819,True,-4.804778710215976,True,-8.561567676371794,False,0,0,0.3062651178075638,False,0.43729218016102767,False,7,3,True,False,False,25.0,18.7422913285722,16.033221760078103,0.02083318519311698,18.0,False,1,2,2,2,-18.351829702380705,48.65999984741211,501010420.165728,10.662020905923345,False,0.0,0,,,,0.0,0,,,,False,False,False,False,0,,none,0,0,False,-4,0.25,risk_on,6,False
NVR,6223.990234375,-23.893491876069938,11.869432191235374,-23.110305703734348,-40.9013684824282,0.5111501757910598,False,0.8136698930451041,3.120501788223052,-4.696283390927736,-2.693441406166208,False,True,False,True,17,28.333333333333332,False,0.31353826068534846,0.69945343647297,False,-0.7088425608058209,True,-1.1996047901100537,True,2,0,0.4603502721955972,False,0.41688353702372394,False,7,1,False,False,False,45.0,9.973250316733479,4.26270043176557,0.46472706477352943,39.0,False,0,1,3,4,-5.338410970786256,6574.990234375,246338399.18933105,16.51567944250871,False,0.0,0,,,,0.0,0,,,,False,False,False,False,0,,none,0,0,False,-2,0.5,risk_on,6,False
NVS,141.7301025390625,-13.388736648505983,19.904682194483403,18.802495326873903,1.011432548180057,0.4078719108153457,False,1.3291866129948806,3.393772721830959,-4.294614056385704,-7.853777525046402,False,True,False,True,22,36.666666666666664,False,0.5147353053815679,0.8054707962990395,True,-2.2340497310184455,True,1.9714345906930664,True,2,0,0.3074854287770029,False,0.22921911580217794,False,4,1,False,True,False,25.0,16.707196280002126,3.6548288493290144,0.17212894011923846,11.0,False,0,1,3,4,-13.831404291961281,164.47999572753906,359831616.71845704,58.32752613240418,False,0.0,0,,,,0.0,0,,,,False,False,False,False,0,,none,0,0,False,-2,0.5,risk_on,6,False
NVST,23.395000457763672,-22.686714207509574,23.456461825148377,11.777353639016997,-6.013709139676848,0.49456389861190253,False,1.0190311119752697,12.331695543628184,-9.391941385447245,-13.767043194030792,False,True,False,False,21,35.0,False,0.4249902734005352,1.3940977799709657,False,-4.055815095209897,True,-9.286546617847225,False,0,0,0.2811978535784915,False,0.6902629171249517,False,7,2,True,False,False,25.0,19.968829682757125,18.144905989196882,0.05030370343167177,22.0,False,0,2,2,2,-18.964323596518152,28.8700008392334,65377755.457726,50.59233449477352,False,0.0,0,,,,0.0,0,,,,False,False,False,False,0,,none,0,0,False,-4,0.25,risk_on,6,False
NVT,159.9949951171875,-13.091632208662995,69.22356134024703,62.70921956871342,44.91815679001958,0.37088806415144737,True,0.8475006390588098,9.55029797532424,32.59742790556923,7.755253044846855,False,True,False,False,25,41.66666666666667,True,0.5040112639581624,1.9335723868319818,True,0.5451502404610313,True,9.107334822098888,False,0,2,0.4701567345180697,False,1.3585632322238816,True,1,0,False,False,False,45.0,26.164168668712414,12.412888663051746,0.625403826894789,24.0,False,5,4,6,5,-9.800997455778937,177.3800048828125,401921356.90948486,84.52961672473867,True,0.0,0,,,,0.0,0,,,,True,False,False,False,1,,sepa_vcp,6,6,True,0,0.75,risk_on,6,False
NVTS,12.218600273132324,-61.56464321721886,90.02489268011931,74.30242331220738,56.51136053351354,0.6113046604326091,False,0.7129294003865863,17.023225878661403,33.100216415497805,6.34117072696212,False,True,False,False,27,45.0,True,0.44374168868785235,2.5995555041918426,True,0.1708699163708533,True,12.200182625560775,False,0,0,0.42604601262063363,False,0.7697823897705564,False,4,1,False,False,False,25.0,31.304343887690717,19.314811876338137,0.4163675396116222,24.0,False,5,1,3,4,-18.27023124401681,14.949999809265137,135602295.51286745,87.595818815331,True,0.0,0,,,,0.0,0,,,,False,False,False,False,0,,none,0,0,False,-2,0.5,risk_on,6,False
NWG,18.99970054626465,-0.5251300167636974,47.95579854466956,45.0797512880682,27.288688509374357,0.7160869944211995,True,1.039005875040657,3.4737381560567058,34.64619017128763,3.3716072567665956,False,True,False,True,31,51.66666666666667,True,0.3642363800553778,0.46766860714444874,False,1.5846912609749524,True,2.8679006637924553,True,2,0,0.4847235165966156,False,0.42782457969225196,False,4,2,True,False,False,65.0,14.156677825467565,4.842181980993473,0.922670079955113,24.0,True,8,4,6,6,-1.0947347643446292,19.209999084472656,51398986.74801178,78.11846689895471,False,0.0,0,,,,0.0,0,,,,True,True,False,False,2,power_play,sepa_vcp,6,6,True,0,0.75,risk_on,6,True
NWSA,29.809999465942383,-4.1029089678577435,34.08613568390211,-1.9095566010262743,-19.70061937972012,0.3128601379923275,False,0.8823679832790485,3.723578406202562,23.2906164781286,-3.4216870954179135,False,True,False,True,29,48.333333333333336,True,0.33468114475762034,0.7451665516803765,False,1.1153470932698053,True,-2.4541885245640715,True,2,0,0.5476170961878102,False,0.5205979202428606,False,4,1,False,False,False,55.0,17.277318114214044,5.467967451584472,0.6801285195891558,16.0,False,3,2,4,5,-5.526521322722743,31.55382852765882,125080742.01592083,34.77351916376307,False,0.0,0,,,,0.0,0,,,,False,False,False,False,0,,none,0,0,False,-1,0.625,risk_on,6,False
NXPI,230.77000427246094,-30.082433305810873,27.502098374211027,4.81860507796692,-12.972457700726926,0.3891220955805161,False,0.8692278911357169,6.369977326380116,20.89658282288085,3.680316152185603,True,True,False,True,21,35.0,False,0.3533818300912811,1.1787167305838595,False,-0.9876432414262695,True,3.379770715029129,True,2,0,0.5247758255053651,False,0.7332725916109082,False,6,1,False,False,False,25.0,8.927080511695827,9.044128157656527,0.6811476940704635,6.0,True,1,3,5,5,-2.846420206372846,237.53113859794018,723310909.1928673,41.67247386759582,False,0.0,0,,,,0.0,0,,,,False,False,False,False,0,,none,0,0,False,-1,0.625,risk_on,6,False
NXST,167.38999938964844,-32.71340309053865,9.280428400414852,-16.873929862964864,-34.66499264165871,0.5399827876327857,False,1.0468268356751977,9.331498401423291,-25.874858516156706,-8.6897268700173,False,True,False,False,23,38.333333333333336,False,0.4375975406441552,1.723588633695052,False,-1.887464037901,True,-1.835564628424069,True,1,0,0.371986422099161,False,0.3802597193959516,False,8,3,True,False,False,25.0,18.344031807805113,13.543221370217204,0.3517933350817823,17.0,False,0,2,2,3,-11.89072367929106,189.97999572753906,66049098.08020401,21.32404181184669,False,0.0,0,,,,0.0,0,,,,False,False,False,False,0,,none,0,0,False,-3,0.375,risk_on,6,False
NXT,82.19000244140625,-47.4488454930472,16.482433794239903,15.192717868405925,-2.5983449102879206,0.4137208063063891,False,0.7593849030206744,9.138582995259917,-29.698058449343723,-3.8038388426180236,False,True,False,False,21,35.0,False,0.4685284341025455,2.3208534843373854,True,-2.6505912347907588,True,-0.5204554476894718,True,1,0,0.43906032349499463,False,0.7891760088479961,False,5,2,True,False,False,25.0,24.789219276577818,13.50529963961114,0.21653175046678552,24.0,False,0,2,3,3,-19.421566233915442,102.0,172158452.38108712,54.21602787456447,False,0.0,0,,,,0.0,0,,,,False,False,False,False,0,,none,0,0,False,-3,0.375,risk_on,6,False
NYT,70.29000091552734,-17.877957854591575,29.68568954560782,21.757887109931385,3.9668243312375395,0.5373763004313626,False,0.8866030971591352,5.989470806142286,-14.49486401250467,3.124995802490038,False,True,False,True,25,41.66666666666667,True,0.39077372588688436,1.0648032705404966,False,0.35052835856099207,True,-0.07107680546799555,True,2,2,0.6291205575078392,True,1.4868669964732957,True,4,0,False,False,False,25.0,12.743364192305206,10.9830608774444,0.6623936082632206,4.0,False,2,4,4,6,-4.302241203551837,73.44999694824219,163527761.18886414,61.254355400696866,False,0.0,0,,,,0.0,0,,,,False,True,False,False,1,,power_play,6,6,True,0,0.75,risk_on,6,False
O,56.744998931884766,-13.79210045332374,5.665906364165241,1.1549403791949908,-16.636122399498856,0.657500356842285,False,0.9585413692364625,5.057712548959316,-4.285843985014781,-8.044208675173914,False,True,False,True,21,35.0,False,0.4912074401680014,0.7321249292161096,True,-5.630146090195718,True,-4.260167886582433,True,2,0,0.1679032060167039,False,0.031294920899435315,False,9,3,True,False,False,25.0,10.61010027511452,9.058065884922053,0.0290516156588265,21.0,False,0,2,2,4,-10.301859719820284,63.262179967875554,382141648.88116723,37.8397212543554,False,0.0,0,,,,0.0,0,,,,False,False,False,False,0,,none,0,0,False,-2,0.5,risk_on,6,False
OC,121.97000122070312,-23.25069051974267,26.570363465439485,-14.08044642680556,-31.871509205499407,0.7659789485471138,False,0.9800481906101943,9.895869430704682,15.168801623198513,-14.783765066894327,True,True,False,False,19,31.666666666666664,False,0.47864318123836636,1.735618134427563,True,-4.210921363524331,True,-5.41294757094154,False,0,0,0.38716579507798043,False,0.5700801415733889,False,8,3,True,False,False,25.0,22.13046121433336,14.659346317836683,0.037317745347293124,22.0,False,0,2,3,2,-21.30460229831872,154.99000549316406,142007611.02372056,23.554006968641115,False,0.0,0,,,,0.0,0,,,,False,False,False,False,0,,none,0,0,False,-3,0.375,risk_on,6,False
ODFL,174.0399932861328,-29.919871541817077,38.666267740808166,24.34084298839647,6.549780209702625,0.45095929408171725,False,0.9232375752260479,7.722364375934003,-7.015842031969721,-12.243717487781435,False,True,False,True,17,28.333333333333332,False,0.43607775474592325,1.4625131468897001,False,-5.244124341411751,True,-4.326320827630125,True,2,0,0.38159952020717214,False,0.5460363368440778,False,7,2,True,False,False,25.0,20.45993578543848,11.066427550339144,0.1005986800606663,24.0,False,0,2,3,3,-18.40169325129738,213.28873137297052,336140170.3463348,63.34494773519164,False,0.0,0,,,,0.0,0,,,,False,False,False,False,0,,none,0,0,False,-3,0.375,risk_on,6,False
OGE,45.32500076293945,-9.259259117832752,9.603954779068037,6.541658095816927,-11.249404682876918,0.30069787300870626,False,0.8364753515374697,2.537226016159167,-1.1361333042663513,-0.9073041108407232,False,True,False,True,21,35.0,False,0.4962504715212723,0.8122780820796917,True,-2.6359125659656293,True,-1.9576006667922585,True,2,0,0.32463232133988373,False,0.6575061368145573,False,3,3,True,False,False,35.0,6.06311914077429,5.8687254332869,0.029109293758001725,34.0,False,1,2,3,5,-5.886626024615726,48.15999984741211,69114998.40145206,43.62369337979094,False,0.0,0,,,,0.0,0,,,,False,False,False,False,0,,none,0,0,False,-1,0.625,risk_on,6,False
OHI,46.880001068115234,-8.124115205810533,26.166745940236737,19.72624311596396,1.9351803372701148,0.2962267470206531,False,1.040721262550342,2.6877096689960895,7.505992329817834,1.9352019072987892,False,True,False,True,24,40.0,True,0.4047409540850275,0.7768800008501008,False,-0.9001154851542624,True,-0.9716921905153608,True,2,0,0.4828166229539024,False,0.48426951259110307,False,3,1,False,False,False,65.0,15.67092849803383,4.778160468068552,0.4066025568574431,36.0,False,3,1,2,6,-9.299088902403108,51.68636180255229,88870313.03679791,59.23344947735192,False,0.0,0,,,,0.0,0,,,,False,True,False,False,1,,power_play,6,6,True,0,0.75,risk_on,6,False
OKE,92.75,-4.881552694030611,49.71473736465772,36.666392740191455,18.87532996149761,0.36921138238314505,True,1.0617456223100463,6.501354618535209,5.627896703872248,-2.121150370322722,True,True,False,True,31,51.66666666666667,True,0.40097169844073444,1.137030724218415,False,0.05482572604010868,True,-4.351862604496038,True,2,0,0.47192123864108276,False,0.9350952688307463,False,4,1,False,False,False,65.0,17.775575929773137,8.269548030555088,0.5999755727981517,13.0,False,5,1,4,5,-7.1106645794904555,99.8499984741211,349588256.2953526,72.33449477351917,False,0.0,0,,,,0.0,0,,,,False,False,False,False,0,,none,0,0,False,-1,0.625,risk_on,6,False
OKLO,40.130001068115234,-76.95532260895327,12.661432542024587,-70.32463038084462,-88.11569315953847,0.6476156184288719,False,0.8386356898752139,14.752060368984734,-28.670454558553192,-0.024908624028985304,False,True,False,False,20,33.33333333333333,False,0.5378575018309767,3.5156590359025763,True,-0.6240846328989512,True,10.825744498081269,False,0,0,0.3948767919562222,False,0.7779087882240268,False,7,1,False,False,False,25.0,25.584414501364993,25.915767342066736,0.48646363354119454,17.0,False,1,1,2,4,-13.13852726100695,46.20000076293945,432226682.0872734,0.4181184668989547,False,0.0,0,,,,0.0,0,,,,False,False,False,False,0,,none,0,0,False,-2,0.5,risk_on,6,False
OKTA,190.91000366210938,0.0,203.3688268493583,104.46610051009984,86.675037731406,0.5053265448473964,True,1.1009527098781053,6.3066329973165445,135.40074877193558,14.846904029897434,False,True,False,True,28,46.666666666666664,True,0.5123237232188407,2.7380364844208875,True,3.938101442037313,True,2.392065855117864,True,2,1,0.5386248966368219,False,1.7428752736291258,True,4,1,False,True,True,25.0,33.74526148790587,14.06421367643375,0.9741499810585805,2.0,True,11,3,5,6,-0.8723156486455164,192.58999633789062,769365407.1068649,92.05574912891986,True,0.0,0,,,,0.0,0,,,,False,True,False,False,1,,power_play,6,6,True,0,0.75,risk_on,6,False
OLED,78.44499969482422,-47.08532279109847,3.0433431847404435,-43.5939375160875,-61.38500029478135,0.31167765738023995,False,0.9897107944756642,4.94664527179168,-15.671174481014383,-4.854404778737608,False,True,False,True,28,46.666666666666664,True,0.44094625379656366,1.9280124507926828,True,-1.3764955789320639,True,3.0433431847404435,True,2,0,0.5842964292395278,False,0.8584835824113533,False,3,2,True,False,False,25.0,16.257746689754214,10.842059416032477,0.2163029873065016,17.0,False,1,2,2,4,-12.741147513887995,89.8991878300364,68256630.23809585,5.2264808362369335,False,0.0,0,,,,0.0,0,,,,False,False,False,False,0,,none,0,0,False,-2,0.5,risk_on,6,False
OLLI,79.76499938964844,-41.98065037205231,28.90271172078045,-41.98065037205231,-59.77171315074615,0.4632262418508276,False,1.2636773631783593,8.988902681388103,-15.54790686403199,10.142227846469009,False,True,False,False,30,50.0,True,0.4319858190992287,2.1410595607896408,False,1.6186409778552657,True,3.564013069622929,True,1,0,0.4441853648766713,False,0.6401296602821787,False,5,2,True,False,False,35.0,14.400985292430576,11.358362223932415,0.827249358658419,30.0,True,2,4,5,4,-2.4877794452180635,81.80000305175781,139331576.16221923,6.202090592334495,False,0.0,0,,,,0.0,0,,,,False,False,False,False,0,,none,0,0,False,-1,0.625,risk_on,6,False
OMC,75.7699966430664,-13.931727587016152,16.157940154711547,5.2026634226620905,-12.588399356031754,0.44139863753742303,False,0.9890537726224108,6.909284115741481,2.283838611251121,-13.288263215772966,True,True,False,True,26,43.333333333333336,True,0.4484900705182833,1.2246976818260817,True,-2.543203980445869,True,-5.576517265164805,False,1,0,0.40249357515359235,False,0.35550343156041614,False,5,3,True,False,False,25.0,15.428148685380059,8.607540210989615,0.05775505035293183,19.0,False,1,2,3,3,-14.537095181203409,88.65834458086623,250677231.35307083,41.951219512195124,False,0.0,0,,,,0.0,0,,,,False,False,False,False,0,,none,0,0,False,-3,0.375,risk_on,6,False
OMF,60.494998931884766,-10.550756057695054,27.206819678905948,6.811092608492886,-10.97997017020096,0.3081045909700749,False,1.0009280038447317,4.711130712358705,18.9936905975151,-3.731701487920114,False,True,False,True,27,45.0,True,0.5103153549119169,1.0533205648032693,True,-1.1886129615635588,True,-4.280066136709449,True,2,0,0.3949932438142055,False,0.4202289873423839,False,6,4,True,False,False,55.0,16.785606556256766,7.355974918278331,0.47428676709854417,23.0,False,2,2,3,5,-8.824415488901616,66.3499984741211,53261722.96865692,44.11149825783972,False,0.0,0,,,,0.0,0,,,,False,False,False,False,0,,none,0,0,False,-1,0.625,risk_on,6,False
ON,71.70999908447266,-46.45710221304292,59.710460239386265,40.415115553134086,22.62405277444024,0.534902088478196,False,0.9181858461179702,12.480821450993613,19.73618269374573,-1.2395007826932813,False,True,False,False,21,35.0,False,0.39620782576865254,1.919072781757373,False,-2.0317973586261044,True,0.08373699555621616,True,1,0,0.5020026033042189,False,0.6776549138416259,False,7,1,False,False,False,25.0,23.08591384625812,14.488913013942822,0.29924030545391617,24.0,False,1,1,2,3,-16.17767793522105,85.55000305175781,707533399.2356243,74.91289198606272,False,0.0,0,,,,0.0,0,,,,False,False,False,False,0,,none,0,0,False,-3,0.375,risk_on,6,False
ONB,25.315000534057617,-6.716448908891747,32.31001474192852,17.18373919078786,-0.6073235879059844,0.3855260736564459,False,1.0451030271995605,4.779778654135955,18.84926117867196,-1.519996284095726,False,True,False,True,28,46.666666666666664,True,0.4173658994120516,0.7588602234540675,False,-1.5771209775382493,True,-2.1075021787732906,True,2,0,0.4689815645420564,False,0.6982139482259464,False,3,1,False,False,False,65.0,10.087723081387079,4.779778654135955,0.3105367728427398,33.0,False,2,1,3,5,-6.955114110361915,27.207299242737655,93898290.40165272,56.09756097560976,False,0.0,0,,,,0.0,0,,,,False,False,False,False,0,,none,0,0,False,-1,0.625,risk_on,6,False
ONC,365.1600036621094,-3.261185662114696,40.3004645468086,9.198567681537394,-8.592495097156451,0.8095583180568287,False,0.9631063346448527,6.605297218359052,32.91594986333018,-0.42810985662072865,False,True,False,True,30,50.0,True,0.34252639890177455,0.7061074175541362,False,2.275781963760326,True,3.2021076561665973,True,2,2,0.6193122892567189,True,2.6677823107903134,True,10,2,True,False,False,35.0,18.43815853721217,8.229240863969377,0.7881967341640932,18.0,False,5,5,5,7,-3.9052621941817467,380.0,124824798.75893402,47.247386759581886,False,0.0,0,,,,0.0,0,,,,False,True,False,False,1,,power_play,7,7,True,1,0.875,risk_on,6,False
ONDS,7.375,-47.35903012480812,40.47619047619047,9.747027235988481,-8.044035542705364,0.6248550718384319,False,0.6568217992946047,9.35593297926046,-32.33944717335297,-6.64557074721166,False,True,False,False,25,41.66666666666667,True,0.4728436848849102,2.5944437290566444,True,-1.569466301353643,True,2.0055322343566884,True,1,0,0.34834908721279934,False,0.7613074652001507,False,3,5,True,False,False,25.0,25.067092501293835,12.203391123626192,0.16916490584047006,23.0,False,1,2,3,3,-20.826620158618113,9.3149995803833,450174729.22371924,47.80487804878049,False,0.0,0,,,,0.0,0,,,,False,False,False,False,0,,none,0,0,False,-3,0.375,risk_on,6,False
ONON,27.204999923706055,-46.26703663879896,1.6629285912484137,-39.85186778898441,-57.64293056767825,1.112357329541348,False,0.6837245174583028,7.4067244818942095,-31.74862140709308,-5.701907923787242,False,True,False,True,22,36.666666666666664,False,0.4042719844718591,1.1557449794239272,False,-5.9525132728769075,True,-0.9646865535945182,True,2,0,0.30608277524969923,False,0.3360238452613072,False,7,4,True,False,False,25.0,19.92892987001853,7.4067244818942095,0.1280098082274123,24.0,False,0,2,2,4,-17.37783137917991,32.926998138427734,229684546.52494162,7.317073170731707,False,0.0,0,,,,0.0,0,,,,False,False,False,False,0,,none,0,0,False,-2,0.5,risk_on,6,False
ONTO,276.239990234375,-27.007535652223,127.65781982153732,125.1895282935668,107.39846551487295,0.5025181400657662,False,0.7178170060239915,13.441218308072886,31.674531233532655,2.0126228876531815,False,True,False,False,24,40.0,True,0.4820434417609185,2.33984848222868,True,-0.39967594594857936,True,10.438565882487861,False,0,0,0.44092129549397363,False,0.7616077073170732,False,6,3,True,True,True,25.0,32.16914177741891,17.598829717564357,0.3182927841209721,24.0,False,6,2,3,4,-21.92993607830197,353.83599853515625,241139955.55453187,93.65853658536587,True,0.0,0,,,,0.0,0,,,,False,False,False,False,0,,none,0,0,False,-2,0.5,risk_on,6,False
ORA,96.9000015258789,-33.14532675991987,6.250005228477784,5.210300454071204,-12.580762324622642,0.18515048683208704,False,1.0689987109756476,8.390089912688707,-11.036012166911535,-5.958850286387363,False,True,False,False,18,30.0,False,0.4966910128490156,1.765571069735683,True,-1.7193699413456844,True,5.234578191763939,False,0,0,0.3488379184514563,False,0.2638801533508425,False,6,3,True,False,False,25.0,21.23697149295604,19.876155008823407,0.25701904823279265,24.0,False,0,2,2,3,-15.778665292489535,115.05398467312322,96152836.99395294,42.02090592334495,False,0.0,0,,,,0.0,0,,,,False,False,False,False,0,,none,0,0,False,-3,0.375,risk_on,6,False
ORCL,148.67999267578125,-54.17503712032441,29.29819587606637,-51.2814753956724,-69.07253817436624,0.491898644750282,False,1.1626480767238911,8.743610869250192,-2.9944715992360926,-1.4385239243843828,False,True,False,False,21,35.0,False,0.5130300711511873,2.3417492954095214,True,0.9104168873947934,True,2.6866493335358177,True,1,0,0.39068593728388534,False,0.4375107133801062,False,4,2,True,False,False,45.0,32.92325597714132,21.32095675937295,0.6081849560821075,9.0,False,0,2,3,3,-12.899826986603646,170.6999969482422,4510177904.805646,2.996515679442509,False,0.0,0,,,,0.0,0,,,,False,False,False,False,0,,none,0,0,False,-3,0.375,risk_on,6,False
ORI,39.56999969482422,-10.596588254884198,12.35640842948349,8.322540801201672,-9.468521977492173,0.39319385873204193,False,0.8860370639333073,4.700532283791884,5.085009844908739,-5.241306746185847,False,True,False,True,22,36.666666666666664,False,0.4189784656581667,0.6328692364183539,False,-3.0554595983661472,True,-4.258412916178567,True,2,0,0.3439620302087828,False,0.3941734822722532,False,6,2,True,False,False,65.0,14.154538098264705,5.863026820108053,0.24287674459640152,37.0,False,1,2,2,5,-10.716729963692428,44.319612933904466,51231802.445410155,46.271777003484324,False,0.0,0,,,,0.0,0,,,,False,False,False,False,0,,none,0,0,False,-1,0.625,risk_on,6,False
ORKA,92.43000030517578,-18.261408906528587,514.1528181645996,494.4051393661605,476.6140765874666,0.7281123474281378,False,0.8738142046215913,8.525367551012238,122.40134083483673,1.4042772988143826,False,True,False,False,22,36.666666666666664,False,0.5132311995900454,2.532315248019841,True,-0.8723169690548892,True,-3.648493681711329,True,1,0,0.4712518574833379,False,0.6736163718250713,False,7,4,True,False,False,25.0,25.554014457148288,11.478957671016515,0.21781846329193422,22.0,False,6,2,3,5,-19.987878297152374,115.5199966430664,78513252.49131317,99.23344947735193,True,0.0,0,,,,0.0,0,,,,False,False,False,False,0,,none,0,0,False,-1,0.625,risk_on,6,False
ORLY,83.6050033569336,-22.451530238190543,1.0576573969480751,-19.556429220206585,-37.34749199890043,0.6511274505781272,False,0.7711406177847814,4.6887124113968675,-5.744074144987399,-5.531069653182374,False,True,False,True,18,30.0,False,0.471288334052253,0.8734671552995569,True,-2.8326600008594727,True,-4.144689077247399,True,2,0,0.45313718391558666,False,0.7262359700348183,False,7,3,True,False,False,25.0,10.477518532965325,5.2747991814405095,0.05709883447578097,22.0,False,0,2,2,4,-9.879264436534607,92.7699966430664,519266009.70622635,19.233449477351915,False,0.0,0,,,,0.0,0,,,,False,False,False,False,0,,none,0,0,False,-2,0.5,risk_on,6,False
OSCR,31.1299991607666,-7.92665514246782,186.91242457403283,64.10121395656414,46.310151177870296,1.0499238705312994,True,1.016982587541047,12.046251827007824,154.95494728508606,2.166064529981271,False,True,False,False,23,38.333333333333336,False,0.38536984583235473,2.2202669207026413,False,0.2070962878343855,True,-7.92665514246782,False,0,0,0.42005262726123754,False,0.8387145513841818,False,4,3,True,False,False,35.0,26.421110278274867,13.20269455125073,0.6322721340931184,5.0,False,6,3,4,5,-9.71577849752039,34.47999954223633,159769878.1254635,85.01742160278745,True,0.0,0,,,,0.0,0,,,,False,False,False,False,0,,none,0,0,False,-1,0.625,risk_on,6,False
OSIS,200.92999267578125,-35.11689568975661,1.7418538087671687,-14.657666245230983,-32.44872902392483,0.21749633765444043,False,0.8480173454125003,5.504403504577865,-30.505312737354828,-2.7632630326813845,True,True,False,True,18,30.0,False,0.4240948237698399,1.5559426859661134,False,-2.165007380038594,True,0.4901204013485039,True,2,0,0.4877458209594045,False,0.49196107080062407,False,3,1,False,False,False,25.0,20.547010013803963,5.942361826431477,0.2991912493067422,24.0,False,0,1,4,4,-14.399524418255815,234.72999572753906,61447813.192877196,23.275261324041814,False,0.0,0,,,,0.0,0,,,,False,False,False,False,0,,none,0,0,False,-2,0.5,risk_on,6,False
OSK,144.44000244140625,-18.165259661359123,23.200549859056974,10.039061110492419,-7.7520016682014266,0.6045108806182632,False,0.9133058779147851,4.4170622922833465,0.5154565283249424,-6.183426771443157,False,True,False,True,25,41.66666666666667,True,0.49650803068756727,1.5464581333397536,True,-1.209759443583866,True,0.7252500621949931,True,2,0,0.33605299641324093,False,0.989053421968515,False,3,3,True,False,False,65.0,14.370174594873763,11.014956655489847,0.3196562285411013,38.0,False,1,2,3,4,-9.776658780399272,160.09161320000763,70331446.06767273,48.292682926829265,False,0.0,0,,,,0.0,0,,,,False,False,False,False,0,,none,0,0,False,-2,0.5,risk_on,6,False
OTIS,66.98999786376953,-27.574880146729008,0.0,-23.246432041745912,-41.03749482043976,0.46341874682835243,False,0.9488824872577579,5.065376020740474,-14.215079150528787,-6.621132062228385,False,True,False,True,21,35.0,False,0.4228528948992888,0.8410139883008163,False,-3.0216780549057174,True,-4.545458004466529,True,2,0,0.3427752751109834,False,0.6487282691890724,False,8,2,True,False,False,25.0,8.353852017783371,6.722340710616795,0.023516861346679005,22.0,False,0,2,2,4,-8.157395638170485,72.94000244140625,298248998.7498043,16.306620209059233,False,0.0,0,,,,0.0,0,,,,False,False,False,False,0,,none,0,0,False,-2,0.5,risk_on,6,False
OUST,38.20500183105469,-38.89155222117336,129.73544052357929,10.227934215952583,-7.563128562741262,0.9826664310030816,False,0.5737375919089476,15.83562085355757,80.38244230675713,10.355294655622194,False,True,True,False,23,38.333333333333336,False,0.40970521174238883,2.0142208480591552,False,-0.08888888510517162,True,14.181120371829238,False,1,0,0.3835023183635293,False,0.7654521449426581,False,4,2,True,False,False,25.0,37.81943280352775,16.07119250196601,0.30419710134326616,24.0,False,3,2,3,3,-26.314870970248172,51.8489990234375,68019852.28442554,48.78048780487805,False,0.0,0,,,,0.0,0,,,,False,False,False,False,0,,none,0,0,False,-3,0.375,risk_on,6,False
OVV,60.759498596191406,-9.273559073180671,72.80875480390854,50.689238635963704,32.89817585726986,0.3859815371811308,False,1.0371116886302703,11.932296977762945,7.762709754417685,-5.496718793053157,False,True,False,False,28,46.666666666666664,True,0.43497794034014375,1.2278814923698729,False,-0.7401159037980372,True,-6.610050912666066,False,0,0,0.39730266033042755,False,0.43396813942338586,False,5,2,True,False,False,45.0,15.845697437290648,11.932296977762945,0.3773859471958773,4.0,False,3,2,2,5,-9.865753900939433,67.41000366210938,204174161.57955512,79.79094076655052,False,0.0,0,,,,0.0,0,,,,False,False,False,False,0,,none,0,0,False,-1,0.625,risk_on,6,False
OWL,10.024999618530273,-42.73609489271381,27.06969570044744,-42.73609489271381,-60.52715767140765,0.4049847178297043,False,1.011648999280811,7.032418459178076,15.047700807820297,-16.597344120272762,False,True,False,True,23,38.333333333333336,False,0.35934425550175353,1.3282004312322542,False,-1.774454814944446,True,-3.883036191710665,True,2,0,0.31145319290155754,False,0.8344030850262191,False,5,2,True,False,False,25.0,21.382372906706056,20.498747428408784,0.1134212829139389,14.0,False,0,2,2,3,-18.957156739883207,12.369999885559082,206237532.3071949,5.714285714285714,False,0.0,0,,,,0.0,0,,,,False,False,False,False,0,,none,0,0,False,-3,0.375,risk_on,6,False
OXY,57.5099983215332,-12.378093682126146,49.83639241371256,27.23456110371052,9.443498325016673,0.5520333663693426,False,0.9990209149393163,11.771866902017996,-3.762646077338161,-2.243835148149931,False,True,False,False,28,46.666666666666664,True,0.43624205466718347,1.059354754937975,False,-0.2587792023744058,True,-6.9116227616284664,False,0,0,0.42381739653231687,False,0.40240530022351323,False,5,2,True,False,False,65.0,25.43233252584265,11.771866902017996,0.6140137198391321,4.0,False,1,3,3,4,-9.816531427464248,63.77000045776367,466693384.3584236,65.71428571428571,False,0.0,0,,,,0.0,0,,,,False,False,False,False,0,,none,0,0,False,-2,0.5,risk_on,6,False
P,111.62010192871094,-5.534784640071577,95.85909570324802,27.02867695432356,9.237614175629716,0.5798171930279457,True,0.979683227713146,16.376977321676222,73.16181122254835,19.507601825663446,True,True,False,False,28,46.666666666666664,True,0.5193257257023597,3.1446699292021316,True,3.496152350987096,True,19.023356133112344,False,0,0,0.4679668968936085,False,0.26169992704537515,False,3,2,True,False,False,25.0,24.731320074244067,19.212488901435176,0.746056829725808,23.0,False,6,2,4,4,-6.2803498247193,119.0999984741211,687246995.0215042,65.64459930313589,False,0.0,0,,,,0.0,0,,,,False,False,False,False,0,,none,0,0,False,-2,0.5,risk_on,6,False
PAA,25.170000076293945,-3.5632195079815188,71.91735640011738,60.09930131184493,42.30823853315108,0.26589935197829545,True,0.9738710121079811,3.734606798602854,19.718190260992042,-1.2166384282249254,True,True,False,True,25,41.66666666666667,True,0.42757367813995384,0.8727398149532004,False,1.4708651610501113,True,-2.6305620701778887,True,2,0,0.4632798533042184,False,0.9543916234483665,False,6,1,False,False,False,55.0,17.21944489641671,5.284068016188441,0.7315267259503898,5.0,False,5,2,5,5,-4.622960748657845,26.389999389648438,67903901.47369385,83.7630662020906,True,0.0,0,,,,0.0,0,,,,False,False,False,False,0,,none,0,0,False,-1,0.625,risk_on,6,False
PAAS,48.67499923706055,-28.481939528457612,47.99068529838952,34.758398017551094,16.96733523885725,0.44323982831723535,False,0.9908969062506385,7.478170409249819,-0.2764077789638053,-7.934556042319696,False,True,False,True,28,46.666666666666664,True,0.4005623793384195,1.505172486534355,False,0.27139650662572157,True,0.0719569240363871,True,2,0,0.4109220811991027,False,0.8562082839560363,False,4,4,True,False,False,25.0,17.5546959763294,13.497688336524721,0.2548798040771275,15.0,False,2,2,3,4,-13.080358505249023,56.0,205221182.90443707,70.87108013937282,False,0.0,0,,,,0.0,0,,,,False,False,False,False,0,,none,0,0,False,-2,0.5,risk_on,6,False
PAG,213.96499633789062,-3.605735751602368,54.520711638423734,25.56015545293191,7.769092674238063,0.28723375552724273,True,0.7045729556661022,3.238851238838402,49.27589150934357,-1.4031603364007217,False,True,False,True,25,41.66666666666667,True,0.48781137771887634,0.6095647859233858,True,0.032106168159708515,True,-1.4667269850866527,True,2,0,0.37048703095392943,False,0.7369087897466533,False,6,1,False,False,False,45.0,14.894271062843286,3.724908913660348,0.656413628497106,37.0,False,5,2,4,5,-5.117468550662874,225.5051515485103,69190444.80972596,64.59930313588849,False,0.0,0,,,,0.0,0,,,,False,False,False,False,0,,none,0,0,False,-1,0.625,risk_on,6,False
PANW,369.5299987792969,-6.684343742601795,160.83857101390115,77.49651493630138,59.70545215760754,0.41785403647416847,True,1.1287838098948566,7.339051012576929,125.2544906461904,-0.5543737934001203,True,True,False,True,25,41.66666666666667,True,0.5233040305865924,2.743784113138467,True,0.8106837000910603,True,-1.1793345545587641,True,2,0,0.5780279801971562,False,1.026137257255616,False,5,2,True,True,True,25.0,17.024236235199275,15.641487290316041,0.7300576983331027,16.0,False,9,2,5,7,-4.5955615134506855,387.3299865722656,2465195961.332193,88.08362369337979,True,0.0,0,,,,0.0,0,,,,False,True,False,False,1,,power_play,7,7,True,1,0.875,risk_on,6,False
PARR,82.87000274658203,-4.185449423746501,149.0084308480641,136.9745491959574,119.18348641726355,0.5458125631207436,True,0.9610876895970236,8.097018054882845,44.87762524694663,5.098293405522791,False,True,False,False,32,53.333333333333336,True,0.39201680427188007,2.2891614731937935,False,0.9237562459306642,True,1.432075694055479,True,1,1,0.4926285755777825,False,0.9646908225355556,False,2,3,True,False,False,25.0,17.818062773947617,9.89502148649914,0.6896994907881069,1.0,False,9,3,4,6,-5.52895395192542,87.72000122070312,73749805.5832428,94.35540069686411,True,0.0,0,,,,0.0,0,,,,False,True,False,False,1,,power_play,6,6,True,0,0.75,risk_on,6,False
PATH,13.559900283813477,-29.705030377170516,44.56183495069921,14.236734747658343,-3.554328031035503,0.5079319443572824,False,1.1303106754050607,10.213941104973449,11.788129891855847,-25.289804028593622,False,True,False,False,29,48.333333333333336,True,0.46597655975538654,2.725616992394716,True,-0.8407889752960158,True,-7.5040898707296355,False,0,0,0.30808625404284057,False,0.9489489556314722,False,3,1,False,False,False,25.0,29.63356317745443,15.118106680931565,0.05553768603058526,11.0,False,1,1,3,2,-27.98778364973745,18.829999923706055,950204085.5082817,53.37979094076655,False,0.0,0,,,,0.0,0,,,,False,False,False,False,0,,none,0,0,False,-3,0.375,risk_on,6,False
PAYC,226.08990478515625,-5.99954233784159,99.91072371201551,5.367090940793995,-12.42397183789985,0.24804611517160713,False,0.8865165334894978,5.037818650271836,79.38114650449555,-5.2153163366470245,False,True,False,True,35,58.333333333333336,True,0.3904634228509715,1.2515704354982826,False,3.534608365821947,True,1.453847248330642,True,2,1,0.48596171520590187,False,1.5208607012000404,True,3,2,True,False,False,35.0,32.75782011549538,7.890671462590204,0.76460977051912,11.0,False,4,4,4,5,-7.710870794279845,244.97999572753906,171184351.22479934,42.1602787456446,False,0.0,0,,,,0.0,0,,,,False,False,False,False,0,,none,0,0,False,-1,0.625,risk_on,6,False
PAYX,115.18499755859375,-9.545311079673791,37.7600292719559,-7.49363577614427,-25.284698554838116,0.49510927105825386,False,0.7948936127529959,4.71415585385899,26.07621160288143,-9.331709124290965,False,True,False,True,31,51.66666666666667,True,0.429804443257805,0.8715425443103522,False,-1.3292648826044025,True,-2.8056742196447937,True,2,0,0.5041622359281546,False,0.9929923421055025,False,3,2,True,False,False,65.0,28.065761215513614,5.486825392872264,0.6437773386803275,13.0,False,2,3,4,5,-9.99766015215271,127.9800033569336,311504850.7335739,28.641114982578397,False,0.0,0,,,,0.0,0,,,,False,False,False,False,0,,none,0,0,False,-1,0.625,risk_on,6,False
PB,70.0199966430664,-6.162723405995663,17.073874200253726,9.816626501987491,-7.974436276706355,0.5162739833886498,False,0.9534998207128902,3.3561928251653663,7.912115046230017,-2.333961868399681,False,True,False,True,26,43.333333333333336,True,0.4130855954146191,0.7309799263944203,False,-1.9372130006786334,True,-1.2411916274660317,True,2,0,0.3253447564387545,False,0.39475817890445297,False,6,2,True,False,False,25.0,7.119165116039522,3.898554668282608,0.1203489557426381,24.0,False,2,2,3,5,-6.262381028564745,74.69786134039063,64155713.53297081,47.94425087108014,False,0.0,0,,,,0.0,0,,,,False,False,False,False,0,,none,0,0,False,-1,0.625,risk_on,6,False
PBF,74.63999938964844,-4.674333996756097,192.15826939058053,154.1732124103598,136.38214963166595,0.5095761845967511,True,0.9921617837942514,12.660777940664488,61.888428664165886,4.713805650804059,False,True,False,False,31,51.66666666666667,True,0.4398207879643319,2.7857923197418892,False,1.2826692809086022,True,6.022724107769961,False,0,1,0.4704883459469591,False,1.040548332824633,False,2,2,True,True,True,35.0,28.98892560972568,18.194000458336085,0.6671920877530024,6.0,False,10,3,3,5,-9.647743810456323,82.61000061035156,264458439.805542,95.4006968641115,True,0.0,0,,,,0.0,0,,,,False,False,False,False,0,,none,0,0,False,-1,0.625,risk_on,6,False
PBR,20.760000228881836,-4.639412988719749,87.69203708757276,71.62964222704376,53.83857944834992,0.6764674542248941,True,1.15687425399036,6.982172997437851,12.400938597110844,12.034535669734115,False,True,False,True,30,50.0,True,0.41792745399997516,1.2539916561610975,False,3.1355153699574085,True,-1.843968778641225,True,2,1,0.5417701422768817,False,1.5517058437888802,True,6,2,True,False,False,25.0,20.78630467666325,6.982172997437851,0.7309069778187333,4.0,False,7,4,5,5,-5.593449545423912,21.989999771118164,458738200.5929152,87.0383275261324,True,0.0,0,,,,0.0,0,,,,False,False,False,False,0,,none,0,0,False,-1,0.625,risk_on,6,False
PBR-A,18.864999771118164,-3.602452400101519,82.5962012866684,69.30793937831024,51.516876599616396,0.5908476023786429,True,1.1655375282921874,6.042943603648399,12.807562983326303,12.492541777985533,True,True,False,True,32,53.333333333333336,True,0.4728752811391204,1.2483234471339648,True,3.917454565711223,True,-1.0749865075335818,True,2,1,0.5251624782095025,False,1.9159256048148559,True,4,0,False,False,False,25.0,20.95529694408433,6.042943603648399,0.7977321169923088,4.0,False,7,3,6,5,-4.238583550677477,19.700000762939453,135885841.94372672,86.62020905923345,True,0.0,0,,,,0.0,0,,,,True,False,False,False,1,,sepa_vcp,6,6,True,0,0.75,risk_on,6,False
PCAR,114.93000030517578,-16.62374457731566,26.62726544089122,18.40274210790782,0.6116793292139739,0.9974860111910472,False,0.8767482768127515,8.518229260882077,1.1128918508369612,-8.305406364183742,False,True,False,False,20,33.33333333333333,False,0.4802784262937383,1.1488035211027574,True,-4.465116319141522,True,-6.45450127444297,False,0,0,0.4101184027753212,False,0.16451055892670183,False,8,3,True,False,False,25.0,14.09046066958469,9.484035062156032,0.06216526842104617,19.0,False,0,2,2,4,-13.21452339988376,132.42999267578125,332857237.35329896,57.70034843205575,False,0.0,0,,,,0.0,0,,,,False,False,False,False,0,,none,0,0,False,-2,0.5,risk_on,6,False
PCG,13.140000343322754,-30.8423672716285,0.0,-10.937007321266579,-28.728070099960426,0.15578232847095258,False,1.0183594492246886,5.555551926657947,-24.002156223975913,-20.843373244794062,False,True,False,True,21,35.0,False,0.5060913963221094,2.477811443779336,True,-4.967496648449733,True,-3.382353126796467,True,2,0,0.3283588806444725,False,0.9884026047517342,False,6,3,True,True,False,25.0,31.613252270843095,14.535767104318975,0.09450175594063753,21.0,False,0,2,3,3,-28.625744420254073,18.40999984741211,776848905.7050264,25.71428571428571,False,0.0,0,,,,0.0,0,,,,False,False,False,False,0,,none,0,0,False,-3,0.375,risk_on,6,False
PCOR,51.619998931884766,-35.15075386758074,34.778067781096134,-27.61183466670318,-45.40289744539703,0.29709382280242547,False,0.905056291922419,11.739631313418327,-12.195954876654657,-18.989331539571552,False,True,False,False,29,48.333333333333336,True,0.40566058161876956,1.6268283238206245,False,-1.2103206196771457,True,-9.02362107000978,False,0,0,0.4041909397193681,False,0.5686720592603264,False,8,2,True,False,False,25.0,21.747183135493877,12.979467070079655,0.06529440446999127,15.0,False,1,2,3,2,-20.327213763761964,64.79000091552734,148495144.59005967,13.37979094076655,False,0.0,0,,,,0.0,0,,,,False,False,False,False,0,,none,0,0,False,-3,0.375,risk_on,6,False
PCTY,144.6649932861328,-13.915506897326646,52.11881767327209,-11.907811344057539,-29.698874122751384,0.36019278799168036,False,0.830167141706305,4.5691776982131715,25.697278555308568,-8.399290828107942,False,True,False,True,29,48.333333333333336,True,0.37600572759363804,1.1528027514506272,False,0.38040118906752707,True,-2.2335662007873847,True,2,0,0.45211470416779626,False,0.7244240454438978,False,5,1,False,False,False,55.0,31.772983169252424,7.7282054770896655,0.6644314290785721,13.0,False,1,2,4,4,-10.662014556016619,161.92999267578125,88150998.95242615,25.017421602787454,False,0.0,0,,,,0.0,0,,,,False,False,False,False,0,,none,0,0,False,-2,0.5,risk_on,6,False
PCVX,59.494998931884766,-6.011059006376806,87.38582340751107,87.38582340751107,69.59476062881723,0.4634015147860485,True,0.9318170497680336,7.546855633374085,6.355023940737858,-0.5682295609429011,False,True,False,True,24,40.0,True,0.29712619338760915,1.1334434537473945,False,0.5018442180490956,True,-0.07558277284278603,True,2,0,0.4430989413486227,False,0.4917510383343793,False,6,2,True,False,False,45.0,17.989994379313632,7.546855633374085,0.6103387259439554,20.0,False,5,3,4,5,-7.010004130104431,63.97999954223633,72889868.02598,89.68641114982579,True,0.0,0,,,,0.0,0,,,,False,False,False,False,0,,none,0,0,False,-1,0.625,risk_on,6,False
PDD,79.41999816894531,-42.50344214761732,8.349242649916565,-38.6576060707988,-56.44866884949265,0.4639741971485767,False,0.7689989777345133,3.072267524888715,-17.485716188108768,-7.317077948210226,False,True,False,True,27,45.0,True,0.5268787648425229,1.2792590597838003,True,-3.3285456880610007,True,0.05039168167220165,True,2,0,0.42309604511656695,False,0.2944867861003369,False,7,2,True,False,False,25.0,15.941241874466657,5.2127920990902945,0.14812272647972483,19.0,False,1,2,3,4,-13.579981664547901,91.9000015258789,598166330.3630753,8.08362369337979,False,0.0,0,,,,0.0,0,,,,False,False,False,False,0,,none,0,0,False,-2,0.5,risk_on,6,False
PDI,14.244999885559082,-16.652521500095197,0.0,-16.316270223615415,-34.10733300230926,0.9035420129270545,False,1.2131270713038116,4.001401891214179,-8.795366351682155,-5.693715046234626,False,True,False,True,21,35.0,False,0.4471299205174533,0.6384037389065529,True,-4.274399648622293,True,-1.2820541628841386,True,2,0,0.3841822856635896,False,0.8651718533593088,False,7,2,True,False,False,25.0,8.407341886631068,6.980021498778087,0.06539700003776895,24.0,False,0,2,2,4,-7.857526948953519,15.45975424131217,54294597.83381863,21.742160278745644,False,0.0,0,,,,0.0,0,,,,False,False,False,False,0,,none,0,0,False,-2,0.5,risk_on,6,False
PEG,69.50499725341797,-17.980126148145658,0.0,-11.902968083224808,-29.694030861918655,0.532886536685546,False,0.8163686803982355,2.618516317882048,-11.365929346549663,-4.170004704108221,False,True,False,True,17,28.333333333333332,False,0.4994533114277352,0.7787355201077161,True,-4.976808639822551,True,-1.9952072082073835,True,2,0,0.34790863674040995,False,0.5691225565976269,False,5,2,True,False,False,25.0,8.79580327338117,6.799947282955027,0.038181680591062694,23.0,False,0,2,2,4,-8.459964722255108,75.92852356078996,220029449.05107155,25.087108013937282,False,0.0,0,,,,0.0,0,,,,False,False,False,False,0,,none,0,0,False,-2,0.5,risk_on,6,False
PEGA,34.814998626708984,-47.506252458161356,34.30025431064041,-41.35373437084225,-59.14479714953609,0.29593779575778945,False,0.9605141472673832,11.97760203397935,-21.18067025607504,-3.7461974311065904,False,True,False,False,30,50.0,True,0.49903676257358076,1.914431080901197,True,1.1137948671570592,True,-10.06200090385958,False,0,1,0.4501426804948476,False,1.6266748713279102,True,5,2,True,False,False,45.0,35.74039350629833,12.035049854035641,0.7023222907096774,11.0,False,1,4,3,3,-10.639118468089602,38.959999084472656,85696471.41895524,6.550522648083623,False,0.0,0,,,,0.0,0,,,,False,False,False,False,0,,none,0,0,False,-3,0.375,risk_on,6,False
PEN,317.9800109863281,-11.524758935328805,40.98608692557717,24.405322141326224,6.614259362632378,0.5394863768940741,False,0.9378306105539903,1.0050031819934202,-5.238999493435115,-1.1502057242280261,False,True,False,True,20,33.33333333333333,False,0.6418360047882947,0.3935270125031272,True,-1.72359257733044,True,-0.5877491562966464,True,2,0,0.3602554854306271,False,0.9203085680047933,False,5,2,True,False,False,,,,,,False,1,2,2,5,,,112852311.43756256,63.484320557491294,False,0.0,0,,,,0.0,0,,,,False,False,False,False,0,,none,0,0,False,-1,0.625,risk_on,6,False
PENG,55.081600189208984,-32.3238719716534,239.17241973838082,100.07845555895116,82.28739278025732,0.5705420796383238,False,0.6104505793833649,16.820504801094735,207.89045314937496,11.253488298448477,False,True,True,False,22,36.666666666666664,False,0.4201216385198051,2.0585487950124364,False,0.06361821041649407,True,18.226228823374278,False,1,0,0.480217219530706,False,1.1576988015495435,False,6,2,True,False,False,25.0,30.615971206258912,16.820504801094735,0.4700248760697212,24.0,False,6,2,3,4,-16.22570313428291,65.75,68568228.16464576,91.3588850174216,True,0.0,0,,,,0.0,0,,,,False,False,False,False,0,,none,0,0,False,-2,0.5,risk_on,6,False
PEP,129.60000610351562,-21.669812429183455,0.0,-4.873474550710588,-22.664537329404432,0.852617298184079,False,0.8592226836087854,6.2268513231229745,-12.272934881023922,-7.149287511275004,False,True,False,True,21,35.0,False,0.46426081419470866,0.6346180872357509,True,-3.613964220728589,True,-4.943516514164569,True,2,0,0.31338362423455496,False,0.1503353931887112,False,6,3,True,False,False,25.0,11.34530993236942,8.487648034383136,0.09891427793099031,19.0,False,0,2,2,4,-10.223096792505803,144.35784870411655,1179043184.2724152,31.21951219512195,False,0.0,0,,,,0.0,0,,,,False,False,False,False,0,,none,0,0,False,-2,0.5,risk_on,6,False
PFE,27.864999771118164,-3.9800160869277734,26.352682038281806,24.091691004891192,6.300628226197347,0.5057735510334337,False,0.8932948464295171,2.3685621849392358,7.659600088018426,-0.3397686568854308,False,True,False,True,30,50.0,True,0.3698518464119527,0.6853690214428118,False,2.6175388289740744,True,0.5230896874294455,True,2,0,0.5409410774461698,False,0.8303867553602681,False,3,2,True,False,False,45.0,17.062000567516954,3.373409444746954,0.7301262975918893,11.0,False,3,3,4,5,-4.604585263645089,29.209999084472656,924851195.0277023,63.20557491289198,False,0.0,0,,,,0.0,0,,,,False,False,False,False,0,,none,0,0,False,-1,0.625,risk_on,6,False
PFG,116.4800033569336,-1.7129345563282827,53.71227221064223,47.466697420957175,29.67563464226333,0.3202992518703242,True,1.210780048637163,3.760299731445058,36.68616994179816,5.345745978291028,True,True,False,True,27,45.0,True,0.5066090996875817,0.9930094303406369,True,1.2545331793577188,True,-0.35927986609335383,True,2,2,0.529866852915949,False,1.2083142482561477,True,2,3,True,True,True,65.0,14.284378967997535,5.030906972413596,0.7284778504950143,11.0,False,7,5,7,7,-3.8785252817345017,121.18000030517578,159953155.73619765,79.09407665505228,False,0.0,0,,,,0.0,0,,,,True,True,False,False,2,power_play,sepa_vcp,7,7,True,1,0.875,risk_on,6,True
PFGC,92.80999755859375,-20.43720844872533,14.537824209256511,-12.03677786039561,-29.827840639089455,0.3825305199747804,False,0.8324321026912818,4.7193244241249666,11.5772988916649,-7.97223702248292,False,True,False,True,16,26.666666666666668,False,0.49547275664496987,1.2052691531206008,True,-5.530655014275814,True,-0.37570426122469636,True,2,0,0.28478657894013193,False,0.3753626319620561,False,8,3,True,False,False,25.0,17.294286913747907,10.343719810416815,0.20752684643592542,19.0,False,0,2,2,4,-13.705258089179706,107.55000305175781,142967056.01070327,24.878048780487806,False,0.0,0,,,,0.0,0,,,,False,False,False,False,0,,none,0,0,False,-2,0.5,risk_on,6,False
PG,146.39529418945312,-11.125156528800284,8.413350956702859,-3.4219985752116377,-21.213061353905484,0.30125260182628416,False,0.8031622881653906,2.9440820365551468,3.200717165106748,1.8189563446656676,False,True,False,True,23,38.333333333333336,False,0.3247257141761111,0.48592939398243595,False,0.22319756858341208,True,0.18154335028823798,True,2,0,0.5949436172515218,False,0.9266198296114493,False,4,1,False,False,False,45.0,8.771470828982803,4.351229424727245,0.4595919291394289,38.0,False,2,1,3,6,-4.7401736293003705,153.67999267578125,1197419463.1188521,32.89198606271777,False,0.0,0,,,,0.0,0,,,,False,True,False,False,1,,power_play,6,6,True,0,0.75,risk_on,6,False
PGR,213.36000061035156,-9.007162871893126,12.108592372909555,-6.23827539314481,-24.029338171838656,0.40991582983340247,False,0.7563830797954892,4.328365478033987,4.127350156782006,-2.4149280982603494,False,True,False,True,21,35.0,False,0.37538156758866237,0.6349574759446417,False,-0.4920674380442661,True,-3.4657512958268466,True,2,0,0.5238997259041596,False,0.6677418769146246,False,4,3,True,False,False,45.0,9.909069257170735,4.567395523673758,0.45881833841732045,11.0,False,1,2,3,5,-5.362606565333506,225.4499969482422,432916656.7354248,29.756097560975608,False,0.0,0,,,,0.0,0,,,,False,False,False,False,0,,none,0,0,False,-1,0.625,risk_on,6,False
PH,963.10498046875,-10.13393646830939,35.506973629510256,28.509982472259953,10.718919693566107,0.5423007755868395,False,0.9136288299210991,5.5045935514355575,6.750767404803182,-3.012531315997158,False,True,False,True,23,38.333333333333336,False,0.44728412112834626,1.0227366120567418,True,-0.9958332129531778,True,3.690122277302632,True,2,0,0.48772597542140844,False,0.4165182033851909,False,5,1,False,False,False,25.0,14.201712319723145,6.23296842133014,0.34266735641278634,24.0,False,2,1,3,5,-9.335249102588715,1062.2705857963695,599295638.0682862,66.55052264808361,False,0.0,0,,,,0.0,0,,,,False,False,False,False,0,,none,0,0,False,-1,0.625,risk_on,6,False
PHM,118.95999908447266,-16.01550233607987,8.503755903926624,-9.04105061230338,-26.832113390997225,0.4329260373060515,False,0.825470779335527,3.320441306860907,0.7025327786628788,-7.2574030449058196,False,True,False,True,22,36.666666666666664,False,0.3401055155033163,0.7752959969610247,False,-2.346483899057512,True,0.2359275181807119,True,2,0,0.520570228879085,False,0.2873883095927963,False,7,1,False,False,False,25.0,13.906399621532579,8.043912064267642,0.23951519984203298,22.0,False,0,1,3,4,-10.575605537098031,133.02857659698623,179897887.7231945,26.82926829268293,False,0.0,0,,,,0.0,0,,,,False,False,False,False,0,,none,0,0,False,-2,0.5,risk_on,6,False
PHYS,32.840999603271484,-19.76301158463809,15.841266883146798,15.841266883146798,-1.949795895547048,0.3924121564857398,False,1.0486515338537457,3.8366683234462817,-1.111109579565439,-2.837277087088075,False,True,False,True,29,48.333333333333336,True,0.4905100447308143,0.7512244908487519,True,0.5911485206688722,True,1.4863998264760703,True,2,0,0.34084871821163265,False,0.3977948874303231,False,5,3,True,False,False,65.0,16.188062854439554,4.902404684547265,0.5340868079144022,19.0,False,1,2,3,4,-7.54223203819423,35.52000045776367,147165831.97904587,55.052264808362374,False,0.0,0,,,,0.0,0,,,,False,False,False,False,0,,none,0,0,False,-2,0.5,risk_on,6,False
PI,183.60000610351562,-24.10400424781065,101.00724049115462,-4.175365211459258,-21.966427990153104,0.27152495907802454,False,0.9637544943713482,8.213508349532637,81.47673166596208,7.961900940435274,False,True,False,False,23,38.333333333333336,False,0.3706803550247525,1.8841965576062942,False,2.622540322717562,True,6.071991442595159,False,0,1,0.3706143300619721,False,1.0712410181687808,False,2,1,False,False,False,35.0,19.537314091109714,13.218956135969437,0.9492134541850908,0.0,True,3,3,4,4,-0.992232697188411,185.44000244140625,62175220.869687654,31.84668989547038,False,0.0,0,,,,0.0,0,,,,False,False,False,False,0,,none,0,0,False,-2,0.5,risk_on,6,False
PINS,19.405000686645508,-45.811226075185864,25.843064790109405,-45.811226075185864,-63.60228885387971,0.38096543850581016,False,0.9238116186126687,6.441638524961498,2.5634281627686217,-16.32168934991326,False,True,False,True,23,38.333333333333336,False,0.4567017348124569,1.9097222079366145,True,-3.5727500701578676,True,-1.4474344321075416,True,2,0,0.5392807992767332,False,0.7101400536602229,False,6,2,True,False,False,25.0,24.655534440662667,11.646483632629629,0.2303133703993093,24.0,False,0,2,2,3,-18.977035204637392,23.950000762939453,286864671.8713663,4.529616724738676,False,0.0,0,,,,0.0,0,,,,False,False,False,False,0,,none,0,0,False,-3,0.375,risk_on,6,False
PJT,152.6999969482422,-19.853511683186078,18.68017093526504,-18.132750255626885,-35.92381303432073,0.3748530356172504,False,1.0246621854436875,7.377209963839568,14.543983215601797,-16.349806675868116,False,True,False,True,25,41.66666666666667,True,0.4767085742206702,1.6121713403595792,True,-2.7690501892454122,True,-5.031405358350948,False,1,0,0.27095453587757096,False,0.7047024069148283,False,6,1,False,False,False,25.0,20.430254485342807,22.42305578091776,0.09016182595745698,11.0,False,1,1,2,2,-18.58822543616878,187.56500244140625,67668621.50568847,20.209059233449477,False,0.0,0,,,,0.0,0,,,,False,False,False,False,0,,none,0,0,False,-4,0.25,risk_on,6,False
PK,15.045000076293945,-6.957328353073466,63.11411186302234,36.94885421262135,19.157791433927503,0.2171963917397679,False,0.9910144776207717,5.516782449299327,50.184257629770016,-4.958937783925954,False,True,False,True,27,45.0,True,0.406285496930753,1.1495656110293715,False,-0.18003161306363902,True,-1.7950367102368858,True,2,0,0.541776284918504,False,1.1189908350311064,False,5,0,False,False,False,55.0,15.648152356175911,6.912595258086644,0.5443785713398951,17.0,False,4,1,3,5,-7.1296335324118605,16.200000762939453,53636066.848031044,72.47386759581882,False,0.0,0,,,,0.0,0,,,,False,False,False,False,0,,none,0,0,False,-1,0.625,risk_on,6,False
PKG,239.61000061035156,-6.3198488621168725,28.171863845828238,16.281624154818818,-1.5094386238750275,0.5402292603389496,False,0.9265310348253704,5.753100299234271,16.117993552352992,0.3206436434010751,False,True,False,True,23,38.333333333333336,False,0.4438386848076644,1.060977337576342,True,-0.18472839565999233,True,3.38712732549884,True,2,0,0.4168145705162797,False,0.7727919643384307,False,5,1,False,False,False,45.0,14.324178119438058,7.822708556710001,0.4946508397706666,26.0,False,2,1,3,6,-7.238711383633412,258.30818457180783,140779814.21733093,55.47038327526133,False,0.0,0,,,,0.0,0,,,,False,True,False,False,1,,power_play,6,6,True,0,0.75,risk_on,6,False
PL,17.0049991607666,-66.91634502733446,53.060303206637705,53.060303206637705,35.269240427943856,0.41177830820011185,False,0.8274812575054914,9.820641921270521,-49.71910315135505,-14.889892140291504,True,True,False,False,17,28.333333333333332,False,0.4038570358508294,2.4473633769751673,False,-3.6440884457174203,True,4.969125678492148,True,1,0,0.44432450590088635,False,0.15601334260765234,False,7,3,True,True,True,25.0,37.99435535802038,16.93619113731711,0.14698177393598819,24.0,False,1,2,4,2,-32.409877607944225,25.159000396728516,200911637.77801618,81.04529616724739,True,0.0,0,,,,0.0,0,,,,False,False,False,False,0,,none,0,0,False,-2,0.5,risk_on,6,False
PLD,135.78250122070312,-8.796121870255902,25.906160410816682,23.377171033024858,5.5861082543310125,0.3285429434536195,False,0.8584923345150858,2.4693295081309743,5.789142190178942,-2.7288183726736914,False,True,False,True,24,40.0,True,0.4118898821077114,0.6092032948530095,False,-1.988270773319243,True,1.2356962847883013,True,2,1,0.6389307316460003,True,1.1419840741880716,False,6,1,False,False,False,25.0,7.432903924590003,4.274410316335161,0.34897421378616206,17.0,False,2,2,2,5,-4.839012121358133,142.68714968981362,442883555.27970123,62.36933797909408,False,0.0,0,,,,0.0,0,,,,False,False,False,False,0,,none,0,0,False,-1,0.625,risk_on,6,False
PLNT,47.060001373291016,-57.97088429022034,6.93025032510739,-53.40593923436533,-71.19700201305918,0.7083654036272147,False,0.8912858967739471,9.636633478693343,-37.21146992735839,-11.756985266241971,False,True,False,False,27,45.0,True,0.42215175889186907,1.4450284788925223,False,-3.138010395759356,True,-8.014070536258,False,0,0,0.408446064716634,False,0.42078519991702745,False,7,4,True,False,False,25.0,15.026187204842358,10.943479336151908,0.0012021798794885738,19.0,False,1,2,2,4,-15.008123024919263,55.369998931884766,87517167.02852401,2.578397212543554,False,0.0,0,,,,0.0,0,,,,False,False,False,False,0,,none,0,0,False,-2,0.5,risk_on,6,False
PLTR,181.38499450683594,-12.450525668910629,69.09201098456461,-0.5510197303446818,-18.342082509038526,0.4684412164706849,False,0.9575087577972287,7.949939965073494,12.773562942506311,-2.632991011902086,False,True,False,True,26,43.333333333333336,True,0.46840711664087886,2.035049076927993,True,3.0234297244540786,True,4.65927936183379,True,2,1,0.5797707724415052,False,1.3503833530688094,True,3,1,False,False,False,25.0,12.645321804362181,10.381234612185647,0.7067589027248671,15.0,False,2,3,4,5,-3.708128041308334,188.3699951171875,4843964652.671965,36.027874564459935,False,0.0,0,,,,0.0,0,,,,False,False,False,False,0,,none,0,0,False,-1,0.625,risk_on,6,False
PLXS,250.58999633789062,-17.520245442402416,88.78257192086352,77.72340165807844,59.9323388793846,0.5404061219291949,False,0.7246509835400866,6.528592860623239,23.571184296215698,4.03537236589977,False,True,False,True,21,35.0,False,0.35806087687282073,0.9984226924842243,False,-0.25242615121472234,True,4.573714155887099,True,2,0,0.4574676854656019,False,0.7000005679517792,False,4,0,False,False,False,25.0,15.603042694212437,8.017084436838697,0.40784566663514316,24.0,False,3,1,3,5,-9.23940934505476,276.1000061035156,51002053.569251254,88.29268292682927,True,0.0,0,,,,0.0,0,,,,False,False,False,False,0,,none,0,0,False,-1,0.625,risk_on,6,False
PM,187.91000366210938,-6.124791236940707,33.65396877250313,19.49396512718844,1.702902348494593,0.4913717855860579,False,0.9236880822550607,5.135441949448107,16.067065323309325,-2.0741027360458464,True,True,False,True,26,43.333333333333336,True,0.3879432279159642,0.8319324943415576,False,-0.3210371175555255,True,-3.566661668106852,True,2,0,0.5194670852999959,False,1.0200434800347014,False,5,2,True,False,False,65.0,17.754447603285737,7.70582231075115,0.4618650225046828,38.0,False,2,2,4,5,-9.554289261435954,207.75999450683594,742942577.1253273,58.88501742160279,False,0.0,0,,,,0.0,0,,,,False,False,False,False,0,,none,0,0,False,-1,0.625,risk_on,6,False
PNC,233.6999969482422,-9.055533393750148,34.100324460212896,17.453350183195848,-0.33771259549799737,0.2843248375515533,False,1.0852348808730796,7.248610467529433,16.39914184324345,-3.5174652091169767,False,True,False,True,21,35.0,False,0.41062881479482793,0.8114415168403574,False,-2.752783887199961,True,-3.716217957769008,True,2,0,0.43922524746274094,False,0.5126343229392497,False,6,1,False,False,False,25.0,12.009573629493067,8.172873920809561,0.18778128800899238,24.0,False,1,1,2,5,-9.754400424908027,258.9599914550781,382102369.7256416,56.30662020905923,False,0.0,0,,,,0.0,0,,,,False,False,False,False,0,,none,0,0,False,-1,0.625,risk_on,6,False
PNFP,96.45500183105469,-11.11594969024462,18.63886360136524,2.2333067639649595,-15.557756014728886,0.2824343506032647,False,1.026884365483523,6.541915990049476,16.162806456577528,-4.585017978775651,False,True,False,True,25,41.66666666666667,True,0.376338466129233,0.9006981530125685,False,-2.09595647768174,True,-3.631726086356002,True,2,0,0.42050010751551214,False,0.7152848092977792,False,8,3,True,False,False,45.0,14.474760816579632,7.723813629370657,0.15969194689993857,33.0,False,2,2,2,5,-12.163258080869088,109.81167985472229,95707481.96760026,38.46689895470383,False,0.0,0,,,,0.0,0,,,,False,False,False,False,0,,none,0,0,False,-1,0.625,risk_on,6,False
PNR,55.88999938964844,-49.64917177595959,0.3050936202818155,-48.708802442166586,-66.49986522086043,0.17050675126783935,False,0.6739408371230673,4.507069305043919,-36.33481067646568,-9.372464652037992,False,True,False,True,19,31.666666666666664,False,0.43314792138667474,1.1222545115052789,False,-4.912692362228964,True,-0.5161995620363569,True,2,0,0.2798107154421784,False,0.2882506272908054,False,8,2,True,False,False,25.0,16.167147500971176,8.568619640619886,0.058072939127683736,24.0,False,0,2,3,4,-15.228273728278996,65.93000030517578,234658036.95475236,3.7630662020905925,False,0.0,0,,,,0.0,0,,,,False,False,False,False,0,,none,0,0,False,-2,0.5,risk_on,6,False
PNW,93.4800033569336,-13.75149477283536,12.801254414077246,12.227600366196189,-5.563462412497657,0.5222902586122967,False,0.799256786405457,4.065035607512554,-2.463462837702024,-4.2605449188029,False,True,False,True,21,35.0,False,0.44678108873597544,0.689551357366401,True,-4.725597106752694,True,-2.0125766648174337,True,2,1,0.28072820802388476,False,0.7551910577578523,False,2,3,True,False,False,25.0,8.331691716687251,5.91570237559978,0.021226461776534204,23.0,False,0,3,2,4,-8.154839380929124,101.77999877929688,89041673.09738159,51.080139372822295,False,0.0,0,,,,0.0,0,,,,False,False,False,False,0,,none,0,0,False,-2,0.5,risk_on,6,False
PODD,140.5399932861328,-59.423721206281435,6.501959787611922,-57.52025304020445,-75.3113158188983,0.30827448470671315,False,0.7441875485808974,5.187130805742056,-38.10992066545199,-3.1626896177575192,False,True,False,True,27,45.0,True,0.4279035112177452,1.5538615832897003,False,-2.0470376942680715,True,1.9883818386751795,True,2,0,0.48566503882375295,False,1.13592763070779,False,4,2,True,False,False,25.0,15.42179091200791,11.491386557564256,0.3886331232512644,22.0,False,1,2,3,4,-9.42837214374631,155.1699981689453,256397977.88938904,2.0209059233449476,False,0.0,0,,,,0.0,0,,,,False,False,False,False,0,,none,0,0,False,-2,0.5,risk_on,6,False
POET,8.555000305175781,-58.4103041706492,105.15587886461071,65.79458446043103,48.00352168173718,1.1479477811470344,False,0.7736714710657367,17.182930891332635,41.17162353060779,14.06667073567709,False,True,False,False,23,38.333333333333336,False,0.467269193893362,2.4740152249527947,True,1.3642515358495892,True,15.141325744669798,False,0,0,0.41808102927476654,False,1.1310363006355924,False,4,3,True,False,False,45.0,37.199997901916504,18.351842380549368,0.611559199913349,24.0,False,3,2,3,3,-14.449996948242184,10.0,61935870.28922443,85.78397212543554,True,0.0,0,,,,0.0,0,,,,False,False,False,False,0,,none,0,0,False,-3,0.375,risk_on,6,False
POOL,168.36000061035156,-45.71061527314294,0.8989572063485607,-45.71061527314294,-63.50167805183679,0.5637370214684471,False,0.7690770026615718,4.466621670942529,-16.82237410720041,-10.480143535002151,False,True,False,True,22,36.666666666666664,False,0.4165424223896209,1.1333062759964305,False,-3.9480872682523827,True,-1.9795027976372337,True,2,0,0.31047988274256977,False,0.7633233450428109,False,5,2,True,False,False,25.0,16.38689648202282,10.905203459130128,0.09225563577025096,22.0,False,0,2,2,4,-14.875112928772516,197.77999877929688,132536416.30544814,4.599303135888501,False,0.0,0,,,,0.0,0,,,,False,False,False,False,0,,none,0,0,False,-2,0.5,risk_on,6,False
POST,75.20999908447266,-34.37745512263813,0.0,-27.508434617375755,-45.2994973960696,0.40965447207125055,False,0.7576138030354294,6.036432616397467,-22.742680777271907,-11.880491588670594,False,True,False,True,22,36.666666666666664,False,0.5270600006686437,1.5554095039323232,True,-4.058201743286941,True,-5.241279473545846,False,1,0,0.2618869887390601,False,0.6201077958068697,False,6,3,True,False,False,25.0,13.054051534125405,12.31219551781942,0.007092356879606464,12.0,False,0,2,2,3,-12.961467541920612,86.41000366210938,76001080.67523117,13.449477351916375,False,0.0,0,,,,0.0,0,,,,False,False,False,False,0,,none,0,0,False,-3,0.375,risk_on,6,False
POWL,187.41000366210938,-41.76139173659714,99.58975724012657,89.50331319459477,71.71225041590093,0.3833126223660567,False,0.7090963811509865,10.810519241738914,3.7011951121528996,2.5723806992151266,False,True,False,False,21,35.0,False,0.49253210686417065,2.076218677958668,True,-1.8400483607772122,True,9.789107798832486,False,0,0,0.49656368640001086,False,0.6322409399109962,False,4,1,False,False,False,25.0,23.638682590876375,11.829677037367055,0.3880828398198976,24.0,False,3,1,3,5,-14.464915521407896,219.10307893483724,98555927.22192612,90.2439024390244,True,0.0,0,,,,0.0,0,,,,False,False,False,False,0,,none,0,0,False,-1,0.625,risk_on,6,False
PPG,105.36869812011719,-18.418512292495937,13.912989256244558,-1.1824079336348992,-18.973470712328744,0.36764152087468804,False,0.9114370174056712,3.321669587309605,4.540846469172077,-7.749346004193159,False,True,False,True,21,35.0,False,0.37693302302755155,0.8370991201438974,False,-2.67178726436091,True,0.11277731127523616,True,2,0,0.3450806780887237,False,0.4620856320914519,False,5,0,False,False,False,25.0,10.780354509852934,7.772709151317302,0.13317640210602844,15.0,False,0,1,3,4,-9.344665682803221,116.2300033569336,167468735.05949172,35.47038327526133,False,0.0,0,,,,0.0,0,,,,False,False,False,False,0,,none,0,0,False,-2,0.5,risk_on,6,False
PPL,33.14500045776367,-15.374898257672687,2.04978976981971,-4.124026221012011,-21.91508899970586,0.1919185348981616,False,0.7877230049671905,2.308038555085459,-8.701204800793704,-2.2787037004754374,False,True,False,True,17,28.333333333333332,False,0.5348919530795783,0.8264465836193162,True,-3.471669341720592,True,-1.9088500748376092,True,2,0,0.26976899340075045,False,0.8767003808646732,False,4,5,True,False,False,25.0,8.796848940196302,6.5817055884987266,0.012527345472112284,23.0,False,0,2,3,4,-8.68664777445648,36.298087464685,235047172.59985274,31.986062717770036,False,0.0,0,,,,0.0,0,,,,False,False,False,False,0,,none,0,0,False,-2,0.5,risk_on,6,False
PR,22.084999084472656,-9.227294888093985,89.02394628728558,72.4754303432468,54.68436756455296,0.5618381108990913,True,1.0262888331358209,11.51907412269238,12.5503632961532,-2.069448829513021,False,True,False,False,31,51.66666666666667,True,0.49265915316589065,1.3557680959871528,True,0.35896522680508347,True,-6.438408564914888,False,0,0,0.39450401676134783,False,0.6179480601495947,False,5,1,False,False,False,55.0,26.962870228494616,11.51907412269238,0.6366041582389983,4.0,False,5,2,4,5,-9.798194922976455,24.483987948593956,246545395.36099538,87.17770034843205,True,0.0,0,,,,0.0,0,,,,False,False,False,False,0,,none,0,0,False,-1,0.625,risk_on,6,False
PRAX,298.4750061035156,-22.74091670911912,606.9516756838807,606.9516756838807,589.1606129051869,0.9193244522093615,False,0.7804317387658373,12.671417583011952,1.4841457173701222,-13.42276835285986,False,True,False,False,20,33.33333333333333,False,0.415526535924332,2.0189846660250055,False,-2.8372599390515445,True,-9.703519247909465,False,0,0,0.22970270596030637,False,0.26523310484369017,False,5,3,True,False,False,25.0,24.817931994683864,21.901329686049557,0.0331932602072289,21.0,False,3,2,2,2,-23.994143920179013,392.70001220703125,113816950.47753295,99.65156794425087,True,0.0,0,,,,0.0,0,,,,False,False,False,False,0,,none,0,0,False,-4,0.25,risk_on,6,False
PRI,287.17498779296875,-11.664278542403094,17.92830712352693,6.057093421510729,-11.733969357183117,0.3400083285617615,False,0.8213951338366988,3.767740152919986,15.884807657683941,-1.1071409805054944,False,True,False,True,28,46.666666666666664,True,0.4373177976352899,0.7183846488824629,False,-3.339822928313602,True,-2.784362313290323,True,2,0,0.3834793238907224,False,0.8061583251405695,False,5,3,True,False,False,65.0,14.773280747574569,3.7816612912652827,0.19455278733813525,31.0,False,2,2,3,5,-11.899097800005132,325.961460804411,54866983.615292355,43.20557491289199,False,0.0,0,,,,0.0,0,,,,False,False,False,False,0,,none,0,0,False,-1,0.625,risk_on,6,False
PRIM,77.4000015258789,-61.82548136521624,7.336015629942949,-39.756356122177884,-57.54741890087173,0.32713906325446646,False,0.768349773836359,6.227389663826607,-45.64143915489976,5.8533897955808545,True,True,False,True,23,38.333333333333336,False,0.4552677213867532,1.9066792475218,True,-1.0189574184774923,True,4.354865089218762,True,2,0,0.42631768132803227,False,0.7355052537567319,False,4,2,True,False,False,25.0,18.084107480701686,11.020670040225834,0.47028428866719174,24.0,False,1,2,3,5,-9.57943585795885,85.5999984741211,91461278.4210846,7.386759581881533,False,0.0,0,,,,0.0,0,,,,False,False,False,False,0,,none,0,0,False,-1,0.625,risk_on,6,False
PRMB,20.44499969482422,-19.056044970088916,44.590873418298635,-6.993588333621837,-24.784651112315682,0.297473915613808,False,1.0017327567034882,6.260693560298339,9.920850106607881,-11.108696979025135,False,True,False,True,17,28.333333333333332,False,0.4056402452280898,1.371955418160707,False,-3.0128622418200894,True,-3.104268600965232,True,2,0,0.30984212376372694,False,0.9497718389219703,False,5,3,True,False,False,25.0,17.36599572726648,9.3910496696168,0.03871439499158908,24.0,False,0,2,3,4,-16.693681709258833,24.541955657517658,96310514.67403889,29.128919860627178,False,0.0,0,,,,0.0,0,,,,False,False,False,False,0,,none,0,0,False,-2,0.5,risk_on,6,False
PRU,118.88500213623047,-3.8939714409735204,32.496187305666524,20.844324619019396,3.0532618403255505,0.25749826322113595,False,1.0574011645831416,3.7010568589946606,29.278287189287113,-0.7554877472077615,False,True,False,True,24,40.0,True,0.46238921884503204,0.8809865950669379,True,-0.24347146302696832,True,-0.514642563823875,True,2,0,0.4937402637333915,False,0.7152952421188947,False,4,1,False,False,False,65.0,17.640148344177337,5.147834156211826,0.6687734410127318,32.0,False,3,2,4,5,-5.8428856360668195,126.26236789364616,189254539.8655365,60.069686411149824,False,0.0,0,,,,0.0,0,,,,False,False,False,False,0,,none,0,0,False,-1,0.625,risk_on,6,False
PSA,297.6498107910156,-9.007268119593991,18.62964567116365,11.099759458623005,-6.6913033200708405,0.28154864320486694,False,0.9129498813705423,3.769530775405349,11.85946295836695,-4.084822493193618,False,True,False,True,26,43.333333333333336,True,0.4122687192299882,0.8281668672347472,False,-2.371363171595431,True,1.795423052022982,True,2,0,0.4777056305105103,False,0.5289319234881786,False,5,2,True,False,False,25.0,11.295360876273618,4.173254589474833,0.21722205661917826,22.0,False,2,2,3,5,-8.841759356473656,326.51991601612093,251732184.31149292,49.54703832752613,False,0.0,0,,,,0.0,0,,,,False,False,False,False,0,,none,0,0,False,-1,0.625,risk_on,6,False
PSKY,10.146100044250488,-47.62139930743188,30.51198221133753,-45.37897818898159,-63.17004096767543,2.7805617569421472,False,1.2636844384866166,15.178245386272357,12.055759103685126,-6.314469053005323,False,True,False,False,27,45.0,True,0.434626890435213,2.0324720531267118,False,0.8760146165008168,True,-6.22827790740228,False,0,0,0.427048891691613,False,0.7681019429564222,False,3,2,True,False,False,25.0,13.402959029851749,15.178245386272357,0.12733781807980768,0.0,False,1,2,2,3,-11.696255471177375,11.489999771118164,177077949.6930914,4.7386759581881535,False,0.0,0,,,,0.0,0,,,,False,False,False,False,0,,none,0,0,False,-3,0.375,risk_on,6,False
PSLV,21.530000686645508,-40.78657776337883,48.893503664226444,48.893503664226444,31.102440885532598,0.34302949847299946,False,0.9837375681548477,7.570827258624507,-3.322854763840777,-1.4194114641782662,False,True,False,True,33,55.00000000000001,True,0.4098940951863012,1.1223921984636296,False,1.5270154551074309,True,5.435850177298418,False,1,0,0.3076928257139261,False,0.549504572812206,False,7,2,True,False,False,35.0,21.976149693402636,10.311190165133153,0.6220932338653457,15.0,False,2,3,4,4,-8.304935662724866,23.479999542236328,148082977.12966365,79.44250871080139,False,0.0,0,,,,0.0,0,,,,False,False,False,False,0,,none,0,0,False,-2,0.5,risk_on,6,False
PSN,45.125,-49.462426321744104,11.917163545496233,-44.902320928844766,-62.693383707538615,0.22225978460176618,False,0.6507181082581459,6.404439234007098,-12.259382204478154,-7.908163265306123,False,True,False,True,28,46.666666666666664,True,0.3853454489637403,1.3023159063664402,False,-2.676721081510235,True,-3.866635449103417,True,2,0,0.3879905608609997,False,0.7211688301794802,False,6,2,True,False,False,25.0,10.79088182321332,8.57618337192694,0.11422759504146285,19.0,False,1,2,3,4,-9.558265344171025,49.89400100708008,52804429.692650415,4.808362369337979,False,0.0,0,,,,0.0,0,,,,False,False,False,False,0,,none,0,0,False,-2,0.5,risk_on,6,False
PSX,266.5299987792969,-2.8007705463348964,116.48985901142099,111.54992175262493,93.75885897393108,0.49301257694200407,True,1.123688256436344,7.184930020707253,52.68721049866565,9.229131912393873,False,True,False,True,37,61.66666666666667,True,0.43566036199039565,1.3712866839959068,False,4.402588318975844,False,3.683965342971951,True,2,1,0.4263599352071384,False,1.48954664667802,True,4,1,False,False,False,25.0,16.379152231786303,8.895805936918736,0.7666882947632375,1.0,False,8,1,3,4,-3.8214479375305865,277.1199951171875,784723040.7006638,92.89198606271776,True,0.0,0,,,,0.0,0,,,,False,False,False,False,0,,none,0,0,False,-2,0.5,risk_on,6,False
PTC,135.0500030517578,-34.42582905903243,20.226120226432663,-34.42582905903243,-52.21689183772628,0.18815187543332212,False,1.0045302294954535,5.753427691136808,-9.502106199661608,-14.062991856865082,False,True,False,True,27,45.0,True,0.47289937402950966,1.64622505552678,True,-0.7285959418304835,True,-1.1708678493894342,True,2,0,0.47601906384625875,False,1.1513322378987259,False,8,1,False,False,False,25.0,20.487899424814678,9.959277507370373,0.252831364255534,15.0,False,1,1,3,3,-15.307915862508615,159.4600067138672,227560327.2400345,9.477351916376307,False,0.0,0,,,,0.0,0,,,,False,False,False,False,0,,none,0,0,False,-3,0.375,risk_on,6,False
PTCT,65.31500244140625,-27.063093003295936,12.923586219050009,7.994383160987595,-9.79667961770625,0.36542871324595416,False,0.8012844246165128,5.787336198429897,-1.6636491388157038,-6.812661072865566,False,True,False,True,20,33.33333333333333,False,0.49247959041189954,1.423183833880771,True,-3.5168872044966597,True,-1.7524080275273302,True,2,0,0.35555618818088686,False,0.4952190365211172,False,6,1,False,False,False,25.0,12.11671129084452,7.685836461484262,0.02842863412592837,23.0,False,0,1,3,4,-11.772249738747597,74.02999877929688,68403566.75863686,45.92334494773519,False,0.0,0,,,,0.0,0,,,,False,False,False,False,0,,none,0,0,False,-2,0.5,risk_on,6,False
PTEN,11.600099563598633,-11.786312546713729,133.68354398035947,126.25808492351673,108.46702214482289,0.532699786536778,True,1.0324965593302595,14.008500453731326,10.054555041998414,-5.932392599463987,False,True,False,False,25,41.66666666666667,True,0.3946980961912507,1.9465712056524722,False,0.755954631451078,True,-6.601453362792298,False,0,0,0.34969141816467675,False,0.7263775265413277,False,7,1,False,False,False,55.0,37.02200819511185,17.97398398794566,0.6389325020715978,7.0,False,6,1,4,4,-13.367443867293838,13.390000343322754,107627009.51892681,93.7979094076655,True,0.0,0,,,,0.0,0,,,,False,False,False,False,0,,none,0,0,False,-2,0.5,risk_on,6,False
PTGX,144.63499450683594,-8.816669424317869,132.53214265716474,132.53214265716474,114.7410798784709,0.41767927434537055,True,0.8816501999258912,5.223499306188474,46.777951251312835,0.21131620031311638,False,True,False,True,22,36.666666666666664,False,0.3503627572612246,1.2954216094271023,False,0.1448006505353598,True,-2.1281663949381024,True,2,0,0.46769277950553095,False,0.4736778185444179,False,8,1,False,False,False,65.0,30.868727158310723,7.470535032972005,0.6741538426543408,22.0,False,6,2,5,5,-10.058456126687144,160.80999755859375,84235799.10801391,94.07665505226481,True,0.0,0,,,,0.0,0,,,,False,False,False,False,0,,none,0,0,False,-1,0.625,risk_on,6,False
PVH,74.11499786376953,-24.923932008960836,21.87065107278503,-14.180696683689941,-31.971759462383787,0.29375982704402515,False,0.894021497918835,4.857324707925892,11.87251942083889,-2.1590394859704154,False,True,False,True,21,35.0,False,0.46526546777814143,1.7685651658441641,True,-1.6709566021730604,True,1.5134854063930003,True,2,0,0.5128221391187064,False,0.7838156275303644,False,5,1,False,False,False,25.0,17.129732955286197,10.551170370669277,0.4646776567065571,24.0,False,1,1,3,5,-9.169928785614722,81.59742348856764,80505245.33384514,23.48432055749129,False,0.0,0,,,,0.0,0,,,,False,False,False,False,0,,none,0,0,False,-1,0.625,risk_on,6,False
PWR,641.1849975585938,-18.33287246528078,65.14772850983186,65.14772850983186,47.35666573113802,0.3270511980265976,False,0.8388213997430674,6.445566113843891,13.033558195173045,6.385429661870101,False,True,False,True,22,36.666666666666664,False,0.506074790127374,1.8472444761345335,True,-0.02495566949512799,True,3.0810870109592825,True,2,0,0.47606513661758026,False,1.0469251496093956,False,3,1,False,False,False,25.0,18.087745280617305,7.239717567770171,0.36220437982031173,24.0,False,2,1,3,5,-11.536284718903545,724.7999877929688,572607487.0436127,85.43554006968641,True,0.0,0,,,,0.0,0,,,,False,False,False,False,0,,none,0,0,False,-1,0.625,risk_on,6,False
PYPL,52.625,-30.103947323087898,35.847333876053256,-21.99961212762698,-39.790674906320824,0.352640405896386,False,0.8412549804036125,3.800475059382423,16.35279149392335,-1.686574988519085,False,True,False,True,27,45.0,True,0.4506053768168262,1.3123457320101908,True,-2.6378571863281506,True,-2.6004049806405694,True,2,0,0.3738399007093417,False,0.5293967233480608,False,4,1,False,False,False,25.0,18.814792393487558,7.217102775664341,0.15484022470904615,21.0,False,1,1,3,4,-15.901505711425889,62.57543662960658,705219212.2811102,17.421602787456447,False,0.0,0,,,,0.0,0,,,,False,False,False,False,0,,none,0,0,False,-2,0.5,risk_on,6,False
Q,121.01499938964844,-31.054683934380744,64.97978639354062,,,0.35733071650292064,False,0.803194038579556,8.916250853156898,5.426840814800782,0.6947903830523572,False,True,False,False,21,35.0,False,0.40082867178047366,1.5253939218585941,False,-1.7450421171415726,True,3.2286922497055226,True,1,0,0.4904372336855259,False,0.7300889829473524,False,6,1,False,False,False,25.0,22.83715521824537,12.733961690560102,0.28013288248628454,24.0,False,1,1,3,4,-16.439717099171602,144.82358746112948,199648597.81616288,,False,0.0,0,,,,0.0,0,,,,False,False,False,False,0,,none,0,0,False,-2,0.5,risk_on,6,False
QBTS,17.71500015258789,-60.43992712036861,36.47920475608713,-34.09597951757276,-51.8870422962666,0.6197668022146445,False,0.7315533723314332,12.926897782264446,8.61435151840042,4.267218312163701,True,True,False,False,17,28.333333333333332,False,0.4276825624171624,2.4854217562544223,False,-0.6196937293300324,True,5.258468406974037,False,0,0,0.432808967257513,False,0.6325173671218003,False,4,1,False,True,False,25.0,25.965812416210188,15.071967821742202,0.34355275642878924,24.0,False,1,1,4,4,-17.0451859877083,21.354999542236328,276065574.4274751,9.547038327526131,False,0.0,0,,,,0.0,0,,,,False,False,False,False,0,,none,0,0,False,-2,0.5,risk_on,6,False
QCOM,192.97500610351562,-22.419771471357798,56.96132118067665,18.066323332195932,0.2752605535020862,0.7025572347838668,False,1.3018954888042669,8.991840630166816,51.72722329851085,18.17118306576928,False,True,False,False,22,36.666666666666664,False,0.4684921719441316,2.261065355732016,True,2.618721625326045,True,7.1190744610297285,False,0,0,0.4866040356886521,False,0.9518042336503137,False,3,0,False,False,False,55.0,27.130396458545718,11.821226064122099,0.961189376553012,51.0,True,2,3,4,4,-1.0529476009201177,195.02855459018213,2461425441.508868,57.282229965156795,False,0.0,0,,,,0.0,0,,,,False,False,False,False,0,,none,0,0,False,-2,0.5,risk_on,6,False
QGEN,44.689998626708984,-18.98467216744769,38.19530040794881,-1.8434245769164748,-19.63448735561032,0.3827336555119905,False,1.0234099308713254,5.9744870239257235,14.188724228813832,3.665038260236142,False,True,False,True,25,41.66666666666667,True,0.4417061741171375,1.2582269422431906,True,1.8721840475273173,True,6.709640608708356,False,1,0,0.4850311576042395,False,0.878773721037872,False,4,2,True,False,False,55.0,17.219416566628258,6.601022687163659,0.8928571254796958,21.0,True,2,4,5,5,-1.844937788511103,45.529998779296875,88929842.24604511,34.84320557491289,False,0.0,0,,,,0.0,0,,,,False,False,False,False,0,,none,0,0,False,-1,0.625,risk_on,6,False
QLYS,179.77999877929688,-8.219320860823764,135.93176637711676,32.62024344725272,14.829180668558873,0.2175829396394732,False,1.079002466492203,9.394815610374483,84.69283495269211,-3.8866635412185935,False,True,False,False,24,40.0,True,0.4233929695220937,2.620944643132861,False,1.0645571261100946,True,3.9731623224139367,True,1,0,0.5378249187763325,False,0.8269077989686906,False,8,2,True,False,False,25.0,21.917377562382352,21.064631980378305,0.7322024235447558,16.0,False,6,2,2,5,-5.869420593460539,190.99000549316406,129467653.26340637,69.33797909407666,False,0.0,0,,,,0.0,0,,,,False,False,False,False,0,,none,0,0,False,-1,0.625,risk_on,6,False
QRVO,117.8949966430664,-1.3513559236013606,55.08419080391964,28.411937455749346,10.6208746770555,0.37412503848804307,True,1.5357675285807584,10.72988836343707,49.68892006775785,24.453702591827575,False,True,False,False,27,45.0,True,0.5378576183773436,2.5107152479634265,True,3.8202470597169147,True,9.182249470171143,False,0,1,0.5727387257731398,False,2.0989183153868494,True,3,2,True,True,True,25.0,23.93176632547302,15.615593694655825,0.9008648670624272,1.0,True,7,4,4,4,-2.372478836106695,120.76000213623047,147314922.1511162,66.4808362369338,False,0.0,0,,,,0.0,0,,,,False,False,False,False,0,,none,0,0,False,-2,0.5,risk_on,6,False
QS,5.159999847412109,-72.01735521708967,5.629469921093944,-61.549926839962495,-79.34098961865634,0.6145105658008787,False,0.7553670883875295,8.430231698508793,-26.808514782830784,-8.021395283290133,False,True,False,False,23,38.333333333333336,False,0.34284211873757586,1.7320790773519938,False,-1.9910161675918794,True,-0.7692300638503347,True,1,0,0.3670920121270097,False,0.8196991765813784,False,5,3,True,False,False,25.0,20.942237309499784,15.891467423889024,0.20030799716248798,24.0,False,0,2,2,3,-16.74733969793235,6.197999954223633,68237738.85620499,1.4634146341463417,False,0.0,0,,,,0.0,0,,,,False,False,False,False,0,,none,0,0,False,-3,0.375,risk_on,6,False
QSR,72.68499755859375,-10.095132258365581,19.27759377210365,19.27759377210365,1.4865309934098043,0.3681443106256843,False,1.0367500933926126,7.916675310546633,-1.3399666126780674,-6.292618829610841,False,True,False,True,23,38.333333333333336,False,0.5077741283326611,1.1555202990633764,True,-1.4868069756471722,True,-7.040938324719281,False,1,1,0.35278870458624506,False,0.35732050965391043,False,2,3,True,False,False,65.0,13.830141456659653,10.493870676236462,0.24545153797229782,19.0,False,1,3,2,5,-10.435511965748102,81.15381347437282,251038122.04897422,58.606271777003485,False,0.0,0,,,,0.0,0,,,,False,False,False,False,0,,none,0,0,False,-1,0.625,risk_on,6,False
QUBT,9.0649995803833,-63.18034414548963,43.66085043719015,-61.04426556915299,-78.83532834784684,0.8985752117255303,False,0.7704950767075649,14.891338459083162,23.50135411355845,11.226993922461471,False,True,False,False,21,35.0,False,0.3573196941946029,1.7644757957616135,False,2.1566858831331808,True,13.739019059187708,False,0,1,0.48703541551115326,False,1.5730646734564233,True,5,3,True,False,False,25.0,16.88453310683396,16.54605552814991,0.9258059931347763,24.0,True,1,4,3,3,-1.252731165244536,9.180000305175781,51639225.62298079,1.5331010452961673,False,0.0,0,,,,0.0,0,,,,False,False,False,False,0,,none,0,0,False,-3,0.375,risk_on,6,False
QURE,43.97999954223633,-37.69655500232805,387.0431987019045,217.0872379604461,199.29617518175223,0.40084472592976544,False,0.973478620803006,7.628475197485179,176.2562772077231,-9.729067240771283,False,True,False,True,19,31.666666666666664,False,0.47221929936499457,2.22519312314266,True,-0.23035852034845677,True,-2.1144018617556437,True,2,0,0.4070942756444781,False,0.5782837876265102,False,6,2,True,False,False,25.0,19.43155996627253,12.0736730981353,0.22985081311860706,18.0,False,6,2,3,5,-14.96520010786182,51.720001220703125,56655149.16620483,97.35191637630662,True,0.0,0,,,,0.0,0,,,,False,False,False,False,0,,none,0,0,False,-1,0.625,risk_on,6,False
QXO,12.21500015258789,-54.8762456952543,8.385090119257521,-40.76139837324073,-58.55246115193458,0.8171027845782529,False,0.7252744637892558,9.005316529303215,-39.82758319375863,-9.65236879431023,False,True,False,False,17,28.333333333333332,False,0.5345284728624453,2.1297139977428445,True,-2.9425081226557137,True,0.867056142753464,True,1,0,0.29529184086264654,False,0.3881202305649785,False,9,3,True,False,False,25.0,22.906571000921797,19.811707294831592,0.3247734086745769,24.0,False,0,2,2,3,-15.467125855906206,14.449999809265137,187999237.21545538,6.689895470383275,False,0.0,0,,,,0.0,0,,,,False,False,False,False,0,,none,0,0,False,-3,0.375,risk_on,6,False
R,234.60499572753906,-15.97429082364915,49.04815633395432,29.9456597299256,12.154596951231756,0.32462877230727855,False,0.8057716126062408,4.143134800075421,19.126365859622616,-4.5778104835564,False,True,False,True,17,28.333333333333332,False,0.4339225436777217,0.8961598942044948,False,-4.071414983268144,True,-2.706012948676606,True,2,0,0.37410700774508493,False,0.1580001487060223,False,5,3,True,False,False,25.0,11.944427588767647,6.334051226943768,0.014640820709970923,24.0,False,1,2,3,4,-11.769551365957277,265.90026386539233,59887466.07362137,67.31707317073172,False,0.0,0,,,,0.0,0,,,,False,False,False,False,0,,none,0,0,False,-2,0.5,risk_on,6,False
RACE,418.635009765625,-15.99386633810097,34.59190768754083,-11.70238951013085,-29.493452288824695,0.4792879715859832,False,0.9869504124011508,3.377640140220408,28.650659570130088,-0.45298871465005996,False,True,False,True,29,48.333333333333336,True,0.41533250309378417,0.6062581020851345,False,1.9454521432997143,True,2.3357346990797945,True,2,0,0.5651850774674954,False,1.0879914400194268,False,7,2,True,False,False,45.0,18.49021793453482,4.2949060755373,0.7709391660691896,20.0,False,2,3,4,5,-4.235384739646975,437.1499938964844,142082335.39199218,25.365853658536587,False,0.0,0,,,,0.0,0,,,,False,False,False,False,0,,none,0,0,False,-1,0.625,risk_on,6,False
RAL,68.93499755859375,-6.30265159163006,80.0577092713365,59.35482397456022,41.56376119586638,0.21399891592264186,True,0.9453082078489291,6.992104874047198,63.26963994821166,11.796072298220261,True,True,False,True,21,35.0,False,0.41751372813567333,1.487316398662009,False,0.8684376595374088,True,5.809663766794193,False,1,1,0.5808443946685191,False,1.286162391881983,True,5,1,False,False,False,25.0,17.354914073290544,9.349392525971043,0.6916488411548999,24.0,False,6,3,6,5,-5.351407866156277,72.83256518080262,94085763.5097969,83.34494773519164,True,0.0,0,,,,0.0,0,,,,True,False,False,False,1,,sepa_vcp,6,6,True,0,0.75,risk_on,6,False
RARE,14.640000343322754,-59.93431861929259,13.664597928912613,-47.95591617456777,-65.74697895326162,0.5274809555889517,False,1.1488575024292658,15.983607224812365,-27.775036937823828,-42.83483016628564,False,True,False,False,20,33.33333333333333,False,0.3989512530474964,2.23414766195172,False,-5.365667971974788,True,7.567969967877075,False,0,0,0.41326312705044,False,0.9400957800957483,False,4,2,True,True,True,,,,,,False,0,2,3,2,,,100730827.8911374,4.041811846689895,False,0.0,0,,,,0.0,0,,,,False,False,False,False,0,,none,0,0,False,-3,0.375,risk_on,6,False
RBA,83.9000015258789,-29.092159409057317,4.1718407898649446,-28.94903382249594,-46.74009660118979,0.23567273419569104,False,0.7441500053159732,4.5411173889175185,-13.104712504407212,-2.5098722914141613,True,True,False,True,19,31.666666666666664,False,0.4294747060981585,1.1481927928003426,False,-4.766052119046632,True,-0.15470338606026202,True,2,0,0.46220826615335786,False,0.5840095348424105,False,6,1,False,False,False,25.0,9.725699087014306,8.200234956248288,0.4830152805629953,20.0,False,1,1,4,5,-5.028037813828822,88.34186384547033,151800253.30809784,12.264808362369338,False,0.0,0,,,,0.0,0,,,,False,False,False,False,0,,none,0,0,False,-1,0.625,risk_on,6,False
RBC,496.0,-23.56177644855143,34.15920896481015,30.533182183061292,12.742119404367447,0.3583322732476784,False,0.7909159631111936,6.2116930561680945,-7.66939897074187,-0.9228546926308923,True,True,False,True,19,31.666666666666664,False,0.43292811760053107,1.0954789647740408,False,-3.1947115015755423,True,3.5901511098465733,True,2,0,0.577478600565926,False,0.46870719151380164,False,5,2,True,False,False,25.0,16.184703405137483,7.104836740801411,0.26828457424525465,24.0,False,2,2,4,5,-11.842597142804456,562.6300048828125,150938978.1239868,67.66550522648083,False,0.0,0,,,,0.0,0,,,,False,False,False,False,0,,none,0,0,False,-1,0.625,risk_on,6,False
RBLX,50.92499923706055,-64.02585467975729,43.28924570964639,-62.328005624915065,-80.1190684036089,0.5215683681697202,False,0.9366825405303413,10.054006525847841,-10.406405523660144,32.16974007386633,False,True,False,False,28,46.666666666666664,True,0.32366922435741247,1.865861896386853,False,3.0079624787030474,True,-0.711642955647318,True,1,2,0.5200157841118818,False,2.3385708051012957,True,2,0,False,False,False,45.0,38.86683113046375,16.102112686870544,0.7913184987517226,44.0,False,2,3,3,4,-8.110788669068459,55.41999816894531,430463345.0943596,1.254355400696864,False,0.0,0,,,,0.0,0,,,,False,False,False,False,0,,none,0,0,False,-2,0.5,risk_on,6,False
RBRK,112.43499755859375,0.0,156.64230548766955,40.14083616372797,22.349773385034123,0.5179101133091153,True,1.0763808552237388,13.625650400214967,119.68541791357379,20.83287895869632,False,True,False,False,29,48.333333333333336,True,0.5733813480721883,3.6307423864086448,True,3.8606428433322484,True,12.210579823342194,False,0,2,0.6266222577317452,True,1.2502925053088358,True,6,2,True,False,False,25.0,24.03471469158449,24.138391051687307,0.9821296749720434,0.0,True,10,5,5,6,-0.42950816349281995,112.91999816894531,379625160.6086098,74.63414634146342,False,0.0,0,,,,0.0,0,,,,False,True,False,False,1,,power_play,6,6,True,0,0.75,risk_on,6,True
RCAT,6.954999923706055,-59.93663779274944,13.273616855743487,-33.50860517837858,-51.29966795707243,0.9708275656683014,False,0.725263928532525,20.848308054221903,-54.092408588583375,-18.08009291865911,False,True,False,False,19,31.666666666666664,False,0.46472922697023045,2.9850642911481127,True,-3.3510637069622793,True,-10.833336491869982,False,0,0,0.26693306967915775,False,0.302706833741415,False,6,4,True,False,False,25.0,38.86861509173938,31.70380945929751,0.05985917857752096,23.0,False,0,2,2,2,-36.54197171990202,10.960000038146973,60881728.03590298,9.825783972125436,False,0.0,0,,,,0.0,0,,,,False,False,False,False,0,,none,0,0,False,-4,0.25,risk_on,6,False
RCL,251.8800048828125,-26.42951004551891,4.138827477314577,-21.57367957101576,-39.3647423497096,0.5309328179117643,False,0.7352407010422589,5.216775604935735,-8.699979756838705,-9.317208440122915,False,True,False,True,16,26.666666666666668,False,0.4468702335172298,1.2166227799493405,True,-5.397872759356353,True,-0.7688618090810229,True,2,0,0.3291354522175583,False,0.2792306736182964,False,5,2,True,False,False,25.0,19.23325744083259,9.595876987910518,0.11686706544474412,24.0,False,0,2,3,4,-16.985523084779196,303.4169632123888,499466858.9242859,17.630662020905923,False,0.0,0,,,,0.0,0,,,,False,False,False,False,0,,none,0,0,False,-2,0.5,risk_on,6,False
RDDT,158.97000122070312,-39.89337771582261,30.474397569614474,-39.89337771582261,-57.68444049451645,0.6040345407600253,False,0.7331247353757387,9.404288125711611,12.776669728311084,3.901961582158897,True,True,False,False,23,38.333333333333336,False,0.46048284828484304,2.3782854502193125,True,-0.5575159250605656,True,-2.1000145089109523,True,1,0,0.4724438978093228,False,0.7199089661490747,False,6,1,False,False,False,25.0,19.552537755535955,13.449071812197394,0.4445082354588577,24.0,False,1,1,4,4,-10.861273699079977,178.33999633789062,705791122.8131088,7.247386759581882,False,0.0,0,,,,0.0,0,,,,False,False,False,False,0,,none,0,0,False,-2,0.5,risk_on,6,False
RDNT,73.94999694824219,-12.464495727114777,42.567955409740186,-3.2574639110886094,-21.048526689782456,0.44289301324547303,False,0.9085770840313756,8.363756340548125,19.77647382221226,-0.8846048206811119,False,True,False,False,24,40.0,True,0.37364334742816013,1.4033681723802018,False,1.2180035732940095,True,-2.040006569223185,True,1,0,0.42253744805607507,False,0.8034795714025325,False,5,2,True,False,False,35.0,19.180137979475713,13.103441801077793,0.619607749273088,4.0,False,1,3,3,3,-7.295975855265491,79.7699966430664,55523081.872118376,33.10104529616725,False,0.0,0,,,,0.0,0,,,,False,False,False,False,0,,none,0,0,False,-3,0.375,risk_on,6,False
RDW,11.654999732971191,-55.00000036821402,130.33596570692666,46.603773743342124,28.81271096464828,0.7780141646313243,False,0.8757439023657738,12.604031714519898,24.253726980533962,7.221709803833498,False,True,False,False,23,38.333333333333336,False,0.4473728163623615,2.6632304296557567,True,1.313828342855615,True,11.105814940631276,False,0,0,0.5075808711010273,False,0.7710648562039784,False,3,2,True,False,False,25.0,28.541221683046363,13.21321318864104,0.3740739938380854,24.0,False,2,2,2,4,-17.86469289905105,14.1899995803833,127610046.46898231,78.6759581881533,False,0.0,0,,,,0.0,0,,,,False,False,False,False,0,,none,0,0,False,-2,0.5,risk_on,6,False
REG,72.71499633789062,-11.161879834718913,12.666569417685869,7.7443216586672525,-10.046741120026592,0.38619535844857733,False,0.8956869392540803,3.011761743382052,-0.6763272136067089,-2.739189507192441,False,True,False,True,19,31.666666666666664,False,0.4458808120656156,0.5672589173189155,True,-3.8775857792671076,True,-2.435264284360117,True,2,0,0.4110764584851457,False,0.39436210854835224,False,5,2,True,False,False,35.0,9.574848109149665,4.799567721831097,0.04895647489821815,34.0,False,1,2,2,5,-9.106097298039828,79.99986157082733,91212814.4722332,45.43554006968641,False,0.0,0,,,,0.0,0,,,,False,False,False,False,0,,none,0,0,False,-1,0.625,risk_on,6,False
REGN,799.6500244140625,-6.147671218353457,44.686955103360624,35.770961157061954,17.97989837836811,0.4940226148208353,False,0.9980142719544118,3.9779899440261115,8.859046383471503,0.6874956818735622,False,True,False,True,29,48.333333333333336,True,0.4851323022120283,1.1475634346374501,True,1.7146168353038131,True,0.7445806249402054,True,2,0,0.5090358141212972,False,0.7585056563721556,False,5,2,True,False,False,45.0,25.866822266069406,6.452819860006506,0.7314695890001929,11.0,False,3,3,4,5,-6.9460284143665785,859.3400268554688,546444073.0324097,71.49825783972126,False,0.0,0,,,,0.0,0,,,,False,False,False,False,0,,none,0,0,False,-1,0.625,risk_on,6,False
RELX,33.415000915527344,-28.104618830319183,23.82702919254689,-26.988660729489766,-44.77972350818361,0.5053090514239853,False,0.925013771580326,4.099951801132982,1.559389146304646,-8.552271269024681,False,True,False,True,27,45.0,True,0.4663153407059233,0.7435839696150177,True,-1.5704661100229238,True,-6.452968159026307,False,1,0,0.4548360541384189,False,0.9498212884328279,False,7,1,False,False,False,55.0,17.962681138169017,7.481669703735652,0.29261616145749136,37.0,False,1,1,2,4,-12.706510334033116,38.27891523570841,72107940.8257122,14.006968641114984,False,0.0,0,,,,0.0,0,,,,False,False,False,False,0,,none,0,0,False,-2,0.5,risk_on,6,False
RELY,21.8700008392334,-18.75928388836683,79.2623047635173,27.819988656236717,10.028925877542871,0.28815242625552884,False,0.9920526078349032,6.447186983562703,34.83354972294643,-17.627113116050275,False,True,False,True,24,40.0,True,0.4846005086746485,2.4006557705231715,True,-2.253181529704896,True,-1.7078613967038248,True,2,0,0.28264727594030187,False,0.833780097444403,False,6,1,False,False,False,25.0,21.703849055765602,20.736166773604353,0.059524045574241714,11.0,False,3,1,3,3,-20.411948155433745,27.479000091552734,95892173.09668541,66.2020905923345,False,0.0,0,,,,0.0,0,,,,False,False,False,False,0,,none,0,0,False,-3,0.375,risk_on,6,False
REXR,38.650001525878906,-9.373767312191827,22.12078836206761,-3.4523024052625084,-21.243365183956353,0.4957324659764677,False,0.8788860022627207,4.062094780961375,14.673540530140116,4.093725865978892,False,True,False,True,26,43.333333333333336,True,0.3392423943368292,0.6224019205501512,False,1.89850039672142,True,0.5724725968151878,True,2,2,0.5686888404521342,False,1.7926467409492146,True,2,1,False,False,False,65.0,18.344630792836195,7.6843396862927325,0.8598388711814314,40.0,True,3,5,5,7,-2.571204159683793,39.66999816894531,96108573.1603775,32.752613240418114,False,0.0,0,,,,0.0,0,,,,False,True,False,False,1,,power_play,7,7,True,1,0.875,risk_on,6,False
RF,28.635000228881836,-10.724026217295279,27.592048780947987,9.693460107216634,-8.097602671477212,0.40468088928753987,False,1.055102859172148,7.717831235050027,14.696742863324586,-4.6310062253843265,False,True,False,True,25,41.66666666666667,True,0.38468135432535805,0.7991509566520058,False,-3.0132476473789866,True,-4.645356063491657,True,2,0,0.36621153574383053,False,0.32573085772209415,False,5,2,True,False,False,25.0,11.663697279364703,8.24166436699106,0.14969217489009695,24.0,False,2,2,2,5,-9.917733066356893,31.787610595962363,223546290.32866096,47.59581881533101,False,0.0,0,,,,0.0,0,,,,False,False,False,False,0,,none,0,0,False,-1,0.625,risk_on,6,False
RGA,246.83999633789062,-3.5442175743134796,38.36312487111508,34.640012943893474,16.84895016519963,0.2617149556188243,True,0.9036938593786827,3.6015230600956696,23.812305363008957,0.529446561580249,False,True,False,True,30,50.0,True,0.34247153455097823,0.5757720971486562,False,0.9105332902657348,True,-0.8873746985692321,True,2,1,0.4876206865733665,False,1.4295637752959947,True,3,1,False,False,False,65.0,20.366886440802684,4.22946143100541,0.7910789118168866,11.0,False,5,3,5,5,-4.255072078114397,257.80999755859375,71697514.42377624,70.73170731707317,False,0.0,0,,,,0.0,0,,,,False,False,False,False,0,,none,0,0,False,-1,0.625,risk_on,6,False
RGEN,180.11000061035156,-1.0547701927269837,75.0850547307251,47.26900745384965,29.477944675155808,0.47623958011732015,False,0.9387021777368272,7.761861567176159,54.8001744498623,2.1784740709231087,False,True,False,True,29,48.333333333333336,True,0.4230282008653488,1.6231479384597685,False,2.7371949298457134,True,7.208333696637825,False,1,1,0.5634709333058494,False,1.4222568384162446,True,5,2,True,False,False,25.0,14.61876594207158,11.720556175277068,0.6875680949131096,21.0,False,6,4,4,6,-4.567368893300772,188.72999572753906,163304162.75170135,79.02439024390245,False,0.0,0,,,,0.0,0,,,,False,True,False,False,1,,power_play,6,6,True,0,0.75,risk_on,6,True
RGLD,248.5399932861328,-17.97833316564741,47.928903962424904,30.789893593957316,12.99883081526347,0.42086093648690553,False,1.0318070877209948,5.496098829608977,12.0013183002728,-5.444174428418025,False,True,False,True,32,53.333333333333336,True,0.40906315509852265,1.1162467110458187,False,2.338927391016944,True,0.08053352306975903,True,2,0,0.36052646292276996,False,0.7831700243455973,False,6,3,True,False,False,35.0,27.321957928173113,10.819184081449299,0.6913430020355343,15.0,False,2,3,4,4,-8.433113512621349,271.42999267578125,174802137.3658722,67.87456445993031,False,0.0,0,,,,0.0,0,,,,False,False,False,False,0,,none,0,0,False,-2,0.5,risk_on,6,False
RGTI,16.360000610351562,-70.96201532473711,26.821713908046576,-42.63674492369067,-60.42780770238451,0.6267076734613996,False,0.8143848842789093,13.141806468942862,3.0226731262686934,4.939066390168412,False,True,False,False,20,33.33333333333333,False,0.424695884512685,2.587117256022418,False,0.4752343052197152,True,7.138180222081836,False,0,0,0.4386464818461183,False,0.6237155889835782,False,3,3,True,False,False,25.0,23.977842756990704,16.136914982619345,0.4290430649518295,24.0,False,1,2,3,4,-13.690315609598391,18.954999923706055,248999797.46157533,5.853658536585367,False,0.0,0,,,,0.0,0,,,,False,False,False,False,0,,none,0,0,False,-2,0.5,risk_on,6,False
RH,127.125,-45.41648633254045,12.649536303850706,-43.424565319739536,-61.215628098433385,0.3436401566027491,False,0.792536122277725,7.236969084162979,-2.339247301051095,-14.960870072472353,False,True,False,True,18,30.0,False,0.4431695573125154,2.291973793804855,True,-4.956198949592605,True,-5.250799929261629,False,1,0,0.24667220787789262,False,0.5137208715027366,False,6,2,True,False,False,25.0,31.33726917281684,18.627329538470995,0.04781606897252289,24.0,False,0,2,3,2,-29.83884414863891,181.19000244140625,116381243.54155731,5.365853658536586,False,0.0,0,,,,0.0,0,,,,False,False,False,False,0,,none,0,0,False,-3,0.375,risk_on,6,False
RHI,37.029998779296875,-18.32818999850996,75.44905855918994,16.6362235362846,-1.1548392424092455,0.23062879605765166,False,0.829667968243764,7.1833646640552695,54.525237880109124,-18.274116846253218,False,True,False,True,27,45.0,True,0.3896685407937255,1.5441191822004472,False,-2.1291278650615504,True,-4.389364273256824,True,2,0,0.47996557746968654,False,1.0203549611291804,False,4,3,True,False,False,25.0,21.43519740026102,16.04105492092873,0.08300145646455691,19.0,False,2,2,3,3,-19.65604479643407,46.089340119582964,83498467.36320572,55.6794425087108,False,0.0,0,,,,0.0,0,,,,False,False,False,False,0,,none,0,0,False,-3,0.375,risk_on,6,False
RHP,121.02999877929688,-11.000813375670603,45.8770151186197,32.82263903172602,15.031576253032174,0.3152763278089521,False,0.9887155859686411,3.759401055646483,34.708848193970155,-6.417693446413308,False,True,False,True,21,35.0,False,0.3924996407874688,0.9554077817891865,False,-1.6906824572788224,True,-0.9574453340132738,True,2,0,0.38752460273543204,False,0.8422630028716157,False,5,2,True,False,False,35.0,15.538140769323608,4.79220285074476,0.3220741067672595,34.0,False,3,2,3,5,-10.533707960219763,135.27999877929688,74660164.11357346,69.40766550522648,False,0.0,0,,,,0.0,0,,,,False,False,False,False,0,,none,0,0,False,-1,0.625,risk_on,6,False
RIG,5.514999866485596,-27.242745092414566,79.05844165897224,66.11445714996866,48.323394371274816,0.6183806353145407,False,1.17338281224928,9.610149515904357,-14.62848554305035,-4.913798532361047,False,True,False,False,19,31.666666666666664,False,0.5653522405853982,2.594778399286783,True,-0.10617007917951488,True,1.1926616421152447,True,1,0,0.34650455882650316,False,0.6064813038985085,False,4,3,True,False,False,35.0,19.457731960174137,10.879418298425366,0.3811473407529729,12.0,False,1,2,2,4,-12.041469166469632,6.269999980926514,236608978.01171312,85.85365853658537,True,0.0,0,,,,0.0,0,,,,False,False,False,False,0,,none,0,0,False,-2,0.5,risk_on,6,False
RIO,97.22000122070312,-11.322013780738406,63.72748361963241,63.72748361963241,45.93642084093857,0.3515467805831891,True,0.9999118536964817,3.435511134897927,15.744193997384803,-5.8857712017765795,False,True,False,True,25,41.66666666666667,True,0.5241390161436248,0.9174434916806282,True,0.01566343341592226,True,-0.4301497045992808,True,2,0,0.49997028248230313,False,0.3951226069256578,False,6,4,True,False,False,45.0,18.835783687768775,11.221974413826768,0.5219676443822775,18.0,False,4,2,4,5,-9.004114046169976,106.83999633789062,176357232.23628464,84.73867595818815,True,0.0,0,,,,0.0,0,,,,False,False,False,False,0,,none,0,0,False,-1,0.625,risk_on,6,False
RIOT,24.575000762939453,-14.34297558214852,107.73458090810108,40.75029811882543,22.95923534013158,0.9487442356518071,True,0.8108269422214197,22.5977614130849,71.01601223835594,29.410221480442033,False,True,False,False,24,40.0,True,0.4653640809333731,3.549679014555239,True,2.630871259534719,True,17.303101995168536,False,0,1,0.4862861794466701,False,1.396884439431399,True,3,2,True,False,False,45.0,30.905837524966223,22.5977614130849,0.9235121012074237,41.0,True,6,4,5,3,-2.3639225727094204,25.170000076293945,317022882.29347456,75.19163763066203,False,0.0,0,,,,0.0,0,,,,False,False,False,False,0,,none,0,0,False,-1,0.625,risk_on,6,False
RIVN,15.454999923706055,-31.15813185530386,23.639999389648448,7.475659253893774,-10.315403524800072,0.6220132457267441,False,0.8442247914142214,8.152702912338109,-1.997466866924158,-3.8270054934490205,True,True,False,False,27,45.0,True,0.3658263186136252,1.5869715807719447,False,-1.0942111715547023,True,-2.553592318652298,True,1,0,0.33924258550576314,False,0.4000408034218818,False,6,2,True,False,False,25.0,16.05946346746517,12.81138500168644,0.3829400711984237,19.0,False,1,2,4,3,-9.909651383825569,17.155000686645508,327637865.2323454,45.01742160278746,False,0.0,0,,,,0.0,0,,,,False,False,False,False,0,,none,0,0,False,-2,0.5,risk_on,6,False
RJF,164.9199981689453,-8.974497827656357,17.912873269863596,-3.9571116960742336,-21.748174474768078,0.21944294068759387,False,1.0454800990586182,5.566340065785255,14.224036302459474,-8.050848791407095,False,True,False,True,26,43.333333333333336,True,0.504880303011764,1.0070670514137654,True,-2.3225126448178073,True,-3.4426257480983047,True,2,0,0.3069835422834901,False,0.6901078251300594,False,6,1,False,False,False,65.0,20.03549132819953,9.980600834718317,0.5135322898071008,31.0,False,2,1,2,5,-9.746619589018913,182.72999572753906,214341063.45645905,32.19512195121951,False,0.0,0,,,,0.0,0,,,,False,False,False,False,0,,none,0,0,False,-1,0.625,risk_on,6,False
RKLB,69.67500305175781,-53.62111094103859,76.48177269409133,45.794102776674904,28.00303999798106,1.0552666035663405,False,0.7171598158593856,11.869393750324393,2.4632397819967844,8.207802006842414,True,True,False,False,21,35.0,False,0.4395433452601902,2.2782226531565724,False,0.002589023583910391,True,11.39089352774243,False,0,0,0.47188709101846793,False,1.1002640814402078,False,5,2,True,False,False,25.0,29.269437565157524,13.634737565264581,0.36601449676093567,24.0,False,2,2,3,3,-18.55639910427077,85.55000305175781,1171256212.48246,78.397212543554,False,0.0,0,,,,0.0,0,,,,False,False,False,False,0,,none,0,0,False,-3,0.375,risk_on,6,False
RKT,12.505000114440918,-46.65102461806037,1.7493909947537079,-39.02974171189141,-56.82080449058526,0.47403318981792203,False,0.8826977881592284,10.555775151891986,-12.307153480168854,-9.186639805879837,False,True,False,False,21,35.0,False,0.4599656196865286,1.9423714852239184,True,-2.065357356632359,True,-6.9568414816551405,False,0,1,0.35287487078915064,False,0.4324196507219285,False,2,2,True,False,False,25.0,19.615639550801074,15.633745748217933,0.12668918755648345,22.0,False,0,3,2,3,-17.130550112709265,15.09000015258789,370195379.1816775,7.804878048780488,False,0.0,0,,,,0.0,0,,,,False,False,False,False,0,,none,0,0,False,-3,0.375,risk_on,6,False
RL,339.79449462890625,-17.773066997414155,13.394231820939861,9.924720861209702,-7.866341917484144,0.3954257442930301,False,0.8024000607570919,4.64987472142604,0.7224099231020853,-4.023701720764173,False,True,False,True,16,26.666666666666668,False,0.5215327776533721,1.499627584424335,True,-2.9204337432742813,True,-0.47901417038896943,True,2,0,0.4756451972035435,False,0.4567153504156017,False,7,2,True,False,False,25.0,14.430883531018182,7.969527911103495,0.15883358432005565,24.0,False,0,2,3,4,-12.138774574881307,386.739990234375,233629452.7914978,48.22299651567945,False,0.0,0,,,,0.0,0,,,,False,False,False,False,0,,none,0,0,False,-2,0.5,risk_on,6,False
RLAY,18.184999465942383,-12.36144835690418,315.1826253608122,290.2360528196426,272.44499004094877,0.3663916121479033,False,0.8090461470365382,9.018429173278406,85.18329970546807,-3.116680754151613,False,True,False,False,24,40.0,True,0.4175382620102,1.7833931193791372,False,-1.440817054740524,True,-4.590766130731039,True,1,0,0.40511588913170693,False,0.5982449501753818,False,6,1,False,False,False,45.0,16.737194624702486,9.018429173278406,0.13342702197629103,22.0,False,6,1,3,5,-14.504000589690847,21.270000457763672,62338336.23607864,98.32752613240419,True,0.0,0,,,,0.0,0,,,,False,False,False,False,0,,none,0,0,False,-1,0.625,risk_on,6,False
RMBS,97.27999877929688,-42.99777528898802,22.011783122340823,-4.953590396101626,-22.744653174795474,0.974555286204483,False,0.7296069668780493,18.21546200972434,4.2099629024260565,13.432831571956827,False,True,False,False,22,36.666666666666664,False,0.34750249030773295,1.4900529442661115,False,1.0268459651816209,True,21.01007528036294,False,0,1,0.5822277354302503,False,1.6745709551689436,True,4,1,False,False,False,25.0,23.1581985102345,18.616365992600866,0.716714987218945,24.0,False,1,2,2,3,-6.560370560957995,104.11000061035156,208226830.10047263,31.010452961672474,False,0.0,0,,,,0.0,0,,,,False,False,False,False,0,,none,0,0,False,-3,0.375,risk_on,6,False
RMD,224.7100067138672,-19.836409957215515,23.265967512535358,-16.87565448040521,-34.66671725909906,0.23776262427370268,False,0.9149435780502957,4.708291359951163,-0.8531896097048186,-6.499394581691853,False,True,False,True,28,46.666666666666664,True,0.4353361611927802,1.1214135522859188,False,1.008664488303661,True,0.771335565869502,True,2,1,0.4867445528027428,False,1.3157912422273634,True,4,3,True,False,False,45.0,21.75506138027798,8.246183180837118,0.6645447441416288,13.0,False,1,4,4,4,-7.297849681535718,242.39999389648438,316024296.4153763,21.254355400696863,False,0.0,0,,,,0.0,0,,,,False,False,False,False,0,,none,0,0,False,-2,0.5,risk_on,6,False
RNG,76.41500091552734,0.0,209.5283762964435,146.07605622504713,128.28499344635327,0.4173439230366812,True,1.081080858607547,8.439708714183206,98.46744479382127,10.139815423187848,False,True,False,False,30,50.0,True,0.5026917317216647,2.2409335508914685,True,4.40347532579413,False,5.662335782609507,False,0,1,0.5289964041120399,False,1.711811017612151,True,4,1,False,False,False,25.0,19.332901180398043,11.410325236946536,0.8981422393924429,11.0,True,11,3,6,5,-1.9692060202825434,77.94999694824219,100918738.300626,95.05226480836238,True,0.0,0,,,,0.0,0,,,,True,False,False,False,1,,sepa_vcp,6,6,True,0,0.75,risk_on,6,False
RNR,327.07000732421875,-3.104982357623287,41.795866466384894,35.12676435825022,17.335701579556375,0.4136639446027943,True,0.8876872283126775,3.0177104025871873,11.83130209632759,-0.9868399171933273,False,True,False,True,26,43.333333333333336,True,0.29162874345924145,0.5141514298558091,False,0.4952447160827195,True,-0.9509052457870704,True,2,0,0.5095572338385322,False,1.0355594737041671,False,3,2,True,False,False,65.0,13.184807462272518,4.719415571795977,0.7154725490972258,11.0,False,5,3,5,5,-3.75143965788427,339.8180774461952,88151781.04410401,71.01045296167247,False,0.0,0,,,,0.0,0,,,,False,False,False,False,0,,none,0,0,False,-1,0.625,risk_on,6,False
ROAD,95.43499755859375,-32.065062314146196,2.0585984155564896,-28.604025685723734,-46.39508846441758,0.6691147995799898,False,0.7606101280996926,4.945776016607754,-14.957229976408836,-13.319710371271565,True,True,False,True,15,25.0,False,0.43692333183388576,1.8302787304919583,False,-2.868186697958205,True,-1.5220369907924525,True,2,0,0.3698849000033393,False,0.47844279524687916,False,8,2,True,False,False,25.0,23.754381395948414,12.13915165383629,0.06642628702502562,24.0,False,0,2,4,3,-22.176466039239216,122.62999725341797,52767694.48618774,12.543554006968641,False,0.0,0,,,,0.0,0,,,,False,False,False,False,0,,none,0,0,False,-2,0.5,risk_on,6,False
ROIV,39.224998474121094,-6.182738135046484,166.83672777599838,160.8045117926205,143.01344901392665,0.2824368630968329,True,1.2514750361355271,6.169530307418417,40.44037968324765,13.007777322783621,False,True,False,True,22,36.666666666666664,False,0.37114283596657954,1.4971019197328148,False,1.727681986088772,True,-4.375918975161408,True,2,0,0.39794854899607235,False,0.4975643781422686,False,4,2,True,True,True,25.0,21.341175752527576,10.4270243765243,0.6389193345014355,9.0,False,7,3,5,5,-7.705885943244484,42.5,392231743.28536606,95.67944250871079,True,0.0,0,,,,0.0,0,,,,False,False,False,False,0,,none,0,0,False,-1,0.625,risk_on,6,False
ROK,423.1600036621094,-14.263651890111406,28.48554187427881,23.28804893144514,5.496986152751294,0.464607425441266,False,0.8686670479566558,4.428582586301981,18.98747809333521,-1.7871192385550239,True,True,False,True,21,35.0,False,0.40642651247471323,0.8810131553595724,False,-1.7502133383335028,True,1.0290074002120342,True,2,0,0.4691635126177799,False,0.7517564108874342,False,7,3,True,False,False,25.0,10.506056600579813,6.87210188122737,0.3399621932030815,24.0,False,0,2,3,4,-6.934394556730994,454.69000244140625,301369977.77680814,62.22996515679442,False,0.0,0,,,,0.0,0,,,,False,False,False,False,0,,none,0,0,False,-2,0.5,risk_on,6,False
ROKU,154.14999389648438,-3.5115177786961715,85.87964949864309,51.45411254204113,33.66304976334729,0.4084382543459007,True,1.1223075029707874,3.052223170514178,57.60146993576987,-2.2356169887729926,True,True,False,True,26,43.333333333333336,True,0.4923453581292125,0.6921341045399744,True,1.2181352664684402,True,-2.095905440279311,True,2,0,0.5310846055365559,False,0.44262174514773395,False,8,3,True,False,False,65.0,15.967226766372564,3.777488340859287,0.7751662449032773,18.0,False,6,3,5,5,-3.589971552364446,159.88999938964844,355944398.50338745,80.2787456445993,True,0.0,0,,,,0.0,0,,,,False,False,False,False,0,,none,0,0,False,-1,0.625,risk_on,6,False
ROL,32.64500045776367,-49.67100894862717,0.6629668534217537,-40.336466235132725,-58.127529013826575,0.4954817815267976,False,0.7987753107427363,10.170015486654052,-38.139506305364634,-10.26663139277655,False,True,False,False,18,30.0,False,0.4779011066563822,1.1306297517769353,True,-5.860616483737609,True,-7.5474392859785855,False,0,0,0.27046617778594817,False,0.4758404340402215,False,6,1,False,False,False,25.0,15.50490445917187,11.548483113026634,0.13076944395085235,19.0,False,0,1,2,4,-13.477336724534872,37.72999954223633,185273900.4949936,6.968641114982578,False,0.0,0,,,,0.0,0,,,,False,False,False,False,0,,none,0,0,False,-2,0.5,risk_on,6,False
ROP,368.8699951171875,-28.55822774799576,17.496834414968966,-26.2585284188914,-44.049591197585244,0.4922078991543407,False,0.8534608184243612,6.251524348373129,4.882242398983938,-13.45143487748074,False,True,False,True,27,45.0,True,0.4031442392809441,0.8725981939404635,False,-2.1319742233157566,True,-6.522893791307116,False,1,0,0.3676222155940151,False,0.4409002818788819,False,6,3,True,False,False,25.0,14.69506610472459,10.000809124943784,0.03801669112713449,11.0,False,1,2,2,3,-14.136408315528449,429.6000061035156,308825092.43083495,14.634146341463413,False,0.0,0,,,,0.0,0,,,,False,False,False,False,0,,none,0,0,False,-3,0.375,risk_on,6,False
ROST,232.32000732421875,-8.800288382625954,61.92262783612481,60.25002049788333,42.458957719189485,0.40135956977317044,False,0.867548112920204,4.377588286462738,9.449240140109305,1.8459920692257104,True,True,False,True,26,43.333333333333336,True,0.45376169721930926,1.1013495639418631,True,-0.9217846295765466,True,0.9911381084288129,True,2,0,0.510382522999614,False,0.8998115062883622,False,6,1,False,False,False,55.0,18.677046368451716,4.377588286462738,0.495187806815818,34.0,False,4,1,4,6,-9.428400739460773,256.5042565450617,487238071.57718503,83.83275261324042,True,0.0,0,,,,0.0,0,,,,False,True,False,False,1,,power_play,6,6,True,0,0.75,risk_on,6,False
RPM,99.37999725341797,-17.196986402782287,7.711418616737364,-17.196986402782287,-34.98804918147613,0.14190484226768085,False,0.7869540598809377,3.87402516594778,4.201886442735758,-6.816694016358593,False,True,False,True,22,36.666666666666664,False,0.45713157423777107,1.1232599078923984,True,-2.963921785989222,True,-1.418510405522655,True,2,0,0.4227541113240032,False,0.1832270298224444,False,4,1,False,False,False,25.0,13.974337929745198,6.802175813099021,0.09433961358799833,22.0,False,0,1,3,4,-12.656004289304922,113.77999877929688,162757643.1697735,21.045296167247386,False,0.0,0,,,,0.0,0,,,,False,False,False,False,0,,none,0,0,False,-2,0.5,risk_on,6,False
RPRX,58.935001373291016,-7.856469329439908,72.14307386133383,65.77794760331388,47.986884824620034,0.5589915001836818,False,1.1011912628780385,2.3415644964091618,30.309174231682334,-3.147078305424289,False,True,False,True,28,46.666666666666664,True,0.40310206481633043,0.8971772119323379,False,-0.1956002224305673,True,-0.19474659653738735,True,2,2,0.5442473132533994,False,1.470160414571285,True,2,2,True,False,False,65.0,20.868687508128005,5.277000997510786,0.5947234590206402,10.0,False,4,4,4,6,-8.457589488073292,64.37999725341797,190325775.1065201,85.71428571428571,True,0.0,0,,,,0.0,0,,,,False,True,False,False,1,,power_play,6,6,True,0,0.75,risk_on,6,False
RRC,37.630001068115234,-20.630447189183798,13.395138959776576,10.151293226616232,-7.639769552077613,0.4580952188088536,False,1.0456511284849772,13.632742286744188,-15.392405276087494,-9.020580880548367,False,True,False,False,27,45.0,True,0.4591917013711835,1.3122963738110047,True,-1.7554851395274504,True,-7.950097639637466,False,0,0,0.3520841869445023,False,0.8099137276596129,False,4,2,True,False,False,55.0,19.01998114717879,14.345235674425409,0.34799377789203645,11.0,False,1,2,2,3,-12.401146052336731,42.95718422366304,98234916.81358337,48.57142857142857,False,0.0,0,,,,0.0,0,,,,False,False,False,False,0,,none,0,0,False,-3,0.375,risk_on,6,False
RRR,49.83000183105469,-25.560856422191968,0.0,-15.244386576563551,-33.0354493552574,0.8503212928568379,False,0.8441144254434395,10.616096169257109,-13.43855649419764,-12.115560460063612,False,True,False,False,19,31.666666666666664,False,0.449840729432059,1.3461386664588946,True,-6.78628997036021,True,-8.552020949542527,False,0,0,0.21226827141848775,False,0.11952778146146163,False,6,3,True,False,False,25.0,21.789989974400854,14.645192881298168,0.004327119179246791,23.0,False,0,2,2,2,-21.69570209086703,63.63635606423437,52485650.36723633,22.926829268292686,False,0.0,0,,,,0.0,0,,,,False,False,False,False,0,,none,0,0,False,-4,0.25,risk_on,6,False
RRX,150.69500732421875,-36.7332777280234,17.75142478960734,5.941713728878328,-11.849349049815517,0.31370218076510775,False,0.7323632207435038,7.312786580083248,-17.78171296159472,-4.2780827446475485,False,True,False,True,19,31.666666666666664,False,0.430681553883835,1.5695325741156305,False,-4.857222707151725,True,-2.063422300462592,True,2,0,0.32027219088613423,False,0.47138705242393447,False,7,2,True,False,False,25.0,17.91498046919576,13.67663134718814,0.14799157270410546,24.0,False,0,2,3,4,-15.263714334596145,177.83999633789062,193576154.0679245,42.926829268292686,False,0.0,0,,,,0.0,0,,,,False,False,False,False,0,,none,0,0,False,-2,0.5,risk_on,6,False
RS,386.42999267578125,-9.716835055701601,47.49564503306629,36.22588567000504,18.434822891311196,0.2158177023142798,False,0.9366556105220207,5.809593621752606,33.29559837938303,-0.29928627494764104,True,True,False,True,22,36.666666666666664,False,0.42218394221641037,1.1827296325736405,False,-1.2100408374269216,True,0.5725689369775466,True,2,0,0.39890261568391694,False,0.6662266049856528,False,4,3,True,False,False,65.0,15.246917436248392,6.668742079984281,0.29973995303071654,23.0,False,3,2,4,5,-10.676807120044085,432.6199951171875,120158906.05774994,71.84668989547038,False,0.0,0,,,,0.0,0,,,,False,False,False,False,0,,none,0,0,False,-1,0.625,risk_on,6,False
RSG,215.5,-6.684869372766478,9.305183801016547,-3.946619841775556,-21.7376826204694,0.4092329675998257,False,0.8677725033568943,5.002319619163283,0.006025991638525241,-2.9760031480741467,False,True,False,True,21,35.0,False,0.38541559867662173,0.541295625804138,False,-0.7653521310611603,True,-4.582690203148287,True,2,0,0.37897978790126674,False,0.6768597841567511,False,7,1,False,False,False,65.0,11.244130351329673,5.716940753697796,0.504312944281686,45.0,False,1,1,2,5,-5.573569867963535,228.22000122070312,369092481.0022484,32.264808362369344,False,0.0,0,,,,0.0,0,,,,False,False,False,False,0,,none,0,0,False,-1,0.625,risk_on,6,False
RSI,22.100000381469727,-35.979142269972485,39.08118252971919,0.36330573134866206,-17.42775704734518,0.9918690947866238,False,0.8919184020757843,21.108601063368422,1.6091971561826401,-16.319573990322134,False,True,False,False,21,35.0,False,0.3733952149134051,1.7053218373936185,False,-4.7097211031065465,True,-15.713192371390905,False,0,0,0.2415076477750086,False,0.5493223194368272,False,3,1,False,False,False,25.0,20.11619728161967,25.067877013126616,0.018050607390596014,7.0,False,0,1,2,2,-19.75308770229738,27.540000915527344,63048751.35724068,37.21254355400696,False,0.0,0,,,,0.0,0,,,,False,False,False,False,0,,none,0,0,False,-4,0.25,risk_on,6,False
RTX,194.76499938964844,-13.625883788648485,25.895448178290902,24.908907573945992,7.117844795252147,0.32712622114895273,False,0.841086772403939,3.332223712423866,0.7216794133955817,-8.003876428533896,False,True,False,True,24,40.0,True,0.399985938863786,0.7965624053641316,False,-3.3823363131349584,True,-0.2943569975539351,True,2,0,0.541418912719106,False,0.6941841897128415,False,5,2,True,False,False,45.0,16.350492083370323,5.427056892841566,0.14517203912655957,22.0,False,1,2,3,4,-13.976857806904786,226.41000366210938,771856592.0345856,63.97212543554007,False,0.0,0,,,,0.0,0,,,,False,False,False,False,0,,none,0,0,False,-2,0.5,risk_on,6,False
RUM,9.335000038146973,-8.748773647488395,99.89293117003788,21.391417018026605,3.600354239332759,0.5284099705086253,True,1.138603300920019,18.9609046655668,76.79923612135254,3.953235122573706,False,True,False,False,25,41.66666666666667,True,0.42793288811946784,3.5755018230261912,False,3.0066689273012632,True,16.687500476837158,False,0,1,0.5137777681743212,False,2.639575735537581,True,4,2,True,True,False,25.0,34.07267619188809,25.33476420236611,0.650969478592456,18.0,False,6,3,3,5,-11.892403937005113,10.595000267028809,53239881.85146093,60.69686411149826,False,0.0,0,,,,0.0,0,,,,False,False,False,False,0,,none,0,0,False,-1,0.625,risk_on,6,False
RUN,8.743399620056152,-59.16207528085062,5.724294269513197,-47.26538202479208,-65.05644480348593,0.7371924844267922,False,0.809745923511829,8.349149918320213,-29.20324412965214,-0.41685779075363305,False,True,False,False,18,30.0,False,0.4360839138945331,2.015959263233861,False,-2.2601063177738885,True,4.962781514242498,True,1,0,0.4431052891927324,False,0.8260708437879163,False,5,2,True,False,False,25.0,21.1464322796151,13.839011033779123,0.2543960264578402,24.0,False,0,2,2,3,-15.766863933921215,10.380000114440918,60907540.907812215,4.181184668989547,False,0.0,0,,,,0.0,0,,,,False,False,False,False,0,,none,0,0,False,-3,0.375,risk_on,6,False
RVMD,193.18499755859375,-12.645262088942422,354.4460249031272,343.6954375205344,325.90437474184057,0.5350425875479187,False,0.9044109651627383,9.741961105706757,99.92238750866824,-7.068985462311639,False,True,False,False,27,45.0,True,0.3750124770438231,1.5837900381183934,False,-0.8665577384150321,True,-5.81395495893533,False,0,0,0.42112817227042265,False,0.8508386794661672,False,4,1,False,False,False,35.0,19.691497770805924,12.847792343031578,0.2953361718297938,16.0,False,6,1,3,4,-13.875886201581189,224.30999755859375,405598584.31462705,98.81533101045297,True,0.0,0,,,,0.0,0,,,,False,False,False,False,0,,none,0,0,False,-2,0.5,risk_on,6,False
RVTY,143.6649932861328,-2.088872439618694,74.75696565436307,66.12340136581345,48.33233858711961,0.44357959433319577,True,1.1933828296466378,14.512934310997641,65.06143721274375,11.541141212862826,False,True,False,False,26,43.333333333333336,True,0.4981906642844421,1.7721357355856122,True,4.714213296999559,False,11.810247602313396,False,0,0,0.5125934689087878,False,1.1485785305759169,False,4,1,False,True,True,25.0,23.9633499245786,19.921347637959734,0.8365891519086261,2.0,False,8,0,3,3,-3.9158713342857476,149.52000427246094,258564022.8147339,85.92334494773519,True,0.0,0,,,,0.0,0,,,,False,False,False,False,0,,none,0,0,False,-3,0.375,risk_on,6,False
RY,205.88999938964844,-4.930791410660829,45.18661514645568,41.61758109169285,23.826518312999003,0.23805750378665055,False,0.91261793740155,2.549905296791193,28.875304430165084,0.812810897927041,False,True,False,True,26,43.333333333333336,True,0.402222202821036,0.6241289714809152,False,-0.9672137037520357,True,0.3558177590702982,True,2,0,0.5083392602580666,False,0.8154284566672079,False,6,1,False,False,False,65.0,8.645820114976065,4.900673353636389,0.35197841066387364,24.0,False,5,1,3,6,-5.602678092021041,218.11000061035156,218309488.71741945,75.81881533101046,False,0.0,0,,,,0.0,0,,,,False,True,False,False,1,,power_play,6,6,True,0,0.75,risk_on,6,False
RYAAY,54.095001220703125,-26.23505108992109,4.128970984142688,-2.3959744468670663,-20.18703722556091,0.5856603773584905,False,0.7953625282921386,4.676954842786101,-8.777399803243958,-3.6255118629742844,False,True,False,True,22,36.666666666666664,False,0.46186074000585475,0.9197290987118115,True,-2.853474449483759,True,1.7588438223754777,True,2,0,0.5769158157936174,False,0.7008494040615888,False,5,0,False,False,False,25.0,12.213349341195226,6.266751664941314,0.33588336255812906,24.0,False,0,1,3,4,-8.11108849637746,58.869998931884766,71965227.06486396,34.355400696864116,False,0.0,0,,,,0.0,0,,,,False,False,False,False,0,,none,0,0,False,-2,0.5,risk_on,6,False
RYAN,40.189998626708984,-30.42658458215901,37.73951871421097,-23.609067402107044,-41.400130180800886,0.445385071845694,False,0.8722820326891603,5.100769612114848,17.032792412106556,-8.388421232673327,False,True,False,True,27,45.0,True,0.37387242569857404,1.3227782051010915,False,-1.3104775928873527,True,1.259763208113407,True,2,0,0.4598459481154987,False,0.7441994822156487,False,6,2,True,False,False,25.0,16.62931050328443,10.624534968075283,0.40296477110782536,18.0,False,1,2,3,4,-9.928284202647465,44.619998931884766,73733916.6899519,16.02787456445993,False,0.0,0,,,,0.0,0,,,,False,False,False,False,0,,none,0,0,False,-2,0.5,risk_on,6,False
RYN,20.094999313354492,-16.752619800637405,5.655626323131369,-12.834714058644058,-30.625776837337902,0.440725774634434,False,0.8782784962212201,3.433683255965246,2.603825149118144,-0.1267804986301524,False,True,False,True,21,35.0,False,0.4583105741690326,1.0150773560344097,True,-1.8280833403548866,True,0.5143750240897083,True,2,0,0.5242800899233389,False,1.013335788121869,False,4,3,True,False,False,25.0,7.749074955008912,3.606126216138044,0.2108098464577232,21.0,False,0,2,3,4,-6.115493653554093,21.403956941735796,70828532.03523064,24.3205574912892,False,0.0,0,,,,0.0,0,,,,False,False,False,False,0,,none,0,0,False,-2,0.5,risk_on,6,False
RYTM,99.29000091552734,-15.584085532243662,30.954894902624595,3.3624853623001494,-14.428577416393697,0.5832221024893373,False,0.8661487216490733,5.901904075252308,17.294742026877287,-7.352801519130159,False,True,False,True,22,36.666666666666664,False,0.3715355723019742,1.3792802399392188,False,-2.052719222933147,True,-3.0749721308144684,True,2,0,0.41792946773987333,False,0.7567614557003046,False,8,2,True,False,False,25.0,18.738905102221377,10.50458274650363,0.14208397771955072,22.0,False,0,2,2,4,-16.07640692718858,118.30999755859375,55746630.97570648,39.930313588850176,False,0.0,0,,,,0.0,0,,,,False,False,False,False,0,,none,0,0,False,-2,0.5,risk_on,6,False
S,23.53499984741211,-1.2793636880185755,97.11055841307311,23.21989202809176,5.428829249397914,0.45999468053667475,True,1.1155093843150132,8.939877226232863,63.664809875609166,9.261833087698012,False,True,False,False,25,41.66666666666667,True,0.44668443718248,2.5288505440063695,True,2.39337438605169,True,4.0911066434781596,True,1,2,0.48829287711087516,False,1.3947481864759297,True,2,3,True,True,False,25.0,21.377034200559034,22.031015506943042,0.8611380159084296,2.0,True,7,5,5,5,-2.9684573830829897,24.2549991607666,203316114.99839783,62.02090592334495,False,0.0,0,,,,0.0,0,,,,False,False,False,False,0,,none,0,0,False,-1,0.625,risk_on,6,False
SAIA,342.5050048828125,-29.69064445876124,36.739464518106324,10.471228049004111,-7.319834729689735,0.20837984286101327,False,0.8712393328085344,6.759023537307172,3.953196995924846,-2.7664996784066753,True,True,False,True,22,36.666666666666664,False,0.42354080599991534,1.7689149039266667,False,-2.3721016256455467,True,-2.4285656286157753,True,2,0,0.4526458088316052,False,1.0555723056721622,False,5,2,True,False,False,25.0,16.680360250940414,7.421784367458704,0.2758543441046558,24.0,False,0,2,4,4,-12.079010414487879,389.55999755859375,124773272.72341461,48.919860627177705,False,0.0,0,,,,0.0,0,,,,False,False,False,False,0,,none,0,0,False,-2,0.5,risk_on,6,False
SAIC,134.44000244140625,0.0,64.68597242305385,31.282000850065515,13.49093807137167,0.1986952815152526,True,0.9161294482611935,4.6042861715240395,39.77990359875352,6.732298680985727,False,True,False,True,30,50.0,True,0.40314785176506585,1.5060136154509665,False,2.8908503370867638,True,1.840775725844357,True,2,1,0.692717490733426,True,1.0659087269815852,False,4,0,False,False,False,35.0,17.49614893673004,8.702770280546519,0.6706731166007144,14.0,False,8,3,5,6,-5.761952200823028,142.66000366210938,68229315.12136841,68.08362369337979,False,0.0,0,,,,0.0,0,,,,False,True,False,False,1,,power_play,6,6,True,0,0.75,risk_on,6,False
SAIL,19.950000762939453,-15.57341738689999,90.18113630342735,-12.269125049518514,-30.06018782821236,0.5936600737423111,False,1.2198440734051121,8.446112288238897,59.09091565891404,0.6051479561023143,False,True,False,False,26,43.333333333333336,True,0.4975112294416498,2.9992813572812795,True,1.6482810565097916,True,0.3521207501406831,True,1,1,0.5063341030088588,False,1.766950906697505,True,6,2,True,True,True,25.0,22.20921592659783,20.977440129810606,0.7017915012223916,16.0,False,3,3,3,4,-6.622976940498493,21.364999771118164,86115681.60692024,24.5993031358885,False,0.0,0,,,,0.0,0,,,,False,False,False,False,0,,none,0,0,False,-2,0.5,risk_on,6,False
SAN,14.60990047454834,-2.924250568830289,53.26454186184573,44.43387245752592,26.642809678832077,0.3518307720384082,True,1.0225835988389256,3.764571782627878,32.64599458145694,-0.40967690138409285,False,True,False,True,30,50.0,True,0.4300163450569687,0.5531654193851504,False,0.8419324566957563,True,-0.8826275345318768,True,2,0,0.576354389513992,False,1.0238340972025846,False,3,0,False,False,False,45.0,12.624588359635206,4.722821908235018,0.7683686401863178,11.0,True,6,3,6,5,-2.924250568830289,15.050000190734863,139270456.5672823,77.63066202090593,False,0.0,0,,,,0.0,0,,,,True,False,False,False,1,,sepa_vcp,6,6,True,0,0.75,risk_on,6,False
SANM,204.4600067138672,-27.681095843566762,80.71416635748534,72.83178481780195,55.040722039108104,0.6966962365825419,False,0.8563473875092686,8.206931143877032,55.61306618742214,5.386326737235714,False,True,False,False,20,33.33333333333333,False,0.45597055133282327,2.1557925987558195,True,0.4927574129180126,True,4.295048824779757,True,1,2,0.49383533062701607,False,2.163809050772627,True,2,0,False,False,False,25.0,17.404398784282403,14.457593948904476,0.6151024407261647,6.0,False,4,4,5,5,-6.698910612698805,219.13999938964844,113046764.66773224,87.38675958188153,True,0.0,0,,,,0.0,0,,,,False,False,False,False,0,,none,0,0,False,-1,0.625,risk_on,6,False
SAP,209.44500732421875,-24.022692582068316,43.08307168857812,-20.16562236634788,-37.956685145041725,0.6082735696877859,False,0.9251751060116667,4.593088773081062,19.603687291267157,-5.459504526703052,True,True,False,True,30,50.0,True,0.5167170979128431,1.1387145251838722,True,2.1598064462417246,True,-4.047549708854081,True,2,1,0.3669572001048843,False,1.3779845901612495,True,4,3,True,False,False,45.0,35.07255373823249,7.137910394349838,0.8233304573311168,14.0,False,1,4,5,4,-6.196252029163363,223.27999877929688,457488938.48053586,18.67595818815331,False,0.0,0,,,,0.0,0,,,,False,False,False,False,0,,none,0,0,False,-1,0.625,risk_on,6,False
SARO,22.725000381469727,-31.385866200640876,1.9058347934957087,-17.603334139472825,-35.39439691816667,0.43251027724698465,False,0.804099349342427,6.556654548323484,-13.06426582982656,-9.136344768095462,False,True,False,True,21,35.0,False,0.42230535481418197,1.2444834659942603,False,-5.150278988941787,True,-3.7076270587140914,True,2,0,0.35413424589941217,False,0.12146203762564435,False,7,2,True,False,False,25.0,20.007173520127782,14.825079976448757,0.0780268260514796,24.0,False,0,2,3,4,-18.446077272091,27.864999771118164,84921475.03068256,20.557491289198605,False,0.0,0,,,,0.0,0,,,,False,False,False,False,0,,none,0,0,False,-2,0.5,risk_on,6,False
SBAC,178.69000244140625,-19.1015573324012,9.603554970535445,-7.959692122424489,-25.750754901118334,0.3535760487895029,False,0.9366535397971475,4.633722461340246,5.250770104919766,-6.420526160133466,False,True,False,True,20,33.33333333333333,False,0.42264082315388823,1.0917811257002368,False,-0.760071641560598,True,-2.392530019980532,True,2,0,0.3610910006845613,False,0.7421563052632607,False,7,1,False,False,False,35.0,12.501938649884844,8.204145840854991,0.36003361486279867,11.0,False,0,1,3,4,-8.00082048497387,194.22999572753906,164889393.53101808,27.94425087108014,False,0.0,0,,,,0.0,0,,,,False,False,False,False,0,,none,0,0,False,-2,0.5,risk_on,6,False
SBET,9.854999542236328,-48.77858804847798,116.11841372588327,-43.13329725549811,-60.92436003419195,1.1197684857754242,False,1.3732930231279532,23.389141911776946,31.225023194222178,20.182924042281257,False,True,False,False,27,45.0,True,0.48511393939274616,3.2336724436408595,True,3.870709184476065,True,7.70491752019653,False,0,2,0.46311711410586776,False,2.9598763755845408,True,1,0,False,True,True,25.0,39.10034615125699,23.389141911776946,0.934260370695987,0.0,True,3,4,5,4,-2.570442261642225,10.114999771118164,79613552.2004486,5.435540069686411,False,0.0,0,,,,0.0,0,,,,False,False,False,False,0,,none,0,0,False,-1,0.625,risk_on,6,False
SBLK,31.915000915527344,-1.7395278161080996,103.8919770439155,73.77391453173952,55.98285175304568,0.47134611793755593,True,0.9853546598388719,7.244237195634022,46.876829634607645,4.708009825599002,False,True,False,True,27,45.0,True,0.4434305276182048,1.3015875115533113,True,3.418992722275486,True,3.519302609491737,True,2,2,0.6190068022320616,True,1.7999865445328498,True,4,3,True,False,False,35.0,19.89925537044956,7.244237195634022,0.8525113047726839,10.0,True,8,6,7,7,-2.934915210582767,32.880001068115234,52957494.276242256,87.45644599303137,True,0.0,0,,,,0.0,0,,,,True,True,False,False,2,power_play,sepa_vcp,7,7,True,1,0.875,risk_on,6,True
SBSW,11.104999542236328,-43.55616760534229,44.80915790359907,24.957421741154874,7.166358962461029,0.561169271026818,False,1.189980736039563,7.117764995746698,2.1581370506600805,-4.179214695612943,False,True,False,True,27,45.0,True,0.4996225304544443,1.7930749020211603,True,1.6265558677356553,True,-2.7310468801424737,True,2,0,0.41801585904535843,False,0.9606458196190792,False,4,3,True,False,False,35.0,36.38392291849488,17.954664630890534,0.6205998152587427,8.0,False,1,2,3,4,-13.804067076888614,12.883437960051115,61963201.97264771,64.0418118466899,False,0.0,0,,,,0.0,0,,,,False,False,False,False,0,,none,0,0,False,-2,0.5,risk_on,6,False
SBUX,94.68000030517578,-12.729281805254445,23.75240139987964,14.825151117537416,-2.9659116611564293,0.596765871974468,False,0.8826552345082728,5.571399988251312,2.0803758431571673,-12.211403203779824,False,True,False,True,20,33.33333333333333,False,0.46222675970730664,1.0759308027823777,True,-4.021592562246201,True,-4.4312096529437905,True,2,0,0.2926948301024398,False,0.35971632067152,False,7,3,True,False,False,25.0,14.286370848072519,11.76066972997439,0.06760654137937272,23.0,False,0,2,2,3,-13.320518726171237,109.2300033569336,640673640.5427307,53.937282229965156,False,0.0,0,,,,0.0,0,,,,False,False,False,False,0,,none,0,0,False,-3,0.375,risk_on,6,False
SCCO,197.49000549316406,-10.10923612361745,90.63282615077142,90.63282615077142,72.84176337207758,0.5817556764356656,True,0.9984207455693827,6.359814273754984,27.85153552769224,-5.867491601302244,False,True,False,True,27,45.0,True,0.41182638963610996,1.5893929829375226,False,0.6318121439692277,True,4.852667424191726,True,2,0,0.5077849063262615,False,0.3919739082786583,False,5,2,True,False,False,55.0,28.20847180760832,15.357740132375728,0.6260357577091081,19.0,False,5,2,4,5,-10.548959785716228,220.77999877929688,225048979.62324905,90.38327526132403,True,0.0,0,,,,0.0,0,,,,False,False,False,False,0,,none,0,0,False,-1,0.625,risk_on,6,False
SCHW,106.94999694824219,-5.895296513578208,25.67294776649609,14.827675549183406,-2.96338722951044,0.31829881455401865,False,0.9638901609403895,5.666197037412212,12.95565228693265,-2.913949352900491,False,True,False,True,32,53.333333333333336,True,0.4540728443899422,0.914422517762302,True,0.11131170014452463,True,-0.3354772328225897,True,2,0,0.47697657880889766,False,1.0657086835443037,False,5,2,True,False,False,65.0,23.709760768395853,5.666197037412212,0.7208594804548173,19.0,False,2,3,3,5,-6.618354939182003,114.52999877929688,881891470.771157,54.00696864111498,False,0.0,0,,,,0.0,0,,,,False,False,False,False,0,,none,0,0,False,-1,0.625,risk_on,6,False
SCI,77.35130310058594,-11.021580092109861,13.509929637567474,-1.624689465808904,-19.415752244502748,0.40038709754026824,False,0.909051929252907,5.869326997146547,2.0268838980897597,-6.795309478929868,False,True,False,True,23,38.333333333333336,False,0.5374406881773048,1.0776302153674084,True,-2.500440477528623,True,-4.41015218624774,True,2,0,0.2818318022531271,False,0.5078480655777253,False,5,2,True,False,False,25.0,9.906170948257666,7.357120563858088,0.007213430790296159,17.0,False,1,2,2,5,-9.834713469725564,85.78834058783144,67159713.97160454,35.052264808362374,False,0.0,0,,,,0.0,0,,,,False,False,False,False,0,,none,0,0,False,-1,0.625,risk_on,6,False
SCO,20.434999465942383,-75.67261968340193,3.942012332376943,-70.90689053610728,-88.69795331480113,0.9110927827650458,False,0.6263591923781259,6.532914248646025,-41.680939120960524,-18.74751580160632,False,True,True,True,18,30.0,False,0.4321212884058288,1.3064025114945528,False,-6.079873913437357,True,0.17156788267935763,True,3,0,0.29828849570103033,False,0.2442256687600774,False,6,1,False,False,False,25.0,25.506692824452227,12.576460787813875,0.14317839771850221,17.0,False,0,1,3,3,-21.85468541474914,26.149999618530273,135047306.3698353,0.34843205574912894,False,0.0,0,,,,0.0,0,,,,False,False,False,False,0,,none,0,0,False,-3,0.375,risk_on,6,False
SE,102.36000061035156,-46.95273784782918,30.962123611022708,-46.89769478763836,-64.6887575663322,0.3580046113325305,False,0.8287696867332798,7.678781324232123,28.286752018863616,-14.24262727301433,False,True,False,True,25,41.66666666666667,True,0.4783391265407781,1.744280720171146,True,-2.5254807949495204,True,-5.815237097053294,False,1,0,0.41944416979753074,False,0.6290411195657759,False,4,3,True,False,False,25.0,19.55063588871283,14.26338255867948,0.11657707359289883,18.0,False,1,2,2,2,-17.271479969926386,123.7300033569336,387302247.4068939,4.320557491289199,False,0.0,0,,,,0.0,0,,,,False,False,False,False,0,,none,0,0,False,-4,0.25,risk_on,6,False
SEB,4227.8603515625,-28.978079779820888,31.652371706470063,21.03803545789873,3.246972679204884,0.3499397590361446,False,0.8841290145192511,3.823675678147814,-14.822209547411546,8.04072344100899,False,True,False,True,19,31.666666666666664,False,0.43150148982688963,1.4398082582648166,False,-0.9395397500698206,True,-0.8561584623681617,True,2,0,0.41830846290819473,False,0.6718091740761954,False,6,3,True,False,False,25.0,15.645613001291503,4.002259934507172,0.5291429946825005,22.0,False,1,2,3,4,-7.366846484144651,4564.08984375,65425951.446826175,60.278745644599304,False,0.0,0,,,,0.0,0,,,,False,False,False,False,0,,none,0,0,False,-2,0.5,risk_on,6,False
SEDG,34.435001373291016,-56.139344750571475,20.951886911843044,-2.8631858048069447,-20.65424858350079,0.310535382321793,False,0.8385164696299584,9.496153121399315,-26.310717503501436,9.630695767507746,False,True,False,False,21,35.0,False,0.4253725907546123,2.8235899719123787,False,-1.316563074105388,True,-2.533259018902667,True,1,1,0.4827172561652862,False,1.623873619949304,True,3,1,False,False,False,25.0,21.744892746410127,22.651369031483465,0.6006099794820431,8.0,False,1,2,3,3,-8.684693160149514,37.709999084472656,110970474.00360489,33.79790940766551,False,0.0,0,,,,0.0,0,,,,False,False,False,False,0,,none,0,0,False,-3,0.375,risk_on,6,False
SEI,69.98999786376953,-15.386451563215541,88.70128479668399,87.54791439801915,69.7568516193253,0.39863539599494857,False,1.0037101887425455,14.244894306339331,15.391605635337037,40.564659431678486,False,True,False,False,23,38.333333333333336,False,0.38899995358751904,2.1751205105306446,False,2.519493500766165,True,14.756510801147083,False,0,1,0.43889388019627634,False,2.3080996159448786,True,4,1,False,True,False,25.0,33.17070353222288,16.02859088866617,0.94046568831892,0.0,True,3,3,4,3,-1.9747950027680594,71.4000015258789,162801318.77458113,89.75609756097562,True,0.0,0,,,,0.0,0,,,,False,False,False,False,0,,none,0,0,False,-2,0.5,risk_on,6,False
SEIC,105.4000015258789,-5.580933334071458,41.016919083580184,23.00535944082245,5.2142966621286035,0.4176206914928263,True,1.0044642120272302,3.092981109141672,34.89823548280473,-5.580933334071458,False,True,False,True,26,43.333333333333336,True,0.44845838022420254,0.7841518519237598,True,0.19738871778178171,True,-0.10425609717032991,True,2,0,0.34108892810431546,False,0.6569376981086092,False,4,2,True,False,False,55.0,18.68034265947152,7.14421126212985,0.6778043663434159,15.0,False,4,3,4,5,-6.018724840090551,112.1500015258789,88672471.90585557,61.81184668989547,False,0.0,0,,,,0.0,0,,,,False,False,False,False,0,,none,0,0,False,-1,0.625,risk_on,6,False
SF,75.8499984741211,-13.419938264159558,12.048534550420097,0.6769545037236702,-17.114108274970175,0.27256367187327785,False,1.0745158527196934,5.299929761287959,6.042635880509795,-6.2977020634407355,False,True,False,True,26,43.333333333333336,True,0.4030213178402817,0.8872454609995257,False,-2.3408789362856655,True,-2.71899796510342,True,2,0,0.4225391606380545,False,0.8800902932331378,False,4,0,False,False,False,55.0,15.929927520211562,10.402108831077154,0.2702550294105359,25.0,False,1,1,2,4,-11.624784489729079,85.827228862945,85072713.3230133,37.42160278745645,False,0.0,0,,,,0.0,0,,,,False,False,False,False,0,,none,0,0,False,-2,0.5,risk_on,6,False
SFM,69.79000091552734,-42.039698701970174,6.452110302708691,-42.039698701970174,-59.83076148066402,0.4410434341441416,False,0.908677691603403,8.654536231971196,-11.546261640265643,-14.326047508107287,False,True,False,False,20,33.33333333333333,False,0.48393181498054105,2.1951217532445466,True,-2.9127789701210194,True,-7.05819107849508,False,0,0,0.22674492725530287,False,1.0858873866700902,False,5,1,False,False,False,25.0,20.7977207977208,17.194440238687775,0.015890461124785957,17.0,False,0,1,3,2,-20.467235423900465,87.75,134009403.1062626,6.062717770034843,False,0.0,0,,,,0.0,0,,,,False,False,False,False,0,,none,0,0,False,-3,0.375,risk_on,6,False
SGI,63.3489990234375,-34.88742444337605,3.5572131190579004,-25.286919866152658,-43.0779826448465,0.24668869537397148,False,0.9763129963016816,8.050637820234895,-16.379077326653825,-1.5861483293143852,False,True,False,False,25,41.66666666666667,True,0.4424281658366762,1.5410139456947156,True,-1.5112106951335254,True,-7.003821977068137,False,0,0,0.28773173566693344,False,0.42020368447033013,False,8,3,True,False,False,25.0,13.067386458180078,12.896807044926826,0.18112190729837255,11.0,False,1,2,2,3,-10.700596499469572,70.94000244140625,256231212.8854019,15.400696864111499,False,0.0,0,,,,0.0,0,,,,False,False,False,False,0,,none,0,0,False,-3,0.375,risk_on,6,False
SGOL,41.404998779296875,-19.461196455574136,17.828683831719093,17.828683831719093,0.037621053025247875,0.5358073273129006,False,1.0418995245016276,3.7193506731851422,-1.1813907602755136,-2.438736759903537,False,True,False,True,30,50.0,True,0.47916577803265603,0.7174637938118473,True,0.7170753459830821,True,1.5575136482792962,True,2,0,0.3269162451736439,False,0.47833615742151125,False,6,2,True,False,False,65.0,15.39497396529122,4.564664763602084,0.5400871263432071,19.0,False,1,2,3,4,-7.080346716248598,44.560001373291016,116737375.78593215,57.0034843205575,False,0.0,0,,,,0.0,0,,,,False,False,False,False,0,,none,0,0,False,-2,0.5,risk_on,6,False
SHAK,56.7400016784668,-45.801890958763224,8.406575301970754,-43.04356543453965,-60.8346282132335,0.6491193474266702,False,1.0865954233701205,14.381388096625457,-37.55915047487879,-18.815278045530093,False,True,False,False,25,41.66666666666667,True,0.4819429771193139,2.1297823860292606,True,-2.990512802157552,True,-10.659733619881118,False,0,0,0.24004848632066392,False,0.45459898928900616,False,6,1,False,False,False,25.0,28.37325360661362,30.04934566917916,0.09271225803817969,19.0,False,1,1,2,2,-25.742705196854544,76.41000366210938,73378263.03882961,5.505226480836237,False,0.0,0,,,,0.0,0,,,,False,False,False,False,0,,none,0,0,False,-4,0.25,risk_on,6,False
SHEL,93.75,-5.255176461462807,37.360917599546426,37.360917599546426,19.56985482085258,0.5531333026344747,True,1.1138742611538504,6.362662760416667,5.202507120946076,3.1239646061903326,False,True,False,True,32,53.333333333333336,True,0.40168532597141554,0.6329083666904487,False,1.799075938229825,True,-2.799374840510449,True,2,0,0.47793987075557964,False,0.6454935899870123,False,5,2,True,False,False,45.0,14.301056842792608,6.362662760416667,0.618835141672335,4.0,False,4,3,4,5,-5.451060305418931,99.15499877929688,602319985.2961342,72.89198606271778,False,0.0,0,,,,0.0,0,,,,False,False,False,False,0,,none,0,0,False,-1,0.625,risk_on,6,False
SHOP,135.0010986328125,-24.584602661580913,41.51058330558948,-11.936662788432661,-29.727725567126505,1.063123986876076,False,0.9584261333242902,7.0592009071106725,11.479025874357918,-11.706275983104163,False,True,False,True,25,41.66666666666667,True,0.5398759298508666,2.307608270969767,True,-0.2156876752255431,True,0.8298597716253076,True,2,0,0.39807771526327024,False,0.7961409604100538,False,6,2,True,False,False,25.0,20.74254302156385,13.162859008128008,0.33798821886345076,15.0,False,1,2,2,4,-13.731807851006984,156.49000549316406,1110441542.892772,24.94773519163763,False,0.0,0,,,,0.0,0,,,,False,False,False,False,0,,none,0,0,False,-2,0.5,risk_on,6,False
SHW,323.70001220703125,-12.504366738203498,10.73317100405433,-5.775489692869195,-23.566552471563043,0.3143402229707056,False,0.8204038722705248,4.343527039968504,3.6118597118932394,-6.135815705890035,False,True,False,True,21,35.0,False,0.4342020549975681,0.8457404719746431,False,-2.0992017316681855,True,-0.2465293660920631,True,2,0,0.4699999355700676,False,0.43958222763328414,False,6,2,True,False,False,25.0,11.70515161401699,5.548344386095147,0.22362464238499585,22.0,False,0,2,3,4,-9.087591270270279,356.05701876115455,512872625.77926636,30.313588850174217,False,0.0,0,,,,0.0,0,,,,False,False,False,False,0,,none,0,0,False,-2,0.5,risk_on,6,False
SIG,100.48999786376953,-4.455150790020368,36.44004186609067,5.640487449631704,-12.150575329062143,0.35339852678591016,False,1.3156826247964022,6.856403160629925,12.844050373548788,21.511489204360213,False,True,False,True,25,41.66666666666667,True,0.44926584535504055,1.940076181645575,True,1.8996321865480308,True,-0.25806663645704386,True,2,2,0.6071089350230991,True,1.3363219529386683,True,4,0,False,True,True,25.0,24.572790323407666,24.62931687345902,0.8344987377708116,3.0,False,4,3,4,6,-4.066827815017149,104.75,106073756.9814209,42.57839721254356,False,0.0,0,,,,0.0,0,,,,False,True,False,False,1,,power_play,6,6,True,0,0.75,risk_on,6,False
SIMO,271.6099853515625,-19.21587777612379,241.51786211069867,198.09515491995873,180.30409214126487,0.7091508571939756,True,0.838195771081992,16.612058764177906,120.41410441189609,10.49590661454638,False,True,False,False,29,48.333333333333336,True,0.4691269132226583,3.327432925634118,True,0.8019319812764311,True,14.695320363051056,False,0,0,0.5725025572712259,False,0.7044696175529702,False,5,3,True,False,False,25.0,21.981041075364143,21.096427282520814,0.6945309638977051,6.0,False,9,2,3,4,-6.7145274298164415,291.1600036621094,195798054.71767274,96.93379790940767,True,0.0,0,,,,0.0,0,,,,False,False,False,False,0,,none,0,0,False,-2,0.5,risk_on,6,False
SIRI,27.503799438476562,-14.837862585032724,42.534530485722485,24.344477696112143,6.553414917418298,0.5237332253053741,False,1.0397301118186424,9.671390505018339,24.760315110833165,-3.6306988220418335,False,True,False,False,24,40.0,True,0.4108738369995935,1.1260062463812295,False,-2.045884157312247,True,-6.354107413793142,False,0,0,0.3647843533335156,False,0.36719395483961786,False,7,1,False,False,False,25.0,10.18242034383771,9.816828285775948,0.1380454582731721,11.0,False,1,1,2,4,-8.776783461142568,30.149999618530273,107865864.64982443,63.41463414634146,False,0.0,0,,,,0.0,0,,,,False,False,False,False,0,,none,0,0,False,-2,0.5,risk_on,6,False
SITE,90.39199829101562,-44.629710082073125,3.1872144583648065,-33.186486231956394,-50.977549010650236,0.34663662894885056,False,0.8816441896308516,6.217367524599379,-32.613688159900825,-6.222638382210588,False,True,False,True,17,28.333333333333332,False,0.3829523092604789,1.2242256692427071,False,-2.283749870790626,True,1.177526299806697,True,2,0,0.28583916105843266,False,0.6881320718779366,False,4,2,True,False,False,25.0,15.729791595732342,17.800252535056966,0.2605345126885477,9.0,False,0,2,2,4,-11.631638007645806,102.29000091552734,90007534.48048477,10.104529616724738,False,0.0,0,,,,0.0,0,,,,False,False,False,False,0,,none,0,0,False,-2,0.5,risk_on,6,False
SITM,635.0,-29.560277126751743,151.22646534272906,102.97266664904319,85.18160387034935,1.0091186677621495,False,0.886032169196251,16.603148452878937,83.43587698781457,13.82784509984598,False,True,False,False,26,43.333333333333336,True,0.41910619237859886,2.453254551131193,False,0.9514051487393297,True,13.72795339224744,False,0,0,0.4340452628242204,False,0.885719880897847,False,6,1,False,False,False,25.0,28.99111348679796,16.60787747600886,0.451800129945094,24.0,False,6,1,3,3,-15.892924646209671,754.989990234375,242287616.34095153,91.70731707317074,True,0.0,0,,,,0.0,0,,,,False,False,False,False,0,,none,0,0,False,-3,0.375,risk_on,6,False
SIVR,62.66999816894531,-43.47434236815933,52.965575547204665,52.965575547204665,35.17451276851082,0.6932723170575965,False,0.9766148116139334,6.861342232954749,-4.4810279135135245,-0.7286597360795177,False,True,False,True,31,51.66666666666667,True,0.41961771574186346,1.0880406719467763,False,1.5362162162162165,True,4.8519285410260515,True,2,0,0.29679602497966545,False,0.2938275523896702,False,6,4,True,False,False,35.0,20.517750362368034,9.07930845325252,0.6445565475969468,15.0,False,3,3,4,5,-7.2929000243440845,67.5999984741211,71938405.80474167,80.90592334494774,True,0.0,0,,,,0.0,0,,,,False,False,False,False,0,,none,0,0,False,-1,0.625,risk_on,6,False
SJM,121.16999816894531,-8.440379687200583,38.12481018920026,15.97622376978951,-1.814839008904336,0.24514146575227141,False,0.7969209435416988,4.225470680822572,25.69947367183878,-8.440379687200583,False,True,False,True,25,41.66666666666667,True,0.4397020823802867,1.0166010636885472,False,0.15892635087374715,True,-0.10717632278791633,True,2,0,0.47497808369071126,False,0.7037945461591204,False,5,3,True,False,False,45.0,18.62266822517273,5.1745454632459875,0.4183276188224396,16.0,False,2,2,3,5,-10.832291770415914,135.88999938964844,188526281.8645172,55.191637630662015,False,0.0,0,,,,0.0,0,,,,False,False,False,False,0,,none,0,0,False,-1,0.625,risk_on,6,False
SKM,35.709999084472656,-22.36956720766814,81.45324456667326,63.35772226631402,45.56665948762017,0.46127765767037254,True,0.7292830201260023,4.28452151559817,23.649584910599962,-9.227252298006006,False,True,False,True,24,40.0,True,0.381788167466139,0.8804405649182047,False,0.06454238237117453,True,-1.679517113097584,True,2,0,0.4370842208647936,False,0.5489645788041333,False,5,3,True,False,False,25.0,14.630578506631073,10.361245751328735,0.11666679382324219,20.0,False,3,2,4,4,-12.923675820483183,41.0099983215332,55710091.8396759,84.5993031358885,True,0.0,0,,,,0.0,0,,,,False,False,False,False,0,,none,0,0,False,-2,0.5,risk_on,6,False
SLAB,221.0,0.0,90.38593772736851,61.10221008855392,43.311147309860075,0.23325627421956857,True,1.1099255792664926,0.8348421813136312,6.783916133875967,1.125655161271255,False,True,False,True,22,36.666666666666664,False,0.5132529186398532,0.2525926145189515,True,1.8799630206525986,True,0.7843858219072075,True,2,2,0.5747239424841672,False,2.0851026088854927,True,2,1,False,False,False,,,,,,False,6,3,4,7,,,62047279.1427948,84.11149825783973,True,0.0,0,,,,0.0,0,,,,False,True,False,False,1,,power_play,7,7,True,1,0.875,risk_on,6,False
SLB,51.849998474121094,-13.279479050314702,67.45776723445186,54.27710221834188,36.48603943964804,0.3598117977775803,False,1.090990089137421,7.725744373634049,6.380289707433517,-9.089433982960493,False,True,False,True,24,40.0,True,0.5271086386178633,2.0518687276759713,True,-0.14126456805293675,True,-2.7569415399786967,True,2,0,0.3511786009258522,False,0.8053111560286615,False,4,1,False,False,False,25.0,16.08320098276608,16.925359799166667,0.1422202408056627,14.0,False,2,1,2,4,-13.795844266071223,60.14791054175784,811949020.7329801,81.67247386759581,True,0.0,0,,,,0.0,0,,,,False,False,False,False,0,,none,0,0,False,-2,0.5,risk_on,6,False
SLF,81.2249984741211,-2.538392309426729,45.11946332235928,38.87492159498864,21.083858816294796,0.11832717712389226,True,1.006870704140432,2.2776220484762675,30.995142216038097,3.1297565655558746,False,True,False,True,29,48.333333333333336,True,0.4511971033144657,0.6820528937643046,True,0.7984152107711334,True,1.24017833174066,True,2,1,0.5666735644088029,False,1.3986740205239236,True,4,2,True,False,False,65.0,9.160936276151277,4.272085301188025,0.6838260455554565,38.0,True,7,5,6,6,-2.8964494488452175,83.64781515515361,78639380.51071167,74.21602787456446,False,0.0,0,,,,0.0,0,,,,True,True,False,False,2,power_play,sepa_vcp,6,6,True,0,0.75,risk_on,6,True
SLS,11.389800071716309,-26.32729596628459,719.4100855348103,598.7607426402342,580.9696798615404,0.46230310571110556,False,0.8283516493186811,7.989603344064521,107.84306627871149,-13.77895504295541,False,True,False,True,25,41.66666666666667,True,0.47464685049213556,4.540437180479731,True,-1.165762875946808,True,-2.9002513537622954,True,2,1,0.4635195411703087,False,0.8504905536508863,False,2,1,False,False,False,25.0,31.206128395114025,31.51943080636463,0.12470353700031808,20.0,False,7,2,3,4,-27.31461380815724,15.670000076293945,96537358.60513711,99.58188153310104,True,0.0,0,,,,0.0,0,,,,False,False,False,False,0,,none,0,0,False,-2,0.5,risk_on,6,False
SLV,59.599998474121094,-43.56060669003987,52.66392693760527,52.66392693760527,34.872864158911426,0.5288256793026018,False,0.9751430152205071,6.862416539094056,-4.594209525372772,-0.6997700440507959,False,True,False,True,31,51.66666666666667,True,0.42487726552968547,1.111443606116101,False,1.5203401955487201,True,4.855732431604398,True,2,0,0.292397194137896,False,0.4816903873545022,False,4,3,True,False,False,35.0,20.51002818759461,9.110739000326554,0.6429113286687399,15.0,False,2,3,4,4,-7.323898714474852,64.30999755859375,959875456.3564415,80.69686411149826,True,0.0,0,,,,0.0,0,,,,False,False,False,False,0,,none,0,0,False,-2,0.5,risk_on,6,False
SM,35.2599983215332,-14.604026302471029,104.9888880781864,43.174369747248335,25.38330696855449,0.503221903224614,True,1.0391188683308061,19.086783501422723,22.930939367598093,-3.1471222849708713,False,True,False,False,32,53.333333333333336,True,0.4293058234057339,1.616305725318428,False,0.7453264307452941,True,-9.659237959708665,False,0,0,0.3877751209687307,False,0.8894995945490601,False,7,2,True,False,False,65.0,39.07369867559665,19.086783501422723,0.6120455984286578,4.0,False,3,2,3,3,-15.15881338687004,41.560001373291016,150143172.9199373,76.58536585365854,False,0.0,0,,,,0.0,0,,,,False,False,False,False,0,,none,0,0,False,-3,0.375,risk_on,6,False
SMCI,41.040000915527344,-30.061348496776553,99.90257936144795,-10.41257436098827,-28.203637139682115,0.9305672593696989,False,1.0207490439269842,15.496826197972002,90.17609388609911,10.679608654053885,False,True,False,False,20,33.33333333333333,False,0.46875909729492254,2.6223078132385487,True,2.9782444342060246,True,11.703862385996477,False,0,1,0.4126011633367064,False,1.1531336328170165,False,2,2,True,False,False,35.0,35.14535655066267,15.496826197972002,0.9145931145872656,26.0,False,3,3,2,4,-3.0016554397121475,42.310001373291016,1444749675.2203088,26.27177700348432,False,0.0,0,,,,0.0,0,,,,False,False,False,False,0,,none,0,0,False,-2,0.5,risk_on,6,False
SMMT,16.709999084472656,-36.65655945385912,34.43281314735533,-11.540499606211762,-29.33156238490561,0.5178965213263714,False,1.1528651443659792,10.951526175764641,7.115376127307194,21.704294549094705,False,True,False,False,29,48.333333333333336,True,0.4648796387610909,2.998812350839492,True,1.8708088761252084,True,-9.283392968179271,False,0,1,0.4165034466225931,False,1.235316609568549,True,3,2,True,True,False,25.0,35.9001606812081,13.10592851014947,0.686390419015701,5.0,False,2,4,4,3,-11.258634348502683,18.829999923706055,104784868.19844493,25.505226480836235,False,0.0,0,,,,0.0,0,,,,False,False,False,False,0,,none,0,0,False,-2,0.5,risk_on,6,False
SMR,8.854999542236328,-83.42691467029893,16.666658290080825,-81.06692440545737,-98.85798718415121,0.5757890929522246,False,1.080030221219363,13.664597410486001,-24.316241994943244,-4.682458787975408,False,True,False,False,20,33.33333333333333,False,0.4981143168714491,4.048859145990661,True,-0.23922787439759416,True,4.05404587632805,True,1,0,0.41452479715563906,False,1.071265270866013,False,5,0,False,False,False,25.0,29.243622187614832,37.5494069017807,0.2436088759119063,9.0,False,0,1,2,3,-22.1196162588975,11.369999885559082,364539332.4474226,0.2787456445993031,False,0.0,0,,,,0.0,0,,,,False,False,False,False,0,,none,0,0,False,-3,0.375,risk_on,6,False
SMTC,178.38999938964844,-3.5729733028927346,198.16144731764882,193.06719651707542,175.27613373838156,0.824136766445177,True,1.051182430246974,23.969950475439713,133.1286032613968,35.999086589819385,False,True,False,False,22,36.666666666666664,False,0.4700243403625339,3.7256091180126023,True,3.4264053361170452,True,21.31247581603908,False,0,1,0.5530938161064952,False,3.108354547528529,True,3,1,False,False,False,25.0,39.67687769188884,24.513703614080853,0.838048650200327,0.0,False,10,2,4,5,-6.425723898037927,190.63999938964844,576478107.803894,96.51567944250871,True,0.0,0,,,,0.0,0,,,,False,False,False,False,0,,none,0,0,False,-1,0.625,risk_on,6,False
SN,167.77999877929688,-13.004252697129015,98.39186399992998,45.946416245195046,28.1553534665012,0.3152939340288447,False,1.210522745477281,6.407199951253362,59.54734969237203,-12.262718962590636,False,True,False,True,32,53.333333333333336,True,0.4601532282980151,1.952577242950159,True,-0.34656689363271076,True,-1.0847756106934225,True,2,0,0.38652513811934114,False,0.5169084664775273,False,6,2,True,False,False,25.0,19.29166242135986,15.028615913776655,0.2869705468363118,15.0,False,3,2,3,3,-13.755523506920698,194.5399932861328,351209077.66609496,78.46689895470384,False,0.0,0,,,,0.0,0,,,,False,False,False,False,0,,none,0,0,False,-3,0.375,risk_on,6,False
SNA,371.5199890136719,-10.847567748232967,16.57523551871476,13.149590689029345,-4.6414720896645,0.506442721791559,False,0.8494970124447351,2.7858462241601276,3.8136571354942417,-5.1906285658747,False,True,False,True,16,26.666666666666668,False,0.3997261244980452,0.6260240425689075,False,-3.786625737947224,True,-1.657051666539433,True,2,0,0.33059495659070726,False,0.5791843098569177,False,5,3,True,False,False,25.0,8.176817757617208,4.879945871382763,0.06475260524945135,24.0,False,1,2,3,5,-7.647347505161517,402.28404813217014,107748232.71579285,52.05574912891986,False,0.0,0,,,,0.0,0,,,,False,False,False,False,0,,none,0,0,False,-1,0.625,risk_on,6,False
SNAP,5.769899845123291,-36.52475524457917,46.81678745833362,-29.29044175223634,-47.08150453093019,0.644257164124222,False,1.0493438400649833,9.705540092742718,27.93568852110284,6.259669015287339,False,True,False,False,27,45.0,True,0.46267981072275105,2.772410920820986,True,1.980231010120589,True,-1.2003476991954476,True,1,0,0.4105592115163761,False,0.9486644729687101,False,4,0,False,False,False,25.0,17.13344205010749,15.251566544689549,0.711441983129134,4.0,False,2,1,3,4,-4.943992060150926,6.070000171661377,201109810.69634756,12.055749128919862,False,0.0,0,,,,0.0,0,,,,False,False,False,False,0,,none,0,0,False,-2,0.5,risk_on,6,False
SNDK,1749.300048828125,-25.083509686161676,1755.2338867779738,1611.4764352775264,1593.6853724988325,0.7581558068577733,False,0.7172075069644389,18.88126849843541,149.01423125538028,17.799571161621962,False,True,False,False,24,40.0,True,0.5058938836016882,3.0165452575301153,True,2.459789600983636,True,12.713358967215571,False,0,1,0.40985762735641185,False,1.5746230616443384,True,4,4,True,False,False,25.0,22.781804962982115,18.88126849843541,0.796162143563567,0.0,False,8,3,2,4,-4.643794289407166,1834.489990234375,17330931259.780083,99.79094076655052,True,0.0,0,,,,0.0,0,,,,False,False,False,False,0,,none,0,0,False,-2,0.5,risk_on,6,False
SNEX,67.69999694824219,-26.947704015163076,81.96749651027662,64.23180190406248,46.44073912536864,0.2597673676504633,False,0.7267253779443965,4.209746828053724,43.16931479690569,-1.3694674384685523,False,True,False,True,19,31.666666666666664,False,0.3897816042815019,1.3003200724907318,False,-1.171224423464799,True,-1.211151095635843,True,2,0,0.4868823915638818,False,0.9817521636207893,False,6,0,False,False,False,25.0,8.886088098902407,8.493353410925518,0.4078735370482286,6.0,False,2,1,3,4,-5.261687915480917,71.45999908447266,51379621.9905838,85.08710801393728,True,0.0,0,,,,0.0,0,,,,False,False,False,False,0,,none,0,0,False,-2,0.5,risk_on,6,False
SNN,27.69499969482422,-24.36121072021419,0.7090897993607959,-23.07121420399536,-40.86227698268921,0.45504705636306597,False,0.886025738571089,2.744178506071147,-11.975778807450721,-4.401103378495863,False,True,False,True,24,40.0,True,0.38278968022577237,0.8025210637070201,False,-3.261185324961821,True,-2.482394130900134,True,2,0,0.4552926338209697,False,0.4888600300975096,False,7,1,False,False,False,25.0,10.427631960763831,6.968768104144335,0.1466877417654587,23.0,False,1,1,3,4,-8.898026176478059,30.399999618530273,54517212.902947806,16.585365853658537,False,0.0,0,,,,0.0,0,,,,False,False,False,False,0,,none,0,0,False,-2,0.5,risk_on,6,False
SNOW,334.1499938964844,-6.26139850416183,175.90619454420496,44.980041691556764,27.18897891286292,0.40754161153660784,True,1.2471852193058521,8.143047120182636,91.81974727345494,1.8749981391720683,False,True,False,False,23,38.333333333333336,False,0.4213858359154212,1.8719009782604903,False,1.1982834810824996,True,0.5415940303633127,True,1,0,0.4472190490521194,False,0.43212169767754316,False,5,1,False,True,False,45.0,34.05710475665057,8.143047120182636,0.6151026708997175,11.0,False,6,2,5,7,-13.108488657723328,384.55999755859375,1821428855.5329895,78.04878048780488,False,0.0,0,,,,0.0,0,,,,False,True,False,False,1,,power_play,7,7,True,1,0.875,risk_on,6,False
SNPS,401.4599914550781,-24.898983596116608,9.181391930179906,-18.978811008056883,-36.76987378675073,0.4195731239738557,False,0.969936091447127,9.936236610741084,-7.172590349437124,-9.297122807520752,False,True,False,False,22,36.666666666666664,False,0.47615617786209424,2.1933531519518072,True,0.012558524614725553,True,5.251290974467904,False,0,0,0.5042652107552927,False,0.7948965727474633,False,5,1,False,False,False,25.0,22.028908936554508,10.77317812996554,0.3798691286895261,16.0,False,0,1,3,4,-13.660806492844635,464.9800109863281,836143049.0665649,19.721254355400696,False,0.0,0,,,,0.0,0,,,,False,False,False,False,0,,none,0,0,False,-2,0.5,risk_on,6,False
SNX,278.4800109863281,-3.8292476825284805,97.0097171347336,87.61165563932359,69.82059286062974,1.0221390873398983,True,1.0319381943059989,7.601942876417511,78.86146655993403,9.650749949922432,True,True,False,True,22,36.666666666666664,False,0.47553958240547844,1.3669451199899096,True,2.830921594295215,True,6.648290515381494,False,1,1,0.43251970417123314,False,1.9231179983334876,True,5,0,False,False,False,65.0,21.06115177567481,9.278908275547595,0.7206895803803431,61.0,False,8,3,6,5,-5.882599140137012,295.8857856699354,164817352.44821167,89.82578397212544,True,0.0,0,,,,0.0,0,,,,True,False,False,False,1,,sepa_vcp,6,6,True,0,0.75,risk_on,6,False
SNY,42.67499923706055,-13.94255803572012,3.3084101413128897,-5.452423497944114,-23.24348627663796,0.749737466325144,False,0.9109354206523811,2.0855287769414397,0.6085891552400025,-4.785810960215997,False,True,False,True,26,43.333333333333336,True,0.4788747753519581,0.6561885874341971,True,-1.6904842662416906,True,-1.5116606653930442,True,2,0,0.33369071046204296,False,0.2805451111185702,False,7,2,True,False,False,65.0,11.32075721450164,3.2806128902354925,0.3419539137907851,20.0,False,1,2,3,4,-7.4495799779275345,46.11000061035156,91682037.01498337,30.452961672473865,False,0.0,0,,,,0.0,0,,,,False,False,False,False,0,,none,0,0,False,-2,0.5,risk_on,6,False
SO,85.81999969482422,-11.971469569324878,4.579419832679976,-3.4272735257066977,-21.218336304400545,0.4541447323022695,False,0.7665786668572969,2.2372386107816626,-6.938580500087488,-2.7535414222955024,False,True,False,True,20,33.33333333333333,False,0.4482486494915604,0.7199553971715921,True,-4.430004726854677,True,-1.3563221898572175,True,2,0,0.34994993940116315,False,0.518897026126661,False,6,2,True,False,False,25.0,8.75053488599287,4.707519576437919,0.06356926939689546,23.0,False,1,2,3,5,-8.194269776458263,93.4800033569336,536908424.0580215,32.822299651567945,False,0.0,0,,,,0.0,0,,,,False,False,False,False,0,,none,0,0,False,-1,0.625,risk_on,6,False
SOFI,17.0049991607666,-47.20583780157842,12.244221709203472,-42.37546923458313,-60.16653201327698,1.0113540255156201,False,0.8251164535864999,6.233457913882055,-0.8454837375448165,-5.841640843707141,False,True,False,True,21,35.0,False,0.5644817115781683,2.405460961060611,True,-1.0304318467235456,True,-3.6543936073885397,True,2,0,0.3996168119633161,False,0.8792237716734879,False,5,2,True,False,False,35.0,15.619389306031358,10.702733223435052,0.18226547912032706,15.0,False,0,2,3,4,-12.77251383060064,19.4950008392334,683906573.9823413,5.923344947735192,False,0.0,0,,,,0.0,0,,,,False,False,False,False,0,,none,0,0,False,-2,0.5,risk_on,6,False
SOLS,57.6349983215332,-34.8625457080164,39.55628460868934,,,0.3044553994399707,False,0.8590080769210873,5.569530975892052,-18.586374372289292,-9.279081648093356,False,True,False,True,22,36.666666666666664,False,0.4081140386095649,1.4831064362697612,False,-1.015868655993805,True,-0.2509526840205223,True,2,0,0.19909309155893143,False,0.23361349218110858,False,3,1,False,False,False,25.0,19.27791436359137,15.459356479382796,0.24188804733804048,15.0,False,0,1,3,4,-14.614817301432293,67.5,192153542.1792942,,False,0.0,0,,,,0.0,0,,,,False,False,False,False,0,,none,0,0,False,-2,0.5,risk_on,6,False
SOLV,89.2699966430664,-3.4292575882926557,42.854847568083244,21.093319539984368,3.302256761290522,0.2512069152703604,False,0.9314403836267064,5.981857475178828,35.89586440142529,-2.030296364960349,False,True,False,True,27,45.0,True,0.4494844115022988,1.0402041400364512,True,1.2666319005758144,True,-0.6123391823942614,True,2,1,0.44341806877342266,False,1.868014723964097,True,3,1,False,False,False,45.0,18.46857088222568,5.981857475178828,0.7188036201659864,13.0,False,4,3,3,5,-5.193295272789733,94.16000366210938,84090050.43961334,60.34843205574912,False,0.0,0,,,,0.0,0,,,,False,False,False,False,0,,none,0,0,False,-1,0.625,risk_on,6,False
SON,49.366798400878906,-17.717011898635317,31.14172825394124,11.205683436817715,-6.585379341876131,0.37126254362330785,False,0.9439650676811873,4.152586968297401,-2.7492413233794144,-12.578719083186474,False,True,False,True,27,45.0,True,0.41489412621486954,1.360650584682514,False,-3.5384858428092434,True,2.1663880642921685,True,2,0,0.3628530694313588,False,0.3500365566966244,False,5,0,False,False,False,25.0,20.35146417976922,8.710306068752459,0.1461182788311592,19.0,False,1,1,3,3,-17.377743262127353,59.75,61843472.41994476,49.75609756097561,False,0.0,0,,,,0.0,0,,,,False,False,False,False,0,,none,0,0,False,-3,0.375,risk_on,6,False
SONY,23.604999542236328,-21.992731778942964,22.179088587460228,-19.601501868110226,-37.392564646804075,0.3277817097440951,False,0.9762728657108923,4.575301608346212,14.144096682283314,-5.010063662460851,False,True,False,True,28,46.666666666666664,True,0.4674502478976515,0.660858352536077,True,0.9146263206577341,True,-3.5349399076038845,True,2,0,0.4560410243518677,False,0.7947907889160865,False,4,2,True,False,False,45.0,18.55955856390463,6.227491386831965,0.6449891842364364,14.0,False,1,3,3,4,-6.58884402598342,25.270000457763672,91492591.76893386,19.094076655052262,False,0.0,0,,,,0.0,0,,,,False,False,False,False,0,,none,0,0,False,-2,0.5,risk_on,6,False
SOUN,6.135000228881836,-71.33177412036244,7.631586564435011,-62.24615243765024,-80.03721521634408,0.5417075456847159,False,0.733215908239021,9.616954043625585,-10.957904967113807,-13.713078569952641,False,True,False,False,14,23.333333333333332,False,0.4421691295725874,1.7798340542583384,True,-1.9118774323332932,True,-5.177736818750212,False,0,0,0.27688256978777087,False,0.5259868875792193,False,5,2,True,False,False,25.0,21.216218262540735,16.95191398619683,0.19426768906211608,20.0,False,0,2,2,2,-17.09459257003948,7.400000095367432,150590609.21019182,1.32404181184669,False,0.0,0,,,,0.0,0,,,,False,False,False,False,0,,none,0,0,False,-4,0.25,risk_on,6,False
SPG,204.98150634765625,-12.470801703610235,23.72540753995778,18.679726529850306,0.8886637511564608,0.26083843444197,False,0.9009584368273053,2.9319765830151523,15.408319209052902,-3.4388452110298617,False,True,False,True,21,35.0,False,0.43528167858131667,0.674799754847138,False,-3.6929128509229248,True,0.005613078443000852,True,2,0,0.4177400402269244,False,0.38386295221602285,False,6,4,True,False,False,25.0,9.451578047651513,4.912641878599352,0.2204891098066836,22.0,False,0,2,3,4,-7.367608017656435,221.2849112076554,264118393.3002678,57.97909407665506,False,0.0,0,,,,0.0,0,,,,False,False,False,False,0,,none,0,0,False,-2,0.5,risk_on,6,False
SPGI,405.45001220703125,-21.017026496996984,10.431837331599336,-14.746456781032059,-32.53751955972591,0.3355265147424128,False,1.0498777854771018,3.889510187805223,0.3853708821670798,-8.453566619948704,False,True,False,True,23,38.333333333333336,False,0.5607299140808004,1.241631154241935,True,-1.5888951531861173,True,-3.1275376476907812,True,2,0,0.21279603030893107,False,0.9928125320501625,False,4,1,False,False,False,65.0,19.519636699665924,10.284871365533059,0.3828255910104037,45.0,False,0,1,3,4,-12.04702024380795,460.984964160338,764341960.747583,23.205574912891986,False,0.0,0,,,,0.0,0,,,,False,False,False,False,0,,none,0,0,False,-2,0.5,risk_on,6,False
SPHR,146.10000610351562,-17.167478138701163,155.7325457237832,144.68264669846286,126.89158391976902,0.3014697164093262,False,0.7342228685071,6.837785815071004,31.384901180813497,3.119716019359964,False,True,False,True,19,31.666666666666664,False,0.4024266689324852,1.8276836170088768,False,-0.5022768179045569,True,-0.8819456219799404,True,2,0,0.4655727730918134,False,0.7750275230359169,False,4,2,True,False,False,25.0,23.063552179957707,9.298429942735156,0.33408700998241464,23.0,False,5,2,3,5,-15.358318992582232,172.61000061035156,77462624.7525177,94.91289198606272,True,0.0,0,,,,0.0,0,,,,False,False,False,False,0,,none,0,0,False,-1,0.625,risk_on,6,False
SPOT,516.1400146484375,-30.112521607302302,25.0490647240309,-29.76922295613569,-47.560285734829534,0.5235709164216017,False,0.9480814388773765,11.905686531374085,4.8234121922552164,-5.7295747214952675,False,True,False,False,26,43.333333333333336,True,0.5165672588403944,1.8423974696099732,True,0.13509001576738666,True,-7.220791121217507,False,0,0,0.37229467673106265,False,0.8761614153530044,False,5,1,False,False,False,35.0,19.791666666666664,11.905686531374085,0.47491240919682015,11.0,False,1,1,2,4,-10.3923585679796,576.0,758738304.1414917,11.846689895470384,False,0.0,0,,,,0.0,0,,,,False,False,False,False,0,,none,0,0,False,-2,0.5,risk_on,6,False
SPXC,182.23500061035156,-26.04399257254102,2.201224331500562,-3.0871053409090687,-20.878168119602915,0.6820887142055025,False,0.780543806347877,5.366696159651637,-6.315547703207935,-8.300204031505299,False,True,False,True,17,28.333333333333332,False,0.391456503395321,1.3238643012189582,False,-3.578938583308078,True,-0.5213176583477308,True,2,0,0.3830870963083182,False,0.4183505578460198,False,4,3,True,False,False,25.0,19.838958765036313,13.049084259144283,0.13815624425958486,24.0,False,0,2,2,4,-17.098082732038122,219.82000732421875,89249674.53838196,33.379790940766554,False,0.0,0,,,,0.0,0,,,,False,False,False,False,0,,none,0,0,False,-2,0.5,risk_on,6,False
SPY,773.8109130859375,-0.2760827570236546,23.064532661982007,17.848313212952192,0.057250434258346417,0.6955576793420954,False,1.0152659808415143,3.378966837640148,18.668702679914606,0.8295896382058299,False,True,False,True,29,48.333333333333336,True,0.37178584747363524,0.2643375874484178,False,2.206716311187088,True,1.9520114306135206,True,2,0,0.5020533445546986,False,0.5157401989478535,False,7,1,False,False,False,65.0,8.056505351967687,3.378966837640148,0.9420674686121081,26.0,True,5,3,3,6,-0.466733749179582,777.4394855444215,30699074354.921112,57.073170731707314,False,0.0,0,,,,0.0,0,,,,False,True,False,False,1,,power_play,6,6,True,0,0.75,risk_on,6,False
SQM,69.68830108642578,-24.947943653102524,76.18212163804006,65.23912469901319,47.44806192031935,1.0596436409978052,False,1.0648830382125083,6.95955906301438,-4.722841292163249,-9.676002099936031,False,True,False,True,21,35.0,False,0.44319067375624416,1.4967771096770952,True,-0.70533103688294,True,-0.05980534705318785,True,2,0,0.3783351825857541,False,0.5609892412916503,False,6,3,True,False,False,25.0,18.384809842695407,13.273390017828628,0.13240428421988198,20.0,False,1,2,3,4,-15.950582254954682,82.91348465710684,76441910.09718934,85.50522648083624,True,0.0,0,,,,0.0,0,,,,False,False,False,False,0,,none,0,0,False,-2,0.5,risk_on,6,False
SRE,81.25,-17.964247553297707,1.4950738254291496,0.48257033690288775,-17.308492441790957,0.2422893280169876,False,0.8219210938612733,3.081355168269231,-12.443121861142725,-3.6294599065396893,True,True,False,True,22,36.666666666666664,False,0.47507761110930696,1.2063331901172945,True,-3.4032201941252267,True,-2.096635629061938,True,2,0,0.32820679231619654,False,1.1114402941645336,False,7,2,True,False,False,25.0,9.700480044207902,6.564434344951923,0.19415240580155016,21.0,False,0,2,4,4,-7.817108506195014,88.13999938964844,324325335.5543545,37.282229965156795,False,0.0,0,,,,0.0,0,,,,False,False,False,False,0,,none,0,0,False,-2,0.5,risk_on,6,False
SRPT,20.079999923706055,-17.87321350867731,35.12786263546941,15.203669375400786,-2.58739340329306,0.18889042637589712,False,1.2790578916602606,10.60756558196978,13.38227533456684,-3.7392169886056537,False,True,False,False,27,45.0,True,0.4681917737489415,3.3681455144566588,True,1.042295362892098,True,-4.015297081856895,True,1,1,0.38340454104645005,False,1.3978968583524758,True,4,2,True,False,False,35.0,37.552923471959026,18.47609112833065,0.6009018511171536,12.0,False,1,3,3,3,-14.98730224279804,23.6200008392334,67440682.96848993,54.285714285714285,False,0.0,0,,,,0.0,0,,,,False,False,False,False,0,,none,0,0,False,-3,0.375,risk_on,6,False
SRRK,47.88999938964844,-20.236511226862277,71.52578531083327,55.28534096206812,37.49427818337428,0.7349137556953786,False,1.1244529467174684,10.925033431373205,9.68850104677006,-17.14532868204254,False,True,False,False,24,40.0,True,0.39605741107573955,2.1361362032158757,False,-1.6959204380726796,True,-7.637414081022853,False,0,0,0.4366235518905083,False,0.3561546369123834,False,4,1,False,False,False,25.0,25.720529069371345,24.879935409025723,0.1268492038124403,17.0,False,2,1,2,2,-22.45790043528686,61.7599983215332,97759895.66064262,81.81184668989548,True,0.0,0,,,,0.0,0,,,,False,False,False,False,0,,none,0,0,False,-4,0.25,risk_on,6,False
SSB,103.45500183105469,-7.290075072861779,23.46310443644144,4.599247628938885,-13.19181514975496,0.22027731296854614,False,1.0409684989733656,4.794354063781752,15.561416173948906,-2.382526369031024,False,True,False,True,26,43.333333333333336,True,0.40831286244943527,0.7159183607740465,False,-1.1167315672084357,True,-2.502119276246495,True,2,0,0.34427573360181696,False,0.9426871915344309,False,5,2,True,False,False,65.0,15.0030196426953,5.96394380140374,0.4804970137484945,24.0,False,2,2,2,5,-7.794113507170208,112.19999694824219,69276501.45476303,41.32404181184669,False,0.0,0,,,,0.0,0,,,,False,False,False,False,0,,none,0,0,False,-1,0.625,risk_on,6,False
SSD,173.36000061035156,-17.349303141401595,10.26823414406326,-4.037896231585714,-21.82895901027956,0.9081551208862005,False,0.8178121856323418,3.212962647565367,1.506381471664242,-4.7838778291236945,False,True,False,True,16,26.666666666666668,False,0.4883083803265531,1.029480761383462,True,-3.173056081136492,True,1.0315311557997253,True,2,0,0.38588119309219066,False,0.37935206755969714,False,10,2,True,False,False,25.0,13.18473486005279,6.391316643548757,0.12185667358280626,24.0,False,0,2,3,4,-11.578086927935495,196.05999755859375,50076928.79358139,32.12543554006969,False,0.0,0,,,,0.0,0,,,,False,False,False,False,0,,none,0,0,False,-2,0.5,risk_on,6,False
SSNC,80.55999755859375,-9.094955375933022,30.301919126048805,-7.748203502335005,-25.53926628102885,0.32205851962607734,False,0.890028623122761,3.6742790146185875,13.900591175993116,-3.077986846746672,False,True,False,True,29,48.333333333333336,True,0.38760676276123346,0.7353214230437467,False,1.3621495299197954,True,-0.8126122287488213,True,2,0,0.49936999085020384,False,0.5908110354755158,False,3,1,False,False,False,45.0,22.327525528698075,5.002481257978855,0.7680482072933388,11.0,False,2,2,3,5,-5.178909573085266,84.95999908447266,128113173.31997375,28.292682926829265,False,0.0,0,,,,0.0,0,,,,False,False,False,False,0,,none,0,0,False,-1,0.625,risk_on,6,False
SSRM,36.290000915527344,-7.4470753305925115,86.46939325941364,59.037822782071835,41.246760003377986,0.5538822101131026,True,0.9660789764187463,7.688060155535369,49.66722850314695,-2.681684031773801,False,True,False,True,27,45.0,True,0.3901182912879881,1.4310415667347622,False,2.6632107934136764,True,4.251650341421409,True,2,0,0.4938160152788318,False,0.485548144336719,False,4,3,True,False,False,25.0,20.10648751000947,11.297873713656575,0.6027744832779849,11.0,False,5,3,5,5,-7.986809890628255,39.439998626708984,86882383.89049682,83.13588850174216,True,0.0,0,,,,0.0,0,,,,False,False,False,False,0,,none,0,0,False,-1,0.625,risk_on,6,False
ST,41.959999084472656,-21.439404549825227,48.34502732051038,35.86519560797032,18.074132829276476,0.9585712248252877,False,0.8049701476822438,4.671113267964669,21.95121734889449,2.266634981342097,False,True,False,True,22,36.666666666666664,False,0.5235162918001498,1.439942459433393,True,-1.7724904750225194,True,1.4016384760423106,True,2,0,0.42719785576349223,False,0.4289720604103336,False,4,2,True,False,False,25.0,13.99572509367405,7.268825795063476,0.2610685929239978,24.0,False,1,2,3,4,-10.34188083651748,46.79999923706055,56216888.22183399,71.6376306620209,False,0.0,0,,,,0.0,0,,,,False,False,False,False,0,,none,0,0,False,-2,0.5,risk_on,6,False
STAG,37.4473991394043,-10.924361741454636,12.235940110715182,10.791674392971974,-6.999388385721872,0.4248642073829995,False,0.8183832658300763,3.5249435879653372,3.3888167562029503,0.7192007316667359,False,True,False,True,25,41.66666666666667,True,0.3352216946027663,0.4565782377620256,False,-1.2606525478643278,True,1.2639253730496458,True,2,0,0.5545649473287295,False,0.8583297177334146,False,3,2,True,False,False,35.0,6.4582796670816744,3.5249435879653372,0.49496002197265626,34.0,False,3,2,2,6,-3.2616894211573655,38.709999084472656,55251271.74767494,49.26829268292683,False,0.0,0,,,,0.0,0,,,,False,True,False,False,1,,power_play,6,6,True,0,0.75,risk_on,6,False
STE,205.24000549316406,-22.94661158028485,3.2428452685485887,-16.792370484218644,-34.58343326291249,0.4314897536265254,False,0.9413714785791056,5.17686596941447,-6.570667337938185,-11.94018672156113,False,True,False,True,21,35.0,False,0.4144600006461172,0.8106461779084538,False,-3.5857883580140726,True,-3.940839663309681,True,2,0,0.2841315404640877,False,0.4164807557737301,False,9,2,True,False,False,65.0,17.58565199463836,9.537612757905608,0.16316216136926276,28.0,False,0,2,2,4,-14.716339006105471,240.6557165831064,141372439.47921753,21.393728222996515,False,0.0,0,,,,0.0,0,,,,False,False,False,False,0,,none,0,0,False,-2,0.5,risk_on,6,False
STEP,47.56999969482422,-35.637888484198854,21.102738715644897,-23.928626984490098,-41.71968976318394,0.20063224054893355,False,0.9836251319774346,10.458268879624127,2.4274020913270578,-4.84097199917678,False,True,False,False,26,43.333333333333336,True,0.42153257841789016,1.8629368407443847,False,0.14639921548888857,True,-7.469364255952604,False,0,0,0.32585707970183037,False,0.4637962116631277,False,3,2,True,False,False,45.0,24.556770483617253,12.139999470737814,0.6055317796826302,25.0,False,1,3,3,3,-9.686865549414614,52.672293996010104,51501676.27994728,15.88850174216028,False,0.0,0,,,,0.0,0,,,,False,False,False,False,0,,none,0,0,False,-3,0.375,risk_on,6,False
STLD,231.32000732421875,-18.006571248634597,72.00882567387896,68.08127441980105,50.290211641107206,0.2432747285692871,False,0.9417170628540892,7.132975738183147,39.55962063924172,-1.4275326504732067,False,True,False,True,24,40.0,True,0.4533181047743687,1.542322166428762,True,-1.530281308253291,True,-1.3686912001815488,True,2,0,0.3563833912867694,False,0.667118522854123,False,5,2,True,False,False,25.0,15.835393344402002,7.132975738183147,0.3242321225375118,24.0,False,4,2,3,4,-10.701050149130154,259.0400085449219,256494937.83875275,86.34146341463415,True,0.0,0,,,,0.0,0,,,,False,False,False,False,0,,none,0,0,False,-2,0.5,risk_on,6,False
STM,51.5099983215332,-35.46730328430046,144.77166580411614,87.25131684339216,69.46025406469832,0.5498213644632058,False,0.6152578304801832,7.746072235453402,63.34519839860935,4.313481586360912,False,True,True,True,18,30.0,False,0.37921357933318256,0.9306793096293561,False,-1.452485244269168,True,7.806612887258058,False,2,0,0.43665932992708223,False,0.6693148490215406,False,5,2,True,False,False,25.0,16.672513996474482,10.366919678884091,0.4185066927665173,24.0,False,5,2,3,5,-9.694955303706475,57.040000915527344,373697552.73350143,89.61672473867596,True,0.0,0,,,,0.0,0,,,,False,False,False,False,0,,none,0,0,False,-1,0.625,risk_on,6,False
STNE,9.729999542236328,-39.47587350461098,6.68859281065497,-39.288688284051496,-57.079751062745345,0.38530965418006585,False,1.0479795906011455,4.830424348825657,-16.230488404049325,0.20596811545607885,False,True,False,True,18,30.0,False,0.42499706982690116,1.9493152608161382,False,-1.4385554245689502,True,-2.0141063121136837,True,2,0,0.41060473536617736,False,0.45858064362817613,False,5,2,True,False,False,25.0,15.925928117152882,9.249739577309569,0.37790669628970847,11.0,False,0,2,3,4,-9.907413237052264,10.800000190734863,60362150.00260296,7.665505226480835,False,0.0,0,,,,0.0,0,,,,False,False,False,False,0,,none,0,0,False,-2,0.5,risk_on,6,False
STNG,87.28500366210938,-0.6431358245022167,79.40402828032053,51.033709649600326,33.24264687090648,0.8007525551873804,True,1.063480823513114,6.106426050336433,24.95072959517175,11.860829203637069,False,True,False,True,27,45.0,True,0.33862465225969046,1.0267458498949906,False,2.9900837625166314,True,2.1355073685793036,True,2,1,0.5373553833985434,False,1.4691690002598228,True,4,1,False,False,False,25.0,17.843659927226792,10.826598558469733,0.8273183603495564,2.0,False,7,2,3,5,-3.081272453598438,90.05999755859375,71104789.99226227,80.06968641114982,True,0.0,0,,,,0.0,0,,,,False,False,False,False,0,,none,0,0,False,-1,0.625,risk_on,6,False
STRC,98.98999786376953,0.0,37.130291256163936,13.876076857211173,-3.914985921482673,0.9824666530919621,False,0.5299087933833905,2.0810235705058497,5.457697740239276,2.7501149273275294,False,True,True,True,34,56.666666666666664,True,0.5731982569803373,0.42578425492409655,True,9.034684874140146,False,0.5893650849273069,True,3,2,0.5794066967955963,False,1.8695633179602795,True,2,0,False,False,False,55.0,17.149101273743643,2.0810235705058497,0.9964674123821863,0.0,True,5,3,5,6,-0.06058070281625971,99.05000305175781,149054574.39012948,52.82229965156794,False,0.0,0,,,,0.0,0,,,,False,True,False,False,1,,power_play,6,6,True,0,0.75,risk_on,6,False
STRL,517.530029296875,-47.92098190847539,82.50520715512728,43.65857856956974,25.867515790875895,0.533100299491641,False,0.666395767935742,14.006914793497321,22.47782374814371,9.99108250039451,False,True,False,False,23,38.333333333333336,False,0.43679551536609945,2.115473365384025,False,-1.3246910971237733,True,9.444463518692858,False,0,0,0.5403684467308434,False,1.1610006378131088,False,3,2,True,False,False,25.0,26.661388405817533,14.006914793497321,0.45179478666872885,24.0,False,2,2,3,3,-14.615912118719077,606.1199951171875,279674178.4401733,76.86411149825784,False,0.0,0,,,,0.0,0,,,,False,False,False,False,0,,none,0,0,False,-3,0.375,risk_on,6,False
STT,184.09500122070312,-5.232674546263882,68.89020537318305,66.37483482110692,48.583772042413074,0.33838569345381553,False,0.9898175527128105,3.796947330468261,51.13809401908498,-4.776806767126473,False,True,False,True,25,41.66666666666667,True,0.43273324660920226,0.8896388562706855,False,-0.7027425540878903,True,-2.1603966636321026,True,2,0,0.46775596873207387,False,0.9670867989745486,False,4,1,False,False,False,65.0,16.335386917196203,7.637359768252402,0.6302249530349595,16.0,False,4,2,3,5,-6.040418464498332,195.92999267578125,299424113.19883883,86.06271777003485,True,0.0,0,,,,0.0,0,,,,False,False,False,False,0,,none,0,0,False,-1,0.625,risk_on,6,False
STWD,15.042400360107422,-17.222310505735784,0.6854135381541449,-17.222310505735784,-35.01337328442963,0.468387395022729,False,0.9424444049859854,3.6563262770159324,-8.450414834873987,-4.855155212752916,False,True,False,True,21,35.0,False,0.5260193475046737,0.9123573381083407,True,-3.7674355563705357,True,-2.575124553636865,True,2,0,0.21982308440142195,False,0.1866860148004543,False,9,2,True,False,False,25.0,10.891674691000373,8.176889768022773,0.08373633087700894,22.0,False,0,2,2,4,-9.979645815270022,16.709999084472656,63942124.92546167,20.975609756097562,False,0.0,0,,,,0.0,0,,,,False,False,False,False,0,,none,0,0,False,-2,0.5,risk_on,6,False
STX,882.4600219726562,-19.281815857320073,319.10434435706804,302.1815603959416,284.3904976172477,0.7112422738217188,True,0.7676863601247642,17.731118446420634,118.9569087303279,6.351235488188567,False,True,False,False,24,40.0,True,0.3356801354583188,1.8807022637865471,False,0.8259231086591464,True,9.547518508491848,False,0,0,0.4558413139768594,False,1.1399167237157553,False,5,2,True,False,False,25.0,25.211295684422737,18.93457184405416,0.4854875577964505,24.0,False,9,2,4,5,-12.971525313708154,1013.989990234375,2993314925.573059,98.46689895470384,True,0.0,0,,,,0.0,0,,,,False,False,False,False,0,,none,0,0,False,-1,0.625,risk_on,6,False
STZ,118.04499816894531,-28.144336666790203,0.0,-8.595653347209053,-26.3867161259029,0.4894034438114414,False,1.0010628448387386,6.7093043261437115,-21.44234318443875,-9.675571226751046,False,True,False,True,22,36.666666666666664,False,0.4186568398838283,1.070816784495662,False,-3.6450235165329103,True,-5.564001464843749,False,1,0,0.3532613201972791,False,0.3756662195827297,False,7,2,True,False,False,25.0,15.817130710374109,11.910716596281093,0.050750941693976113,19.0,False,0,2,3,4,-15.014396431925913,138.89999389648438,289500299.0400009,27.31707317073171,False,0.0,0,,,,0.0,0,,,,False,False,False,False,0,,none,0,0,False,-2,0.5,risk_on,6,False
SU,67.80999755859375,-5.649095634939805,81.37208267293062,66.61786978261858,48.82680700392474,0.4006429264298381,True,1.0225983000807901,7.063856493120156,8.716315174116595,4.302346581941663,False,True,False,True,30,50.0,True,0.41089024925861717,1.1284183457809076,False,1.2704529172102492,True,-1.3242195080683694,True,2,0,0.5461650985178956,False,0.7358556229004676,False,5,1,False,False,False,35.0,17.335763389346592,7.063856493120156,0.6597863642117109,4.0,False,4,2,4,5,-5.897863091855116,72.05999755859375,306375496.3583813,86.13240418118467,True,0.0,0,,,,0.0,0,,,,False,False,False,False,0,,none,0,0,False,-1,0.625,risk_on,6,False
SUI,113.63500213623047,-15.642484963674608,0.0,-8.175445310990526,-25.96650808968437,0.39962343816974927,False,0.8745264742947659,4.329650263082681,-10.321109230821657,-7.553690344148267,False,True,False,True,20,33.33333333333333,False,0.512630930247806,0.9832924248827764,True,-3.010606540594972,True,-3.731784772222435,True,2,0,0.23527766205567735,False,0.2479458777602429,False,5,3,True,False,False,25.0,10.458861598982248,6.38007644097933,0.03441768449628688,17.0,False,0,2,2,4,-10.098891800278142,126.4000015258789,144119216.05503386,27.80487804878049,False,0.0,0,,,,0.0,0,,,,False,False,False,False,0,,none,0,0,False,-2,0.5,risk_on,6,False
SW,45.849998474121094,-9.728722060750094,43.97835168155697,7.737344048533035,-10.05371873016081,0.34262456827294785,False,0.9141078428869169,6.913854065735264,20.921523812359943,-5.052810923889794,False,True,False,True,25,41.66666666666667,True,0.3950493885564162,1.2470775012278719,False,-0.2764976015981873,True,4.799996512276783,True,2,0,0.38614750799902336,False,0.47192418933106856,False,6,1,False,False,False,25.0,17.458431541777237,10.359869483269495,0.47052129872713666,17.0,False,3,1,2,6,-9.243867659001403,50.52000045776367,201016326.33376694,45.36585365853659,False,0.0,0,,,,0.0,0,,,,False,True,False,False,1,,power_play,6,6,True,0,0.75,risk_on,6,False
SWK,89.41999816894531,-13.270956473711216,50.122812184808055,21.63336011169077,3.8422973329969246,0.276157340864705,False,0.9001441366079772,5.0995276805735745,30.39955443367861,-7.772796934021731,False,True,False,True,25,41.66666666666667,True,0.44314672336862104,1.2407622198639061,True,-1.906007576196118,True,0.5962411777883148,True,2,0,0.4200918705037873,False,0.48373710031751915,False,6,3,True,False,False,45.0,17.481851533430422,10.154330146484035,0.20864517670208793,28.0,False,2,2,2,4,-13.834347531158164,103.77684797463847,151646194.4154541,61.11498257839722,False,0.0,0,,,,0.0,0,,,,False,False,False,False,0,,none,0,0,False,-2,0.5,risk_on,6,False
SWKS,89.44999694824219,-2.0477472107219175,71.86142718808937,16.97262877660417,-0.8184340020896741,0.2904728459471685,False,1.5808281967807118,14.108444021394718,65.58496514802408,35.96290576602008,False,True,False,False,27,45.0,True,0.4857238543500412,3.3863058642204305,True,3.5059896873920544,True,12.856415010559008,False,0,1,0.5816947562120542,False,2.0016431159469588,True,4,1,False,True,False,25.0,31.679307379946977,21.017332245003793,0.902530576610245,6.0,False,6,2,2,4,-3.0877638237102434,92.30000305175781,635007565.2883205,55.818815331010455,False,0.0,0,,,,0.0,0,,,,False,False,False,False,0,,none,0,0,False,-2,0.5,risk_on,6,False
SWX,84.7699966430664,-8.57631308628225,12.986744896949553,11.300588248728927,-6.490474529964919,0.3903300721779455,False,0.9212930835799538,3.963667268384146,0.17940551299129304,-4.859710331322087,False,True,False,True,20,33.33333333333333,False,0.46620695344913543,0.8729433976901466,True,-3.312264933311137,True,-1.8865796921592293,True,2,0,0.34405614519645733,False,0.19948745659584807,False,5,3,True,False,False,25.0,9.3709903954349,5.6387860901111,0.005707238604030166,22.0,False,1,2,2,5,-9.317507917292078,93.4800033569336,58878372.99195786,50.03484320557491,False,0.0,0,,,,0.0,0,,,,False,False,False,False,0,,none,0,0,False,-1,0.625,risk_on,6,False
SYF,75.04499816894531,-14.114477323058349,18.64979991118423,-0.3849282790174491,-18.175991057711293,0.27883536712039236,False,1.0155728530196888,4.124193878631981,13.71125960536823,-3.8501021977151884,False,True,False,True,22,36.666666666666664,False,0.46513932311640477,1.1014783891633435,True,-0.9120484314684943,True,-1.1004205517878396,True,2,1,0.3838076217022275,False,1.2310959543491984,True,4,2,True,False,False,55.0,17.28829647741404,7.748687565179502,0.5145655800776966,24.0,False,0,3,3,4,-8.392334171958282,81.91999816894531,242206619.4808735,36.30662020905923,False,0.0,0,,,,0.0,0,,,,False,False,False,False,0,,none,0,0,False,-2,0.5,risk_on,6,False
SYK,273.7300109863281,-28.972437813561204,1.3777271531274504,-26.62023593381052,-44.41129871250436,0.4544777867594899,False,0.9727339275614176,6.762141169296015,-17.254453221741294,-17.224588295550504,False,True,False,True,18,30.0,False,0.47671651559779815,1.6630027958158218,True,-4.466156518437986,True,-2.8878505239534946,True,2,0,0.3590764226990094,False,0.6011721449739177,False,6,2,True,False,False,25.0,22.361150119598914,12.607316837958502,0.08751640468772261,22.0,False,0,2,3,3,-20.404182656449176,343.8999938964844,861022511.0090668,14.355400696864113,False,0.0,0,,,,0.0,0,,,,False,False,False,False,0,,none,0,0,False,-3,0.375,risk_on,6,False
SYM,43.130001068115234,-50.595647697120214,12.84667632284755,-24.399646547063703,-42.19070932575755,0.4250800036305399,False,0.9240040401387353,9.158359993316983,-18.003797872095085,8.163012083047615,False,True,False,False,29,48.333333333333336,True,0.4123209451473411,1.7606966825248755,False,0.6664947103600942,True,3.677890985851695,True,1,0,0.41758222872227063,False,0.969336476603339,False,3,2,True,False,False,25.0,17.27771473919488,12.1725014374766,0.6925033675492821,2.0,False,2,2,2,3,-5.312839098746558,45.54999923706055,67968757.06109619,15.749128919860627,False,0.0,0,,,,0.0,0,,,,False,False,False,False,0,,none,0,0,False,-3,0.375,risk_on,6,False
SYNA,95.6500015258789,-35.18330502232,63.44839504045032,33.180175344350516,15.38911256565667,0.3063264965387925,False,0.9254158460624669,11.834821896114688,31.189132796035345,0.599494829456404,False,True,False,False,24,40.0,True,0.37898308024264843,1.901607762837449,False,-1.7784907719877614,True,0.6206648247823576,True,1,0,0.48066320149137354,False,1.1215810406741349,False,4,0,False,False,False,25.0,22.29181733980459,13.55985469293901,0.2991691297902596,24.0,False,4,1,2,4,-15.622793744811824,113.36000061035156,70547871.7475071,69.4773519163763,False,0.0,0,,,,0.0,0,,,,False,False,False,False,0,,none,0,0,False,-2,0.5,risk_on,6,False
SYRE,91.30500030517578,-16.17241843545295,513.6088682994366,513.6088682994366,495.81780552074275,0.3172163391067636,False,0.7180247183005032,7.359948741298225,113.52900815993752,1.0458163882703264,False,True,False,True,22,36.666666666666664,False,0.3129262259286155,1.399728695144438,False,-1.6597455016185187,True,0.5561643573184893,True,2,1,0.5398709380276794,False,1.4646563943077937,True,4,1,False,False,False,25.0,23.75766038278335,11.160399109958288,0.2790830736764787,22.0,False,6,2,3,5,-17.12729949979427,110.17500305175781,119543460.19341126,99.37282229965156,True,0.0,0,,,,0.0,0,,,,False,False,False,False,0,,none,0,0,False,-1,0.625,risk_on,6,False
SYY,78.69000244140625,-12.452038382026709,15.164107403736772,-1.7809697043455586,-19.572032483039404,0.43893673701285557,False,0.9997765263279197,5.057825941608229,-2.1951911284673553,-3.966316699006711,False,True,False,True,23,38.333333333333336,False,0.41967998910390186,0.7747091911910413,False,-2.1240212575776374,True,-5.80560021662585,False,1,0,0.39835411141428123,False,0.7089627705269643,False,6,2,True,False,False,65.0,10.644193639393034,8.33650699588988,0.13695850626111866,38.0,False,0,2,2,4,-9.186380778187663,86.6500015258789,296862337.63061905,34.91289198606272,False,0.0,0,,,,0.0,0,,,,False,False,False,False,0,,none,0,0,False,-2,0.5,risk_on,6,False
T,25.610000610351562,-9.88130481942825,26.723221882404346,-7.55725271250326,-25.348315491197106,0.5308651682399022,False,1.0072073256588703,7.3018383235709265,-8.815927985110129,-1.5378685698207328,False,True,False,True,32,53.333333333333336,True,0.40212578559166023,0.9158820557346717,False,1.8535256720401099,True,-3.394943835382358,True,2,1,0.502354921147987,False,1.3699723621506714,True,4,0,False,False,False,35.0,16.26439293902802,8.317067619491926,0.6986302801537375,4.0,False,2,3,3,5,-4.9015955435044,26.93000030517578,924273769.0943047,28.57142857142857,False,0.0,0,,,,0.0,0,,,,False,False,False,False,0,,none,0,0,False,-1,0.625,risk_on,6,False
TAL,11.805000305175781,-8.559252945752993,31.89944756149734,5.969478827275121,-11.821583951418724,0.09290436263437363,False,0.9810237152103107,4.659044273753397,5.874445821118757,-1.1306472357780928,False,True,False,True,29,48.333333333333336,True,0.47646718740304406,1.5408266776126036,True,0.7579939069234334,True,1.3304780405225536,True,2,1,0.4518640044001831,False,1.3919021458914285,True,5,2,True,False,False,45.0,19.157391590048007,8.979241326047548,0.6784233744402605,29.0,False,2,4,4,5,-6.160569342054167,12.579999923706055,68132990.14606953,43.066202090592334,False,0.0,0,,,,0.0,0,,,,False,False,False,False,0,,none,0,0,False,-1,0.625,risk_on,6,False
TAP,37.599998474121094,-28.484674790967112,0.18651664561959436,-15.620963117802955,-33.4120258964968,0.33150721656986487,False,0.84994392803995,6.74202114438082,-8.217205129124372,-9.31018016302173,False,True,False,True,26,43.333333333333336,True,0.34054373038213853,1.0161978910675897,False,-2.8836764021934274,True,-3.7871117901471463,True,2,0,0.36409296014973064,False,0.15862945840302767,False,5,2,True,False,False,25.0,14.324793399291588,10.83776842635818,0.06512323231032326,19.0,False,1,2,2,4,-13.391916550952143,43.41395973303281,202041076.98306543,22.369337979094077,False,0.0,0,,,,0.0,0,,,,False,False,False,False,0,,none,0,0,False,-2,0.5,risk_on,6,False
TARS,77.20999908447266,-14.948226346439398,40.381816517223015,40.381816517223015,22.59075373852917,0.153704543567272,False,1.1880082856773466,4.688515463679151,20.396074210587244,7.59475583333431,False,True,False,True,20,33.33333333333333,False,0.44861793426990076,2.256031825851597,True,2.1831875625263546,True,-3.427139422586023,True,2,1,0.29976637162501163,False,1.3109575572510694,True,6,4,True,True,False,45.0,39.648200136367194,18.59862813188329,0.605400913782474,10.0,False,1,3,3,4,-15.645143543980089,91.52999877929688,60639648.881744385,74.70383275261324,False,0.0,0,,,,0.0,0,,,,False,False,False,False,0,,none,0,0,False,-2,0.5,risk_on,6,False
TCOM,40.654998779296875,-48.51190571088595,5.051674361282177,-48.223381918742284,-66.01444469743613,0.5188961996521693,False,1.0005628036957117,5.042428480171267,-20.781373692414384,-10.352811141776364,False,True,False,True,23,38.333333333333336,False,0.5404219370084217,1.1323971900453895,True,-2.9430450032072057,True,4.030186475044184,True,2,0,0.2312181507831331,False,0.17616415385985232,False,7,2,True,False,False,25.0,17.141633413054816,6.51826738518657,0.2481250762939453,22.0,False,0,2,3,4,-12.888364314637746,46.66999816894531,155808941.8571314,3.97212543554007,False,0.0,0,,,,0.0,0,,,,False,False,False,False,0,,none,0,0,False,-2,0.5,risk_on,6,False
TD,123.7699966430664,-0.8253256278080712,60.73136881010417,59.709290317270835,41.918227538576986,0.22011142869423192,True,0.9585385990987019,3.7650511339578587,34.12306037520736,2.0783477468588885,False,True,False,True,31,51.66666666666667,True,0.48095316617021827,0.734688373443897,True,1.4256802074367816,True,2.348463020527314,True,2,2,0.6903071202756472,True,1.6781545102379636,True,4,1,False,False,False,25.0,8.24898252444848,4.467963908284283,0.8357483257715088,24.0,True,8,5,7,7,-1.3549091903222288,125.47000122070312,218891914.3881817,83.55400696864112,True,0.0,0,,,,0.0,0,,,,True,True,False,False,2,power_play,sepa_vcp,7,7,True,1,0.875,risk_on,6,True
TDC,29.3799991607666,-22.439286345488906,43.87854579332018,33.545450730757274,15.754387952063428,0.23157762379214672,False,0.706803230367232,5.513951593463883,9.057158791160136,2.1202596221659764,False,True,False,True,22,36.666666666666664,False,0.3682323266298104,1.1189221188495888,False,0.5157498393715917,True,0.034042632780062476,True,2,1,0.5699761333872269,False,2.7924843477149794,True,5,1,False,False,False,25.0,11.247509815188419,10.006802963544645,0.7758111015587373,4.0,True,2,4,5,5,-2.5215668356743826,30.139999389648438,50579319.44068317,69.7560975609756,False,0.0,0,,,,0.0,0,,,,False,False,False,False,0,,none,0,0,False,-1,0.625,risk_on,6,False
TDG,1111.800048828125,-23.32413456357758,3.3261808661329884,-13.307231204677894,-31.09829398337174,0.6474830426660314,False,0.8070147297175357,4.694184126116919,-3.57077139224129,-6.253946027910551,False,True,False,True,17,28.333333333333332,False,0.4512055171995165,0.9530001244964572,True,-3.438687132904686,True,0.0522019168385679,True,2,0,0.3330515805373261,False,0.4756363183412222,False,5,4,True,False,False,25.0,14.784025073209659,8.303646540254325,0.21818700110280378,24.0,False,0,2,2,4,-11.558342978257386,1257.0999755859375,437413384.6333252,23.97212543554007,False,0.0,0,,,,0.0,0,,,,False,False,False,False,0,,none,0,0,False,-2,0.5,risk_on,6,False
TDW,86.2300033569336,-14.292811018965878,82.34299362980255,54.037163383457965,36.24610060476412,0.37515385940460716,True,1.0825018988550485,8.04859065013003,14.302757908720732,-6.899156985702259,False,True,False,False,27,45.0,True,0.5022816141043898,2.212772045859181,True,0.04438393656048836,True,-2.6529672900697854,True,1,0,0.44325591586281304,False,0.4028943267010227,False,6,3,True,False,False,65.0,38.26540859019637,13.417948267168414,0.6050939699130619,12.0,False,3,3,5,3,-15.111240596009068,101.58000183105469,56726895.92287445,81.53310104529616,True,0.0,0,,,,0.0,0,,,,False,False,False,False,0,,none,0,0,False,-1,0.625,risk_on,6,False
TDY,610.10498046875,-11.745263815704732,25.932457929590804,7.904884852958505,-9.88617792573534,0.4074407847515751,False,0.6623965062740655,3.056854969407641,-2.195416414269624,-1.9060777357210013,False,True,False,True,18,30.0,False,0.3608496996895039,0.5828266700447592,False,-2.7508758336331205,True,2.1763151573384487,True,2,0,0.43894046933545877,False,0.4466820795181456,False,5,4,True,False,False,25.0,13.946979323132267,3.589550178272022,0.20916982244668997,24.0,False,2,2,3,6,-11.029692134445035,685.739990234375,144799205.73931885,45.78397212543554,False,0.0,0,,,,0.0,0,,,,False,True,False,False,1,,power_play,6,6,True,0,0.75,risk_on,6,False
TEAM,195.3000030517578,0.0,241.73227968037975,15.527950030242277,-2.2631127484515687,0.4563788448487493,False,0.9850493789425436,6.897081930476645,162.4647136675352,2.5654543695959875,False,True,False,True,32,53.333333333333336,True,0.4568203217579279,2.2679685635769338,True,5.613386308750628,False,1.312444220170783,True,2,1,0.5437123733204814,False,1.8578454258428547,True,3,2,True,False,False,25.0,21.17321337333707,12.421911995775355,0.9215219307428835,11.0,True,8,4,5,6,-1.6616329055084589,198.60000610351562,678720871.2914085,54.70383275261324,False,0.0,0,,,,0.0,0,,,,False,True,False,False,1,,power_play,6,6,True,0,0.75,risk_on,6,True
TECH,72.48500061035156,0.0,67.89743094021019,37.15071927677938,19.35965649808553,0.7875687251964735,False,0.7420460867975446,0.4552691291659588,39.80689932023922,0.18659590750200739,False,True,False,True,27,45.0,True,0.3961412885488048,0.08991344289576364,False,2.1214139833327077,True,0.2975010063263728,True,2,1,0.41352236266976944,False,0.6869088421253092,False,1,1,False,False,False,65.0,24.098936413830994,0.6346127896796402,0.9945685681443045,11.0,True,7,4,5,6,-0.13089173092646345,72.58000183105469,182753135.6789196,72.6829268292683,False,0.0,0,,,,0.0,0,,,,False,True,False,False,1,,power_play,6,6,True,0,0.75,risk_on,6,True
TECK,66.38999938964844,-7.627745931531626,74.44411645752072,69.95405000379873,52.162987225104885,0.40018957531860094,True,1.0796148689396297,6.281063725383166,38.058247267093634,-4.124144670916252,False,True,False,True,26,43.333333333333336,True,0.4611572816060384,1.327417332392585,True,0.889219068196401,True,0.34764717461570616,True,2,0,0.5751311315461184,False,0.6984604453201524,False,5,2,True,False,False,45.0,25.854466047500647,14.085592465471732,0.6759229637693724,9.0,False,6,3,5,5,-8.378838729999394,72.46142536220661,196638243.61704254,86.68989547038328,True,0.0,0,,,,0.0,0,,,,False,False,False,False,0,,none,0,0,False,-1,0.625,risk_on,6,False
TEL,210.5500030517578,-14.522317598666856,8.348235339198018,-1.5407223788453828,-19.33178515753923,0.35409767412643056,False,0.9546747585719335,5.3906463733109256,5.677168490713913,3.893219800194636,False,True,False,True,24,40.0,True,0.46457521876906793,1.2178189692612005,True,0.6606267311943114,True,3.5305148777886375,True,2,0,0.4465002396153889,False,0.739489286186582,False,4,1,False,False,False,45.0,14.285065757831841,6.307297005748044,0.6654727716736331,28.0,False,2,2,4,5,-4.7787434544273815,221.11659800560307,418299782.860511,35.26132404181185,False,0.0,0,,,,0.0,0,,,,False,False,False,False,0,,none,0,0,False,-1,0.625,risk_on,6,False
TEM,78.75,-23.728813559322038,89.53068940073263,-10.754757585580165,-28.54582036427401,0.5559316083277744,False,1.1030025987318375,25.33333430214534,60.256412246901746,22.970016980287113,True,True,False,False,28,46.666666666666664,True,0.47860846507554583,3.9123058170882996,True,4.5390541610740165,False,26.587367238292824,False,0,0,0.5124138995002824,False,1.13066985287104,False,3,2,True,True,True,25.0,39.69204769662776,30.61587379092262,0.9051723672190696,1.0,False,4,1,3,2,-3.7639029232989896,81.83000183105469,484354409.2671261,25.853658536585368,False,0.0,0,,,,0.0,0,,,,False,False,False,False,0,,none,0,0,False,-3,0.375,risk_on,6,False
TENB,35.90999984741211,-15.803051435712467,123.87779175654434,18.789283464063168,0.9982206853693221,0.2035744251976803,True,1.012207179748693,13.589532411170191,77.15835735789594,-4.672148678212906,False,True,False,False,24,40.0,True,0.38807049802342986,2.8791670972630485,False,0.17558285060996995,True,2.366014746392242,True,1,1,0.4414942374005725,False,1.3021325519433695,True,6,2,True,True,False,25.0,22.936488085078835,24.83987778946419,0.6659193366874444,4.0,False,5,3,3,4,-7.662637153523666,38.88999938964844,211471942.3605709,58.18815331010453,False,0.0,0,,,,0.0,0,,,,False,False,False,False,0,,none,0,0,False,-2,0.5,risk_on,6,False
TER,381.5899963378906,-21.10272336335175,219.0063659980062,219.0063659980062,201.21530321931235,0.5099383817155388,True,0.7786460186370754,14.811714162758765,25.65172341336568,7.5405142996274765,False,True,False,False,25,41.66666666666667,True,0.4166819651166658,1.840475761075277,False,0.8755781610348744,True,15.914332377944064,False,0,0,0.5657707752187296,False,1.1551186177660069,False,5,1,False,False,False,25.0,26.60467760069769,15.542859647210427,0.47166429729438325,24.0,False,6,1,4,4,-14.056201035421001,443.99945189199707,886453838.2420838,97.49128919860627,True,0.0,0,,,,0.0,0,,,,False,False,False,False,0,,none,0,0,False,-2,0.5,risk_on,6,False
TEVA,40.46500015258789,0.0,120.63794883272139,120.51770741896237,102.72664464026853,0.6842341792702372,True,1.1841850969918775,6.623008266575739,40.649980913254694,11.045558939535049,True,True,False,True,27,45.0,True,0.41289412489669775,1.4050004741192814,False,3.763211761017426,True,4.506711975390476,True,2,2,0.6300429331125718,True,1.355439545025003,True,3,1,False,False,False,35.0,17.185589553546695,13.270734526955389,0.9536375657776592,0.0,True,10,4,6,6,-0.7967657652484528,40.790000915527344,180129664.2909363,93.31010452961672,True,0.0,0,,,,0.0,0,,,,True,True,False,False,2,power_play,sepa_vcp,6,6,True,0,0.75,risk_on,6,True
TEX,59.7400016784668,-19.69230177532999,44.13209934536961,16.30125730703609,-1.489805471657757,0.29716386874270934,False,0.9137237851984326,5.356546155057925,0.9114159123244647,-6.26078439107034,False,True,False,True,21,35.0,False,0.45237036325461705,1.6663705804596523,True,-1.907887606781858,True,1.806409965539002,True,2,0,0.34890269926066775,False,0.4421066417989286,False,9,2,True,False,False,25.0,14.991182577441325,10.847002611605275,0.18627464546692452,24.0,False,0,2,3,4,-12.198705357698502,68.04000091552734,58218748.59377937,55.54006968641115,False,0.0,0,,,,0.0,0,,,,False,False,False,False,0,,none,0,0,False,-2,0.5,risk_on,6,False
TFC,49.154998779296875,-9.205071364103878,24.75222007885547,11.460503568708159,-6.330559209985687,0.40507993897015754,False,1.1477067438930373,7.506871189182913,11.829254481067508,-2.5282600003237565,False,True,False,True,25,41.66666666666667,True,0.4140120145617287,0.8869624726625062,False,-1.6563871811803523,True,-1.8862269932250708,True,2,0,0.35104541316032983,False,1.0215725403393194,False,5,1,False,False,False,65.0,11.527106013571201,8.137524360360114,0.267543134652942,45.0,False,2,1,2,5,-8.443107937223582,53.68792853474484,336079806.57998353,50.174216027874564,False,0.0,0,,,,0.0,0,,,,False,False,False,False,0,,none,0,0,False,-1,0.625,risk_on,6,False
TFX,124.91500091552734,-12.062655239779973,25.486050909316106,2.996900315781037,-14.794162462912809,0.4200923164426814,False,0.9731779019666958,5.847970717881343,18.609895698747824,-10.56418518425859,False,True,False,True,23,38.333333333333336,False,0.39895237441016995,1.177735891917615,False,-2.2622265801516765,True,-4.132772072224311,True,2,0,0.32037093248084886,False,0.41416424087815307,False,8,1,False,False,False,65.0,16.648272437809165,13.164945719009735,0.18081772426733483,31.0,False,0,1,2,4,-13.637969702621922,144.64111193935156,89068880.33581352,39.721254355400696,False,0.0,0,,,,0.0,0,,,,False,False,False,False,0,,none,0,0,False,-2,0.5,risk_on,6,False
TGT,158.3300018310547,-6.804401436296736,94.41996416568104,86.92993033666635,69.1388675579725,0.23902660407270707,True,0.8230028900229577,4.073767999525843,40.13108259791844,-2.9721724858530307,False,True,False,True,22,36.666666666666664,False,0.4859399663304559,1.2392531763932442,True,1.8796342350279986,True,-0.23314122514329627,True,2,0,0.41663462697365505,False,0.7581363665662146,False,5,2,True,False,False,45.0,22.963182377938594,6.909620611941715,0.6832411596254883,19.0,False,5,3,5,5,-7.273791021344255,170.75,614131703.4913986,89.54703832752612,True,0.0,0,,,,0.0,0,,,,False,False,False,False,0,,none,0,0,False,-1,0.625,risk_on,6,False
TGTX,57.380001068115234,-2.8445652998842275,112.99183344697892,77.26290689368966,59.47184411499582,0.6792312040700961,True,1.0151528386197088,11.188564045727702,88.44006446775579,6.3971829100997635,False,True,False,False,21,35.0,False,0.4133906025325364,2.102937314127487,False,1.6301651693469417,True,6.259261237250424,False,0,0,0.5023958510021778,False,1.060709694531131,False,4,2,True,False,False,55.0,23.499153014971434,11.188564045727702,0.8622175453657511,51.0,False,8,3,5,7,-3.237770984228572,59.29999923706055,101698270.757683,88.01393728222997,True,0.0,0,,,,0.0,0,,,,False,True,False,False,1,,power_play,7,7,True,1,0.875,risk_on,6,False
THC,260.625,-7.1749082173775065,61.50772007567649,37.07005408467929,19.278991305985446,0.3177279635697486,True,0.8920251825915168,4.247484824640288,28.127916674605746,-2.314463296662672,False,True,False,True,24,40.0,True,0.43515881625966524,1.3263958093839896,False,1.2017584205702858,True,-1.468757182031566,True,2,0,0.44008438148602663,False,0.32629572059134593,False,6,2,True,False,False,45.0,32.42889851430439,5.429254252847722,0.7556924563327471,19.0,False,4,3,5,5,-7.922624539864332,283.04998779296875,222101562.41249847,72.61324041811847,False,0.0,0,,,,0.0,0,,,,False,False,False,False,0,,none,0,0,False,-1,0.625,risk_on,6,False
THG,225.57000732421875,-3.1181524931241045,36.62538995837825,31.577642254786277,13.786579476092431,0.4227726714669675,True,0.9858098848364027,4.24258179487242,32.9480349973726,-0.5004205002185791,True,True,False,True,27,45.0,True,0.4417651698290386,0.7529766355015058,True,0.5174979656145837,True,-2.430898852822083,True,2,0,0.4034539992600627,False,0.6951642593459721,False,5,2,True,False,False,65.0,16.54594935662419,5.927947268360177,0.7557779598869104,34.0,False,6,3,5,5,-4.040885507482617,235.0688712762226,67631997.17164612,68.22299651567944,False,0.0,0,,,,0.0,0,,,,False,False,False,False,0,,none,0,0,False,-1,0.625,risk_on,6,False
TIGO,95.38999938964844,-8.55143167263014,121.00011948858884,110.05689178934026,92.26582901064641,0.3653624757078547,True,0.7309099009596605,4.224760252733793,32.25021702414963,2.1524975319667794,False,True,False,True,24,40.0,True,0.33731524889082853,0.9721554395676865,False,0.14784417508683492,True,-0.041916499423055864,True,2,1,0.5429214037521947,False,0.8747950129303186,False,2,1,False,False,False,25.0,11.40946161119317,4.612636465706755,0.8367900670616433,6.0,True,7,4,6,6,-1.862137464425595,97.19999694824219,74969544.50951004,92.82229965156795,True,0.0,0,,,,0.0,0,,,,True,True,False,False,2,power_play,sepa_vcp,6,6,True,0,0.75,risk_on,6,True
TJX,130.58999633789062,-22.21244034377112,6.309020051321412,-5.434803866917082,-23.225866645610928,0.5238237378829778,False,0.846808845446632,6.026491567412675,-16.018454389894522,-3.35257470618473,False,True,False,True,19,31.666666666666664,False,0.5065711239625105,1.0236748855089783,True,-5.270505452132227,True,3.6510822701139922,True,2,0,0.3960158976765207,False,0.5721844453431348,False,4,2,True,False,False,25.0,19.97653350688222,7.060266084124199,0.25481236913034344,23.0,False,0,2,3,4,-14.88626567698187,153.42999267578125,1141062017.0017014,30.522648083623693,False,0.0,0,,,,0.0,0,,,,False,False,False,False,0,,none,0,0,False,-2,0.5,risk_on,6,False
TKO,192.46499633789062,-13.412330522334958,10.782107581566125,-2.779902531606937,-20.57096531030078,0.3360068887033055,False,1.097147366045039,5.123009792929512,-0.1406443482466435,4.6647970359186,False,True,False,True,25,41.66666666666667,True,0.48022488987337136,1.409411588402742,True,0.8131554647567092,True,-0.24102605999860582,True,2,0,0.5042759328478621,False,0.7266976768871501,False,4,1,False,True,True,45.0,12.086281824057993,9.107226553286365,0.6011856717436068,21.0,False,2,2,4,5,-4.820182366779147,202.21198267006773,215900805.14888,33.937282229965156,False,0.0,0,,,,0.0,0,,,,False,False,False,False,0,,none,0,0,False,-1,0.625,risk_on,6,False
TKR,115.83999633789062,-20.071420660065197,65.86826196850537,51.50724129211896,33.71617851342512,0.4277473967234033,False,0.7514238582897188,4.376726394254771,17.713240109385374,-4.1218369222913775,False,True,False,True,20,33.33333333333333,False,0.46125904649784005,1.2795412324250364,True,-4.081373825537429,True,-0.5665267485917336,True,2,0,0.44866490406446136,False,0.5685404650546879,False,4,4,True,False,False,25.0,14.671355334179115,8.762087229589195,0.050133482708916405,24.0,False,1,2,3,4,-13.935829195216677,134.59723745046807,103714631.98874283,80.34843205574913,True,0.0,0,,,,0.0,0,,,,False,False,False,False,0,,none,0,0,False,-2,0.5,risk_on,6,False
TLN,300.0799865722656,-32.693345362213144,6.354773370067646,-29.152897275018596,-46.943960053712445,0.39767042397765057,False,0.7821158045346976,7.729608225183288,-3.5174595935457242,1.342420910979114,False,True,False,True,18,30.0,False,0.39716205573592334,1.5700262424262617,False,-2.4409423772970604,True,4.732653245336649,True,2,0,0.3511464559332319,False,0.4154548237432439,False,6,2,True,False,False,25.0,23.950748803868237,16.950487545994257,0.23050725117060228,24.0,False,0,2,3,4,-18.42992753361098,367.8800048828125,222591595.4853119,12.125435540069686,False,0.0,0,,,,0.0,0,,,,False,False,False,False,0,,none,0,0,False,-2,0.5,risk_on,6,False
TM,193.39500427246094,-22.10922328650198,16.153155719195755,-2.792155195270707,-20.58321797396455,0.36045044255542896,False,1.0725194844291401,2.843920410814453,-8.186951750454185,-0.5578936028969084,False,True,False,True,28,46.666666666666664,True,0.48631793459437955,0.5993985810233142,True,1.2253376600368973,True,-2.1082169151665053,True,2,0,0.34293252706928173,False,0.40141876524454,False,3,1,False,False,False,65.0,17.305583192876153,4.141779430636794,0.7852417284927202,11.0,False,1,2,4,4,-3.7165171339275105,200.86000061035156,64280123.406842805,33.86759581881533,False,0.0,0,,,,0.0,0,,,,False,False,False,False,0,,none,0,0,False,-2,0.5,risk_on,6,False
TMDX,88.01000213623047,-41.490491153057064,41.86009161422073,-28.03172665194108,-45.82278943063493,0.3618333424313554,False,1.0472225476665595,6.431082712569134,-21.47573099713762,-0.4749498671218877,False,True,False,True,24,40.0,True,0.37690483867428715,1.9980144417551347,False,1.034780283835903,True,2.5040781628176356,True,2,0,0.49889632564469044,False,0.4268125099824309,False,9,2,True,False,False,35.0,28.556419644913326,12.998516684846544,0.736203160837347,20.0,False,2,3,3,5,-7.533093240130418,95.18000030517578,62114619.745075986,13.170731707317074,False,0.0,0,,,,0.0,0,,,,False,False,False,False,0,,none,0,0,False,-1,0.625,risk_on,6,False
TME,8.104999542236328,-66.85647146216458,4.445867309003981,-66.85647146216458,-84.64753424085842,0.7700416104426967,False,0.666419352711001,5.42875458246124,-16.52617523230123,-5.315430549952538,False,True,False,True,25,41.66666666666667,True,0.541303887328766,1.3988537812088728,True,-3.2815207740592367,True,-0.06165369485313654,True,2,0,0.388102251641933,False,0.943410724113619,False,4,3,True,False,False,25.0,15.75492866485079,6.539170424492759,0.2812497102553065,22.0,False,1,2,2,4,-11.323859542768488,9.140000343322754,72033575.79551062,0.6968641114982579,False,0.0,0,,,,0.0,0,,,,False,False,False,False,0,,none,0,0,False,-2,0.5,risk_on,6,False
TMO,658.39501953125,0.0,50.46771372403596,37.76818267967863,19.977119900984786,0.443077947377506,False,0.954624389719834,7.536508273181483,37.948671681492826,5.901783322169307,False,True,False,True,25,41.66666666666667,True,0.3539203596856747,0.8992154120428136,False,4.257138285885244,False,7.379106795343349,False,1,2,0.67409204119148,True,1.999293844349552,True,3,2,True,False,False,35.0,15.296176594022162,10.511253903546384,0.9490153206065902,2.0,True,7,4,4,6,-0.7798706595911975,663.5700073242188,1254556582.1012573,73.31010452961672,False,0.0,0,,,,0.0,0,,,,False,True,False,False,1,,power_play,6,6,True,0,0.75,risk_on,6,True
TMUS,166.84500122070312,-28.8614941569293,0.2373110722157401,-28.4672253901596,-46.25828816885345,0.7804689951429923,False,0.9952498421090904,13.671370069050262,-19.18066601578683,-8.00848778051707,False,True,False,False,27,45.0,True,0.41290522613503067,1.2977100736995009,False,-2.3822516077912796,True,-8.778017064816234,False,0,0,0.42640588792292433,False,1.164489375476834,False,6,2,True,False,False,25.0,14.757460227656285,14.222778958866705,0.17826542025945397,11.0,False,1,2,2,3,-12.126715378210962,189.8699951171875,798077125.440628,12.682926829268293,False,0.0,0,,,,0.0,0,,,,False,False,False,False,0,,none,0,0,False,-3,0.375,risk_on,6,False
TNGX,22.639999389648438,-31.185415381090554,227.64109825743964,197.8947325492499,180.10366977055605,0.6177691649996774,False,0.8379993988236336,13.235424452479721,19.409285247220964,-2.999146351170179,True,True,False,False,20,33.33333333333333,False,0.367533272232645,2.279940887916897,False,-2.320236625364152,True,-7.742467216766514,False,0,0,0.38990050399474974,False,1.007880295442441,False,3,1,False,True,True,25.0,19.875929090711804,17.166525693604314,0.1875524240899178,17.0,False,3,1,3,3,-16.148150408709494,27.0,57022056.90749931,96.86411149825784,True,0.0,0,,,,0.0,0,,,,False,False,False,False,0,,none,0,0,False,-3,0.375,risk_on,6,False
TNK,100.56500244140625,-0.3517595461553391,110.73412180566584,92.44369842711977,74.65263564842593,0.3192535524738915,True,1.0705918059913309,5.121067370211154,47.76914515511368,13.376556822304607,False,True,False,True,35,58.333333333333336,True,0.45905219101218786,1.78039283010515,True,4.624713499905933,False,0.5650024414062482,True,2,2,0.5240573481938672,False,1.688097485384236,True,1,1,False,False,False,25.0,19.68786784315338,12.131461523848714,0.8722304008943406,2.0,True,9,3,6,5,-2.5155109815649057,103.16000366210938,53615872.77045059,90.66202090592334,True,0.0,0,,,,0.0,0,,,,True,False,False,False,1,,sepa_vcp,6,6,True,0,0.75,risk_on,6,False
TOL,135.72000122070312,-18.00446513596835,9.52024544130261,-2.1202851784940635,-19.91134795718791,0.4206738131699847,False,0.8326411685231201,4.118782453876792,-1.282077748188637,-7.1809601370139475,False,True,False,True,23,38.333333333333336,False,0.3451130701798063,0.9043967840205435,False,-2.8051810994860045,True,1.1100391422111722,True,2,0,0.4962693664474173,False,0.5280424114966702,False,6,2,True,False,False,25.0,15.497891881650789,7.876512190729016,0.22854779628973176,22.0,False,0,2,3,4,-11.955882844962973,154.14999389648438,126447623.71166687,34.63414634146341,False,0.0,0,,,,0.0,0,,,,False,False,False,False,0,,none,0,0,False,-2,0.5,risk_on,6,False
TOST,29.834999084472656,-27.46171089307041,33.609490310831205,-27.46171089307041,-45.25277367176426,0.28830506249827287,False,0.8834674276957486,12.736722845709266,8.254715756949249,-15.120916673341034,False,True,False,False,24,40.0,True,0.5254697928486716,1.9027994441978044,True,-2.844571104861456,True,-10.378497254541031,False,0,0,0.2957357270561803,False,0.4684002264488577,False,6,2,True,False,False,25.0,20.53763747394444,13.96011106414394,0.03599470835670709,18.0,False,1,2,2,2,-19.798391202734035,37.20000076293945,281014543.59483814,13.519163763066203,False,0.0,0,,,,0.0,0,,,,False,False,False,False,0,,none,0,0,False,-4,0.25,risk_on,6,False
TPG,46.86000061035156,-30.204531862159367,26.551225198430583,-23.364788698477547,-41.155851477171396,0.39283537840731286,False,1.030667015667369,5.911225825190808,20.122323824093158,-13.173986380463775,False,True,False,True,25,41.66666666666667,True,0.3212929253896905,1.0987103219550942,False,-0.6401063316842468,True,-2.3343037569202973,True,2,0,0.37551701210797045,False,0.9427638031414206,False,5,2,True,False,False,25.0,17.106940233304634,15.962440129768089,0.14483500519188863,15.0,False,1,2,2,3,-14.629256455796636,54.88999938964844,125026428.56682892,16.23693379790941,False,0.0,0,,,,0.0,0,,,,False,False,False,False,0,,none,0,0,False,-3,0.375,risk_on,6,False
TPL,360.7650146484375,-32.956023095497144,32.44149810035197,24.437203283238308,6.646140504544462,0.4689147020413774,False,0.8550089734183605,9.266417562234658,-31.442078403985718,-0.8331441692239427,False,True,False,False,23,38.333333333333336,False,0.43413709688618374,1.6477999060019906,False,-1.3109928944358897,True,-1.2333272649633797,True,1,0,0.38253637674509633,False,1.195542663169264,False,6,1,False,False,False,25.0,13.314356962048976,13.748563216932332,0.32923197128063936,21.0,False,0,1,2,3,-8.930844973099482,396.1440232336324,129360340.55662537,63.55400696864112,False,0.0,0,,,,0.0,0,,,,False,False,False,False,0,,none,0,0,False,-3,0.375,risk_on,6,False
TPR,113.80000305175781,-30.67642105028332,16.65363476010682,0.9418058344739189,-16.849256944219928,0.3690156692187094,False,0.75641967370154,7.284710626727256,-20.677453955838665,-8.971709450468657,True,True,False,True,23,38.333333333333336,False,0.4727358882955092,1.4329597881514393,True,-6.1235046400653514,True,-3.485709848783869,True,2,0,0.36432141161117376,False,0.472321155156455,False,6,4,True,False,False,25.0,16.856309524062624,10.052725953094377,0.07435493138092367,23.0,False,0,2,4,4,-15.602959786065341,134.8388554424311,409906512.68052864,37.5609756097561,False,0.0,0,,,,0.0,0,,,,False,False,False,False,0,,none,0,0,False,-2,0.5,risk_on,6,False
TREX,42.81999969482422,-20.067201906365952,42.11749381852536,-19.481008933622114,-37.27207171231596,0.326692962285369,False,0.7879512419084443,5.651560453508889,15.980503300353899,-6.445271429834698,False,True,False,True,22,36.666666666666664,False,0.3971843014505648,1.300648499460759,False,-1.8489870681204479,True,-1.9239582123765864,True,2,0,0.407637102985093,False,0.4155330872530507,False,6,1,False,False,False,25.0,14.904332927405505,9.691736467668703,0.07702696990410678,22.0,False,0,1,3,4,-13.756297323565459,49.650001525878906,65246938.04537201,19.44250871080139,False,0.0,0,,,,0.0,0,,,,False,False,False,False,0,,none,0,0,False,-2,0.5,risk_on,6,False
TRGP,291.3949890136719,-3.591401484310386,103.45924771419655,81.02589920433154,63.234836425637695,0.4053252583432153,True,0.871875909223718,5.332970411578614,22.636323038880303,1.2420893608782624,False,True,False,True,23,38.333333333333336,False,0.45280709456303375,1.149898324110044,True,1.465119654116145,True,1.4429900830885467,True,2,0,0.43726886423169214,False,0.656117953256728,False,4,2,True,False,False,65.0,17.95880702085734,5.864890263122811,0.7008262181474222,20.0,False,6,3,5,6,-5.372804213990512,307.94000244140625,321281306.0069488,88.6411149825784,True,0.0,0,,,,0.0,0,,,,False,True,False,False,1,,power_play,6,6,True,0,0.75,risk_on,6,False
TRI,95.87000274658203,-38.87393124371452,26.056792138214057,-38.52036505357725,-56.31142783227109,0.4157704742067802,False,0.8673471422544689,11.505161638988394,8.431847875638464,-9.752424252065472,False,True,False,False,26,43.333333333333336,True,0.528473065713082,2.045605003535918,True,-1.0238224702613623,True,-9.402756545962133,False,0,0,0.37198373622518405,False,0.8171008087603779,False,6,1,False,False,False,25.0,16.954860057063843,13.017623208510862,0.1161088801067477,11.0,False,1,1,2,3,-14.986250243471533,112.7699966430664,155809653.0884281,8.153310104529616,False,0.0,0,,,,0.0,0,,,,False,False,False,False,0,,none,0,0,False,-3,0.375,risk_on,6,False
TRMB,57.810001373291016,-30.78304155069642,18.293436948641784,-30.16428820273287,-47.95535098142672,0.243649321059331,False,0.800594867333154,4.618581422272988,-13.496932830506436,-5.24503693866315,False,True,False,True,25,41.66666666666667,True,0.36957341393356224,0.9077182269163067,False,0.40933101150769663,True,-1.58324868675771,True,2,0,0.4561074092984866,False,0.5745555692055287,False,3,1,False,False,False,45.0,20.080646391837828,4.89534987688512,0.663453946189179,27.0,False,1,2,4,4,-6.75806230114352,62.0,217206383.7502308,11.637630662020907,False,0.0,0,,,,0.0,0,,,,False,False,False,False,0,,none,0,0,False,-2,0.5,risk_on,6,False
TRMD,37.56999969482422,-1.7263925067091512,123.37140163385732,92.69120475070518,74.90014197201134,0.8240625156665162,True,1.4947421911024044,16.768696535093287,55.12996421792209,23.669497341490352,False,True,False,False,30,50.0,True,0.4422941363095975,1.6964870101157363,True,4.939508695253119,False,6.310128841561502,False,0,2,0.631139270542013,True,3.6041543118620205,True,5,1,False,True,False,25.0,28.041630018893443,17.56660683830889,0.8931911632243537,1.0,True,8,3,5,4,-2.995093883611055,38.72999954223633,55534171.10830059,90.73170731707317,True,0.0,0,,,,0.0,0,,,,False,False,False,False,0,,none,0,0,False,-1,0.625,risk_on,6,False
TROW,103.87999725341797,-13.566503075343784,23.487948737808573,3.1636790140481263,-14.62738376464572,0.37616572709935664,False,0.8715484390450207,3.552178031353228,20.975524590469806,-5.454614008991133,False,True,False,True,22,36.666666666666664,False,0.4050581566713216,0.8016490213050897,False,-3.3909290151162317,True,-0.5933113212540642,True,2,0,0.3706429565450987,False,0.7355142225071919,False,6,3,True,False,False,25.0,9.972782353017797,7.157730794198167,0.21622792314166356,20.0,False,0,2,2,4,-7.81638833688093,112.68813987571112,148982835.24015158,39.860627177700344,False,0.0,0,,,,0.0,0,,,,False,False,False,False,0,,none,0,0,False,-2,0.5,risk_on,6,False
TRP,60.95000076293945,-13.6563196983433,24.77596412427181,18.245060700802274,0.45399792210842804,0.2735732353538524,False,0.8288368640651984,2.82198720126837,-2.8219133291155885,-1.471063431027242,False,True,False,True,22,36.666666666666664,False,0.41109997843208895,0.8797054333270391,False,-3.1032152808955096,True,-0.37593909952443605,True,2,0,0.35478025043785355,False,0.5641424564984713,False,4,3,True,False,False,25.0,6.865166281842453,5.93929893563376,0.13033746777867217,24.0,False,0,2,3,4,-5.970377892787582,64.81999969482422,128785330.12382507,57.56097560975609,False,0.0,0,,,,0.0,0,,,,False,False,False,False,0,,none,0,0,False,-2,0.5,risk_on,6,False
TRU,71.83999633789062,-19.577473522060096,11.667933417714881,-19.577473522060096,-37.368536300753945,0.2428722691987653,False,1.0101715625871617,9.931796352928332,0.6919744015453366,-16.143343208413828,False,True,False,False,27,45.0,True,0.3528729347686672,1.1197940539011395,False,-2.621036659208931,True,-8.867189307117817,False,0,0,0.42924461021433424,False,0.45454338232394415,False,7,2,True,False,False,25.0,17.870372880469905,12.875835845667027,0.05699463175329784,11.0,False,1,2,2,2,-16.8518575588534,86.4000015258789,179504516.2717041,19.16376306620209,False,0.0,0,,,,0.0,0,,,,False,False,False,False,0,,none,0,0,False,-4,0.25,risk_on,6,False
TRV,372.18170166015625,-5.983030513837995,44.46226123094239,36.415140770237464,18.62407799154362,0.23391267035003044,True,0.835124603834194,3.1033196262601828,26.9001887221036,0.9608527049319582,False,True,False,True,27,45.0,True,0.38456986883960925,0.6335850586979269,False,0.4001830021595731,True,-1.5522513747642686,True,2,0,0.561133454986555,False,0.6642836707106174,False,3,1,False,False,False,55.0,18.387255797192793,6.81017132339526,0.6556294103315724,38.0,False,5,2,5,6,-6.332030121263498,397.3414841188364,533756020.2409851,71.98606271777004,False,0.0,0,,,,0.0,0,,,,False,True,False,False,1,,power_play,6,6,True,0,0.75,risk_on,6,False
TS,56.09000015258789,-12.386749306925127,69.77022984635806,63.79033990964365,45.99927713094981,0.5275191129473665,False,0.9882568689414468,3.6548390648666516,0.14986048916147965,3.9281061403265705,False,True,False,True,23,38.333333333333336,False,0.35490702719276035,0.7810222234251594,False,0.4076077842827799,True,1.7228885989392984,True,2,1,0.4791752879530473,False,1.3329522992426635,True,3,2,True,False,False,25.0,10.471114457643644,6.418253635813185,0.6600985807948476,8.0,False,2,4,3,5,-3.5591466648126624,58.15999984741211,62416235.00027962,84.80836236933797,True,0.0,0,,,,0.0,0,,,,False,False,False,False,0,,none,0,0,False,-1,0.625,risk_on,6,False
TSCO,32.3849983215332,-44.41052434105004,11.903673186391828,-44.41052434105004,-62.20158711974389,0.35564052112214173,False,0.9821962404384766,6.175693056378955,-28.019522450665647,-6.725238528441024,False,True,False,True,24,40.0,True,0.4083784892641198,1.238105448801731,False,-0.6706990222479428,True,-4.271366926723086,True,2,0,0.3583356422788422,False,0.5637076860259377,False,5,2,True,False,False,35.0,14.74654306733968,12.197001884555958,0.21300177324432942,26.0,False,1,2,2,4,-11.605503244772454,36.636894275454985,287960112.3162216,4.94773519163763,False,0.0,0,,,,0.0,0,,,,False,False,False,False,0,,none,0,0,False,-2,0.5,risk_on,6,False
TSEM,233.2899932861328,-26.37210390019168,248.09012976915446,248.09012976915446,230.2990669904606,0.6133166837118109,False,0.6290117482378413,20.858161542500167,35.53127674919809,12.153261596507603,False,True,True,False,24,40.0,True,0.44966561802438354,2.2208225261593504,True,0.5807956482167876,True,22.06467101628391,False,1,0,0.41891765354144805,False,0.4855816956438431,False,5,2,True,False,False,25.0,31.427234884310394,21.192508836316666,0.48940787058562263,24.0,False,6,2,2,3,-16.046498781185846,277.8800048828125,381751062.8366562,97.83972125435541,True,0.0,0,,,,0.0,0,,,,False,False,False,False,0,,none,0,0,False,-3,0.375,risk_on,6,False
TSLA,374.3599853515625,-23.581288964607637,25.489399356544773,-12.136508339885898,-29.927571118579742,0.6511952734523996,False,1.0001465517916655,6.493748934134658,-1.7040883938410967,7.343364975358413,False,True,False,True,23,38.333333333333336,False,0.40941948616806895,1.5646534882857974,False,1.8142301900263185,True,4.287261910055062,True,2,0,0.3982059280861482,False,0.9742429387549272,False,4,1,False,True,True,35.0,19.167277947951177,6.493748934134658,0.8684958415092869,11.0,True,1,3,5,5,-2.5205767571029214,384.0400085449219,14022172711.934692,24.738675958188153,False,0.0,0,,,,0.0,0,,,,False,False,False,False,0,,none,0,0,False,-1,0.625,risk_on,6,False
TSM,442.94000244140625,-7.002478672428558,68.99910157510791,68.99910157510791,51.20803879641407,0.6061151071794516,True,0.771905172258326,7.209509389807459,31.531502793658063,6.372940682419315,False,True,False,True,25,41.66666666666667,True,0.4313099949444189,0.8333348981395126,False,2.7083123818060835,True,6.248243135932086,False,1,1,0.597788271165282,False,2.132295269308374,True,4,1,False,False,False,55.0,18.979197899998425,7.209509389807459,0.8178705307106532,54.0,False,7,3,5,6,-3.456671241064202,458.79918181338746,4084587664.1119323,86.55052264808363,True,0.0,0,,,,0.0,0,,,,False,True,False,False,1,,power_play,6,6,True,0,0.75,risk_on,6,False
TSN,52.26499938964844,-22.621753517217158,6.669616874921314,0.9569535586942957,-16.83410921999955,0.5771617214755888,False,0.9904517293207096,2.6403923930563677,-10.89188720740677,-4.778122792066474,False,True,False,True,20,33.33333333333333,False,0.4283925012107573,0.8331009803956981,False,-2.690594020007773,True,-1.6835975551780291,True,2,0,0.3816458180237122,False,0.8968649637639489,False,4,2,True,False,False,25.0,14.480522688332082,5.529519253984905,0.18109967682246744,22.0,False,0,2,3,4,-11.858104709254736,59.29643243686429,191531345.986598,37.63066202090592,False,0.0,0,,,,0.0,0,,,,False,False,False,False,0,,none,0,0,False,-2,0.5,risk_on,6,False
TT,433.8999938964844,-13.612640837084033,16.08113249447274,7.4731202587088985,-10.317942519984946,0.41034185793986594,False,0.8430234614491879,4.800642282847102,2.582181523261551,-3.125935360806631,False,True,False,True,23,38.333333333333336,False,0.42692799810196225,0.8899779774424481,False,-2.3540010916157983,True,1.8520654327348174,True,2,0,0.5376672261032615,False,0.5710286672857442,False,3,2,True,False,False,25.0,13.821666458657242,8.303756461423818,0.3001759900610628,24.0,False,0,2,3,4,-9.672734045136021,480.36436098187863,461871600.9227905,44.94773519163763,False,0.0,0,,,,0.0,0,,,,False,False,False,False,0,,none,0,0,False,-2,0.5,risk_on,6,False
TTAN,56.86000061035156,-50.762037619097796,4.8110610329061165,-50.762037619097796,-68.55310039779164,1.0994270414564908,False,1.0457150298236328,11.255718355925877,-15.449813218808083,-43.0659867361448,False,True,False,False,27,45.0,True,0.5564209012428066,3.614590682366788,True,-4.483778638623466,True,-3.610783196320455,True,1,0,0.4517931971564922,False,0.48623520507515366,False,7,1,False,True,False,,,,,,False,1,1,3,2,,,248303743.679084,3.1358885017421603,False,0.0,0,,,,0.0,0,,,,False,False,False,False,0,,none,0,0,False,-3,0.375,risk_on,6,False
TTC,93.4000015258789,-7.419514333266985,39.2636257862365,21.622445937328227,3.831383158634381,0.2101909961061878,False,1.0811813155053225,3.5224848627178695,0.7377098080843636,-5.685143211972821,False,True,False,True,25,41.66666666666667,True,0.43441521683443346,1.2512118987551426,False,-0.8597103280680429,True,-0.22433402745799524,True,2,0,0.5430828322888442,False,0.8755978097410104,False,4,2,True,False,False,45.0,10.476195305833505,4.304064858020973,0.2992426240191428,17.0,False,2,2,3,5,-7.341271132778859,100.80000305175781,95500934.10524026,61.045296167247386,False,0.0,0,,,,0.0,0,,,,False,False,False,False,0,,none,0,0,False,-1,0.625,risk_on,6,False
TTD,13.96780014038086,-74.19582511590146,7.197240419250761,-68.59051100300371,-86.38157378169755,0.4005105897543578,False,0.7617035803593362,10.63159978970798,-41.67933321323807,2.931469819475141,True,True,False,False,23,38.333333333333336,False,0.5218549536314436,2.1890475915070366,True,-2.604517279204242,True,-6.694723505485034,False,0,0,0.45548178584274723,False,0.6323304636979074,False,4,2,True,False,False,25.0,15.256452084861,11.419122918416255,0.42732327925094704,4.0,False,0,2,3,4,-8.737014950223255,15.305000305175781,334031925.3344019,0.5574912891986062,False,0.0,0,,,,0.0,0,,,,False,False,False,False,0,,none,0,0,False,-2,0.5,risk_on,6,False
TTE,90.27999877929688,-3.5470082787898205,61.438008365780526,55.5431192473631,37.75205646866925,0.4499248441812551,True,0.959924478980473,4.061807561450092,2.3679838165366673,4.551245367252199,False,True,False,True,28,46.666666666666664,True,0.4934103925847791,0.7398823175872447,True,1.7778638911664832,True,-0.9436039237556093,True,2,1,0.4911988722858565,False,1.3618486133338625,True,7,1,False,False,False,55.0,18.628286115195696,4.061807561450092,0.8173462935200965,4.0,False,6,3,5,6,-3.4025255043086178,93.45999908447266,136964151.71970367,82.09059233449477,True,0.0,0,,,,0.0,0,,,,False,True,False,False,1,,power_play,6,6,True,0,0.75,risk_on,6,False
TTEK,36.02000045776367,-14.931266093813544,37.865554603431065,0.7091880126289363,-17.08187476606491,0.25521762635568257,False,0.8062057670520918,4.858411931593435,15.917672711148413,-1.423099191939814,False,True,False,True,30,50.0,True,0.3125757252164802,0.640598594884655,False,1.7577916402793279,True,-1.8795931460560467,True,2,0,0.4711764291723222,False,0.592281137538625,False,7,2,True,False,False,45.0,19.264904281647347,5.469187106238682,0.7831994473338817,19.0,False,1,3,3,4,-4.176641895321009,37.59000015258789,77116411.66958237,37.49128919860627,False,0.0,0,,,,0.0,0,,,,False,False,False,False,0,,none,0,0,False,-2,0.5,risk_on,6,False
TTMI,125.05000305175781,-43.53636954779224,139.92710209987672,139.92710209987672,122.13603932118288,0.6895950938748837,False,0.724647010998011,13.810472788168113,23.299157276112027,5.394017230149806,False,True,False,False,21,35.0,False,0.3725244049300252,2.1163947907594367,False,-0.048302200251898034,True,10.448685482694975,False,0,1,0.38784411472096314,False,1.2229952970864877,True,3,0,False,False,False,25.0,27.803313595104772,19.056378448220848,0.5358216525743283,24.0,False,4,2,3,4,-12.905696157533441,143.5800018310547,229651626.68320924,94.56445993031359,True,0.0,0,,,,0.0,0,,,,False,False,False,False,0,,none,0,0,False,-2,0.5,risk_on,6,False
TTWO,209.55499267578125,-20.105613691384207,10.472344340082529,-16.462034053407038,-34.25309683210088,0.4363000472193444,False,0.8673786361641691,7.849966606948493,4.339273300537516,-10.975405404161497,False,True,False,True,24,40.0,True,0.3963302209931309,1.543377157724841,False,-3.387968388515178,True,-5.991212043839845,False,1,0,0.4423833586363789,False,0.3556953225135448,False,7,1,False,False,False,25.0,17.871089616621006,9.668103941661625,0.12514063420051885,23.0,False,1,1,2,4,-15.634690128142747,248.38999938964844,617443291.5181549,21.602787456445995,False,0.0,0,,,,0.0,0,,,,False,False,False,False,0,,none,0,0,False,-2,0.5,risk_on,6,False
TU,8.734999656677246,-41.551348992326254,0.0,-41.551348992326254,-59.342411771020096,0.38642590430199036,False,0.7280125431225607,5.6668563825379445,-31.124263656600647,-8.351515985958713,False,True,False,True,16,26.666666666666668,False,0.4780943348310169,0.9743247509161737,True,-4.968039814427276,True,-4.639740150813809,True,2,0,0.34322934414649225,False,0.3270708553489639,False,6,3,True,False,False,25.0,12.841937396166115,10.136292028265965,0.039072441826406686,21.0,False,0,2,2,4,-12.340171544316059,9.964655202460484,54596097.31597118,6.411149825783973,False,0.0,0,,,,0.0,0,,,,False,False,False,False,0,,none,0,0,False,-2,0.5,risk_on,6,False
TVTX,62.619998931884766,-7.257105975707745,162.008367913671,151.99194354370943,134.20088076501557,0.4680706630481443,True,0.9699246652970597,7.122323795188888,125.65765380859375,-4.6444332603969185,False,True,False,True,21,35.0,False,0.43163560600519846,1.5679655770519008,False,0.3672137524236184,True,-4.818364401169073,True,2,0,0.39326009984813476,False,1.1843617995007878,False,3,2,True,False,False,35.0,22.275577535591353,11.705528514984383,0.6009142812151015,6.0,False,8,3,4,6,-8.889864872140208,68.7300033569336,86630604.34990196,95.33101045296168,True,0.0,0,,,,0.0,0,,,,False,True,False,False,1,,power_play,6,6,True,0,0.75,risk_on,6,False
TW,103.26629638671875,-18.191268945209092,13.006238865579434,-7.407694974022439,-25.198757752716283,0.5911708617800269,False,0.930253555649957,4.067151718614706,-16.603327359229002,-5.023689485960503,False,True,False,True,27,45.0,True,0.4964007924323405,1.1272374649374441,True,0.006300829649487553,True,-0.8960658242506692,True,2,0,0.4648128104579482,False,1.1034035710903185,False,3,2,True,False,False,65.0,16.739529354564223,6.367030849658523,0.6518339555645164,17.0,False,1,3,4,4,-5.828135721090288,109.65727096670187,123195878.35939904,28.710801393728225,False,0.0,0,,,,0.0,0,,,,False,False,False,False,0,,none,0,0,False,-2,0.5,risk_on,6,False
TWLO,259.8900146484375,0.0,159.65633345722492,144.0281827684859,126.23711998979205,0.8130859458064809,True,0.9723161660056246,13.486475461233555,104.49289648059725,9.298517950478558,False,True,False,False,29,48.333333333333336,True,0.46906482646695985,2.106945725761486,True,3.4505558276082744,True,12.07952784880295,False,0,2,0.6000122849274527,True,1.464701063151329,True,3,3,True,False,False,25.0,17.57134105860869,15.364194730061124,0.9586957985601678,0.0,True,12,5,5,6,-0.7257702106527653,261.7900085449219,414456898.88351285,94.84320557491289,True,0.0,0,,,,0.0,0,,,,False,True,False,False,1,,power_play,6,6,True,0,0.75,risk_on,6,True
TWST,163.7100067138672,-1.9641886768074546,543.2613037570645,486.9846192059411,469.19355642724724,0.8412027583969787,True,1.123005284348921,23.63325444670511,267.8876555367802,15.7943139481171,False,True,False,False,24,40.0,True,0.42113183810308985,2.8690959376709433,False,4.3345940898757815,False,21.491656188398657,False,0,2,0.607988441023075,True,1.3394881805458347,True,5,3,True,True,True,25.0,32.279855681951716,30.566239835047384,0.881346872142448,0.0,False,11,3,4,5,-3.830105843453946,170.22999572753906,243615020.9032486,99.1637630662021,True,0.0,0,,,,0.0,0,,,,False,False,False,False,0,,none,0,0,False,-1,0.625,risk_on,6,False
TXG,79.33999633789062,0.0,599.6472246059408,508.43555651833105,490.6444937396372,0.47595276812839116,True,1.1489797707380933,12.603983440347442,314.52454998927743,28.924269024299143,False,True,False,False,31,51.66666666666667,True,0.3892954185036772,2.375631993428378,False,5.130159772113526,False,13.165020178556786,False,0,2,0.6627523443459192,True,3.749937085740616,True,3,0,False,False,False,25.0,31.032331070958985,23.63246895065145,0.9690263775721586,0.0,True,12,3,5,5,-0.9611837056476613,80.11000061035156,181105559.40956384,99.30313588850174,True,0.0,0,,,,0.0,0,,,,False,False,False,False,0,,none,0,0,False,-1,0.625,risk_on,6,False
TXN,269.3450012207031,-18.52532063374489,78.61847540896186,54.05043840567978,36.25937562698593,0.4514998170078716,False,0.8637371585147179,4.703997791952478,44.250443004066064,4.138952198412382,False,True,False,True,22,36.666666666666664,False,0.4635516039637973,1.3759770003300906,True,-0.3906564355981761,True,2.2492549885903657,True,2,1,0.5432834872335784,False,1.3225174690143735,True,7,2,True,False,False,25.0,13.30491167644734,6.500948288882139,0.5571166969197912,24.0,False,3,3,3,5,-5.892523230455438,286.2099914550781,1508554987.2238617,81.602787456446,True,0.0,0,,,,0.0,0,,,,False,False,False,False,0,,none,0,0,False,-1,0.625,risk_on,6,False
TXNM,58.60499954223633,-0.7462116202713087,6.669604609464219,6.6318897804484855,-11.15917299824536,0.3084872535636052,False,1.0926333212500028,2.0305411415477588,1.784187390061387,1.674184876485607,False,True,False,True,22,36.666666666666664,False,0.41418748431588687,0.2543667360267973,False,2.618210280467924,True,1.6036741195674775,True,2,2,0.48015348747318604,False,1.2431141853347845,True,1,1,False,False,False,65.0,6.2724430865954695,2.2523670422911644,0.9120752367205527,2.0,True,4,4,3,7,-0.5515030735727122,58.93000030517578,89102323.655929,43.832752613240416,False,0.0,0,,,,0.0,0,,,,False,True,False,False,1,,power_play,7,7,True,1,0.875,risk_on,6,False
TXRH,165.36000061035156,-22.53290536533591,6.947215487670211,6.238380672026045,-11.5526821066678,0.4941188556166213,False,1.0105799404063955,9.137639425846539,-0.2934603768227739,-16.580487806755517,False,True,False,False,17,28.333333333333332,False,0.43351699942021393,1.260902772905206,False,-5.838831459825722,True,-8.701410629256568,False,0,0,0.37856365712561696,False,0.628539444224944,False,8,3,True,False,False,25.0,20.36773814674682,15.650704394828363,0.008530324284742185,22.0,False,0,2,2,2,-20.19399473540836,207.20245307619544,157870466.01569977,43.48432055749129,False,0.0,0,,,,0.0,0,,,,False,False,False,False,0,,none,0,0,False,-4,0.25,risk_on,6,False
TXT,79.4000015258789,-21.152756917750683,0.4427170245740797,-4.95974510101167,-22.750807879705516,0.26691900117286105,False,0.7482711048678099,3.2774590695963153,-10.775019172395528,-4.359273149675547,False,True,False,True,21,35.0,False,0.45644933353639283,0.9113579509593606,True,-3.812107769317155,True,-1.464383567091232,True,2,0,0.39988170023201813,False,0.683638979848159,False,5,1,False,False,False,25.0,12.382240397717325,5.906460412092303,0.11775886280414409,24.0,False,0,1,3,4,-10.9241218495146,89.13748949153215,141129971.7926445,30.940766550522646,False,0.0,0,,,,0.0,0,,,,False,False,False,False,0,,none,0,0,False,-2,0.5,risk_on,6,False
TYL,330.0,-38.451205511560495,19.88230216538782,-38.23925822044689,-56.03032099914074,0.28210944694876644,False,0.9537909850033095,9.110606800426137,-5.468502832551259,-12.684553667705135,False,True,False,False,28,46.666666666666664,True,0.42956852259311695,1.5163697957257039,False,-0.18173773677891505,True,-8.216056027943008,False,0,1,0.4088641431904844,False,2.0254560731320264,True,4,2,True,False,False,25.0,18.733006746468508,10.02575498638731,0.13822574976497076,11.0,False,1,3,3,3,-16.143622843585646,393.5299987792969,366357106.4871918,8.222996515679442,False,0.0,0,,,,0.0,0,,,,False,False,False,False,0,,none,0,0,False,-3,0.375,risk_on,6,False
U,43.20000076293945,-12.674348702339799,152.18915866547053,-6.188921870442609,-23.979984649136455,0.8856060274817452,False,0.9287104024135009,6.678236737459028,131.63539756867758,-0.25398431508570907,False,True,False,True,30,50.0,True,0.4225187201868149,1.6787321770316346,False,2.324000198616463,True,-0.5753739829925109,True,2,0,0.5507031638726273,False,0.9246467763377639,False,5,2,True,False,False,35.0,33.120098102113296,9.143520123101691,0.6722742323010517,21.0,False,5,3,3,6,-10.854309576779563,48.459999084472656,372540569.9096327,29.895470383275264,False,0.0,0,,,,0.0,0,,,,False,True,False,False,1,,power_play,6,6,True,0,0.75,risk_on,6,False
UAL,114.02999877929688,-16.22217451476188,33.82232132904215,7.261782897180646,-10.5292798815132,0.8286892947739399,False,0.9252351632403307,8.418842590796018,21.360153140040715,3.1012661414985043,True,True,False,False,23,38.333333333333336,False,0.5350345975846279,1.5500363534716193,True,-0.771943794957635,True,4.653083459457119,True,1,0,0.5144257536834729,False,0.9643449604514418,False,6,2,True,False,False,25.0,16.779863958417575,8.418842590796018,0.4704760596865699,24.0,False,1,2,4,5,-8.88533968118459,125.1500015258789,385226359.2191143,44.599303135888505,False,0.0,0,,,,0.0,0,,,,False,False,False,False,0,,none,0,0,False,-1,0.625,risk_on,6,False
UBER,71.12000274658203,-28.95104512417278,7.855626498920265,-27.804282606522058,-45.59534538521591,0.516717583496634,False,0.8060953998672241,3.31833593814784,-5.324813436833908,-9.769090304561134,False,True,False,True,20,33.33333333333333,False,0.5016158940074299,1.5135681262409746,True,-1.2599946229057053,True,-2.079023218970144,True,2,0,0.4268502067712522,False,0.48431448374232905,False,6,1,False,False,False,35.0,18.976504169003622,8.963722938419567,0.2805504099030828,17.0,False,0,1,3,4,-13.652638145862095,82.36499786376953,1285764208.327015,13.240418118466899,False,0.0,0,,,,0.0,0,,,,False,False,False,False,0,,none,0,0,False,-2,0.5,risk_on,6,False
UBS,51.01499938964844,-8.444008844182349,43.72709675429365,23.743286234808146,5.9522234561143,0.46786477204328997,False,1.113365882460895,3.616585793937103,39.40073825724424,-7.0765064266877005,False,True,False,True,26,43.333333333333336,True,0.47556542847571703,0.6996992441658444,True,-2.071358684513788,True,-3.7271225254950857,True,2,0,0.29830638343366195,False,0.7864799179938604,False,6,1,False,False,False,65.0,12.494416103643658,11.349604988336441,0.2894922116358373,14.0,False,3,1,2,5,-8.877379952701435,55.98500061035156,89989664.93904038,62.78745644599303,False,0.0,0,,,,0.0,0,,,,False,False,False,False,0,,none,0,0,False,-1,0.625,risk_on,6,False
UCO,51.81999969482422,-3.8411573914803876,185.03849738699535,130.82404424844776,113.03298146975392,0.661807822160918,True,0.9152006725464549,7.024313799855156,36.62008773501923,21.700322842707266,True,True,False,True,32,53.333333333333336,True,0.40692565863004293,1.2366198909139066,False,4.332840589666206,False,-0.4992360351174785,True,2,2,0.6958277419123917,True,3.239817449779415,True,4,2,True,False,False,25.0,24.742832009178816,11.75221958404635,0.805493731519459,4.0,False,9,4,7,5,-4.812635925746256,54.439998626708984,120125446.01329002,93.93728222996516,True,0.0,0,,,,0.0,0,,,,True,False,False,False,1,,sepa_vcp,7,7,True,1,0.875,risk_on,6,True
UCTT,72.48500061035156,-49.16543763800488,234.8037038684819,161.77320047790485,143.982137699211,0.36921769859201753,False,0.5611899535480986,11.685177829043884,18.5945711339631,4.324981445352938,False,True,True,False,22,36.666666666666664,False,0.4571584391316097,2.3684426651125787,True,-2.1138754449905592,True,9.180601410961087,False,1,0,0.45403025029269306,False,0.6018188981123828,False,4,1,False,False,False,25.0,30.502274522171007,15.810176750182142,0.35641583219881573,24.0,False,4,1,3,4,-19.63078096439469,90.19000244140625,54102169.379105374,95.74912891986062,True,0.0,0,,,,0.0,0,,,,False,False,False,False,0,,none,0,0,False,-2,0.5,risk_on,6,False
UDR,33.73500061035156,-17.250742910697824,4.177831893648798,-5.799299478113107,-23.59036225680695,0.28544868151547975,False,0.8796183476900347,4.564994479516314,0.8575154030358911,-8.744962925501287,False,True,False,True,19,31.666666666666664,False,0.5264472907444147,0.8299123948878724,True,-6.28240679268215,True,-4.229944438079092,True,2,0,0.22750633372113685,False,0.13151715372779013,False,8,3,True,False,False,25.0,12.286175820790536,7.856310224535699,0.005294916239045848,19.0,False,0,2,2,4,-12.221121548921253,38.43179726789615,129160783.05185795,30.24390243902439,False,0.0,0,,,,0.0,0,,,,False,False,False,False,0,,none,0,0,False,-2,0.5,risk_on,6,False
UEC,10.045000076293945,-50.12412919209483,11.117257950020075,-18.66396950589788,-36.455032284591724,0.5282598273571317,False,0.9603355887171964,8.063707912297282,-19.70423746993182,-18.99193237649033,False,True,False,False,24,40.0,True,0.4833907834801506,3.065600830535872,True,-1.3187693622323837,True,-2.0955180096650095,True,1,0,0.3022524789618954,False,0.3152764026106189,False,5,2,True,False,False,25.0,30.43478080590869,26.480834516762926,0.10595231310309969,17.0,False,1,2,3,2,-27.21014538073684,13.800000190734863,100851128.78268366,19.79094076655052,False,0.0,0,,,,0.0,0,,,,False,False,False,False,0,,none,0,0,False,-3,0.375,risk_on,6,False
UGI,37.5099983215332,-4.781308319266342,23.057647497722634,18.756242071636798,0.9651792929429526,0.37334894996584866,False,0.7823047093649653,3.705677024385486,6.438653396411964,-0.3244996747603368,False,True,False,True,23,38.333333333333336,False,0.5377288391185787,0.9049589212967455,True,1.337603682656135,True,0.4418184373725653,True,2,0,0.28408738760017305,False,0.8309500763742577,False,3,2,True,False,False,65.0,16.575004098916608,4.1439389558516355,0.6812451315185902,23.0,False,2,3,4,5,-5.283363251628992,39.602333454031054,74988846.80386505,58.048780487804876,False,0.0,0,,,,0.0,0,,,,False,False,False,False,0,,none,0,0,False,-1,0.625,risk_on,6,False
UGL,50.275001525878906,-41.2812428017752,19.36135517757769,19.36135517757769,1.5702923988838435,0.5801085257857267,False,1.0507577725607824,7.319741807032093,-7.853738525581788,-5.266625560613869,False,True,False,True,30,50.0,True,0.4677092076338946,1.439624705773416,True,0.43754538031076645,True,3.0436576808486215,True,2,0,0.3470142879689092,False,0.49855470075278474,False,4,3,True,False,False,25.0,18.80327106714693,9.3286891782486,0.23980061201169794,19.0,False,1,2,3,4,-14.294235157423241,58.65999984741211,175743076.58991814,58.745644599303134,False,0.0,0,,,,0.0,0,,,,False,False,False,False,0,,none,0,0,False,-2,0.5,risk_on,6,False
UHS,175.3000030517578,-27.89603059977702,24.32250309332882,-6.666952092284872,-24.45801487097872,0.5336583065796682,False,0.98794609744326,7.895043557183159,-6.561634598265719,2.2405243532353847,True,True,False,True,26,43.333333333333336,True,0.49196002091424407,1.5250951919245743,True,1.3537626086098615,True,1.183262944737562,True,2,0,0.4450439359729049,False,0.7044270467474305,False,5,2,True,False,False,45.0,19.6755754316132,8.48830839918419,0.7893431221020805,2.0,False,2,2,3,5,-4.144795291268643,182.8800048828125,123374682.26569061,29.407665505226483,False,0.0,0,,,,0.0,0,,,,False,False,False,False,0,,none,0,0,False,-1,0.625,risk_on,6,False
UI,580.989990234375,-46.26934518971291,13.17652200731878,-8.09506191529592,-25.886124693989764,0.32938247011952193,False,1.1139314758259833,9.306529928752571,-28.003741196966715,-2.901309611413061,False,True,False,False,25,41.66666666666667,True,0.43124767041866024,2.4159307789596367,False,0.6497115756499413,True,5.078587555609815,False,0,0,0.5396214069757904,False,0.9936685247772462,False,4,2,True,False,False,25.0,20.123380121276384,18.40823137870393,0.6408334945712663,15.0,False,2,2,3,4,-7.227644115572884,626.253353917361,103780174.38977051,27.874564459930312,False,0.0,0,,,,0.0,0,,,,False,False,False,False,0,,none,0,0,False,-2,0.5,risk_on,6,False
UL,62.23500061035156,-14.406418900024565,14.26637934542503,-6.556298939069983,-24.347361717763828,0.349316742461711,False,0.786990415925963,2.3138083274469654,3.7509574901405163,-4.356845086474093,False,True,False,True,25,41.66666666666667,True,0.41318854305336367,0.5164359208285798,False,-0.7484441243086891,True,-2.10004576196553,True,2,1,0.3592166820465995,False,1.2648994462626706,True,6,1,False,False,False,65.0,14.544098847364403,4.338395977279642,0.5217617956606292,38.0,False,1,2,3,4,-6.9555437164978695,66.88738168421814,227333008.59509373,29.54703832752613,False,0.0,0,,,,0.0,0,,,,False,False,False,False,0,,none,0,0,False,-2,0.5,risk_on,6,False
ULTA,560.7949829101562,-20.659435627305434,24.41375106159873,7.54118442410161,-10.249878354592235,0.3662592095285139,False,0.9679873822961852,5.788204589323214,8.65803778784775,8.366180272493962,False,True,False,True,31,51.66666666666667,True,0.4704717881933156,1.5542187129478722,True,2.348827977941018,True,2.2136075741660877,True,2,1,0.5013251344761469,False,1.2116894570884456,True,8,1,False,False,False,45.0,17.007950225274097,6.389147225231863,0.9209244920312751,11.0,True,2,4,5,4,-1.3449123035703336,568.4400024414062,383018072.84819335,45.29616724738676,False,0.0,0,,,,0.0,0,,,,False,False,False,False,0,,none,0,0,False,-1,0.625,risk_on,6,False
UMAC,24.31999969482422,-28.59659802041188,213.40204867917342,85.64884722618373,67.85778444748989,0.5342775821833732,False,0.7060886564082797,14.22697794094811,52.09505968068908,1.4178488702180525,False,True,False,False,25,41.66666666666667,True,0.479184778527699,3.688475288531058,True,0.5362318172480309,True,7.325683400662908,False,0,0,0.4267320365847942,False,0.5385990922351946,False,6,4,True,False,False,25.0,36.11859744352443,20.024674754703355,0.2479270235095754,23.0,False,5,2,3,4,-27.163821086010852,33.38999938964844,67956836.01664343,89.33797909407666,True,0.0,0,,,,0.0,0,,,,False,False,False,False,0,,none,0,0,False,-2,0.5,risk_on,6,False
UMBF,134.35000610351562,-11.321110456898476,31.065762405065932,11.225136625551624,-6.565926153142222,0.5106832962445444,False,0.9602234679085204,5.872719785043593,21.742977933091257,-6.751935439458611,False,True,False,True,20,33.33333333333333,False,0.5001770397752842,1.0706765805165088,True,-3.0278015676158456,True,-3.8777978130270507,True,2,0,0.32352758831667294,False,0.6261392473557311,False,5,4,True,False,False,65.0,13.709891697028146,8.179975115549261,0.12023667484331259,24.0,False,1,2,2,5,-12.06145990691554,152.77716227868217,80046508.14238282,49.825783972125436,False,0.0,0,,,,0.0,0,,,,False,False,False,False,0,,none,0,0,False,-1,0.625,risk_on,6,False
UMC,25.424999237060547,-7.631880737918195,268.55141836765443,262.35728382810674,244.5662210494129,0.41167490172862503,True,0.8612624340128822,15.26056746192917,184.62387699998385,28.473966957282727,True,True,False,False,29,48.333333333333336,True,0.47279563710626443,1.5122217326114897,True,5.1144689333663385,False,16.095888949457617,False,0,3,0.628890753922725,True,2.200216579388603,True,1,0,False,False,False,55.0,37.15088039843445,15.299899730097971,0.9087656629230902,54.0,False,10,3,5,5,-3.389435944974728,26.31699699277146,260964440.78977853,97.97909407665504,True,0.0,0,,,,0.0,0,,,,False,False,False,False,0,,none,0,0,False,-1,0.625,risk_on,6,False
UNF,265.31500244140625,-11.794051702368202,77.93831768891297,58.47022235905277,40.67915958035893,0.41813575927221835,False,1.2503751920638628,6.3923982055344455,-0.07693778866038059,-5.751567935827506,False,True,False,True,22,36.666666666666664,False,0.40905962528711665,0.9130595950473916,False,-2.477104496433628,True,-1.7606564053238682,True,2,0,0.3655620108922827,False,0.4991144631393446,False,5,1,False,False,False,25.0,13.43861357858275,13.632856451727557,0.26055468840789103,18.0,False,2,1,2,5,-9.937119804981066,294.5886272645319,97660941.90332337,83.06620209059233,True,0.0,0,,,,0.0,0,,,,False,False,False,False,0,,none,0,0,False,-1,0.625,risk_on,6,False
UNG,10.300399780273438,-39.05088749836775,6.961574848033525,-18.055687904951213,-35.846750683645055,1.1700138411717325,False,1.0427724184917038,3.203758404970321,-12.187551728500212,-0.2865454370884257,False,True,False,True,27,45.0,True,0.4619703281461284,1.2031766606204763,True,0.2429222804214115,True,-0.2865454370884257,True,2,2,0.39454465192812804,False,1.2348178643937087,True,2,2,True,False,False,35.0,11.737518853136972,7.281270785589744,0.5908660492561713,11.0,False,1,4,4,5,-4.802217460314107,10.819999694824219,163418290.93010846,20.2787456445993,False,0.0,0,,,,0.0,0,,,,False,False,False,False,0,,none,0,0,False,-1,0.625,risk_on,6,False
UNH,377.3399963378906,-12.99106532469324,47.4140761527748,15.05765828052934,-2.7334044981645054,0.4304005203714515,False,0.9687861431771682,3.0158410122642105,41.66058497439731,-3.381222023093,False,True,False,True,18,30.0,False,0.4296740387806127,1.0516552586360877,False,-2.33853238812649,True,-1.619082688755069,True,2,0,0.4037941061787424,False,0.9309055241944284,False,5,0,False,False,False,25.0,7.826428256665039,8.380257477471066,0.1555870301669503,8.0,False,1,1,3,4,-6.608737527395824,404.0420766863295,1864718382.7799835,54.146341463414636,False,0.0,0,,,,0.0,0,,,,False,False,False,False,0,,none,0,0,False,-2,0.5,risk_on,6,False
UNM,94.41000366210938,-2.2367153769708548,35.19652292401445,26.87503639792219,9.083973619228345,0.3219765806231972,True,1.0005462736370003,3.5271705347800495,30.416194383185925,1.4615804038126567,True,True,False,True,28,46.666666666666664,True,0.41453595962873185,0.9404753169829992,False,1.6854072644945761,True,-0.5372887870564558,True,2,1,0.47844425447042616,False,0.8972637876317333,False,2,3,True,False,False,45.0,15.138983574134546,4.205064152853592,0.8389082618305138,10.0,True,6,5,7,6,-2.4387651780766295,96.7699966430664,176314407.04215318,65.50522648083623,False,0.0,0,,,,0.0,0,,,,True,True,False,False,2,power_play,sepa_vcp,7,7,True,1,0.875,risk_on,6,True
UNP,270.19500732421875,-12.610621652726483,27.50824726151602,25.05761160336888,7.266548824675034,1.2889505217978605,False,0.9550208341507366,6.946830439079486,14.46876087235054,-11.698089497221408,False,True,False,True,26,43.333333333333336,True,0.4715163951912304,0.9502269996561212,True,-3.900774322511054,True,-5.221334344448502,False,1,0,0.33974578072335776,False,0.5242980442657891,False,7,3,True,False,False,65.0,19.231623117238346,7.909100663560638,0.26705442310029104,41.0,False,1,2,2,4,-14.095733100382034,314.53036860200524,670768548.4960754,64.11149825783971,False,0.0,0,,,,0.0,0,,,,False,False,False,False,0,,none,0,0,False,-2,0.5,risk_on,6,False
UPS,94.94000244140625,-18.06513241948521,22.51899299117939,20.36187558287701,2.570812804183163,1.3947606493554454,False,0.8883537646309624,9.321675001623275,0.4194075808406472,-9.864235459060943,False,True,False,False,22,36.666666666666664,False,0.5212277426766386,1.1087005140688266,True,-4.54582075905581,True,-7.339446330530008,False,0,0,0.37682893298261333,False,0.430511422906517,False,4,4,True,False,False,25.0,12.025018373656131,9.321675001623275,0.0551241642760633,17.0,False,0,2,2,4,-11.362149285404033,107.11000061035156,438153289.9964344,59.58188153310105,False,0.0,0,,,,0.0,0,,,,False,False,False,False,0,,none,0,0,False,-2,0.5,risk_on,6,False
UPST,25.674999237060547,-62.18147080882821,6.007431729792789,-62.18147080882821,-79.97253358752205,0.7047123454098396,False,0.6902124681146219,6.621230042669637,-8.007884710034485,-11.709080796350847,False,True,False,True,24,40.0,True,0.4761478139994153,2.051248800043513,True,-2.793571208915119,True,-1.6283568513313806,True,2,0,0.28396568635385977,False,0.6369038589052146,False,5,2,True,False,False,25.0,22.987420255731074,13.008764369374436,0.16210664193114496,15.0,False,1,2,3,4,-19.261006751414524,31.799999237060547,105146640.90716839,1.3937282229965158,False,0.0,0,,,,0.0,0,,,,False,False,False,False,0,,none,0,0,False,-2,0.5,risk_on,6,False
URBN,75.26499938964844,-9.264614636922664,26.347154230702287,5.398397325085913,-12.392665453607933,0.26009692335052464,False,0.8845795779353732,4.995674665949799,21.886638687689786,-7.183373056240184,False,True,False,True,21,35.0,False,0.3943514357089067,1.4551660201828809,False,-0.3701399461594701,True,-2.265942992048131,True,2,1,0.32372162513503316,False,1.2020598017778001,True,6,2,True,False,False,45.0,19.66522649156538,11.373145058141127,0.39494053160521525,16.0,False,1,3,3,5,-11.898631486849586,85.43000030517578,103321322.9909687,42.22996515679442,False,0.0,0,,,,0.0,0,,,,False,False,False,False,0,,none,0,0,False,-1,0.625,risk_on,6,False
URI,1026.0400390625,-11.914279770765768,44.965099321026926,9.866907942029336,-7.92415483666451,0.326640276062645,False,0.8633388960595664,4.5017738765448545,40.69168294407186,-0.4086348883766022,False,True,False,True,21,35.0,False,0.47386481672625974,1.375371362175288,True,-1.4508057428704033,True,3.244118702509735,True,2,0,0.5310767396749386,False,0.8022429340656965,False,5,3,True,False,False,25.0,17.753556043561975,8.306691476350691,0.27990061838811137,24.0,False,3,2,3,6,-12.78432472838099,1176.43994140625,423528873.44332886,48.08362369337979,False,0.0,0,,,,0.0,0,,,,False,True,False,False,1,,power_play,6,6,True,0,0.75,risk_on,6,False
USAR,16.935100555419922,-56.21742393535134,42.311773935262664,4.21600341796875,-13.575059360725096,0.9609535458581479,False,0.7566016031297815,12.754579130001902,-2.6158645784616796,-5.8638089445215975,False,True,False,False,20,33.33333333333333,False,0.4936883749748222,3.0980689843513014,True,-0.04609261303100189,True,7.798220969434522,False,0,0,0.30368089277510835,False,0.6119251189881926,False,6,2,True,False,False,25.0,27.485381176923312,20.318739884692537,0.36437948863106995,17.0,False,0,2,3,3,-17.47027203884596,20.520000457763672,223475594.2737792,40.5574912891986,False,0.0,0,,,,0.0,0,,,,False,False,False,False,0,,none,0,0,False,-3,0.375,risk_on,6,False
USB,60.41999816894531,-7.64292286754219,37.282411952632756,24.63472196691756,6.8436591882237146,0.3472345949997323,False,1.1003750515217732,7.23270285388863,19.49980824941715,-3.281579977108151,False,True,False,True,23,38.333333333333336,False,0.3855842159235096,0.7453341028826826,False,-2.061113653897775,True,-3.6056192170181744,True,2,0,0.45240280590788934,False,0.6428450723422486,False,6,1,False,False,False,65.0,13.647625023733557,7.530617965823039,0.3723903908293733,24.0,False,1,1,2,5,-8.565380607252681,66.08000183105469,449449107.7750061,63.69337979094076,False,0.0,0,,,,0.0,0,,,,False,False,False,False,0,,none,0,0,False,-1,0.625,risk_on,6,False
USFD,94.55999755859375,-14.764741772440216,34.98928399578549,20.720024700809493,2.928961922115647,0.5577491687862978,False,1.0386230955408178,4.975670815499677,5.8546911679575375,-11.848605837813453,False,True,False,True,21,35.0,False,0.4114824611662404,1.1554974724594516,False,-2.4708065349315222,True,-0.2531703432889443,True,2,0,0.36446816038910124,False,0.48211920872524033,False,7,1,False,False,False,25.0,18.948549804844514,15.043357488780206,0.20725612079374653,19.0,False,0,1,2,4,-15.02134687762534,111.2750015258789,226270229.77145234,60.0,False,0.0,0,,,,0.0,0,,,,False,False,False,False,0,,none,0,0,False,-2,0.5,risk_on,6,False
USO,148.47000122070312,-8.272580834768695,124.37661376630138,101.94505984747644,84.1539970687826,0.7455017016509594,True,1.0858706851848627,11.2480717112721,34.28907787558346,14.47186176877957,False,True,False,False,33,55.00000000000001,True,0.4937235207110977,1.294173287887944,True,2.787304296384234,True,-5.227883473736394,False,0,3,0.647008133693181,True,2.0000299212039274,True,2,2,True,True,True,25.0,23.226202034766686,13.699745018822975,0.6078016888429865,4.0,False,7,6,6,5,-9.109277212627088,163.35000610351562,761461486.0720536,91.56794425087108,True,0.0,0,,,,0.0,0,,,,True,False,False,False,1,,sepa_vcp,6,6,True,0,0.75,risk_on,6,True
UTHR,494.1400146484375,-17.19619167468863,19.147397477518744,18.33704671819656,0.5459839395027153,0.23752641401195257,False,1.0050903711699395,3.216697402047186,-5.195494719466842,-4.136112679044912,False,True,False,True,16,26.666666666666668,False,0.38238951125361276,1.011480435586206,False,-1.595269758900383,True,-1.7028043267817594,True,2,0,0.3933530682098738,False,0.36930198167720896,False,6,1,False,False,False,25.0,10.967394147405757,6.087346945833678,0.2915248814821278,22.0,False,0,1,3,4,-7.770125868415512,535.77001953125,339110387.4853897,57.63066202090592,False,0.0,0,,,,0.0,0,,,,False,False,False,False,0,,none,0,0,False,-2,0.5,risk_on,6,False
UUUU,12.210000038146973,-55.95237972367252,13.687153615979675,-17.83310686241849,-35.62416964111233,0.7881754962107806,False,0.8751638697544764,8.271910120608949,-31.365939236743234,-16.76891632824339,False,True,False,False,22,36.666666666666664,False,0.39508909922858104,2.309082213313308,False,-1.5281262499341637,True,-1.0534855172887103,True,1,0,0.2540892740210249,False,0.22057562243213033,False,6,3,True,False,False,25.0,30.424245198567707,29.9754364426839,0.14541841221979646,17.0,False,0,2,3,2,-25.999999768806227,16.5,89087001.31101303,20.34843205574913,False,0.0,0,,,,0.0,0,,,,False,False,False,False,0,,none,0,0,False,-3,0.375,risk_on,6,False
V,368.2200012207031,-4.144325719960273,25.0909659041016,8.651639346845673,-9.139423431848172,0.3656045246039696,False,0.816078207125301,2.8189682386620136,21.42583843960908,-3.50629053165763,False,True,False,True,24,40.0,True,0.39714629595940787,0.6040478461982413,False,0.19203669782578564,True,-1.881261346610097,True,2,0,0.49635755527297165,False,0.6722025783190577,False,6,3,True,False,False,65.0,15.642884542004742,3.163876045690339,0.7123399521460719,17.0,False,3,3,4,5,-4.499832915926561,385.57000732421875,2268159713.6690245,46.620209059233446,False,0.0,0,,,,0.0,0,,,,False,False,False,False,0,,none,0,0,False,-1,0.625,risk_on,6,False
VAC,103.08000183105469,-16.712009665446892,136.6784130852177,41.07051906517525,23.279456286481402,0.21841582431214443,False,0.8136999290608575,7.1935765437629975,49.01935048665742,-5.621067268546575,False,True,False,True,25,41.66666666666667,True,0.5171661950585764,1.9372977496498973,True,-0.5095169428479918,True,1.466570949499224,True,2,0,0.5079425989317937,False,0.5182715427362792,False,6,2,True,False,False,25.0,19.255120684180106,7.410851813105277,0.24303030587953559,24.0,False,3,2,3,4,-14.575542814556442,120.66802087753817,50675937.08463516,75.4006968641115,False,0.0,0,,,,0.0,0,,,,False,False,False,False,0,,none,0,0,False,-2,0.5,risk_on,6,False
VAL,83.01000213623047,-26.811846696926832,77.56150189568014,64.93145065814704,47.1403878794532,0.6430646012641938,False,1.1811419801282104,8.770026011262386,-12.996542343497863,-3.80113425019869,False,True,False,False,22,36.666666666666664,False,0.4754760674511394,2.2641700574998054,True,0.11898103349364963,True,2.141018290927299,True,1,0,0.3882946847839496,False,0.6594258573158065,False,5,2,True,True,True,35.0,19.149853226703076,10.281888703854964,0.43105385265093604,12.0,False,1,2,2,4,-10.89523521563276,93.16000366210938,96726634.57325402,85.29616724738676,True,0.0,0,,,,0.0,0,,,,False,False,False,False,0,,none,0,0,False,-2,0.5,risk_on,6,False
VALE,14.225000381469727,-17.896473333957164,43.97349635664671,41.85234549562038,24.061282716926538,0.3751457373496437,False,1.193104791587895,4.920912411201024,-1.0760733658229604,-5.355950537614074,False,True,False,True,24,40.0,True,0.5316934878919685,1.4453033911689954,True,-0.5569542310569524,True,-2.6351764836049285,True,2,0,0.3637513948741333,False,0.6988878955421932,False,7,1,False,False,False,55.0,15.397539911445596,13.567664347411243,0.27230295940616805,11.0,False,2,1,3,4,-11.204744225984376,16.020000457763672,455093492.119394,75.9581881533101,False,0.0,0,,,,0.0,0,,,,False,False,False,False,0,,none,0,0,False,-2,0.5,risk_on,6,False
VCTR,107.80999755859375,-10.596829616297432,81.94121485455128,64.87316808686472,47.08210530817088,0.16935947515080607,True,1.0778595046391903,7.267414211946723,61.34082968140977,-8.465842927362832,False,True,False,True,29,48.333333333333336,True,0.49227491094424475,1.8074654982378024,True,0.08899413896054577,True,-1.164286992246244,True,2,0,0.48828640679378577,False,0.754434426876134,False,6,3,True,False,False,65.0,34.107647889076524,12.110285393405256,0.6379700035357324,15.0,False,6,3,4,5,-12.347991644686863,122.99774937451129,86570453.14190254,85.22648083623693,True,0.0,0,,,,0.0,0,,,,False,False,False,False,0,,none,0,0,False,-1,0.625,risk_on,6,False
VCYT,41.599998474121094,-31.228306629507262,38.620453704911874,21.95836332379455,4.167300545100705,0.6030316300064001,False,0.8404662181065601,9.891831320683089,24.030999816885434,-4.014770817583624,False,True,False,False,17,28.333333333333332,False,0.514663554459955,2.4174109604751877,True,-2.71807613375961,True,0.946370779695993,True,1,0,0.46864782529843135,False,1.1357386542101235,False,6,2,True,False,False,25.0,16.84062288305668,14.31490877279534,0.43318248579278196,11.0,False,0,2,2,3,-9.545560000275376,45.9900016784668,56013458.09654236,61.32404181184668,False,0.0,0,,,,0.0,0,,,,False,False,False,False,0,,none,0,0,False,-3,0.375,risk_on,6,False
VEEV,261.1050109863281,-14.732868543704003,72.42621912117914,-6.00633465760364,-23.797397436297487,0.275648625210427,False,0.8443698241240031,5.560988460696486,40.962596236516745,-5.632654348752086,False,True,False,True,27,45.0,True,0.3849605865740579,1.1945428809557619,False,3.280094646445064,True,-1.7182979676582888,True,2,1,0.4490359338842539,False,1.3390266247125742,True,4,2,True,False,False,35.0,30.90737259549414,5.560988460696486,0.6162627764863987,16.0,False,2,4,4,4,-11.860309345895292,296.239990234375,520501247.32715607,30.10452961672474,False,0.0,0,,,,0.0,0,,,,False,False,False,False,0,,none,0,0,False,-2,0.5,risk_on,6,False
VERA,34.28499984741211,-38.41386568153779,42.26140790343529,33.97811505657573,16.187052277881886,0.2613542890716804,False,1.05714184253659,17.354524958645833,-15.823716590374282,0.27786260461826195,False,True,False,False,22,36.666666666666664,False,0.5202390362188993,3.1677890690508588,True,0.025385435183559752,True,0.6901633351456438,True,1,0,0.407964038339464,False,0.9002536134271242,False,6,1,False,False,False,35.0,22.29401969673875,17.354524958645833,0.6551932411663024,4.0,False,1,1,2,3,-7.687128673007104,37.13999938964844,92219049.08216266,70.03484320557492,False,0.0,0,,,,0.0,0,,,,False,False,False,False,0,,none,0,0,False,-3,0.375,risk_on,6,False
VFC,13.03499984741211,-38.76412397612318,3.288430789352903,-7.6766224320296335,-25.46768521072348,0.4768680997975734,False,0.7820519624225322,4.296121768298768,-22.099580079880454,-3.9757888553028864,False,True,False,True,20,33.33333333333333,False,0.45734549928240686,1.3937773085850556,True,-3.6040561531324666,True,-0.267787668166275,True,2,0,0.3883737152878572,False,0.5724040680480557,False,7,3,True,False,False,25.0,18.097432120248495,8.399236982595944,0.20884795109412557,24.0,False,0,2,3,4,-14.317820501869583,15.21319826802087,82659275.75493011,28.362369337979093,False,0.0,0,,,,0.0,0,,,,False,False,False,False,0,,none,0,0,False,-2,0.5,risk_on,6,False
VG,13.725000381469727,-21.39184073023621,133.09075225293,4.4318481556612,-13.359214623032646,0.7135322575262241,False,0.8972698077284978,15.519126085538435,-12.784738617333524,-2.9545324739769896,False,True,False,False,28,46.666666666666664,True,0.3662462316757332,1.5645447776856614,False,-0.3955055744579692,True,-9.881812642389743,False,0,1,0.4171161209200959,False,1.5588302049826532,True,4,3,True,False,False,25.0,17.57549749497241,20.818225735973158,0.11374394894063702,5.0,False,1,3,2,3,-15.576391005297975,16.25730118020782,202028346.6600895,40.97560975609756,False,0.0,0,,,,0.0,0,,,,False,False,False,False,0,,none,0,0,False,-3,0.375,risk_on,6,False
VIAV,35.95000076293945,-35.02620716928651,194.43079975940228,193.70916205217625,175.9180992734824,0.4676895777528691,False,0.7648481030812946,9.401949920400693,6.962213954459706,-1.6146692331832302,False,True,False,False,21,35.0,False,0.4140408730287157,2.24156683687411,False,-1.0966224039991868,True,6.298051707082686,False,0,0,0.3948240969126323,False,0.401264369875172,False,5,1,False,False,False,25.0,29.70424486857403,18.748265745282005,0.22727282735660756,24.0,False,3,1,3,3,-22.95327715280021,46.65999984741211,155221908.1999243,96.58536585365853,True,0.0,0,,,,0.0,0,,,,False,False,False,False,0,,none,0,0,False,-3,0.375,risk_on,6,False
VICI,23.98889923095703,-21.997073655757127,1.133642181225314,-19.375739320088027,-37.16680209878187,0.4208160134889875,False,0.9108150674118434,3.7905519440887763,-8.102942072616049,-5.499232698754463,False,True,False,True,25,41.66666666666667,True,0.5120839302775364,0.7794247248698006,True,-3.797318194168667,True,-2.366816915250247,True,2,0,0.28308107572143015,False,0.18731683617979944,False,7,1,False,False,False,25.0,10.963863703680213,5.672144292210032,0.09206163309468432,19.0,False,1,1,2,4,-9.954512506091884,26.640867742073095,245979775.1433956,19.581881533101043,False,0.0,0,,,,0.0,0,,,,False,False,False,False,0,,none,0,0,False,-2,0.5,risk_on,6,False
VICR,226.52000427246094,-40.35494101833955,367.4370791415089,328.36611137862565,310.5750485999318,0.7555949650648035,False,0.8018415202759185,24.713054004270063,30.883454490246965,20.64980254192328,True,True,False,False,23,38.333333333333336,False,0.45820121127413893,2.7786205332980938,True,1.1116572928992172,True,22.62221052966329,False,0,0,0.5538180272662412,False,1.060338906586754,False,5,1,False,True,True,25.0,32.52522333147198,25.93148701450265,0.6487136519187677,24.0,False,5,1,3,3,-11.425666924639277,255.74000549316406,147619022.28923798,98.67595818815332,True,0.0,0,,,,0.0,0,,,,False,False,False,False,0,,none,0,0,False,-3,0.375,risk_on,6,False
VIK,86.45999908447266,-20.136710346934482,51.47161231770252,38.91387653092764,21.122813752233792,0.5151974287185024,False,0.837387507383734,5.112197368891289,20.300536775177026,-2.305085780256888,False,True,False,True,19,31.666666666666664,False,0.44830256471650526,1.33135587044778,True,-3.3604608141242016,True,0.046286642414816725,True,2,0,0.4219404101282153,False,0.331489194691785,False,8,2,True,False,False,25.0,17.63799715205244,7.587329698649501,0.17249111485022786,24.0,False,1,2,3,4,-14.595599359569766,101.23600006103516,329891326.52228355,74.35540069686411,False,0.0,0,,,,0.0,0,,,,False,False,False,False,0,,none,0,0,False,-2,0.5,risk_on,6,False
VIRT,58.15999984741211,-14.068257769046365,83.4216658108919,67.44272808413577,49.651665305441924,0.3075855948432902,False,0.7735262572944633,6.2757935616489124,36.7866892959354,-12.07496078743694,False,True,False,True,17,28.333333333333332,False,0.4816435345042581,1.9045327276022335,True,-1.004382229968558,True,-2.953446435425444,True,2,0,0.291704381319135,False,0.4275933031561693,False,5,2,True,False,False,25.0,17.659963408434372,14.408530072388078,0.1446449269263424,15.0,False,2,2,3,3,-15.105539291699499,68.50859215332238,58719905.78946018,86.27177700348432,True,0.0,0,,,,0.0,0,,,,False,False,False,False,0,,none,0,0,False,-3,0.375,risk_on,6,False
VISN,6.440000057220459,-12.292611858966907,54.853192462978924,40.73282325340906,22.941760474715213,0.2506104714908282,False,0.8382177558328497,5.590064135337639,30.720233827293942,6.270629010379558,False,True,False,True,20,33.33333333333333,False,0.45325385370730376,2.0503725608966743,True,-0.5948946452416827,True,-0.38669906848222135,True,2,1,0.37093258953887864,False,1.813038970860015,True,3,2,True,False,False,25.0,12.408757904620177,7.220499199631798,0.5176471842201664,15.0,False,3,3,3,5,-5.985399315623807,6.849999904632568,64335309.95723526,75.05226480836237,False,0.0,0,,,,0.0,0,,,,False,False,False,False,0,,none,0,0,False,-1,0.625,risk_on,6,False
VIST,70.36000061035156,-11.217664844982256,108.78337987377087,108.78337987377087,90.99231709507703,0.7199233684768036,True,1.1133158253591264,14.226836340814028,3.699340003946827,0.3136601406010131,False,True,False,False,23,38.333333333333336,False,0.4785019227042922,1.921401413324609,True,0.22649510786544533,True,-7.917815419184338,False,0,0,0.3917303333229578,False,1.0507970389696795,False,3,2,True,True,False,35.0,19.919764627860655,14.596356671371966,0.4078037348513384,7.0,False,4,2,3,4,-11.7964102152595,79.7699966430664,88693783.08685951,92.61324041811847,True,0.0,0,,,,0.0,0,,,,False,False,False,False,0,,none,0,0,False,-2,0.5,risk_on,6,False
VKTX,28.65999984741211,-31.972468262996255,14.777735825103221,12.834646763157975,-4.95641601553587,0.9823886826034922,False,0.9415918348535961,9.944174447464524,-11.950843259066469,-10.883084628750838,False,True,False,False,18,30.0,False,0.48795296953664336,2.1117222869860344,True,-3.5926319529319506,True,-9.1024445820865,False,0,0,0.21118986376183932,False,0.2575319554133922,False,9,2,True,False,False,25.0,21.67677624611258,22.365672675813155,0.03307891498538063,22.0,False,0,2,2,3,-20.9597320075103,36.2599983215332,63107062.014270306,51.77700348432056,False,0.0,0,,,,0.0,0,,,,False,False,False,False,0,,none,0,0,False,-3,0.375,risk_on,6,False
VLO,405.239990234375,-1.9454143845987204,164.615303679094,154.4778576408492,136.68679486215535,0.5965237632006725,True,1.1825673966489552,9.32963292753679,72.18033696450317,15.007380826756522,True,True,False,False,37,61.66666666666667,True,0.4155804155581605,1.4624584844532031,False,4.64305300426834,False,5.8205972886334,False,0,3,0.6145574678131986,True,1.8721688449340288,True,2,1,False,False,False,25.0,20.05487138681196,10.842318010582801,0.8358180771010169,0.0,False,10,3,5,5,-3.292647347778588,419.03741455078125,1200924620.537892,95.47038327526133,True,0.0,0,,,,0.0,0,,,,False,False,False,False,0,,none,0,0,False,-1,0.625,risk_on,6,False
VLTO,94.95500183105469,-10.993810300794548,15.64511150429848,-10.700505635810199,-28.491568414504044,0.4410429770178783,False,0.8129481008934126,2.932972048238695,7.614603039387413,-3.6576662102653756,False,True,False,True,26,43.333333333333336,True,0.2917603236466775,0.4577472505370107,False,-0.5541303864194829,True,-1.3966782742262596,True,2,0,0.39716791566797216,False,0.5445472600362501,False,4,2,True,False,False,65.0,20.337486462381314,4.412618988582785,0.6491959539807135,37.0,False,2,3,4,5,-7.134472536865832,102.25,154568625.09661254,26.062717770034844,False,0.0,0,,,,0.0,0,,,,False,False,False,False,0,,none,0,0,False,-1,0.625,risk_on,6,False
VLY,13.414999961853027,-10.977772363306126,42.804148134672346,26.763139558481576,8.97207677978773,0.4569426873783533,False,1.0339121479471323,4.621691295729537,13.54099310463508,-2.855774877750039,False,True,False,True,19,31.666666666666664,False,0.3894252082785513,0.8369139670051907,False,-2.5734538115661225,True,-2.2942499831040575,True,2,0,0.4335530846515554,False,0.48051055465065196,False,5,2,True,False,False,25.0,11.706346931832377,4.832882246466003,0.09744420296675295,24.0,False,1,2,3,5,-10.565631285407672,14.999826302418127,87332829.77377072,65.3658536585366,False,0.0,0,,,,0.0,0,,,,False,False,False,False,0,,none,0,0,False,-1,0.625,risk_on,6,False
VMC,246.9499969482422,-24.820541907000926,2.541209596253191,-16.45298247414495,-34.244045252838795,0.542742698244552,False,0.8827860896499401,4.1870809741527415,-6.00920620042128,-10.039711426520803,False,True,False,True,19,31.666666666666664,False,0.4559374845937597,1.1596172430783294,True,-3.929884072993286,True,-1.4329035020730685,True,2,0,0.4257627730085594,False,0.325629724445803,False,5,1,False,False,False,25.0,14.866298315585563,8.706215940754252,0.14894110608253178,24.0,False,0,1,2,4,-12.652095401109376,282.7200012207031,268112537.72981644,21.67247386759582,False,0.0,0,,,,0.0,0,,,,False,False,False,False,0,,none,0,0,False,-2,0.5,risk_on,6,False
VMI,469.2950134277344,-19.47303631119658,29.565144786037777,25.955663986063993,8.164601207370147,1.0547827376538632,False,0.7779086970285791,3.5244373095110313,18.13397766542135,-1.466571212199752,False,True,False,True,18,30.0,False,0.3774900615071672,0.9104851816381104,False,-1.8444481568785214,True,-0.6152051470136755,True,2,0,0.3461405689617036,False,0.3314171592043829,False,7,1,False,False,False,25.0,9.121846687500394,4.653788280930395,0.1579687940125782,24.0,False,0,1,3,4,-7.680879567108323,508.3399963378906,81915436.02926025,65.01742160278746,False,0.0,0,,,,0.0,0,,,,False,False,False,False,0,,none,0,0,False,-2,0.5,risk_on,6,False
VMRK,61.474998474121094,-12.366361886047194,8.426742976850733,-1.2330650669767018,-19.02412784567055,0.27296340623743665,False,0.9515714901699606,8.808460430961826,7.628532707641367,-6.202322832807883,False,True,False,False,24,40.0,True,0.4989120908640598,1.041023649554863,True,-3.740865845177474,True,-7.30549041465276,False,0,0,0.43876455445564877,False,0.46362257480656666,False,5,1,False,False,False,25.0,11.49082165640575,9.296456250090753,0.09384878418350019,19.0,False,1,1,2,4,-10.412422014682631,68.62000274658203,403771183.4444054,35.400696864111495,False,0.0,0,,,,0.0,0,,,,False,False,False,False,0,,none,0,0,False,-2,0.5,risk_on,6,False
VNOM,42.005001068115234,-15.032584570340168,22.817952720143243,18.94295126392884,1.1518884852349949,0.5752228472250608,False,1.0174215016966832,11.427208939423373,-8.553236624883176,-4.923040339603036,False,True,False,False,26,43.333333333333336,True,0.3405936681607195,0.9263855028383148,False,-1.3169411745859176,True,-5.90277409847867,False,0,0,0.39607453740180637,False,0.32998399003054874,False,4,2,True,False,False,55.0,14.32015125356073,11.427208939423373,0.37417897720979015,4.0,False,1,2,2,4,-8.96185170401388,46.13999938964844,67492697.17681351,58.39721254355401,False,0.0,0,,,,0.0,0,,,,False,False,False,False,0,,none,0,0,False,-2,0.5,risk_on,6,False
VOD,17.065000534057617,-3.4785054327070575,59.00464272816972,55.66011023244084,37.869047453747,0.6491834136253539,True,0.9745764939466786,6.094339148147838,20.054537948752383,6.390271571231865,False,True,False,True,27,45.0,True,0.3749237231154354,0.5214525951266871,False,2.5695675234138986,True,-2.6525963170220046,True,2,1,0.5995332800422227,False,1.4570988074891085,True,3,1,False,False,False,45.0,14.793896484059477,6.094339148147838,0.7538172468066457,4.0,False,6,3,4,6,-3.6420021669032465,17.709999084472656,52963254.602553844,82.22996515679442,True,0.0,0,,,,0.0,0,,,,False,True,False,False,1,,power_play,6,6,True,0,0.75,risk_on,6,False
VOYA,100.44999694824219,-4.20561094453592,54.939259024945876,34.280627946527154,16.48956516783331,0.40514231024582037,True,1.0908409914177501,5.38576787105024,48.93719407834083,-2.04778746077241,False,True,False,True,24,40.0,True,0.39644709133710004,0.8842355549757646,False,0.1411624762052433,True,-2.608107870200582,True,2,1,0.4501379043580389,False,1.3281650265661582,True,5,2,True,False,False,65.0,16.607044962503714,5.594826199425164,0.7041668685559298,11.0,False,6,4,4,5,-4.912914115289945,105.63999938964844,116092525.48285064,70.45296167247386,False,0.0,0,,,,0.0,0,,,,False,False,False,False,0,,none,0,0,False,-1,0.625,risk_on,6,False
VRNS,48.415000915527344,-23.527089140212087,139.7969273644061,-16.612125783036234,-34.403188561730076,0.43216950690733086,False,0.9824456286860359,6.279047522546621,104.11046508028114,10.234523984475775,True,True,False,True,23,38.333333333333336,False,0.3908393230496041,1.8208510658640158,False,1.8835259487691818,True,1.969253121957748,True,2,1,0.6238611828211106,True,1.0695616353260755,False,4,2,True,True,True,55.0,21.35648291386808,9.53836609148245,0.8936673151891268,47.0,True,4,5,6,5,-2.2708921663491366,49.540000915527344,90071991.23266983,21.463414634146343,False,0.0,0,,,,0.0,0,,,,True,False,False,False,1,,sepa_vcp,6,6,True,0,0.75,risk_on,6,False
VRSK,172.36500549316406,-30.778930238777214,10.493803370731559,-28.49307305730644,-46.28413583600029,0.4662129402873509,False,0.9194490281671782,8.540017260804667,-13.28573461739172,-9.87795829663386,False,True,False,False,25,41.66666666666667,True,0.44569559962635935,1.4283410256191034,True,-2.503336389211653,True,-7.593949165727976,False,0,0,0.46043596562027755,False,1.187903023025323,False,4,3,True,False,False,25.0,13.118981927927717,9.334156897708759,0.057551964413169704,13.0,False,1,2,3,4,-12.363958746874603,196.6827837365565,216954498.3529663,12.613240418118469,False,0.0,0,,,,0.0,0,,,,False,False,False,False,0,,none,0,0,False,-2,0.5,risk_on,6,False
VRSN,305.8999938964844,-1.0329127711646513,45.450884812475564,9.717878254983582,-8.073184523710264,1.167727641023067,False,0.8789962532108874,4.785882621949851,27.68309031942202,4.7853942969875884,False,True,False,True,28,46.666666666666664,True,0.39934319394285916,1.0385026115883824,False,2.760880157357155,True,2.4447379918800305,True,2,2,0.6025673832341278,True,2.0877606927086743,True,3,1,False,False,False,55.0,17.829477376015774,9.519449394641576,0.9588665220386303,0.0,True,4,4,5,7,-0.7333884147090797,308.1600036621094,207909115.94979554,47.73519163763066,False,0.0,0,,,,0.0,0,,,,False,True,False,False,1,,power_play,7,7,True,1,0.875,risk_on,6,False
VRT,252.90499877929688,-32.74868152069361,82.63908608952326,76.30522588174249,58.514163103048645,0.5804341267714632,False,0.9047014324471266,8.293908032287419,-1.164206810949442,-1.599882307290057,False,True,False,False,25,41.66666666666667,True,0.4992152916622666,2.576884085334231,True,-1.1891827682954783,True,6.535658380529474,False,0,0,0.43948180535868603,False,0.920779144205565,False,5,1,False,False,False,25.0,24.41037063081683,27.017101147676893,0.3542950240725048,24.0,False,3,1,3,3,-15.761897780552815,300.226372764736,1356935750.9769714,87.73519163763066,True,0.0,0,,,,0.0,0,,,,False,False,False,False,0,,none,0,0,False,-3,0.375,risk_on,6,False
VRTX,513.3200073242188,-8.000575828105683,36.29653602552256,33.984133917940284,16.193071139246438,0.41241022955046786,True,0.8368251901026723,3.687756644136579,13.757649683841011,-5.237311929207378,False,True,False,True,24,40.0,True,0.38530278742475477,0.7671381460406442,False,0.19660341348357663,True,-1.191507829502425,True,2,0,0.4136870240526596,False,0.3486496458087367,False,5,2,True,False,False,45.0,17.001338688085678,6.621598564130491,0.5072966648211942,11.0,False,4,2,4,5,-8.37661627412427,560.25,510667627.480719,70.10452961672475,False,0.0,0,,,,0.0,0,,,,False,False,False,False,0,,none,0,0,False,-1,0.625,risk_on,6,False
VSAT,77.65499877929688,-13.534126611423991,173.33685039203027,162.2593623052778,144.46829952658393,0.2993570070735181,True,0.8666373051474171,13.444082938018918,57.963789707751204,15.266432556642062,False,True,False,False,22,36.666666666666664,False,0.42027056316247585,2.4657172114075303,False,0.6660649884981981,True,8.396146623247414,False,0,1,0.48703589586602414,False,1.457851590846182,True,4,2,True,False,False,25.0,22.309239552948426,15.414334439336022,0.648138325826359,24.0,False,6,3,4,3,-7.8497663786412435,84.2699966430664,119082614.5359314,95.81881533101046,True,0.0,0,,,,0.0,0,,,,False,False,False,False,0,,none,0,0,False,-2,0.5,risk_on,6,False
VSEC,180.9199981689453,-25.694101633137922,16.99057999113944,12.643589600109983,-5.147473178583862,0.5565026920848466,False,0.9118078774080869,8.92106983915438,2.9202766201400054,-16.170886836661246,False,True,False,False,24,40.0,True,0.4245127628466602,1.9241916540237676,False,-2.795898359412275,True,-3.5659092903585488,True,1,0,0.4025177185097212,False,0.6909518069384508,False,7,3,True,False,False,25.0,29.697488807518894,21.55648927410519,0.11310665922485187,24.0,False,1,2,3,2,-26.338505061133,245.61000061035156,68570846.48963928,51.42857142857142,False,0.0,0,,,,0.0,0,,,,False,False,False,False,0,,none,0,0,False,-3,0.375,risk_on,6,False
VSH,32.619998931884766,-49.57895475445563,180.89920139149802,116.16070511093955,98.3696423322457,0.26685108879820146,False,0.6250846462411428,8.261807757260819,87.72960476537084,7.078735168827888,False,True,True,False,20,33.33333333333333,False,0.3828754455875428,1.6219348883847178,False,-0.7961094122790551,True,5.909090064633116,False,1,0,0.3843612587936735,False,0.7072422471963178,False,5,0,False,False,False,25.0,19.928928337592886,11.802576663196952,0.47095445028616284,24.0,False,5,1,3,6,-10.543310847569497,36.464572119701,115853055.42119713,93.10104529616726,True,0.0,0,,,,0.0,0,,,,False,True,False,False,1,,power_play,6,6,True,0,0.75,risk_on,6,False
VST,141.5,-34.79750041747598,5.187551419241965,-32.748351025065524,-50.53941380375937,0.6283791090087706,False,0.8295414354531572,5.060073259441254,-6.340038193828635,3.2168675905715816,True,True,False,True,20,33.33333333333333,False,0.4197303533266124,1.3676314157743341,False,-1.1400506957089864,True,0.5471500716533129,True,2,0,0.3825641575686578,False,0.7246752648884016,False,5,1,False,False,False,25.0,13.169783537962667,11.272082648934408,0.3431373575658933,9.0,False,0,1,4,4,-8.650738815031357,154.89999389648438,614703820.3919747,10.24390243902439,False,0.0,0,,,,0.0,0,,,,False,False,False,False,0,,none,0,0,False,-2,0.5,risk_on,6,False
VSXY,81.98100280761719,-17.994396512381496,220.73945430575384,207.96769430146296,190.1766315227691,0.33500800901959976,False,1.021151316920839,11.752725395224418,80.57488998295821,-6.68070093163724,True,True,False,False,24,40.0,True,0.4707190853320646,2.258866703864093,True,-0.666004729078158,True,9.982562115235783,False,0,2,0.6117255882484952,True,1.2076557051085959,True,6,1,False,False,False,25.0,22.586212078976114,12.66757148677566,0.49037055348398156,17.0,False,7,3,5,5,-11.510598760702006,92.6449966430664,170034256.3319626,97.00348432055749,True,0.0,0,,,,0.0,0,,,,False,False,False,False,0,,none,0,0,False,-1,0.625,risk_on,6,False
VTR,86.72000122070312,-13.737190616019168,32.49195133266349,32.49195133266349,14.700888553969644,0.2872752154914186,False,0.835357838294201,3.7246260171499497,7.2537835843802245,-5.544054540075716,False,True,False,True,30,50.0,True,0.29387772928447486,0.5615593012467665,False,-3.2275496323833077,True,-2.6711529676504253,True,2,0,0.2508944621001964,False,0.41515132555076567,False,9,2,True,False,False,25.0,8.412695183325066,6.388368551833254,0.02138342568583005,17.0,False,2,2,2,4,-8.232802941054896,94.5,303302192.9897629,69.05923344947735,False,0.0,0,,,,0.0,0,,,,False,False,False,False,0,,none,0,0,False,-2,0.5,risk_on,6,False
VTRS,17.329999923706055,-2.239791592044782,89.08737083360127,81.2564691448535,63.465406366159655,0.2841679793748639,True,0.8456630950379967,5.539532579616948,32.34160636696666,6.058750072663677,False,True,False,True,30,50.0,True,0.4323179037558905,1.0845399016049178,False,1.4721262221691382,True,4.021609138237903,True,2,1,0.5635336931633786,False,2.0852573406162365,True,4,1,False,False,False,65.0,18.760191872409823,6.8667082475274075,0.7304275934858894,31.0,False,8,3,4,6,-5.057230069711971,18.25310124871083,128639077.26563454,88.71080139372822,True,0.0,0,,,,0.0,0,,,,False,True,False,False,1,,power_play,6,6,True,0,0.75,risk_on,6,False
VVV,26.479999542236328,-34.24385586980733,0.0,-31.523142497840606,-49.31420527653445,0.4816718867175438,False,0.8731599029709393,16.144265860202005,-21.40100735639884,-17.533481660228446,False,True,False,False,16,26.666666666666668,False,0.42667867446570157,1.4798663669610161,False,-8.709532303186199,True,-12.808696705637834,False,0,0,0.29177683712355496,False,0.08536867392819082,False,10,4,True,False,False,25.0,24.292316888740746,20.921453970159213,0.032104692349876236,21.0,False,0,2,2,2,-23.512419528562024,34.619998931884766,67438047.60354939,11.010452961672474,False,0.0,0,,,,0.0,0,,,,False,False,False,False,0,,none,0,0,False,-4,0.25,risk_on,6,False
VVX,77.80999755859375,-14.3156043932409,49.17560925271791,41.472722833806806,23.68166005511296,0.3089164511678534,False,0.8423461455606468,9.04768170725872,13.046630086660072,0.1544537436177773,False,True,False,False,26,43.333333333333336,True,0.35255698316319545,1.2430011223397284,False,-0.4830172871168376,True,6.64747606219922,False,0,1,0.44941097467488006,False,1.4991805699618501,True,3,1,False,False,False,25.0,15.374542663370075,10.371417488796626,0.5228503551715579,22.0,False,3,2,2,5,-7.335957571226759,83.97000122070312,53828418.26156159,75.74912891986062,False,0.0,0,,,,0.0,0,,,,False,False,False,False,0,,none,0,0,False,-1,0.625,risk_on,6,False
VZ,47.8650016784668,-6.967928146378199,30.91266120042753,17.60489850333924,-0.18616427535460645,0.3919319036506813,False,0.9568702322386824,9.33875953046669,-2.3069227067959552,-4.461071584281129,False,True,False,False,30,50.0,True,0.4277942788945892,0.8280463456725567,False,0.0806842109180715,True,-6.677713347483438,False,0,0,0.4972192309889083,False,0.7425557475548247,False,4,1,False,False,False,55.0,20.78144592255717,9.33875953046669,0.6456437860083385,4.0,False,2,2,3,5,-7.364034498389804,51.66999816894531,1002230378.0051504,56.724738675958186,False,0.0,0,,,,0.0,0,,,,False,False,False,False,0,,none,0,0,False,-1,0.625,risk_on,6,False
W,105.8499984741211,-11.087781805346053,84.40765794474486,18.51976415594001,0.7287013772461641,0.41411831926668896,False,0.8677646872650749,6.688712265579912,38.257578173393746,2.014260114554145,False,True,False,True,23,38.333333333333336,False,0.379072113109209,1.672446177739881,False,1.7380858567150708,True,1.0115445646843968,True,2,0,0.5159155869357165,False,0.6031769278689487,False,3,2,True,False,False,25.0,13.825054134627143,10.32593336111197,0.8612600570466058,22.0,True,3,4,4,6,-1.9180872219657585,107.91999816894531,223080181.47739258,57.90940766550523,False,0.0,0,,,,0.0,0,,,,False,True,False,False,1,,power_play,6,6,True,0,0.75,risk_on,6,False
WAB,284.2049865722656,-6.962839898319595,51.31582025956671,51.31582025956671,33.524757480872864,0.3451173917590462,False,0.8580534006263244,4.22933783064201,17.860145416247075,-2.7461328790210904,False,True,False,True,21,35.0,False,0.3679215799186863,0.7315505516734347,False,-0.420040648196338,True,2.0777863894589466,True,2,1,0.6445467196468843,True,0.43171942041565153,False,4,1,False,False,False,55.0,17.323242957805775,4.612862536185299,0.583176285746543,37.0,False,2,2,3,5,-7.220738472587652,306.323829154746,206221274.50289002,80.13937282229965,True,0.0,0,,,,0.0,0,,,,False,False,False,False,0,,none,0,0,False,-1,0.625,risk_on,6,False
WAL,78.68000030517578,-16.84470548203122,19.231720838492695,-11.722358797863851,-29.513421576557697,0.30560026812843705,False,1.0668167326393774,5.9227295933332975,15.023926081274496,0.19101175119138336,False,True,False,True,18,30.0,False,0.37448466942794423,0.8698714216050223,False,-0.8342061329792563,True,-0.6314725916555908,True,2,0,0.4501985164108014,False,0.4303190104829125,False,7,2,True,False,False,25.0,7.208631586672795,5.9227295933332975,0.35126090072947214,24.0,False,0,2,2,4,-4.676521162511182,82.54000091552734,86014531.31159362,25.29616724738676,False,0.0,0,,,,0.0,0,,,,False,False,False,False,0,,none,0,0,False,-2,0.5,risk_on,6,False
WAT,424.8900146484375,-1.1239845849728036,49.9682350926288,41.22046782463129,23.429405045937447,0.6168523754976489,False,0.9359709146693419,4.68120771143957,40.78062956345534,2.459671597333113,False,True,False,True,22,36.666666666666664,False,0.3593774033130329,0.9597355261244771,False,2.259219734010622,True,3.6291808805639647,True,2,2,0.5467168932390909,False,2.044213966905199,True,2,2,True,False,False,45.0,20.049564030053364,9.1388324586527,0.9204114179515399,2.0,True,5,5,4,7,-1.59571637184176,431.7799987792969,249551268.51233214,75.47038327526133,False,0.0,0,,,,0.0,0,,,,False,True,False,False,1,,power_play,7,7,True,1,0.875,risk_on,6,False
WAY,25.510000228881836,-35.6133242892334,47.37146745193752,-32.51322554559507,-50.30428832428892,0.39364830449238103,False,0.9439230067717899,7.5656616537019055,3.614944595087799,-2.7820104748622176,False,True,False,True,25,41.66666666666667,True,0.42117061749876555,1.8913427862478565,False,1.306098652425,True,2.4498016855293736,True,2,0,0.3808035362209557,False,0.5611707955306932,False,4,3,True,True,True,35.0,20.381236192610604,16.95413847171505,0.6816546725570335,4.0,False,2,2,2,5,-6.488271309429061,27.280000686645508,60647310.47691641,10.313588850174217,False,0.0,0,,,,0.0,0,,,,False,False,False,False,0,,none,0,0,False,-1,0.625,risk_on,6,False
WBD,30.78499984741211,0.0,80.02923485763205,59.260217118044544,41.469154339350695,10.747736631832359,False,1.0215922527030037,10.329707068174967,12.354015605871037,7.003821194256132,False,False,False,False,21,35.0,False,0.4690762806305558,0.5959036548276895,True,6.298288996983296,False,9.555158112072416,False,0,1,0.41495289294955456,False,1.610949276891104,True,4,1,False,True,True,35.0,17.852524075495722,10.329707068174967,0.9755434388249075,0.0,True,5,2,2,5,-0.43661134718216976,30.920000076293945,811135990.5429623,83.27526132404182,True,0.0,0,,,,0.0,0,,,,False,False,False,False,0,,none,0,0,False,-1,0.625,risk_on,6,False
WCC,355.29998779296875,-4.887158340394482,72.17754541698204,71.29509133285066,53.50402855415682,0.4162349529220134,True,0.9437909826674914,7.010969321801988,34.50655002662988,5.765754209655927,False,True,False,True,24,40.0,True,0.539072618311474,1.6556634118591638,True,0.881538344110256,True,5.514797078005196,False,1,0,0.5032835444302248,False,0.9142310844577711,False,4,2,True,False,False,25.0,12.123731600992754,9.726648194512727,0.6185529549462042,24.0,False,8,3,5,6,-4.624561594224009,372.5277636799325,164329066.88199615,86.82926829268293,True,0.0,0,,,,0.0,0,,,,False,True,False,False,1,,power_play,6,6,True,0,0.75,risk_on,6,False
WCN,155.44500732421875,-12.370371555520688,4.533915297028468,-10.068438865394036,-27.85950164408788,0.9115490129093036,False,0.9038887050183705,5.381318048335743,-3.805888766691101,-6.3189211199747515,False,True,False,True,17,28.333333333333332,False,0.5046058680150155,0.8561380095475678,True,-3.4734108162649244,True,-3.4682925525775787,True,2,0,0.2673271512708986,False,0.3739089228581586,False,8,2,True,False,False,25.0,10.2304486742925,6.764449737338185,0.09010566729291412,19.0,False,0,2,2,4,-9.308627269789472,171.39999389648438,156590317.34133607,26.34146341463415,False,0.0,0,,,,0.0,0,,,,False,False,False,False,0,,none,0,0,False,-2,0.5,risk_on,6,False
WDAY,192.75,-22.18095276348625,71.33333333333334,-17.494219660730003,-35.28528243942385,0.25174805841437947,False,0.8068505436435939,9.02204896998622,40.63184257507266,-5.847011112411327,True,True,False,False,28,46.666666666666664,True,0.39654118118915915,1.8016228178755311,False,1.9672028593247963,True,-0.7517669859402498,True,1,0,0.405046150513395,False,0.9040225797448525,False,3,3,True,False,False,25.0,13.355052778352242,9.058369241954441,0.3255568728175731,11.0,False,2,2,4,4,-9.007223559518241,211.8300018310547,711437983.5673195,20.627177700348433,False,0.0,0,,,,0.0,0,,,,False,False,False,False,0,,none,0,0,False,-2,0.5,risk_on,6,False
WDC,446.8999938964844,-40.09306998318157,319.8947382833241,319.8947382833241,302.10367550463025,0.7704080917676943,False,0.630259203335683,11.942268034478786,51.687641948021465,-2.7003087686482297,False,True,True,False,26,43.333333333333336,True,0.40592431004724894,2.075887782689899,False,-1.3463938485657891,True,4.6751279666789936,True,2,0,0.3878356698697634,False,0.6719729179885903,False,8,2,True,False,False,25.0,25.765458714425826,19.77399783488399,0.2815207969422164,24.0,False,5,2,3,4,-18.511946243558896,548.4239385962262,2777061561.000839,98.60627177700349,True,0.0,0,,,,0.0,0,,,,False,False,False,False,0,,none,0,0,False,-2,0.5,risk_on,6,False
WEC,103.22000122070312,-12.393966880628016,2.3354652761788275,-3.0604219892040763,-20.851484767897922,0.42791192522751353,False,0.8216640897438656,2.5576432459089387,-6.28137894382903,-2.824326836305169,False,True,False,True,18,30.0,False,0.5351075033436169,0.7997355438916087,True,-3.292067061827648,True,-1.8541380452528955,True,2,0,0.37099201087517975,False,0.4858748703189318,False,3,1,False,False,False,25.0,8.07042526459455,4.524315165391258,0.039867182615454806,23.0,False,0,1,3,4,-7.74868014678658,111.88999938964844,234127114.01471558,33.44947735191638,False,0.0,0,,,,0.0,0,,,,False,False,False,False,0,,none,0,0,False,-2,0.5,risk_on,6,False
WELL,231.72500610351562,-7.724135064722947,42.34308155108408,42.34308155108408,24.552018772390237,0.41128724023006547,False,1.015484788987764,3.7889733727635315,19.689155433474824,-2.6651829401013516,False,True,False,True,27,45.0,True,0.370006701579138,0.7718522285677893,False,-1.046101656537468,True,-1.0610138504404176,True,2,0,0.34844743872892775,False,0.5107232277919774,False,4,2,True,False,False,65.0,20.493736098482028,5.329595761451253,0.5678735876805723,38.0,False,3,2,2,5,-8.855884655258183,254.2402273882886,614873677.7885437,76.23693379790942,False,0.0,0,,,,0.0,0,,,,False,False,False,False,0,,none,0,0,False,-1,0.625,risk_on,6,False
WEN,6.784999847412109,-24.970289572396574,10.902909518873294,-22.628322892717712,-40.41938567141156,0.5002222278375813,False,0.8310568539110255,16.359619137467973,-2.6616433608865453,-17.25865720526938,False,True,False,False,23,38.333333333333336,False,0.48467263406917194,2.154376509995528,True,-3.306537533251131,True,-11.074708445017178,False,0,0,0.2644883514251717,False,0.41119089837781037,False,8,2,True,False,False,25.0,27.175757115548638,21.370675294198342,0.0751141903959036,18.0,False,0,2,2,2,-25.134472121418483,9.062915923622638,54409398.04953261,16.794425087108014,False,0.0,0,,,,0.0,0,,,,False,False,False,False,0,,none,0,0,False,-4,0.25,risk_on,6,False
WEX,189.0,-7.011070110701112,48.98313029377199,15.638764792454696,-2.15229798623915,0.32086528132755493,False,0.8947445170676215,8.132272548776456,21.223780104324664,-4.216504670278088,False,True,False,False,34,56.666666666666664,True,0.4677346812940488,1.2588723168157627,True,0.5106195505748953,True,-5.853051058530512,False,0,0,0.47777299631392633,False,0.668665617829058,False,5,3,True,False,False,45.0,25.162998406201236,9.94709156177662,0.7079679532741591,19.0,False,2,3,3,5,-7.3484019263220235,203.99000549316406,102723417.54316178,54.77351916376306,False,0.0,0,,,,0.0,0,,,,False,False,False,False,0,,none,0,0,False,-1,0.625,risk_on,6,False
WFC,86.44000244140625,-8.846332300058302,18.409526719905966,4.353701584436109,-13.437361194257736,0.3226476225821866,False,1.1159182047953824,7.172601542260349,11.693030350111089,-0.2883838885216039,False,True,False,True,28,46.666666666666664,True,0.42260287230423255,0.9700322897160244,False,-0.25164246137044294,True,-2.5588960280619966,True,2,0,0.39793997390881897,False,0.842300777548339,False,5,0,False,False,False,65.0,11.422768464859026,7.172601542260349,0.4718215931886605,4.0,False,2,1,2,5,-6.0332596491440516,91.98999786376953,1172818684.5038972,40.69686411149826,False,0.0,0,,,,0.0,0,,,,False,False,False,False,0,,none,0,0,False,-1,0.625,risk_on,6,False
WFRD,82.59500122070312,-25.636948625375734,36.011929870363346,31.145994349981354,13.354931571287509,0.38200523477305115,False,1.0215091635882116,8.002906365590936,-9.267466187001405,-11.936240095473583,False,True,False,False,18,30.0,False,0.4357157090490926,1.8639182132368397,False,-1.5242284861443127,True,-2.2081433625215308,True,1,0,0.39021550428738533,False,1.124796353015152,False,5,1,False,False,False,25.0,19.929582378155924,22.38634931883673,0.15169127187480863,12.0,False,1,1,2,3,-16.906438679279677,99.4000015258789,94142466.75139312,68.01393728222996,False,0.0,0,,,,0.0,0,,,,False,False,False,False,0,,none,0,0,False,-3,0.375,risk_on,6,False
WH,67.37999725341797,-24.179148325930644,0.0,-17.114007257519948,-34.90507003621379,0.6735859552675927,False,0.926650697964616,4.7491907213967615,-11.63897048296143,-10.811227590536143,False,True,False,True,22,36.666666666666664,False,0.43152591509550753,1.2378916150398267,False,-3.0149968856238636,True,-2.021229398720037,True,2,0,0.3357815100475131,False,0.3944179935055497,False,6,2,True,False,False,25.0,14.22613019740257,7.303436912391644,0.04507564843715923,16.0,False,0,2,3,4,-13.5848781540032,77.97246108557025,86018542.09893875,21.11498257839721,False,0.0,0,,,,0.0,0,,,,False,False,False,False,0,,none,0,0,False,-2,0.5,risk_on,6,False
WHD,67.41999816894531,-8.360898737608535,103.9735123795591,72.56117177677565,54.77010899808181,0.25723421769138227,True,0.9810167730324044,6.8748066341106595,41.90002946591227,-2.9928083900067404,True,True,False,True,23,38.333333333333336,False,0.4732268567479221,1.6376028237098872,True,1.0257860161611505,True,0.566821670985318,True,2,0,0.3956857404531332,False,0.5188539586673617,False,4,2,True,False,False,45.0,29.870390529635383,8.476707939934416,0.7060118510924599,22.0,False,5,3,6,5,-8.781540818952827,73.91047686426327,53132028.641578674,87.24738675958189,True,0.0,0,,,,0.0,0,,,,True,False,False,False,1,,sepa_vcp,6,6,True,0,0.75,risk_on,6,False
WHR,32.814998626708984,-64.18029394939737,2.6431008179644166,-59.26544448312687,-77.05650726182071,0.5496943156831283,False,0.9042896322519445,7.7098853730795005,-39.71155898819904,-20.2551703283124,False,True,False,True,21,35.0,False,0.48950046944082276,2.106574634471081,True,-3.4822999254100835,True,-3.4852981567382812,True,2,0,0.3284473303542141,False,0.4518485628198916,False,9,1,False,False,False,25.0,24.898738286871044,23.89151449242088,0.12392326070807347,20.0,False,0,1,2,3,-21.81320545084503,41.970001220703125,94526651.41453743,1.8118466898954706,False,0.0,0,,,,0.0,0,,,,False,False,False,False,0,,none,0,0,False,-3,0.375,risk_on,6,False
WING,105.11000061035156,-62.82714565446831,4.23443517208506,-58.21125441236412,-76.00231719105797,0.3473691400286068,False,0.9229599933148653,13.67139440884641,-42.325947956212026,-7.457299774745452,False,True,False,False,16,26.666666666666668,False,0.40661439868141824,2.316682444864826,False,-2.42731158179363,True,-8.368929082678866,False,0,0,0.4394720346340616,False,0.7212630763418434,False,4,2,True,False,False,25.0,20.053976593492777,18.742274249113265,0.1982721855962208,24.0,False,0,2,2,3,-16.077830824405513,125.24700164794922,132116493.47805023,1.951219512195122,False,0.0,0,,,,0.0,0,,,,False,False,False,False,0,,none,0,0,False,-3,0.375,risk_on,6,False
WIX,82.21980285644531,-55.373534300347195,103.36334958157214,-54.852812576429045,-72.64387535512289,0.3108489695251176,False,1.1560928187836017,8.805661911413813,-8.093221889249946,-6.163204429193392,False,True,False,False,29,48.333333333333336,True,0.4823986775769355,2.757872182421189,True,2.3075580913942804,True,-1.3322920319385312,True,1,0,0.5911778471008071,False,1.115429907066625,False,6,0,False,False,False,25.0,28.440088368562797,19.4417890277129,0.470388783102156,13.0,False,2,1,3,4,-15.06218980955676,96.80000305175781,108319186.65445404,2.3693379790940767,False,0.0,0,,,,0.0,0,,,,False,False,False,False,0,,none,0,0,False,-2,0.5,risk_on,6,False
WK,72.9800033569336,-21.787584110581506,64.70322973387258,-8.385638963199238,-26.176701741893083,0.23111101197778422,False,0.9508243206421368,6.905992127025545,18.879302952460144,-7.795322867969833,False,True,False,True,30,50.0,True,0.47034821648633063,1.5908633950206106,True,1.9179051241595066,True,-3.834492101882625,True,2,0,0.42542827645260106,False,1.1870804509703878,False,3,3,True,False,False,35.0,25.89994848075036,7.878870561128457,0.6367124381631385,14.0,False,1,3,4,4,-9.40912913527212,80.55999755859375,65796780.52416992,27.526132404181187,False,0.0,0,,,,0.0,0,,,,False,False,False,False,0,,none,0,0,False,-2,0.5,risk_on,6,False
WM,208.13999938964844,-14.485936253241727,7.544757416364356,-2.2108100551650467,-20.001872833858894,0.5729186979049836,False,0.8377196636281166,5.818199599242353,-7.71948519987874,-4.825695757330162,False,True,False,True,22,36.666666666666664,False,0.4035573257513593,0.5764601682342089,False,-4.519966409240368,True,-4.562335327305189,True,2,0,0.35106916479861433,False,0.38799576096671123,False,8,2,True,False,False,25.0,8.86359587279947,5.818199599242353,0.03022256557293454,22.0,False,0,2,2,4,-8.595715265321802,227.71361320076218,482415081.9491272,34.494773519163765,False,0.0,0,,,,0.0,0,,,,False,False,False,False,0,,none,0,0,False,-2,0.5,risk_on,6,False
WMB,72.16000366210938,-7.782419239284788,31.583213636737682,23.702663879457162,5.911601100763317,0.24229848363926576,False,0.9246651109379327,4.767187176866188,-0.5152756705904538,-1.4186598537084594,True,True,False,True,24,40.0,True,0.40090647892680603,1.1755563180204927,False,-0.19637184945628822,True,0.2918786973934884,True,2,2,0.47440933242470373,False,1.5515171534807946,True,2,1,False,False,False,35.0,10.850909193677479,8.946618278159091,0.4992833117741299,8.0,False,2,3,5,6,-5.43323131569784,76.30587855127564,601403751.5013688,62.64808362369338,False,0.0,0,,,,0.0,0,,,,False,True,False,False,1,,power_play,6,6,True,0,0.75,risk_on,6,False
WMG,27.530000686645508,-19.75159082968665,17.913135102541755,-15.783959890858402,-33.57502266955225,0.49545394534172427,False,0.9395728045867338,7.410101215569258,15.471880185370711,-1.7838030244437975,False,True,False,True,26,43.333333333333336,True,0.46731836091881995,1.2930782449528329,True,0.18903053105741904,True,-5.864250652669312,False,1,1,0.40361069078739753,False,1.539036457880091,True,4,1,False,False,False,35.0,17.981773411392318,9.044677475529577,0.5988899152098811,11.0,False,1,2,2,4,-7.2126706577202775,29.670000076293945,50381840.67802639,22.229965156794425,False,0.0,0,,,,0.0,0,,,,False,False,False,False,0,,none,0,0,False,-2,0.5,risk_on,6,False
WMS,126.79499816894531,-27.41555597134021,1.1689111278123443,-10.980551882554334,-28.77161466124818,0.33187333530630364,False,0.8244340865181125,4.956823023677208,-7.764657069332037,-7.305566326378088,False,True,False,True,21,35.0,False,0.37320708188687785,1.0907366749197935,False,-3.4595560650267934,True,1.1689111278123443,True,2,0,0.3406883371873897,False,0.7557736808452333,False,7,2,True,False,False,25.0,16.904502921384083,8.919908294429709,0.08058003552151707,22.0,False,0,2,3,4,-15.542337475505363,150.12847192186013,96769203.51526947,25.64459930313589,False,0.0,0,,,,0.0,0,,,,False,False,False,False,0,,none,0,0,False,-2,0.5,risk_on,6,False
WMT,107.43000030517578,-19.756190102355554,7.677679011881189,5.8677897026249815,-11.923273076068863,0.34647717810109724,False,0.7308322677941098,2.904212145885272,-10.625665060102552,4.2099176655902015,False,True,False,True,25,41.66666666666667,True,0.45882964288701394,0.798679477675829,True,-1.252839282883834,True,-1.512652638596823,True,2,1,0.4416199393100905,False,1.3672088945480707,True,4,1,False,False,False,25.0,12.385945610179897,4.263235770873865,0.36562851124536705,22.0,False,2,2,3,5,-7.857290756363733,116.59088514655902,2503431952.4573436,42.78745644599303,False,0.0,0,,,,0.0,0,,,,False,False,False,False,0,,none,0,0,False,-1,0.625,risk_on,6,False
WOLF,27.790000915527344,-62.19047494486076,87.77027403637815,,,0.7711574893205212,False,0.7618668703063846,18.531487105939316,67.40964022235087,7.504837545179632,False,True,False,False,22,36.666666666666664,False,0.3921332542699107,2.6457881130661134,False,0.12148687136832986,True,15.984983211191906,False,0,1,0.42041139834775665,False,1.206579964787628,True,3,1,False,False,False,25.0,34.42296903155486,23.857505756362883,0.389760609645923,24.0,False,3,2,3,4,-21.0062516359933,35.18000030517578,64243124.90931282,,False,0.0,0,,,,0.0,0,,,,False,False,False,False,0,,none,0,0,False,-2,0.5,risk_on,6,False
WPC,66.30000305175781,-13.548049366130543,7.627758262930029,4.213793075741967,-13.577269702951877,0.3546567789365703,False,0.925389995255714,4.555047517431957,0.7120011292628181,-5.970782806584851,False,True,False,True,18,30.0,False,0.42723298816510924,0.6756889119983657,False,-4.864270346924027,True,-4.1769031473815055,True,2,0,0.2882510207865919,False,0.3765245121717639,False,5,3,True,False,False,25.0,8.746029141572581,7.1794900710857,0.023659560334827124,21.0,False,0,2,2,4,-8.53910193740739,72.48999786376953,95574093.60825118,40.487804878048784,False,0.0,0,,,,0.0,0,,,,False,False,False,False,0,,none,0,0,False,-2,0.5,risk_on,6,False
WPM,147.375,-10.67779541814341,56.855741983597355,37.50559155760935,19.714528778915504,0.4610392223594029,True,1.050881882402066,6.215439295748515,23.477451777167623,-3.883781229987948,True,True,False,True,26,43.333333333333336,True,0.3820854578742655,1.4157100162115157,False,2.3797684638640444,True,-1.5333722168919595,True,2,0,0.44930836159619514,False,1.041903430030433,False,6,3,True,False,False,35.0,34.193317401918684,11.487706825832273,0.7051364209516588,18.0,False,4,3,6,5,-10.082363948665673,163.89999389648438,291312970.1216583,73.10104529616724,False,0.0,0,,,,0.0,0,,,,True,False,False,False,1,,sepa_vcp,6,6,True,0,0.75,risk_on,6,False
WRB,69.31500244140625,-9.320338909800686,10.072427676214213,-2.936896123717625,-20.72795890241147,0.25750002973252617,False,0.9057602569105602,3.145062725805415,6.697213584186668,1.27849206427062,False,True,False,True,22,36.666666666666664,False,0.4447385749215063,0.7590392713432051,True,-1.1503190004611012,True,-2.194158663625534,True,2,1,0.5347399705923579,False,2.2760057160844376,True,4,2,True,False,False,35.0,8.266375690585921,4.6743096727268885,0.32207610038624596,31.0,False,1,3,3,5,-5.6039736438343475,73.43000030517578,230134186.18995667,33.58885017421603,False,0.0,0,,,,0.0,0,,,,False,False,False,False,0,,none,0,0,False,-1,0.625,risk_on,6,False
WRBY,23.940000534057617,-21.094263633299214,45.17890155455277,-15.941008009658898,-33.73207078835274,0.9397072654958106,False,0.8552877709852318,13.324981048013957,-0.9925548721634647,-4.2399978637695295,False,True,False,False,17,28.333333333333332,False,0.4630707430917226,2.5990895426220155,True,-1.3285077444641793,True,-6.8844753537312116,False,0,0,0.5248973038128639,False,0.4752788891574101,False,6,1,False,False,False,25.0,21.70732154693812,14.703426813863413,0.23595519721765965,22.0,False,0,1,2,3,-16.585366210263185,28.700000762939453,60269370.27189112,22.090592334494772,False,0.0,0,,,,0.0,0,,,,False,False,False,False,0,,none,0,0,False,-3,0.375,risk_on,6,False
WSM,228.77000427246094,-9.138928675190694,36.10878301752158,17.01970427777948,-0.7713585009143671,0.32650177199148267,False,0.896606725597505,5.686938638218634,25.434579741849927,-2.6883287948782253,False,True,False,True,19,31.666666666666664,False,0.44124540616687324,1.5092914632925625,True,-0.5118198372230621,True,-0.28766439628186147,True,2,0,0.48430048977284323,False,0.6692632460680619,False,3,2,True,False,False,55.0,16.24731188854979,6.215850397837717,0.36927684104322295,28.0,False,2,2,3,6,-10.247555878902126,254.88999938964844,304270453.9296257,55.88850174216028,False,0.0,0,,,,0.0,0,,,,False,True,False,False,1,,power_play,6,6,True,0,0.75,risk_on,6,False
WSO,318.57000732421875,-29.670325968534407,5.385556359490984,-15.557231645780655,-33.3482944244745,0.4563247368575941,False,0.777001929663342,6.246662723723243,-15.934916151156864,2.513192596590552,True,True,False,True,18,30.0,False,0.3848729928809962,1.2833965345637945,False,-1.1490357171643968,True,2.2434113400065625,True,2,0,0.3764088035105951,False,0.8589645741078406,False,4,2,True,False,False,25.0,8.68813899032415,6.246662723723243,0.8109451117675893,22.0,True,1,4,5,5,-1.6425351457633797,323.8900146484375,155005212.53499755,22.50871080139373,False,0.0,0,,,,0.0,0,,,,False,False,False,False,0,,none,0,0,False,-1,0.625,risk_on,6,False
WST,362.8699951171875,-1.0174606994618807,57.34172222840843,42.82991490583101,25.038852127137165,0.34844369190863894,True,0.903235540410777,4.414809641694513,50.53053027201402,7.526593120753544,False,True,False,True,23,38.333333333333336,False,0.43818770981039823,1.0499343403334027,False,1.7144415326927231,True,2.159341961307626,True,2,1,0.4983227810834552,False,1.2871842264531532,True,4,1,False,False,False,65.0,16.26942602048413,10.65947135719166,0.6354621654505728,41.0,False,6,3,4,6,-5.930821330869385,385.74802103195736,189185947.51865846,76.37630662020905,False,0.0,0,,,,0.0,0,,,,False,True,False,False,1,,power_play,6,6,True,0,0.75,risk_on,6,False
WT,23.655000686645508,-5.531150871576029,121.52126402890593,62.43735808298232,44.64629530428847,0.3136353288609149,True,1.2207961489499162,8.771924732017727,75.87341402188967,-3.17232750245231,False,True,False,False,32,53.333333333333336,True,0.4827986818511897,2.073137690262289,True,1.3618932917807711,True,3.7955231960031144,True,1,0,0.41497002142243644,False,0.766479465138491,False,6,1,False,False,False,35.0,25.150453175907327,18.177971305188432,0.6539545372116445,11.0,False,6,1,3,4,-8.703200208593708,25.90999984741211,74164662.6872302,84.45993031358884,True,0.0,0,,,,0.0,0,,,,False,False,False,False,0,,none,0,0,False,-2,0.5,risk_on,6,False
WTFC,147.4199981689453,-11.369707286526898,24.398253975018935,10.731756908387347,-7.059305870306499,0.2578781279167963,False,0.9419594562069693,5.209600306045232,10.476855337929036,-3.6155599147662643,False,True,False,True,25,41.66666666666667,True,0.41101054170729096,0.7473468626126878,False,-3.1641569530414038,True,-3.0067814718411134,True,2,0,0.38662396974110386,False,0.3630702144589032,False,4,2,True,False,False,25.0,11.181594211694042,6.030389024601925,0.09929042000409566,24.0,False,2,2,3,5,-10.071369026099575,163.92999267578125,65651423.56480026,49.198606271777,False,0.0,0,,,,0.0,0,,,,False,False,False,False,0,,none,0,0,False,-1,0.625,risk_on,6,False
WTRG,40.61989974975586,-3.2859529767717666,13.77201433568902,13.77201433568902,-4.019048443004825,0.26676887974068464,False,0.8357909927516071,2.9049808405370903,3.4239695252599622,-1.1681234603148072,False,True,False,True,26,43.333333333333336,True,0.42429911627594213,0.8361183078521082,False,0.5392154919250209,True,-2.379478120818368,True,2,1,0.41583384307747495,False,1.6579507751877787,True,5,2,True,False,False,65.0,15.29000522470079,4.7267427560720465,0.7092058052210276,7.0,False,3,4,4,5,-4.446244757483142,42.5099983215332,101226751.61746559,52.613240418118465,False,0.0,0,,,,0.0,0,,,,False,False,False,False,0,,none,0,0,False,-1,0.625,risk_on,6,False
WTS,351.29998779296875,-10.280665048953065,34.26240341803861,25.95162622534901,8.160563446655164,0.2221685248097995,False,0.9064197281084009,2.9091948692938945,19.716567228704605,-3.9400171167947584,True,True,False,True,21,35.0,False,0.45412619316542435,0.99755661497247,True,-1.0185901175058405,True,-0.17901426304205437,True,2,0,0.45171247553230953,False,0.41065123588146346,False,7,1,False,False,False,45.0,15.1053159902367,7.244515392483172,0.2991782216984042,30.0,False,1,1,4,5,-10.586134414085214,392.89207047582164,72314373.50703736,64.94773519163763,False,0.0,0,,,,0.0,0,,,,False,False,False,False,0,,none,0,0,False,-1,0.625,risk_on,6,False
WTW,307.42498779296875,-12.352106117471484,27.43433471465073,-7.557630446795982,-25.34869322548983,0.2822399613452653,False,0.943132841296824,6.294220337270251,5.500383411087273,-10.567276278409087,False,True,False,True,26,43.333333333333336,True,0.43612319897938046,0.9347228215137473,False,-2.0411402305710014,True,-5.030738652492062,False,1,0,0.3654743720889879,False,0.36346082372491806,False,8,3,True,False,False,45.0,19.271149859180365,7.683173474855619,0.3492027093690378,18.0,False,1,2,2,4,-12.54161211569783,351.510009765625,156260527.40298462,28.50174216027875,False,0.0,0,,,,0.0,0,,,,False,False,False,False,0,,none,0,0,False,-2,0.5,risk_on,6,False
WU,6.170000076293945,-34.20589461921784,0.45897963635967987,-14.814684122308874,-32.60574690100272,0.7634726472218072,False,0.7300648057189114,10.51580235396689,-28.224735071554896,-11.751496505709468,False,True,False,False,23,38.333333333333336,False,0.4249116852631064,1.2427708206245767,False,-4.9139600895103,True,-9.11534699454204,False,0,0,0.21744482588657124,False,0.30917549398217226,False,7,4,True,False,False,25.0,15.111805233986065,13.3330569732717,0.027446494306848344,19.0,False,0,2,2,3,-14.697039157665259,7.233043279351044,56034111.34690161,23.135888501742162,False,0.0,0,,,,0.0,0,,,,False,False,False,False,0,,none,0,0,False,-3,0.375,risk_on,6,False
WULF,17.639999389648438,-39.130435927235375,62.880881938288915,60.6557388440077,42.86467606531386,0.5671427782737096,False,0.7931428659502395,18.424042324975886,8.956138404940583,14.918559943120012,False,True,False,False,27,45.0,True,0.4644393473065591,3.1299623888376025,True,0.4916586318142041,True,14.027143407647813,False,0,1,0.48553021118715883,False,1.3398404667009352,True,4,1,False,False,False,25.0,21.238938986680946,20.63492329517194,0.8854165321423001,8.0,True,3,3,4,3,-2.433631282712001,18.079999923706055,448254119.0888343,84.0418118466899,True,0.0,0,,,,0.0,0,,,,False,False,False,False,0,,none,0,0,False,-2,0.5,risk_on,6,False
WWD,326.42999267578125,-25.139664257091976,37.92819852609088,37.59801155202651,19.806948773332667,0.48832520101711224,False,0.7860820143342588,5.186408435390481,-9.57718832263399,-4.499577248373498,False,True,False,True,22,36.666666666666664,False,0.3794197490403942,1.0631004424381727,False,-3.6562521894970064,True,0.5420824761319221,True,2,0,0.4478150072672526,False,0.5147129368408999,False,7,1,False,False,False,25.0,16.071823621265715,10.535188377311442,0.23400112540395926,24.0,False,1,1,3,4,-12.310998806595608,372.25876476323003,240167392.87116393,73.2404181184669,False,0.0,0,,,,0.0,0,,,,False,False,False,False,0,,none,0,0,False,-2,0.5,risk_on,6,False
WY,21.25,-19.495412711451433,3.1593399725220017,-8.611941823978043,-26.40300460267189,0.5443020295389133,False,0.798160501722482,6.8941183651194855,-6.608980177862667,-9.28313932814877,False,True,False,True,17,28.333333333333332,False,0.49704102023235675,1.0305224935536343,True,-5.186120789650455,True,-4.408455071599793,True,2,0,0.32220951686990806,False,0.2734130958058587,False,8,2,True,False,False,25.0,15.226518779872404,9.247059541590072,0.0729943943238056,21.0,False,0,2,2,4,-14.115068263875564,24.742407743059246,125509357.96567039,27.247386759581882,False,0.0,0,,,,0.0,0,,,,False,False,False,False,0,,none,0,0,False,-2,0.5,risk_on,6,False
WYNN,83.50250244140625,-36.80225960775601,2.2312709713775414,-34.92557624556765,-52.7166390242615,0.8046342875184171,False,0.8595837093387276,8.263227237675471,-17.01096184071088,-12.342535619524686,False,True,False,False,16,26.666666666666668,False,0.5416961130880125,1.501447690863135,True,-5.353436846453665,True,-4.85129853143722,True,1,0,0.31894787562628685,False,0.3858182241985226,False,8,1,False,False,False,25.0,21.582803017839648,13.5205539779476,0.09613684796616488,23.0,False,0,1,2,2,-19.507900365429908,103.73999786376953,172256407.86909485,9.128919860627176,False,0.0,0,,,,0.0,0,,,,False,False,False,False,0,,none,0,0,False,-4,0.25,risk_on,6,False
XEL,71.93499755859375,-12.284855802104456,2.856566866023602,2.856566866023602,-14.934495912670243,0.23750100373346586,False,0.8757841062905207,3.1000256239908435,-5.052955834305517,-5.147355298537438,False,True,False,True,18,30.0,False,0.5045589370556588,0.9494243785267155,True,-3.896870922340922,True,-2.2184012050722957,True,2,0,0.33760366355066457,False,0.869104227690044,False,6,2,True,False,False,25.0,10.420946627817285,6.441667430339165,0.014963197152299972,23.0,False,0,2,3,4,-10.26501594891166,80.16382720661028,422065595.3945198,39.30313588850174,False,0.0,0,,,,0.0,0,,,,False,False,False,False,0,,none,0,0,False,-2,0.5,risk_on,6,False
XENE,38.68000030517578,-45.49041600306381,5.914566868393667,4.682001370813249,-13.109061407880596,1.7823940149625934,False,1.1746362580576768,50.5312863360267,-28.923187051394528,-35.52258839315914,False,True,False,False,21,35.0,False,0.4134545931989767,1.7964986253771382,False,-8.334636253680209,True,-33.52809551808134,False,0,0,0.257504966190501,False,0.16497215403260476,False,5,4,True,False,False,,,,,,False,0,2,2,2,,,77155232.21259995,41.46341463414634,False,0.0,0,,,,0.0,0,,,,False,False,False,False,0,,none,0,0,False,-4,0.25,risk_on,6,False
XMTR,98.73999786376953,-5.8273731037388865,173.5180111837207,83.49748251963408,65.70641974094023,0.32728014999395183,True,0.8507721230858021,15.707922292675603,138.04242756374467,4.919771781309179,False,True,False,False,26,43.333333333333336,True,0.34368444928721076,1.8003305153011244,False,1.8832605081294649,True,16.123720194396583,False,0,0,0.49255853540943917,False,0.7783360032720952,False,3,1,False,False,False,45.0,23.98190234001179,17.14604078535014,0.7114778591633099,43.0,False,9,1,4,6,-6.919309804476626,106.08000183105469,59304545.20073509,88.9198606271777,True,0.0,0,,,,0.0,0,,,,False,True,False,False,1,,power_play,6,6,True,0,0.75,risk_on,6,False
XOM,158.86000061035156,-6.177655481574639,47.744187061339936,44.8893718975784,27.098309118884554,0.45208184621992376,True,1.0560666167543031,7.2768459739263545,-0.09689912252460742,1.3719569934101283,False,True,False,True,26,43.333333333333336,True,0.42807563282664113,0.8740292811961428,False,0.297342110601563,True,-3.7678708212450673,True,2,1,0.5615192123325388,False,1.565561512815776,True,5,2,True,False,False,55.0,20.340150254452208,7.2768459739263545,0.6875818238815049,4.0,False,4,4,5,5,-6.354632644472103,169.63999938964844,2342555990.5365996,77.90940766550523,False,0.0,0,,,,0.0,0,,,,False,False,False,False,0,,none,0,0,False,-1,0.625,risk_on,6,False
XP,20.625,-8.966613161226933,38.052212712785405,6.793964870531033,-10.997097908162813,0.6477743237587367,False,1.2534545548467082,7.22424131451231,7.0295235256919275,16.789355482482527,False,True,False,True,26,43.333333333333336,True,0.5050113058590219,2.1429597231036235,True,3.784041180467451,True,5.256446658528513,False,1,1,0.6184778965167969,True,0.9404849153040996,False,3,0,False,True,True,25.0,25.493975719773626,9.503025864109848,0.9763705102265797,11.0,True,3,4,5,5,-0.6024096385542133,20.75,136186691.84015656,44.041811846689896,False,0.0,0,,,,0.0,0,,,,False,False,False,False,0,,none,0,0,False,-1,0.625,risk_on,6,False
XPEV,10.404999732971191,-62.93195637301787,1.7106568774743813,-51.962143092007636,-69.75320587070148,0.7162010553369129,False,0.7932837520697589,6.535322658596593,-44.85956931523963,-9.757155473151913,False,True,False,True,25,41.66666666666667,True,0.4487393619285192,1.4170970572811141,True,-4.311707058398815,True,-2.847808628285975,True,2,0,0.36323681991909995,False,0.4340377668426105,False,5,2,True,False,False,25.0,17.612714647291682,8.265263165999002,0.11279921422854024,20.0,False,1,2,3,4,-15.626014274645684,12.331999778747559,87896791.68549442,2.857142857142857,False,0.0,0,,,,0.0,0,,,,False,False,False,False,0,,none,0,0,False,-2,0.5,risk_on,6,False
XPO,172.8800048828125,-24.298284109477887,39.80268458926515,32.029938643214706,14.23887586452086,0.3405164728634966,False,1.0083270040643035,6.732993441051013,-6.853448708190635,-8.315651717649608,False,True,False,True,22,36.666666666666664,False,0.45475022774320356,1.660118676197683,True,-3.6344305294450954,True,-4.216300281867847,True,2,0,0.417858033172804,False,0.4140314449743985,False,8,3,True,False,False,25.0,20.36907520761541,14.721191710686025,0.055734119137528564,24.0,False,1,2,3,4,-19.23382274327289,214.0500030517578,184580942.62425536,68.57142857142857,False,0.0,0,,,,0.0,0,,,,False,False,False,False,0,,none,0,0,False,-2,0.5,risk_on,6,False
XYL,107.87999725341797,-28.478425543253614,2.23354242457392,-23.437679019329806,-41.22874179802365,0.5287633869006152,False,0.8905781516253722,3.401926457528748,-9.358731180300527,-3.0814844851382084,False,True,False,True,21,35.0,False,0.35356035562051036,0.9130763251091332,False,-2.7475894695068175,True,0.3628238881749013,True,2,0,0.47934247777821215,False,0.5765509216683362,False,6,0,False,False,False,25.0,11.381472582754219,4.106414922100329,0.17716016447111488,24.0,False,0,1,3,4,-9.365129028069996,119.02703241760983,274790226.0359844,16.16724738675958,False,0.0,0,,,,0.0,0,,,,False,False,False,False,0,,none,0,0,False,-2,0.5,risk_on,6,False
XYZ,77.93000030517578,-8.155566639233214,58.74923622518573,1.1683779568237407,-16.622684821870106,0.3449654975769709,False,0.9376012539234838,5.761578142161671,27.399056135233234,-6.748832607687261,False,True,False,True,21,35.0,False,0.44065481771033516,1.4645081777459708,True,-1.0121192816003368,True,-1.9625079890771668,True,2,0,0.39159096396561643,False,1.0908078169685416,False,6,2,True,False,False,65.0,17.740449256537783,8.41780769011246,0.4169909901886568,16.0,False,1,2,3,5,-10.34284175466247,86.91999816894531,308740351.43712693,37.90940766550523,False,0.0,0,,,,0.0,0,,,,False,False,False,False,0,,none,0,0,False,-1,0.625,risk_on,6,False
YETI,43.07500076293945,-18.232724917605292,34.14824024965297,24.530212699975216,6.739149921281371,0.6924203080755267,False,0.8191694178834982,8.845040756375415,14.744272009654424,3.6204019224532757,True,True,False,False,21,35.0,False,0.42108655539638096,1.4240397099514297,False,-2.0721580438711817,True,5.49840517072242,False,0,0,0.499966394347984,False,0.5068574012934738,False,5,4,True,False,False,25.0,12.072073031861141,9.541498636229147,0.752798393272469,20.0,True,1,4,5,5,-2.9842358500081656,44.400001525878906,68643015.86747284,63.623693379790936,False,0.0,0,,,,0.0,0,,,,False,False,False,False,0,,none,0,0,False,-1,0.625,risk_on,6,False
YMM,8.145000457763672,-40.64345780645393,9.080717080717072,-38.85272119699763,-56.64378397569148,0.24283620777889475,False,0.745713686388161,2.885207124701955,0.11946599369014876,-7.548239843125448,False,True,False,True,24,40.0,True,0.34024634969826195,1.0195034872998883,False,-3.7828415839018494,True,-0.06133939878028016,True,2,1,0.41081550716277404,False,1.2861450480333134,True,5,3,True,False,False,25.0,10.68232093617113,7.489258431323511,0.16753970358187298,17.0,False,1,3,3,4,-8.892608052958584,8.9399995803833,50326062.06588755,7.874564459930314,False,0.0,0,,,,0.0,0,,,,False,False,False,False,0,,none,0,0,False,-2,0.5,risk_on,6,False
YOU,38.845001220703125,-37.31449018188122,33.49904388681444,4.1609090644068925,-13.630153714286953,0.48280650171685635,False,0.6341350364924939,12.807306777659672,-26.878632557191008,-10.245347104608005,False,True,True,False,20,33.33333333333333,False,0.3338676347301739,1.3046540333578696,False,-6.17131948986012,True,-8.037406067373299,False,1,0,0.3989561311496809,False,0.38733239979631917,False,5,2,True,False,False,25.0,18.056982487954894,17.431004558644755,0.17848563546082738,17.0,False,0,2,2,3,-14.834070494087237,45.610963734043736,80445941.77680282,40.41811846689895,False,0.0,0,,,,0.0,0,,,,False,False,False,False,0,,none,0,0,False,-3,0.375,risk_on,6,False
YPF,53.39500045776367,-7.316438305731465,126.53797687357962,123.69081935683121,105.89975657813737,0.5784913541194117,True,1.1072766537690943,9.926021521908094,29.568069992707557,6.364541128021162,False,True,False,False,29,48.333333333333336,True,0.43267551227779755,1.442046158245307,False,0.9003836255903521,True,-5.210369745936971,False,0,2,0.5515487804828185,False,3.434156040149315,True,1,3,True,False,False,55.0,22.239500897577784,10.637700639536009,0.6522922419958782,4.0,False,7,5,5,7,-7.732846996227427,57.869998931884766,66535849.00647602,93.58885017421603,True,0.0,0,,,,0.0,0,,,,False,True,False,False,1,,power_play,7,7,True,1,0.875,risk_on,6,True
YUM,139.52999877929688,-16.27353303492669,2.915572710705816,-2.3482060847743735,-20.139268863468217,0.6217909452444095,False,0.9248044435243142,7.697273408675496,-11.11408556232486,-8.8564523496811,False,True,False,True,23,38.333333333333336,False,0.543771082656721,1.3571624801773248,True,-2.231208780564036,True,-4.647032711452271,True,2,0,0.368324015960381,False,0.4636776480613549,False,7,1,False,False,False,25.0,14.623927964256342,11.575773369558418,0.2291587650302858,19.0,False,0,1,2,4,-11.272726692075496,157.25716972622783,314086285.13370895,34.42508710801393,False,0.0,0,,,,0.0,0,,,,False,False,False,False,0,,none,0,0,False,-2,0.5,risk_on,6,False
YUMC,41.344600677490234,-27.337299949007164,3.534856937718911,-3.7750459695302663,-21.56610874822411,0.49672360477102045,False,0.7268798988129734,3.3136102645457437,-19.455934531707676,-8.16392657241659,False,True,False,True,22,36.666666666666664,False,0.49120724781201314,0.9129606229572959,True,-4.922783734990546,True,-3.423033517385121,True,2,0,0.20421262883456293,False,0.22712359568697346,False,9,2,True,False,False,25.0,16.963965150289493,6.88844377762845,0.036329667970751205,20.0,False,0,2,3,4,-16.34766992891208,49.42432642624002,65469271.38796387,32.47386759581882,False,0.0,0,,,,0.0,0,,,,False,False,False,False,0,,none,0,0,False,-2,0.5,risk_on,6,False
Z,30.6299991607666,-64.6875721522695,4.148246581721238,-64.6875721522695,-82.47863493096334,0.5170132157023176,False,0.8486500871323881,10.85537333999795,-31.65997463336946,-14.10544225510012,False,True,False,False,28,46.666666666666664,True,0.4748152933200114,2.0063899179240288,True,-2.104620855326226,True,-7.685356000468158,False,0,0,0.37602010536259733,False,0.420791372979361,False,9,2,True,False,False,25.0,20.888775695405677,15.164872951460499,0.11464959950549874,18.0,False,1,2,2,2,-18.493885927767217,37.58000183105469,111661164.97820692,1.1149825783972125,False,0.0,0,,,,0.0,0,,,,False,False,False,False,0,,none,0,0,False,-4,0.25,risk_on,6,False
ZBH,94.45999908447266,-8.42409825622028,19.013565903209127,-4.632102489366385,-22.42316526806023,0.2649184944253134,False,1.0398319250858588,5.864917392782411,8.164232000607342,-6.391838612189671,False,True,False,True,23,38.333333333333336,False,0.44691642749457516,1.2584894880185933,True,-0.5513358430922581,True,-2.1545492141383904,True,2,1,0.5248404390061547,False,1.262062711195305,True,5,2,True,False,False,65.0,18.60781574574698,8.183361668277056,0.5611284329286911,13.0,False,1,3,2,5,-8.166441256110158,102.86000061035156,174572818.7193451,31.3588850174216,False,0.0,0,,,,0.0,0,,,,False,False,False,False,0,,none,0,0,False,-1,0.625,risk_on,6,False
ZBRA,350.5299987792969,-8.492141958602971,75.88057873148398,10.042691459859011,-7.748371318834835,0.4111814473877915,False,0.8791141897043949,4.815557705194431,70.26764807555588,-1.6608257048665642,True,True,False,True,24,40.0,True,0.4306149032885407,1.2620525141807413,False,1.7703343641229061,True,-0.3638324061793319,True,2,0,0.4686288382394629,False,0.466946185731272,False,6,2,True,False,False,35.0,25.124927060201163,6.612841342111777,0.6321103765102725,27.0,False,4,3,5,5,-9.243199956384274,386.2300109863281,194582367.02651367,48.362369337979096,False,0.0,0,,,,0.0,0,,,,False,False,False,False,0,,none,0,0,False,-1,0.625,risk_on,6,False
ZCSH,119.09989929199219,-0.8244625498302627,2573.998639290461,2435.119209290712,2417.3281465120185,0.8680544355676745,True,1.8682210361384175,31.595322478957012,555.2952093067283,85.86126075026664,False,True,False,False,31,51.66666666666667,True,0.4773910575065805,3.795261893461984,True,6.4055633739294855,False,24.075322369545816,False,0,2,0.4600795526650966,False,1.9879472977699106,True,1,0,False,True,False,,,,,,False,12,2,4,5,,,58267903.84238815,99.93031358885017,True,0.0,0,,,,0.0,0,,,,False,False,False,False,0,,none,0,0,False,-1,0.625,risk_on,6,False
ZETA,30.829999923706055,-5.660955826786596,111.89003106225357,43.46207655683894,25.671013778145092,0.3082624402396634,True,0.9502836559792233,7.881934191337074,74.57531251464802,0.9495710526690404,False,True,False,True,29,48.333333333333336,True,0.4815207316006943,2.248098666747598,True,2.8978816724226064,True,-0.5804588966372703,True,2,1,0.4609654748149222,False,1.642007110463333,True,6,1,False,False,False,25.0,17.372753807866463,7.881934191337074,0.6526313711291704,10.0,False,7,3,5,6,-6.034749669949058,32.810001373291016,196750136.88582763,76.72473867595819,False,0.0,0,,,,0.0,0,,,,False,True,False,False,1,,power_play,6,6,True,0,0.75,risk_on,6,False
ZION,64.75,-11.082995617384494,42.18265794195213,13.673464330847196,-4.11759844784665,0.7007583346241889,False,1.0703125593345921,8.67954092136221,19.31086890830125,-4.470343514114039,False,True,False,False,25,41.66666666666667,True,0.4085316458881447,0.8952537779704428,False,-2.761482684666356,True,-6.403585263997669,False,0,0,0.41313164339265657,False,0.41902737994321865,False,6,3,True,False,False,25.0,11.65449719144936,9.266409266409266,0.0732863845954752,24.0,False,2,2,2,5,-10.800381228009915,72.58999633789062,96426399.66951104,52.54355400696864,False,0.0,0,,,,0.0,0,,,,False,False,False,False,0,,none,0,0,False,-1,0.625,risk_on,6,False
ZM,89.94000244140625,-19.610292590833478,23.67986926793484,6.867868973132141,-10.923193805561706,0.5539481178043935,False,0.8321909553065404,8.21881890121792,15.381662556222132,-8.625416882502135,False,True,False,False,26,43.333333333333336,True,0.4701395683796091,1.7481934852274745,True,-2.429567351373141,True,-5.68372287568647,False,0,0,0.32444283114603856,False,0.3857787672136571,False,7,1,False,False,False,25.0,19.27744204451504,13.353348688259928,0.10157390361568519,22.0,False,1,1,2,3,-17.319357004328516,108.77999877929688,338668366.19059944,44.181184668989545,False,0.0,0,,,,0.0,0,,,,False,False,False,False,0,,none,0,0,False,-3,0.375,risk_on,6,False
ZS,204.5749969482422,-39.16346875072318,73.29520682735466,-30.48050953686019,-48.27157231555404,0.41321182551580954,False,1.176302078732508,9.160457422812678,34.76613493775107,11.043262059665725,False,True,False,False,29,48.333333333333336,True,0.5094768945964754,2.793712303854078,True,3.4234984668900577,True,6.699526160192848,False,0,3,0.6418604578787928,True,1.3445241285770644,True,2,2,True,True,False,25.0,22.789662416594318,22.96957408976651,0.9656308724330963,0.0,True,3,6,4,4,-0.7832608148025999,206.19000244140625,649392632.6973022,11.498257839721255,False,0.0,0,,,,0.0,0,,,,False,False,False,False,0,,none,0,0,False,-2,0.5,risk_on,6,False
ZSL,23.270000457763672,-87.15074562478884,51.202078873635685,-87.15074562478884,-104.94180840348268,0.6646913085258683,False,0.8345734750567008,14.611085310038819,-16.083660865841377,0.12909073554636663,False,True,False,False,22,36.666666666666664,False,0.42558022005463425,2.1543465165448303,False,-2.2706911061301795,True,-9.10156206635293,False,0,2,0.6947822566888949,True,2.5416858284566004,True,3,0,False,True,True,25.0,22.413794237424856,18.134942577086143,0.516239360826322,3.0,False,0,3,4,4,-10.842911426603951,26.100000381469727,109635564.87238865,0.20905923344947736,False,0.0,0,,,,0.0,0,,,,False,False,False,False,0,,none,0,0,False,-2,0.5,risk_on,6,False
ZTS,71.5,-50.60447487980867,0.19262038453302655,-50.04578242532678,-67.83684520402062,0.46523692478323503,False,0.7187709823320557,5.090908237270542,-37.245872900709564,-7.551068805817196,False,True,False,True,24,40.0,True,0.4382671024120106,1.0657221697963573,False,-2.143079540529241,True,-2.9455656615721915,True,2,0,0.36423684728403577,False,0.4129736518712995,False,7,1,False,False,False,25.0,10.780949668278769,6.769225647399475,0.1460539665223162,17.0,False,1,1,3,4,-9.206349206349207,78.75,347305365.6921463,3.2055749128919864,False,0.0,0,,,,0.0,0,,,,False,False,False,False,0,,none,0,0,False,-2,0.5,risk_on,6,False
