ticker,price,pct_from_hi,pct_above_lo,ret_1y,rs_vs_spy,vol_ratio,all_pass,atr_ratio,range5_pct,ret_6m,ret_15d,contracting_pbs,vol_dry_up,atr_compression,tight_range,hh_hl_count,hh_hl_pct,hh_hl_orderly,candle_quality,abr21_pct,candle_orderly,atr50ma_ext,not_extended_50ma,ret_5d,compression_1w,tightness_score,support_score,avg_close_in_range,close_in_upper_range,up_down_vol_ratio,accumulation_support,distribution_days,quiet_pullback_weeks,quiet_pullback,recent_expansion,post_expansion_tight,base_length,base_depth_pct,base_tightness_pct,base_close_position,pivot_age,breakout_ready,leadership_score,entry_score,sepa_vcp_score,power_play_score,pct_to_pivot,pivot,adv_usd,rs_pct_rank,rs_top_20,qm_breakout_vendor_score,qm_breakout_score,qm_breakout_entry_price,qm_breakout_stop_price,qm_breakout_stop_loss_pct,qm_episodic_pivot_vendor_score,qm_episodic_pivot_score,qm_episodic_pivot_entry_price,qm_episodic_pivot_stop_price,qm_episodic_pivot_stop_loss_pct,sepa_vcp_qualifies,power_play_qualifies,qm_breakout_qualifies,qm_episodic_pivot_qualifies,qualified_count,also_fits,primary_setup,primary_setup_score,setup_score,primary_setup_valid,best_family_excess,best_family_pct,market_regime,regime_score,regime_eligible
A,138.02000427246094,-11.673838978904904,25.726609977228133,15.60244975059013,-2.0339285827222877,0.08832929513775681,False,0.9859046164432519,12.280826274125983,2.6293986885626897,5.608693621641825,True,False,False,False,26,43.333333333333336,True,0.4162610055004067,1.3188842366531082,False,2.1932449154208915,True,4.990108948398353,True,1,2,0.44567139001290546,False,1.3048062917330896,True,2,1,False,False,False,35.0,13.023935567350078,12.280826274125983,0.7874240569163273,1.0,True,3,4,4,5,-2.768575385890426,141.9499969482422,300472351.485672,47.31543624161073,False,0.0,0,,,,0.0,0,,,,False,False,False,False,0,,none,0,0,False,-1,0.625,mixed,4,False
AA,44.34000015258789,-47.08199108711176,57.59221260146297,40.477676297537045,22.841297964224626,0.07948556858865304,False,0.6418286097142375,9.675230234701958,-28.494310871265938,-8.915365910805983,False,True,True,False,21,35.0,False,0.3609134797089461,1.6850857182915586,False,-7.57406556104475,True,0.8185552844443222,True,2,0,0.35277942595785616,False,0.5343802481956553,False,5,0,False,False,False,25.0,30.819031202717635,18.324312070454035,0.0840335461002428,24.0,False,1,1,2,4,-28.229198723379245,61.779998779296875,314794902.0336666,69.32885906040268,False,0.0,0,,,,0.0,0,,,,False,False,False,False,0,,none,0,0,False,-2,0.5,mixed,4,False
AAL,14.03499984741211,-22.67217552399807,37.8683637197569,22.469457248636292,4.833078915323874,0.08829387099002697,False,1.0534879134406319,14.891337525015691,-4.328563228216797,-21.679688684941667,False,True,False,False,27,45.0,True,0.4149185185960964,1.6668169255616392,False,-1.5368120991617296,True,-6.308409370506174,False,0,0,0.3760216000957377,False,0.44953465659181946,False,6,1,False,False,False,25.0,29.164450393305625,25.3651617977974,0.13229915368373205,15.0,False,1,1,2,2,-25.306018288620102,18.790000915527344,2260445760.2789464,54.49664429530201,False,0.0,0,,,,0.0,0,,,,False,False,False,False,0,,none,0,0,False,-4,0.25,mixed,4,False
AAOI,100.51499938964844,-54.94621396692803,415.72601626501597,288.9899334214276,271.35355508811523,0.2780661231525925,False,0.6441000798318731,19.862703535912996,181.39696515852992,-16.895409734767043,False,True,True,False,19,31.666666666666664,False,0.4661747055157391,5.156946655557318,True,-4.254676554142581,True,-1.850409339612269,True,2,1,0.3747585645466682,False,1.403241678494139,True,4,4,True,False,False,,,,,,False,6,3,2,4,,,1082986109.929847,97.6510067114094,True,0.0,0,,,,0.0,0,,,,False,False,False,False,0,,none,0,0,False,-2,0.5,mixed,4,False
AAON,104.33000183105469,-29.57661019745803,45.357960430424995,35.08771877831771,17.45134044500529,0.11031438733386535,False,0.8193593349757393,9.910863400567264,10.665006053307957,-3.0570533651392506,True,False,False,False,21,35.0,False,0.43358447939898764,2.6417461440769214,False,-3.526191045538419,True,-6.363306816017101,False,0,0,0.506551286597053,False,0.8977130732006918,False,4,2,True,False,False,25.0,27.18953321434961,15.815201486068256,0.06547477184037132,23.0,False,1,2,3,3,-25.409304730693872,139.8699951171875,110838677.57746544,64.96644295302013,False,0.0,0,,,,0.0,0,,,,False,False,False,False,0,,none,0,0,False,-3,0.375,mixed,4,False
AAP,53.45000076293945,-15.032721711425555,40.006736743992334,-8.594300783370413,-26.23067911668283,0.05237522892220037,False,0.9197266321083184,13.358284569560485,15.314468522203239,-12.7351437305105,True,False,False,False,24,40.0,True,0.4550532002388624,2.409134311217658,True,-1.084552087558743,True,0.5455246733629515,True,1,0,0.41084400906214097,False,0.6547655869261509,False,5,3,True,False,False,25.0,19.030696706312213,15.453698818200381,0.20964324656557887,16.0,False,1,2,3,2,-15.041039664396049,62.912729336378234,100504541.64862461,24.697986577181208,False,0.0,0,,,,0.0,0,,,,False,False,False,False,0,,none,0,0,False,-3,0.375,mixed,4,False
AAPL,329.510009765625,-1.2674478913298426,63.463405528490924,54.761066269694346,37.12468793638193,0.16258351540015664,True,0.9850214884017282,4.357981525895531,33.092328548491004,6.765383971898875,False,True,False,True,35,58.333333333333336,True,0.5430169102005066,1.6573390804195194,True,3.104303677873633,True,-1.2674478913298426,True,2,3,0.6431439993688378,True,3.9193232572758934,True,1,1,False,False,False,25.0,18.281140338410882,7.00433549459758,0.9105163072727925,5.0,True,7,6,6,7,-1.6358639447453194,334.989990234375,18299266542.673717,76.44295302013423,False,0.0,0,,,,0.0,0,,,,True,True,False,False,2,sepa_vcp,power_play,7,7,True,1,0.875,mixed,4,True
ABBV,258.78009033203125,-0.1715860353571963,41.52777520470916,39.81459085089527,22.178212517582853,0.09788904018793144,False,0.9439055354926945,3.068243167864546,19.850503926653463,-0.1715860353571963,False,True,False,True,26,43.333333333333336,True,0.4401957619035583,1.2925491590532827,True,4.760883521956296,False,1.6857576903869465,True,2,1,0.48788678521799367,False,1.6280368795790554,True,4,0,False,False,False,25.0,18.053395897938174,7.531007247151397,0.9537295248129127,5.0,True,6,3,4,5,-0.8353392069382126,260.9599914550781,2112601484.906433,68.9261744966443,False,0.0,0,,,,0.0,0,,,,False,False,False,False,0,,none,0,0,False,-1,0.625,mixed,4,False
ABG,223.66000366210938,-13.644786230845796,26.87769753285081,-3.8311060676401887,-21.467484400952607,0.056988039644539024,False,1.116347868806461,7.037463103217117,-6.040997323814478,8.889975807315519,False,False,False,True,26,43.333333333333336,True,0.48428428604146057,1.7312649866328935,True,3.074410404046462,True,1.497550845261153,True,2,2,0.5531112360332043,False,1.6844020105993553,True,2,0,False,False,False,25.0,17.84814356703057,10.13591960911958,0.8403504954186494,5.0,True,2,5,4,4,-2.849447278173256,230.22000122070312,51848481.65035705,29.59731543624161,False,0.0,0,,,,0.0,0,,,,False,False,False,False,0,,none,0,0,False,-2,0.5,mixed,4,False
ABNB,139.89999389648438,-6.06325067037039,25.425849693541714,-1.2145186273166186,-18.850896960629036,0.10212015406212879,False,0.9166757350798421,7.919944470657423,5.8645481331393245,-6.06325067037039,False,True,False,True,23,38.333333333333336,False,0.5388354487371015,1.4888569942257555,True,0.14317034712966478,True,-4.164955479518284,True,2,0,0.4400421071826911,False,0.8785996623997749,False,5,2,True,False,False,35.0,15.674708881569632,10.836314741605102,0.5357289523083837,6.0,False,1,2,2,5,-7.2773135147074175,150.8800048828125,486352864.74211425,32.013422818791945,False,0.0,0,,,,0.0,0,,,,False,False,False,False,0,,none,0,0,False,-1,0.625,mixed,4,False
ABT,103.3949966430664,-22.57001682273192,26.12941114059344,-15.803204913266766,-33.43958324657918,0.16562979777612197,False,1.214128540448739,4.013735345633093,-2.4523056226262607,9.153503511195016,False,True,False,True,25,41.66666666666667,True,0.46559139563920743,1.2888196746930707,True,4.210952056359228,False,2.696659048133765,True,2,1,0.4846875018822347,False,1.0235554821033181,False,2,0,False,True,True,45.0,18.486487622794936,15.329560412712661,0.9950343465926396,0.0,True,2,2,3,3,-0.09179749025425288,103.48999786376953,1211817459.5436752,20.0,False,0.0,0,,,,0.0,0,,,,False,False,False,False,0,,none,0,0,False,-3,0.375,mixed,4,False
ABVX,128.5399932861328,-11.540846847580966,93.3223002194957,84.26030583415714,66.62392750084472,0.15158272846759088,False,0.5456122863755813,8.479080654943253,5.257116275106255,-11.137228683106848,False,True,True,False,19,31.666666666666664,False,0.5305552253614931,2.230703496733115,True,2.3007885913443236,True,-5.93487081784656,False,1,2,0.46810023997798433,False,1.2599725638469441,True,2,3,True,False,False,,,,,,False,3,4,4,5,,,247158218.69311523,86.1744966442953,True,0.0,0,,,,0.0,0,,,,False,False,False,False,0,,none,0,0,False,-1,0.625,mixed,4,False
ACA,144.97999572753906,-0.24076208955161604,73.60289804416004,61.60696160779504,43.97058327448262,0.1093265255737481,True,0.21187355662502907,0.7035377595049324,27.835667535551202,0.04136886837351472,True,True,True,True,24,40.0,True,0.43071528220193706,0.19671208938467916,False,16.733866739286245,False,-0.020687387375539767,True,3,0,0.4014433084887966,False,0.7657561808894259,False,3,1,False,False,False,35.0,17.536754289314793,0.9171970245660499,0.9266440640541547,23.0,True,7,2,7,5,-1.286425024345006,146.86935992673187,124414415.18343277,79.79865771812081,False,0.0,0,,,,0.0,0,,,,True,False,False,False,1,,sepa_vcp,7,7,True,1,0.875,mixed,4,False
ACGL,102.73999786376953,-0.3104984498396579,21.270061831234766,16.749997572465382,-0.886380760847036,0.11874942079412285,False,1.106718950996465,5.036982217213189,10.520652835215504,0.5283766454521777,True,False,False,True,24,40.0,True,0.5142038709925824,1.139860246124508,True,3.0891507605649546,True,1.3714843715595837,True,2,1,0.5715650269711657,False,1.3747911939998196,True,4,0,False,False,False,45.0,17.166232671785163,5.616115206384632,0.8697339607145244,13.0,True,5,4,4,5,-2.2361771396063768,105.08999633789062,171513066.3117962,48.38926174496645,False,0.0,0,,,,0.0,0,,,,False,False,False,False,0,,none,0,0,False,-1,0.625,mixed,4,False
ACHC,35.054100036621094,-1.5610799331715608,200.12071165004593,61.24241216962139,43.60603383630897,0.11381690918722738,True,1.1295389153056827,5.619888168987538,130.16481346179907,9.853024770427798,False,True,False,True,27,45.0,True,0.5171189794396075,2.5106644264789004,True,4.839675028425627,False,1.6060870626698476,True,2,2,0.5932043174642313,False,3.488820080907222,True,1,1,False,False,False,25.0,33.93804391107061,17.54431441530088,0.9361922958498076,2.0,True,9,3,5,6,-2.165508665313831,35.83000183105469,104746369.47544861,79.39597315436242,False,0.0,0,,,,0.0,0,,,,False,True,False,False,1,,power_play,6,6,True,0,0.75,mixed,4,False
ACI,10.954999923706055,-44.816482491820096,0.0,-44.816482491820096,-62.45286082513252,0.6743853393921144,False,1.2068547384496777,39.114567146768344,-35.13139067740647,-22.46992331932114,False,False,False,False,22,36.666666666666664,False,0.4370540479328516,1.7415020899759621,False,-5.8266838027384456,True,-27.498344324151326,False,0,0,0.38646865263107383,False,0.550164548860049,False,5,0,False,False,False,25.0,29.844961383581868,42.17252321071807,0.02056282887057091,5.0,False,0,1,1,1,-29.23126455000248,15.479999542236328,116968397.50466347,5.436241610738255,False,0.0,0,,,,0.0,0,,,,False,False,False,False,0,,none,0,0,False,-5,0.125,mixed,4,False
ACIW,56.30009841918945,-4.039372462449253,46.348054673028784,25.250494913468337,7.614116580155919,0.06818324808129038,False,1.0767240444426873,7.140308046767971,27.867590234097484,2.587640895472365,False,True,False,True,29,48.333333333333336,True,0.5713781757960628,1.9304545107893674,True,4.344877987208726,False,-3.0478754691512733,True,2,1,0.47254330971904973,False,2.31384444509397,True,3,2,True,False,False,25.0,29.283695310096796,11.29659978265072,0.7803688998667887,5.0,False,4,3,3,5,-6.431610216922323,60.16999816894531,62030802.26975536,57.4496644295302,False,0.0,0,,,,0.0,0,,,,False,False,False,False,0,,none,0,0,False,-1,0.625,mixed,4,False
ACLS,132.3800048828125,-30.9081416149373,95.56803088817014,81.71586500422315,64.07948667091073,0.09655178205515805,False,0.8147559587228109,11.134604691564535,45.280949179710326,-8.38753987348616,False,True,False,False,28,46.666666666666664,True,0.42946736968351074,3.409998228517593,False,-2.6036340837246446,True,-2.9614377220043675,True,1,1,0.40844879494133746,False,1.9262033779980603,True,4,4,True,False,False,25.0,35.87866086247434,16.641490856714466,0.14256569425990367,17.0,False,4,3,3,3,-30.76359466750005,191.1999969482422,86494348.16033936,85.77181208053692,True,0.0,0,,,,0.0,0,,,,False,False,False,False,0,,none,0,0,False,-3,0.375,mixed,4,False
ACM,69.82499694824219,-47.44113783155303,4.434634027555728,-37.43028240765207,-55.066660740964494,0.1010051706557743,False,0.8005699734123517,3.7379172566040024,-27.488914095999583,3.0779438296791195,False,True,False,True,25,41.66666666666667,True,0.4965966455034651,1.4735257790713578,True,0.10113769957399554,True,2.247761036954121,True,2,1,0.5132154212849429,False,1.173045571689852,False,2,1,False,False,False,25.0,7.056146382749034,4.024343260160344,0.7045091155264156,18.0,True,2,4,5,5,-2.0850269356135986,71.31186861720019,107673949.43703613,8.389261744966444,False,0.0,0,,,,0.0,0,,,,False,False,False,False,0,,none,0,0,False,-1,0.625,mixed,4,False
ACMR,83.0999984741211,-34.510206577477284,247.4080192686865,178.85906242163387,161.22268408832144,0.061023808792566275,False,0.9240992626272395,15.607703319925124,66.70010234255324,-15.004601281210817,False,True,False,False,29,48.333333333333336,True,0.4980247004157497,4.352942013768772,True,-0.854007226341944,True,-0.9771207253525205,True,1,0,0.34998730048012605,False,1.0262773894911406,False,4,3,True,False,False,25.0,39.098987658124436,28.676296352130258,0.11341240717736814,17.0,False,6,2,2,2,-34.66467734961833,127.19000244140625,140763869.7089966,94.6979865771812,True,0.0,0,,,,0.0,0,,,,False,False,False,False,0,,none,0,0,False,-4,0.25,mixed,4,False
ACN,144.97000122070312,-48.722077474036276,17.89870550049364,-47.4788533476091,-65.11523168092153,0.12141884586821783,False,0.8733127660060955,6.6427464599125505,-47.359262582852715,6.8169915931580505,False,True,False,True,21,35.0,False,0.44257298126740546,2.05790198752908,True,-1.2782336875545046,True,0.9751297799426961,True,2,1,0.5689768017849962,False,1.668139192096838,True,5,1,False,False,False,25.0,20.80706579272775,12.043865150071246,0.9201273117665232,5.0,True,1,4,5,5,-1.6619162791159825,147.4199981689453,1212697845.7765718,4.3624161073825505,False,0.0,0,,,,0.0,0,,,,False,False,False,False,0,,none,0,0,False,-1,0.625,mixed,4,False
ADBE,221.24000549316406,-40.47727836638796,14.389122229517248,-40.47727836638796,-58.11365669970037,0.1716570534351538,False,1.0184666763742891,11.652503226905512,-26.515428268843365,0.6917914909959189,False,True,False,False,23,38.333333333333336,False,0.4058956542584779,1.6105039095397204,False,-0.6592558937064857,True,-6.748153638287013,False,0,2,0.546045040662529,False,2.1681027361160443,True,1,2,True,False,False,25.0,20.832812846483804,13.22997120182962,0.6220270065018364,5.0,False,1,5,4,5,-7.874240634572482,240.14999389648438,1214898349.2752807,6.778523489932886,False,0.0,0,,,,0.0,0,,,,False,False,False,False,0,,none,0,0,False,-1,0.625,mixed,4,False
ADC,80.73500061035156,-0.47460814003323915,18.677889858921315,14.226632304723875,-3.4097460285885433,0.07443668917381079,False,1.0673319899586924,3.0717727240855264,13.644140341373866,3.7591609607174004,False,True,False,True,25,41.66666666666667,True,0.4442023459497366,0.7094791502444426,True,3.6026198256750606,True,-0.47460814003323915,True,2,0,0.4825819290232734,False,0.8546787348500763,False,6,1,False,False,False,35.0,13.225554264800182,5.771974517718509,0.9024699402148811,5.0,True,5,3,4,6,-1.289889098137298,81.79000091552734,79467509.78679809,46.107382550335565,False,0.0,0,,,,0.0,0,,,,False,True,False,False,1,,power_play,6,6,True,0,0.75,mixed,4,False
ADI,368.67999267578125,-17.239834878450665,69.3080668402785,65.05238278214685,47.41600444883443,0.09706407541215066,False,0.7913243260742316,5.655312606521398,21.350586994462795,-2.2483855403515163,True,True,False,True,24,40.0,True,0.46604895730980805,1.6124045019681552,True,-2.459150198018283,True,-1.7796230116336909,True,2,0,0.42304613040304817,False,0.9081292394854423,False,6,2,True,False,False,25.0,17.759189475689112,9.213952993260605,0.0247504911561071,23.0,False,2,2,3,4,-17.31964081363143,445.9100036621094,1649392240.5524948,81.14093959731544,True,0.0,0,,,,0.0,0,,,,False,False,False,False,0,,none,0,0,False,-2,0.5,mixed,4,False
ADM,87.01000213623047,-0.3550132382926785,66.66821333127955,61.713208625895554,44.07683029258314,0.09389584458903949,True,0.8899148966719315,4.528217842400966,30.71221038515981,13.30902604356734,False,False,False,True,27,45.0,True,0.3955802094389558,0.8636876736022006,False,3.7085216262460503,True,1.2922009204122675,True,2,3,0.6414078824570609,True,1.7156161018444376,True,0,0,False,False,False,25.0,19.03684887200789,8.884031189237653,0.9138956494319633,1.0,True,8,5,4,5,-1.639155508986101,88.45999908447266,243365804.2064499,79.93288590604027,False,0.0,0,,,,0.0,0,,,,False,False,False,False,0,,none,0,0,False,-1,0.625,mixed,4,False
ADP,249.10499572753906,-17.66012938056507,32.94928293599235,-16.396418144886738,-34.03279647819916,0.09605996474675277,False,1.0857649035046235,6.26644031106234,-1.8618797516331442,2.821228932406905,False,True,False,True,23,38.333333333333336,False,0.5283951897234028,1.392077432984953,True,2.709450559802347,True,-2.415093211790642,True,2,1,0.5792452227787891,False,2.065409997089639,True,3,2,True,False,False,25.0,18.18146835204142,8.394052315586592,0.7431066461331924,5.0,False,1,4,3,5,-4.67069838317914,261.30999755859375,606145357.2511017,19.53020134228188,False,0.0,0,,,,0.0,0,,,,False,False,False,False,0,,none,0,0,False,-1,0.625,mixed,4,False
ADPT,22.020000457763672,-3.926699893256713,115.03907177684619,106.56661137860515,88.93023304529272,0.2039234383454975,False,1.1336378469666464,9.128066244763236,18.706206810890325,3.916941494985049,False,True,False,False,24,40.0,True,0.5343403915277743,3.13251250243488,True,2.9436335822259974,True,-3.926699893256713,True,1,2,0.5722943307930375,False,2.7432178691541043,True,2,2,True,False,False,25.0,26.565873519961293,12.216169292172715,0.8162602876654083,6.0,False,6,5,4,6,-4.881205958474832,23.149999618530273,62071742.83713646,89.26174496644296,True,0.0,0,,,,0.0,0,,,,False,True,False,False,1,,power_play,6,6,True,0,0.75,mixed,4,False
ADSK,211.5800018310547,-35.255057896921585,12.710420016617864,-29.730987199543502,-47.36736553285592,0.15128634463732227,False,0.8682940291497503,8.030062078707456,-21.637036358868635,1.9760970637861863,False,True,False,False,26,43.333333333333336,True,0.5068551632761468,1.7113174768469082,True,-0.6009650247244216,True,-3.1005285473870825,True,1,2,0.5308252590298117,False,1.8178257809439875,True,2,1,False,False,False,25.0,16.36986518112288,9.38178971213766,0.7182595313857889,5.0,False,2,4,4,6,-4.61205348728102,221.80999755859375,473875425.22873306,11.543624161073826,False,0.0,0,,,,0.0,0,,,,False,True,False,False,1,,power_play,6,6,True,0,0.75,mixed,4,False
ADT,6.974999904632568,-19.31437015594205,10.714280848600577,-17.1091156407691,-34.74549397408152,0.116544585759897,False,1.0445240656515906,3.5125432101635026,-11.678790908750592,2.122986567294638,True,True,False,True,21,35.0,False,0.37162442861878003,1.0768036642937897,False,1.3646338602681054,True,-0.35714421953473297,True,2,2,0.5307131274910672,False,2.5308106078987005,True,2,2,True,False,False,25.0,13.752596323905228,8.387097435778237,0.7386933324771034,5.0,False,1,5,5,6,-3.593645115187316,7.235000133514404,52123392.74245846,18.859060402684563,False,0.0,0,,,,0.0,0,,,,False,True,False,False,1,,power_play,6,6,True,0,0.75,mixed,4,False
ADVB,17.73940086364746,0.0,378.15096175868854,64.25370879961459,46.617330466302164,0.6235808961063187,False,2.437711126617535,101.57614787504616,178.0470304929136,255.49903160962265,False,False,False,False,21,35.0,False,0.495381685928797,9.050258365662465,True,4.301860730775246,False,252.67197065034233,False,0,2,0.37284027856434576,False,12.260886085223895,True,2,1,False,True,False,,,,,,False,8,2,2,4,,,55571477.70420198,80.60402684563759,True,0.0,0,,,,0.0,0,,,,False,False,False,False,0,,none,0,0,False,-2,0.5,mixed,4,False
AEE,114.72000122070312,-3.042595067111531,20.004772551603224,17.941518291799554,0.3051399584871355,0.08611317944899478,False,0.9804229893700128,5.029641048695913,13.676134247273563,-0.2608202322368691,False,True,False,True,27,45.0,True,0.5905398814124114,1.113074052828559,True,2.0613140833103523,True,2.84177326958428,True,2,0,0.5313380156713691,False,0.5830495816045062,False,7,2,True,False,False,45.0,11.828408248265308,5.282431244338806,0.7427722307811166,19.0,False,4,3,3,6,-3.042595067111531,118.31999969482422,193566733.85373497,49.7986577181208,False,0.0,0,,,,0.0,0,,,,False,True,False,False,1,,power_play,6,6,True,0,0.75,mixed,4,False
AEHR,78.44000244140625,-32.71573064900113,365.7957347426269,267.9174651228952,250.28108678958276,0.33146343481664897,False,0.9592182342834578,33.17185551071033,179.74322353880368,12.121217078197045,False,False,False,False,23,38.333333333333336,False,0.4043625155703923,5.273846459118408,False,-1.264564661525395,True,-3.2202350550003533,True,1,0,0.31510078319640655,False,0.35980170843440223,False,6,2,True,True,False,,,,,,False,6,2,2,3,,,259187158.87343636,97.18120805369126,True,0.0,0,,,,0.0,0,,,,False,False,False,False,0,,none,0,0,False,-3,0.375,mixed,4,False
AEIS,304.7300109863281,-21.64909876077842,125.70751491679215,116.64144344996762,99.0050651166552,0.1434241236804351,False,0.875196749703992,15.758218029075069,16.29590289994578,-2.1010628258982256,True,True,False,False,26,43.333333333333336,True,0.4873308507973088,3.0467080681902856,True,-1.0884791631662944,True,7.280416856920313,False,0,0,0.43603409600901166,False,0.3439839122552191,False,7,3,True,False,False,25.0,32.06342087958487,20.09320013744076,0.3194111851382484,23.0,False,3,2,3,3,-21.822005616850205,389.7900085449219,295079178.0126373,90.67114093959732,True,0.0,0,,,,0.0,0,,,,False,False,False,False,0,,none,0,0,False,-3,0.375,mixed,4,False
AEM,144.31179809570312,-42.635611331774314,18.07060003210932,15.799111648541263,-1.837266684771155,0.14424277290378254,False,0.7684875986399715,9.555693621797793,-32.44781493639282,-6.2057730903232855,False,False,False,False,22,36.666666666666664,False,0.39600310196108895,1.2339081906282083,False,-3.450586303551706,True,5.360149528778924,False,0,0,0.4698609960466508,False,0.8628333725964124,False,6,3,True,False,False,25.0,23.876958130601682,10.234775817758763,0.23562976633595695,24.0,False,0,2,2,4,-18.250836065474584,176.52999877929688,371739015.9568329,47.51677852348993,False,0.0,0,,,,0.0,0,,,,False,False,False,False,0,,none,0,0,False,-2,0.5,mixed,4,False
AEO,16.959999084472656,-38.694942613577176,62.25020995360264,54.48291821630122,36.84653988298881,0.14645837791568586,False,0.8922157475692688,7.311319799854339,-28.732180989427313,3.8156670061836984,False,True,False,True,22,36.666666666666664,False,0.4099970333771811,1.7561058164643353,False,0.13455525409369867,True,-0.4110487337075974,True,2,1,0.5537281740076426,False,1.2817003562877813,True,3,3,True,False,False,25.0,15.646625405121236,12.912739695031132,0.42110785668582634,21.0,False,2,3,2,5,-9.057708516404638,18.649188191537913,74610918.83356667,76.24161073825503,False,0.0,0,,,,0.0,0,,,,False,False,False,False,0,,none,0,0,False,-1,0.625,mixed,4,False
AEP,136.4949951171875,-1.582671631393251,31.215732270699405,29.225965541373977,11.589587208061559,0.08784333439017471,True,1.0043488738709598,5.168693495694292,18.814502927083577,-1.4547682258040928,True,True,False,True,26,43.333333333333336,True,0.5390380841034491,1.0298608623215673,True,1.9697867596884584,True,3.295743717008248,True,2,0,0.482278818459357,False,0.7012887381094431,False,4,3,True,False,False,45.0,11.978947039368391,5.194338144481102,0.757422461312772,13.0,True,6,4,6,6,-2.905823488874637,140.5800018310547,621893125.8191254,60.06711409395973,False,0.0,0,,,,0.0,0,,,,True,True,False,False,2,power_play,sepa_vcp,6,6,True,0,0.75,mixed,4,False
AER,151.78500366210938,-1.4290797721946746,42.639090356895196,36.57745537015265,18.94107703684023,0.15588359951451636,True,0.9948456592022179,3.78825302979216,5.325995632320835,2.6684303449266755,True,True,False,True,27,45.0,True,0.38687080389382295,1.1504041228939195,False,2.175785166543373,True,3.2761804459507493,True,2,0,0.5318294213245686,False,0.5323329946561393,False,9,2,True,False,False,45.0,15.25098256757509,6.02825949581508,0.8232450474696331,13.0,True,6,4,6,6,-2.695686699773192,155.99000549316406,146583352.42999497,66.24161073825503,False,0.0,0,,,,0.0,0,,,,True,True,False,False,2,power_play,sepa_vcp,6,6,True,0,0.75,mixed,4,False
AES,14.824999809265137,-13.149350159581408,22.93005860180468,12.950516490591625,-4.685861842720794,0.16412776412776411,False,0.9659171287324737,0.7419875756659364,6.564886741630005,1.6803833116674438,False,True,False,True,21,35.0,False,0.41147217553626686,0.18969024127593143,False,2.3378620449095235,True,0.37237203653948114,True,2,2,0.4593600744050284,False,1.7027449394021166,True,1,2,True,False,False,,,,,,False,1,4,2,6,,,121776761.13404933,45.234899328859065,False,0.0,0,,,,0.0,0,,,,False,True,False,False,1,,power_play,6,6,True,0,0.75,mixed,4,False
AFG,143.59500122070312,0.0,23.5355780837631,20.245086467377128,2.6087081340647096,0.06820932637926103,False,0.9866546331331244,3.3288058349260337,15.179443695536744,1.2230263340467618,False,True,False,True,28,46.666666666666664,True,0.43587518273357984,0.8229250663637978,False,2.9696841951133996,True,1.2016363650636963,True,2,3,0.6309617349984753,True,1.6111656096259854,True,2,0,False,False,False,65.0,15.221436159122224,4.784296331748673,0.9685909986473543,13.0,True,5,6,5,7,-0.47809010891107784,144.2848126385891,61920229.03884888,52.013422818791945,False,0.0,0,,,,0.0,0,,,,False,True,False,False,1,,power_play,7,7,True,1,0.875,mixed,4,False
AFL,125.6050033569336,0.0,30.78240904877405,25.21666280038182,7.580284467069401,0.10817925006397487,True,0.8962389223501751,2.547666782945508,18.522951373068096,3.9088403465214583,False,True,False,True,30,50.0,True,0.350710877651568,0.5882395055228942,False,3.602187480218169,True,0.7095911863121085,True,2,1,0.5418836629123281,False,1.4351161795787013,True,4,0,False,False,False,65.0,13.455373373143262,4.283266676988616,0.9808197472866766,5.0,True,6,4,4,6,-0.2580774616490089,125.93000030517578,232221342.53704643,57.24832214765101,False,0.0,0,,,,0.0,0,,,,False,True,False,False,1,,power_play,6,6,True,0,0.75,mixed,4,False
AFRM,70.2300033569336,-23.812103358183357,65.1305087530846,6.700096752592599,-10.936281580719818,0.12041762973944393,False,0.8824302653228542,10.825852858828396,-1.6799621211190718,-16.96618368817805,False,False,False,False,24,40.0,True,0.3790703745832085,1.5636656532921633,False,-0.9067483476005013,True,-7.677134693465726,False,0,0,0.32619098610426656,False,0.6467244329824624,False,7,1,False,False,False,25.0,19.804149581833606,24.120748443241837,0.03606763574905642,7.0,False,1,1,1,1,-19.089860728396204,86.80000305175781,316264689.7397709,39.86577181208054,False,0.0,0,,,,0.0,0,,,,False,False,False,False,0,,none,0,0,False,-5,0.125,mixed,4,False
AG,16.395000457763672,-48.735269079389255,109.63042029173806,89.32021642632269,71.68383809301027,0.2011530875436201,False,0.839615537629492,12.99176611753176,-35.47931836295538,-7.996628852212806,False,True,False,False,22,36.666666666666664,False,0.36019548672160545,1.6907102874831677,False,-1.7855837599668183,True,3.700189896396955,True,1,0,0.4596870772693822,False,1.1208072975577243,False,4,1,False,False,False,25.0,20.890055733524825,14.760597796433613,0.3220552801160853,24.0,False,2,1,2,3,-14.162302982623853,19.100000381469727,156832302.43901062,86.97986577181209,True,0.0,0,,,,0.0,0,,,,False,False,False,False,0,,none,0,0,False,-3,0.375,mixed,4,False
AGCO,118.9749984741211,-15.097189962164126,19.36235788383076,8.741278685433551,-8.895099647878867,0.14531015593817526,False,0.956646570674454,7.539400156121237,5.0439062401274715,2.133230883270909,False,False,False,True,21,35.0,False,0.4848095298027166,1.5054087106078882,True,1.2071381922241575,True,3.1604930071933213,True,2,0,0.4175469433186717,False,0.7695676865727653,False,4,1,False,False,False,35.0,11.066278427112174,7.539400156121237,0.8158482567337664,34.0,True,1,3,3,4,-2.03787446382222,121.44999694824219,81785006.1891777,41.47651006711409,False,0.0,0,,,,0.0,0,,,,False,False,False,False,0,,none,0,0,False,-2,0.5,mixed,4,False
AGEN,6.014999866485596,-5.275591231152255,117.1480111156423,-0.41390886631332835,-18.050287199625746,0.02819270476285072,False,2.156702559472033,21.446383881746282,85.64814348088916,72.34956590398454,False,True,False,False,23,38.333333333333336,False,0.47745781353199357,5.229318810599254,True,2.6871931719275572,True,20.059872089627873,False,0,2,0.40244268207030914,False,8.684187666616706,True,1,1,False,True,False,,,,,,False,4,3,3,6,,,62790879.93964417,32.75167785234899,False,0.0,0,,,,0.0,0,,,,False,True,False,False,1,,power_play,6,6,True,0,0.75,mixed,4,False
AGI,29.594999313354492,-46.40356868716937,22.036655741835997,15.299017361838207,-2.3373609714742116,0.14080212882747428,False,0.6738582164359785,10.812633653776933,-31.702192336181334,-6.285625760440516,False,True,False,False,22,36.666666666666664,False,0.36158459224274464,1.258492673476934,False,-4.044079217344048,True,4.7239882295127655,True,1,0,0.5188934613456633,False,0.46896555599310924,False,4,0,False,False,False,25.0,28.084329834508452,11.623587139281826,0.1821130985367506,24.0,False,0,1,2,4,-22.969805508018016,38.41999816894531,116922628.80736294,47.04697986577181,False,0.0,0,,,,0.0,0,,,,False,False,False,False,0,,none,0,0,False,-2,0.5,mixed,4,False
AGNC,10.584099769592285,-7.400704400685376,28.628411586049584,26.32995398125648,8.693575647944062,0.29785979953100833,False,1.192436356856427,7.841951056533053,-4.552380877026351,-3.7809111855246824,False,False,False,True,28,46.666666666666664,True,0.5216469529413256,1.1361495772959636,True,0.3297001710027356,True,-5.667562230860068,False,1,0,0.3622853303857179,False,1.0295448186488012,False,4,0,False,False,False,45.0,13.83046231353909,9.353651162306647,0.4532036806963748,6.0,False,2,1,1,4,-7.562445887310676,11.449999809265137,203321298.7747182,58.45637583892618,False,0.0,0,,,,0.0,0,,,,False,False,False,False,0,,none,0,0,False,-2,0.5,mixed,4,False
AGQ,65.26499938964844,-83.70289929565031,34.6225247646482,17.57341265191701,-0.06296568139540781,0.323674142822642,False,0.6545827480114751,15.62859828855606,-79.59512329397104,-9.253335579436195,False,True,False,False,25,41.66666666666667,True,0.3006780019338505,1.3781325147903871,False,-4.8816215050970655,True,7.983125202797803,False,0,0,0.41435860499728844,False,1.1160872047027248,False,5,2,True,False,False,25.0,35.78747793526045,20.63893564188032,0.23700586724947362,24.0,False,1,2,3,3,-27.30563569054264,89.77999877929688,140546579.27454758,48.99328859060403,False,0.0,0,,,,0.0,0,,,,False,False,False,False,0,,none,0,0,False,-3,0.375,mixed,4,False
AGX,579.1099853515625,-27.420350386013624,185.456198657536,159.33677388706906,141.70039555375664,0.10332225913621262,False,0.9508506044150772,13.152514414109676,59.408617415810184,-17.923278066145542,True,False,False,False,27,45.0,True,0.4495124094397776,3.1891881709848287,True,-2.0412754761471916,True,5.138188553423517,False,0,1,0.49830744468411686,False,1.3254360293694134,True,7,1,False,False,False,25.0,36.8575880467218,21.910519568474633,0.2384497106831992,17.0,False,5,2,2,1,-28.06890684050044,805.0899269213769,222938658.0214386,93.69127516778524,True,0.0,0,,,,0.0,0,,,,False,False,False,False,0,,none,0,0,False,-4,0.25,mixed,4,False
AHR,56.904998779296875,-1.2065967243670594,57.0833490409971,53.55665246937371,35.920274136061295,0.04197938346612848,True,0.9181187847440228,3.442579168461003,24.321226768897407,3.388440829846351,False,True,False,True,27,45.0,True,0.4356706528773643,1.256463773646982,False,4.566304456320636,False,-0.4461180349824345,True,2,1,0.5347462970058248,False,0.8266670023497819,False,2,2,True,False,False,25.0,21.50983083723543,7.679464064015858,0.9106569450688027,2.0,True,6,3,5,5,-1.9217539980518894,58.02000045776367,217572617.9879257,75.83892617449665,False,0.0,0,,,,0.0,0,,,,False,False,False,False,0,,none,0,0,False,-1,0.625,mixed,4,False
AIG,78.90850067138672,-7.724424155055376,11.14400025532818,1.9717318096902803,-15.664646523622139,0.05700281935531215,False,0.9917807295169215,3.7511789722117883,10.483155602215577,-0.6064979493179079,False,True,False,True,22,36.666666666666664,False,0.5092808560827817,1.1304406912506546,True,1.443278490225755,True,-1.9770177995196092,True,2,0,0.556065510506705,False,0.6375781598839063,False,3,3,True,False,False,45.0,13.070100739908872,5.4620289972777885,0.6713624300105532,13.0,False,2,3,3,6,-4.295326146680923,82.44999694824219,320450879.5229416,35.57046979865772,False,0.0,0,,,,0.0,0,,,,False,True,False,False,1,,power_play,6,6,True,0,0.75,mixed,4,False
AIR,128.6750030517578,-10.399691870426198,79.3879785721769,66.03226200226815,48.39588366895573,0.11005412719891745,True,1.2494171895388289,14.921310660874237,21.782130032143687,-8.161442801213514,False,False,False,False,30,50.0,True,0.4541693234648523,1.9941593647327462,True,0.486286350484099,True,-4.9246294269825075,True,1,1,0.5062571144987318,False,1.3189992705065139,True,3,2,True,False,False,55.0,32.11584139926267,14.921310660874237,0.6164863568513925,16.0,False,4,4,4,4,-12.316863337814098,146.75,78849391.32344207,81.67785234899328,True,0.0,0,,,,0.0,0,,,,False,False,False,False,0,,none,0,0,False,-2,0.5,mixed,4,False
AIT,343.6000061035156,-0.13949677036771968,43.28475954297102,29.071662031287637,11.435283697975219,0.07061835368255219,True,1.0510702893743922,3.9144299914247025,23.076352127103817,3.8537100694538973,False,True,False,True,31,51.66666666666667,True,0.4885104756697374,1.248840050240913,True,2.5465471504361896,True,2.1372736729398545,True,2,2,0.622990019385297,True,1.254780553941507,True,4,2,True,False,False,65.0,17.110894045784114,7.24388349497317,0.9485797478204732,1.0,True,7,5,5,7,-0.8798464868513878,346.6499938964844,96466659.22322845,59.86577181208054,False,0.0,0,,,,0.0,0,,,,False,True,False,False,1,,power_play,7,7,True,1,0.875,mixed,4,True
AIZ,276.5799865722656,-1.2602188297094918,52.13330966472407,52.00975763655069,34.373379303238266,0.08250083857136607,True,0.8944673495257839,3.2431852108574084,19.395228365956218,-1.0376500286470858,False,True,False,True,31,51.66666666666667,True,0.38629108053615496,0.6793411112580379,False,2.862707593278791,True,-0.09392059278444664,True,2,2,0.5125830698904706,False,1.4378624207644124,True,2,3,True,False,False,55.0,19.128675449955036,4.765345764574164,0.8612652867632987,13.0,True,6,6,6,7,-2.6538113031474353,284.1199951171875,89311744.91856232,75.03355704697987,False,0.0,0,,,,0.0,0,,,,True,True,False,False,2,sepa_vcp,power_play,7,7,True,1,0.875,mixed,4,False
AJG,245.0800018310547,-21.35584700568758,28.07071079822867,-19.808710962100974,-37.445089295413396,0.1386174636174636,False,0.990396475494613,5.9245977492975,-2.5916883256764667,-2.9155445013354764,False,True,False,True,26,43.333333333333336,True,0.5253316319472292,1.5212087932113791,True,3.1645746141151907,True,-3.4738055444875737,True,2,1,0.4770102912879638,False,1.5237614767023941,True,4,2,True,False,False,25.0,20.555898303485133,8.544156007731003,0.6872212487094225,5.0,False,1,4,4,4,-6.429448203020183,261.9200134277344,388800489.4210259,16.778523489932887,False,0.0,0,,,,0.0,0,,,,False,False,False,False,0,,none,0,0,False,-2,0.5,mixed,4,False
AKAM,117.08999633789062,-27.33647959451808,66.01445961212862,45.07495684065361,27.438578507341195,0.3035942347252631,False,0.9176140672580674,10.308309908895552,23.14892099596817,3.463813936882243,False,False,False,False,25,41.66666666666667,True,0.4940030656297368,2.794125040263317,True,-2.5591530253145,True,-2.579254547421206,True,1,2,0.3919222246525449,False,1.4935173873705545,True,2,3,True,False,False,25.0,16.96674182369068,10.692627068615684,0.37095314578657873,10.0,False,2,4,3,5,-10.672875570443907,131.0800018310547,433993082.01754916,71.47651006711409,False,0.0,0,,,,0.0,0,,,,False,False,False,False,0,,none,0,0,False,-1,0.625,mixed,4,False
ALAB,293.4599914550781,-39.24475215729183,192.66979283914304,141.17356239240206,123.53718405908964,0.18703893646788367,False,0.9585368534937893,16.929051360442806,72.96945957841999,-27.793912268235697,False,True,False,False,29,48.333333333333336,True,0.47673213912580326,4.854851663108428,True,-1.6398104311539423,True,-3.3462893832759355,True,1,0,0.3051838838247626,False,0.5352809388628772,False,7,2,True,False,False,,,,,,False,6,2,2,2,,,1745574552.2177277,92.48322147651007,True,0.0,0,,,,0.0,0,,,,False,False,False,False,0,,none,0,0,False,-4,0.25,mixed,4,False
ALB,116.69999694824219,-45.73884638491732,75.75037821812872,40.50847082406437,22.87209249075195,0.12433894434105905,False,0.6942665675155851,6.6066831928814285,-38.11000145579714,-13.912659302165897,False,False,False,True,13,21.666666666666668,False,0.3685343715365699,1.490016172567423,False,-6.777295035593599,True,-3.3780442724710924,True,2,0,0.40636354442889067,False,0.36165683495258455,False,5,2,True,False,False,25.0,31.524704739461747,12.862041584189226,0.02066888934985728,24.0,False,1,2,3,3,-30.873124105414895,168.82000732421875,283197097.5920273,69.39597315436241,False,0.0,0,,,,0.0,0,,,,False,False,False,False,0,,none,0,0,False,-3,0.375,mixed,4,False
ALC,67.75499725341797,-25.91216359955051,9.247011856376709,-25.91216359955051,-43.54854193286293,0.09978066838792435,False,1.039070646515173,6.110249512908941,-15.199000276724806,-2.734720511833122,False,False,False,True,26,43.333333333333336,True,0.4925802060712978,1.0121893493238556,True,0.5902208556536169,True,-3.565335620052257,True,2,0,0.5338881418416801,False,0.5729922289613344,False,8,1,False,False,False,55.0,13.505384064628625,7.851818921822547,0.6131536941920189,5.0,False,1,2,2,3,-5.224507933919565,71.48999786376953,140950355.9832371,13.221476510067115,False,0.0,0,,,,0.0,0,,,,False,False,False,False,0,,none,0,0,False,-3,0.375,mixed,4,False
ALGM,46.470001220703125,-33.25193997786139,103.81580164778197,41.849827843728285,24.213449510415867,0.0760769471933507,False,0.9420313772693055,12.653326691748829,40.86086346286846,-16.247633217051018,True,True,False,False,29,48.333333333333336,True,0.4682268031772933,4.099772743306145,True,-1.1996186298791174,True,-0.02151101900101926,True,1,1,0.3919505569048702,False,1.5136366256958924,True,4,4,True,False,False,25.0,38.51190869133394,22.100280154906095,0.08465993224356819,17.0,False,3,3,3,2,-35.251493110955124,71.7699966430664,191690322.9864832,70.06711409395973,False,0.0,0,,,,0.0,0,,,,False,False,False,False,0,,none,0,0,False,-3,0.375,mixed,4,False
ALGN,167.11500549316406,-19.342148016806693,33.82047499091383,-17.343450614744015,-34.979828948056436,0.22212731952343392,False,0.9344866677968843,8.156062851800607,-0.9571447136067279,-9.432580953985227,False,True,False,False,19,31.666666666666664,False,0.46898261887142434,1.975179867486124,True,-0.8007517012353396,True,-5.456545210120423,False,0,0,0.3450158319573247,False,1.0012099788514126,False,5,3,True,False,False,45.0,20.62627592703715,11.33949455485453,0.3943895380255305,13.0,False,0,2,2,4,-12.491488492985848,190.97000122070312,165569570.86563492,18.65771812080537,False,0.0,0,,,,0.0,0,,,,False,False,False,False,0,,none,0,0,False,-2,0.5,mixed,4,False
ALGT,96.08000183105469,-19.368916684914204,99.66750615904768,90.82423980695434,73.18786147364192,0.10176914153132251,False,0.948199508091505,13.60324671704968,8.540449022464403,-19.035979343094144,False,True,False,False,26,43.333333333333336,True,0.39517786927948895,2.062653945266203,False,-0.0016902963272027278,True,-4.777006562867081,True,1,0,0.4096655641256522,False,0.8126117669220143,False,6,3,True,False,False,25.0,26.62784024937377,21.2531200872076,0.16312281425482458,15.0,False,3,2,2,2,-22.284232010368033,123.62999725341797,63891981.239523314,87.24832214765101,True,0.0,0,,,,0.0,0,,,,False,False,False,False,0,,none,0,0,False,-4,0.25,mixed,4,False
ALHC,19.834999084472656,-19.23860132009342,70.40376717730025,70.40376717730025,52.76738884398783,0.05917082095474156,False,1.2403411011010699,10.108390488085105,-16.694668083279605,-16.659665040718686,False,True,False,False,23,38.333333333333336,False,0.5586038187927327,3.463891389921228,True,0.35260368302053374,True,-3.71359846034377,True,1,0,0.5337906324350399,False,0.9993668659315443,False,3,0,False,False,False,25.0,22.372614058419384,10.108390488085105,0.05960836911874058,13.0,False,2,1,2,3,-21.039019021473994,25.1200008392334,100020843.33613291,83.22147651006712,True,0.0,0,,,,0.0,0,,,,False,False,False,False,0,,none,0,0,False,-3,0.375,mixed,4,False
ALK,45.834999084472656,-28.22580857125312,34.05966927611013,-9.826878942841832,-27.463257276154252,0.1849983030751804,False,1.0298762691049899,11.6286639529203,-9.897778559331217,-10.285772269368554,False,False,False,False,23,38.333333333333336,False,0.49520026172924053,2.2604053002766773,True,-0.04602524923556199,True,0.7141304656688607,True,1,0,0.5238448282268134,False,0.8812816613969532,False,8,2,True,False,False,25.0,23.69292894733035,17.562996395450163,0.3407147385746547,20.0,False,0,2,2,3,-15.620398854972816,54.31999969482422,157775837.22870255,23.825503355704697,False,0.0,0,,,,0.0,0,,,,False,False,False,False,0,,none,0,0,False,-3,0.375,mixed,4,False
ALKS,52.95000076293945,-4.110830147741106,102.64065236726938,99.58537275723882,81.9489944239264,0.14643991239753978,True,0.9207352331554701,4.91973466421479,57.542397504840736,-2.9864437768996277,False,True,False,True,29,48.333333333333336,True,0.46574334141228896,1.7399337525372718,True,3.9874523343791983,True,0.43626619292642665,True,2,1,0.5530758865996499,False,1.2802742045344084,True,4,2,True,False,False,25.0,20.998740814096305,6.355047809791056,0.7673226924260466,13.0,False,7,4,5,5,-4.885930475067212,55.66999816894531,105189246.12972736,88.5234899328859,True,0.0,0,,,,0.0,0,,,,False,False,False,False,0,,none,0,0,False,-1,0.625,mixed,4,False
ALL,260.5350036621094,0.0,39.19712618925857,37.041825377040304,19.405447043727886,0.11764146153957732,True,1.0727433151731522,5.085694848118432,35.932233318400854,4.076619564738371,False,True,False,True,30,50.0,True,0.5375466449999413,1.218264692675947,True,4.910968544111485,False,4.255706292666139,True,2,2,0.7056759533374414,True,1.2120424545010995,True,4,0,False,False,False,35.0,19.4864522174556,9.334641020351961,0.9999014204768304,0.0,True,8,3,5,6,-0.00192096516786755,260.5400085449219,408591227.4608307,66.57718120805369,False,0.0,0,,,,0.0,0,,,,False,True,False,False,1,,power_play,6,6,True,0,0.75,mixed,4,False
ALLE,154.11000061035156,-13.594567583276774,23.155816953056664,-5.094982981986684,-22.731361315299104,0.23036488015741127,False,1.2184676206838507,16.053461901494025,-6.875881415982244,9.624412151848505,False,False,False,False,24,40.0,True,0.279255344814578,0.8631337907282335,False,4.167644927114522,False,12.292330546451202,False,0,1,0.4954909303864515,False,1.6075808858284135,True,4,0,False,True,True,25.0,19.250796019176462,16.053461901494025,0.8285529412466851,1.0,False,2,1,1,2,-3.3004923561478217,159.3699951171875,197826989.58017427,27.986577181208055,False,0.0,0,,,,0.0,0,,,,False,False,False,False,0,,none,0,0,False,-4,0.25,mixed,4,False
ALLY,43.91999816894531,-7.047622922867058,22.96674459761252,17.865671984052756,0.22929365074033825,0.08060134203081527,False,0.9615505243196772,5.749092967094587,8.330913614826096,-3.089147253544211,False,False,False,True,20,33.33333333333333,False,0.4178380709275033,1.0481127948473845,False,-0.23154674207713896,True,-3.768626739055647,True,2,0,0.5782606824432807,False,0.7231169870677514,False,8,1,False,False,False,45.0,14.104465752827949,7.832428471817619,0.49475236216622126,18.0,False,1,1,1,4,-7.12624800452375,47.290000915527344,140696983.9325859,49.53020134228188,False,0.0,0,,,,0.0,0,,,,False,False,False,False,0,,none,0,0,False,-2,0.5,mixed,4,False
ALM,13.550000190734863,-42.14346649618347,296.1988271479283,205.18018054300367,187.54380220969125,0.0736984371999061,False,0.8958990114393065,12.841326543359981,21.852520954892142,-13.749203323788695,False,True,False,False,18,30.0,False,0.4784507779419015,3.864005865161477,True,-2.7047731722181667,True,-1.5976779935745755,True,1,0,0.3584377312159646,False,0.9751212756579627,False,6,3,True,False,False,25.0,36.6089603046164,28.118083881813362,0.15299032624019782,23.0,False,3,2,2,2,-31.008143524298692,19.639999389648438,93770486.1995298,95.57046979865773,True,0.0,0,,,,0.0,0,,,,False,False,False,False,0,,none,0,0,False,-4,0.25,mixed,4,False
ALNY,271.0400085449219,-44.82309191983721,1.5169176593442968,-17.36585105337748,-35.0022293866899,0.12935640422353717,False,1.3702391243957002,5.936391614016602,-24.28627291279866,-13.344839950532606,False,True,False,True,19,31.666666666666664,False,0.46690836428953314,2.7048320866670204,True,-1.3035961163586611,True,1.3347318607416225,True,2,0,0.47123776110436905,False,0.39176413250879333,False,5,2,True,False,False,25.0,30.997370669716283,13.485100781528757,0.07496405848783196,11.0,False,0,2,2,3,-28.673681961862663,380.0,445287263.5527588,18.590604026845636,False,0.0,0,,,,0.0,0,,,,False,False,False,False,0,,none,0,0,False,-3,0.375,mixed,4,False
ALSN,121.26000213623047,-10.616663153672757,54.244796134881646,39.38751475212698,21.751136418814564,0.02831058703060751,True,0.8385955103855687,8.337457061062398,11.219807770681811,4.202113323222445,False,True,False,False,21,35.0,False,0.43812778467969854,1.4300515981936137,False,1.5615991276566719,True,6.742961060738373,False,0,0,0.5623622042747725,False,0.2506779895168827,False,6,2,True,False,False,45.0,15.710880492111091,8.642588794580224,0.7654196321536185,20.0,False,4,3,4,6,-3.685464125029958,125.9000015258789,178623422.09470063,68.7248322147651,False,0.0,0,,,,0.0,0,,,,False,True,False,False,1,,power_play,6,6,True,0,0.75,mixed,4,False
ALV,116.88999938964844,-11.238516802627352,17.377682022673845,3.1504745418184488,-14.48590379149397,0.07322957677165354,False,0.9510359569590923,5.269915043437748,-6.499128826830303,0.55918921010365,False,False,False,True,26,43.333333333333336,True,0.45234268311133274,0.9481739366589425,True,-1.4157931673822999,True,-2.802264000265442,True,2,0,0.5860625487018305,False,1.1205840844082249,False,5,3,True,False,False,25.0,10.329266899344889,10.625372772518984,0.27586204880592624,6.0,False,2,2,2,5,-7.479814169828369,126.33999633789062,93688460.37968025,36.644295302013425,False,0.0,0,,,,0.0,0,,,,False,False,False,False,0,,none,0,0,False,-1,0.625,mixed,4,False
AMAT,538.0999755859375,-25.574000610520397,245.9188642103772,188.1391634017902,170.50278506847778,0.13429933643122088,False,1.0467724697398173,9.94795961539116,67.33074005289686,-10.768772354668277,False,True,False,False,33,55.00000000000001,True,0.5081405581191455,3.5581113675082134,True,0.01606833465027686,True,1.5934756012048412,True,1,0,0.35321927391827146,False,0.48666086411096615,False,6,3,True,False,False,25.0,30.61500634594995,18.75488729309467,0.10986974405665313,17.0,False,6,2,2,3,-27.25134343442762,739.6699829101562,6259723102.317001,94.8993288590604,True,0.0,0,,,,0.0,0,,,,False,False,False,False,0,,none,0,0,False,-3,0.375,mixed,4,False
AMBA,67.4800033569336,-29.34771034693974,38.70503852099212,-0.39851903035631464,-18.034897363668733,0.09847353069451202,False,0.8647666405346353,14.404263370575435,0.43161319391264996,-13.884631404636172,False,False,False,False,24,40.0,True,0.4910397411510922,4.76496791409695,True,-1.1088886636676836,True,9.120315637822141,False,0,1,0.5380093657216425,False,1.7715310846169496,True,4,1,False,False,False,25.0,36.86170375093501,23.947840631589017,0.23463216521766894,16.0,False,1,2,1,1,-28.212762386240854,94.0,146032870.49253386,32.81879194630872,False,0.0,0,,,,0.0,0,,,,False,False,False,False,0,,none,0,0,False,-5,0.125,mixed,4,False
AMCR,43.540000915527344,-11.336099628899188,20.64676708945403,-8.102036831648885,-25.738415164961303,0.09780336154802244,False,1.0978566898146822,4.915027926842623,1.2786914513552627,-3.244442409939241,False,False,False,True,22,36.666666666666664,False,0.41475311311949076,1.1806247072096563,False,2.1623942450635876,True,-0.9103270907671379,True,2,2,0.6101123364421951,True,1.3309187121453618,True,4,1,False,False,False,35.0,17.470809455406787,7.142858394480342,0.7667089025313618,13.0,False,2,4,3,6,-4.075784311517305,45.38999938964844,134889765.87305373,25.23489932885906,False,0.0,0,,,,0.0,0,,,,False,True,False,False,1,,power_play,6,6,True,0,0.75,mixed,4,False
AMD,522.114990234375,-10.12118669471147,245.45123219719596,222.05465455199848,204.41827621868606,0.313669899084875,True,1.0310269743629243,11.321258047969145,101.06092304394517,0.8294354890515221,False,False,False,False,29,48.333333333333336,True,0.4702549823751538,2.825587562815234,True,0.37592156869346316,True,5.316076317089302,False,0,1,0.4111406788744813,False,1.5404746949464119,True,5,2,True,False,False,45.0,27.13731089152896,21.832359323907465,0.6054008499842104,17.0,False,9,3,3,5,-10.708359811511558,584.72998046875,14537134282.154125,96.24161073825503,True,0.0,0,,,,0.0,0,,,,False,False,False,False,0,,none,0,0,False,-1,0.625,mixed,4,False
AME,241.1199951171875,-0.3389300305629894,37.269661058071726,35.00880989633772,17.372431563025305,0.13512836001208095,True,0.9949743991397343,4.230257612308284,9.57003266498926,2.7704373605299093,False,False,False,True,26,43.333333333333336,True,0.4556840837609588,1.091773572486967,True,1.8858794293571455,True,1.7383945642141407,True,2,0,0.5406657335111319,False,0.9683474531019911,False,5,1,False,False,False,55.0,10.23225781903706,5.706699894444008,0.8566252584207165,20.0,True,7,3,4,5,-1.4670473205770418,244.7100067138672,221553429.79964676,64.83221476510067,False,0.0,0,,,,0.0,0,,,,False,False,False,False,0,,none,0,0,False,-1,0.625,mixed,4,False
AMG,349.739990234375,-7.863749411600606,68.93337981590248,65.64544026174231,48.00906192842989,0.07083912381708689,True,1.1782037403599166,14.024709692956892,9.362665986713425,1.4915798142253633,False,False,False,False,24,40.0,True,0.3909493683005098,1.4284598951235157,False,1.005308025541366,True,-5.432224824193643,False,0,0,0.459669950854466,False,0.9454183385839827,False,5,1,False,False,False,45.0,22.92880725424559,15.623038878631238,0.6238604592936725,7.0,False,4,1,2,3,-8.624431029555845,382.75,102893453.35231933,81.40939597315436,True,0.0,0,,,,0.0,0,,,,False,False,False,False,0,,none,0,0,False,-3,0.375,mixed,4,False
AMGN,376.4700012207031,-2.2792405325201437,41.84873653901413,25.680085399344634,8.043707066032216,0.31420463516903807,True,0.9932950412413128,5.36563660890184,10.787885417295318,0.6200741312481828,False,True,False,True,24,40.0,True,0.46204463885589964,1.1656468252442864,True,3.0867293453989864,True,2.779216587485145,True,2,0,0.5167026939512394,False,0.8505600747383526,False,3,0,False,False,False,65.0,16.154629710486688,6.762820775234192,0.9520330719465881,0.0,True,5,2,4,6,-0.7748879610524284,379.4100036621094,801792192.0437653,57.852348993288594,False,0.0,0,,,,0.0,0,,,,False,True,False,False,1,,power_play,6,6,True,0,0.75,mixed,4,False
AMH,33.400001525878906,-4.121051141148291,23.208214059181564,-4.121051141148291,-21.757429474460707,0.07116610708396114,False,0.9655849550262167,3.0838285396448675,6.683080054316237,-1.9953059525840366,False,True,False,True,27,45.0,True,0.5051721200210414,0.8401379883200977,True,1.1677131439003436,True,-1.9665341207710574,True,2,0,0.413529828445542,False,0.8079034615729531,False,5,3,True,False,False,65.0,14.360038045196506,4.79041437432686,0.7468454021183953,5.0,False,3,3,4,5,-3.6353096568962684,34.65999984741211,67928749.50590515,29.06040268456376,False,0.0,0,,,,0.0,0,,,,False,False,False,False,0,,none,0,0,False,-1,0.625,mixed,4,False
AMKR,63.599998474121094,-32.014969108089154,203.44580686558697,203.44580686558697,185.80942853227455,0.944977266747699,False,0.8608427394288717,15.015722431104225,28.331464310463716,-8.686292777050253,False,True,False,False,21,35.0,False,0.4840341371515585,3.8124458872696145,True,-1.7845330153109946,True,1.0486175116184882,True,1,0,0.4551557499717017,False,0.6767043497338907,False,4,3,True,False,False,25.0,39.90030285423657,22.84591657640749,0.14914105274320108,23.0,False,3,2,2,3,-33.949529681783176,96.29000091552734,316092150.52280045,95.503355704698,True,0.0,0,,,,0.0,0,,,,False,False,False,False,0,,none,0,0,False,-3,0.375,mixed,4,False
AMP,517.8300170898438,-4.4441478548122415,20.75306140864508,1.4784303253774,-16.15794800793502,0.09097201748426545,False,1.1189543258588,4.953367624034859,4.965191210645359,5.8610706544066415,True,True,False,True,24,40.0,True,0.49804215820377046,1.5653609662833752,True,3.1231069508247624,True,-1.9019792979737105,True,2,1,0.6061627311130051,True,1.12304075124176,False,3,1,False,False,False,35.0,17.883585288005012,6.836218976920076,0.7810751762090824,5.0,False,4,3,4,6,-3.915160757926339,538.9299926757812,371083842.62802124,35.100671140939596,False,0.0,0,,,,0.0,0,,,,False,True,False,False,1,,power_play,6,6,True,0,0.75,mixed,4,False
AMPX,9.279999732971191,-59.4936717818466,45.91194242386369,11.942096208368058,-5.69428212494436,0.16309011098227597,False,0.5737295675058982,17.834049359840957,-16.920325249897672,-25.040390571997364,False,True,True,False,17,28.333333333333332,False,0.4067580019859445,3.3063342112512437,False,-7.043436290817228,True,-8.661418579303092,False,1,0,0.38480947560406925,False,0.9236260598752575,False,4,4,True,False,False,,,,,,False,0,2,2,2,,,74394608.64166169,44.16107382550336,False,0.0,0,,,,0.0,0,,,,False,False,False,False,0,,none,0,0,False,-4,0.25,mixed,4,False
AMRZ,48.599998474121094,-25.47419668984223,5.214772717325,-4.004118867576645,-21.640497200889065,0.14975506814943199,False,0.9250361515215899,4.5679038897197675,-9.508312462798829,-9.395974968075738,False,False,False,True,19,31.666666666666664,False,0.49210490186211636,1.4475175694487525,True,-2.087951076766116,True,-2.2919243383122567,True,2,0,0.2999403223231029,False,0.6667566661076639,False,6,2,True,False,False,45.0,16.125639885493488,7.448565556045518,0.0870510364019154,25.0,False,0,2,2,4,-14.721886220817215,56.9900016784668,133864845.48687764,29.261744966442954,False,0.0,0,,,,0.0,0,,,,False,False,False,False,0,,none,0,0,False,-2,0.5,mixed,4,False
AMT,168.64999389648438,-24.249746571545295,4.034293542353606,-24.249746571545295,-41.88612490485771,0.11947762590718829,False,0.732564296702694,3.972722911780582,-3.7980238664789057,1.5780251378970656,True,True,False,True,21,35.0,False,0.4597858274329966,1.2573847194724808,True,-2.062755315785992,True,-0.8291212997480812,True,2,0,0.41738557984959224,False,0.6518744191539287,False,5,2,True,False,False,25.0,12.00659542095385,5.698183041418317,0.3933149165866698,24.0,False,1,2,4,5,-7.284222344471491,181.89999389648438,537725452.2056236,14.093959731543624,False,0.0,0,,,,0.0,0,,,,False,False,False,False,0,,none,0,0,False,-1,0.625,mixed,4,False
AMZN,231.50999450683594,-15.811483061794684,16.459581631760933,-0.31003799420805667,-17.946416327520474,0.1769660157496718,False,0.9086638666970012,9.304131051455226,-3.198699213134959,-4.598839471841032,False,True,False,False,22,36.666666666666664,False,0.44696947499172085,1.2436550054597437,True,-2.6047606275061774,True,-6.358452247852409,False,0,1,0.4350378184028904,False,2.849460837451736,True,3,1,False,False,False,25.0,12.604612993266336,11.545929377990948,0.1832153235282391,6.0,False,0,2,2,4,-10.295254745756798,258.0799865722656,12361246988.053055,32.95302013422819,False,0.0,0,,,,0.0,0,,,,False,False,False,False,0,,none,0,0,False,-2,0.5,mixed,4,False
AN,207.89999389648438,-8.486662294602777,16.411892132602723,3.8202216711532566,-13.816156662159162,0.07735178463399879,False,1.0872040135532475,7.30158399299402,-2.968356563711494,11.52834601802175,False,True,False,True,25,41.66666666666667,True,0.45975222036149516,1.3857180146227455,True,2.435811507435515,True,1.0596892197382912,True,2,1,0.5460616713042684,False,1.9298365429414506,True,4,1,False,False,False,45.0,16.087039765138755,8.451174882755396,0.9238038457014695,6.0,True,3,4,4,5,-1.2257705641511074,210.47999572753906,73433427.19750062,37.31543624161074,False,0.0,0,,,,0.0,0,,,,False,False,False,False,0,,none,0,0,False,-1,0.625,mixed,4,False
ANAB,53.7599983215332,-22.99097521610608,315.67008807157686,198.77730758349145,181.14092925017903,0.14263114973795715,False,1.3731821577940442,17.44791919823803,69.62557670316025,-15.231788278641567,False,False,False,False,21,35.0,False,0.5833096861507018,4.8173713471892965,True,-0.9342494745499604,True,-7.310347721494481,False,0,0,0.4269986435028364,False,0.7986359313215379,False,6,1,False,True,True,25.0,29.89705751343079,39.43453355567759,0.19103765861129934,8.0,False,5,1,1,2,-24.185593646697612,70.91000366210938,52460730.004802704,95.30201342281879,True,0.0,0,,,,0.0,0,,,,False,False,False,False,0,,none,0,0,False,-4,0.25,mixed,4,False
ANET,173.4949951171875,-7.202081254354686,52.13521021075766,52.13521021075766,34.49883187744524,0.12627814218041936,True,1.0700436287077861,6.432455527482092,27.251723468743428,8.441145796823202,False,True,False,True,28,46.666666666666664,True,0.3865977036350769,2.437807998273788,False,1.01664325462028,True,2.8972151646715627,True,2,0,0.49589901399922376,False,1.090476685020408,False,6,1,False,False,False,35.0,23.442048764747668,18.69217763537003,0.6331885650797026,11.0,False,5,1,3,5,-8.598811544868678,189.81700134277344,1343481172.6837158,75.16778523489933,False,0.0,0,,,,0.0,0,,,,False,False,False,False,0,,none,0,0,False,-1,0.625,mixed,4,False
ANF,93.13999938964844,-28.271085859327716,41.96006481206061,-0.7671012316440518,-18.40347956495647,0.11105799083986573,False,1.0136669993439773,7.290101954071929,-3.2814159521999064,0.7790534894698276,True,True,False,True,24,40.0,True,0.4778028300530974,2.047720374452383,True,1.9204131921141534,True,-2.2049543481982403,True,2,1,0.4620767037235959,False,0.8509627963284186,False,2,2,True,False,False,35.0,26.79520412344519,12.443637581313178,0.6872245758320772,6.0,False,2,4,4,5,-8.380881335376644,101.66000366210938,94376840.26949005,32.48322147651007,False,0.0,0,,,,0.0,0,,,,False,False,False,False,0,,none,0,0,False,-1,0.625,mixed,4,False
AON,359.55999755859375,-3.9335506109833163,16.63801549707362,1.30539857256613,-16.33097976074629,0.0544566946409961,False,0.9198989283666085,4.219049263193488,6.4420403915695035,0.587480040764099,False,True,False,True,23,38.333333333333336,False,0.5057810982906404,1.371190005602802,True,3.090451411234718,True,-2.0832749855664634,True,2,1,0.5717922311162902,False,2.000973672438436,True,4,3,True,False,False,55.0,18.461380595636665,7.080882786052221,0.7642649839496943,5.0,False,3,4,3,6,-4.351993851023206,375.9200134277344,480161956.2590958,34.83221476510067,False,0.0,0,,,,0.0,0,,,,False,True,False,False,1,,power_play,6,6,True,0,0.75,mixed,4,False
AOS,60.25,-24.701696848424028,8.013627318977633,-16.800277799902318,-34.43665613321474,0.07701859746535482,False,1.006314266795442,3.9004124051802385,-15.96447540740601,-3.9381396247291645,False,True,False,True,21,35.0,False,0.35090455103615287,0.9071159646069502,False,0.8458645432197244,True,2.3789321362421845,True,2,0,0.5567958933557617,False,0.8954192443023711,False,7,0,False,False,False,45.0,14.099919900431862,6.141080104463822,0.6850394342747784,17.0,False,0,2,3,4,-4.440918748520328,63.04999923706055,99707962.56647186,19.12751677852349,False,0.0,0,,,,0.0,0,,,,False,False,False,False,0,,none,0,0,False,-2,0.5,mixed,4,False
APA,36.810001373291016,-15.93331028717213,110.92928031728837,97.37734868971242,79.7409703564,0.11758967811888968,True,0.8985376092706253,9.591130754081892,44.64032648066396,14.552171963572746,True,True,False,False,25,41.66666666666667,True,0.3723962283210954,1.1621760282729507,False,1.0979226213336264,True,5.250091539403168,False,0,1,0.5673579265839835,False,1.2446464116407105,True,3,2,True,False,False,35.0,17.9069764162391,12.369726766122104,0.7646583073113842,29.0,False,6,4,5,3,-4.214258140732829,38.42952057246053,170946378.99655533,88.45637583892618,True,0.0,0,,,,0.0,0,,,,False,False,False,False,0,,none,0,0,False,-1,0.625,mixed,4,False
APD,296.4200134277344,-5.655809820678758,31.011525480241843,2.388649039075763,-15.247729294236656,0.10785190109878198,False,0.8779805906471617,3.2892515883975557,14.838895414586052,-5.655809820678758,False,True,False,True,21,35.0,False,0.4859861073908574,1.325771915719442,True,1.2437292177981958,True,0.27062388328291664,True,2,0,0.3717980564033043,False,0.6370891723670425,False,5,2,True,False,False,25.0,14.745001718290323,5.667629388008411,0.6026073461199208,14.0,False,1,3,4,5,-5.859555364297719,314.8699951171875,393855263.5995636,35.97315436241611,False,0.0,0,,,,0.0,0,,,,False,False,False,False,0,,none,0,0,False,-1,0.625,mixed,4,False
APG,39.290000915527344,-20.46558764791797,16.795486410197434,13.260312686425602,-4.376065646886817,0.06772161442190092,False,0.9198903105102327,4.861287357866364,-6.07219891069104,-6.40781004297668,False,False,False,True,17,28.333333333333332,False,0.43923562175598335,1.2690553122723829,False,-2.044473518005264,True,-2.068788729946336,True,2,0,0.4557379597943485,False,0.7240169028119318,False,5,1,False,False,False,25.0,11.1729248099637,10.12980262024743,0.2012450792776451,20.0,False,0,1,1,3,-8.924428670819385,43.13999938964844,113913571.70516738,45.63758389261745,False,0.0,0,,,,0.0,0,,,,False,False,False,False,0,,none,0,0,False,-3,0.375,mixed,4,False
APGE,134.21499633789062,-0.05584701168491746,287.34484971854914,222.32228219305887,204.68590385974645,0.04054494175692438,True,0.1003709594605213,0.2905781025144175,91.68095226005842,0.9818618913734145,False,True,True,True,26,43.333333333333336,True,0.41687038229986584,0.12825649450422377,False,74.30458568219386,False,0.16044502827659013,True,3,1,0.4721102423197322,False,1.1932504859178703,False,1,0,False,False,False,25.0,34.97023400671069,0.6407634272004024,0.9960638810931074,2.0,True,11,2,5,6,-0.1376469992522722,134.39999389648438,255905704.44325942,96.3758389261745,True,0.0,0,,,,0.0,0,,,,False,True,False,False,1,,power_play,6,6,True,0,0.75,mixed,4,False
APH,153.8000030517578,-12.77223419747877,48.45014837743615,48.236977102725874,30.600598769413455,0.21486907778761025,True,0.9142844378978042,6.384910188932179,2.216352791864007,-6.555679887118893,False,True,False,True,24,40.0,True,0.3916358299444414,1.5380750613394683,False,0.48141390784055704,True,1.7195807910006966,True,2,0,0.432569769120029,False,1.050455163582246,False,5,2,True,False,False,25.0,18.19404560217042,9.51235669214461,0.23891647601016625,17.0,False,3,2,3,4,-13.847188342531602,178.52000427246094,1097197997.7333534,72.81879194630872,False,0.0,0,,,,0.0,0,,,,False,False,False,False,0,,none,0,0,False,-2,0.5,mixed,4,False
APLD,27.399999618530273,-44.8136983354398,173.1804620937269,144.64285790312047,127.00647956980805,0.22829801027765417,False,0.6788608453598305,16.003650693178535,-27.30166989416315,-17.12039177146988,True,False,False,False,16,26.666666666666668,False,0.4333526593559282,3.517325684820428,False,-4.701310750783743,True,6.242724489527252,False,0,0,0.44051671832565037,False,0.5637822262308421,False,7,2,True,False,False,,,,,,False,3,2,3,2,,,607359316.9058777,92.61744966442953,True,0.0,0,,,,0.0,0,,,,False,False,False,False,0,,none,0,0,False,-3,0.375,mixed,4,False
APO,119.4574966430664,-21.11900795402861,19.602446354701563,-19.963366480672295,-37.599744813984714,0.05377824134744249,False,0.8575189891392809,4.0600201832562,-11.634307273687517,0.7145232512888899,False,True,False,True,23,38.333333333333336,False,0.45220535473352796,1.441649005706344,True,-1.9768287911406481,True,-0.8404619966607241,True,2,1,0.4195339577450465,False,0.9271877289834384,False,2,1,False,False,False,25.0,19.544202203669368,7.006672123890781,0.19593857262550907,24.0,False,1,2,3,5,-15.714739120778065,141.72999572753906,575519134.6937004,16.57718120805369,False,0.0,0,,,,0.0,0,,,,False,False,False,False,0,,none,0,0,False,-1,0.625,mixed,4,False
APP,387.6549987792969,-47.15716852775643,7.699893357199805,7.699893357199805,-9.936484976112613,0.14266742449912012,False,0.7888275373899408,13.137968770209813,-26.07787444338777,-26.449550226736584,False,False,False,False,24,40.0,True,0.5418679460325377,3.448615522227896,True,-4.307597353854242,True,-8.688229383149427,False,0,0,0.31997870726227384,False,0.9744346453450465,False,5,1,False,False,False,25.0,32.86611642630841,29.260552045753496,0.0034571872866741645,15.0,False,1,1,1,1,-32.752492106437025,576.4600219726562,2520067552.972319,40.53691275167785,False,0.0,0,,,,0.0,0,,,,False,False,False,False,0,,none,0,0,False,-5,0.125,mixed,4,False
APPF,160.39999389648438,-50.07004081043288,11.901770611448036,-38.645144631355166,-56.28152296466759,0.4206633676608265,False,0.9461507490086298,15.642142950505775,-26.90151790986779,-6.14394404622386,False,False,False,False,26,43.333333333333336,True,0.44644218088256127,1.9799279574039368,True,-0.4788930156690619,True,-10.755022695464767,False,0,1,0.43514178203932435,False,1.078659033266635,False,2,0,False,False,False,25.0,22.60166367936048,17.855361894920975,0.4285369744276947,5.0,False,1,2,1,2,-12.916015109175028,184.19000244140625,61034212.9863617,7.919463087248323,False,0.0,0,,,,0.0,0,,,,False,False,False,False,0,,none,0,0,False,-4,0.25,mixed,4,False
APTV,56.61989974975586,-36.145369438401865,7.70382362267803,-19.642491505179073,-37.27886983849149,0.09683526958593983,False,0.6854366500186212,6.269879057982355,-25.958024263210213,-3.8548134885727503,False,True,False,True,23,38.333333333333336,False,0.40841694143316476,1.4171055541301416,False,-2.718141590189007,True,-1.4792090706290506,True,2,0,0.39041760767545525,False,0.6055440148190178,False,6,4,True,False,False,25.0,15.361214409309648,10.755935950971283,0.09602954162439654,23.0,False,0,2,3,4,-13.886084030789569,65.75,141764702.5036316,16.91275167785235,False,0.0,0,,,,0.0,0,,,,False,False,False,False,0,,none,0,0,False,-2,0.5,mixed,4,False
AR,35.76499938964844,-20.78627202448976,19.735515181747587,7.531573044287998,-10.10480528902442,0.10897332779824608,False,0.99510350874368,8.667698425057436,4.301541075355231,1.0881806385250936,True,False,False,False,20,33.33333333333333,False,0.5121250828841042,1.4018413358865658,True,0.49004729435841693,True,6.538575259989177,False,0,0,0.5188143999987779,False,0.9284670746413317,False,7,1,False,False,False,35.0,12.419351712722127,8.667698425057436,0.6893935703345292,34.0,False,1,2,3,4,-3.8575304942483735,37.20000076293945,146939112.76409188,40.40268456375839,False,0.0,0,,,,0.0,0,,,,False,False,False,False,0,,none,0,0,False,-2,0.5,mixed,4,False
ARCB,152.5,-11.961667864384406,156.32197822264442,82.24220545336766,64.60582712005524,0.21634445941743546,True,0.9039361195883947,7.564847352074795,70.40494841085942,9.185939714508674,True,True,False,True,29,48.333333333333336,True,0.45189423479899204,1.860745609352796,True,1.1839622009562292,True,-4.574180383122506,True,2,0,0.5527424168021009,False,0.8185095205272434,False,5,3,True,False,False,25.0,15.107512049861468,9.763934025998976,0.6179960121196614,3.0,False,8,3,6,5,-5.771129849997347,161.83999633789062,55415977.36399841,85.83892617449665,True,0.0,0,,,,0.0,0,,,,True,False,False,False,1,,sepa_vcp,6,6,True,0,0.75,mixed,4,False
ARCC,18.75,-10.583133427003466,10.196172593141117,-10.272520384331973,-27.90889871764439,0.1268654387983629,False,1.0366171584091535,3.4666646321614585,-4.9376177291961865,0.10678301255999667,False,True,False,True,25,41.66666666666667,True,0.4080119974200265,0.7042026710871379,False,0.8904951237380829,True,-2.190923706950465,True,2,1,0.37369151852591476,False,1.614196259670824,True,5,1,False,False,False,25.0,8.329025435623924,4.26666259765625,0.6397517367528172,5.0,False,3,3,3,6,-3.0005169477251292,19.329999923706055,86307114.53937149,23.288590604026847,False,0.0,0,,,,0.0,0,,,,False,True,False,False,1,,power_play,6,6,True,0,0.75,mixed,4,False
ARE,50.22999954223633,-39.062472811227444,25.931978428536407,-35.05196585361763,-52.68834418693005,0.07533590835561718,False,0.8076527356452887,4.081224877051387,-13.397292982424524,-4.469384189770809,False,True,False,True,22,36.666666666666664,False,0.49519051856943264,1.6814617347900618,True,0.28564180804908307,True,0.01990904279205452,True,2,0,0.4961520981868256,False,0.9828217474013052,False,4,2,True,False,False,65.0,29.87544608593907,7.684651892353389,0.6836874213867793,19.0,False,0,3,4,4,-9.449979388663643,55.47210172136373,80388735.64570656,9.463087248322148,False,0.0,0,,,,0.0,0,,,,False,False,False,False,0,,none,0,0,False,-2,0.5,mixed,4,False
ARES,122.62999725341797,-34.0327424717621,30.105389244240797,-30.262975556358697,-47.89935388967112,0.08995330614778144,False,0.8461725254030025,6.544070844183845,-19.4613516321126,4.901621602007067,False,True,False,True,22,36.666666666666664,False,0.4240909211901281,1.6678674727881284,False,-0.05579199389347787,True,-2.4268006399998487,True,2,1,0.4343337300750223,False,1.3006022073645818,True,5,1,False,False,False,25.0,19.471717403081072,8.53379806921503,0.6583268238894948,24.0,False,1,3,4,5,-6.6529635294369065,131.3699951171875,228873763.45010757,11.006711409395974,False,0.0,0,,,,0.0,0,,,,False,False,False,False,0,,none,0,0,False,-1,0.625,mixed,4,False
ARGX,914.4000244140625,-2.6902741846969502,54.527332866566795,54.527332866566795,36.89095453325437,0.35829085782453096,False,0.9229011833382081,9.905950860826632,12.232127473087262,-2.6902741846969502,False,False,False,False,25,41.66666666666667,True,0.5201545483322138,1.635289645034143,True,1.9054689301552625,True,6.2576302812114015,False,0,0,0.48430274130071227,False,0.9600961849014504,False,4,2,True,False,False,55.0,18.662306128830018,10.093501798547946,0.7798382342198109,15.0,False,5,3,3,6,-4.108726270853658,953.5800170898438,270507367.13688964,76.3758389261745,False,0.0,0,,,,0.0,0,,,,False,True,False,False,1,,power_play,6,6,True,0,0.75,mixed,4,False
ARI,6.760000228881836,-6.475645863543578,17.50078344917716,15.107697071948166,-2.5286812613642518,0.02439580204371764,False,1.1450973134536826,5.1775132068369984,8.350554552688138,0.9954969042552442,False,True,False,True,22,36.666666666666664,False,0.48861289916596967,1.1379644466287002,True,-1.0076207995179869,True,-3.1518594497203622,True,2,0,0.4192073977330656,False,0.8854721796770075,False,7,1,False,False,False,25.0,8.086301510245224,7.063547100379762,0.4077975096859538,6.0,False,1,1,2,5,-4.788727891797451,7.099999904632568,50504861.66395636,46.84563758389262,False,0.0,0,,,,0.0,0,,,,False,False,False,False,0,,none,0,0,False,-1,0.625,mixed,4,False
ARM,267.57000732421875,-39.11390967849461,155.92539408320948,67.24170144218871,49.60532310887629,0.18572970899944086,False,0.7194596409439544,9.952537337469408,130.52469029699688,-15.132577911634726,False,True,False,False,24,40.0,True,0.3764624670370226,3.04933401158734,False,-2.428704626112868,True,0.1422227176691715,True,1,0,0.4639329931618555,False,0.752668149068751,False,5,2,True,False,False,,,,,,False,5,2,2,3,,,1774095672.355922,82.21476510067114,True,0.0,0,,,,0.0,0,,,,False,False,False,False,0,,none,0,0,False,-3,0.375,mixed,4,False
ARMK,57.564998626708984,-1.006023875871398,61.10321448032128,34.16943098160068,16.53305264828826,0.07323640880875074,True,0.9640972080467743,3.3874764343947934,48.09669832800498,2.2650518572472356,False,False,False,True,29,48.333333333333336,True,0.40919518612856515,0.8609803708764536,False,2.5395968502588744,True,1.4539952834637937,True,2,1,0.4854128341447141,False,1.2983498187791247,True,4,1,False,False,False,45.0,13.326516111375117,6.114827658712848,0.8574166595933786,9.0,True,7,4,4,5,-1.900139183142524,58.68000030517578,146228191.3593788,64.496644295302,False,0.0,0,,,,0.0,0,,,,False,False,False,False,0,,none,0,0,False,-1,0.625,mixed,4,False
AROC,37.709999084472656,-10.1072743774837,75.05646575756553,66.32553397151648,48.689155638204056,0.1634331969768836,True,1.0018774094151004,7.955449676039026,37.15302021551814,2.5006744932072777,False,True,False,True,27,45.0,True,0.4964658189883836,2.226130913665867,True,0.3802098203538956,True,1.5347326445651177,True,2,0,0.42181066001704676,False,0.8445393266166444,False,3,2,True,False,False,25.0,16.978447186044225,9.387422929659246,0.36959531212424956,19.0,False,5,2,3,5,-10.70329269893312,42.22999954223633,76110240.77488041,81.74496644295301,True,0.0,0,,,,0.0,0,,,,False,False,False,False,0,,none,0,0,False,-1,0.625,mixed,4,False
ARR,16.2549991607666,-7.6161115626678155,33.095725821244,15.641171145059541,-1.995207188252877,0.18746313910661397,False,1.0992184858268854,4.921564023612872,-3.7919228935640037,-3.7580249161017987,False,True,False,True,24,40.0,True,0.4565067659169075,0.8939366362073095,True,-1.0184098892335443,True,-2.137275355448931,True,2,0,0.2634371020249936,False,0.7514853765967668,False,6,2,True,False,False,55.0,10.961280951204234,10.51984082702547,0.3028139449448133,7.0,False,2,2,2,5,-7.64205222472164,17.600000381469727,76321778.73956633,47.38255033557047,False,0.0,0,,,,0.0,0,,,,False,False,False,False,0,,none,0,0,False,-1,0.625,mixed,4,False
ARW,212.27999877929688,-9.602692533291002,108.38322671628609,66.95241543987824,49.316037106565815,0.06208874973361966,False,0.9099068516954205,7.9235007635863814,81.9646769377262,7.494431523169176,False,True,False,True,24,40.0,True,0.41275248922773305,1.484051781326665,False,-0.42122404563932336,True,2.7442999623423114,True,2,0,0.46928186057532006,False,0.6599620125410012,False,5,1,False,False,False,25.0,20.001685776960905,10.61334754458423,0.47229824294100214,23.0,False,6,1,2,6,-10.554924728644233,237.3300018310547,117770081.11636047,82.14765100671141,True,0.0,0,,,,0.0,0,,,,False,True,False,False,1,,power_play,6,6,True,0,0.75,mixed,4,False
ARWR,85.99500274658203,-3.049598979398571,447.56449006265893,428.8745481924001,411.2381698590877,0.10448389229639515,True,1.1769554054492466,28.47839651327055,28.25503181588229,2.3871948253464392,True,False,False,False,24,40.0,True,0.40845923663268174,2.232428252212121,False,1.6326382602676823,True,15.740241203862947,False,0,0,0.46135111270712664,False,0.5858219996934272,False,3,0,False,True,True,25.0,26.819563496993666,29.780800967960268,0.629246587626022,2.0,False,8,1,3,5,-9.943444684890979,95.48999786376953,253630816.29313278,98.99328859060402,True,0.0,0,,,,0.0,0,,,,False,False,False,False,0,,none,0,0,False,-1,0.625,mixed,4,False
AS,33.334999084472656,-20.555291201595118,12.84698053936253,-9.464966429213328,-27.10134476252575,0.07523133648062987,False,0.9677667225796173,11.699419927974485,-11.625137842847423,-4.893010527585162,False,False,False,False,22,36.666666666666664,False,0.4403216465588325,1.6733633259681568,True,-1.1111798760962621,True,-8.520855266883832,False,0,1,0.4824549513377011,False,1.7290741135225496,True,3,1,False,False,False,25.0,11.599299296284546,11.699419927974485,0.1491839750737597,23.0,False,0,2,1,3,-9.868869719194551,36.98500061035156,130654233.81141663,24.36241610738255,False,0.0,0,,,,0.0,0,,,,False,False,False,False,0,,none,0,0,False,-3,0.375,mixed,4,False
ASB,30.68000030517578,-3.430910094058637,33.682569599241255,25.80021180530274,8.163833471990323,0.3077951175625876,True,1.0569035922656067,4.954369109009574,18.11982381701409,0.13055129348618078,False,True,False,True,27,45.0,True,0.43098944246245013,0.9245725018052335,False,2.1412015751223135,True,-2.1059344103341093,True,2,1,0.6444206004590446,True,0.9194795691746794,False,3,2,True,False,False,55.0,15.71953269890293,6.22555354763112,0.7701622151784918,6.0,False,4,4,4,5,-3.6129425739451104,31.829999923706055,69084905.9467907,58.053691275167786,False,0.0,0,,,,0.0,0,,,,False,False,False,False,0,,none,0,0,False,-1,0.625,mixed,4,False
ASH,67.16000366210938,-2.3978984958971328,44.54225405593437,36.363915905369026,18.727537572056608,0.044968901025074226,True,0.8894408021269719,5.405009953655634,7.556255589545158,0.22384945694220448,True,True,False,True,22,36.666666666666664,False,0.3966363697833922,1.0958260753667581,False,2.479128198123771,True,-2.1561709509022253,True,2,1,0.4974257819923745,False,4.335939822798359,True,5,1,False,False,False,35.0,21.073791771644764,6.357957176333519,0.8297003202733693,2.0,False,5,2,4,6,-3.5888599893368123,69.66000366210938,58788146.31004868,66.04026845637584,False,0.0,0,,,,0.0,0,,,,False,True,False,False,1,,power_play,6,6,True,0,0.75,mixed,4,False
ASML,1763.75,-11.344395812558151,157.10513297768225,145.15524665914845,127.51886832583602,0.1650813167160342,True,0.8573570481889015,5.402127812721474,27.421366120893254,-0.3148071834460864,False,True,False,True,30,50.0,True,0.430998611882514,1.6838940153967605,False,0.3056676926156644,True,0.9252820673119722,True,2,0,0.4121740436684715,False,0.8299197089085295,False,3,1,False,False,False,65.0,31.758130900081493,8.507437378189229,0.6281036018963904,17.0,False,6,2,5,5,-11.810734492243258,1999.9599609375,3544887927.155505,92.68456375838926,True,0.0,0,,,,0.0,0,,,,False,False,False,False,0,,none,0,0,False,-1,0.625,mixed,4,False
ASND,254.55999755859375,-8.160760413774238,55.86577647724915,51.244727735186245,33.608349401873824,0.08419086373772904,True,0.8728997767375348,5.212918133143246,8.143930591211145,-7.26411746499317,False,True,False,True,22,36.666666666666664,False,0.39947915019421565,1.6405401960758945,False,1.383845458591634,True,-2.4674338855962596,True,2,0,0.4203383775495116,False,0.6108142100857693,False,4,2,True,False,False,35.0,27.76891459847833,7.3774291721483465,0.647862162580615,11.0,False,3,3,5,5,-9.77848553419175,282.1499938964844,195375544.00732118,74.63087248322148,False,0.0,0,,,,0.0,0,,,,False,False,False,False,0,,none,0,0,False,-1,0.625,mixed,4,False
ASO,46.8849983215332,-22.927835504079162,13.285433252489032,-14.89797378089891,-32.53435211421133,0.14730404668248107,False,0.7966087551695112,6.9958466704001365,-17.00025162037172,-1.9962412792823292,False,True,False,True,25,41.66666666666667,True,0.3742280735600413,1.4999013640111596,False,-1.5692421563087982,True,-3.1101489710644303,True,2,1,0.36701486164701735,False,1.2458909972920653,True,3,2,True,False,False,25.0,18.599884628666096,9.661936528674996,0.3168165943566907,23.0,False,1,3,2,4,-12.70713252518474,53.709999084472656,65704632.91568222,20.604026845637584,False,0.0,0,,,,0.0,0,,,,False,False,False,False,0,,none,0,0,False,-2,0.5,mixed,4,False
ASTS,56.279998779296875,-57.71282566090656,52.47900030333612,-6.29371046880316,-23.930088802115577,0.18761370420935025,False,0.6059245986321129,15.744844736124344,-50.44466062293935,-33.88934500754112,False,True,True,False,21,35.0,False,0.5073528757535427,4.612851212904306,True,-5.062841888265813,True,-2.6297586121576733,True,2,0,0.3038432959501727,False,0.6692704883216224,False,6,3,True,False,False,,,,,,False,0,2,2,3,,,1231855773.3207135,27.31543624161074,False,0.0,0,,,,0.0,0,,,,False,False,False,False,0,,none,0,0,False,-3,0.375,mixed,4,False
ASX,36.369998931884766,-18.581856165999067,286.69331640145026,247.5483966921181,229.91201835880568,0.18642992391578633,False,1.0291521979079667,12.62029223917282,89.45780484002648,-12.262080649473095,False,True,False,False,27,45.0,True,0.4286812393727548,2.380821595621811,False,-0.7231523495628732,True,-5.311119301305567,False,0,0,0.37768769458262125,False,0.755414939076211,False,6,2,True,False,False,25.0,19.99116223889611,16.11218251979169,0.01657433412451426,14.0,False,6,2,2,3,-19.659822036411267,45.27000045776367,421048229.3467941,96.64429530201343,True,0.0,0,,,,0.0,0,,,,False,False,False,False,0,,none,0,0,False,-3,0.375,mixed,4,False
ATAI,7.179999828338623,-0.5540161082465245,116.91842756677775,91.97860454625982,74.3422262129474,0.057604040517500045,False,1.1211515689275413,1.532035322344251,73.01204008051769,38.34296241191031,False,True,False,True,26,43.333333333333336,True,0.5231466066163252,3.9350882960340257,True,5.928875043411057,False,-0.5540161082465245,True,2,1,0.5946539207416992,False,5.440498305316606,True,3,2,True,True,True,,,,,,False,9,2,2,4,,,141547711.6602877,87.51677852348993,True,0.0,0,,,,0.0,0,,,,False,False,False,False,0,,none,0,0,False,-2,0.5,mixed,4,False
ATI,200.55999755859375,-1.7296285181232607,181.1326154387127,115.03163372688205,97.39525539356963,0.15447949727053448,True,1.068793564551443,10.06177770676892,62.33103407903175,6.624131340123984,False,True,False,False,31,51.66666666666667,True,0.39254527338593076,1.5573871463357911,False,2.0582109413235576,True,7.729494296170003,False,0,0,0.5468015554641963,False,0.7653671220026969,False,4,1,False,False,False,35.0,14.441573352034412,13.61183514786327,0.839797606145099,23.0,True,9,3,5,5,-2.313574622027059,205.30999755859375,288913955.01671755,90.46979865771813,True,0.0,0,,,,0.0,0,,,,False,False,False,False,0,,none,0,0,False,-1,0.625,mixed,4,False
ATO,179.75,-5.992701007194611,18.803483192923487,16.520965541430833,-1.1154127918815853,0.1128173909289122,False,1.0986062456610801,2.954110051395167,9.93774009604822,1.6283173869622747,False,True,False,True,25,41.66666666666667,True,0.5685792844554302,0.9229581716325496,True,1.7993885966595276,True,1.1650199288312457,True,2,1,0.4996933649632904,False,1.3917454683599262,True,5,0,False,False,False,35.0,8.342976408114545,3.7941626282162724,0.8863935739733828,5.0,True,3,4,4,6,-0.9478157321502811,181.47000122070312,193977770.72097015,48.25503355704698,False,0.0,0,,,,0.0,0,,,,False,True,False,False,1,,power_play,6,6,True,0,0.75,mixed,4,False
ATR,130.8800048828125,-18.1847274314483,16.91978026471832,-18.1847274314483,-35.821105764760716,0.06902389658604224,False,1.0249556142045038,3.4077067141467436,4.686400693731008,3.0713509393413885,False,True,False,True,29,48.333333333333336,True,0.35407993531316523,0.8385023569057823,False,3.038820145384927,True,-1.3045741041976977,True,2,0,0.40151867613682474,False,0.7541128654375063,False,3,1,False,False,False,35.0,18.80717021305581,9.359712647912783,0.7754867821466209,5.0,False,2,2,3,5,-4.222458303249377,136.64999389648438,54959739.722465515,17.91946308724832,False,0.0,0,,,,0.0,0,,,,False,False,False,False,0,,none,0,0,False,-1,0.625,mixed,4,False
ATRO,70.44499969482422,-19.16810274076036,194.12722973774726,155.84807334980496,138.21169501649254,0.0741031265618926,False,0.7274745018002827,8.375319642336322,15.624293460399375,-0.5435579927680734,False,True,False,False,24,40.0,True,0.4212312739851792,2.321557200368218,False,-0.4269838847163027,True,4.735351557293677,True,1,0,0.3721275622128605,False,0.4563991140840149,False,5,1,False,False,False,25.0,27.614968060080276,14.181273201855834,0.25408157037228957,20.0,False,4,1,2,3,-20.59851360959446,88.72000122070312,51358174.21962623,93.4228187919463,True,0.0,0,,,,0.0,0,,,,False,False,False,False,0,,none,0,0,False,-3,0.375,mixed,4,False
AU,79.45500183105469,-36.24289826034393,81.28393364421957,65.96162540411443,48.32524707080201,0.18807250275292164,False,0.7390518362782834,9.65326032620834,-23.042670742159043,-6.137034378240413,True,True,False,False,25,41.66666666666667,True,0.3171087143763153,1.008276581232333,False,-2.0687138655994537,True,3.5109427043022334,True,1,0,0.4748170971447994,False,0.8069645355613024,False,3,2,True,False,False,25.0,20.537145791766566,10.37065672804942,0.25402196093212415,24.0,False,2,2,3,4,-15.320259745793097,93.83000183105469,236856942.26561776,81.61073825503355,True,0.0,0,,,,0.0,0,,,,False,False,False,False,0,,none,0,0,False,-2,0.5,mixed,4,False
AUB,42.29999923706055,-2.1965335559293697,40.85408937592811,33.234587119873126,15.598208786560708,0.0701602539237082,True,1.0000577604839476,4.160761626417401,10.922172158529197,0.09465432351178915,False,False,False,True,24,40.0,True,0.49485867945892453,1.1052319557112802,True,2.711571505340727,True,-0.8206383969435183,True,2,1,0.5202809169414123,False,2.1016378084386,True,4,1,False,False,False,55.0,18.415882768462772,5.957447998145137,0.8356780278700864,16.0,False,6,3,3,5,-3.0261341750270954,43.619998931884766,60654439.08318863,63.624161073825505,False,0.0,0,,,,0.0,0,,,,False,False,False,False,0,,none,0,0,False,-1,0.625,mixed,4,False
AUGO,54.845001220703125,-49.22443170962367,138.53248635562446,127.67265549725337,110.03627716394095,0.06816375180715248,False,0.9593657967472037,15.603978997986268,-18.228246288380678,-16.216006740347556,False,True,False,False,19,31.666666666666664,False,0.45870716543052337,2.946265648324244,True,-2.19184051431727,True,9.209478071643984,False,0,1,0.4400501855796824,False,1.2565211428924612,True,4,1,False,False,False,25.0,29.34862854317832,21.004649833821233,0.3404309116570901,14.0,False,3,2,2,2,-19.35744817233883,68.01000213623047,62800894.865159035,91.6778523489933,True,0.0,0,,,,0.0,0,,,,False,False,False,False,0,,none,0,0,False,-4,0.25,mixed,4,False
AUR,5.857500076293945,-30.26785306784553,55.371355594925184,-10.161041511819525,-27.79741984513194,0.27795070076644546,False,0.8572887831950571,18.437898585387185,27.893016896693744,-11.651584084657507,False,False,False,False,21,35.0,False,0.41921793534523877,3.0509512628479096,False,-1.9686771027990384,True,-3.3415819867601337,True,1,2,0.5600071606825803,False,1.9435976539252506,True,2,2,True,False,False,25.0,25.45691707714503,18.437898585387185,0.07564105260223512,16.0,False,0,4,3,4,-23.53132907342197,7.659999847412109,139885040.58573294,23.48993288590604,False,0.0,0,,,,0.0,0,,,,False,False,False,False,0,,none,0,0,False,-2,0.5,mixed,4,False
AVAV,150.52000427246094,-63.2725741882922,10.125850408486325,-44.498525996541794,-62.13490432985421,0.12581363958178313,False,0.7783613162416682,14.808668557153398,-51.09016920472431,-21.14830281642124,False,True,False,False,20,33.33333333333333,False,0.4743348673379668,3.2661849736806685,True,-1.6777815370183353,True,5.850919481557404,False,0,1,0.34108473144343343,False,0.7489777590081893,False,2,3,True,False,False,25.0,32.528199593911225,15.41323165673524,0.23504150750637284,15.0,False,0,3,3,2,-24.882722524890145,200.3800048828125,380530874.32209015,5.570469798657718,False,0.0,0,,,,0.0,0,,,,False,False,False,False,0,,none,0,0,False,-3,0.375,mixed,4,False
AVB,189.92999267578125,-2.849108605738493,20.537851140365504,-2.042059440779853,-19.67843777409227,0.16467697707579249,False,1.0114110638067864,1.9586170505746971,8.428109098055291,-2.0777551549743367,False,True,False,True,28,46.666666666666664,True,0.5213886384811788,0.9593833337669113,True,1.0182235461686648,True,-1.350442071365765,True,2,1,0.3115313755850222,False,1.413986014758334,True,4,2,True,False,False,65.0,15.12974273424923,4.054123753580308,0.7105034014412939,13.0,False,3,4,4,5,-4.3800090586334495,198.6300048828125,167293749.56494445,31.476510067114095,False,0.0,0,,,,0.0,0,,,,False,False,False,False,0,,none,0,0,False,-1,0.625,mixed,4,False
AVGO,381.3900146484375,-20.67744701399561,33.10159584891834,33.06933956980445,15.43296123649203,0.12785689229066116,False,0.8208990614275945,5.93355987667183,19.604728073019693,5.809405391108435,False,True,False,True,23,38.333333333333336,False,0.3747314517600207,1.2938912725851455,False,-1.1547970115274175,True,2.847673720721078,True,2,0,0.43497083221266974,False,0.7101248945827465,False,4,3,True,False,False,25.0,14.038688963005901,10.802593309898036,0.42879251934282114,23.0,False,2,2,2,5,-8.019004154288345,414.6400146484375,8227575536.877185,63.42281879194631,False,0.0,0,,,,0.0,0,,,,False,False,False,False,0,,none,0,0,False,-1,0.625,mixed,4,False
AVT,88.69000244140625,-4.562571666679938,103.22601510946794,70.16300685949446,52.52662852618204,0.05562216233167144,True,0.9034770694893908,7.531852656773773,76.10978190901834,7.921638004448228,False,True,False,True,26,43.333333333333336,True,0.488516305130998,1.6109366685359283,True,0.5430748250726488,True,3.549329668848644,True,2,1,0.40830364125203217,False,1.3494954093196794,True,4,2,True,False,False,25.0,14.18014898114452,9.944750763369548,0.6465258033622336,23.0,False,9,4,4,6,-5.012316769313896,93.37000274658203,87827259.52037315,83.08724832214766,True,0.0,0,,,,0.0,0,,,,False,True,False,False,1,,power_play,6,6,True,0,0.75,mixed,4,False
AVTR,11.345000267028809,-27.275641092260283,53.103920386597196,-19.022126469056644,-36.658504802369066,0.24372582152453143,False,1.1724694134482394,13.750554278525854,-3.855931494503806,9.93217638096111,False,False,False,False,23,38.333333333333336,False,0.49365404773053434,2.3291745672999435,True,3.3254583992146043,True,2.48419674603213,True,1,2,0.5045426852371252,False,1.3972173112002144,True,1,0,False,False,False,25.0,22.12766282101895,13.750554278525854,0.844230894788464,1.0,False,1,3,2,3,-3.446806238052691,11.75,96998408.7428383,17.315436241610737,False,0.0,0,,,,0.0,0,,,,False,False,False,False,0,,none,0,0,False,-3,0.375,mixed,4,False
AVY,157.57000732421875,-19.288119656549785,2.9802058565390643,-9.703091157266808,-27.339469490579226,0.11455974575068811,False,1.0813267297641802,4.950182578660666,-14.973265158299952,-5.629750151381585,False,False,False,True,21,35.0,False,0.45269096601084785,1.1606230555048438,True,-0.3186107839259337,True,-1.7704608646932352,True,2,0,0.3671579852650111,False,0.5437423727261279,False,5,3,True,False,False,45.0,10.168312108037718,6.949290118208401,0.3413792483075891,13.0,False,0,2,2,4,-6.697061364038848,168.8800048828125,108232201.25732422,23.95973154362416,False,0.0,0,,,,0.0,0,,,,False,False,False,False,0,,none,0,0,False,-2,0.5,mixed,4,False
AWI,159.24000549316406,-21.370123480956394,5.157507227847802,-4.303114738569624,-21.93949307188204,0.08168308600407366,False,0.9347253852801503,5.3567029288077475,-14.623331840298448,0.42886474838588207,False,False,False,True,22,36.666666666666664,False,0.4754662771834018,1.112785467081224,True,0.7035882418072889,True,2.096559753073124,True,2,1,0.4367574006718001,False,1.376350657642702,True,3,1,False,False,False,35.0,8.10810508206148,7.045968873182929,0.6757172266736632,20.0,True,1,4,3,4,-2.629318802432268,163.5399932861328,72981292.72809906,28.79194630872483,False,0.0,0,,,,0.0,0,,,,False,False,False,False,0,,none,0,0,False,-2,0.5,mixed,4,False
AWK,135.75999450683594,-5.237921629813247,12.077930805868275,-0.8363716044032854,-18.472749937715705,0.09841688343234199,False,1.0406156389077208,3.723488611599625,6.1276567573701035,-0.8037455053411913,False,True,False,True,22,36.666666666666664,False,0.39896076155825905,1.0270319547877653,False,2.4563926139254555,True,0.4810849630286995,True,2,0,0.5114199717785368,False,1.174594632433713,False,4,1,False,False,False,45.0,12.89553439549587,6.489391510803383,0.8509801742579505,13.0,True,2,3,4,6,-1.9216902884674036,138.4199981689453,268434084.46045226,32.348993288590606,False,0.0,0,,,,0.0,0,,,,False,True,False,False,1,,power_play,6,6,True,0,0.75,mixed,4,False
AXGN,39.79999923706055,-13.834162328711297,217.13146320462377,201.28689721520604,183.65051888189362,0.0707969889696287,False,0.8813863399492958,6.25627615955058,21.2305726995506,-13.270865621239547,False,True,False,True,22,36.666666666666664,False,0.4180982262167297,2.2330760310818634,False,-1.1934265883710464,True,-0.1254686047052589,True,2,1,0.5217451979326188,False,1.0929306805397514,False,2,2,True,False,False,25.0,18.57295224494727,8.266334117071528,0.18004581135799705,16.0,False,3,3,2,3,-15.228969988692409,46.95000076293945,58709770.58294048,95.36912751677852,True,0.0,0,,,,0.0,0,,,,False,False,False,False,0,,none,0,0,False,-3,0.375,mixed,4,False
AXON,490.9599914550781,-43.630663746221785,41.9205607880617,-30.77856009147959,-48.41493842479201,0.0937452512225058,False,0.965959212168174,9.691220856678957,-19.926936796551274,-17.767652163387837,False,True,False,False,23,38.333333333333336,False,0.5312663199931018,3.0335848587795256,True,0.45064149084050914,True,-3.786158064285583,True,1,1,0.3573928789626299,False,1.5345105829706511,True,3,3,True,False,False,25.0,39.55523545297589,18.78971843033379,0.3381609038594811,13.0,False,0,3,2,2,-26.179201279822973,665.0700073242188,550408883.9002991,10.805369127516778,False,0.0,0,,,,0.0,0,,,,False,False,False,False,0,,none,0,0,False,-4,0.25,mixed,4,False
AXP,319.6099853515625,-16.28459232285161,10.000357110597147,4.794384779339511,-12.841993553972907,0.7833928685743551,False,1.2230500811941205,12.255556680142615,-11.112269161355858,-9.191387342002644,False,False,False,False,24,40.0,True,0.41199102418499545,1.0448252887631657,False,-1.1080934904022173,True,-10.05769526891237,False,0,0,0.40478695264824865,False,0.5142941210297493,False,7,0,False,False,False,45.0,17.60452311614398,14.051502055766363,0.3190886277653129,6.0,False,1,1,1,2,-11.987119992550866,363.1400146484375,1063356470.8945404,38.45637583892618,False,0.0,0,,,,0.0,0,,,,False,False,False,False,0,,none,0,0,False,-4,0.25,mixed,4,False
AXS,116.80500030517578,0.0,33.47739312429305,22.791419250335345,5.1550409170229265,0.06276355367499964,True,0.9266541014614871,4.2720755538993975,15.404921448958886,3.038990540116182,False,True,False,True,27,45.0,True,0.47050502583599957,1.0312491585121557,True,5.316310015103351,False,1.7642459900811147,True,2,1,0.5831570803514241,False,1.7449073220686124,True,6,0,False,False,False,35.0,19.12532304916169,6.883267749258402,0.9966449838181382,0.0,True,6,2,4,5,-0.06416576831327347,116.87999725341797,75142767.14642791,54.76510067114094,False,0.0,0,,,,0.0,0,,,,False,False,False,False,0,,none,0,0,False,-1,0.625,mixed,4,False
AXSM,240.60000610351562,-5.709915809061162,139.66531284621638,129.20834839055172,111.5719700572393,0.07577727387251197,True,1.0820738114197788,9.721529009265751,29.382661549223265,-1.5185589996939641,False,True,False,False,23,38.333333333333336,False,0.40994641473679666,1.7908696849877992,False,0.21677425721928378,True,4.6086983058763575,True,1,1,0.5844617281257554,False,1.638449043786015,True,3,3,True,False,False,65.0,30.819786190464686,9.721529009265751,0.7557052532551701,24.0,False,6,4,4,6,-7.529111862129378,260.19000244140625,270185563.7197334,91.74496644295303,True,0.0,0,,,,0.0,0,,,,False,True,False,False,1,,power_play,6,6,True,0,0.75,mixed,4,False
AXTI,48.18000030517578,-65.78853960182829,2409.3750719834757,1932.9115034455008,1915.2751251121883,0.19816461326871593,False,0.5858559908470312,24.346200639139933,176.89655954857662,-14.906391356281212,False,True,True,False,22,36.666666666666664,False,0.458553331237694,5.386401498408916,True,-5.0794032196333925,True,5.058874103679245,False,1,0,0.41925853179341155,False,1.1549799833617953,False,4,2,True,False,False,,,,,,False,6,2,2,3,,,472151757.9834274,99.93288590604027,True,0.0,0,,,,0.0,0,,,,False,False,False,False,0,,none,0,0,False,-3,0.375,mixed,4,False
AYI,325.9800109863281,-13.404201330507803,26.615472276428843,9.955977310702234,-7.680401022610184,0.0571531320941314,False,0.8454234204518585,4.3438257515437835,3.6045296628552936,-9.154483795733448,False,True,False,True,25,41.66666666666667,True,0.44233729572729436,1.5858823266930313,True,0.9740894184872736,True,-2.319306666086285,True,2,0,0.41198180649601934,False,0.6808362278512359,False,4,2,True,False,False,25.0,21.143534424352165,5.116850668004653,0.3445133546472557,17.0,False,1,2,3,4,-13.859304450718868,378.4274191283199,124936818.1991516,42.281879194630875,False,0.0,0,,,,0.0,0,,,,False,False,False,False,0,,none,0,0,False,-2,0.5,mixed,4,False
AZN,168.9199981689453,-19.029813957162457,19.635258785680087,16.631374559024238,-1.0050037742881806,0.20130740883239456,False,1.1067611899829706,4.043335250467894,-8.186630676713358,-13.440941095520886,False,True,False,True,24,40.0,True,0.5281215631873812,1.2236899954053728,True,-2.334559663161897,True,0.011843856236715133,True,2,1,0.48020797296002665,False,1.6073060703145359,True,5,2,True,False,False,25.0,16.470650934444464,4.043335250467894,0.1502318297808112,15.0,False,1,3,3,3,-13.996234906881844,196.41000366210938,473089735.9676529,48.322147651006716,False,0.0,0,,,,0.0,0,,,,False,False,False,False,0,,none,0,0,False,-3,0.375,mixed,4,False
AZO,2930.85009765625,-32.69438169439268,0.25141432037796285,-23.705581214206696,-41.34195954751911,0.06570438799076213,False,0.8925994032483393,7.901805966665562,-20.787835198479733,-7.230442680684568,False,True,False,True,20,33.33333333333333,False,0.4545246101085391,1.4790348151968846,True,-2.0004365140111187,True,-3.7942597252267896,True,2,0,0.3299458673040276,False,1.0792762702604262,False,5,3,True,False,False,25.0,10.402142314948607,7.901805966665562,0.08503042519922382,16.0,False,0,2,2,4,-9.517643730925684,3239.139892578125,882868965.4908203,14.630872483221477,False,0.0,0,,,,0.0,0,,,,False,False,False,False,0,,none,0,0,False,-2,0.5,mixed,4,False
AZZ,152.59500122070312,-4.569850993720326,57.025516320981936,40.60700731579318,22.970628982480765,0.08314867096361796,True,1.008771607758587,5.662046148649473,24.04508034707684,1.8935213412148988,False,True,False,True,25,41.66666666666667,True,0.4221205038372834,1.5716109027570306,False,1.1918912793236607,True,3.65803563700855,True,2,1,0.6052804154540595,True,0.8096772039551011,False,3,1,False,False,False,35.0,17.330451532760723,6.730226371451091,0.6673948153475052,20.0,False,6,3,4,6,-5.764198032164991,161.92890391359703,54317558.7142273,69.66442953020135,False,0.0,0,,,,0.0,0,,,,False,True,False,False,1,,power_play,6,6,True,0,0.75,mixed,4,False
B,37.125,-29.039072967194024,79.96718016844851,76.29094892938542,58.654570596073,0.17101464728693297,False,0.7894813332283729,8.67339368621107,-26.399574071609212,-2.839568464982156,True,True,False,False,28,46.666666666666664,True,0.3905773670270296,1.0808026746232922,False,-1.5254066470000867,True,6.283995635977635,False,0,0,0.5286793595885328,False,0.7601600471449611,False,5,1,False,False,False,25.0,19.398394610633446,10.478112834069865,0.3778999142974252,24.0,False,4,1,3,5,-12.067742949767435,42.220001220703125,297767123.23583335,84.42953020134229,True,0.0,0,,,,0.0,0,,,,False,False,False,False,0,,none,0,0,False,-1,0.625,mixed,4,False
BA,208.9550018310547,-17.130673452707924,16.65643564491386,-9.64889610808186,-27.28527444139428,0.1438439929077822,False,0.832828653382171,6.14007882971285,-17.130673452707924,-7.742065096395001,False,False,False,True,22,36.666666666666664,False,0.49926982425312344,1.3524940115979691,True,-1.9164349947195265,True,-2.3711615087543936,True,2,0,0.29297654888305785,False,0.5894142064682457,False,7,1,False,False,False,25.0,14.140139142322136,8.66215498308575,0.15053626143329915,13.0,False,0,1,1,3,-12.011535459690304,237.47999572753906,1158738495.7920532,24.22818791946309,False,0.0,0,,,,0.0,0,,,,False,False,False,False,0,,none,0,0,False,-3,0.375,mixed,4,False
BA-PA,65.48999786376953,-15.931508101034918,12.808833039896573,-7.176762531005398,-24.813140864317816,0.004463723273289317,False,0.8347392442590315,3.9853365105974494,-15.931508101034918,-5.688370447523738,False,False,False,True,22,36.666666666666664,False,0.5548580608468715,1.10917863630025,True,-1.949665686811263,True,-1.7993770186034097,True,2,0,0.3838477279952603,False,0.4420963575137733,False,7,2,True,False,False,25.0,11.461077225627356,7.817986103061485,0.20338944695653138,13.0,False,0,2,2,4,-9.130015067180908,72.06999969482422,88263009.05335426,26.711409395973156,False,0.0,0,,,,0.0,0,,,,False,False,False,False,0,,none,0,0,False,-2,0.5,mixed,4,False
BABA,111.88999938964844,-40.362524574722,18.014979718250746,-6.79522194820229,-24.431600281514708,0.14329061627654244,False,1.0275875859142096,9.108327038577094,-34.81637294361716,16.38235916370916,False,True,False,False,18,30.0,False,0.3727349589992774,1.0520988681990149,False,-0.8946600468059379,True,-2.6789612928177164,True,1,2,0.3499543699110047,False,1.7391413235406163,True,2,2,True,True,True,25.0,24.508641147614178,9.49593355792169,0.6663317550848571,4.0,False,1,5,4,5,-8.177755276979482,121.8550033569336,1418818026.1641488,27.046979865771814,False,0.0,0,,,,0.0,0,,,,False,False,False,False,0,,none,0,0,False,-1,0.625,mixed,4,False
BAC,61.84000015258789,0.0,40.66584788672167,30.57882454300993,12.942446209697511,0.21210380319010022,True,1.0497966640855865,2.9754206792492868,20.867582659530658,5.29542079787515,False,False,False,True,32,53.333333333333336,True,0.4204880304921352,0.8471850498063319,False,4.867522708090103,False,0.9303079656693525,True,2,1,0.581336842403899,False,1.2460997703008478,True,5,0,False,False,False,45.0,19.141946704342935,5.578914544674491,0.976452836699782,5.0,True,7,3,4,4,-0.45073854493122845,62.119998931884766,2039039535.7991378,61.20805369127517,False,0.0,0,,,,0.0,0,,,,False,False,False,False,0,,none,0,0,False,-2,0.5,mixed,4,False
BAH,75.31999969482422,-32.80932736387998,26.143026042033355,-32.80932736387998,-50.445705697192395,0.56106337740719,False,0.965264128143521,17.04726020965844,-25.20190125433236,20.60848482730906,False,False,False,False,21,35.0,False,0.37749533205218444,1.640880849425509,False,1.6967646718941616,True,15.503758246116718,False,0,0,0.5608507880072281,False,1.00565157915745,False,3,0,False,False,False,35.0,26.839092226866253,17.8836928579163,0.7247709334713894,34.0,False,1,1,1,2,-7.386898300075684,81.32758574361166,153332579.6248436,10.201342281879194,False,0.0,0,,,,0.0,0,,,,False,False,False,False,0,,none,0,0,False,-4,0.25,mixed,4,False
BALL,62.845001220703125,-6.634846816437589,36.868615453993044,8.16452255082083,-9.471855782491588,0.08442182385257417,False,1.0322619147434662,2.768719300929197,10.293287687208718,-0.85975417919677,False,True,False,True,19,31.666666666666664,False,0.4875112065943509,1.1566052236696118,True,2.9426762440956615,True,0.2152800800532928,True,2,0,0.5090536751835263,False,1.1656012705509964,False,4,0,False,False,False,35.0,18.964446570859785,6.396696943871841,0.895147932409608,5.0,True,2,3,4,6,-1.9884614336621698,64.12000274658203,121266250.55095387,41.07382550335571,False,0.0,0,,,,0.0,0,,,,False,True,False,False,1,,power_play,6,6,True,0,0.75,mixed,4,False
BAM,45.77000045776367,-24.887495552877702,7.869529478684845,-24.887495552877702,-42.52387388619012,0.08609322115256951,False,0.914713904273814,6.663751816815189,-8.847026465085229,-0.21800409079927308,False,False,False,True,22,36.666666666666664,False,0.46338576337210735,1.1550361304306576,True,-0.990104667729234,True,-5.296919669566558,False,1,0,0.4482508391771332,False,1.0208498589613888,False,5,1,False,False,False,25.0,12.033488378679005,9.176317939553426,0.36295068904366534,6.0,False,0,1,1,3,-7.665925480038515,49.56999969482422,107086932.74686661,13.691275167785236,False,0.0,0,,,,0.0,0,,,,False,False,False,False,0,,none,0,0,False,-3,0.375,mixed,4,False
BANC,21.350000381469727,-2.1988068892069834,54.47386069040068,49.92116566594653,32.28478733263411,0.11757996875530877,True,1.10162856827986,5.433254457545145,8.596800815411076,5.172419624983293,False,False,False,True,25,41.66666666666667,True,0.4729994682354737,1.1994328548124604,True,2.916082140286112,True,0.6600721501188733,True,2,1,0.5971269678993344,False,0.8997348550626987,False,2,1,False,False,False,55.0,17.502415985767005,7.728335311704983,0.8488906640535848,3.0,True,6,4,4,5,-2.644778457067176,21.93000030517578,57582468.793019295,73.69127516778524,False,0.0,0,,,,0.0,0,,,,False,False,False,False,0,,none,0,0,False,-1,0.625,mixed,4,False
BAND,57.470001220703125,-26.73381000512777,348.283951550368,279.5904882264373,261.9541098931249,0.1212508723760808,False,1.1393876205162963,31.41465194190456,296.6183721772984,-6.704541161884981,False,True,False,False,33,55.00000000000001,True,0.5471534617698686,4.953275535699466,True,-0.7785396390333564,True,-19.969359177585023,False,0,1,0.32630926940976035,False,1.964992820570114,True,3,1,False,False,False,25.0,39.11229083081481,35.764747551610924,0.301325561036759,11.0,False,7,2,2,4,-27.326757852786653,79.08000183105469,78231309.17508736,97.51677852348993,True,0.0,0,,,,0.0,0,,,,False,False,False,False,0,,none,0,0,False,-2,0.5,mixed,4,False
BAP,386.2200012207031,-3.6401278477984467,72.11709148231907,70.57825452445272,52.941876191140295,0.09507007581973939,True,0.7644212467243763,3.2520318779183093,17.467302531982764,-1.275527298220347,True,False,False,True,28,46.666666666666664,True,0.38892774399870556,1.0253867544767479,False,2.1854803106221046,True,-1.1162848843909723,True,2,1,0.3619630249688318,False,1.3963630847412634,True,4,0,False,False,False,35.0,25.861639213961602,6.693070142466724,0.8362417203138249,9.0,False,6,3,5,4,-4.235057547542875,403.29998779296875,110856683.43746185,83.28859060402685,True,0.0,0,,,,0.0,0,,,,False,False,False,False,0,,none,0,0,False,-1,0.625,mixed,4,False
BAX,22.405000686645508,-22.666104789258778,41.87749846834588,-21.456509786382107,-39.09288811969452,0.10480127981909529,False,1.082911369441958,5.177414915695704,13.042636843186628,-1.0816730066711688,False,True,False,True,29,48.333333333333336,True,0.5028662024928993,1.6221206787229059,True,2.3798308618440402,True,-0.9066780989479439,True,2,0,0.5541451559429846,False,0.9454779382235338,False,5,3,True,False,False,25.0,18.093627894689252,11.381384328992558,0.6958044989429552,5.0,False,2,3,3,5,-5.504000203364723,23.709999084472656,123792039.64767933,15.436241610738255,False,0.0,0,,,,0.0,0,,,,False,False,False,False,0,,none,0,0,False,-1,0.625,mixed,4,False
BB,8.475000381469727,-33.840748603790324,169.0476230122514,114.01515908660156,96.37878075328913,0.1074819340557879,False,0.7982339543481735,10.26548491326684,121.85865260671088,-26.368373475757533,False,True,False,False,27,45.0,True,0.4197386917352893,3.884610600321438,False,-1.3281310713471826,True,-5.728580675863382,False,0,1,0.40131353823477617,False,1.9253359974639181,True,6,3,True,False,False,25.0,39.58793270076914,35.98820122065806,0.04925656834308309,16.0,False,6,3,2,3,-37.637966988132334,13.59000015258789,302307083.6789508,90.26845637583892,True,0.0,0,,,,0.0,0,,,,False,False,False,False,0,,none,0,0,False,-3,0.375,mixed,4,False
BBIO,83.5199966430664,-7.374960253874308,86.38695399114285,82.917207451108,65.28082911779558,0.06088416884877062,False,1.2403061135795461,4.252876072666697,7.255674453835015,8.200536340784748,False,True,False,True,24,40.0,True,0.43358987199993926,1.8162880693553918,False,2.9679284300676145,True,2.629638070623752,True,2,2,0.5360035701051075,False,3.779815962450854,True,2,1,False,True,False,25.0,29.78536340509067,7.662828249186339,0.6443715798447304,11.0,False,5,4,4,6,-10.59252173150298,93.41500091552734,373226243.2538063,85.97315436241611,True,0.0,0,,,,0.0,0,,,,False,True,False,False,1,,power_play,6,6,True,0,0.75,mixed,4,False
BBWI,19.54490089416504,-36.66281634574958,34.211257358290894,-35.336544559549985,-52.9729228928624,0.1189028341413638,False,0.9108211167123035,9.542129587748093,-10.223547563750424,-10.997715350613424,False,True,False,False,23,38.333333333333336,False,0.3678124860723069,1.8710457109641396,False,-0.06694250641761589,True,-6.3493047042782695,False,0,0,0.4277470982849737,False,1.0265166571131945,False,5,2,True,False,False,25.0,20.016856686177405,13.686430294763706,0.11892660040604441,18.0,False,0,2,2,3,-17.63631996967533,23.729999542236328,106509550.93354082,8.993288590604028,False,0.0,0,,,,0.0,0,,,,False,False,False,False,0,,none,0,0,False,-3,0.375,mixed,4,False
BBY,85.05500030517578,-2.3590865466388,55.23570505223141,33.45133476424982,15.814956430937404,0.07256813114899564,False,0.9432947217001635,4.890948230896307,30.49834780716454,9.058857077733439,True,True,False,True,32,53.333333333333336,True,0.3786463272391532,1.0792082286838118,False,4.395471453145233,False,-0.41564610901788646,True,2,0,0.5905643180828982,False,0.7435772368017869,False,3,2,True,False,False,25.0,16.989120317257044,8.359297613122111,0.8453504895357996,6.0,True,6,3,5,4,-2.6273591402812047,87.3499984741211,279820334.3752991,63.959731543624166,False,0.0,0,,,,0.0,0,,,,False,False,False,False,0,,none,0,0,False,-1,0.625,mixed,4,False
BC,79.53500366210938,-9.901685192971598,43.79927714213749,37.14078989257439,19.50441155926197,0.048425318694274556,False,0.9391908789021522,4.87836135558128,-7.240109014635509,0.5626594320697453,True,False,False,True,20,33.33333333333333,False,0.4427401313382037,1.472136136975133,True,-0.4537555374279164,True,-1.1373440905429466,True,2,0,0.44362077491371005,False,0.33102196828668934,False,6,1,False,False,False,45.0,18.12845492998939,9.970453184191715,0.4361772072041258,20.0,False,2,1,2,4,-10.221236087700747,88.58999633789062,52431223.09266434,66.64429530201342,False,0.0,0,,,,0.0,0,,,,False,False,False,False,0,,none,0,0,False,-2,0.5,mixed,4,False
BCE,21.354999542236328,-17.18871035061055,2.323903610445388,-7.949314353662473,-25.58569268697489,0.16781894625073854,False,0.88149699313864,3.699372196027749,-13.081008651786274,-0.3034572074047559,False,True,False,True,23,38.333333333333336,False,0.5434618149716994,1.3420707181970273,True,-3.865075302394616,True,-2.220698749830796,True,2,0,0.3724103109115024,False,0.3629922640589661,False,6,1,False,False,False,25.0,10.850059909160993,5.853430235518039,0.1909444458211402,21.0,False,0,1,2,4,-8.778301232680075,23.40999984741211,85292439.02706376,25.57046979865772,False,0.0,0,,,,0.0,0,,,,False,False,False,False,0,,none,0,0,False,-2,0.5,mixed,4,False
BCO,121.86000061035156,-9.898070025326234,44.01611364160347,31.878226168810443,14.241847835498024,0.09635558612388771,False,0.9930477960058279,4.726737327573242,-2.4265453185287833,20.059113901824198,False,False,False,True,23,38.333333333333336,False,0.5435593678100945,1.8295120085412768,True,5.049467057445709,False,1.448549637016261,True,2,2,0.7149248584054435,True,1.96932354359398,True,3,0,False,False,False,25.0,26.76158037704011,15.854258655881754,0.9260595331323747,2.0,True,3,3,3,4,-1.9787637471938235,124.31999969482422,60635025.409432985,62.48322147651007,False,0.0,0,,,,0.0,0,,,,False,False,False,False,0,,none,0,0,False,-2,0.5,mixed,4,False
BCS,27.819700241088867,-2.077788136197445,48.60323180051607,46.30526796003069,28.668889626718272,0.2800922683271457,True,1.0421436720817883,4.02592705718371,7.455265328518879,0.17896932843333158,True,False,False,True,32,53.333333333333336,True,0.42150605814916503,0.7497524189132273,False,2.8701932501192715,True,-0.0010763973351424205,True,2,0,0.5507763364811521,False,0.8924265549165701,False,5,1,False,False,False,35.0,16.848402617341186,4.780784523845029,0.87258873748676,14.0,True,6,3,5,5,-2.1466762488068114,28.43000030517578,131552522.09045868,72.21476510067114,False,0.0,0,,,,0.0,0,,,,False,False,False,False,0,,none,0,0,False,-1,0.625,mixed,4,False
BDC,102.16000366210938,-32.247037965050616,2.652740261348163,-19.529292929778553,-37.16567126309097,0.09831625731383532,False,0.9111573032233217,6.5583441047993185,-11.29100408661239,-11.480807191370147,False,True,False,True,16,26.666666666666668,False,0.41538927235594464,1.7169865511058577,False,-1.78228392505522,True,0.7594479505831364,True,2,0,0.5211710852853798,False,0.6486520824870948,False,6,1,False,False,False,25.0,23.72353420074548,8.36922743272078,0.13648307891167974,24.0,False,0,1,2,4,-20.4856732103612,128.47999572753906,62819831.691734314,16.97986577181208,False,0.0,0,,,,0.0,0,,,,False,False,False,False,0,,none,0,0,False,-2,0.5,mixed,4,False
BDX,155.5500030517578,-14.96465996624654,17.57685538247187,10.392789492173415,-7.243588841139003,0.08217495102185014,False,1.031409929930423,4.050146530477114,-0.6259009749343236,-1.6004546748429105,True,True,False,True,24,40.0,True,0.5288637619831542,1.395889287876594,True,1.560605927683831,True,-1.6564425286197615,True,2,1,0.541572042793369,False,1.7447513801896368,True,3,2,True,False,False,25.0,14.116708879158042,9.51462729758562,0.6704300156231987,5.0,False,2,4,4,5,-4.652443524755967,163.13999938964844,342794466.30916595,42.88590604026846,False,0.0,0,,,,0.0,0,,,,False,False,False,False,0,,none,0,0,False,-1,0.625,mixed,4,False
BE,198.92999267578125,-42.48084742949521,501.7240907814833,501.7240907814833,484.0877124481709,0.23350049458986988,False,0.8872284438788933,17.498110772691668,37.297255513684306,-26.564294762229,False,True,False,False,22,36.666666666666664,False,0.4661689943908209,5.5792029271549675,True,-2.8185319337238894,True,-7.457207637429719,False,0,0,0.3725658864477288,False,0.5162847974314042,False,8,2,True,False,False,,,,,,False,4,2,2,2,,,3803720200.3374124,99.32885906040269,True,0.0,0,,,,0.0,0,,,,False,False,False,False,0,,none,0,0,False,-4,0.25,mixed,4,False
BEAM,24.92919921875,-34.25843770434083,55.71017403096623,18.993786686870905,1.3574083535584869,0.14246020314985833,False,0.9451933646233254,12.956691925374598,-21.01014055576248,-28.34378107870732,False,True,False,False,25,41.66666666666667,True,0.36802817472895033,2.6400048083437837,False,-2.858696231732223,True,-9.447153661558483,False,0,0,0.31455411761165897,False,0.7829818342268307,False,6,3,True,False,False,25.0,34.91897357319997,29.24281259181275,0.0021855990310211157,13.0,False,1,2,2,2,-34.84265469839413,38.2599983215332,82766307.63035211,50.939597315436245,False,0.0,0,,,,0.0,0,,,,False,False,False,False,0,,none,0,0,False,-4,0.25,mixed,4,False
BEKE,15.975000381469727,-20.085291325359833,12.026648843345544,-17.617037056345097,-35.25341538965752,0.1570318566228242,False,0.9096559233110344,8.075116939273244,-10.699033869323882,5.864812590674906,False,False,False,False,26,43.333333333333336,True,0.45184991724564955,0.9742198889102948,True,-0.5672184834365137,True,-8.189650967250495,False,0,1,0.34083995626802266,False,1.6247140399297466,True,3,2,True,False,False,25.0,21.867038100572042,11.455392340111953,0.5601554008455997,6.0,False,2,3,2,5,-9.618098608040103,17.674999237060547,57704166.65561505,18.322147651006713,False,0.0,0,,,,0.0,0,,,,False,False,False,False,0,,none,0,0,False,-1,0.625,mixed,4,False
BELFB,273.5,-17.857155623560484,165.95344519075908,165.95344519075908,148.31706685744666,0.4749992470559889,False,0.9293672994958885,9.601454935300504,39.26169785392533,2.4831504629155843,False,True,False,False,24,40.0,True,0.5040424403032868,3.480755522161763,True,-0.380207174250714,True,1.0866360393019914,True,1,1,0.48290216459025326,False,1.6796451630502494,True,3,2,True,False,False,25.0,25.950673024337874,12.314439735203383,0.2906394342619724,17.0,False,5,3,3,3,-18.40838409782688,335.2060098036563,94127171.89060669,93.95973154362416,True,0.0,0,,,,0.0,0,,,,False,False,False,False,0,,none,0,0,False,-3,0.375,mixed,4,False
BEN,32.349998474121094,-6.068525656000023,58.67377525107942,37.838467125409906,20.202088792097488,0.06046602000486334,True,0.9640201393437245,3.709430663186625,30.984626869048924,-5.159783361881121,False,True,False,True,29,48.333333333333336,True,0.37076934034248527,0.8771434338979218,False,0.14516668075610265,True,-0.8581139590208231,True,2,0,0.4603075095100582,False,1.1324390109615736,False,5,1,False,False,False,65.0,24.979743942491936,7.140653731835378,0.705374130502671,13.0,False,5,2,4,5,-7.359678778877321,34.91999816894531,138495619.73678666,67.38255033557047,False,0.0,0,,,,0.0,0,,,,False,False,False,False,0,,none,0,0,False,-1,0.625,mixed,4,False
BEPC,33.77000045776367,-22.408776922373043,6.449130984176743,-3.921946782982799,-21.55832511629522,0.27189295982781053,False,0.9360315130200741,7.6991479229329505,-13.51669696925587,-7.454100015315246,False,False,False,True,18,30.0,False,0.3948437612111675,1.2812041646583339,False,-2.744979347046657,True,-0.4128557660819987,True,2,0,0.40916296183670015,False,0.4977843651537693,False,6,1,False,False,False,25.0,17.438277797667794,9.90524481895325,0.2463128827003545,20.0,False,0,1,1,3,-13.14300532399465,38.880001068115234,51811416.82206001,29.328859060402685,False,0.0,0,,,,0.0,0,,,,False,False,False,False,0,,none,0,0,False,-3,0.375,mixed,4,False
BF-B,26.049999237060547,-14.120451430182236,15.250375892517942,-13.523841676668603,-31.16022000998102,0.05201253851059089,False,0.9831718988357696,4.7984646318978115,-3.8099229082180996,-0.4204916322369301,False,True,False,True,29,48.333333333333336,True,0.5181760156697115,1.6487251049359268,True,-0.060011600982184006,True,1.8373702687892735,True,2,0,0.5004658131380826,False,0.8419899722789557,False,6,1,False,False,False,45.0,12.907408942983878,8.138199237324113,0.4424677549411334,18.0,False,1,1,2,4,-7.196296685874692,28.06999969482422,64051076.63425646,21.543624161073826,False,0.0,0,,,,0.0,0,,,,False,False,False,False,0,,none,0,0,False,-2,0.5,mixed,4,False
BFAM,75.37000274658203,-39.752195311038705,27.357219259747612,-33.465745446003034,-51.10212377931545,0.0738064793423951,False,1.0510810691875254,9.380389328889652,-19.3299769876949,0.3060997588526515,False,False,False,False,23,38.333333333333336,False,0.4749706176966395,1.789310281643321,True,2.431391287589207,True,-1.5800457763660902,True,1,1,0.4765671222049135,False,1.5038321646428368,True,3,1,False,False,False,25.0,20.664907323180792,11.516518493916882,0.7538086524102559,5.0,False,1,3,2,4,-5.0875213817110465,79.41000366210938,64768861.19621277,10.0,False,0.0,0,,,,0.0,0,,,,False,False,False,False,0,,none,0,0,False,-2,0.5,mixed,4,False
BFH,101.43499755859375,-6.709284993206666,89.2826215908066,68.42149533639643,50.78511700308401,0.15954378357997925,True,1.1275272776615926,7.462907159288314,48.29217845135459,-0.7582443330602096,False,False,False,True,28,46.666666666666664,True,0.4418838139814216,1.7871694975276793,True,1.290733925474665,True,2.1397644267851623,True,2,2,0.6421149402999137,True,1.2724363542473536,True,3,1,False,False,False,45.0,24.46222506931017,11.002123459078133,0.6847850263092427,17.0,False,7,4,4,6,-7.7108596316399876,109.91000366210938,66561365.34098625,82.61744966442953,True,0.0,0,,,,0.0,0,,,,False,True,False,False,1,,power_play,6,6,True,0,0.75,mixed,4,False
BFLY,6.5,-27.048259132261254,388.72178874160613,212.50001146243213,194.8636331291197,0.06860526336293785,False,0.9227266941218317,8.153849381666916,44.12416120013245,-15.364581441584313,False,True,False,False,26,43.333333333333336,True,0.4379656985361346,3.7049697956840086,False,0.5918248300104586,True,-1.8126871243736797,True,1,0,0.5183547715517085,False,0.8212904188463533,False,3,3,True,False,False,25.0,34.46852239820855,31.615381974440353,0.04491021255375304,18.0,False,5,2,3,2,-32.92053373089121,9.6899995803833,66981381.554381534,95.90604026845637,True,0.0,0,,,,0.0,0,,,,False,False,False,False,0,,none,0,0,False,-3,0.375,mixed,4,False
BG,123.2249984741211,-6.228601293577418,65.96104340613671,64.68823090239788,47.051852569085455,0.04207369323050557,True,0.8841125466964611,6.321769942779386,9.751956122992667,15.747698228276263,False,True,False,True,22,36.666666666666664,False,0.4438902596367261,1.180279591628675,True,1.2988344229500817,True,3.420056144403083,True,2,0,0.5529620808024693,False,1.0305878460002569,False,4,1,False,False,False,35.0,21.661274638678634,9.016028198762617,0.6635983021881442,34.0,False,4,2,5,5,-7.286889565220389,132.91000366210938,144743176.83009034,80.80536912751678,True,0.0,0,,,,0.0,0,,,,False,False,False,False,0,,none,0,0,False,-1,0.625,mixed,4,False
BHP,82.9000015258789,-11.003757200317754,66.89536850553041,56.31009644345648,38.673718110144065,0.22671056236835996,False,0.9750708028913554,6.489743250171707,25.1962508882001,-0.5160209957124184,True,False,False,True,28,46.666666666666664,True,0.3340264260511351,0.674416906780023,False,-0.8196317313575,True,2.8025820353869912,True,2,1,0.40595559345131466,False,1.5830818038413432,True,5,1,False,False,False,25.0,13.73540344921633,8.781663022073982,0.4979560339885378,24.0,False,4,2,2,5,-6.895776422412081,89.04000091552734,189838380.59207153,77.4496644295302,False,0.0,0,,,,0.0,0,,,,False,False,False,False,0,,none,0,0,False,-1,0.625,mixed,4,False
BIDU,105.42500305175781,-35.13106062007279,22.787097952859114,15.864386775346894,-1.7719915579655243,0.13739863239999164,False,0.8074137817774737,7.009721769721324,-34.69710018740787,-6.950573510931446,False,True,False,True,20,33.33333333333333,False,0.382918196754795,1.1318349841425848,False,-3.447945589245202,True,-1.692460693926312,True,2,0,0.31046907577801924,False,0.5845385890497496,False,3,2,True,False,False,25.0,16.316314653599196,10.585727615896234,0.2609920242393228,16.0,False,0,2,2,4,-12.057886664030615,119.87999725341797,258641650.7592125,47.651006711409394,False,0.0,0,,,,0.0,0,,,,False,False,False,False,0,,none,0,0,False,-2,0.5,mixed,4,False
BIIB,200.8625030517578,-7.278540126324707,58.60905244775003,51.49144626256903,33.855067929256606,0.05668881271589089,True,1.259974997254486,4.346254574597996,17.05956485728022,-7.059731820351267,False,True,False,True,26,43.333333333333336,True,0.5504205154551519,2.3484942770139785,True,0.16245767719341123,True,-2.4891996236081515,True,2,0,0.4922602210088904,False,0.9124830968793726,False,5,2,True,False,False,65.0,18.464412478983746,14.816102584944609,0.5351862271494315,18.0,False,4,2,3,5,-8.582513227825551,219.72000122070312,296184848.5702133,74.69798657718121,False,0.0,0,,,,0.0,0,,,,False,False,False,False,0,,none,0,0,False,-1,0.625,mixed,4,False
BILL,42.619998931884766,-24.311848885693156,33.35419321895765,-5.791340957949376,-23.427719291261795,0.15191265405397594,False,1.0388726919915972,13.186295337235087,-12.033027325593348,5.286559816819136,False,False,False,False,24,40.0,True,0.4406806440093244,2.2245747919369014,True,2.450236681818628,True,-4.6745698845557015,True,1,2,0.46027486375881504,False,2.2358427059498545,True,1,2,True,False,False,25.0,32.45161323137181,13.491318967862115,0.7428760086891169,4.0,False,2,5,4,5,-8.344088318527387,46.5,96108782.46458073,27.516778523489933,False,0.0,0,,,,0.0,0,,,,False,False,False,False,0,,none,0,0,False,-1,0.625,mixed,4,False
BIO,314.7449951171875,-7.359824836736573,30.21595563884869,20.104173872173668,2.4677955388612496,0.10822453249428289,False,0.9020858994667473,10.583169891610698,6.128397121796381,6.024729046740429,True,False,False,False,24,40.0,True,0.5519849304089404,1.7501364137242608,True,2.4839927442835963,True,3.412081175398085,True,1,2,0.673753343439463,True,1.5277712661793186,True,3,2,True,False,False,45.0,15.58806591476602,10.583169891610698,0.8974129214377174,39.0,True,3,6,6,7,-1.5991341426321415,319.8599853515625,83845050.36217651,51.81208053691275,False,0.0,0,,,,0.0,0,,,,True,True,False,False,2,sepa_vcp,power_play,7,7,True,1,0.875,mixed,4,False
BIRK,40.790000915527344,-23.61423267795312,30.779096560088547,-21.36109166091864,-38.997469994231054,0.06087301717491511,False,0.8448914660964855,8.433436012499563,3.135276112230234,-11.306807073621329,False,True,False,False,24,40.0,True,0.47775259400315173,1.9797076101879778,True,-1.0623994834682668,True,-8.047790003842215,False,0,0,0.3815712953464716,False,0.5549355139440109,False,6,4,True,False,False,25.0,17.3628163712997,16.131399530939074,0.05070758589479622,24.0,False,1,2,2,3,-16.482389868776448,48.84000015258789,64171310.21432285,15.570469798657719,False,0.0,0,,,,0.0,0,,,,False,False,False,False,0,,none,0,0,False,-3,0.375,mixed,4,False
BJ,93.04499816894531,-15.398258475249104,11.005724776554393,-10.144861973168407,-27.781240306480825,0.08606274585670988,False,0.939935132921187,5.600514415288013,-4.520265692400649,4.33392896450262,False,True,False,True,29,48.333333333333336,True,0.4665848873425845,1.253751607402783,True,1.2768753157818018,True,-0.3800892410427137,True,2,1,0.5760308915248118,False,1.375231042497557,True,7,2,True,False,False,25.0,13.239500773041948,7.791928790020395,0.7743735854112679,5.0,True,2,5,4,5,-2.9871810903661977,95.91000366210938,160764265.55807534,23.557046979865774,False,0.0,0,,,,0.0,0,,,,False,False,False,False,0,,none,0,0,False,-1,0.625,mixed,4,False
BKD,14.970000267028809,-10.733453438288688,109.9579246388644,101.20967946096377,83.57330112765135,0.24834872524622847,True,1.2025539044990698,5.945225968251756,15.598459363053063,-5.67107514190488,False,True,False,True,25,41.66666666666667,True,0.42454953393625017,1.8617075704476496,False,1.4545458375464275,True,-0.26648874912114096,True,2,1,0.48678814452175845,False,1.2359781040913451,True,5,1,False,False,False,35.0,28.20355351574884,12.758849788525751,0.7086957900871348,17.0,False,5,3,4,5,-8.215813873640432,16.309999465942383,79747288.61771946,89.06040268456375,True,0.0,0,,,,0.0,0,,,,False,False,False,False,0,,none,0,0,False,-1,0.625,mixed,4,False
BKH,75.69000244140625,-0.5446822827032682,40.97163434741664,39.91977154954021,22.28339321622779,0.0730259863809333,True,0.9131304517021297,3.2137601251506926,7.622615932396148,2.5748766801805267,False,True,False,True,24,40.0,True,0.4771983918443342,0.9605405787902246,True,1.3777415846096261,True,1.4475295834602164,True,2,1,0.5129264121402131,False,1.0306711216309876,False,1,3,True,False,False,35.0,12.079745766376877,4.399516573193399,0.8867318443800477,5.0,True,7,5,5,6,-1.3682505233154396,76.73999786376953,57892761.3729866,69.06040268456375,False,0.0,0,,,,0.0,0,,,,False,True,False,False,1,,power_play,6,6,True,0,0.75,mixed,4,True
BKNG,176.27000427246094,-22.319223560128943,14.652004509051153,-21.344848329484677,-38.9812266627971,0.17047506794773984,False,0.967937187386569,6.359557033737184,-13.1527584149579,-4.491760617574192,False,True,False,True,22,36.666666666666664,False,0.459774432217385,1.4635965228876426,True,0.948779360129762,True,-2.9777568369758534,True,2,0,0.5822178090759503,False,1.1241144992852536,False,4,2,True,False,False,35.0,16.032076274661126,8.452937842704888,0.6011927024682947,13.0,False,0,3,3,4,-6.393709012919768,188.30999755859375,1121442586.1927338,15.63758389261745,False,0.0,0,,,,0.0,0,,,,False,False,False,False,0,,none,0,0,False,-2,0.5,mixed,4,False
BKR,57.78499984741211,-16.781634946284353,37.55221207389141,28.570585870739464,10.934207537427046,0.23138255114620818,False,0.9111181877490433,6.541494512374611,7.932025299201961,9.48276086372033,False,False,False,True,20,33.33333333333333,False,0.47179247111656697,1.341171337245204,True,-1.5292542127602546,True,3.2797123493305325,True,2,0,0.3417201372440778,False,0.6873685307851414,False,5,2,True,True,True,25.0,12.883332570393879,8.150909252586697,0.7134540383236453,24.0,False,2,3,3,4,-3.691666920979819,60.0,512297904.770113,59.53020134228188,False,0.0,0,,,,0.0,0,,,,False,False,False,False,0,,none,0,0,False,-2,0.5,mixed,4,False
BKU,46.630001068115234,-7.1690238351563735,34.6430467162915,23.610718977830558,5.97434064451814,0.08213025849558948,False,1.090539498892129,10.5511431615847,-0.7581537883982636,-3.3328174597557325,False,False,False,False,27,45.0,True,0.4150815656719407,1.0893691385226356,False,-0.551299827719073,True,-4.564059587350632,True,1,0,0.5563549256240736,False,0.7322452036324529,False,5,2,True,False,False,65.0,13.15686096455852,11.666306030665648,0.3966093286742314,20.0,False,2,2,2,5,-7.93872716994477,50.651049713590254,56978579.67164268,55.50335570469799,False,0.0,0,,,,0.0,0,,,,False,False,False,False,0,,none,0,0,False,-1,0.625,mixed,4,False
BLDR,72.2699966430664,-51.56491294739026,8.856751479854342,-45.57572083964136,-63.212099172953785,0.1205754711372689,False,0.9110555879534102,7.638019786176365,-40.93658361999679,-14.665256158107642,False,False,False,True,20,33.33333333333333,False,0.5093189458745995,2.326238284796039,True,-1.2487295511878547,True,-2.6797810879581996,True,2,0,0.4178540589157594,False,0.6154664122228073,False,7,2,True,False,False,25.0,24.142479447563385,15.206860902523529,0.14890695716734048,17.0,False,0,2,2,3,-20.54749629455167,90.95999908447266,159428359.61661226,5.167785234899329,False,0.0,0,,,,0.0,0,,,,False,False,False,False,0,,none,0,0,False,-3,0.375,mixed,4,False
BLK,1040.280029296875,-12.099170426943328,13.353794806526142,-5.033475189223213,-22.669853522535632,0.09658354413754904,False,1.1004529252113604,4.061406430012577,-6.898236796677781,4.4741094174097995,False,True,False,True,26,43.333333333333336,True,0.47686653725037037,1.2161610072821132,True,0.3268541498865022,True,-2.97704936846086,True,2,0,0.3634560158214148,False,0.5149480172968994,False,4,1,False,False,False,25.0,15.803553602430556,10.480834604752372,0.5234828664521505,6.0,False,2,1,2,5,-7.530664062500003,1125.0,842491914.1394532,28.120805369127517,False,0.0,0,,,,0.0,0,,,,False,False,False,False,0,,none,0,0,False,-1,0.625,mixed,4,False
BMI,125.80999755859375,-34.158664104483904,11.304042151741033,-33.024428410544935,-50.66080674385735,0.2022565593911339,False,1.1926315676566819,23.96471642981442,-25.34564298250761,-13.751969719665901,False,False,False,False,26,43.333333333333336,True,0.4503490609107882,2.3346271237772322,True,-1.1311188453837704,True,-15.83489352788664,False,0,0,0.44689714453349094,False,0.5567560305796779,False,6,1,False,False,False,25.0,22.290242280240193,27.493837540042044,0.1509107190909131,5.0,False,1,1,1,1,-18.926405789018474,155.17999267578125,73290436.9812378,10.134228187919463,False,0.0,0,,,,0.0,0,,,,False,False,False,False,0,,none,0,0,False,-5,0.125,mixed,4,False
BMNR,15.574999809265137,-75.35657402836983,17.017275118265275,-62.68365620937697,-80.32003454268938,0.24328688731702744,False,0.8779338139609071,17.49598369930241,-45.920138118535625,8.46100405039305,False,False,False,False,24,40.0,True,0.510988504992253,3.57673012980909,True,-1.0563771797201913,True,-0.7329494849824258,True,1,2,0.5525879286031105,False,1.8614189401250463,True,2,1,False,False,False,25.0,29.824559477227524,25.168540123910923,0.5101102633421063,2.0,False,2,3,2,3,-14.610745588236673,18.239999771118164,548456001.0107527,1.6778523489932886,False,0.0,0,,,,0.0,0,,,,False,False,False,False,0,,none,0,0,False,-3,0.375,mixed,4,False
BMO,177.06500244140625,-3.5856202961758843,61.629852209400205,58.123836508844185,40.48745817553177,0.11364647098833255,True,1.0506844484543307,4.167955000856591,29.641953643138773,1.6855208615935924,False,False,False,True,29,48.333333333333336,True,0.533629386476379,0.9407524786371598,True,2.3957144154132672,True,-2.6954985692107747,True,2,1,0.4145474995445116,False,1.372845195494884,True,5,1,False,False,False,55.0,19.076053476416885,5.032052375826128,0.7966703358974526,5.0,False,5,3,3,4,-3.878727545762073,184.2100067138672,130139780.58499222,78.38926174496645,False,0.0,0,,,,0.0,0,,,,False,False,False,False,0,,none,0,0,False,-2,0.5,mixed,4,False
BMRN,58.959999084472656,-7.990016542260392,18.703445254676176,-1.33868684660301,-18.97506517991543,0.12129115841033589,False,0.8500144217598141,4.34192912659865,4.892367985751589,-0.05086047319963205,False,False,False,True,22,36.666666666666664,False,0.3446221449184772,0.9882830116550562,False,1.839919225829171,True,-1.0572261562376783,True,2,1,0.5517795308531863,False,2.328922303390704,True,3,2,True,False,False,45.0,18.559417605680384,5.461331870256295,0.84813504978926,12.0,True,1,5,4,5,-2.818525030626984,60.66999816894531,92377497.77557373,31.879194630872483,False,0.0,0,,,,0.0,0,,,,False,False,False,False,0,,none,0,0,False,-1,0.625,mixed,4,False
BMY,62.25,0.0,51.064382071857864,33.30182365400476,15.665445320692339,0.20770644955539713,True,1.0591242505325378,4.851406357853288,16.38023403757609,7.087560392536485,False,True,False,True,25,41.66666666666667,True,0.5604415796737771,1.5686112879728993,True,3.3885929523463036,True,2.4860030948410605,True,2,2,0.5311675800874635,False,1.227853504338897,True,2,0,False,False,False,25.0,15.8811116581022,9.702812715706576,0.9428658469320229,0.0,True,7,4,5,7,-0.907353864363647,62.81999969482422,613510627.0882511,63.758389261744966,False,0.0,0,,,,0.0,0,,,,False,True,False,False,1,,power_play,7,7,True,1,0.875,mixed,4,False
BN,41.22999954223633,-15.867557960264488,7.929788997513509,-7.760599080917007,-25.396977414229426,0.17803569889789236,False,0.8141312636661503,6.694150745031758,-12.300349599423244,-5.065624562469251,False,False,False,True,22,36.666666666666664,False,0.40121216171763247,0.8212527492621419,False,-3.246707470836761,True,-5.500805562970346,False,1,0,0.3421645843041775,False,0.6679574896496817,False,4,2,True,False,False,25.0,9.686671269218474,10.065490109034837,0.06833696555128031,24.0,False,0,2,2,4,-9.024713548387309,45.31999969482422,138572147.62265855,25.973154362416107,False,0.0,0,,,,0.0,0,,,,False,False,False,False,0,,none,0,0,False,-2,0.5,mixed,4,False
BNO,52.369998931884766,-12.905375018104426,92.53675537847757,71.87397476878796,54.23759643547554,0.4404175717372085,True,1.0301249768673129,11.323277498799758,70.64189645017504,32.01411986169775,False,False,False,False,22,36.666666666666664,False,0.4240465165186789,1.242656834494994,False,2.0285790149471117,True,7.535930413656522,False,0,3,0.6056696058956261,True,1.6445900626112568,True,2,3,True,False,False,45.0,32.59668137134156,20.947109880546872,0.7060381332388279,44.0,False,6,5,4,4,-9.582181306138683,57.91999816894531,77165706.07892132,83.55704697986577,True,0.0,0,,,,0.0,0,,,,False,False,False,False,0,,none,0,0,False,-2,0.5,mixed,4,False
BNS,86.80000305175781,-3.865320443439435,58.022692970146174,54.48383385450069,36.847455521188266,0.060990122438382324,True,1.079322470224426,4.5046035659507515,17.01319300725568,2.5852228155313517,False,False,False,True,31,51.66666666666667,True,0.4613160592509963,0.8062849798783849,True,2.3767897774113735,True,-2.9408445090497892,True,2,1,0.5260083710715652,False,1.219336740601943,True,4,1,False,False,False,65.0,18.55390775663113,5.391705231145156,0.7813618931171132,6.0,False,5,3,3,4,-4.056591267189535,90.47000122070312,247733087.74319077,76.30872483221476,False,0.0,0,,,,0.0,0,,,,False,False,False,False,0,,none,0,0,False,-2,0.5,mixed,4,False
BNTX,89.4739990234375,-25.02597472007013,6.656335289565041,-21.90451316944574,-39.54089150275816,0.21415369776596022,False,0.8419038329035393,4.99028099338173,-22.853943409470933,-8.274129168088207,True,True,False,True,23,38.333333333333336,False,0.4549497658100952,1.2021970474991983,True,-0.7899779823823149,True,-2.1928336902974688,True,2,2,0.45418352652045046,False,1.6308200614391308,True,2,1,False,False,False,35.0,14.021856158151538,6.202922762292096,0.3261637377051347,15.0,False,0,3,4,5,-9.448435144045074,98.80999755859375,68554638.75892143,15.369127516778525,False,0.0,0,,,,0.0,0,,,,False,False,False,False,0,,none,0,0,False,-1,0.625,mixed,4,False
BNY,159.05999755859375,-2.0264911741513236,62.0975708898019,62.0975708898019,44.46119255648948,0.08742091342829485,True,1.0790045734522407,2.609074538024949,35.780444847542036,8.484519748799247,False,True,False,True,28,46.666666666666664,True,0.43573614089945256,1.0421875985759088,False,3.501631822810112,True,1.2282776145909446,True,2,2,0.6099536191965266,True,0.934238435873024,False,2,1,False,True,True,45.0,17.432986692886526,8.688549941117534,0.8350260521748983,6.0,True,7,5,6,6,-2.8759886371079513,163.77000427246094,688736733.3401954,80.0,True,0.0,0,,,,0.0,0,,,,True,True,False,False,2,power_play,sepa_vcp,6,6,True,0,0.75,mixed,4,True
BOIL,23.6200008392334,-72.92526201557519,9.809393714084802,-68.39710795511907,-86.03348628843149,0.3224856505176022,False,0.8078123832195503,10.541920364079086,-58.26854862896676,-10.665656724143213,False,False,False,False,32,53.333333333333336,True,0.47115238827866446,2.2009835323575277,True,-2.192205630350763,True,5.3993797414551015,False,0,1,0.6198720863293132,True,0.9367098304434535,False,4,1,False,False,False,25.0,28.941178522190125,11.219311734643078,0.2880373140279833,19.0,False,1,2,1,3,-20.605039195854125,29.75,101276924.38921776,0.9395973154362416,False,0.0,0,,,,0.0,0,,,,False,False,False,False,0,,none,0,0,False,-3,0.375,mixed,4,False
BOOT,149.44000244140625,-28.14693455558207,10.565254803481562,-10.744783504357914,-28.381161837670334,0.106613978044619,False,0.7705231157450124,5.564097327874042,-18.77377654540444,-5.249808974900006,False,False,False,True,23,38.333333333333336,False,0.37015453548247346,1.5999989528128027,False,-1.8659557809310625,True,-1.9872753689500477,True,2,0,0.435801736646437,False,0.8926389152585279,False,5,2,True,False,False,25.0,21.88890693115898,16.00976137721188,0.13828596603513213,23.0,False,0,2,2,4,-18.861978290730562,184.17999267578125,94750504.11636353,23.02013422818792,False,0.0,0,,,,0.0,0,,,,False,False,False,False,0,,none,0,0,False,-2,0.5,mixed,4,False
BOX,28.8799991607666,-13.91952364378981,35.14271420965751,-12.590803993609223,-30.227182326921643,0.09798253771440381,False,1.0602679283884744,9.989613271184234,9.063442824846767,3.549658633142916,False,False,False,False,24,40.0,True,0.5022061725498526,1.9964829329227607,True,1.735772126683444,True,-5.249345162399354,False,0,1,0.4657770385616282,False,2.0878493346146008,True,3,1,False,False,False,25.0,24.388942842879473,13.071328698854673,0.6199921966522263,6.0,False,2,3,2,3,-9.267988595697041,31.829999923706055,76768335.38208047,22.14765100671141,False,0.0,0,,,,0.0,0,,,,False,False,False,False,0,,none,0,0,False,-3,0.375,mixed,4,False
BP,44.23500061035156,-6.065459817056762,46.83680965622901,45.10016323852828,27.463784905215864,0.15035089527338966,True,0.8853763719656633,6.714143053517006,24.064469778387142,18.27539787596848,False,True,False,True,26,43.333333333333336,True,0.46244094062110624,0.7601883371453874,True,3.1293118975625127,True,5.572789974793868,False,1,3,0.6413511555086798,True,1.2809696903072194,True,2,0,False,False,False,45.0,22.075673696157093,10.263368040883275,0.8026445082925772,44.0,False,5,5,5,6,-4.356755437077697,46.25,357579779.84159315,71.54362416107382,False,0.0,0,,,,0.0,0,,,,False,True,False,False,1,,power_play,6,6,True,0,0.75,mixed,4,False
BPOP,171.21499633789062,-1.5383305889625887,59.44726916391099,53.216123054134414,35.57974472082199,0.1668075405523893,True,1.1340494937846395,3.737986761308027,41.89112616001245,2.364583260160913,False,False,False,True,25,41.66666666666667,True,0.44052706480823567,0.9925926164365498,True,2.9618628653696617,True,-0.311501404430492,True,2,0,0.5362919628729881,False,0.7946931725516825,False,5,1,False,False,False,45.0,17.478098070157984,4.427183361961852,0.8724175334383993,1.0,True,7,2,2,5,-2.2298988625963134,175.1199951171875,91573183.55391845,75.70469798657719,False,0.0,0,,,,0.0,0,,,,False,False,False,False,0,,none,0,0,False,-1,0.625,mixed,4,False
BR,148.19509887695312,-43.33108262968698,9.417525255188153,-40.217534953895964,-57.853913287208385,0.06556477743179298,False,0.963265279069629,5.37130227260512,-27.715346494860647,2.9490114753092156,False,True,False,True,25,41.66666666666667,True,0.4568025236203632,1.420091107048485,True,0.5345737145734504,True,-1.1439562025637562,True,2,2,0.4409528025793697,False,2.6020592109293634,True,1,1,False,False,False,25.0,13.730421183089724,8.158172360826901,0.6744176050581804,5.0,False,2,4,4,6,-4.470383412350243,155.1300048828125,168820450.50721437,6.9127516778523495,False,0.0,0,,,,0.0,0,,,,False,True,False,False,1,,power_play,6,6,True,0,0.75,mixed,4,False
BRBR,13.270000457763672,-76.23141676061631,67.97468731101932,-75.40315056514439,-93.03952889845681,0.04565787878505283,False,1.0411176894832106,11.07762031891098,-52.024582317540315,-4.256848582455297,False,True,False,False,25,41.66666666666667,True,0.5575058164968631,3.126771612968477,True,3.7684948409240184,True,9.488453655637485,False,0,1,0.5742918099164668,False,2.6446705597218703,True,3,1,False,False,False,25.0,37.43877113891871,11.07762031891098,0.8093459006802639,13.0,False,2,3,4,5,-7.137855191128284,14.289999961853027,64012690.00182529,0.6040268456375839,False,0.0,0,,,,0.0,0,,,,False,False,False,False,0,,none,0,0,False,-1,0.625,mixed,4,False
BRK-A,744180.0625,-3.3764533845764277,7.447309052844364,2.5465154333746742,-15.089862899937744,0.28421052631578947,False,0.9650219155357717,1.9621679262604539,3.224723344226632,-2.2847156569237637,False,True,False,True,26,43.333333333333336,True,0.5211889415664195,0.6072755528417065,True,1.2402190072279748,True,1.1114215353260848,True,2,0,0.4760334001899613,False,0.777,False,4,1,False,False,False,65.0,9.121801523576902,3.327286129759758,0.659140784459257,13.0,False,4,2,2,6,-3.109250111644779,768061.0,131589220.0,36.04026845637584,False,0.0,0,,,,0.0,0,,,,False,True,False,False,1,,power_play,6,6,True,0,0.75,mixed,4,False
BRK-B,496.4949951171875,-3.369923225254423,8.14293109678228,3.3073218501475266,-14.32905648316489,0.14976228298655214,False,0.9744961448920949,2.136983448672297,3.658891757692584,-2.2224198844457255,False,True,False,True,27,45.0,True,0.44827871731272123,0.6583822943436201,True,1.133011157239232,True,1.1376813292487409,True,2,0,0.517806417903473,False,1.1487882139458023,False,5,1,False,False,False,65.0,9.411217594051806,3.409901981345305,0.6665627061944204,13.0,False,4,2,2,6,-3.138050925976088,512.5800170898438,2036302478.125482,36.84563758389262,False,0.0,0,,,,0.0,0,,,,False,True,False,False,1,,power_play,6,6,True,0,0.75,mixed,4,False
BRKR,59.6150016784668,-4.837112790111886,104.12394577685743,48.109699845878936,30.473321512566518,0.094807071898926,True,1.063844782233305,14.560094038059948,18.7298184877581,-3.2852007320456122,False,True,False,False,25,41.66666666666667,True,0.4010938216173293,2.035193248583364,False,1.3798431459591018,True,2.3785027427758676,True,1,1,0.4965961401431659,False,1.2410567449511216,True,3,2,True,False,False,45.0,35.5128632590678,14.560094038059948,0.7873966623384097,34.0,False,5,4,4,4,-7.550153258797476,64.483613310197,116138281.32174186,72.68456375838926,False,0.0,0,,,,0.0,0,,,,False,False,False,False,0,,none,0,0,False,-2,0.5,mixed,4,False
BRO,67.0999984741211,-34.51371153655567,23.390947326523694,-34.13142901394387,-51.767807347256294,0.0986431015237839,False,0.968053753377007,7.108788005272583,-14.812618253508402,-4.142859322684156,False,False,False,True,24,40.0,True,0.43283697740610994,1.318981381105885,False,2.7976518964275026,True,-3.244412472250624,True,2,0,0.5529386918982996,False,0.7803587710739335,False,6,3,True,False,False,25.0,18.66330810833462,9.761554695539964,0.6794291931373271,5.0,False,1,3,3,4,-5.9829117390154956,71.37000274658203,176118374.14559022,9.731543624161073,False,0.0,0,,,,0.0,0,,,,False,False,False,False,0,,none,0,0,False,-2,0.5,mixed,4,False
BROS,63.685001373291016,-14.217398699077211,36.39966426741348,8.937739258716748,-8.69863907459567,0.09635259401592094,False,0.9616731740180114,10.81102612509008,4.4530098380020755,-11.744736500434128,False,True,False,False,26,43.333333333333336,True,0.4455499428587575,2.219707151206345,True,0.49886312067469596,True,-6.83879343961361,False,0,0,0.32061344740584957,False,0.6103791783681175,False,5,1,False,False,False,25.0,15.70301554016017,10.81102612509008,0.11054712548922571,15.0,False,1,1,2,4,-13.967092310682826,74.02400207519531,186180662.73191547,41.54362416107383,False,0.0,0,,,,0.0,0,,,,False,False,False,False,0,,none,0,0,False,-2,0.5,mixed,4,False
BRX,32.345001220703125,-1.055360723459875,35.45207573260163,30.948616896847312,13.312238563534894,0.07232003076162487,True,1.0330645540976242,3.555422731419848,25.02676101643719,3.669873172322946,False,True,False,True,28,46.666666666666664,True,0.4987031166530733,0.7778388177945514,True,2.308620327833566,True,-0.6908150943484626,True,2,0,0.5686375070513175,False,0.733863724919243,False,5,2,True,False,False,55.0,12.135075021165974,5.5340882608519255,0.8708493246207324,2.0,True,6,3,4,6,-1.5672531347616703,32.86000061035156,65395776.34628773,61.54362416107383,False,0.0,0,,,,0.0,0,,,,False,True,False,False,1,,power_play,6,6,True,0,0.75,mixed,4,False
BRZE,21.719999313354492,-39.98342045438854,37.55541080321543,-24.399583503565136,-42.035961836877554,0.05527586577867812,False,1.0392967813630112,26.93370426523387,-13.53503746930076,-8.777825281253826,False,False,False,False,23,38.333333333333336,False,0.5220556148693721,3.2670388131102666,True,-0.8002956033468863,True,-18.037738440171726,False,0,1,0.43402598146048177,False,1.283594868037416,True,4,1,False,False,False,25.0,31.01535149327726,28.107733587646493,0.36612994764743284,8.0,False,0,2,1,2,-19.65970247477693,27.03499984741211,56607749.95316391,13.95973154362416,False,0.0,0,,,,0.0,0,,,,False,False,False,False,0,,none,0,0,False,-4,0.25,mixed,4,False
BSX,44.399898529052734,-58.94220567814905,4.1517649931781975,-58.196121917165364,-75.83250025047778,0.36879155202836617,False,0.8499997725225695,4.380639954732156,-52.005299423007976,-1.639567723976143,True,False,False,True,18,30.0,False,0.4057637959967762,1.194488887230355,False,-2.244490352318279,True,0.8401084715218943,True,2,0,0.466395858348381,False,0.5694610590935378,False,5,2,True,False,False,25.0,8.992879588094953,7.319836548440279,0.5275536527800647,13.0,False,1,2,3,5,-4.24865311238417,46.369998931884766,810547367.9510673,2.4832214765100673,False,0.0,0,,,,0.0,0,,,,False,False,False,False,0,,none,0,0,False,-1,0.625,mixed,4,False
BSY,30.954999923706055,-46.93033528126276,8.919774245625822,-46.593816067357594,-64.23019440067002,0.1527456742306235,False,0.9651030863842734,11.209824678583564,-20.00337251603498,-4.045252528596932,False,True,False,False,23,38.333333333333336,False,0.5195645872570058,2.0818383266607703,True,-0.4917964687028483,True,-4.282622827294591,True,1,1,0.44168034480136303,False,2.5760917996117705,True,3,2,True,False,False,25.0,16.80888988353588,12.841216229746937,0.5073153691339704,13.0,False,0,3,2,3,-8.281481707537619,33.75,86844796.06501484,4.899328859060403,False,0.0,0,,,,0.0,0,,,,False,False,False,False,0,,none,0,0,False,-3,0.375,mixed,4,False
BTDR,11.595000267028809,-55.23165854128773,59.271977099765124,-23.515828603335144,-41.15220693664756,0.23343311401673056,False,0.7655575131497524,16.99008384355662,-20.199583756924234,-16.281588825498815,True,True,False,False,21,35.0,False,0.44198934201150003,4.888306085063359,True,-3.05034186621954,True,7.960898641822123,False,0,0,0.3859932427542144,False,0.8068583166464589,False,6,2,True,False,False,,,,,,False,0,2,3,2,,,117546378.13114782,14.697986577181208,False,0.0,0,,,,0.0,0,,,,False,False,False,False,0,,none,0,0,False,-3,0.375,mixed,4,False
BTI,61.209999084472656,-6.954501057340878,26.616078104132267,23.010150703942568,5.3737723706301495,0.2772660593975914,False,1.0727884147840265,6.730924674903156,6.429605963621743,0.4716568815469113,False,True,False,True,26,43.333333333333336,True,0.43912642038908184,0.9531469146902265,False,0.04792709993655862,True,-2.593890935960008,True,2,0,0.4287351989051146,False,0.49772055882811495,False,5,3,True,True,True,35.0,10.54216755249424,8.985460026571383,0.6335031943854825,5.0,False,3,3,3,6,-3.8636707322421526,63.66999816894531,269260965.95981216,54.899328859060404,False,0.0,0,,,,0.0,0,,,,False,True,False,False,1,,power_play,6,6,True,0,0.75,mixed,4,False
BTSG,72.38500213623047,-0.24117341269473958,273.889462056768,250.3630332567378,232.72665492342537,0.07654196886626591,True,1.2086343426101076,7.114735613582587,82.60596178296875,4.860210656616459,True,True,False,True,33,55.00000000000001,True,0.35245234871948394,1.2791586692803198,False,2.785031360308353,True,2.3977926669746186,True,2,1,0.4190516100909199,False,2.5788711524511267,True,5,0,False,False,False,35.0,23.433243059096103,9.421840842097097,0.9409884101961531,4.0,True,11,4,6,6,-1.3828329271772244,73.4000015258789,336530746.44416887,96.7785234899329,True,0.0,0,,,,0.0,0,,,,True,True,False,False,2,power_play,sepa_vcp,6,6,True,0,0.75,mixed,4,False
BTU,23.05500030517578,-41.44855424073721,51.313477309131116,35.026241256917224,17.389862923604806,0.11863887148231231,False,0.7488424860244624,10.9433991922207,-38.93659245709963,3.3856551298014903,True,True,False,False,19,31.666666666666664,False,0.3460901046038222,1.4787749829587904,False,-1.915630193402511,True,2.7406406260319205,True,1,1,0.3902307992587568,False,1.2633869321179918,True,3,3,True,False,False,25.0,14.9167007405405,10.9433991922207,0.28441587330054013,24.0,False,1,3,3,4,-10.674154272656855,25.809999465942383,54568311.29580841,64.8993288590604,False,0.0,0,,,,0.0,0,,,,False,False,False,False,0,,none,0,0,False,-2,0.5,mixed,4,False
BUD,81.48999786376953,-4.230812820611218,44.833351006315894,17.99093040008333,0.35455206677091056,0.11067746091205986,True,1.0429062120356032,5.104916114575552,18.345505204969538,0.19672449171610484,True,True,False,True,31,51.66666666666667,True,0.5503868751740492,0.978348082020637,True,0.1697441706091967,True,1.1418619491498028,True,2,0,0.4271935226385374,False,0.40557192277244186,False,6,3,True,False,False,65.0,17.574819339084044,6.197073941277535,0.7293345989536438,19.0,False,5,3,5,6,-4.756895524730442,85.55999755859375,158065064.2279648,49.86577181208054,False,0.0,0,,,,0.0,0,,,,False,True,False,False,1,,power_play,6,6,True,0,0.75,mixed,4,False
BULL,7.510000228881836,-53.32504563293035,62.20302469233705,-53.32504563293035,-70.96142396624276,0.20068176871132823,False,0.9428413092949772,15.312923264395339,-4.209182618410101,4.741982551883472,False,False,False,False,22,36.666666666666664,False,0.46489176031120216,2.6909817275419785,True,1.5965956444493885,True,3.8727553121670866,True,1,2,0.48666212561549116,False,2.0855544763805267,True,2,0,False,False,False,25.0,24.311378647518563,19.307593101341165,0.5862068641523962,2.0,False,1,3,2,4,-10.059881607335186,8.350000381469727,70950017.38126247,3.0201342281879198,False,0.0,0,,,,0.0,0,,,,False,False,False,False,0,,none,0,0,False,-2,0.5,mixed,4,False
BURL,346.17498779296875,-2.8198903467834158,42.793795426101845,25.063223648654454,7.426845315342035,0.1000393093647002,True,0.9019351681896279,6.609375515164595,16.181701476911115,10.535473494102,False,False,False,True,26,43.333333333333336,True,0.4106092020678956,1.3901882411127058,False,1.920894064876672,True,0.2504967248242673,True,2,2,0.6235757774776663,True,1.8381976451184312,True,4,2,True,False,False,25.0,15.489599682463751,10.162488312650934,0.731277773323319,5.0,False,5,5,5,6,-4.162399717002074,361.2099914550781,205055490.98463136,56.97986577181208,False,0.0,0,,,,0.0,0,,,,False,True,False,False,1,,power_play,6,6,True,0,0.75,mixed,4,False
BW,9.890000343322754,-54.73684132422194,1018.7783151560518,841.9048373769505,824.268459043638,0.18288501870266186,False,0.5661054887955753,13.44792596093291,4.6560904014645965,-15.758087426429391,True,True,True,False,18,30.0,False,0.5109244407009318,3.8840518027759763,True,-6.990739773478092,True,0.0,True,2,0,0.494141233931621,False,0.4007591728306301,False,6,2,True,False,False,,,,,,False,3,2,3,3,,,52455089.76744966,99.79865771812081,True,0.0,0,,,,0.0,0,,,,False,False,False,False,0,,none,0,0,False,-3,0.375,mixed,4,False
BWA,64.36000061035156,-16.448134973034158,88.87787547055494,81.01453226417136,63.37815393085894,0.061956732268936006,False,0.695034060623738,5.904287136456865,35.61889003774061,1.3224183667102318,False,True,False,True,27,45.0,True,0.4424740801344134,1.302639499690607,True,-1.79526914663065,True,3.0749551983835,True,2,0,0.4557065156326135,False,0.6110667162208538,False,5,2,True,False,False,25.0,18.67045870778758,8.188310430529716,0.31109504211104616,23.0,False,4,2,2,4,-12.862171569855851,73.86000061035156,149802762.2254486,85.57046979865773,True,0.0,0,,,,0.0,0,,,,False,False,False,False,0,,none,0,0,False,-2,0.5,mixed,4,False
BWXT,174.9597930908203,-26.518730436758663,22.315780108706495,22.315780108706495,4.679401775394076,0.1174723202926615,False,0.9256559277466194,6.96159526746737,-15.554359680961216,-8.426779374806525,False,True,False,True,20,33.33333333333333,False,0.43176630503557556,1.6597820570459867,False,-2.4943237682791373,True,2.208085393599757,True,2,0,0.36479244298523716,False,0.45500303317507995,False,6,1,False,False,False,25.0,22.151548719587982,9.653646184229862,0.15279383559080864,22.0,False,0,1,2,4,-18.766928626445466,215.3800048828125,174781897.6124695,54.16107382550336,False,0.0,0,,,,0.0,0,,,,False,False,False,False,0,,none,0,0,False,-2,0.5,mixed,4,False
BX,125.87999725341797,-31.27854240732605,24.408915362149553,-26.75752321190904,-44.39390154522145,0.1958231259964725,False,0.9503325012415897,5.775345115257013,-14.591318715961343,2.524839961672831,False,False,False,True,23,38.333333333333336,False,0.4038974974307681,1.2204597682865086,False,1.4223170637080336,True,-0.811603797155136,True,2,1,0.4601830466006772,False,1.5629027556068789,True,3,0,False,False,False,45.0,18.29771085549857,8.833812352407001,0.7863995625432078,5.0,False,1,3,2,4,-3.90839904319239,131.0,551852295.3239418,12.953020134228188,False,0.0,0,,,,0.0,0,,,,False,False,False,False,0,,none,0,0,False,-2,0.5,mixed,4,False
BXP,68.6050033569336,-9.209557708079718,36.64769236882801,1.301810437690487,-16.33456789562193,0.12000094183021155,False,1.022526377606621,3.8772735689117064,7.310903987047079,-1.0314430770893557,False,False,False,True,28,46.666666666666664,True,0.5781223834470705,1.4092049460676446,True,2.6401687918287524,True,-1.7823838860193564,True,2,2,0.444551149663918,False,1.393820131368026,True,2,1,False,False,False,45.0,19.196995974933788,6.792512840302062,0.795383532059901,5.0,False,3,4,3,6,-3.928021511451252,71.41000366210938,83226026.25259247,34.76510067114094,False,0.0,0,,,,0.0,0,,,,False,True,False,False,1,,power_play,6,6,True,0,0.75,mixed,4,False
BYD,86.5,-3.642638704853929,13.390682778704432,6.026375932838013,-11.610002400474405,0.3020372755431138,False,0.9790922456191071,5.121387636041366,3.60134328605064,-1.5927207071398386,True,False,False,True,23,38.333333333333336,False,0.44700670203771464,1.1233335240837319,True,0.47826164446551483,True,-1.390790245925333,True,2,0,0.45540091943767047,False,0.7520331106032995,False,4,2,True,False,False,45.0,15.227261571178003,6.427742842304913,0.6752498850866993,18.0,False,2,3,4,5,-4.94505494505495,91.0,79625574.54893264,39.06040268456376,False,0.0,0,,,,0.0,0,,,,False,False,False,False,0,,none,0,0,False,-1,0.625,mixed,4,False
C,131.75,-9.555844267122982,46.72430371588017,41.2484842486597,23.612105915347282,0.1777052269664604,False,1.0780059868226046,4.151803583076376,17.14342851204338,-5.872687825259016,False,True,False,True,24,40.0,True,0.4239855736349723,1.0913001873811592,False,-0.6620620884311194,True,1.8475567241588164,True,2,0,0.44736648227053283,False,0.38649888143135824,False,6,1,False,False,False,45.0,18.971347695666168,13.062612110116223,0.422515052217987,24.0,False,3,1,2,5,-10.955667733386187,147.9600067138672,1812969809.5402527,69.79865771812081,False,0.0,0,,,,0.0,0,,,,False,False,False,False,0,,none,0,0,False,-1,0.625,mixed,4,False
CACC,580.0499877929688,-11.739200088413671,41.11764687976258,12.962277517466969,-4.674100815845449,0.09736088172840339,False,1.0866798735802212,10.735285034343523,30.225398569136573,-11.728452626140907,False,True,False,False,25,41.66666666666667,True,0.4400076682697601,1.5508217410712546,True,-0.3360286390432072,True,-9.367189407348631,False,0,0,0.4053055866399159,False,0.6410801045830087,False,3,0,False,False,False,25.0,15.823934476313676,10.735285034343523,0.160903002280169,14.0,False,3,1,2,5,-13.277815911190128,668.8599853515625,85799919.01916504,45.302013422818796,False,0.0,0,,,,0.0,0,,,,False,False,False,False,0,,none,0,0,False,-1,0.625,mixed,4,False
CACI,497.7749938964844,-24.828977776581596,12.935607329979227,4.137028011816812,-13.499350321495605,0.14454063604240283,False,0.9330686475470317,14.347844665939268,-24.828977776581596,-1.0053085159539843,False,False,False,False,28,46.666666666666664,True,0.4684454622067434,1.8837364873868292,True,0.38083138024273583,True,7.84621642461405,False,0,0,0.38873036356921087,False,1.080471010299734,False,4,1,False,False,False,25.0,15.701897218483662,14.347844665939268,0.7789922750585703,13.0,False,2,2,2,3,-3.4702405815212334,515.6699829101562,127777137.89898682,37.852348993288594,False,0.0,0,,,,0.0,0,,,,False,False,False,False,0,,none,0,0,False,-3,0.375,mixed,4,False
CAG,14.725000381469727,-24.59386676077284,17.05087814604498,-17.101151070299093,-34.73752940361151,0.07417501209452129,False,1.17104387601068,9.100170579786043,-12.033425320533741,2.684799336019217,False,True,False,False,27,45.0,True,0.5333268215899215,1.9534809063400098,True,1.7965654909511326,True,3.1162510981780356,True,1,0,0.5649485326083373,False,0.5097589861483971,False,6,2,True,False,False,35.0,18.37133927307777,12.088289579167013,0.7783688452934323,2.0,False,2,2,2,4,-4.071661136598337,15.350000381469727,326878273.4277177,18.926174496644297,False,0.0,0,,,,0.0,0,,,,False,False,False,False,0,,none,0,0,False,-2,0.5,mixed,4,False
CAH,227.4499969482422,-5.114517301006671,57.364744707367166,45.19550917714028,27.559130843827862,0.05206901074167932,True,1.005061961142812,4.172348041544963,9.680641953645019,-4.808740845301395,False,True,False,True,25,41.66666666666667,True,0.4651206956919641,1.091250612368338,True,1.8269899524103383,True,-0.4682335481418054,True,2,0,0.4145179838611808,False,0.45547039267429734,False,4,3,True,False,False,35.0,18.958539517103677,7.478571111828041,0.658201490613801,13.0,False,4,3,4,5,-6.480000547085385,243.2100067138672,527126730.60406494,71.67785234899328,False,0.0,0,,,,0.0,0,,,,False,False,False,False,0,,none,0,0,False,-1,0.625,mixed,4,False
CAI,15.239999771118164,-61.221373875380145,4.742265095107556,-48.32146527839626,-65.95784361170868,0.18659696511738963,False,0.9137144237037444,9.055118997155121,-39.04000091552734,-16.72130925418496,False,True,False,False,23,38.333333333333336,False,0.4110386308543513,2.681817934725806,False,-1.566551618300132,True,-7.5803518335357705,False,0,0,0.3720486284806105,False,0.5089607398437382,False,3,3,True,False,False,25.0,24.336503874725874,17.979007650545693,0.02674899663054674,19.0,False,0,2,2,2,-23.685526814581547,19.969999313354492,58825898.21570273,4.228187919463087,False,0.0,0,,,,0.0,0,,,,False,False,False,False,0,,none,0,0,False,-4,0.25,mixed,4,False
CAKE,84.19000244140625,-3.307680330208118,97.05420978641355,31.142505164315672,13.506126831003254,0.2239487156285781,True,1.0557841655116005,5.915195643805247,44.377007884379616,6.327358066331024,False,False,False,True,29,48.333333333333336,True,0.46067282484344385,1.6448540351399847,True,3.9573408325117194,True,-1.8421292567322056,True,2,0,0.4638592851655997,False,1.117952113803336,False,4,2,True,False,False,25.0,14.084191886126037,9.870536817921819,0.7003232939250816,4.0,False,7,3,4,6,-4.220704232161343,87.9000015258789,114554054.32395211,61.81208053691275,False,0.0,0,,,,0.0,0,,,,False,True,False,False,1,,power_play,6,6,True,0,0.75,mixed,4,False
CALM,89.75,-20.90459282988363,25.548602874732108,-10.800656500189753,-28.43703483350217,0.14463419998278812,False,1.269546346708462,10.551533393541087,12.978149659952809,7.036376426053059,False,False,False,False,27,45.0,True,0.44869344258562127,1.742972167394401,True,2.792707625239168,True,1.355163079487176,True,1,1,0.5946245637630336,False,2.243807314584529,True,3,1,False,False,False,35.0,18.040550476719456,11.30919390070073,0.9395236310895356,5.0,True,2,4,3,4,-1.0910269859779387,90.73999786376953,86348464.70968513,22.95302013422819,False,0.0,0,,,,0.0,0,,,,False,False,False,False,0,,none,0,0,False,-2,0.5,mixed,4,False
CALX,35.650001525878906,-47.89534861159957,1.278411230641896,-35.545108225048516,-53.18148655836093,0.07919464792848657,False,1.1724820917982786,16.57783897462654,-34.21294993665519,-7.354464786963333,False,False,False,False,21,35.0,False,0.4441683179328512,2.0630551509389736,True,-1.5159672088852871,True,-8.916703929976421,False,0,1,0.44550349660451943,False,1.7274830810961892,True,5,1,False,False,False,25.0,16.965584790988142,19.63534277808821,0.19857188633510045,9.0,False,0,2,1,2,-13.596696616263538,41.2599983215332,56089482.95200577,8.791946308724832,False,0.0,0,,,,0.0,0,,,,False,False,False,False,0,,none,0,0,False,-4,0.25,mixed,4,False
CAMT,146.36500549316406,-29.449050054725255,90.753289573443,55.310917668679124,37.6745393353667,0.15138774622447917,False,0.8118091601869716,10.603630437595136,1.904198647478328,2.7122845566063702,False,True,False,False,24,40.0,True,0.46102538583000896,3.008231700699907,True,-1.763730293914167,True,0.14711707537393703,True,1,1,0.4758982302616511,False,1.4298753172704477,True,3,0,False,False,False,25.0,37.53728792324596,17.859459849416872,0.2427696927777287,23.0,False,2,2,3,3,-28.424372066410385,204.49000549316406,75483448.36757508,76.84563758389261,False,0.0,0,,,,0.0,0,,,,False,False,False,False,0,,none,0,0,False,-3,0.375,mixed,4,False
CAR,159.86000061035156,-77.60970248469697,82.30128425092556,-22.977596598499474,-40.613974931811896,0.034190953746888846,False,0.7818178220583808,6.530715877358892,31.377383472567068,-2.190407352898893,True,True,False,True,24,40.0,True,0.4014926794559213,2.413942748142826,False,-0.8906920403621381,True,-0.4421789135461429,True,2,0,0.5217629136647062,False,0.635253931166951,False,5,2,True,False,False,25.0,26.804544408970198,12.479667754330253,0.29236016048274094,22.0,False,3,2,4,5,-18.96796350389691,197.27999877929688,89703234.18932343,14.966442953020135,False,0.0,0,,,,0.0,0,,,,False,False,False,False,0,,none,0,0,False,-1,0.625,mixed,4,False
CARR,68.37999725341797,-13.99516675779534,37.34262558060904,-12.598560261501135,-30.234938594813553,0.22230693689170367,False,0.9054393965254579,5.19158115581873,20.192547788279235,-2.0609515121719824,False,False,False,True,22,36.666666666666664,False,0.45004107808505933,1.3630971618558585,True,0.13972804652602175,True,-0.09333328577307842,True,2,0,0.5114580063725435,False,0.51970875679741,False,4,2,True,False,False,45.0,20.375198924861117,7.028310497103754,0.47991627349143495,20.0,False,0,2,2,4,-10.596809385195083,76.48496298978219,376239063.1737,22.08053691275168,False,0.0,0,,,,0.0,0,,,,False,False,False,False,0,,none,0,0,False,-2,0.5,mixed,4,False
CART,42.689998626708984,-17.5391186995692,29.638622019688142,-14.345909919720679,-31.982288253033097,0.07786560357141217,False,0.8449225188824491,11.899747000404881,6.99247366950726,-6.749672859286493,False,True,False,False,25,41.66666666666667,True,0.35803411318604933,1.3765540268065322,False,-0.6699440308776523,True,-6.831080508428711,False,0,0,0.3090961945136421,False,0.8045436259648195,False,6,3,True,False,False,35.0,18.939239724076685,16.537834622636712,0.3004291125262056,18.0,False,1,2,2,3,-13.249340741851267,49.209999084472656,198294281.99565983,21.073825503355707,False,0.0,0,,,,0.0,0,,,,False,False,False,False,0,,none,0,0,False,-3,0.375,mixed,4,False
CASY,872.7999877929688,-4.7452787481651715,76.9761913675569,66.54808328175761,48.91170494844519,0.06197578381845882,True,0.9092305142943317,4.832700522484162,40.25004602275608,9.452986694378506,True,True,False,True,23,38.333333333333336,False,0.5848946220684372,1.9456417857656754,True,1.7129406261646198,True,1.5923261888364237,True,2,0,0.4709353616514925,False,0.8147623995085392,False,3,1,False,False,False,35.0,19.227242342302876,8.770601026366865,0.691423771898163,29.0,False,6,2,5,5,-5.933069918787748,927.8499755859375,379078717.5022217,82.01342281879195,True,0.0,0,,,,0.0,0,,,,False,False,False,False,0,,none,0,0,False,-1,0.625,mixed,4,False
CAT,883.2451782226562,-16.904532272608876,118.54281572661942,107.48644216851031,89.85006383519789,0.14166382701247343,False,1.0085826234211577,5.471861861951095,41.48420130503732,-8.162315176288748,False,True,False,True,27,45.0,True,0.5444202594256529,2.2799715779362915,True,-1.0970886403017008,True,0.5229788517513656,True,2,0,0.38575322347408714,False,0.4997922155944111,False,7,2,True,False,False,25.0,21.903936919968167,14.273058724411266,0.19799127855954374,17.0,False,4,2,2,4,-17.56714844369608,1071.4723093369823,3188599646.0241823,89.39597315436242,True,0.0,0,,,,0.0,0,,,,False,False,False,False,0,,none,0,0,False,-2,0.5,mixed,4,False
CAVA,63.095001220703125,-35.21408602923815,44.74650378489904,-26.85485780413366,-44.49123613744608,0.11604944362812743,False,0.8257559216901401,12.547738884264403,-4.862784211340676,-17.930536583235877,False,False,False,False,19,31.666666666666664,False,0.47887440716866664,2.6681731821085624,True,-3.833940079075907,True,-8.35874710379423,False,0,0,0.38714259677145285,False,0.4896382497035325,False,6,2,True,False,False,25.0,32.80401709247,21.423253576667825,0.0740740598158161,24.0,False,0,2,2,2,-30.37409036816332,90.62000274658203,217607273.91528854,12.885906040268457,False,0.0,0,,,,0.0,0,,,,False,False,False,False,0,,none,0,0,False,-4,0.25,mixed,4,False
CB,358.0249938964844,-0.8707864480225647,35.419476419774696,33.31936701794962,15.682988684637198,0.3391006167062606,True,1.1604511294463449,5.626707597144606,19.70431864602824,-0.8707864480225647,False,False,False,True,25,41.66666666666667,True,0.5585020429207977,1.2631952671216709,True,2.787316523757769,True,1.6654333749957395,True,2,2,0.671931534000674,True,1.4609107727931918,True,5,1,False,False,False,45.0,15.779222192657304,6.7467353372208425,0.873958631721385,13.0,True,7,5,5,6,-1.9888347555348185,365.2900085449219,719407177.806311,63.8255033557047,False,0.0,0,,,,0.0,0,,,,False,True,False,False,1,,power_play,6,6,True,0,0.75,mixed,4,True
CBRE,138.60000610351562,-19.23547251875295,11.200262180863408,-4.142741812080186,-21.779120145392604,0.11074585115885478,False,1.0348663038710626,4.624822063371312,-18.09962205124548,-2.104814019634671,False,True,False,True,26,43.333333333333336,True,0.5079444179668887,1.458440492958224,True,0.9820986083638029,True,-1.6742341784518278,True,2,0,0.43189115666174704,False,1.1374889611042247,False,6,1,False,False,False,45.0,16.352759131700616,8.520921384212109,0.7108032128771644,13.0,False,1,2,3,4,-4.729165401481428,145.47999572753906,221465262.9273712,28.993288590604028,False,0.0,0,,,,0.0,0,,,,False,False,False,False,0,,none,0,0,False,-2,0.5,mixed,4,False
CBRL,52.41999816894531,-19.49913392483892,113.78462086085194,-19.49913392483892,-37.13551225815134,0.09618020993041632,False,0.9949889728829745,8.966045263473188,75.85086498645694,-1.5365050630828048,True,True,False,False,27,45.0,True,0.5140952432952107,2.7010959535414902,True,3.689681435956726,True,-2.219739652784991,True,1,0,0.5346135301747543,False,0.9796124889282551,False,3,1,False,False,False,25.0,20.498865818490334,10.44907412407575,0.7086132712074842,2.0,False,4,1,4,5,-5.97309745480662,55.75,53593568.328559116,17.114093959731544,False,0.0,0,,,,0.0,0,,,,False,False,False,False,0,,none,0,0,False,-1,0.625,mixed,4,False
CBSH,59.150001525878906,-0.4208754100638923,25.209014541163643,2.5920307168353363,-15.044347616477083,0.08125991723966274,False,0.9630469396360761,2.806424014521517,12.349032385680658,1.9300409618164815,False,True,False,True,27,45.0,True,0.359910485079896,0.6534748620208108,False,3.8967867626338992,True,0.01691264175465168,True,2,1,0.5342532882210694,False,1.3405740529221397,True,4,1,False,False,False,45.0,18.762608423566494,5.054941312996193,0.8587742000014907,6.0,True,5,4,3,6,-2.6497643846769448,60.7599983215332,71723844.2194542,36.10738255033557,False,0.0,0,,,,0.0,0,,,,False,True,False,False,1,,power_play,6,6,True,0,0.75,mixed,4,False
CCC,5.829999923706055,-41.87437608257013,38.15166382843083,-40.991904289710035,-58.62828262302246,0.05047045831032579,False,1.1029685595037866,11.646661861762043,-26.015230469070993,4.480286799609101,False,False,False,False,26,43.333333333333336,True,0.40642967843876565,2.5059339940935628,False,2.4730963960899452,True,-3.636367935421281,True,1,0,0.4297510746254637,False,0.9819023592937437,False,5,1,False,False,False,25.0,34.17367038235052,13.464842787686576,0.7285973735741028,9.0,False,2,2,2,3,-9.274823896382822,6.426000118255615,60082629.19599245,6.644295302013423,False,0.0,0,,,,0.0,0,,,,False,False,False,False,0,,none,0,0,False,-3,0.375,mixed,4,False
CCEP,105.00499725341797,-3.8968811418573113,25.06821031668034,7.6258314225609025,-10.010546910751515,0.1322190250284983,False,1.0281979751531345,4.256941419573843,18.115389114313185,-1.505490430301859,False,False,False,True,29,48.333333333333336,True,0.4741604697519499,0.9337596794821277,True,2.771204759160713,True,-0.16638434231797117,True,2,0,0.43338511489943343,False,1.0333282280342184,False,4,4,True,False,False,45.0,18.502285055918236,4.599782826904906,0.7781341425160204,13.0,False,4,3,3,6,-4.105025339344326,109.5,191307059.3240471,40.46979865771812,False,0.0,0,,,,0.0,0,,,,False,True,False,False,1,,power_play,6,6,True,0,0.75,mixed,4,False
CCI,75.8550033569336,-30.204497814693287,1.7232180063942781,-30.204497814693287,-47.840876148005705,0.10500477715631847,False,0.8358377896278402,7.18476611488879,-10.277928631078037,-0.9725785013418697,True,False,False,True,22,36.666666666666664,False,0.48780574074900784,1.6598848455717117,True,-3.8806091166578662,True,-4.187185662095971,True,2,0,0.3516427081188655,False,0.632052530032474,False,4,2,True,False,False,25.0,14.581881945674185,9.280865604079953,0.16719650271846495,24.0,False,0,2,4,4,-12.14384228130394,86.33999633789062,319235140.0813137,11.073825503355705,False,0.0,0,,,,0.0,0,,,,False,False,False,False,0,,none,0,0,False,-2,0.5,mixed,4,False
CCJ,87.01000213623047,-35.11074314822431,23.711382142483295,9.083351968901132,-8.553026364411286,0.12746989806459105,False,0.7254908502115818,8.849553797489165,-29.85327193323284,-9.871554473710475,False,False,False,False,13,21.666666666666668,False,0.3710975852726605,1.5580203808800839,False,-4.24376324558431,True,1.6234516994382275,True,1,0,0.39323840707443375,False,0.45075504666657196,False,7,2,True,False,False,25.0,25.41931732075148,13.894950052939281,0.1362032854320004,22.0,False,0,2,2,3,-21.95712278822658,111.48999786376953,330383508.36931384,41.67785234899329,False,0.0,0,,,,0.0,0,,,,False,False,False,False,0,,none,0,0,False,-3,0.375,mixed,4,False
CCK,116.30999755859375,-1.4238497631939073,30.155581545908426,12.9758850145131,-4.660493318799318,0.09054199477307279,False,1.2502449890464495,7.1876887506080696,12.686486351837512,2.66572214552121,False,False,False,True,26,43.333333333333336,True,0.45644198557420373,1.2410259776614487,True,3.4933601111972443,True,-0.7678538801372037,True,2,0,0.45444441082684933,False,0.7033673546305649,False,4,0,False,False,False,25.0,17.452365002609447,11.16843415512932,0.7435291963465074,3.0,False,4,2,2,5,-4.476022077873331,121.76000213623047,128238438.67921905,45.369127516778526,False,0.0,0,,,,0.0,0,,,,False,False,False,False,0,,none,0,0,False,-1,0.625,mixed,4,False
CCL,26.190000534057617,-22.117636822591315,10.160587274834754,-11.107394422615101,-28.74377275592752,0.26629343671834343,False,0.7945988871596816,6.376479733638297,-7.277697397893124,-6.162663284693548,False,True,False,True,19,31.666666666666664,False,0.3686929150238641,1.357198667236747,False,-1.1996281331936862,True,-0.833015201157028,True,2,0,0.5094747820366189,False,1.153220467051176,False,7,3,True,False,False,25.0,19.80830353583445,8.400148189114889,0.1758065086745924,24.0,False,0,2,3,4,-16.325874848432807,31.299999237060547,482750101.1630918,22.684563758389263,False,0.0,0,,,,0.0,0,,,,False,False,False,False,0,,none,0,0,False,-2,0.5,mixed,4,False
CDE,15.151000022888184,-44.13254340205249,74.74669279236679,61.36185475724179,43.725476423929365,0.10029122249786847,False,0.8690939808670842,16.368559779316076,-41.90726355977725,-12.421961323378072,True,False,False,False,23,38.333333333333336,False,0.32104442973693165,1.5716978524031116,False,-1.9203196763820565,True,5.5818788858904345,False,0,1,0.4524538397544358,False,1.4098846292289493,True,4,2,True,False,False,25.0,23.37733734135329,16.896570933107153,0.28729405122644763,24.0,False,1,3,3,2,-16.661167389668595,18.18000030517578,524214934.40104103,79.53020134228188,False,0.0,0,,,,0.0,0,,,,False,False,False,False,0,,none,0,0,False,-3,0.375,mixed,4,False
CDNS,327.4549865722656,-21.358588089885068,23.260928276110683,0.8671056545129119,-16.769272678799506,0.16011490910782614,False,0.9925875964260734,6.193217269825057,2.8697471217203896,-12.24340094407057,False,False,False,True,17,28.333333333333332,False,0.5238145793012116,2.0024412755062113,True,-2.9570808173036123,True,-0.8042770279939715,True,2,0,0.32324233679948244,False,0.6133255647309738,False,4,2,True,False,False,25.0,20.217854038676496,21.660990238158366,0.09104895304859786,24.0,False,0,2,2,3,-18.377039595565638,401.17999267578125,741474138.0179138,34.02684563758389,False,0.0,0,,,,0.0,0,,,,False,False,False,False,0,,none,0,0,False,-3,0.375,mixed,4,False
CDW,132.375,-25.93407263274823,34.09859127606873,-25.381135309550352,-43.01751364286277,0.052075515977378875,False,0.9478300486923285,4.653449414246931,6.215528319019481,-0.7460412038803987,False,True,False,True,26,43.333333333333336,True,0.42698923091085045,1.9318676875505763,False,0.9018514928652407,True,-0.6492085391038516,True,2,1,0.46888152674130235,False,0.7629312873953624,False,1,1,False,False,False,45.0,29.689877207343486,13.907462634265816,0.6898666583859764,9.0,False,1,3,3,4,-9.207820830423474,145.8000030517578,258780565.72195435,13.48993288590604,False,0.0,0,,,,0.0,0,,,,False,False,False,False,0,,none,0,0,False,-2,0.5,mixed,4,False
CE,47.06999969482422,-32.019062468148874,32.61678607867016,-17.381010442206566,-35.01738877551898,0.06663312002234101,False,0.8908253917188189,12.513276880892136,-0.8444016114498964,-1.2793636880185755,False,False,False,False,21,35.0,False,0.4334097537275341,1.9998783145218666,False,-1.8088159697924806,True,2.997809428913123,True,1,0,0.4009408814122919,False,1.0065341471227123,False,4,3,True,False,False,25.0,15.108612699848958,12.513276880892136,0.4236198779492895,24.0,False,1,2,2,4,-8.70830403195586,51.560001373291016,86144364.07704982,18.523489932885905,False,0.0,0,,,,0.0,0,,,,False,False,False,False,0,,none,0,0,False,-2,0.5,mixed,4,False
CECO,76.79499816894531,-22.950737855162593,126.66763798073713,126.66763798073713,109.0312596474247,0.055790398087805136,False,0.7938367050831241,9.818348974941966,12.207766553912759,-6.5185675684335305,True,True,False,False,24,40.0,True,0.3666054415352621,1.839870092355202,False,-2.084421134183513,True,-3.9221845668221067,True,1,0,0.26772008891577515,False,0.32714762410165105,False,5,3,True,False,False,25.0,24.23999786376953,11.732537731700827,0.042697859897991464,23.0,False,4,2,3,4,-23.205001831054684,100.0,60943336.15431595,91.61073825503355,True,0.0,0,,,,0.0,0,,,,False,False,False,False,0,,none,0,0,False,-2,0.5,mixed,4,False
CEG,277.69500732421875,-30.97692032168611,17.418607748084035,-13.217007979029049,-30.853386312341467,0.12607026664656004,False,0.7885971550657354,9.95697021048386,-3.6534972963821466,16.068968578565833,False,True,False,False,23,38.333333333333336,False,0.5239578782568709,1.8497170625095922,True,1.7519535677675735,True,10.02615317396296,False,0,0,0.5880410330034411,False,0.836710635311443,False,6,1,False,False,False,25.0,19.14629778064663,12.25445655864986,0.9062618548763034,24.0,True,1,3,4,3,-1.794738439943766,282.7699890136719,803840361.6405213,21.74496644295302,False,0.0,0,,,,0.0,0,,,,False,False,False,False,0,,none,0,0,False,-2,0.5,mixed,4,False
CELC,85.26499938964844,-41.18843847265179,519.2083990932268,506.8683148194945,489.2319364861821,0.09919643838628119,False,1.0049074539601974,8.684696489413694,-22.521583802639878,-21.014356831774915,False,True,False,False,22,36.666666666666664,False,0.4594179861585656,2.8943968298768303,True,-2.6097772717083507,True,-3.524550758739775,True,1,0,0.39046928025980376,False,0.7118988756366893,False,4,2,True,False,False,25.0,29.567441771758794,33.71254671007692,0.07822595434030809,13.0,False,3,2,2,2,-27.254500421761474,117.20999908447266,171845746.94460982,99.39597315436242,True,0.0,0,,,,0.0,0,,,,False,False,False,False,0,,none,0,0,False,-4,0.25,mixed,4,False
CELH,26.780000686645508,-58.71106932679946,0.0,-42.17231722629424,-59.80869555960666,0.27480328795634634,False,0.8463765655931375,11.090363096351801,-52.12727682503162,-19.240045808578355,False,False,False,False,19,31.666666666666664,False,0.4112072924185963,2.2671266175059483,False,-2.1784922363982644,True,-7.623315287757981,False,0,0,0.4102104928554179,False,0.8815499464316593,False,5,1,False,False,False,25.0,22.374957643916126,16.542189261542006,0.03137252848682134,14.0,False,0,1,1,1,-21.672998647840945,34.189998626708984,237153147.16195488,6.241610738255034,False,0.0,0,,,,0.0,0,,,,False,False,False,False,0,,none,0,0,False,-5,0.125,mixed,4,False
CENX,45.75,-33.47389525485362,124.15482774146555,100.48203598519989,82.84565765188746,0.06211727933682136,False,0.6244024902610547,14.229504527941428,-6.0767791831394575,4.547536002732366,False,True,True,False,22,36.666666666666664,False,0.37684347244179406,1.7357882800347753,False,-3.7196172265271925,True,10.24096385542168,False,1,1,0.5080737006187647,False,1.4951871117397137,True,5,2,True,False,False,25.0,26.14259421866249,15.191250160092212,0.37412578738156765,24.0,False,3,3,2,4,-16.36197557240857,54.70000076293945,93691780.02906838,88.7248322147651,True,0.0,0,,,,0.0,0,,,,False,False,False,False,0,,none,0,0,False,-2,0.5,mixed,4,False
CF,125.91500091552734,-8.118410388408437,67.04429252994922,37.55753015188819,19.92115181857577,0.06806130903065452,True,0.9912355073849209,7.370056261141664,37.58822932112129,13.908992104812178,False,True,False,True,28,46.666666666666664,True,0.4567364395834631,1.472870091418152,True,2.6434706953230482,True,3.7020283432450896,True,2,2,0.4632849509702444,False,1.6640844934996961,True,1,1,False,False,False,25.0,22.56824714708757,12.818170410431309,0.859114096206775,1.0,False,6,3,4,6,-3.179547896346302,130.0500030517578,277463434.9199352,67.11409395973155,False,0.0,0,,,,0.0,0,,,,False,True,False,False,1,,power_play,6,6,True,0,0.75,mixed,4,False
CFG,71.76000213623047,-3.54838620363489,57.46554148473591,50.3265974482574,32.69021911494498,0.07894739344379205,True,1.146331247966516,4.180601882236217,16.193761871725076,1.098899327145042,False,True,False,True,24,40.0,True,0.4907592828665467,1.156568349357514,True,2.5459352384071074,True,-0.8702821642903036,True,2,0,0.5516184101441777,False,1.022450785948129,False,4,2,True,False,False,35.0,16.787145399107228,7.190629708899694,0.7655505987463819,6.0,False,6,3,4,6,-3.9357361875781205,74.69999694824219,357984659.3644546,73.95973154362416,False,0.0,0,,,,0.0,0,,,,False,True,False,False,1,,power_play,6,6,True,0,0.75,mixed,4,False
CFR,162.9199981689453,-0.3669313159482823,39.04485364909356,24.069979901758455,6.433601568446036,0.1311701522387545,True,0.9627547573524653,2.3140124331222123,20.294166888429555,5.204699423238268,False,False,False,True,28,46.666666666666664,True,0.388490764640797,0.7151570497713226,False,5.558196771695557,False,0.7856506776450667,True,2,3,0.7092546194432695,True,1.9354337021003687,True,2,1,False,False,False,35.0,17.117388257150235,4.492997880983879,0.9682596432685814,6.0,True,6,5,5,5,-0.5433120095921451,163.80999755859375,86853644.59778443,55.90604026845638,False,0.0,0,,,,0.0,0,,,,False,False,False,False,0,,none,0,0,False,-1,0.625,mixed,4,False
CG,44.57500076293945,-34.395833831607646,10.007404391326546,-26.581259740020656,-44.21763807333308,0.06127786649632705,False,0.8896826031632351,6.438584145288316,-26.25199981495262,4.074244355085499,True,True,False,True,25,41.66666666666667,True,0.3838510847168979,1.340998713340418,False,-0.04610011537378319,True,-3.2450595654176295,True,2,0,0.3970929739405989,False,0.9836258839869116,False,5,2,True,False,False,25.0,17.551531375032006,10.835665583147177,0.5901544612950783,7.0,False,2,2,3,5,-7.193416831496324,48.029998779296875,128414184.40234356,13.020134228187919,False,0.0,0,,,,0.0,0,,,,False,False,False,False,0,,none,0,0,False,-1,0.625,mixed,4,False
CGNX,62.255001068115234,-14.036174203037977,85.67490401829015,83.44701697211802,65.8106386388056,0.16304815958601118,False,0.9666325456104471,5.814798304510938,57.01973020521087,-8.178468634300184,False,True,False,True,23,38.333333333333336,False,0.5080766241614865,2.3808916925338157,True,-0.8689017212048247,True,-2.8328369523242025,True,2,1,0.4641671309226217,False,1.5621566543701948,True,3,3,True,False,False,25.0,16.671237882918312,9.17195855947769,0.12551455252336777,17.0,False,3,3,2,4,-14.578754920033198,72.87999725341797,153146999.29904842,86.04026845637584,True,0.0,0,,,,0.0,0,,,,False,False,False,False,0,,none,0,0,False,-2,0.5,mixed,4,False
CGON,69.2300033569336,-7.987765387391033,189.12091977139536,164.84317128312176,147.20679294980934,0.05926727217062966,True,1.0213748458619318,8.088976170127886,28.65638652686675,-1.6060222336776397,False,True,False,False,24,40.0,True,0.528221525733675,2.8434400840335945,True,1.0069372912621655,True,-3.646479015766668,True,1,0,0.4074152167433195,False,0.700270600056633,False,3,2,True,False,False,35.0,30.896105085100444,9.807887601160004,0.6733923352648945,17.0,False,6,3,5,5,-10.090904731255069,77.0,82938556.10959473,93.89261744966443,True,0.0,0,,,,0.0,0,,,,False,False,False,False,0,,none,0,0,False,-1,0.625,mixed,4,False
CHD,97.50499725341797,-7.065053499036445,20.375961569888258,1.544229812262543,-16.092148521049875,0.1554854326460381,False,1.002599132543436,3.045998978887222,6.162022958593716,-1.110548922564658,True,True,False,True,25,41.66666666666667,True,0.33243110304731643,0.6731375030470437,False,0.3583139192128639,True,-0.5761215898485106,True,2,1,0.6699974642787835,True,1.0348275325999763,False,4,2,True,False,False,55.0,11.07007705518325,6.799648674607351,0.6934579592198478,5.0,False,3,4,4,6,-3.3934440120894083,100.93000030517578,159222689.0899643,35.23489932885906,False,0.0,0,,,,0.0,0,,,,False,True,False,False,1,,power_play,6,6,True,0,0.75,mixed,4,False
CHDN,85.4800033569336,-27.306738652061966,4.066233250673812,-24.561030938566518,-42.19740927187894,0.09159720083677565,False,0.9413874271323476,5.56855632814428,-16.637407261823423,-5.972940365680534,True,True,False,True,18,30.0,False,0.49659233860037205,1.7728337954308921,True,-0.42915998026750085,True,1.82252110102481,True,2,0,0.45784339879661073,False,1.0117203977798335,False,5,1,False,False,False,25.0,11.384243753865544,6.832002934657024,0.4193861338292685,16.0,False,0,1,3,4,-6.609849779361876,91.52999877929688,75476206.7103653,13.758389261744966,False,0.0,0,,,,0.0,0,,,,False,False,False,False,0,,none,0,0,False,-2,0.5,mixed,4,False
CHE,509.8799133300781,-0.7397756190402394,38.52168870033614,10.715308811828606,-6.921069521483812,0.15856922751578503,False,0.9765419254566234,4.69914401973456,14.426279874186697,4.129377428572156,False,False,False,True,26,43.333333333333336,True,0.45002059054036725,1.0582970735746358,True,4.403057126735754,False,-0.029426788537534332,True,2,3,0.7135096849835468,True,1.6399298655756867,True,2,0,False,False,False,25.0,17.30984602456873,7.144818166664622,0.9122954995253124,4.0,True,5,5,5,5,-1.5181513988785533,517.739990234375,77327659.90634918,43.22147651006711,False,0.0,0,,,,0.0,0,,,,False,False,False,False,0,,none,0,0,False,-1,0.625,mixed,4,False
CHEF,93.86000061035156,-8.304024960254253,71.90476782675852,51.65616664402543,34.01978831071301,0.11234133573499198,True,1.2540200771658254,7.436603113306668,46.90875177181315,-1.8406212985529136,False,True,False,True,27,45.0,True,0.4241376252503908,1.4631599376921374,False,1.2926480273527494,True,-3.3268059010921114,True,2,0,0.5065700646706887,False,1.1351456229436176,False,4,2,True,False,False,35.0,26.859146636632648,11.83677875357511,0.6739051558461641,5.0,False,5,3,4,5,-8.758629236577754,102.87000274658203,50556370.655786134,74.83221476510067,False,0.0,0,,,,0.0,0,,,,False,False,False,False,0,,none,0,0,False,-1,0.625,mixed,4,False
CHH,109.07499694824219,-18.474782040440196,30.329770827024237,-17.077318253597507,-34.713696586909926,0.06961889299356064,False,0.8949281964935752,6.940178690462218,4.6529024174801314,-2.932282386582097,True,False,False,True,23,38.333333333333336,False,0.46518521940480734,1.5313891637643724,True,-0.18862718863930555,True,-2.4722813664038723,True,2,1,0.6049298917245768,True,0.8420435877942251,False,3,1,False,False,False,35.0,12.990752516793744,7.581936167269069,0.4406409125804255,24.0,False,0,2,2,3,-7.2664954726872955,117.62199380280774,67842915.76945,18.993288590604028,False,0.0,0,,,,0.0,0,,,,False,False,False,False,0,,none,0,0,False,-3,0.375,mixed,4,False
CHKP,129.02000427246094,-41.88549729075901,14.71503767416278,-41.88549729075901,-59.52187562407143,0.3518131147540984,False,1.0448018816874247,10.292982459252636,-28.808692096186196,-5.53521559323541,False,False,False,False,23,38.333333333333336,False,0.4973680521922822,2.0587444675511315,True,-0.19846271399165047,True,-5.893509461227875,False,0,0,0.5196295497282545,False,1.01306863084922,False,4,2,True,False,False,25.0,17.297683606391555,11.19981715945505,0.4678601791386113,13.0,False,0,2,2,4,-9.204786255622178,142.10000610351562,155030998.23571166,6.375838926174497,False,0.0,0,,,,0.0,0,,,,False,False,False,False,0,,none,0,0,False,-2,0.5,mixed,4,False
CHRD,140.4600067138672,-5.318493170058625,70.88165251917229,34.212116884496304,16.575738551183886,0.08182826530732651,True,0.9583287534023465,11.29858632964219,49.882091350831104,23.949882714553674,False,False,False,False,23,38.333333333333336,False,0.5366936363435694,1.6766770119209615,True,2.2214652004918545,True,9.648711960531564,False,0,2,0.6103466423073882,True,1.1203597923328887,False,1,2,True,False,False,45.0,25.932089041029787,15.990316111992076,0.7499360462770315,44.0,False,5,4,4,5,-6.484680713895974,150.1999969482422,99958462.30897598,64.56375838926175,False,0.0,0,,,,0.0,0,,,,False,False,False,False,0,,none,0,0,False,-1,0.625,mixed,4,False
CHRW,190.72500610351562,-8.92703286643517,98.40338922248837,87.78802443924536,70.15164610593294,0.6266321492563648,True,0.919723781424154,11.707957067221233,8.701906921312453,0.46089016163786134,False,False,False,False,33,55.00000000000001,True,0.4628026949148926,1.213464870477063,True,0.811139914112863,True,-8.525176928769485,False,0,1,0.5308201820604233,False,1.5196750080748112,True,3,2,True,False,False,45.0,18.14274045890588,11.707957067221233,0.4862372195902136,2.0,False,5,3,3,5,-9.321064782420606,210.3300018310547,321132948.99818116,86.57718120805369,True,0.0,0,,,,0.0,0,,,,False,False,False,False,0,,none,0,0,False,-1,0.625,mixed,4,False
CHTR,121.54499816894531,-68.01447416606703,0.0,-68.01447416606703,-85.65085249937945,1.4541072979318774,False,0.8772384440047011,16.84150029131614,-36.592938274859755,-11.410349218304006,True,False,False,False,20,33.33333333333333,False,0.41082576880837385,2.5655221892349327,False,-2.373231150947524,True,-7.478874410764713,False,0,0,0.3277531674239552,False,0.34272277485006286,False,5,1,False,False,False,25.0,33.644635865351965,20.92228644442779,0.17671491422596175,18.0,False,0,1,3,2,-27.699126924242577,168.11000061035156,434344166.9652138,1.006711409395973,False,0.0,0,,,,0.0,0,,,,False,False,False,False,0,,none,0,0,False,-3,0.375,mixed,4,False
CHWY,20.709999084472656,-51.074892065610264,18.275264498926667,-44.402687021549916,-62.03906535486233,0.08627404434939581,False,0.9265697240142922,8.305163637810411,-34.648157982151574,-0.6714690380605237,False,False,False,False,16,26.666666666666668,False,0.44038265297728396,1.9581547581140106,True,0.38068822648499606,True,-1.051128607240015,True,1,1,0.5045966427599449,False,1.493968763892634,True,3,2,True,False,False,25.0,20.90909264304421,9.46402303775169,0.7195650416195877,4.0,False,1,4,3,5,-5.863640525124292,22.0,176355617.52464104,5.6375838926174495,False,0.0,0,,,,0.0,0,,,,False,False,False,False,0,,none,0,0,False,-1,0.625,mixed,4,False
CHYM,20.81999969482422,-42.48618990047328,26.642329796114407,-42.48618990047328,-60.1225682337857,0.059819493846009014,False,1.0121073139171748,10.302596009628722,-21.31519117458368,-0.2395838159967023,False,True,False,False,19,31.666666666666664,False,0.47769706309861093,2.8727772971154946,True,1.640007742314114,True,-6.762204362028612,False,0,1,0.5397278688014192,False,1.990308705479284,True,3,1,False,False,False,25.0,27.743640964321276,11.815566896635628,0.6898733394074726,7.0,False,0,3,3,4,-8.604042724943007,22.780000686645508,123711448.61573449,6.174496644295302,False,0.0,0,,,,0.0,0,,,,False,False,False,False,0,,none,0,0,False,-2,0.5,mixed,4,False
CI,289.6300048828125,-5.286564001354444,20.518290073497568,0.7200554148381499,-16.91632291847427,0.10137111054895016,False,1.1516669148862837,4.367639292621876,4.9116575509430715,0.6463550544362873,False,True,False,True,23,38.333333333333336,False,0.43205075401589355,1.2129100603544654,False,0.4062729904306088,True,2.9063749586069054,True,2,0,0.5648132381468342,False,0.69546675985521,False,4,1,False,False,False,45.0,11.972327877698467,9.177231861939966,0.5676581403246395,8.0,False,2,1,2,6,-5.176138499287319,305.44000244140625,464674272.1859741,33.95973154362416,False,0.0,0,,,,0.0,0,,,,False,True,False,False,1,,power_play,6,6,True,0,0.75,mixed,4,False
CIEN,388.6875,-38.00837320574163,348.6236181188611,345.79365651607503,328.15727818276264,0.12998910829554056,False,0.7758149028822514,10.496861307083133,69.6288299883618,-7.994246115177816,False,True,False,False,26,43.333333333333336,True,0.39461341715051923,2.437795545819916,False,-3.524378765480467,True,3.8133319618178563,True,1,1,0.2823207159135556,False,3.0495038687436864,True,6,2,True,False,False,25.0,27.4037953912181,27.695769453991797,0.21898976269383405,20.0,False,6,3,2,3,-21.402644741584865,494.5299987792969,999256732.811142,98.45637583892616,True,0.0,0,,,,0.0,0,,,,False,False,False,False,0,,none,0,0,False,-3,0.375,mixed,4,False
CIFR,24.239999771118164,-16.929405354328896,413.55934001289285,264.51126952621246,246.87489119290004,0.2539948216991929,True,0.9600520804703956,33.25082319326517,37.96243706400746,20.958077164240983,False,False,False,False,23,38.333333333333336,False,0.4903199122126152,5.2505874613383465,True,0.4635474782444577,True,38.04100517276006,False,0,1,0.5044612359629714,False,1.5107481975015873,True,5,2,True,True,False,,,,,,False,6,3,3,3,,,568787536.2829555,97.11409395973153,True,0.0,0,,,,0.0,0,,,,False,False,False,False,0,,none,0,0,False,-3,0.375,mixed,4,False
CINF,181.0,-5.74389358402998,26.5849347269965,25.14677717942839,7.510398846115972,0.06750328968656298,False,1.2389782975828731,2.834248411062673,16.580387926565265,-5.74389358402998,False,True,False,True,32,53.333333333333336,True,0.5222262486497412,1.3945113590904616,True,1.8488089509792338,True,0.11616058502463833,True,2,0,0.5644435222435208,False,1.0989498419806645,False,3,0,False,False,False,35.0,18.31635299170012,6.3149130805421265,0.6129711350733296,13.0,False,2,2,3,5,-7.08895730797392,194.80999755859375,163228458.50664443,57.11409395973155,False,0.0,0,,,,0.0,0,,,,False,False,False,False,0,,none,0,0,False,-1,0.625,mixed,4,False
CL,90.94999694824219,-7.161718068446299,23.50422179169731,5.397780094802318,-12.2385982385101,0.1588520877223429,False,1.0112892649922791,3.2985157786286017,6.208025393709682,-3.8458907722690228,True,False,False,True,30,50.0,True,0.4260695526566921,0.8355464784039482,False,0.3999569682242732,True,-1.622506820034686,True,2,0,0.5644296586900607,False,0.9310542088365626,False,5,0,False,False,False,65.0,14.779709804245314,6.93113416442499,0.6801548351479825,13.0,False,2,2,3,4,-4.727218718803828,95.4627289401835,402612085.5327072,38.85906040268456,False,0.0,0,,,,0.0,0,,,,False,False,False,False,0,,none,0,0,False,-2,0.5,mixed,4,False
CLBK,10.854999542236328,-2.5265377581370485,73.93298586849846,66.41811808482252,48.7817397515101,0.18460505579410094,True,1.5199977132462172,9.589211030607895,50.10055899221308,12.805851165308457,False,False,False,False,28,46.666666666666664,True,0.5433035622959812,1.7383868310219823,True,3.523903483456426,True,1.9683909680647815,True,1,3,0.6705327502855746,True,7.10758853230958,True,2,0,False,False,False,25.0,24.274095978185777,22.47811776397935,0.6891546461850845,4.0,False,7,4,3,4,-7.5454899528763715,11.7409086227417,83008248.42199378,81.81208053691276,True,0.0,0,,,,0.0,0,,,,False,False,False,False,0,,none,0,0,False,-2,0.5,mixed,4,False
CLF,11.045000076293945,-31.736712806112944,41.24040708233654,1.237398998808037,-16.398979334504382,0.8264122574737117,False,0.8278011730170437,28.248074821254065,-26.805831911143084,12.018260252313606,False,False,False,False,23,38.333333333333336,False,0.3850500444511785,2.0852891358764443,False,-0.35363836583693836,True,19.019400798599495,False,0,0,0.37929421906642713,False,0.9467243597980156,False,5,1,False,True,True,25.0,30.61224245365884,28.248074821254065,0.565384651123893,24.0,False,1,1,1,3,-13.304550433876905,12.739999771118164,218449617.3679778,34.697986577181204,False,0.0,0,,,,0.0,0,,,,False,False,False,False,0,,none,0,0,False,-3,0.375,mixed,4,False
CLH,307.4549865722656,-1.9907635931630474,52.409157331030265,33.13774577732011,15.501367444007695,0.05691009122543027,True,0.8234285008528053,5.112943977901046,18.475193635090157,5.582065138677872,False,True,False,True,28,46.666666666666664,True,0.2802673096311071,0.580412739522182,False,2.284879951355639,True,-1.0061820255996667,True,2,1,0.46687228818858423,False,0.9663562664329536,False,1,2,True,False,False,45.0,12.855694346610985,5.112943977901046,0.8165756844024912,4.0,True,6,5,5,6,-2.3580469370578783,314.8800048828125,122221298.98408051,63.557046979865774,False,0.0,0,,,,0.0,0,,,,False,True,False,False,1,,power_play,6,6,True,0,0.75,mixed,4,False
CLRO,5.162099838256836,-62.70159117526026,89.78308029262725,-9.753496020952158,-27.389874354264578,0.0007968259593256096,False,2.3301349699259823,47.46130230004356,-24.750732685302847,-20.33796569347981,False,True,False,False,8,13.333333333333334,False,0.4698155763933625,11.265066670884643,True,0.18286075747050995,True,-29.286305433134697,False,0,2,0.2902684444642387,False,18.10507216609139,True,2,2,True,True,False,,,,,,False,0,4,3,3,,,95299280.0847536,23.89261744966443,False,0.0,0,,,,0.0,0,,,,False,False,False,False,0,,none,0,0,False,-3,0.375,mixed,4,False
CLS,310.44000244140625,-34.28450329120197,89.31577663730263,89.31577663730263,71.67939830399021,0.2637788564249304,False,0.8623696013073259,14.434350343445631,2.4250243136766825,-7.664849251547324,False,False,False,False,21,35.0,False,0.5408072643741687,3.5720804881258985,True,-2.3793464630117773,True,3.019846755859068,True,1,1,0.3512814820569866,False,1.6416290152232402,True,7,2,True,False,False,25.0,28.293019309447903,26.349702895001798,0.2535250061871063,24.0,False,2,3,2,3,-21.12003141396821,393.55999755859375,574127427.2560943,86.91275167785236,True,0.0,0,,,,0.0,0,,,,False,False,False,False,0,,none,0,0,False,-3,0.375,mixed,4,False
CLSK,14.725000381469727,-36.5301728567527,80.01222288650389,19.327392215482785,1.6910138821703669,0.2827980496671461,False,0.9260085007508762,18.13242789218487,7.403357698749802,16.67987729793383,False,False,False,False,24,40.0,True,0.49256024843070323,4.344143293502444,True,-0.4782089347053369,True,13.008447300344095,False,0,1,0.4707766269513927,False,0.8912232237957133,False,2,1,False,True,False,25.0,37.296587017253046,27.70797839055012,0.3912738727313825,23.0,False,2,2,1,2,-22.70340697534945,19.049999237060547,314211554.1996279,51.40939597315436,False,0.0,0,,,,0.0,0,,,,False,False,False,False,0,,none,0,0,False,-4,0.25,mixed,4,False
CLX,95.33999633789062,-24.18414285196856,10.70598385654895,-24.18414285196856,-41.82052118528098,0.12963888437537052,False,1.0159869813080766,4.814344990766943,-13.983849365369183,-1.9740959861902163,False,True,False,True,27,45.0,True,0.39069182177535017,1.187223367540877,False,0.17344949185187186,True,-1.0174453488772772,True,2,0,0.5072029347566899,False,0.5046374144025305,False,6,3,True,False,False,65.0,15.91383487985162,7.950495198458693,0.66375515507464,30.0,False,1,3,3,4,-5.350944941343494,100.7300033569336,211841532.67429504,14.161073825503356,False,0.0,0,,,,0.0,0,,,,False,False,False,False,0,,none,0,0,False,-2,0.5,mixed,4,False
CM,116.70999908447266,-3.736389689141184,65.8150641254589,60.59960817567151,42.9632298423591,0.08549326250130572,True,1.0061436905823689,5.046696457760538,27.81428434998663,2.4670742062767204,False,True,False,True,28,46.666666666666664,True,0.46477288428253855,0.8923658537863797,True,1.518931610996389,True,-3.736389689141184,True,2,0,0.45098542815854825,False,0.7847144552966322,False,4,1,False,False,False,45.0,14.156436524004649,5.7835661493874815,0.6661213892634972,5.0,False,5,2,4,5,-4.726531359614161,122.5,184581247.16992036,79.26174496644295,False,0.0,0,,,,0.0,0,,,,False,False,False,False,0,,none,0,0,False,-1,0.625,mixed,4,False
CMC,68.13500213623047,-17.583895057741906,37.12216361691125,32.81646410645791,15.180085773145489,0.06750534482868001,False,0.7971321772506591,6.751300109925536,-11.534512134720154,10.734606676371317,False,True,False,True,26,43.333333333333336,True,0.5333978226980788,1.9273442674089887,True,-1.033982956515342,True,2.597497935548687,True,2,1,0.5503584138805669,False,0.6961920798695795,False,1,1,False,False,False,25.0,19.157517095864357,9.451815674908861,0.5753428596388099,20.0,False,3,2,3,4,-8.135376426350371,74.16892323257095,97106043.91347656,63.28859060402685,False,0.0,0,,,,0.0,0,,,,False,False,False,False,0,,none,0,0,False,-2,0.5,mixed,4,False
CMCSA,22.354999542236328,-29.424035319360918,1.984486607793512,-29.29514599981806,-46.93152433313048,0.2847693910495815,False,1.0677955431204704,13.285615630378949,-21.764253935831835,-6.0319517363045305,False,False,False,False,20,33.33333333333333,False,0.4962347523102752,2.3171028280812753,True,-1.6203357872596134,True,-6.0319517363045305,False,0,0,0.4052052427261617,False,0.48242433213018915,False,3,1,False,False,False,25.0,20.406111935539688,15.209124080304711,0.19704064463184107,18.0,False,0,1,1,2,-16.385278485331444,26.73572205621062,950422409.7714428,11.946308724832216,False,0.0,0,,,,0.0,0,,,,False,False,False,False,0,,none,0,0,False,-4,0.25,mixed,4,False
CME,253.1300048828125,-20.19693295737811,15.806570940768072,-5.123768803238427,-22.760147136550845,0.06101102026306435,False,0.8919062078028769,8.055149131407028,-7.857005662953986,6.986474367234297,False,True,False,False,23,38.333333333333336,False,0.44106085761423264,1.2158692938521822,True,-0.4007696075899307,True,3.29728697426217,True,1,1,0.5194075033537385,False,1.8424692370760465,True,3,0,False,False,False,25.0,15.38372187651405,8.055149131407028,0.8772991983465609,24.0,True,1,4,5,5,-1.8875950066618241,258.0,782451708.3001801,27.91946308724832,False,0.0,0,,,,0.0,0,,,,False,False,False,False,0,,none,0,0,False,-1,0.625,mixed,4,False
CMG,31.885000228881836,-31.811374308371942,13.147622014133065,-30.290775997298525,-47.927154330610946,0.1015957870063772,False,1.1410740090262785,8.436570533943359,-21.984337993200377,-9.903925462603457,False,True,False,False,28,46.666666666666664,True,0.5576869143400099,2.0922074075765478,True,-0.48452988595385904,True,-7.418694830741634,False,0,0,0.3448458914238137,False,1.0462893554106192,False,4,1,False,False,False,25.0,17.902397849370573,17.625845378362992,0.21611439726628656,8.0,False,1,1,2,3,-14.033431928532591,37.09000015258789,635743546.0805321,10.939597315436242,False,0.0,0,,,,0.0,0,,,,False,False,False,False,0,,none,0,0,False,-3,0.375,mixed,4,False
CMI,661.0,-9.152135735458133,88.73238872079969,83.85998842834674,66.22361009503432,0.06504853409248167,False,0.8696283648359199,4.996978713596823,16.356847647302587,-0.10578996435204324,False,True,False,True,26,43.333333333333336,True,0.5193244863053157,1.652727238484404,True,-0.5998005403720693,True,1.9306717105129323,True,2,0,0.4386227217362233,False,0.5889027588715133,False,7,1,False,False,False,25.0,15.643303059534427,9.627838827297655,0.3348931025692826,24.0,False,4,1,2,5,-10.40446876349539,737.760009765625,650893299.050293,86.10738255033556,True,0.0,0,,,,0.0,0,,,,False,False,False,False,0,,none,0,0,False,-1,0.625,mixed,4,False
CMPS,11.029999732971191,-26.80822855783177,179.94922773560808,152.40274649481034,134.76636816149792,0.29795227224710014,False,0.9481727729858525,12.511334069354346,53.83542002237212,-19.01615399669715,False,True,False,False,26,43.333333333333336,True,0.552358211623905,4.717209780307799,True,-1.4444142444747359,True,-10.68826403017039,False,0,0,0.3920388942382814,False,0.8573000183497652,False,4,3,True,True,False,25.0,28.506490249299144,32.547599632813764,0.004555696325724792,18.0,False,5,2,2,2,-28.3766233364111,15.399999618530273,62464813.83230515,93.28859060402685,True,0.0,0,,,,0.0,0,,,,False,False,False,False,0,,none,0,0,False,-4,0.25,mixed,4,False
CMS,75.38500213623047,-4.965604015872049,10.653476013082397,6.576707818077798,-11.05967051523462,0.23429913401711455,False,1.0085005364480473,4.841813918480602,8.258859824800302,-3.0168546499798277,False,False,False,True,24,40.0,True,0.5544499167539259,1.1250182975761394,True,0.9024571376525233,True,2.3557373719020447,True,2,0,0.4888174405513987,False,0.7237852054153381,False,6,2,True,False,False,35.0,12.71713713630633,6.08874953533917,0.6525425340374988,19.0,False,3,3,3,5,-4.4186642436786165,78.87000274658203,243946254.2771721,39.73154362416108,False,0.0,0,,,,0.0,0,,,,False,False,False,False,0,,none,0,0,False,-1,0.625,mixed,4,False
CNC,63.369998931884766,-7.785218559056972,151.36850945351927,136.8086636392853,119.17228530597288,0.07321641099861868,True,1.0688628099260142,7.5429996210585495,37.49186097220403,-6.616565927029894,False,True,False,True,28,46.666666666666664,True,0.48463892648469087,1.6958079378153283,True,0.06143898962051803,True,-4.620715527861297,True,2,0,0.46966064514141526,False,0.7233915024634148,False,6,2,True,False,False,55.0,25.028835723165617,10.25721967738508,0.6549538324961216,8.0,False,7,3,4,5,-8.636103843362463,69.36000061035156,272844712.8232206,92.01342281879195,True,0.0,0,,,,0.0,0,,,,False,False,False,False,0,,none,0,0,False,-1,0.625,mixed,4,False
CNH,10.789999961853027,-18.15063590207101,18.15781075008114,-17.53103519255843,-35.16741352587085,0.1521955092468934,False,0.8495015795201202,6.7191879891834425,0.13005955428406768,0.6529822115724615,False,False,False,True,21,35.0,False,0.46442688345590843,1.7601907805997157,True,0.7485843822590635,True,1.4097708053591118,True,2,0,0.3961446477676862,False,0.9104352106280874,False,5,3,True,False,False,45.0,15.377935904138749,6.7191879891834425,0.5932202933221263,17.0,False,1,2,3,5,-6.255432256396698,11.510000228881836,104444403.33824578,18.456375838926174,False,0.0,0,,,,0.0,0,,,,False,False,False,False,0,,none,0,0,False,-1,0.625,mixed,4,False
CNI,128.89999389648438,-1.2865736797460947,43.458311263603356,37.592703063125434,19.956324729813016,0.4136522936666989,True,1.0073938100228665,4.94181772552882,30.61387247567897,6.03816755948241,False,False,False,True,30,50.0,True,0.4080272169524238,0.7676699629021402,False,4.182303460404705,False,-0.10075554835498046,True,2,1,0.5056581119467978,False,1.0162101751040913,False,2,2,True,False,False,55.0,17.31833473371931,6.470129350501148,0.8858325015860693,0.0,True,7,3,4,5,-1.9771909532438237,131.5,177111953.93195343,67.18120805369128,False,0.0,0,,,,0.0,0,,,,False,False,False,False,0,,none,0,0,False,-1,0.625,mixed,4,False
CNK,33.29499816894531,-2.1023233986318446,52.81009510358483,16.335085540386473,-1.3012927929259455,0.11482765637870052,False,0.9711619475171254,7.328423970255099,39.572065738641825,5.597835216817382,False,False,False,True,30,50.0,True,0.4819724669749764,1.724959787736417,True,2.5702876234551364,True,9.451012772652255,False,1,1,0.684344424828782,True,1.0864773900732845,False,3,2,True,False,False,25.0,17.93838072085148,15.317611517029398,0.7696626839918024,23.0,False,5,3,2,5,-4.131878468774131,34.72999954223633,77478138.4967947,47.98657718120805,False,0.0,0,,,,0.0,0,,,,False,False,False,False,0,,none,0,0,False,-1,0.625,mixed,4,False
CNM,43.150001525878906,-35.57778536388781,0.06957930133888457,-33.78854881349274,-51.42492714680516,0.08721248105000347,False,0.8102300538231185,6.975662143900455,-26.340047495519126,-3.9617154845463576,False,True,False,True,22,36.666666666666664,False,0.45894322600784276,1.549653569307342,True,-3.1070154031417703,True,-4.61980564775859,True,2,0,0.355030642808196,False,0.4818958754918719,False,6,2,True,False,False,25.0,14.846723843050313,9.68713825576311,0.08771950597352775,24.0,False,0,2,2,4,-13.544376562212545,49.90999984741211,105804565.14506587,9.865771812080537,False,0.0,0,,,,0.0,0,,,,False,False,False,False,0,,none,0,0,False,-2,0.5,mixed,4,False
CNP,44.68000030517578,-0.7992908593113635,22.481940529207666,20.7340281372711,3.0976498039586815,0.08116390307732592,False,1.0161878758395462,5.058187793412801,16.4837650035355,0.15691480355635168,False,True,False,True,27,45.0,True,0.5518477947313198,1.044947298026063,True,1.8950591041611469,True,3.5937843697537497,True,2,0,0.5272681410362385,False,0.788667107804081,False,4,1,False,False,False,55.0,9.385975082517122,5.058187793412801,0.8727714641101373,18.0,True,5,3,4,6,-1.194163867647391,45.220001220703125,290553592.4903549,52.61744966442953,False,0.0,0,,,,0.0,0,,,,False,True,False,False,1,,power_play,6,6,True,0,0.75,mixed,4,False
CNQ,47.150001525878906,-4.872691572959386,64.06296042819591,51.981200701764394,34.34482236845197,0.14605120566582222,True,0.9376611847058048,8.812298292326352,33.05715204435551,18.94551526706538,False,True,False,False,29,48.333333333333336,True,0.4897579427766156,0.9910372976443519,True,2.9560182871899516,True,7.427665029768371,False,0,3,0.6861129157687776,True,1.2592160915525823,True,1,0,False,False,False,35.0,17.94881070546702,10.615052155769092,0.9795014930136706,34.0,True,7,6,6,6,-0.3679238216423242,47.3241182302301,315306467.3055973,74.96644295302013,False,0.0,0,,,,0.0,0,,,,True,True,False,False,2,power_play,sepa_vcp,6,6,True,0,0.75,mixed,4,True
CNX,34.959999084472656,-17.95353535859945,24.368546159328687,8.436716080640139,-9.19966225267228,0.07330143393439596,False,0.9474085005582992,6.979401288922515,-4.585153747711079,3.3096895001021975,False,True,False,True,24,40.0,True,0.41646037667359354,1.0728368714013037,False,1.31299697763578,True,5.04807802523386,False,1,0,0.545663693603604,False,0.5422856919075121,False,4,1,False,False,False,25.0,10.07132341265328,9.239129367342917,0.9745041972490944,1.0,True,2,2,3,5,-0.25677647516958446,35.04999923706055,62415825.442108154,41.2751677852349,False,0.0,0,,,,0.0,0,,,,False,False,False,False,0,,none,0,0,False,-1,0.625,mixed,4,False
CNXC,22.226900100708008,-62.15498439570231,5.993804618548904,-62.090499671760824,-79.72687800507325,0.060489456930685796,False,0.9596915274244219,15.0403357950973,-47.381281958520546,-5.8182214346057854,False,True,False,False,25,41.66666666666667,True,0.42283148065993315,3.7791648316116464,False,-1.6313019694786768,True,-9.018011366954514,False,0,1,0.443010507432598,False,1.3550336726460182,True,5,2,True,False,False,25.0,26.897341474757113,20.290729739403364,0.44163458832447755,5.0,False,1,3,2,3,-15.01854514552986,26.155000686645508,53891433.16701736,1.8791946308724832,False,0.0,0,,,,0.0,0,,,,False,False,False,False,0,,none,0,0,False,-3,0.375,mixed,4,False
COCO,68.12000274658203,-18.924059190374287,110.89784630218236,80.35478401107585,62.71840567776343,0.32074051319251934,False,1.110109345890684,18.599526802839183,30.24857311720799,2.9625135670830804,False,False,False,False,25,41.66666666666667,True,0.45090620454049557,3.3182593843097665,True,-1.8605096334193167,True,-6.914454137049075,False,0,0,0.37505419977436094,False,0.6304341520920709,False,5,1,False,False,False,25.0,24.140744237065007,18.599526802839183,0.14527036481170272,24.0,False,4,1,1,2,-20.633809514920564,85.83000183105469,94588869.96540527,85.30201342281879,True,0.0,0,,,,0.0,0,,,,False,False,False,False,0,,none,0,0,False,-4,0.25,mixed,4,False
COF,201.04010009765625,-21.425290934577845,14.65250763995356,-3.4684812967381906,-21.10485963005061,0.12316983608783474,False,1.0580015945148342,6.84440293262486,-6.730039877381177,-1.9890284305049577,False,False,False,True,25,41.66666666666667,True,0.4030973118934808,1.2268802231487883,False,1.1268592839272515,True,-3.3600436103719544,True,2,0,0.5705656177439765,False,0.6471334017384791,False,5,1,False,False,False,35.0,18.31989522279462,8.669916064558064,0.6857751624565087,6.0,False,1,2,2,3,-5.756566100196425,213.32000732421875,857860970.248407,30.06711409395973,False,0.0,0,,,,0.0,0,,,,False,False,False,False,0,,none,0,0,False,-3,0.375,mixed,4,False
COGT,39.279998779296875,-6.720498195288583,261.69429117012595,222.23133823981445,204.59495990650203,0.07990940679651243,False,1.1036437674526933,6.390016292098605,7.088327296862684,1.5249422939513702,True,True,False,True,28,46.666666666666664,True,0.45554972040956554,2.0189809316992364,True,2.0206384573451133,True,0.511762893734713,True,2,2,0.5698078883626008,False,1.9113643885487341,True,2,0,False,False,False,25.0,17.314742289161707,8.935841218465622,0.7725987201363809,11.0,False,6,4,6,7,-3.9373945570641,40.88999938964844,109737401.78830338,96.30872483221476,True,0.0,0,,,,0.0,0,,,,True,True,False,False,2,sepa_vcp,power_play,7,7,True,1,0.875,mixed,4,False
COHR,284.20001220703125,-33.42547202911684,228.3651094004892,187.8849358719721,170.24855753865967,0.28943736995241803,False,0.7575932659536015,15.883142378347939,44.30791544830343,-14.74681284638496,True,True,False,False,23,38.333333333333336,False,0.3768664572262735,2.809865556371978,False,-3.1531001091725,True,2.377523760231659,True,1,0,0.3534147571182049,False,0.8003834598735404,False,4,2,True,False,False,,,,,,False,4,2,3,2,,,1462727603.7822418,94.83221476510067,True,0.0,0,,,,0.0,0,,,,False,False,False,False,0,,none,0,0,False,-3,0.375,mixed,4,False
COHU,50.93000030517578,-31.091871490076105,185.16236598366643,168.4765532348865,150.84017490157407,0.07128417081257009,False,0.997182945083644,11.116243479698964,80.41091438551686,-14.071199743841822,False,True,False,False,24,40.0,True,0.46679035022413823,3.8745129835497236,True,-1.1830452553816855,True,-0.5079084362341502,True,1,0,0.4719539777149138,False,0.48694340385192425,False,4,3,True,False,False,25.0,38.270777239981584,24.7987453218839,0.17092823812690475,17.0,False,6,2,2,2,-31.72922071460429,74.5999984741211,66724966.27346535,94.16107382550337,True,0.0,0,,,,0.0,0,,,,False,False,False,False,0,,none,0,0,False,-4,0.25,mixed,4,False
COIN,153.8800048828125,-61.209982317191105,9.065142020623206,-61.209982317191105,-78.84636065050353,0.23551794925852798,False,0.8211895107410578,17.994542216510588,-29.07121131717568,-7.009905211640088,False,False,False,False,21,35.0,False,0.4602046834494883,2.7919721832390887,True,-1.6083641735292311,True,-2.062111974964398,True,1,1,0.43437584026766707,False,2.515397435291537,True,3,1,False,False,False,25.0,23.31258556217105,18.787368563008442,0.3474357776840909,3.0,False,0,2,1,2,-15.212959267551241,181.49000549316406,1139741575.8770576,2.0805369127516777,False,0.0,0,,,,0.0,0,,,,False,False,False,False,0,,none,0,0,False,-4,0.25,mixed,4,False
COKE,181.88999938964844,-16.036000360358603,63.84760000068725,63.84760000068725,46.21122166737483,0.14224727407133617,True,0.9990814181864618,6.212547742963437,21.247788969820135,-7.02346529173512,False,True,False,True,25,41.66666666666667,True,0.41766922854468874,1.7462490285079009,False,0.282551279843116,True,0.6362697031830455,True,2,0,0.5205780754302461,False,1.0679882331643737,False,5,1,False,False,False,25.0,16.391144184476484,6.212547742963437,0.4581297351443662,16.0,False,3,1,3,4,-8.88187364052916,199.6199951171875,104146801.54808731,80.46979865771812,True,0.0,0,,,,0.0,0,,,,False,False,False,False,0,,none,0,0,False,-2,0.5,mixed,4,False
COLB,31.1299991607666,-7.378760501483428,40.871406075918415,40.32843268289869,22.692054349586275,0.8575879313190506,True,1.0778818123558809,8.480563638998264,10.490295169552732,-1.8600257419914001,False,False,False,False,29,48.333333333333336,True,0.4130259575166156,0.959731584294849,False,0.4363602428871571,True,-6.347781020321297,False,0,1,0.5746883062381875,False,1.7013850127046277,True,4,1,False,False,False,55.0,16.465687942293634,9.187281360277213,0.5401794165428141,6.0,False,4,2,2,4,-7.571262236649412,33.68000030517578,94042790.38132715,69.26174496644295,False,0.0,0,,,,0.0,0,,,,False,False,False,False,0,,none,0,0,False,-2,0.5,mixed,4,False
COLD,14.204999923706055,-12.584615854116588,47.86056159135252,-7.8343017265991355,-25.470680059911555,0.1393775027415602,False,1.0144925927259878,15.62829514451204,11.07163725988205,-12.530787414364564,False,False,False,False,24,40.0,True,0.4497691816217454,1.5160975988164762,True,-1.427467634905219,True,-10.828627422620073,False,0,1,0.4541546753614803,False,1.3194488421777908,True,5,1,False,False,False,25.0,18.829667079158384,16.789864425846435,0.1583944315327866,13.0,False,1,2,1,1,-15.847152666203467,16.8799991607666,70428355.61895362,25.70469798657718,False,0.0,0,,,,0.0,0,,,,False,False,False,False,0,,none,0,0,False,-5,0.125,mixed,4,False
COMP,10.975000381469727,-19.182618239112703,64.29641711831164,53.92707160328434,36.290693269971925,0.17225451863789215,True,1.0576878741474731,14.031889825290348,-17.6669133962124,-13.03486148182702,False,True,False,False,28,46.666666666666664,True,0.5369908848600436,2.924451645625818,True,1.731731503817163,True,-8.541663487752283,False,0,1,0.4183034058366054,False,1.322515996646402,True,4,1,False,False,False,25.0,27.445034122236756,20.68336606094374,0.3881217489122975,14.0,False,3,2,3,2,-16.793019479756545,13.1899995803833,167922590.13727587,76.04026845637584,False,0.0,0,,,,0.0,0,,,,False,False,False,False,0,,none,0,0,False,-3,0.375,mixed,4,False
COO,70.41000366210938,-16.496674671559177,19.37945779685515,-4.593494917975738,-22.229873251288154,0.08773153530186778,False,1.0036002291652204,3.323397025392305,-13.384176566468408,-5.10780787332984,False,True,False,True,28,46.666666666666664,True,0.48850367601022604,1.3727559511171792,True,1.8765285170882202,True,-1.8128509816767946,True,2,1,0.4647943339677756,False,1.4217065704057517,True,3,3,True,False,False,35.0,17.944925914425756,7.9250020045986584,0.6976052204258814,15.0,False,1,4,3,4,-5.42645191636667,74.44999694824219,173358637.5114258,28.389261744966444,False,0.0,0,,,,0.0,0,,,,False,False,False,False,0,,none,0,0,False,-2,0.5,mixed,4,False
COP,121.38999938964844,-8.60079657344971,45.210547047405704,31.158242449232198,13.52186411591978,0.12489464187095956,True,0.9842443905142515,7.512970724971607,25.311460706510267,15.907567553431079,False,True,False,True,22,36.666666666666664,False,0.455160955934073,0.9655635091613407,True,2.483010431211376,True,5.823381011673279,False,1,1,0.6246381208319022,True,0.7086012998172382,False,3,2,True,False,False,45.0,18.49999806237599,10.56923491734875,0.8022307553330488,44.0,False,4,4,4,5,-3.6587306431361655,126.0,706354056.1941833,61.87919463087248,False,0.0,0,,,,0.0,0,,,,False,False,False,False,0,,none,0,0,False,-1,0.625,mixed,4,False
COR,308.3349914550781,-17.39179705152244,22.277887009585417,6.959119438264394,-10.677258895048023,0.09887907532524115,False,1.0712975822494208,3.7102511094894544,-12.421004838050054,3.988054804220642,False,True,False,True,25,41.66666666666667,True,0.45289096173219195,1.152605977775086,True,3.3467466075592247,True,0.1412788461242931,True,2,1,0.4755204643804699,False,1.360217908113701,True,3,0,False,False,False,45.0,16.760110345498074,5.708079391332982,0.8942215550105457,5.0,True,2,4,4,5,-1.7728584101984524,313.8999938964844,446669480.09554136,40.13422818791946,False,0.0,0,,,,0.0,0,,,,False,False,False,False,0,,none,0,0,False,-1,0.625,mixed,4,False
CORT,95.0250015258789,-1.6914981112000405,195.5676423510874,40.59033388733644,22.953955554024024,0.07836732909206183,False,1.1429800819076588,7.955798407995686,116.06412577294675,5.337548487166566,False,False,False,True,32,53.333333333333336,True,0.4276713651021822,2.171664625416634,False,3.7188205997739394,True,4.976806285771751,True,2,2,0.5527107564424121,False,2.387641690231656,True,2,1,False,False,False,25.0,20.74157591896384,13.417521489360556,0.8713582356770834,0.0,True,8,4,3,7,-2.6682329210532263,97.62999725341797,99174052.92834663,69.59731543624162,False,0.0,0,,,,0.0,0,,,,False,True,False,False,1,,power_play,7,7,True,1,0.875,mixed,4,False
CORZ,22.899999618530273,-21.46776495760989,81.02767042763664,67.27538583232817,49.63900749901575,0.12165222780675602,False,0.9348662049704226,12.270740230356077,21.87332891296765,6.859539395337566,False,True,False,False,28,46.666666666666664,True,0.484546057892784,3.6046813817465932,True,-1.5027866294068322,True,9.360071797920156,False,0,0,0.45147801805292387,False,0.8324175769826027,False,7,2,True,False,False,25.0,34.636874169648344,20.82969666909458,0.2855787445376363,23.0,False,2,2,2,3,-24.745319129572085,30.43000030517578,249194309.77446747,82.28187919463087,True,0.0,0,,,,0.0,0,,,,False,False,False,False,0,,none,0,0,False,-3,0.375,mixed,4,False
COST,934.10498046875,-14.640596323188282,10.204519267999013,0.5957641705148342,-17.040614162797585,0.12535724804366385,False,0.9001191159490495,3.2351792716017957,-4.730395635534245,-1.8457031068368268,True,True,False,True,24,40.0,True,0.44959732447356526,0.9774728562810848,True,-1.8918818363214314,True,-0.7190169400178248,True,2,0,0.5806133849186166,False,0.48659622935673863,False,6,3,True,False,False,25.0,6.459691535391719,5.762737402687963,0.4292892931705858,18.0,False,1,2,3,4,-3.686615122063397,969.8599853515625,2408827675.2685547,33.8255033557047,False,0.0,0,,,,0.0,0,,,,False,False,False,False,0,,none,0,0,False,-2,0.5,mixed,4,False
CP,91.29000091552734,-2.5824332436113484,33.100985801968854,20.676395425989824,3.040017092677406,0.17045312824776554,True,0.8383099086678942,3.5491267732241267,25.882124958615506,3.986786608383497,False,True,False,True,28,46.666666666666664,True,0.4431315173060191,0.8976233422254922,True,1.641603304514549,True,-2.5824332436113484,True,2,2,0.45850501366784124,False,1.369863350979915,True,1,2,True,False,False,65.0,13.323265792309263,4.250188645532182,0.7874928599018187,5.0,True,5,6,6,7,-2.8312891102915683,93.94999694824219,216060955.41191864,52.5503355704698,False,0.0,0,,,,0.0,0,,,,True,True,False,False,2,sepa_vcp,power_play,7,7,True,1,0.875,mixed,4,False
CPAY,368.68499755859375,-0.8404830479329828,44.58235198376226,10.533656438756323,-7.102721894556096,0.05359111297682626,False,0.9213638502383643,6.523180479874712,15.027146573023064,4.603361089731961,False,True,False,True,32,53.333333333333336,True,0.46491702890322484,1.5763033555341779,True,1.675768353410701,True,0.7914346882212264,True,2,2,0.5119614799757045,False,2.2863726718687705,True,1,0,False,False,False,55.0,20.21706156892283,6.666934303004618,0.9285336714221845,5.0,True,5,5,5,7,-1.4448391649625636,374.0899963378906,201750504.11056978,43.08724832214765,False,0.0,0,,,,0.0,0,,,,False,True,False,False,1,,power_play,7,7,True,1,0.875,mixed,4,False
CPB,21.620100021362305,-32.43320041110558,9.927150403349883,-29.81384800722421,-47.45022634053663,0.20848185761719715,False,1.032896737344925,6.614208058307784,-16.478732327781344,-7.289449810066683,False,True,False,True,23,38.333333333333336,False,0.45369078130305984,1.6461471813866417,True,0.3054718795848892,True,-2.08287999969593,True,2,0,0.46345325352135874,False,0.49729581300188264,False,4,1,False,False,False,45.0,18.736916894774637,9.574422379077346,0.5377932354695061,13.0,False,0,1,2,4,-8.660329735210537,23.670000076293945,138708936.10211563,11.476510067114095,False,0.0,0,,,,0.0,0,,,,False,False,False,False,0,,none,0,0,False,-2,0.5,mixed,4,False
CPNG,15.5649995803833,-53.578884142417806,2.943119697039376,-48.35766458001625,-65.99404291332867,0.08162523581847865,False,0.8646551980778677,8.22358317477055,-22.136069241622337,-16.13685329600849,False,False,False,False,21,35.0,False,0.5883847575465405,2.3768283869548905,True,-1.949428741688232,True,-6.347781020321297,False,0,0,0.328790246940137,False,0.7742166685141451,False,4,2,True,False,False,25.0,21.454175047329688,23.867653406620946,0.053699140600710044,13.0,False,0,2,2,2,-20.302104284990886,19.530000686645508,309703652.03875375,4.1610738255033555,False,0.0,0,,,,0.0,0,,,,False,False,False,False,0,,none,0,0,False,-4,0.25,mixed,4,False
CPRI,15.40999984741211,-44.28778043231305,0.0,-21.29724255639659,-38.933620889709005,0.14402611907722226,False,0.9459095889852499,8.53342340738863,-37.53546899166821,-18.723625572154322,False,False,False,False,19,31.666666666666664,False,0.47943824918527234,2.138609247355885,True,-3.676445834523837,True,-5.921852033288477,False,0,0,0.39219511550592295,False,1.1349132771468775,False,5,3,True,False,False,25.0,26.34512693669165,20.798182708900473,0.03955844962546126,24.0,False,0,2,2,2,-25.302954559890146,20.6299991607666,56724222.91153574,15.704697986577182,False,0.0,0,,,,0.0,0,,,,False,False,False,False,0,,none,0,0,False,-4,0.25,mixed,4,False
CPRT,27.8799991607666,-44.206526956786206,2.6131729204231346,-39.74497755577913,-57.38135588909155,0.13674232005409964,False,0.7957703445934742,3.891682297279723,-32.65700934011085,-7.097637627024433,False,True,False,True,21,35.0,False,0.4921272288166892,1.8198305925799505,True,-2.9985718436357174,True,0.9779012837609624,True,2,0,0.5408268009131595,False,1.0152448434253674,False,4,2,True,False,False,25.0,13.320403487173465,6.994264066132184,0.25970861089031033,20.0,False,0,2,2,4,-9.860980001021202,30.93000030517578,366037421.61889344,7.046979865771812,False,0.0,0,,,,0.0,0,,,,False,False,False,False,0,,none,0,0,False,-2,0.5,mixed,4,False
CPRX,31.489999771118164,-0.03174675835503349,64.61056535590699,49.88100632112216,32.244627987809736,0.0,True,0.4178468090921733,0.0,34.687771178198986,0.09536137164198877,False,True,True,True,22,36.666666666666664,False,0.25625422102019935,0.029203755729203498,False,7.258925684672742,False,0.0,True,3,2,0.24666971847104602,False,10.760584859613587,True,0,1,False,False,False,55.0,10.680843868450635,0.14290275205152034,0.9955425287760262,5.0,True,7,4,7,6,-0.04760955419137458,31.5049991607666,69217360.77284594,73.6241610738255,False,0.0,0,,,,0.0,0,,,,True,True,False,False,2,power_play,sepa_vcp,7,7,True,1,0.875,mixed,4,False
CPT,113.21499633789062,-3.7123706626879804,19.559228295011643,3.720979940038971,-13.915398393273447,0.07762564372939666,False,0.9553832464015983,2.0668675025183103,7.0867566833443085,-3.441367728877931,False,True,False,True,26,43.333333333333336,True,0.529597099453691,0.9479125430597093,True,1.2650810147145957,True,0.21686741129520737,True,2,0,0.390704133667784,False,0.841761713014186,False,4,0,False,False,False,65.0,16.6968795136463,3.6832560206952936,0.6703246258932656,13.0,False,3,2,4,5,-5.504550000076414,119.80999755859375,102195508.55974808,37.24832214765101,False,0.0,0,,,,0.0,0,,,,False,False,False,False,0,,none,0,0,False,-1,0.625,mixed,4,False
CR,221.66000366210938,-0.86318382190258,37.99075110092258,17.77576350653993,0.1393851732275131,0.2635542100625805,True,1.0606662982369652,3.516646233042444,8.817795806487272,1.847088900815419,True,False,False,True,31,51.66666666666667,True,0.37746804262312145,1.104541015214819,False,2.894411234035489,True,1.9173286420632207,True,2,0,0.4685605065284618,False,0.6445254751078465,False,6,1,False,False,False,35.0,18.087081824394833,4.470812730480612,0.8828124447027312,19.0,True,6,3,6,5,-2.1195809014624922,226.4600067138672,92363964.73618774,49.395973154362416,False,0.0,0,,,,0.0,0,,,,True,False,False,False,1,,sepa_vcp,6,6,True,0,0.75,mixed,4,False
CRBG,31.030000686645508,-10.668269682195486,40.338916701157636,-8.295273011782244,-25.931651345094664,0.13882104396663558,False,0.8918290018889405,4.173380752941069,5.2572065730949635,4.267474623643142,False,True,False,True,27,45.0,True,0.4247408417835925,1.1609582774459224,False,3.1169810755086838,True,-2.666243715486516,True,2,1,0.5918928472713947,False,2.079275731535231,True,3,2,True,False,False,35.0,19.88075970489324,6.638734838407374,0.8022266649640409,5.0,False,3,4,3,6,-3.9318841498852453,32.29999923706055,110936292.5504282,24.966442953020135,False,0.0,0,,,,0.0,0,,,,False,True,False,False,1,,power_play,6,6,True,0,0.75,mixed,4,False
CRCL,60.28839874267578,-68.77543082093595,20.024685033058297,-68.77543082093595,-86.41180915424837,0.17889972524316144,False,0.7255306516973032,21.075366980586605,-15.4796057828948,-6.703193778702465,False,False,False,False,18,30.0,False,0.4823994905999548,3.9595010739308587,True,-4.674440965032509,True,-0.2838245855034227,True,1,0,0.4208777849183732,False,0.8166503605398193,False,3,2,True,False,False,25.0,30.85081324166552,23.21342586376493,0.06143615044886076,23.0,False,0,2,2,3,-28.955458037880856,84.86000061035156,967024330.4672683,0.87248322147651,False,0.0,0,,,,0.0,0,,,,False,False,False,False,0,,none,0,0,False,-3,0.375,mixed,4,False
CRDO,210.53500366210938,-30.406250394054258,139.761996943029,108.10023472624147,90.46385639292905,0.19600188092668924,False,0.8563303480241625,14.909634428309456,58.10678722744511,-12.969699278671998,False,True,False,False,25,41.66666666666667,True,0.5040727001779415,4.855387154434297,True,-0.9963071307136158,True,3.8755729574617925,True,1,0,0.4068639924664903,False,0.43663975242135633,False,7,0,False,False,False,25.0,39.785208342993556,31.797559028650006,0.20088755812050696,23.0,False,4,1,2,2,-31.79285498965396,308.6700134277344,1902595676.2760391,89.53020134228188,True,0.0,0,,,,0.0,0,,,,False,False,False,False,0,,none,0,0,False,-4,0.25,mixed,4,False
CRGY,11.515000343322754,-16.5089725337486,51.4974046758933,29.82216259938648,12.185784266074062,0.127993046692989,True,0.8505200235547629,10.76856043549497,34.79964127418891,23.28693956318859,False,True,False,False,23,38.333333333333336,False,0.4587510968417788,1.5058802211212288,True,0.9823110061715282,True,7.116282263467477,False,0,2,0.6096020778329205,True,0.9897253173293028,False,2,1,False,False,False,35.0,25.326793184345092,17.672599103239733,0.766129173671816,34.0,False,4,3,4,4,-5.92319805026581,12.239999771118164,61210452.35164132,60.53691275167785,False,0.0,0,,,,0.0,0,,,,False,False,False,False,0,,none,0,0,False,-2,0.5,mixed,4,False
CRH,98.66000366210938,-24.36625652751975,4.333916580559238,2.2616222330525515,-15.374756100259866,0.10340868922017916,False,0.8334153101165663,7.236974584048767,-19.108092234646733,-8.248856335796095,False,False,False,True,17,28.333333333333332,False,0.3063568161225402,0.9178096475452303,False,-2.2403070927396733,True,-4.139131930262052,True,2,0,0.34909050669150277,False,0.363510495352686,False,7,3,True,False,False,25.0,16.783577836171908,9.061425207345376,0.07033663046010065,20.0,False,0,2,2,4,-15.603077524110741,116.9000015258789,395225572.39191896,35.83892617449664,False,0.0,0,,,,0.0,0,,,,False,False,False,False,0,,none,0,0,False,-2,0.5,mixed,4,False
CRL,225.02999877929688,-3.668667423074079,54.58541420424743,27.063800691099903,9.427422357787485,0.06188158092256225,True,1.0714830677359652,11.309608649996887,2.4680106342524377,-2.45351059959652,False,False,False,False,26,43.333333333333336,True,0.40257434242739687,1.6476048121850613,False,3.0967983903531593,True,0.30309456531394385,True,1,1,0.43718427723626957,False,1.457970045420769,True,3,0,False,False,False,25.0,25.091064016384045,11.309608649996887,0.7693975388872466,1.0,False,4,2,2,4,-5.786061114115803,238.85000610351562,194413256.7952629,58.7248322147651,False,0.0,0,,,,0.0,0,,,,False,False,False,False,0,,none,0,0,False,-2,0.5,mixed,4,False
CRM,161.7899932861328,-39.62650900004999,7.773780008342945,-39.05142375476426,-56.68780208807668,0.2013060702925801,False,0.9625144926278686,12.510047798425154,-28.694037406368246,-2.6006906919182393,False,True,False,False,22,36.666666666666664,False,0.4901336125763324,1.9032306919611082,True,-1.098481442621296,True,-5.258541173308551,False,0,1,0.48632328766774524,False,2.088181194260706,True,4,1,False,False,False,25.0,16.593505424902887,12.534767056594651,0.5314322826027702,5.0,False,0,2,2,3,-7.775180960565297,175.42999267578125,2019844699.7057464,7.516778523489933,False,0.0,0,,,,0.0,0,,,,False,False,False,False,0,,none,0,0,False,-3,0.375,mixed,4,False
CRNX,83.76499938964844,-0.17280927914726796,211.97392253095853,175.45215327180225,157.81577493848982,0.06997937512549604,True,1.4817672908870765,0.42380870234622664,57.51222058849057,98.35425123760868,True,True,False,True,33,55.00000000000001,True,0.37907061229474687,0.8311662200474284,False,10.990667468576966,False,-0.1132854996561905,True,2,1,0.4201142865281306,False,0.3680256494343257,False,2,1,False,True,True,,,,,,False,10,1,5,4,,,682586783.7701199,94.42953020134229,True,0.0,0,,,,0.0,0,,,,False,False,False,False,0,,none,0,0,False,-1,0.625,mixed,4,False
CROX,133.08999633789062,-4.189768318180731,81.3462289749832,23.483018969430034,5.846640636117616,0.09218946400286138,True,0.9546252557892965,5.334740625801834,55.062324943044,6.234033871881217,True,True,False,True,28,46.666666666666664,True,0.4712575443708338,1.7894662763942069,True,2.5531952908361317,True,-2.9461156574553837,True,2,1,0.5123359497482937,False,1.6606439096757628,True,4,2,True,False,False,35.0,16.99899973539986,9.955669370040951,0.6929198437172387,5.0,False,6,4,5,6,-5.220055495397203,140.4199981689453,120611917.72619018,55.23489932885906,False,0.0,0,,,,0.0,0,,,,False,True,False,False,1,,power_play,6,6,True,0,0.75,mixed,4,False
CRS,602.6699829101562,-2.677435137641304,159.8094793546063,121.37869325264509,103.74231491933267,0.0713516711032239,True,1.038475447201131,10.000491181768142,79.67588758248405,0.9091810268180955,False,True,False,False,34,56.666666666666664,True,0.43404488248170087,1.7682435378351242,False,3.0913539469824056,True,8.049906199089051,False,0,1,0.512249935560789,False,1.611775544336938,True,3,1,False,False,False,25.0,14.921959552349694,13.256003431183155,0.7503477783026851,14.0,False,10,3,4,5,-3.72530035432157,625.989990234375,423989349.4398407,91.20805369127517,True,0.0,0,,,,0.0,0,,,,False,False,False,False,0,,none,0,0,False,-1,0.625,mixed,4,False
CRSP,46.560001373291016,-39.359205374400766,5.00676863568652,-29.51861475321229,-47.15499308652471,0.2155539411353365,False,0.9213901394040418,4.875430392632784,-16.13832674819391,-22.50332897089782,False,False,False,True,23,38.333333333333336,False,0.4905545737550976,2.642903617971433,True,-2.2518956452574392,True,-2.553364246912637,True,2,0,0.4254654540544401,False,1.1101204236070887,False,5,1,False,False,False,25.0,26.95035789314964,14.196736287347633,0.012280869652704206,14.0,False,0,1,1,2,-26.619384060770145,63.45000076293945,93241899.2167408,11.812080536912752,False,0.0,0,,,,0.0,0,,,,False,False,False,False,0,,none,0,0,False,-4,0.25,mixed,4,False
CRUS,133.11000061035156,-25.5953017598357,36.87403661732809,32.71186097737486,15.075482644062443,0.09134171622255512,False,0.8231936130854418,6.851472523003103,4.539384823826476,-8.978394686552615,False,False,False,True,23,38.333333333333336,False,0.374844257925458,1.5358305714973077,False,-4.5417243968213885,True,-3.5294935990605403,True,2,0,0.43015589063872134,False,0.6621867056510482,False,6,2,True,False,False,25.0,22.052461248981665,14.416649653229662,0.03974210836857115,23.0,False,1,2,2,4,-21.17604994423091,168.8699951171875,90320083.67572021,63.221476510067106,False,0.0,0,,,,0.0,0,,,,False,False,False,False,0,,none,0,0,False,-2,0.5,mixed,4,False
CRWD,182.24000549316406,-13.519665359463495,108.12563082731086,57.77330993628118,40.13693160296876,0.10707691617185675,True,1.0993299764755926,14.526452153306952,61.09970114368251,-6.052165425792044,False,True,False,False,29,48.333333333333336,True,0.5167801403010588,2.905223944830257,True,0.41663919361701324,True,-10.261963831981713,False,0,0,0.36948459371420095,False,1.1186150045835777,False,3,2,True,False,False,25.0,24.032185872395832,20.02853319787084,0.32542583461365665,7.0,False,5,2,3,3,-16.21149172728089,217.5,1874567351.0576065,78.32214765100672,False,0.0,0,,,,0.0,0,,,,False,False,False,False,0,,none,0,0,False,-3,0.375,mixed,4,False
CRWV,74.58999633789062,-49.85546464679622,15.553823100647257,-37.84166971842448,-55.47804805173689,0.2528038717759441,False,0.7845351331685771,16.570587501252984,-19.778453812748342,-8.752836464967363,False,True,False,False,24,40.0,True,0.5353983934847703,3.8466229647911425,True,-3.7957901116407964,True,1.8849846614882093,True,1,0,0.3297560226972289,False,0.7163938461708912,False,7,2,True,False,False,,,,,,False,1,2,2,3,,,2164706690.236949,8.187919463087248,False,0.0,0,,,,0.0,0,,,,False,False,False,False,0,,none,0,0,False,-3,0.375,mixed,4,False
CSCO,112.31999969482422,-13.276781244702029,73.18091020746998,67.88071283927637,50.24433450596395,0.11139733045313162,False,0.8496157230697445,2.8935185263802685,51.96552793389739,0.04453141574836117,False,True,False,True,27,45.0,True,0.49957346879016395,1.6593507456015986,True,-1.3950144769586,True,0.33946511088998044,True,2,0,0.3743412812633037,False,1.0756866194998973,False,5,1,False,False,False,65.0,34.20265374200134,11.40491238728524,0.6046240968657635,34.0,False,4,2,3,4,-13.522905112831351,129.88410380965527,2573105743.1064415,82.48322147651007,True,0.0,0,,,,0.0,0,,,,False,False,False,False,0,,none,0,0,False,-2,0.5,mixed,4,False
CSGP,27.610000610351562,-71.48610958561743,1.7317657747714987,-70.29905240719465,-87.93543074050707,0.17734430827894784,False,0.9332693700371696,11.33646900244218,-57.911583456448426,-7.966664632161457,False,True,False,False,21,35.0,False,0.49858205485991774,2.2578911517119002,True,-2.501245214286292,True,-7.286769732235287,False,0,0,0.4943915486101075,False,1.1258653325856183,False,7,2,True,False,False,25.0,14.046393304616595,15.68272302783886,0.21330279242800199,23.0,False,0,2,2,3,-11.050258389199886,31.040000915527344,187369666.54486197,0.8053691275167786,False,0.0,0,,,,0.0,0,,,,False,False,False,False,0,,none,0,0,False,-3,0.375,mixed,4,False
CSL,334.6449890136719,-22.12799938643467,13.965944017286457,-21.118193869321022,-38.75457220263344,0.080737773606409,False,0.9380014790206816,7.954697064386624,-3.5753199391395207,-8.748949093738712,False,False,False,True,24,40.0,True,0.498658253326298,1.9959773401039227,True,-0.9022440399719825,True,-3.110983288182978,True,2,0,0.5522426001181564,False,0.9401372555607822,False,4,1,False,False,False,25.0,19.540314112978145,11.277620007282744,0.17489713625614725,18.0,False,1,1,1,3,-16.12276913307269,398.9700012207031,200782938.99664307,15.771812080536913,False,0.0,0,,,,0.0,0,,,,False,False,False,False,0,,none,0,0,False,-3,0.375,mixed,4,False
CSTM,29.139999389648438,-19.39142971048612,122.78287125090426,111.00650618558943,93.37012785227701,0.1276120670575095,False,0.6837540884441763,10.60398152817247,27.02702140911488,-1.1868443003940188,False,False,False,False,24,40.0,True,0.38176481739464213,1.6102271745343562,False,-2.853316176785592,True,3.627306258796126,True,1,0,0.5077327307441917,False,0.5340737370744931,False,7,3,True,False,False,25.0,21.432693234752094,10.60398152817247,0.2614554050469177,23.0,False,3,2,2,4,-15.828999743813654,34.619998931884766,56126150.78699169,89.93288590604027,True,0.0,0,,,,0.0,0,,,,False,False,False,False,0,,none,0,0,False,-2,0.5,mixed,4,False
CSX,52.935001373291016,0.0,66.83012739669803,53.379244925774614,35.74286659246219,0.236972617084928,True,1.0586848451308741,7.4619829233299555,45.39339722574094,8.273679758930474,False,False,False,True,30,50.0,True,0.3960223372244686,0.8088403382081097,False,5.09904791176796,False,4.305421425203981,True,2,0,0.5400017831018377,False,0.9271960810592653,False,3,0,False,True,True,55.0,17.28601403656889,8.312083520789288,0.9593062499995639,1.0,True,8,1,3,4,-0.7034327337081647,53.310001373291016,628688987.1528327,75.77181208053692,False,0.0,0,,,,0.0,0,,,,False,False,False,False,0,,none,0,0,False,-2,0.5,mixed,4,False
CTAS,205.2949981689453,-8.408870651736745,25.865609389833686,-7.015781150101342,-24.65215948341376,0.09788820080306407,False,1.1714990326027324,4.654274464065643,6.927163520151169,13.191268509600661,False,False,False,True,25,41.66666666666667,True,0.5376035237886168,1.341324428687095,True,4.670517988731613,False,0.4133045895408083,True,2,3,0.7320105793318048,True,1.9113085993672707,True,2,1,False,True,True,25.0,19.97901661863432,14.06268802196011,0.8943913198963713,5.0,True,3,5,4,5,-2.109957574862431,209.72000122070312,448617505.16336745,26.778523489932887,False,0.0,0,,,,0.0,0,,,,False,False,False,False,0,,none,0,0,False,-1,0.625,mixed,4,False
CTRE,43.20000076293945,-0.46083123481043264,47.07598927173,43.735499046046655,26.099120712734237,0.14331842761127556,True,0.9606207044384596,3.4722221609005723,19.645939704246462,3.4482818469456777,False,True,False,True,26,43.333333333333336,True,0.48068662279470675,1.1976773331959945,True,3.376623078677515,True,0.7462679264300887,True,2,1,0.5440922315269673,False,1.6010743017111528,True,4,1,False,False,False,25.0,18.11331632714769,8.356473916433936,0.9493507451305585,2.0,True,7,3,4,6,-0.917425975184516,43.599998474121094,110783099.87617035,71.0738255033557,False,0.0,0,,,,0.0,0,,,,False,True,False,False,1,,power_play,6,6,True,0,0.75,mixed,4,False
CTSH,44.43000030517578,-48.13036435220371,14.717275575289946,-40.87237360066922,-58.50875193398164,0.10627319341341405,False,0.8708094872388942,6.437093384440947,-46.57760317874292,5.810903856096439,False,True,False,True,20,33.33333333333333,False,0.46238360767704034,2.1137926261547424,True,-1.4362795768591392,True,-0.759437456134604,True,2,1,0.5750462835342572,False,2.083931599931661,True,4,2,True,False,False,25.0,20.15503245573115,8.800359713156746,0.7852565160635082,24.0,False,1,4,4,5,-4.328161888396775,46.439998626708984,386361176.7805626,6.7114093959731544,False,0.0,0,,,,0.0,0,,,,False,False,False,False,0,,none,0,0,False,-1,0.625,mixed,4,False
CTVA,88.5999984741211,-0.20274871328085364,46.29875019723533,22.345852428068614,4.709474094756196,0.14077369388405506,True,1.0390124102829288,3.7133193817021453,24.13410612378928,3.2633978120889084,False,True,False,True,27,45.0,True,0.47523120400879176,1.1552998540217332,True,3.751238003273237,True,1.4891126883381123,True,2,1,0.5824203815907806,False,1.5904386648461413,True,4,0,False,False,False,35.0,16.74684117117992,7.234758626533296,0.947227732056909,1.0,True,6,3,4,6,-0.8837687894858948,89.38999938964844,281012616.97557527,54.22818791946309,False,0.0,0,,,,0.0,0,,,,False,True,False,False,1,,power_play,6,6,True,0,0.75,mixed,4,False
CUBE,41.91999816894531,-0.35655223904687006,23.735444661959892,6.923181931712663,-10.713196401599756,0.16634810661885735,False,1.0028741556414746,2.81440404998564,12.73432553352749,2.2937985290609086,False,False,False,True,26,43.333333333333336,True,0.5887368141838569,1.1521886156937906,True,2.0739277617840877,True,0.07161322447832852,True,2,0,0.5027495416572444,False,0.7356405789148776,False,6,2,True,False,False,55.0,12.050376450742732,6.583974849204792,0.8104299863586661,5.0,True,5,4,4,6,-2.284390028150507,42.900001525878906,77207646.74254227,40.06711409395973,False,0.0,0,,,,0.0,0,,,,False,True,False,False,1,,power_play,6,6,True,0,0.75,mixed,4,False
CURB,31.635000228881836,-0.36220400352177107,48.5249768403369,42.22272814386354,24.586349810551123,0.06270245505476574,True,0.896054794496165,4.299031746999295,33.35414414228257,4.268292912923699,False,False,False,True,29,48.333333333333336,True,0.43923196253840924,0.9235761301406735,False,3.120742021864358,True,-0.01580012914993434,True,2,2,0.6034336094988639,True,1.591608753633612,True,4,0,False,False,False,65.0,16.338690085880746,5.46862503467564,0.9491563218731424,4.0,True,8,5,5,6,-0.8307190997410063,31.899999618530273,53238908.920316316,70.33557046979865,False,0.0,0,,,,0.0,0,,,,False,True,False,False,1,,power_play,6,6,True,0,0.75,mixed,4,True
CVCO,569.1400146484375,-18.433271227508506,41.18377196422316,38.13072260141337,20.49434426810095,0.130423242807716,False,0.7905772422891759,5.715635419135444,-14.708742317554236,-4.942121955734757,False,True,False,True,25,41.66666666666667,True,0.3806972302909405,1.2560303381578473,False,0.5724117609004424,True,0.5157083989260292,True,2,0,0.5276026992609884,False,0.9870840877087105,False,4,1,False,False,False,45.0,26.519475141009725,6.537927395683978,0.6331341355393115,20.0,False,2,2,3,4,-9.729090172650267,630.47998046875,57587986.4720459,67.71812080536913,False,0.0,0,,,,0.0,0,,,,False,False,False,False,0,,none,0,0,False,-2,0.5,mixed,4,False
CVE,29.739999771118164,-5.955699254139047,109.27352850403213,109.27352850403213,91.6371501707197,0.15019083900736346,True,0.9273324711517557,7.6328129384168175,60.327824081514606,20.649088159666974,False,True,False,True,33,55.00000000000001,True,0.42624334160829697,1.1340254591460608,False,2.4911791081260257,True,6.404289657666751,False,1,1,0.5301342786298779,False,1.1246881381363973,False,2,2,True,False,False,45.0,23.993229143085298,10.524543325001243,0.7187761503142257,44.0,False,8,4,4,5,-6.747468266011358,31.8918952848961,169848889.89469224,89.7986577181208,True,0.0,0,,,,0.0,0,,,,False,False,False,False,0,,none,0,0,False,-1,0.625,mixed,4,False
CVLT,142.25,-27.20434095791242,89.21255576292776,-14.291740101369765,-31.928118434682183,0.07236506187134666,False,1.0513788005176699,7.543054992997583,14.856682884597404,-5.154017834206204,False,True,False,True,27,45.0,True,0.41221873252536245,1.7528087900204419,False,2.1796398763821543,True,-3.7615842300448565,True,2,2,0.44412727937134644,False,2.102536487710439,True,2,2,True,False,False,25.0,21.365369398594,10.875220541794816,0.6197097601353548,12.0,False,1,5,4,5,-8.12504145338806,154.8300018310547,99075081.35285035,21.140939597315437,False,0.0,0,,,,0.0,0,,,,False,False,False,False,0,,none,0,0,False,-1,0.625,mixed,4,False
CVNA,59.185001373291016,-38.14923203755617,5.2065572160847395,-9.250514783486786,-26.886893116799204,0.094512246691849,False,0.9148189945144497,15.029146323172688,-37.47755195269199,-13.724485874998704,False,True,False,False,22,36.666666666666664,False,0.5030977109626674,2.58836277305865,True,-2.1707621568119664,True,-12.110180291190463,False,0,0,0.35076700341837325,False,0.6065211670347168,False,6,0,False,False,False,25.0,18.833308573009596,23.15620123064187,0.00875613016789959,6.0,False,0,1,2,2,-18.668401671652102,72.7699966430664,661081212.4094185,24.42953020134228,False,0.0,0,,,,0.0,0,,,,False,False,False,False,0,,none,0,0,False,-4,0.25,mixed,4,False
CVS,107.875,-1.8599927481549705,89.44500743710815,89.44500743710815,71.80862910379572,0.15369870360438667,True,1.0335793369603925,3.7070701904587695,31.906455829914336,3.650539860001234,False,False,False,True,30,50.0,True,0.3793100549076227,0.9372445348943961,False,3.3547497902511436,True,0.9982758838675609,True,2,0,0.5033288617109576,False,0.9659823586571229,False,3,1,False,False,False,45.0,19.208532121037344,6.559624217657993,0.8994754837515291,2.0,True,8,2,3,5,-1.9309283993104942,109.9990019679574,754638342.0810947,87.04697986577182,True,0.0,0,,,,0.0,0,,,,False,False,False,False,0,,none,0,0,False,-1,0.625,mixed,4,False
CVX,196.72169494628906,-5.979865423328434,36.6034439188391,31.528544901760803,13.892166568448385,0.196378410244955,True,0.9387882550141059,5.977993311228757,20.240842565659655,16.26577925203254,False,True,False,True,25,41.66666666666667,True,0.4885147476362932,0.911164829048736,True,3.7332434888270054,True,4.985425242847463,True,2,1,0.6932416169278073,True,0.6311281720585127,False,3,1,False,False,False,45.0,16.857562566500725,9.714231374210744,0.9560518606951722,44.0,True,5,4,5,5,-0.7408585080124208,198.19000244140625,1476749948.0435882,62.281879194630875,False,0.0,0,,,,0.0,0,,,,False,False,False,False,0,,none,0,0,False,-1,0.625,mixed,4,False
CW,745.5599975585938,-5.955071560421854,58.062746300677844,55.982652639375054,38.34627430606264,0.11937128127604318,True,1.0269687480874912,7.682803183396499,14.94281914080271,-1.9296769776312783,False,True,False,True,27,45.0,True,0.40903917215951596,1.6092652688698983,False,0.04591563119501923,True,5.328883543177598,False,1,0,0.47166532638909303,False,0.6977198439008931,False,4,2,True,False,False,55.0,15.189462469469731,9.65448531365084,0.49004198503273927,13.0,False,4,2,3,5,-7.74598812935049,808.1599731445312,185396412.88059694,77.24832214765101,False,0.0,0,,,,0.0,0,,,,False,False,False,False,0,,none,0,0,False,-1,0.625,mixed,4,False
CWST,89.62000274658203,-19.37747409671019,19.541151510390108,-17.621103049562738,-35.257481382875156,0.04401818826792222,False,1.030565817669972,8.257086921547915,-15.301006696504537,-8.072618001474229,False,False,False,False,24,40.0,True,0.39781487834469154,1.4517741463077762,False,-0.14036135828234234,True,-6.353181186566204,False,0,2,0.37069135622313343,False,1.712848126471117,True,2,1,False,False,False,35.0,18.33234638474151,14.382949112484871,0.3634410048815824,6.0,False,1,3,2,3,-11.669619992833812,101.45999908447266,70975563.76389885,18.25503355704698,False,0.0,0,,,,0.0,0,,,,False,False,False,False,0,,none,0,0,False,-3,0.375,mixed,4,False
CX,12.270000457763672,-9.22970858750276,50.130590925835584,49.40267509866001,31.766296765347594,0.33137431664022843,False,0.9948287665954751,8.557458447937467,-4.525777019420863,-0.16272989545510486,True,False,False,False,22,36.666666666666664,False,0.4325905820607807,1.3423931093901305,False,-0.7663599051505497,True,-5.397068580211329,False,0,1,0.5438167318294826,False,1.4989449276431261,True,4,2,True,False,False,35.0,13.059698561912885,9.69845549846464,0.37107172281204887,27.0,False,2,3,3,5,-8.213613717137836,13.367996011903845,67553167.58146305,73.35570469798658,False,0.0,0,,,,0.0,0,,,,False,False,False,False,0,,none,0,0,False,-1,0.625,mixed,4,False
CXT,52.09000015258789,-23.55943558704494,44.173812932868614,-9.702317651012471,-27.33869598432489,0.05452821615197749,False,0.8737733348657359,4.808979163140812,2.891834912593705,-0.7809520903087841,False,True,False,True,31,51.66666666666667,True,0.32097443077515747,1.294092832735541,False,4.48913025859364,False,1.5993752438128839,True,2,2,0.4716913612833122,False,3.496397354508155,True,2,1,False,False,False,25.0,17.734446625193552,6.3159932921672155,0.8157069673154316,14.0,False,2,3,5,5,-3.268334951539531,53.849998474121094,55095954.983975604,24.026845637583893,False,0.0,0,,,,0.0,0,,,,False,False,False,False,0,,none,0,0,False,-1,0.625,mixed,4,False
CYTK,81.18000030517578,-6.967684714885269,144.2973259809816,117.58241039168075,99.94603205836833,0.057548601211076626,True,0.9985176365256507,6.171473413890893,28.02397177184175,-6.139435414205385,False,True,False,True,24,40.0,True,0.41011774646421656,1.428027327979068,False,0.946856945879231,True,1.2471938091716872,True,2,1,0.4621235118120315,False,1.3756152721875265,True,6,1,False,False,False,35.0,24.5498821249441,7.797489292016062,0.6711255925713346,17.0,False,5,3,4,5,-8.073827936284573,88.30999755859375,173059458.73433304,90.93959731543623,True,0.0,0,,,,0.0,0,,,,False,False,False,False,0,,none,0,0,False,-1,0.625,mixed,4,False
CZR,29.8799991607666,-1.7428500141561498,64.71885427855955,4.256801534716881,-13.379576798595537,0.07158360233064467,False,0.7913671815627745,1.4725587229445174,27.965733073302236,-1.6781843998837087,False,True,False,True,27,45.0,True,0.47475879804749244,0.6213820874202683,True,1.704115818082989,True,0.06697438046303628,True,2,1,0.45350050617395976,False,0.7925827140078604,False,2,1,False,False,False,55.0,18.26143099156331,3.0789829388681342,0.8312609405771034,20.0,False,3,3,3,5,-3.08141668923253,30.829999923706055,115329293.44975948,37.986577181208055,False,0.0,0,,,,0.0,0,,,,False,False,False,False,0,,none,0,0,False,-1,0.625,mixed,4,False
D,71.16000366210938,-0.7392924553602187,28.108234619321305,26.47281123462224,8.836432901309824,0.15726827923093295,False,0.8588479409706229,2.9792055051718203,21.87666420027734,2.021510626680101,True,True,False,True,27,45.0,True,0.46804391143399,0.7863293668233499,True,2.6961117065022675,True,0.16892278298916708,True,2,0,0.4952558823460736,False,0.7502642383087778,False,4,0,False,False,False,65.0,18.01506422281774,4.510959695441791,0.8608284231195725,5.0,True,5,3,5,6,-2.507184895491721,72.98999786376953,337784579.4124222,58.59060402684564,False,0.0,0,,,,0.0,0,,,,False,True,False,False,1,,power_play,6,6,True,0,0.75,mixed,4,False
DAL,83.83999633789062,-10.263713759803538,65.70322770736641,55.466163247821164,37.82978491450875,0.13486141055412695,True,0.8990754767623775,5.796756706387325,24.336300608224228,-9.383280345444478,False,True,False,True,24,40.0,True,0.4357762969565913,1.1360611215064635,False,0.41756746945134,True,-0.39206586459976656,True,2,0,0.5375341011560126,False,0.8294908428620051,False,7,2,True,False,False,65.0,31.390215789684905,8.874049101125518,0.6126745884679164,15.0,False,4,3,4,5,-12.158228248820613,95.44433663676071,619944823.2817535,76.91275167785236,False,0.0,0,,,,0.0,0,,,,False,False,False,False,0,,none,0,0,False,-1,0.625,mixed,4,False
DAR,62.834999084472656,-3.0922229590662487,111.28110143932992,78.55925415348352,60.9228758201711,0.08776329450733295,True,0.9707421915393678,4.774415307405655,47.01683813019149,11.153370672784945,False,True,False,True,24,40.0,True,0.4465110792204957,1.3111302991700982,True,2.2292980380651346,True,-0.4199673471578902,True,2,1,0.44034269754098,False,1.1337648081233134,False,2,1,False,False,False,65.0,22.91729479360245,8.753089671097628,0.7894912004776314,55.0,False,8,3,5,5,-4.824292215301473,66.0199966430664,133764363.05979404,84.8993288590604,True,0.0,0,,,,0.0,0,,,,False,False,False,False,0,,none,0,0,False,-1,0.625,mixed,4,False
DASH,170.25,-39.57194367105225,16.132328043550626,-30.136649721222952,-47.773028054535374,0.2511145981343053,False,0.9992662790463137,14.666667383672907,-17.84490493169698,-11.332740549639064,False,True,False,False,24,40.0,True,0.3776710582693671,1.6656896964357606,False,-0.07769739353139488,True,-7.543173365747968,False,0,0,0.36658393985260457,False,1.1772093781289794,False,4,2,True,False,False,25.0,17.39512658585424,17.074885207300845,0.1682309587939982,13.0,False,1,2,2,3,-14.46872776197301,199.0500030517578,729964824.0901215,11.140939597315436,False,0.0,0,,,,0.0,0,,,,False,False,False,False,0,,none,0,0,False,-3,0.375,mixed,4,False
DAVE,396.17999267578125,-10.473867586688012,154.09184025676103,89.56887040645589,71.93249207314346,0.07205786151932557,True,1.0645891758061397,17.0503278918098,117.23967937883835,2.2769536497720066,False,True,False,False,29,48.333333333333336,True,0.4050939057707043,2.531844356981471,False,3.0036975962886445,True,-10.044961492017245,False,0,2,0.4496492118123318,False,2.1218099120472926,True,2,1,False,False,False,25.0,37.91598472449536,18.872732191416038,0.6427625477742805,3.0,False,8,3,4,6,-13.54500978160802,458.25,209261615.00995177,87.11409395973155,True,0.0,0,,,,0.0,0,,,,False,True,False,False,1,,power_play,6,6,True,0,0.75,mixed,4,False
DB,34.6349983215332,-10.989095882218859,26.53542378711109,6.427816199742109,-11.20856213357031,0.19257341779037052,False,0.9843303010350036,5.341424508365515,-8.14201642957939,-3.416068789649551,False,True,False,True,25,41.66666666666667,True,0.4700026574969325,0.7731922257877911,True,1.2164345969027153,True,-1.605120537386795,True,2,0,0.4958570715316249,False,1.017285087925093,False,5,2,True,False,False,45.0,19.187157820978854,7.997691907037028,0.6018167699877868,13.0,False,2,3,3,5,-7.640004475911455,37.5,68121330.71194705,39.59731543624161,False,0.0,0,,,,0.0,0,,,,False,False,False,False,0,,none,0,0,False,-1,0.625,mixed,4,False
DBX,29.05500030517578,-9.682928321632712,31.708980093280246,4.102473894745784,-13.533904438566633,0.17124345629634366,False,1.0109418775558217,9.482013876543768,10.475289536256094,1.7331962482131091,False,True,False,False,24,40.0,True,0.47429193487276383,1.7432543713111686,True,1.3556155221771944,True,-5.111040140966894,False,0,2,0.5120814800422109,False,2.223979493094314,True,2,1,False,False,False,25.0,19.411385711780913,11.030803269808,0.6628003481582945,7.0,False,3,4,4,7,-6.545512503777584,31.09000015258789,95425020.8969284,37.718120805369125,False,0.0,0,,,,0.0,0,,,,False,True,False,False,1,,power_play,7,7,True,1,0.875,mixed,4,False
DCI,92.3499984741211,-15.939689074394824,32.11605082721933,31.37455050787239,13.73817217455997,0.09747485759450547,False,0.9437185737014616,4.336767676216917,-7.819611696222095,3.6592235607085355,False,True,False,True,23,38.333333333333336,False,0.456600026839154,0.9897512981385751,True,3.107271712213232,True,2.157076233769706,True,2,0,0.4629387617374947,False,0.8494455555702725,False,3,1,False,False,False,45.0,14.480406269895486,4.99729893818819,0.9705875956503573,0.0,True,2,2,3,5,-0.4259035643572662,92.74500274658203,62506633.30181122,62.14765100671141,False,0.0,0,,,,0.0,0,,,,False,False,False,False,0,,none,0,0,False,-1,0.625,mixed,4,False
DCO,174.86000061035156,-8.089355789565534,102.36082999615394,97.15863772342797,79.52225939011555,0.06920605909556644,True,1.0627641921319575,8.172256945580681,54.92158798201743,-6.291535428273964,False,True,False,False,29,48.333333333333336,True,0.504944139289721,2.2717476650665094,True,1.6625104331780638,True,3.792959781176264,True,1,1,0.507603606451808,False,2.11560794628925,True,3,0,False,False,False,45.0,29.583480000223496,11.140347088146427,0.6257520206682232,15.0,False,6,3,4,5,-11.071557611685668,196.6300048828125,61718443.61838684,88.38926174496645,True,0.0,0,,,,0.0,0,,,,False,False,False,False,0,,none,0,0,False,-1,0.625,mixed,4,False
DD,137.0749969482422,-10.62087981952542,59.11995521503346,48.696321468267726,31.059943134955308,0.06809221564581652,False,0.821321242856779,5.303657979592684,4.343134061867993,-2.026307368781066,True,True,False,True,20,33.33333333333333,False,0.3121159101570032,0.8245044350538453,False,-1.0674688536189214,True,1.3193907537079719,True,2,0,0.4572387482201896,False,0.9167813392339126,False,5,0,False,False,False,25.0,10.533498600444897,7.433877373321993,0.38439097280694473,24.0,False,3,1,4,6,-6.484516826359288,146.5800018310547,180121553.4822937,72.95302013422818,False,0.0,0,,,,0.0,0,,,,False,True,False,False,1,,power_play,6,6,True,0,0.75,mixed,4,False
DDOG,241.57000732421875,-12.944604913430336,135.41393787770116,64.82669988285214,47.19032154953972,0.08207814902597514,True,1.040347837704453,11.445954819786234,85.63743814638494,-7.216922370759759,False,True,False,False,28,46.666666666666664,True,0.4805941688559516,2.5184436205585583,True,0.15715913200079484,True,-6.617957770155892,False,0,1,0.4595603195042809,False,1.4410003565697318,True,3,2,True,False,False,25.0,23.118906272988824,14.703820198828515,0.45083639467132786,7.0,False,5,3,3,4,-12.696061920130198,276.70001220703125,1087338637.5397232,80.93959731543625,True,0.0,0,,,,0.0,0,,,,False,False,False,False,0,,none,0,0,False,-2,0.5,mixed,4,False
DDS,558.989990234375,-20.088914847786633,26.118107159517123,17.331476218560216,-0.30490211475220264,0.1472025803250217,False,0.8478094613270944,8.749704645699314,-10.882485534750796,2.152732550338299,True,False,False,False,27,45.0,True,0.4601054487701903,1.8577585681514401,True,-0.141565525747372,True,1.462980354263821,True,1,1,0.6122672834160682,True,0.817697114642802,False,5,2,True,False,False,25.0,14.865449730831953,12.771250987608004,0.6367262748417839,20.0,False,2,4,4,4,-5.4002272998715295,590.899929544562,63519644.57567139,48.85906040268456,False,0.0,0,,,,0.0,0,,,,False,False,False,False,0,,none,0,0,False,-2,0.5,mixed,4,False
DE,612.4500122070312,-7.042611942282639,40.73095553237556,20.491559036610862,2.855180703298444,0.07787678292382884,True,0.9531723481103116,6.211115563580853,19.711803047321585,-1.4196737403928572,False,False,False,True,22,36.666666666666664,False,0.4870393676499224,1.5936097105826392,True,1.7747083228498044,True,2.546718609162024,True,2,0,0.48806844736889293,False,0.7205143582921861,False,5,1,False,False,False,45.0,19.588998967511305,6.794021474767602,0.7879714903835856,15.0,False,3,2,3,5,-4.1534262559589035,638.989990234375,695028143.5915772,52.48322147651007,False,0.0,0,,,,0.0,0,,,,False,False,False,False,0,,none,0,0,False,-1,0.625,mixed,4,False
DECK,92.97000122070312,-24.96973733111707,16.884586560966518,-11.406518908160535,-29.042897241472954,0.6987253846270509,False,0.9773763987782277,15.693230231604682,-7.011404181698621,-11.194957443298058,False,False,False,False,20,33.33333333333333,False,0.44316686123505294,1.611141869888978,True,-3.2239986635383837,True,-12.696024898378022,False,0,0,0.2516999493464652,False,0.7217072169256992,False,4,0,False,False,False,25.0,17.133052840479124,20.415182831376022,0.061643753019801864,9.0,False,0,1,1,2,-16.07690716270541,110.77999877929688,236079710.06086883,22.483221476510067,False,0.0,0,,,,0.0,0,,,,False,False,False,False,0,,none,0,0,False,-4,0.25,mixed,4,False
DELL,435.56500244140625,-6.3686235632131165,294.01699928181574,243.68163623407594,226.04525790076352,0.1954655648942091,True,1.0226391243280384,17.06946985402505,279.134271287678,10.64230487353177,False,True,False,False,28,46.666666666666664,True,0.4893122750281395,3.4942080164815428,True,1.7247236695026833,True,10.07841140757295,False,0,2,0.4097143515627713,False,2.3023942510448365,True,2,1,False,False,False,25.0,20.568314905317116,21.85041450674266,0.7147252244736115,8.0,False,10,3,4,6,-5.867621417570412,462.7153897529444,2901460971.517395,96.57718120805369,True,0.0,0,,,,0.0,0,,,,False,True,False,False,1,,power_play,6,6,True,0,0.75,mixed,4,False
DEO,83.11000061035156,-25.30269554053405,15.839749855591023,-18.3736984136761,-36.01007674698852,0.22909594549790913,False,1.1396906728816505,5.282155405376873,-8.242349025460838,1.1562766624854781,False,True,False,True,25,41.66666666666667,True,0.5795835118141615,1.1839427376155225,True,0.47146809828618913,True,-1.059523082914804,True,2,0,0.4806198417676762,False,0.7022714668242155,False,5,4,True,False,False,25.0,9.430665422844694,6.377094227933003,0.6567902095069809,5.0,False,2,3,3,5,-3.2366967039842875,85.88999938964844,73535214.58514786,17.78523489932886,False,0.0,0,,,,0.0,0,,,,False,False,False,False,0,,none,0,0,False,-1,0.625,mixed,4,False
DFTX,42.834999084472656,-11.589270567693866,407.5237110678542,340.6892788858572,323.0529005525448,0.08627347517913046,True,1.1461059644387839,8.731181880245487,146.17816105498744,-3.066303653192126,True,True,False,False,24,40.0,True,0.4622634619402387,3.228571835352169,True,3.405231348188282,True,-3.285170018013228,True,1,2,0.3468941267420897,False,2.74989120983801,True,2,4,True,False,False,,,,,,False,9,4,6,6,,,122421415.7075615,98.3221476510067,True,0.0,0,,,,0.0,0,,,,True,True,False,False,2,power_play,sepa_vcp,6,6,True,0,0.75,mixed,4,False
DG,117.66000366210938,-23.949765398144606,24.377360413984395,11.414792773856952,-6.221585559455466,0.07316022259270255,False,0.9848977199865627,10.479348501860857,-19.125451860080855,0.07624828830703478,False,True,False,False,24,40.0,True,0.5095763550862543,1.6253974115614662,True,1.2294305595734258,True,-6.433396690171467,False,0,1,0.3774243880152072,False,1.4218391562933568,True,3,2,True,False,False,25.0,17.007013214373504,13.759988048190072,0.4170045229899428,5.0,False,1,3,2,3,-9.915011781430028,130.61000061035156,298479286.93423384,43.89261744966443,False,0.0,0,,,,0.0,0,,,,False,False,False,False,0,,none,0,0,False,-3,0.375,mixed,4,False
DGX,231.2100067138672,0.0,40.53390269400765,36.86318530930286,19.22680697599044,0.32964369410301786,True,1.4037945801012137,14.566840403867884,28.804923505872804,7.616388088275583,False,False,False,False,24,40.0,True,0.436672311786669,1.1096337281026483,False,4.025766415842045,False,9.744643417412636,False,0,0,0.5072175881207468,False,0.6169705951540814,False,4,1,False,True,True,25.0,19.2324153139689,15.907615462687902,0.8563334390758918,1.0,True,7,1,3,4,-2.7630549664220627,237.77999877929688,219570990.9498108,66.30872483221476,False,0.0,0,,,,0.0,0,,,,False,False,False,False,0,,none,0,0,False,-2,0.5,mixed,4,False
DHI,144.27999877929688,-20.898750262470813,9.195333009057105,0.8686266469300374,-16.767751686382383,0.147198900544861,False,1.0153143278598762,7.734962404027101,-3.5749493401911026,-9.011797871525562,False,False,False,True,18,30.0,False,0.4921222910105495,1.51798227568742,True,-1.1436738982149277,True,-3.420577435724692,True,2,0,0.4763736801352404,False,0.4091457070246615,False,9,1,False,False,False,25.0,18.713035137564525,12.752976193623756,0.17052560717678905,20.0,False,0,1,1,3,-15.521983458610745,170.7899932861328,373202005.9754181,34.09395973154362,False,0.0,0,,,,0.0,0,,,,False,False,False,False,0,,none,0,0,False,-3,0.375,mixed,4,False
DHR,191.8300018310547,-20.414078431164018,18.725199419848913,-4.716136910216662,-22.35251524352908,0.26593154548981796,False,1.2742811177973108,20.111557870406642,-18.029983107557424,-3.08189312911189,False,False,False,False,29,48.333333333333336,True,0.4420724081915393,1.3785215817910994,True,0.9950966303938312,True,-5.887258937448403,False,0,2,0.6342523668031086,True,3.664038661112425,True,5,1,False,True,True,25.0,19.76862242211104,21.28968146174473,0.6385897201185134,5.0,False,1,3,2,4,-7.144583362446577,206.58999633789062,1122725873.9416885,28.255033557046982,False,0.0,0,,,,0.0,0,,,,False,False,False,False,0,,none,0,0,False,-2,0.5,mixed,4,False
DHT,18.670000076293945,-6.462921179100811,85.01258246076415,78.35744074123845,60.72106240792603,0.10627429899753014,True,1.0091343556166588,6.025709670073639,43.51192681937188,8.672873950236637,True,True,False,True,27,45.0,True,0.45548059621616616,2.029715365826168,True,1.6021472727344108,True,7.237221366599411,False,1,0,0.3884836656903642,False,0.872479860252189,False,6,2,True,False,False,25.0,19.068847348346186,9.453665679892143,0.6051947254136593,21.0,False,7,3,6,5,-7.528481513408836,20.190000534057617,56146382.7622716,84.83221476510067,True,0.0,0,,,,0.0,0,,,,True,False,False,False,1,,sepa_vcp,6,6,True,0,0.75,mixed,4,False
DIA,516.760009765625,-2.4869827673480893,20.38686024277019,17.320047789380855,-0.31633054393156357,0.366790392658684,False,0.8726272601677225,1.8674092870381438,6.041517479305303,-2.0787429951501957,False,True,False,True,28,46.666666666666664,True,0.26908920289858446,0.25128534546552556,False,0.6171042596484229,True,-0.77763249783106,True,2,1,0.3679538771887888,False,2.3524696921273796,True,3,2,True,False,False,65.0,8.850590470223064,2.5273153687912115,0.6683163962450902,13.0,True,3,5,3,5,-2.9355957425224455,532.3887924916773,1825436368.6968994,48.79194630872483,False,0.0,0,,,,0.0,0,,,,False,False,False,False,0,,none,0,0,False,-1,0.625,mixed,4,False
DINO,90.55999755859375,-1.2324188599892594,121.78050439973434,114.14688080729319,96.51050247398076,0.10506202518048235,True,1.1055189351717383,6.2500042123425015,84.25768394908413,24.910341460129317,False,False,False,True,30,50.0,True,0.5490410674604639,1.9758472070506712,True,5.697473992258055,False,2.2237287528372285,True,2,2,0.7007210832342449,True,2.9318037619740513,True,3,0,False,False,False,25.0,31.859921845547696,15.757513976552417,0.8961124098068388,2.0,False,9,2,3,4,-3.3098505042764015,93.66000366210938,209896509.52963525,90.33557046979865,True,0.0,0,,,,0.0,0,,,,False,False,False,False,0,,none,0,0,False,-2,0.5,mixed,4,False
DIOD,87.01000213623047,-29.12186329251375,105.40604552061251,71.7867710068556,54.15039267354318,0.08809557088475421,False,0.8067202459805508,11.061946631066919,54.081813804407574,-9.59999778053977,False,True,False,False,24,40.0,True,0.4438935950782876,2.7584967159731635,True,-2.6219350900957665,True,-0.011485299036417818,True,1,0,0.4610690087342995,False,0.5194952753893062,False,4,2,True,False,False,25.0,34.91546837816049,19.859784340933352,0.11388957443793699,23.0,False,4,2,2,3,-30.938960543270543,125.98999786376953,57117051.994644165,83.48993288590604,True,0.0,0,,,,0.0,0,,,,False,False,False,False,0,,none,0,0,False,-3,0.375,mixed,4,False
DIS,95.05999755859375,-20.921290125544555,3.644660397208055,-20.921290125544555,-38.55766845885697,0.24569978895340572,False,0.935120932023062,6.2066081184593145,-13.68860575246551,-4.4623140114635635,False,False,False,True,19,31.666666666666664,False,0.5657496839849394,1.2753893746120335,True,-2.1035847415443403,True,-2.6722644202745838,True,2,0,0.40191357305299713,False,0.4559148510215427,False,4,1,False,False,False,25.0,10.840237276352836,7.742479275591138,0.22854326003060257,21.0,False,0,1,1,3,-8.362774109709903,103.73513234938109,970420132.9543244,15.906040268456376,False,0.0,0,,,,0.0,0,,,,False,False,False,False,0,,none,0,0,False,-3,0.375,mixed,4,False
DK,64.75900268554688,-3.6180974364145246,233.25704782135765,195.63835406314604,178.00197572983362,0.20107162755410493,True,1.0858354327412587,9.790144828778953,132.2963558151559,23.092571629442006,False,False,False,False,34,56.666666666666664,True,0.542623654788454,2.5590746535225284,True,5.250333248354407,False,2.38577499691206,True,1,2,0.6249798277320047,True,2.144731987003886,True,3,0,False,False,False,,,,,,False,11,2,3,4,,,70535634.27991486,95.16778523489933,True,0.0,0,,,,0.0,0,,,,False,False,False,False,0,,none,0,0,False,-2,0.5,mixed,4,False
DKNG,22.934999465942383,-52.44661064975218,10.690155530846358,-47.92234561953402,-65.55872395284644,0.20376335868836434,False,0.8103620745171489,12.01221335193972,-23.473473502141008,-11.413673207298524,False,False,False,False,23,38.333333333333336,False,0.44779713055654885,2.224183817224079,True,-2.5934904949595285,True,-8.039298416923613,False,0,1,0.28613158602714306,False,0.6379727364917996,False,2,2,True,False,False,25.0,18.931689335606443,22.71637721011481,0.11996158944712892,9.0,False,0,3,2,3,-16.66061379198783,27.520000457763672,274922434.9143669,4.295302013422819,False,0.0,0,,,,0.0,0,,,,False,False,False,False,0,,none,0,0,False,-3,0.375,mixed,4,False
DKS,204.36000061035156,-14.554500073209265,10.156233742872779,-1.3006953716713565,-18.937073704983774,0.15628673295391635,False,0.8752789523346881,8.626935227127552,0.3353567563141313,-13.47277206037979,False,True,False,False,25,41.66666666666667,True,0.4102036347720023,1.575893017889558,False,-2.1107408499055067,True,-5.980861227224754,False,0,0,0.411464808525824,False,0.9280220926885435,False,8,2,True,False,False,25.0,17.04313295813455,11.12253421336933,0.039135762893490744,23.0,False,1,2,2,3,-16.376136947722753,244.3800048828125,236043209.57289124,31.946308724832218,False,0.0,0,,,,0.0,0,,,,False,False,False,False,0,,none,0,0,False,-3,0.375,mixed,4,False
DLR,204.9149932861328,0.0,40.394626424966404,17.115174878609942,-0.5212034547024764,1.1979536303007423,False,1.119722577364303,15.733348603416603,30.488666821097542,18.24292537659844,False,False,False,False,20,33.33333333333333,False,0.4655571279887796,1.368836378140307,True,3.628477964872509,True,17.848509047510408,False,0,1,0.5440919380026492,False,0.6456070262174214,False,2,1,False,False,False,65.0,17.281482211313037,16.72888753993225,0.9483243065336053,62.0,True,5,3,2,3,-0.8930325773967684,206.7614403055562,685550118.4727783,48.65771812080537,False,0.0,0,,,,0.0,0,,,,False,False,False,False,0,,none,0,0,False,-3,0.375,mixed,4,False
DLTR,119.61499786376953,-15.292831827319054,40.65733369709923,4.7325092571791405,-12.903869076133278,0.06339912312151012,False,0.8611925046633113,9.03733259294113,-7.217654698522324,-3.575175396116559,False,True,False,False,27,45.0,True,0.44167282333070434,1.534470473141589,True,1.6547445450429221,True,-5.0222363466917,False,0,0,0.37797453707050166,False,0.6500478710244592,False,4,2,True,False,False,45.0,33.76856838178623,13.752453489968891,0.6967778009673735,5.0,False,1,3,3,3,-10.239379562908846,133.25999450683594,424098022.2223644,38.38926174496644,False,0.0,0,,,,0.0,0,,,,False,False,False,False,0,,none,0,0,False,-3,0.375,mixed,4,False
DNTH,103.9749984741211,-1.6505890337052964,454.2377249763946,377.16839883209695,359.53202049878456,0.10923141234357682,True,1.0261935056713476,7.6556856949162295,98.69098955853319,10.213061808611368,True,True,False,True,26,43.333333333333336,True,0.4559416687596544,2.877281075509721,True,2.3238296874362385,True,-1.5388257798111926,True,2,1,0.5440965227617898,False,1.847797906312872,True,4,2,True,False,False,25.0,26.113526721073526,16.33084489226062,0.8576241197111651,4.0,False,10,3,4,6,-3.717936354358853,107.98999786376953,120470489.48261109,98.65771812080537,True,0.0,0,,,,0.0,0,,,,False,True,False,False,1,,power_play,6,6,True,0,0.75,mixed,4,False
DOC,22.181499481201172,-1.8517738637371606,46.11784860690422,25.791085123491552,8.154706790179134,0.06654221972077608,True,0.9125675626272867,3.7869403432341944,26.7886398105087,1.7929111238321305,False,True,False,True,29,48.333333333333336,True,0.461945626667215,0.9231863513620973,True,3.923172563680176,True,-1.01080620885875,True,2,0,0.48994350921847085,False,1.0276956178009948,False,4,3,True,False,False,45.0,17.779514653271594,6.074945318025066,0.8546335290890976,2.0,True,5,3,5,6,-2.5845452996547724,22.770000457763672,132520020.75210209,57.986577181208055,False,0.0,0,,,,0.0,0,,,,False,True,False,False,1,,power_play,6,6,True,0,0.75,mixed,4,False
DOCN,124.62999725341797,-31.253791235618557,384.1880278229853,333.64647963102294,316.01010129771055,0.10360576217094636,False,0.8914770530498011,21.14258740609334,132.4752766918513,-4.226548392392293,True,False,False,False,25,41.66666666666667,True,0.524701261361123,4.399658838045049,True,-2.367623590798897,True,4.810355239381159,True,1,0,0.37478898011907386,False,0.6396550850931572,False,4,2,True,False,False,25.0,39.20013240201124,26.791308477002513,0.18841590666434252,24.0,False,7,2,3,4,-31.81420391412402,182.77999877929688,537314532.4219052,98.12080536912752,True,0.0,0,,,,0.0,0,,,,False,False,False,False,0,,none,0,0,False,-2,0.5,mixed,4,False
DOCS,20.5,-72.71033113622623,13.825650968760472,-66.19950620899357,-83.83588454230599,0.07775920635682734,False,0.8251481201510034,8.926828896127097,-49.54467275146699,-6.221411584533754,False,True,False,False,30,50.0,True,0.5183709573065924,2.2237878703996343,True,-0.3955153011841512,True,-4.739778978005049,True,1,2,0.3923834281529374,False,2.1552517931985715,True,2,2,True,False,False,35.0,17.479842958120546,13.26829863757622,0.25485424982384797,13.0,False,1,4,3,4,-13.025030693990058,23.56999969482422,68079812.67092438,1.4093959731543624,False,0.0,0,,,,0.0,0,,,,False,False,False,False,0,,none,0,0,False,-2,0.5,mixed,4,False
DOCU,48.79999923706055,-42.59499116485442,16.886225717510285,-39.25059364533089,-56.8869719786433,0.11159477386463659,False,1.0043831541566133,14.057378519673872,-15.071353959962542,6.620054072520576,False,True,False,False,24,40.0,True,0.455071174561588,2.1130242339859224,True,0.43671154302156345,True,-7.470614933664121,False,0,2,0.46692238946759856,False,1.609114437672772,True,1,1,False,False,False,25.0,24.09541278804114,16.250000879412806,0.565945722191156,5.0,False,2,3,3,5,-10.458716996219175,54.5,155576461.89094314,7.315436241610739,False,0.0,0,,,,0.0,0,,,,False,False,False,False,0,,none,0,0,False,-1,0.625,mixed,4,False
DOV,203.0,-12.577731799671588,26.914953829058618,9.909186471920384,-7.7271918613920345,0.4303602953144498,False,1.138186450905688,10.842361826027554,-1.3279971756734121,-5.011467117778268,False,False,False,False,23,38.333333333333336,False,0.46240908701348565,1.1914289997930867,True,-1.8867000098863593,True,-5.219905247034518,False,0,0,0.47968396218372533,False,0.3934476640001874,False,5,2,True,False,False,25.0,17.076822143706778,12.28078456935037,0.2318296093978858,20.0,False,0,2,2,3,-13.117909136374074,233.64999389648438,252676597.6512085,42.214765100671144,False,0.0,0,,,,0.0,0,,,,False,False,False,False,0,,none,0,0,False,-3,0.375,mixed,4,False
DOW,29.670000076293945,-28.417241092733747,49.602187652944174,24.539201451978276,6.902823118665857,0.23126369381291,False,0.9636374057821482,11.560499819197236,7.351135215934113,7.073262564341176,False,False,False,False,24,40.0,True,0.4443591516997311,1.7003682224224437,True,-2.1740937388543267,True,-0.8355614951955803,True,1,0,0.37068120628360735,False,0.8867695675725206,False,5,2,True,False,False,25.0,18.11793580236208,11.880686246936397,0.48397988052857677,1.0,False,2,2,2,5,-9.34921939731046,32.72999954223633,306615619.5647234,56.375838926174495,False,0.0,0,,,,0.0,0,,,,False,False,False,False,0,,none,0,0,False,-1,0.625,mixed,4,False
DOX,52.08000183105469,-39.800703477304985,5.599378491402973,-39.11978523368305,-56.75616356699547,0.07251948561251001,False,0.8592905686334358,6.701224541218213,-35.725604847252235,0.6376846976902106,False,True,False,True,19,31.666666666666664,False,0.457953469220209,1.3501531322433389,True,-2.1305992476738864,True,-1.0450298801034097,True,2,1,0.5300507360753931,False,1.340017280545189,True,6,1,False,False,False,25.0,8.492663424488006,7.834097298215853,0.6193190789864947,5.0,False,1,3,3,5,-3.2329949342917996,53.81999969482422,74497748.4594759,7.449664429530202,False,0.0,0,,,,0.0,0,,,,False,False,False,False,0,,none,0,0,False,-1,0.625,mixed,4,False
DPZ,329.4599914550781,-30.836009689337697,16.404618901188183,-29.50162295067622,-47.13800128398864,0.1103430699862772,False,1.2898178858677694,10.417048568672195,-19.034958809674784,5.711348130595173,False,False,False,False,25,41.66666666666667,True,0.5166516069439896,1.9021790044846036,True,1.53048590716162,True,2.259606103667311,True,1,0,0.5832446503812715,False,1.0715537514291409,False,3,0,False,False,False,25.0,19.428571428571427,14.900138897315562,0.6979410508099724,4.0,False,2,2,2,3,-5.868573869977678,350.0,309292800.3845154,11.879194630872483,False,0.0,0,,,,0.0,0,,,,False,False,False,False,0,,none,0,0,False,-3,0.375,mixed,4,False
DRI,194.1999969482422,-9.77873298545192,17.45763037223844,-1.2032131432089033,-18.83959147652132,0.08379829520852149,False,0.9563584644272362,4.701341414153478,-4.313025515241387,-4.184293985508869,False,True,False,True,25,41.66666666666667,True,0.40328997789055065,1.2070823685120298,False,-1.1920825584036716,True,-2.181031510441045,True,2,0,0.45991566445653387,False,0.7315848161045652,False,5,3,True,False,False,55.0,13.405961451924103,7.832135403133364,0.19723424210972623,24.0,False,2,2,2,5,-10.761846805201646,217.61991927860964,290757767.6195663,32.080536912751676,False,0.0,0,,,,0.0,0,,,,False,False,False,False,0,,none,0,0,False,-1,0.625,mixed,4,False
DRS,48.40999984741211,-2.5759686348811095,49.32160777116774,2.927061350992455,-14.709316982319963,0.08898579139836559,False,0.9172035092564256,10.720922625630685,18.575698393082483,10.72735246056693,False,True,False,False,27,45.0,True,0.4114955273811618,1.635073086552396,False,2.1095064279449813,True,9.673766463089395,False,0,0,0.4714471658843376,False,1.199963031081618,False,4,0,False,False,False,35.0,20.14231784141974,13.612890256888067,0.7860647106014532,28.0,False,4,2,3,4,-4.309152596561649,50.59000015258789,52158947.987669945,36.442953020134226,False,0.0,0,,,,0.0,0,,,,False,False,False,False,0,,none,0,0,False,-2,0.5,mixed,4,False
DT,41.2599983215332,-24.584172889808585,27.503082643127776,-23.902623768701304,-41.539002102013725,0.1251579962152319,False,0.9720418160711389,11.657774489252603,1.1522368116126946,-7.840076167838839,False,True,False,False,22,36.666666666666664,False,0.5375127011842755,2.386661149587415,True,-0.43781914438875325,True,-7.093000532992488,False,0,2,0.38230895034977624,False,1.6122648301212377,True,2,2,True,False,False,55.0,29.75117814170234,14.614636511388019,0.6135543602653182,13.0,False,0,5,4,4,-11.497213069830647,46.619998931884766,211131749.43356436,14.29530201342282,False,0.0,0,,,,0.0,0,,,,False,False,False,False,0,,none,0,0,False,-2,0.5,mixed,4,False
DTE,150.6824951171875,-2.426664337452533,19.926286669415717,11.99860998767408,-5.637768345638339,0.11964104422051733,False,1.0798606377972217,4.5764470090919325,13.953628455750454,-2.1923292839996833,False,False,False,True,26,43.333333333333336,True,0.5858247925454348,1.0418648868280929,True,1.4419234243196684,True,1.681957375475962,True,2,0,0.48377657732711066,False,1.0379361053917877,False,7,2,True,False,False,55.0,10.981277571031416,5.342361131926594,0.7037125533920139,13.0,False,4,3,3,6,-3.2536146920144504,155.75,182938345.35398865,44.36241610738255,False,0.0,0,,,,0.0,0,,,,False,True,False,False,1,,power_play,6,6,True,0,0.75,mixed,4,False
DTM,147.80999755859375,-1.9437493882161094,52.908563470612634,50.79812959355827,33.16175126024585,0.10056308387959105,True,1.0135648593738105,4.857582568415245,22.383351204032852,2.2269875525678495,True,True,False,True,27,45.0,True,0.48099457695199244,1.1062034434977253,True,0.9993166060094526,True,1.902788313524617,True,2,0,0.4573041675206852,False,0.7588144520421364,False,4,1,False,False,False,65.0,14.159082737316078,5.899456130129053,0.8053136206138685,19.0,True,6,3,6,6,-2.7565805535567423,152.0,97165997.98820496,74.36241610738254,False,0.0,0,,,,0.0,0,,,,True,True,False,False,2,power_play,sepa_vcp,6,6,True,0,0.75,mixed,4,False
DUK,130.8699951171875,-1.0933054043002044,16.77642614708279,13.104893440323263,-4.531484892989155,0.14243769542241988,False,1.0667922579509388,4.875064943423435,13.365517486593292,0.9799297483500835,True,False,False,True,23,38.333333333333336,False,0.519240551750667,0.9364982125486535,True,2.454688451006804,True,4.687619295111345,True,2,1,0.6140027747150894,True,1.0185795962476378,False,7,1,False,False,False,45.0,8.580151041045443,5.272409095530493,0.9884337270889035,0.0,True,3,3,3,5,-0.09924036855916141,131.0,451972663.8894905,45.43624161073826,False,0.0,0,,,,0.0,0,,,,False,False,False,False,0,,none,0,0,False,-1,0.625,mixed,4,False
DUOL,120.56999969482422,-69.15105904601725,33.922027468193484,-66.5964827213613,-84.23286105467372,0.14126764336010386,False,0.898672456043129,16.31334392307049,-22.699153725433575,-4.126910268166295,False,True,False,False,30,50.0,True,0.47596940882190825,3.062317336064981,True,0.09167005816847626,True,-9.921558313879375,False,0,2,0.42832854820164235,False,1.7977548382541937,True,1,1,False,False,False,25.0,17.742989882107967,16.31334392307049,0.28921572141244756,21.0,False,1,3,3,4,-12.611438263340357,137.97000122070312,128315571.81682739,1.342281879194631,False,0.0,0,,,,0.0,0,,,,False,False,False,False,0,,none,0,0,False,-2,0.5,mixed,4,False
DVA,236.6199951171875,-0.2781539385977805,127.80397502682628,63.44545702427589,45.809078690963474,0.0487398610427546,True,1.0387334051259702,3.6514240418986676,118.84941648752196,0.7279347104935274,False,True,False,True,31,51.66666666666667,True,0.5006967529081496,1.3369453170436978,True,3.959504843991879,True,-0.14770059573474548,True,2,2,0.5597913922608703,False,2.0660617048609673,True,2,2,True,False,False,35.0,20.534971974295907,6.030768560109906,0.9386302812348548,13.0,True,10,6,6,8,-1.260225454912678,239.63999938964844,170156769.05860823,80.33557046979865,True,0.0,0,,,,0.0,0,,,,True,True,False,False,2,sepa_vcp,power_play,8,8,True,2,1.0,mixed,4,True
DVN,45.625,-11.754339508126243,46.55597167134158,40.570498802714596,22.934120469402178,0.12468686538732363,True,0.8802776235959714,6.553419975385275,19.538075656382393,12.737827091193044,False,True,False,True,24,40.0,True,0.33214530127745256,0.9172174571209665,False,1.139358385800056,True,4.0953641203672175,True,2,0,0.4999144313435628,False,0.6336452409562425,False,3,1,False,False,False,35.0,14.741783551860047,8.789037417059076,0.813296209772861,29.0,True,5,3,5,5,-2.7523468638403714,46.916299292198794,486144539.75328887,69.46308724832215,False,0.0,0,,,,0.0,0,,,,False,False,False,False,0,,none,0,0,False,-1,0.625,mixed,4,False
DX,12.675000190734863,-7.03865610026817,21.501894470245865,16.83275117826515,-0.8036271550472698,0.16629887121216305,False,1.1985718431260157,5.787513953508225,-6.275633126184498,-1.2789972079548129,False,False,False,True,23,38.333333333333336,False,0.4866839537768693,0.8330078097976651,True,-0.2553178882769824,True,-3.6488901358051273,True,2,0,0.37055512533521057,False,0.6552705543610159,False,6,1,False,False,False,45.0,8.840361639234246,6.955420122449777,0.37872974824380706,6.0,False,1,1,1,4,-5.4922537012228485,13.411599246758112,80520512.76565918,48.45637583892618,False,0.0,0,,,,0.0,0,,,,False,False,False,False,0,,none,0,0,False,-2,0.5,mixed,4,False
DXCM,70.52999877929688,-21.221937070319274,28.61050069849165,-18.688032607438444,-36.324410940750866,0.08827864496057901,False,0.9594229407364135,10.350199275072292,-3.197916293626346,-1.0105280290570229,False,True,False,False,23,38.333333333333336,False,0.5306377421835718,1.978247060707869,True,-0.4317576173983636,True,-7.98434784703268,False,0,0,0.37769184018210444,False,1.024077646126958,False,4,2,True,False,False,65.0,28.338597438740493,13.270949627605926,0.6156931507222074,6.0,False,0,3,3,3,-10.890717094634084,79.1500015258789,309779374.7863159,17.449664429530202,False,0.0,0,,,,0.0,0,,,,False,False,False,False,0,,none,0,0,False,-3,0.375,mixed,4,False
DY,433.5249938964844,-18.997573989444525,76.72536717258511,65.20901941478961,47.57264108147719,0.12148433475204286,False,0.7162111426434676,9.662652727800939,17.73851985474293,-0.9674286765956608,False,True,False,False,25,41.66666666666667,True,0.484531527854372,2.250064977932384,True,-1.1114215042409104,True,6.488420695972619,False,0,0,0.5208492401459615,False,0.4411977303444753,False,6,2,True,False,False,25.0,23.125877876241795,12.649788849540963,0.32411830843834155,17.0,False,2,2,3,3,-15.630357457842637,513.8400268554688,272353803.75482786,81.20805369127517,True,0.0,0,,,,0.0,0,,,,False,False,False,False,0,,none,0,0,False,-3,0.375,mixed,4,False
DYN,23.850000381469727,-1.8114471695072965,159.23913995575157,158.11689363909537,140.48051530578294,0.24347459832234175,False,1.2171966188316556,12.914053592417119,32.50000211927626,3.3810173253730147,False,False,False,False,29,48.333333333333336,True,0.4550589914547789,2.7616333745153203,True,2.4511900873452657,True,0.4633555661840649,True,1,2,0.6479326466750976,True,1.8670191924530237,True,4,0,False,False,False,25.0,22.79145347808357,14.716981856356417,0.8336282689921235,4.0,False,8,4,3,5,-3.791853567334247,24.790000915527344,60411537.21152763,93.48993288590603,True,0.0,0,,,,0.0,0,,,,False,False,False,False,0,,none,0,0,False,-1,0.625,mixed,4,False
EA,209.0500030517578,-0.11466875726203751,42.00768752610111,37.49553274785609,19.85915441454367,0.16061667736476629,True,0.8727608754826213,0.4496543543094418,2.6694443262064826,1.8712519917436943,False,False,False,True,26,43.333333333333336,True,0.47695264082526156,0.18423928435225845,True,6.227756935220295,False,0.07180907594845909,True,2,1,0.5441720628469574,False,0.5903579215457322,False,0,1,False,False,False,,,,,,False,7,1,1,4,,,426559345.7553253,66.91275167785234,False,0.0,0,,,,0.0,0,,,,False,False,False,False,0,,none,0,0,False,-2,0.5,mixed,4,False
EAT,184.0850067138672,-5.6022707044308895,79.96383328404445,20.854121495697854,3.2177431623854353,0.1364947088747631,True,1.0592273249436501,8.305941672859234,13.095166112871159,3.5873050245642357,False,False,False,False,26,43.333333333333336,True,0.4219217136086923,1.8559039387442249,False,3.058194448937815,True,-2.7805646791318916,True,1,1,0.5067213165510245,False,2.4306963199817284,True,6,0,False,False,False,25.0,18.020265542866447,10.196378622858798,0.6523031113874375,4.0,False,4,3,3,5,-6.265590261226839,196.38999938964844,189788834.89113006,52.95302013422819,False,0.0,0,,,,0.0,0,,,,False,False,False,False,0,,none,0,0,False,-1,0.625,mixed,4,False
EBAY,108.6050033569336,-8.451505406895699,41.824948187091174,33.41349972553609,15.777121392223673,0.1863327667471003,False,0.927216796976084,7.9055291243635875,16.729155591395497,-5.429286990407056,False,False,False,True,27,45.0,True,0.4667648695954276,1.2460337208126953,True,-1.0105188742178772,True,-3.083164623355994,True,2,0,0.44648588006800116,False,0.9675469309283024,False,5,2,True,False,False,65.0,19.302658800556923,10.769117830429414,0.5482453998667289,44.0,False,3,2,2,5,-8.720064907954562,118.9801496324661,353397433.16552275,63.892617449664435,False,0.0,0,,,,0.0,0,,,,False,False,False,False,0,,none,0,0,False,-1,0.625,mixed,4,False
EBC,22.825000762939453,-2.706727818900412,56.30866289834344,48.973940054257106,31.337561720944688,0.3359768435474355,True,1.117427949940019,5.060235446617053,15.469740617321426,2.079607065719924,False,True,False,True,30,50.0,True,0.5893701563552971,1.4218731727183658,True,3.281738393101546,True,-0.7608662480893313,True,2,1,0.5488703213417471,False,1.7877501575203927,True,4,1,False,False,False,35.0,17.636786217089544,6.549830807945332,0.828949582635181,6.0,False,6,3,4,6,-3.0167796434072525,23.53499984741211,55122017.4501585,73.15436241610739,False,0.0,0,,,,0.0,0,,,,False,True,False,False,1,,power_play,6,6,True,0,0.75,mixed,4,False
ECG,133.02000427246094,-21.36438792105769,92.78261488762453,92.78261488762453,75.14623655431211,0.06449702804709924,False,0.8272568912785101,7.5853225182759605,45.82328709974952,-3.7899540304957235,False,True,False,True,26,43.333333333333336,True,0.4440927375519889,2.45168098920799,True,-2.195082601042962,True,-0.15761574856428817,True,2,0,0.5191396536902417,False,1.0416668323944656,False,4,2,True,False,False,25.0,24.086894962049726,10.29920050234015,0.14420235966810244,20.0,False,4,2,2,4,-20.613507871444426,167.55999755859375,91601899.75608826,87.71812080536913,True,0.0,0,,,,0.0,0,,,,False,False,False,False,0,,none,0,0,False,-2,0.5,mixed,4,False
ECHO,88.18000030517578,-37.81382340803647,234.90315442721842,195.5093828896255,177.87300455631308,0.06760871314548074,False,0.569692052105786,9.18575464514447,-30.2924898773314,-13.123152408693816,False,True,True,False,18,30.0,False,0.4688303203141252,2.133810681042899,True,-5.606707860899474,True,-4.1521735813306755,True,2,1,0.4407069607558909,False,1.913358825026258,True,4,4,True,False,False,25.0,20.526029654513376,10.195053110293376,0.011008366802221965,24.0,False,3,3,3,3,-20.300071591083203,110.63999938964844,595249058.5036614,95.1006711409396,True,0.0,0,,,,0.0,0,,,,False,False,False,False,0,,none,0,0,False,-3,0.375,mixed,4,False
ECL,266.9700012207031,-12.95118012955121,8.939733094899927,-0.005303743928841698,-17.64168207724126,0.10030610852229523,False,0.9335685436849499,4.659700484895359,-4.78359400620556,-5.784156189352019,False,True,False,True,27,45.0,True,0.42665282008305266,0.9066182602794114,False,0.3332736857060104,True,-2.147852376927173,True,2,0,0.46980412027892804,False,0.828166446641287,False,5,4,True,False,False,55.0,15.89000203427615,7.379110805316783,0.5343903151219035,13.0,False,1,2,2,4,-7.398538839891633,288.29998779296875,327882296.2232727,33.288590604026844,False,0.0,0,,,,0.0,0,,,,False,False,False,False,0,,none,0,0,False,-2,0.5,mixed,4,False
ED,114.37999725341797,-0.10558466659572607,22.64552647781086,15.807078824204002,-1.8292995091084165,0.07775036585848198,False,1.0353009963729567,4.419472632598087,11.913155418567257,0.3421347459928281,True,True,False,True,24,40.0,True,0.4763850819252829,0.8664893254205173,True,2.514251478280084,True,1.7887287155887055,True,2,0,0.5497190821938961,False,0.8786464228581371,False,3,0,False,False,False,35.0,10.792991680412175,5.062068040887099,0.9292600715347591,13.0,True,5,3,5,6,-0.7634954593983001,115.26000213623047,217306554.65480843,47.58389261744966,False,0.0,0,,,,0.0,0,,,,False,True,False,False,1,,power_play,6,6,True,0,0.75,mixed,4,False
EFX,172.51499938964844,-33.67738631504046,13.54900790247231,-29.125134199658497,-46.76151253297091,0.0976405117576343,False,1.148293187971599,15.187083465748943,-17.241792505257138,0.2586110574117839,False,False,False,False,24,40.0,True,0.5716253012337614,2.4087303348940883,True,0.850033786509842,True,-2.577932230744806,True,1,1,0.5985518562743702,False,1.586614640864164,True,3,0,False,False,False,25.0,17.324776227017043,15.847895217586009,0.6889839162007881,5.0,False,2,2,1,3,-5.388284054824533,182.33999633789062,306419269.57187194,12.013422818791947,False,0.0,0,,,,0.0,0,,,,False,False,False,False,0,,none,0,0,False,-3,0.375,mixed,4,False
EG,384.7250061035156,0.0,27.724037105480726,17.341089261430742,-0.2952890718816761,0.10373809586619885,False,0.9722775044870902,3.9664720315889945,20.358311911021687,3.601723382299249,False,False,False,True,22,36.666666666666664,False,0.5368348650874236,1.1674709408581443,True,4.41372901735604,False,0.5632952761690291,True,2,2,0.5673294934924865,False,1.2382068030564457,True,2,1,False,False,False,35.0,17.813961873627107,6.399374807096149,0.9859548376002354,5.0,True,4,4,4,5,-0.25019998749831185,385.69000244140625,134289870.64242554,48.9261744966443,False,0.0,0,,,,0.0,0,,,,False,False,False,False,0,,none,0,0,False,-1,0.625,mixed,4,False
EGO,31.8799991607666,-35.61764844325322,56.730979222782494,56.348154897690335,38.711776564377914,0.2080165581066892,False,0.9229225988455769,17.0012553920143,-30.726262007673768,-5.3444214017200125,False,True,False,False,25,41.66666666666667,True,0.4445852973454886,2.011110671914456,True,0.33649173174351527,True,14.060816781937845,False,0,1,0.5247798902822656,False,1.2884300791882197,True,6,3,True,False,False,25.0,22.776514428210838,17.879551169983117,0.5994991241476015,24.0,False,3,3,2,4,-9.122013977363231,35.08000183105469,61589703.20939932,77.51677852348993,False,0.0,0,,,,0.0,0,,,,False,False,False,False,0,,none,0,0,False,-2,0.5,mixed,4,False
EGP,216.9199981689453,-2.891935971286319,40.70644666181613,34.98405997532203,17.347681642009615,0.20376203177548416,True,1.1668203350548223,5.435180428569952,21.670605650671824,2.645150375931715,False,False,False,True,28,46.666666666666664,True,0.5375610798569428,1.0610229877616848,True,2.407990504212461,True,-2.376237107026946,True,2,0,0.5095776441573228,False,1.082981459704256,False,6,0,False,False,False,45.0,15.646766491266092,7.850827116835181,0.7240135375674759,5.0,False,6,2,3,5,-4.318295732432286,226.7100067138672,88423805.40090942,64.76510067114094,False,0.0,0,,,,0.0,0,,,,False,False,False,False,0,,none,0,0,False,-1,0.625,mixed,4,False
EHC,114.76000213623047,-9.255389540393233,22.777793331737307,7.889380022542136,-9.746998310770282,0.17100073012892897,False,1.038732148890293,5.7249909136678445,17.075611093313213,7.796358372285939,True,True,False,True,24,40.0,True,0.3576905136136775,1.0531052669328809,False,3.063363119099806,True,2.272527468642216,True,2,1,0.5968315125362316,False,2.9995988682010357,True,5,0,False,False,False,35.0,17.069842339107822,8.696406014084863,0.934380977580574,0.0,True,3,3,4,6,-1.1201063671459788,116.05999755859375,107974468.27863236,40.87248322147651,False,0.0,0,,,,0.0,0,,,,False,True,False,False,1,,power_play,6,6,True,0,0.75,mixed,4,False
EIX,80.6500015258789,0.0,65.48930459768137,65.48930459768137,47.852926264368946,0.12382014684542245,True,1.0835943759720343,5.629263272946811,35.910491822226916,7.860678658763187,True,False,False,True,29,48.333333333333336,True,0.44440732427783514,0.9944867643317682,True,4.405702132586092,False,3.8902542564858367,True,2,1,0.551930756752083,False,1.452029733967983,True,3,1,False,False,False,45.0,15.893357831069688,7.265964661477669,0.980556438529797,2.0,True,8,2,4,4,-0.3090234799563385,80.9000015258789,168687841.20082855,81.2751677852349,True,0.0,0,,,,0.0,0,,,,False,False,False,False,0,,none,0,0,False,-2,0.5,mixed,4,False
EL,80.01000213623047,-32.638264533981285,19.469527900907146,-6.43860752113593,-24.07498585444835,0.10745008004852823,False,0.8122018282100598,6.674160974022203,-31.539321440261393,-4.420017905517448,True,True,False,True,21,35.0,False,0.3657101694534588,1.2187606105780988,False,-1.322220168607218,True,-2.581267731747394,True,2,0,0.4871663204859683,False,1.0460195989093757,False,6,3,True,False,False,25.0,11.922505016219569,7.774020029043381,0.305769215250864,13.0,False,0,2,4,4,-8.276970013585627,87.2300033569336,205490703.9420868,27.181208053691275,False,0.0,0,,,,0.0,0,,,,False,False,False,False,0,,none,0,0,False,-2,0.5,mixed,4,False
ELAN,24.729999542236328,-7.861403123532096,80.77484642218771,68.34581517116052,50.7094368378481,0.09934338093726376,True,0.8980570116176434,6.55074388140595,1.3524587248576747,-1.0800018310546888,False,False,False,True,29,48.333333333333336,True,0.34312699680233916,1.2742585153452581,False,0.9971226983937047,True,-4.258615504137797,True,2,1,0.44706473701052,False,1.403168558581785,True,3,0,False,False,False,45.0,24.72506731233466,7.521231883465547,0.7484660764027641,5.0,False,5,3,3,4,-6.219193192277295,26.3700008392334,105449781.54201575,82.5503355704698,True,0.0,0,,,,0.0,0,,,,False,False,False,False,0,,none,0,0,False,-2,0.5,mixed,4,False
ELF,76.29000091552734,-47.985271788405626,53.9035735025293,-36.00905877001516,-53.64543710332758,0.11761426218495419,False,1.0146248827366018,10.833660100227181,-18.978336928180305,-0.17010894599941428,True,True,False,False,25,41.66666666666667,True,0.4963936421853632,2.990366499435005,True,3.0155991210561557,True,3.528292017887291,True,1,1,0.4300342267429982,False,1.9279129757111313,True,3,1,False,False,False,25.0,24.50306898245782,12.727748024572872,0.7391087247870876,2.0,False,2,2,4,4,-6.392636913463379,81.5,211349609.71343383,8.724832214765101,False,0.0,0,,,,0.0,0,,,,False,False,False,False,0,,none,0,0,False,-2,0.5,mixed,4,False
ELS,66.96499633789062,-0.3408100506264611,18.61153772608999,15.681392462328292,-1.9549858709841264,0.16685601289737517,False,1.065486697773946,3.7032842685328276,6.497320621540825,1.0792397553065936,False,False,False,True,25,41.66666666666667,True,0.5442646824291197,1.1922430997612734,True,2.672100484372985,True,1.847903175499055,True,2,1,0.5495848591223133,False,1.227749903060366,True,5,2,True,False,False,45.0,10.31774637936344,6.092589967958022,0.9949508047609339,0.0,True,5,4,3,6,-0.05209631589657704,66.9999008178711,98776851.75046158,47.4496644295302,False,0.0,0,,,,0.0,0,,,,False,True,False,False,1,,power_play,6,6,True,0,0.75,mixed,4,False
ELV,377.3900146484375,-11.574777503556477,40.28894291363818,37.4024271586302,19.766048825317785,0.07260216325648579,False,1.2493523401746685,5.707625456118055,2.749274662332346,-9.691545282332681,False,True,False,True,30,50.0,True,0.5027536379941223,1.6579252087276546,True,-1.3337969691757936,True,1.14712268899535,True,2,0,0.45774490998795947,False,0.6865216544636255,False,4,2,True,False,False,25.0,16.24334928888389,18.776327565946076,0.16948930635589204,8.0,False,3,2,2,5,-13.490275285014485,436.239990234375,667708543.4990692,66.84563758389261,False,0.0,0,,,,0.0,0,,,,False,False,False,False,0,,none,0,0,False,-1,0.625,mixed,4,False
ELVN,52.040000915527344,-4.214984057332383,243.72522942827226,137.0842783905141,119.44790005720168,0.044381314090391186,True,0.9042010201446518,6.706382815272921,101.86190663092174,4.456044227823952,False,True,False,True,24,40.0,True,0.45555399078069164,2.2551256202361505,True,2.7596077498559226,True,-2.1804508097304276,True,2,2,0.540012249447387,False,2.737208030721484,True,1,3,True,False,False,25.0,19.424197594641573,10.22290469106597,0.7335834715534871,3.0,False,11,5,6,8,-5.174927291023512,54.880001068115234,60102214.67440911,92.08053691275168,True,0.0,0,,,,0.0,0,,,,True,True,False,False,2,sepa_vcp,power_play,8,8,True,2,1.0,mixed,4,True
EMBJ,65.4800033569336,-17.7403118424749,38.673273791332186,38.032475590073254,20.396097256760836,0.23185271738832294,False,0.8948607983277003,3.924861886177782,-16.602461232598575,2.136956377381205,True,True,False,True,24,40.0,True,0.4469290639754921,1.2351385142844598,True,2.643258836708241,True,2.1688361654987,True,2,0,0.503050020941763,False,1.0390475845523997,False,4,1,False,False,False,35.0,20.99642422175024,6.597439352550132,0.85336853953531,14.0,False,3,2,5,5,-3.078736348171429,67.55999755859375,56562442.81935234,67.51677852348993,False,0.0,0,,,,0.0,0,,,,False,False,False,False,0,,none,0,0,False,-1,0.625,mixed,4,False
EME,751.260009765625,-20.355170952097378,30.053634279532847,30.053634279532847,12.417255946220429,0.05782551911959746,False,0.8618350715903623,4.352689053318952,8.327786533258319,-2.970578321223416,False,True,False,True,18,30.0,False,0.4299799399206006,1.5721009579389558,False,-2.59840354416501,True,0.9541008489198477,True,2,0,0.49853857017571296,False,0.9420012844738118,False,5,1,False,False,False,25.0,18.125026073245206,8.867102876047571,0.21399662319345608,20.0,False,1,1,2,4,-14.24633169827738,876.0674903402747,372637973.1212891,60.671140939597315,False,0.0,0,,,,0.0,0,,,,False,False,False,False,0,,none,0,0,False,-2,0.5,mixed,4,False
EMN,68.20989990234375,-14.194993823089286,25.462523710843698,-7.399191944635941,-25.03557027794836,0.06822790455660448,False,0.8916916078109024,4.530128826335442,1.6023112448169785,-0.9440904766853664,False,False,False,True,23,38.333333333333336,False,0.3961007133430125,1.2113870417859143,False,-1.3328162118438402,True,-0.5686568228197686,True,2,0,0.414072947812516,False,0.7696515539454689,False,3,1,False,False,False,25.0,9.601427107412489,5.8349238647721675,0.31524953336634687,23.0,False,1,1,1,4,-6.574581692149706,73.01000213623047,88680056.78047943,26.375838926174495,False,0.0,0,,,,0.0,0,,,,False,False,False,False,0,,none,0,0,False,-2,0.5,mixed,4,False
EMR,147.16000366210938,-8.267334610362854,19.885659427015522,1.862001456698703,-15.774376876613715,0.3206698731176444,False,0.9934876192875415,8.677632478035163,0.43509511795785105,5.832434687062049,False,False,False,False,24,40.0,True,0.3979341706639641,1.2230636491216111,False,1.6733825438996344,True,5.460807469261808,False,0,0,0.555706704975795,False,0.8001139578024216,False,5,1,False,False,False,55.0,16.18916745781875,9.832835594328575,0.7688888395675505,24.0,False,3,2,2,5,-3.7414972776117383,152.8800048828125,341552151.4876404,35.50335570469799,False,0.0,0,,,,0.0,0,,,,False,False,False,False,0,,none,0,0,False,-1,0.625,mixed,4,False
ENB,56.92499923706055,-1.9210917658143978,32.7853313981306,30.360972742696248,12.72459440938383,0.13035533603243277,True,0.886017590058275,3.636363148998626,21.207467054984196,5.260719877365383,False,True,False,True,30,50.0,True,0.502312946017429,0.8763988746781378,True,1.434087725341604,True,0.37912212318613747,True,2,0,0.5731930505029312,False,0.4804182140157203,False,3,2,True,False,False,65.0,12.812700912517435,4.075537507102507,0.7963684492866009,42.0,True,6,4,5,6,-2.609070155642912,58.45000076293945,196970787.66191712,61.006711409395976,False,0.0,0,,,,0.0,0,,,,False,True,False,False,1,,power_play,6,6,True,0,0.75,mixed,4,False
ENPH,36.935001373291016,-48.9354342067318,41.40505431306498,3.9836736973297704,-13.652704635982648,0.16402066582991462,False,0.5355637856109069,13.456063953472158,-6.398879294893889,-14.244249744609249,False,True,True,False,21,35.0,False,0.3823239467810968,2.7822125745767092,False,-5.580140166556546,True,-11.14986373721406,False,1,0,0.3689366333027936,False,0.7437097358701742,False,3,4,True,False,False,25.0,33.719871822298,27.10165953526072,0.019075744404170217,23.0,False,0,2,3,2,-33.07664016607447,55.189998626708984,223778781.04444885,37.651006711409394,False,0.0,0,,,,0.0,0,,,,False,False,False,False,0,,none,0,0,False,-3,0.375,mixed,4,False
ENS,192.81500244140625,-20.671490205226807,117.6780313356339,108.73877093580413,91.1023926024917,0.08337941573986556,False,0.8443185617849852,6.809583230059628,11.502400734435735,-6.708433678012071,True,True,False,True,22,36.666666666666664,False,0.4936894904697426,2.1550488837409247,True,-3.1394586219532576,True,-1.9002801080435616,True,2,0,0.4252613017364322,False,0.5739027806621545,False,5,3,True,False,False,25.0,20.425531914893615,11.35285071829434,0.12114588419596355,24.0,False,2,2,3,4,-17.95106279089096,235.0,113230654.0033104,89.73154362416108,True,0.0,0,,,,0.0,0,,,,False,False,False,False,0,,none,0,0,False,-2,0.5,mixed,4,False
ENSG,173.1750030517578,-19.704217517774925,25.883599012736557,25.883599012736557,8.247220679424139,0.0738140204266156,False,0.8084602152280402,4.902549493149163,-1.2296860343863347,2.945548564438405,True,True,False,True,22,36.666666666666664,False,0.43968870468075205,1.2414718945095988,False,1.649842996049835,True,1.1063780277712043,True,2,0,0.4208237883937474,False,0.43424957556544336,False,5,0,False,False,False,35.0,19.594437016711115,7.472202658919393,0.917798141820654,5.0,True,1,3,5,5,-1.6106991327518139,176.00999450683594,147346316.58584595,58.25503355704698,False,0.0,0,,,,0.0,0,,,,False,False,False,False,0,,none,0,0,False,-1,0.625,mixed,4,False
ENTG,128.60499572753906,-30.105980582859203,87.21058405011351,41.65990155374055,24.023523220428135,0.13322372188395726,False,0.8689589066032832,12.340107806394608,12.283923651924589,-12.310791956726884,False,True,False,False,24,40.0,True,0.46359087758685424,3.5382742262621982,True,-1.7074812435647369,True,-7.305037742790321,False,0,0,0.3792505959555267,False,0.7009130255370566,False,7,4,True,False,False,25.0,32.17609967921772,14.392910657565377,0.030174476574715236,23.0,False,2,2,3,2,-31.205202713181457,186.94000244140625,450197697.82140505,70.0,False,0.0,0,,,,0.0,0,,,,False,False,False,False,0,,none,0,0,False,-3,0.375,mixed,4,False
ENVA,236.9949951171875,-2.1409685834515524,135.6752196409875,112.09504174693609,94.45866341362367,0.6770422231280121,True,1.2709150326835132,11.648348436205067,50.425255808678514,0.7674614809491942,False,True,False,False,27,45.0,True,0.44667111740917836,1.8305853195674608,True,3.9144092422731576,True,1.9245616559867562,True,1,1,0.3627388251986881,False,1.2109133351220822,True,7,0,False,False,False,25.0,19.56328080679963,11.648348436205067,0.8052903031369784,16.0,False,8,3,4,6,-3.8091604755381314,246.3800048828125,95715182.6142273,90.0,True,0.0,0,,,,0.0,0,,,,False,True,False,False,1,,power_play,6,6,True,0,0.75,mixed,4,False
EOG,147.64999389648438,0.0,48.68309136811588,28.334876335775803,10.698498002463385,0.09837650124734056,True,1.0125511796856013,6.58983360530115,38.37410826765559,13.73739826666771,False,True,False,True,30,50.0,True,0.46249460769154216,1.041088769919828,True,3.099111669084847,True,5.547211766883575,False,1,0,0.5388762194254145,False,0.7568245649625823,False,3,1,False,False,False,25.0,14.746795274029617,9.485912613946853,0.9739267663177088,0.0,True,8,2,4,5,-0.38449663924468025,148.2198944091797,422676400.9028252,59.328859060402685,False,0.0,0,,,,0.0,0,,,,False,False,False,False,0,,none,0,0,False,-1,0.625,mixed,4,False
EPAM,89.32499694824219,-59.6544718108682,17.471062431302585,-47.12932905491151,-64.76570738822393,0.08089150483617005,False,0.9212541700852768,7.276798457397442,-59.06466513913286,1.1951969472048907,True,True,False,True,19,31.666666666666664,False,0.4378077855782778,2.2142589164654383,False,-0.3616420321086241,True,0.7500487916368259,True,2,1,0.5953963747813292,False,1.7477315089855934,True,4,0,False,False,False,25.0,20.248884322856053,9.91883673445333,0.8768192298549058,13.0,True,1,4,6,5,-2.4942731654683303,91.61000061035156,126814197.08138084,4.630872483221476,False,0.0,0,,,,0.0,0,,,,True,False,False,False,1,,sepa_vcp,6,6,True,0,0.75,mixed,4,False
EPD,39.04990005493164,-1.88467134800957,35.699684012004276,31.14172712630403,13.505348792991612,0.15307670594250472,True,1.0074574977376123,2.483994593177858,21.854488078750055,6.258231441990869,False,False,False,True,25,41.66666666666667,True,0.49253139279074676,0.9010907189179176,True,1.8616602834813032,True,2.224867212088477,True,2,0,0.4666967289966949,False,0.9489915038571113,False,3,0,False,False,False,45.0,10.274311941791332,4.609484875834461,0.7451216768376522,44.0,True,6,3,4,5,-2.618699399370661,40.099998474121094,101400563.79475307,61.74496644295302,False,0.0,0,,,,0.0,0,,,,False,False,False,False,0,,none,0,0,False,-1,0.625,mixed,4,False
EPRT,32.15999984741211,-5.083734205440093,13.950125005795133,9.697974890434423,-7.938403442877995,0.07807446354642114,False,1.0321749558792221,5.317167288353987,8.140761079053682,3.1430389116245516,True,False,False,True,25,41.66666666666667,True,0.33964052365908415,0.8461248022596426,False,2.2683364444075993,True,-3.5103567937774582,True,2,1,0.44123032871288714,False,1.4139262497533087,True,4,1,False,False,False,25.0,13.866817804694573,7.58707230405225,0.6950480420082321,2.0,False,3,2,2,5,-4.228713240656723,33.58000183105469,63219442.10196819,41.87919463087248,False,0.0,0,,,,0.0,0,,,,False,False,False,False,0,,none,0,0,False,-1,0.625,mixed,4,False
EQH,47.7599983215332,-11.135019014413306,36.131965837392286,-5.8913247490466,-23.527703082359018,0.17416363678970642,False,1.01071248666596,4.376047374452247,6.1391959937021845,4.7138734540899785,False,True,False,True,30,50.0,True,0.414188037718204,1.2031988471556414,False,2.7032557867472367,True,-2.510723239011914,True,2,1,0.5407016545127645,False,1.3054832572130737,True,5,1,False,False,False,35.0,20.59764252770707,6.511726799934536,0.779718545314012,6.0,False,3,3,3,6,-4.537278659105281,50.029998779296875,121645050.06006432,27.449664429530202,False,0.0,0,,,,0.0,0,,,,False,True,False,False,1,,power_play,6,6,True,0,0.75,mixed,4,False
EQIX,1096.550048828125,-1.7375390788227252,52.59534918169479,42.04341849619526,24.40704016288284,0.40931321219587313,True,1.0412048888611607,8.312436309813116,40.02548472058582,9.433946174158937,False,True,False,False,24,40.0,True,0.5055805302046655,1.3154120490912495,True,1.4700611956455887,True,7.5049067478554,False,0,1,0.49127576683509233,False,0.6457751210653753,False,2,1,False,False,False,25.0,11.582740430730093,10.066122019321517,0.7891546919339738,22.0,True,7,4,5,5,-2.442166474366103,1124.0,560927682.884491,70.20134228187919,False,0.0,0,,,,0.0,0,,,,False,False,False,False,0,,none,0,0,False,-1,0.625,mixed,4,False
EQNR,40.9900016784668,-2.336411435273378,87.24626033584768,68.47157503133575,50.835196698023324,0.26594072784440087,True,1.1073879455587572,11.710170872186428,63.84961273726786,27.933834292127212,False,False,False,False,27,45.0,True,0.3895068797053256,0.8968952979270081,False,4.121890370167087,False,9.686922263980534,False,0,1,0.5964810478583065,False,1.0583993401182428,False,1,2,True,False,False,25.0,25.942831773504306,16.540625314382133,0.9407408035341047,1.0,True,9,3,4,3,-1.5373513649477588,41.630001068115234,131166015.48726082,82.68456375838926,True,0.0,0,,,,0.0,0,,,,False,False,False,False,0,,none,0,0,False,-2,0.5,mixed,4,False
EQR,68.2300033569336,-2.7369894899246905,20.34090639963484,5.406628009505066,-12.229750323807352,0.19476874731559862,False,0.9786412953918251,2.0079183338378224,12.375021400848496,-2.2912765747766906,False,False,False,True,26,43.333333333333336,True,0.5423385585613854,0.9688094301214999,True,1.1438161530089028,True,-1.1159371638643556,True,2,0,0.327158940919791,False,0.8643485504362081,False,5,0,False,False,False,65.0,15.105618765765893,4.103770942396229,0.6972370381291911,13.0,False,3,2,3,4,-4.5734218784145515,71.5,184303598.46688652,38.92617449664429,False,0.0,0,,,,0.0,0,,,,False,False,False,False,0,,none,0,0,False,-2,0.5,mixed,4,False
EQT,54.185001373291016,-20.00929302503902,11.104529409321518,1.46194103877344,-16.17443729453898,0.14898752377536165,False,1.0629204613166865,11.534557242035548,-1.8536479732691014,2.993728843693555,False,False,False,False,17,28.333333333333332,False,0.504591714501648,1.3363531631107586,True,0.8217539010918777,True,9.332122420990308,False,0,0,0.5514037549943149,False,0.6767096844879843,False,5,1,False,True,True,35.0,13.96267484485164,11.534557242035548,0.8026993141882666,34.0,True,1,3,3,5,-2.7548453226554637,55.720001220703125,408658562.15153885,35.033557046979865,False,0.0,0,,,,0.0,0,,,,False,False,False,False,0,,none,0,0,False,-1,0.625,mixed,4,False
EQX,9.260000228881836,-50.53374651437086,52.88087965973827,45.90990619511368,28.27352786180126,0.20226111194410423,False,0.7175627382467593,12.365015436958938,-42.681470045978486,-8.67850182096298,False,False,False,False,21,35.0,False,0.3409138999367466,1.4662876314085513,False,-3.3746936728926973,True,7.4245980489504815,False,0,0,0.3429672390912608,False,1.0815361390904028,False,4,2,True,False,False,25.0,24.30865630862364,15.064799387506289,0.2844038398947284,24.0,False,1,2,2,3,-17.395181111769865,11.210000038146973,103417531.56325264,72.08053691275168,False,0.0,0,,,,0.0,0,,,,False,False,False,False,0,,none,0,0,False,-3,0.375,mixed,4,False
ERAS,19.209999084472656,-14.508234661780051,1282.0143368468628,1023.3917342650714,1005.7553559317589,0.09304918927735668,True,1.1711853517899573,6.402913070571308,92.8714760130324,4.006495931936049,False,True,False,True,27,45.0,True,0.47399809553976846,3.538151186663267,True,3.0515826987489363,True,0.2086541889385618,True,2,1,0.5301771041156103,False,3.757556206551812,True,3,1,False,False,False,25.0,37.037036382939434,20.655911510139628,0.7012498378753662,7.0,False,8,2,3,6,-11.064820624019124,21.600000381469727,106389387.46094494,99.86577181208054,True,0.0,0,,,,0.0,0,,,,False,True,False,False,1,,power_play,6,6,True,0,0.75,mixed,4,False
ERIC,9.305000305175781,-32.27801702926419,33.550693691622044,28.723560184695952,11.087181851383534,0.3219758950444364,False,0.9784223481510508,5.803330941887876,-9.473756481899853,-13.762740147611819,False,True,False,True,21,35.0,False,0.47372108565798915,1.3191866732413329,True,-6.306654170993104,True,-5.244393132923165,False,1,0,0.2840147805874954,False,0.5528059726669041,False,3,3,True,False,False,25.0,21.55536946052667,27.404622322435173,0.009804145229253939,9.0,False,1,2,2,2,-21.344037487865442,11.829999923706055,150851914.89360332,59.73154362416108,False,0.0,0,,,,0.0,0,,,,False,False,False,False,0,,none,0,0,False,-4,0.25,mixed,4,False
ERIE,219.92999267578125,-39.12910978848772,6.730596423907609,-38.79401724768899,-56.430395581001406,0.07157007528004898,False,1.277448934590401,8.625472583299961,-19.35174463790702,-14.681388824531606,False,True,False,False,25,41.66666666666667,True,0.55096897485095,2.358417939414438,True,-0.576606389253249,True,-3.246669729478202,True,1,0,0.3994232090942015,False,0.6802304521608793,False,6,1,False,True,True,25.0,21.72059770306154,23.83030516469058,0.25043796137703456,13.0,False,1,1,2,2,-16.280935494416106,262.70001220703125,62909889.4870079,7.785234899328859,False,0.0,0,,,,0.0,0,,,,False,False,False,False,0,,none,0,0,False,-4,0.25,mixed,4,False
ES,75.47000122070312,0.0,25.558181222192644,18.846368903689537,1.2099905703771192,0.10183073997549871,False,0.9936861581777379,3.7763328846207505,10.913008110482414,1.3836630111714765,True,True,False,True,31,51.66666666666667,True,0.5373819233537155,0.954201528623369,True,3.0176328853669068,True,1.1391027108478946,True,2,0,0.43261375806017144,False,0.9059346552787146,False,4,0,False,False,False,55.0,13.996517625962754,4.6508573995724225,0.9296972494889816,5.0,True,5,3,5,6,-0.9839936866811283,76.22000122070312,155321367.14738807,50.738255033557046,False,0.0,0,,,,0.0,0,,,,False,True,False,False,1,,power_play,6,6,True,0,0.75,mixed,4,False
ESAB,84.08000183105469,-37.4934972565399,1.5289874706218232,-36.0787772915025,-53.71515562481491,0.05129943341563316,False,0.9449076685404633,10.371067318516507,-30.19278589435589,-9.377017743810878,False,True,False,False,23,38.333333333333336,False,0.48071208625848333,2.532947000137,True,-1.7974783289327632,True,-6.348849438341264,False,0,0,0.43628160534436794,False,0.6352720918622067,False,7,3,True,False,False,25.0,22.992664471402655,11.667456404562609,0.07243736573886501,23.0,False,0,2,2,4,-21.32713642577665,106.87293942431626,60798419.60539589,8.657718120805368,False,0.0,0,,,,0.0,0,,,,False,False,False,False,0,,none,0,0,False,-2,0.5,mixed,4,False
ESE,330.2650146484375,-6.919479477537161,78.54031682706707,75.69461242913933,58.058234095826904,0.15283882437492907,True,0.9241864461097764,5.014154337910007,50.09445634654974,-0.7557497866713225,False,True,False,True,32,53.333333333333336,True,0.3823820582080515,1.3692499118170418,False,1.1305728465702354,True,3.6873747456589,True,2,0,0.4621741759872936,False,0.6935741132039424,False,6,3,True,False,False,35.0,20.21261562121618,7.245703338827017,0.565474887661999,20.0,False,6,2,3,5,-8.782889073453791,362.0647609793165,84144413.6251587,84.36241610738256,True,0.0,0,,,,0.0,0,,,,False,False,False,False,0,,none,0,0,False,-1,0.625,mixed,4,False
ESI,37.810001373291016,-22.978200741973765,65.66131928997552,61.26790600815657,43.63152767484415,0.10231087372882222,False,0.8907007125991105,7.669932347390676,32.33875192408049,-13.359299032759198,False,True,False,True,24,40.0,True,0.46703618316694046,2.307199751073352,True,-2.4209661228423878,True,1.0962562317769153,True,2,0,0.31831283802074617,False,0.6909354838303393,False,5,2,True,False,False,25.0,26.071066299670843,12.58925720350718,0.10903438545495166,23.0,False,3,2,2,3,-23.228423607530935,49.25,268620507.7298067,79.46308724832215,False,0.0,0,,,,0.0,0,,,,False,False,False,False,0,,none,0,0,False,-3,0.375,mixed,4,False
ESLT,826.0900268554688,-18.364553822547148,89.93942625059879,84.40941584001662,66.7730375067042,0.21771862201879066,True,0.7754943311429864,9.27017814043191,15.168895803262238,2.8421702577357433,False,True,False,False,20,33.33333333333333,False,0.4026920675752155,1.0531750056999212,False,1.4982597930891948,True,11.400450469173574,False,0,2,0.39944679598642135,False,1.2393747119917762,True,2,2,True,False,False,25.0,14.568996318047004,13.013109528655283,0.9587876649317589,0.0,True,4,5,6,5,-0.6004223578673251,831.0800170898438,60145867.115795895,86.24161073825503,True,0.0,0,,,,0.0,0,,,,True,False,False,False,1,,sepa_vcp,6,6,True,0,0.75,mixed,4,False
ESS,293.75,-1.5352082520729726,25.012053982359795,6.280657297989634,-11.355721035322784,0.062823700908935,False,0.9605899351103196,1.688507729388298,17.8925482223953,-1.5352082520729726,False,True,False,True,27,45.0,True,0.430283437719195,0.7850450069225625,False,2.1319281485125408,True,0.27993286611873724,True,2,2,0.4859574650199222,False,1.682628172865578,True,0,2,True,False,False,65.0,18.112169763534418,3.315751745345745,0.825274206678327,13.0,False,3,5,4,6,-3.164663230710374,303.3500061035156,133006762.36873169,39.261744966442954,False,0.0,0,,,,0.0,0,,,,False,True,False,False,1,,power_play,6,6,True,0,0.75,mixed,4,False
ESTA,92.28250122070312,-3.5206484594406118,174.4869249034497,113.86442168572661,96.22804335241419,0.04326805346325203,True,0.8817470467359841,6.805189170455632,39.9916622937303,3.3977604713760545,False,True,False,True,25,41.66666666666667,True,0.31592527484330996,1.2497200387528182,False,2.9163352548583945,True,-0.3213443556573492,True,2,0,0.5971742510616009,False,0.5297466748798252,False,4,1,False,False,False,25.0,17.517268004927054,14.238885179567005,0.7229254128921965,3.0,False,8,2,4,6,-4.853589799721902,96.98999786376953,66906177.831832886,90.20134228187919,True,0.0,0,,,,0.0,0,,,,False,True,False,False,1,,power_play,6,6,True,0,0.75,mixed,4,False
ESTC,57.779998779296875,-38.83772834477918,33.44110807707099,-34.86641937142079,-52.50279770473321,0.09730858712581228,False,0.9324496707272198,12.772581186108113,-19.50404045428592,-0.44797059291725727,False,True,False,False,19,31.666666666666664,False,0.4838473345198022,2.362150916283176,True,-0.3889732149062443,True,-6.186071381477221,False,0,1,0.45313782448657564,False,0.9893885231366221,False,2,1,False,False,False,25.0,17.945542363323007,14.84942574874494,0.40862055924784685,7.0,False,0,2,2,3,-10.61262480681603,64.63999938964844,98034251.96137428,9.59731543624161,False,0.0,0,,,,0.0,0,,,,False,False,False,False,0,,none,0,0,False,-3,0.375,mixed,4,False
ET,20.5049991607666,0.0,33.0767285420541,24.672431934205854,7.036053600893435,0.15374062420042017,True,0.9577912079472751,1.999511651756542,18.12280061965843,6.078630324356826,False,False,False,True,24,40.0,True,0.43609102410372913,0.727700107806159,False,2.705752489395962,True,0.910430456303124,True,2,0,0.4615165899975164,False,0.6838179405278463,False,3,1,False,False,False,25.0,10.214009902813348,3.803944458526444,0.9738093832453077,4.0,True,6,3,4,5,-0.2675112188932127,20.559999465942383,153756467.70803604,56.510067114093964,False,0.0,0,,,,0.0,0,,,,False,False,False,False,0,,none,0,0,False,-1,0.625,mixed,4,False
ETHA,13.960000038146973,-61.84749937160186,18.909713035006014,-50.810428291182916,-68.44680662449534,0.2164284123135808,False,0.7557799684460941,6.017193053671301,-37.117119106357364,8.5536579380745,False,False,False,True,23,38.333333333333336,False,0.4153302812268531,1.3555001605043069,False,0.11295468855493596,True,0.3594550056315482,True,2,1,0.4572478856135043,False,2.8412566471962126,True,3,0,False,False,False,25.0,21.91734796874481,11.174788075600686,0.7527047790423992,2.0,False,1,2,2,3,-5.420055408735369,14.760000228881836,381390528.0935549,3.422818791946309,False,0.0,0,,,,0.0,0,,,,False,False,False,False,0,,none,0,0,False,-3,0.375,mixed,4,False
ETN,408.7699890136719,-6.198083859122772,30.193697822454666,7.434080743744942,-10.202297589567475,0.13394435514010275,False,0.9468966765743211,4.787535252144991,24.140385126370024,2.5720165318102506,False,True,False,True,24,40.0,True,0.48872745596503187,1.7685476456043896,True,0.3229842145835571,True,2.195054624780046,True,2,0,0.5150909238120425,False,0.71339700774368,False,6,1,False,False,False,55.0,15.821765153416623,9.051545121812374,0.5952241519113461,23.0,False,3,1,2,6,-6.404268408233726,436.739990234375,868768012.2252197,40.33557046979866,False,0.0,0,,,,0.0,0,,,,False,True,False,False,1,,power_play,6,6,True,0,0.75,mixed,4,False
ETR,116.25,-0.9458082861100947,37.54651873829753,35.252770764825,17.616392431512583,0.08392330799497934,True,0.9811286404775539,4.808599000336022,26.25076301277005,0.9903565142939552,True,True,False,True,29,48.333333333333336,True,0.412788028441484,0.7949459113537437,False,1.846438699095366,True,2.6580732894851966,True,2,0,0.45969297053796304,False,0.7109041980999504,False,5,3,True,False,False,45.0,10.262550216951324,5.101075531334005,0.9433333079020182,13.0,True,7,4,6,6,-0.5815447732840595,116.93000030517578,308710198.96687925,65.1006711409396,False,0.0,0,,,,0.0,0,,,,True,True,False,False,2,power_play,sepa_vcp,6,6,True,0,0.75,mixed,4,False
ETSY,80.51499938964844,-6.094003503969036,82.78093254064991,25.844013700713674,8.207635367401256,0.0828290148734967,True,1.0748142145775341,10.718496328433806,33.81253421942682,4.605688076813741,False,True,False,False,34,56.666666666666664,True,0.4847745716506194,2.0330520495847813,True,2.6701662818856375,True,-4.262781390627279,True,1,1,0.4829045914874688,False,1.5917298337270491,True,3,2,True,False,False,35.0,24.374567377255087,11.513378517466922,0.6880884808702971,7.0,False,5,4,4,6,-7.602708338768938,87.13999938964844,207481477.31517792,58.18791946308725,False,0.0,0,,,,0.0,0,,,,False,True,False,False,1,,power_play,6,6,True,0,0.75,mixed,4,False
EVR,333.9599914550781,-12.382180898209072,25.311179514615034,12.286581943483622,-5.349796389828796,0.21705560425501672,False,0.9223866959435317,4.695171001610954,-7.2703364500537155,-2.5332777323937017,True,False,False,True,23,38.333333333333336,False,0.5092714861787938,1.6910091307843007,True,-0.9869733148717169,True,-2.2193643204897806,True,2,0,0.5059813990801353,False,0.6593069828086449,False,3,1,False,False,False,65.0,18.525544388195396,8.417171538748123,0.3277144913091763,25.0,False,0,1,2,3,-12.454455032792378,381.4700012207031,139658498.5122803,44.76510067114094,False,0.0,0,,,,0.0,0,,,,False,False,False,False,0,,none,0,0,False,-3,0.375,mixed,4,False
EVRG,87.61000061035156,-0.5900336540022311,32.75276824093378,30.06993830771836,12.433559974405942,0.08089652849539111,True,1.031207426899549,3.6297229574497325,17.702219141320043,-0.5900336540022311,False,True,False,True,28,46.666666666666664,True,0.527300827850728,0.8810327833930529,True,2.242348032736736,True,2.3600938881763733,True,2,0,0.5166699520143729,False,0.8054160683310279,False,6,2,True,False,False,65.0,11.360993972228407,4.177609447107945,0.8996830767439999,13.0,True,7,4,5,6,-1.1396999604239122,88.62000274658203,177163113.90355682,60.805369127516784,False,0.0,0,,,,0.0,0,,,,False,True,False,False,1,,power_play,6,6,True,0,0.75,mixed,4,False
EW,85.57749938964844,-10.088780084827519,17.794215543360426,12.899071166546449,-4.737307166765969,0.6378575190416564,False,0.9956159870838107,7.116477103034784,2.292010092760166,-9.317053195965974,False,False,False,True,23,38.333333333333336,False,0.4254605824155418,1.0480199491827062,False,-0.7156020207507293,True,-0.17788867527533947,True,2,0,0.35086515485210756,False,0.7987270104340934,False,7,1,False,False,False,45.0,15.64025071700382,11.80216592697356,0.28867840222417657,13.0,False,1,1,1,4,-11.125248129633626,96.29000091552734,454911375.32115173,45.100671140939596,False,0.0,0,,,,0.0,0,,,,False,False,False,False,0,,none,0,0,False,-2,0.5,mixed,4,False
EWBC,130.88999938964844,-3.856324389258947,41.49394923343761,29.705596660378465,12.069218327066046,0.05346901487083185,True,0.9356106294481662,4.668042355293019,19.13326109606399,1.22969551458878,False,False,False,True,28,46.666666666666664,True,0.38182097793985337,0.7837413378574447,False,1.2260360611434689,True,-2.698487040975839,True,2,0,0.577758583600119,False,0.5239080214377643,False,6,1,False,False,False,55.0,13.432180206918758,5.516083164772423,0.7076499884516835,6.0,False,5,2,3,4,-3.9268980386117702,136.24000549316406,124001786.54983826,60.40268456375839,False,0.0,0,,,,0.0,0,,,,False,False,False,False,0,,none,0,0,False,-2,0.5,mixed,4,False
EXC,47.814998626708984,-4.027304836139356,14.914540755401951,13.26070514969453,-4.375673183617888,0.0978255830714068,False,1.0674691084643448,4.9252398297008675,10.481026961801842,-0.1357611527906477,False,False,False,True,23,38.333333333333336,False,0.5900296637557995,1.1678205378312332,True,1.9734021202152237,True,3.3614361469874066,True,2,0,0.5289020070198899,False,0.9045980636651406,False,4,1,False,False,False,55.0,11.687546459021709,4.9252398297008675,0.8722042982231926,13.0,True,3,3,3,5,-1.4936182017797228,48.540000915527344,423425804.96920985,45.70469798657718,False,0.0,0,,,,0.0,0,,,,False,False,False,False,0,,none,0,0,False,-1,0.625,mixed,4,False
EXE,93.20999908447266,-23.276295981972485,7.199542675035153,-3.4107706624832423,-21.04714899579566,0.0885387140306318,False,1.063831284402322,8.464756428651,-13.886421508086011,2.744706603025593,False,True,False,False,23,38.333333333333336,False,0.46780239518017225,1.1502844214983923,True,0.9463513747796058,True,5.764214216922237,False,0,0,0.5091470478306708,False,0.5505023797934419,False,3,0,False,False,False,35.0,9.906711586245965,9.08700923065892,0.8801495344804502,33.0,True,1,3,4,5,-1.1873239953794967,94.33000183105469,364850108.2240963,30.201342281879196,False,0.0,0,,,,0.0,0,,,,False,False,False,False,0,,none,0,0,False,-1,0.625,mixed,4,False
EXEL,55.20000076293945,-3.3274917021981376,59.81470555817059,23.24179422778998,5.605415894477563,0.06626394759705966,True,0.9378437497296843,4.510865632888329,24.689406352285182,-1.1638276256763502,True,True,False,True,25,41.66666666666667,True,0.4286600919476846,1.1541195196512362,False,1.5100484056151744,True,-1.2875490514692167,True,2,1,0.5143646958212225,False,1.2102958621461257,True,3,2,True,False,False,45.0,16.449541898390034,4.619563771405928,0.7497361534966308,13.0,False,4,4,5,5,-4.116725628709428,57.56999969482422,136554017.67245826,55.100671140939596,False,0.0,0,,,,0.0,0,,,,False,False,False,False,0,,none,0,0,False,-1,0.625,mixed,4,False
EXLS,27.469999313354492,-38.92841353286342,8.921491123152325,-35.21226810195246,-52.84864643526488,0.07817509684873875,False,0.9478955175499542,7.863123048430618,-35.5769237650991,1.6654287489529684,False,True,False,True,21,35.0,False,0.43393530539739167,1.629726660210263,False,-0.4675676937601198,True,-2.4502860006976435,True,2,1,0.49096870777936574,False,1.9030034093216626,True,3,1,False,False,False,25.0,14.516681656883001,10.338551960600995,0.6208529284811943,6.0,False,1,3,3,5,-5.503957338377951,29.06999969482422,73191964.4852829,9.194630872483222,False,0.0,0,,,,0.0,0,,,,False,False,False,False,0,,none,0,0,False,-1,0.625,mixed,4,False
EXP,209.53500366210938,-13.102533369285151,21.21029112354669,-4.327482218448697,-21.963860551761115,0.16057732143456988,False,0.946473105488434,6.552558729970086,-6.114119036733612,-4.821708166554039,False,False,False,True,24,40.0,True,0.4618097653745076,1.5574905550786973,True,-0.4157607501044295,True,1.750600259576518,True,2,0,0.4204169876732015,False,0.4925776227963579,False,5,2,True,False,False,25.0,19.4436548407581,9.182239318920665,0.24602029795866576,20.0,False,1,2,2,4,-14.660121083429335,245.52999877929688,90159578.98466416,28.65771812080537,False,0.0,0,,,,0.0,0,,,,False,False,False,False,0,,none,0,0,False,-2,0.5,mixed,4,False
EXPD,175.92999267578125,-3.758211302672354,59.619651145219876,52.146884994960764,34.51050666164835,0.09309717171636708,True,1.0587766754031904,4.547263305321157,11.071294976067136,4.98895087793807,True,False,False,True,29,48.333333333333336,True,0.5186446153896245,1.1085658009827601,True,2.958324021304614,True,-3.758211302672354,True,2,2,0.5119430260419986,False,1.3226887633061095,True,1,3,True,False,False,55.0,19.150296221308814,6.093333522987667,0.7840349209343754,5.0,False,6,5,6,7,-4.1357952375650875,183.52000427246094,211021065.16254884,75.23489932885906,False,0.0,0,,,,0.0,0,,,,True,True,False,False,2,sepa_vcp,power_play,7,7,True,1,0.875,mixed,4,False
EXPE,260.1400146484375,-13.29265078634807,47.2471402668019,37.646086930685655,20.009708597373237,0.07552721587689534,False,0.9962665191768729,7.09617529622485,-3.6446584602167986,-3.1821012003724447,False,True,False,True,23,38.333333333333336,False,0.3528086727646818,1.3338044606994923,False,1.8468330400832544,True,-3.210914431668699,True,2,1,0.4625848640570669,False,1.4792330806835001,True,6,2,True,False,False,25.0,15.69558524684595,9.060508186744011,0.6380229766592306,13.0,False,1,4,4,4,-5.681441227244588,275.80999755859375,366521707.8043884,67.24832214765101,False,0.0,0,,,,0.0,0,,,,False,False,False,False,0,,none,0,0,False,-2,0.5,mixed,4,False
EXR,148.19000244140625,-1.4235344665620597,21.071650496922988,3.0450655181776476,-14.59131281513477,0.14233039730134933,False,0.9545130758893998,2.759967791692151,7.078805920780606,-0.7700508401529915,False,False,False,True,27,45.0,True,0.48149426978403237,0.9696851247577208,True,1.1365525703355144,True,0.020247555720431798,True,2,0,0.49804347877156074,False,0.7618365440033533,False,6,1,False,False,False,55.0,11.459118324555986,5.78986550354312,0.7411483353461285,5.0,True,4,3,3,5,-2.966211853777001,152.72000122070312,147647861.4693283,36.577181208053695,False,0.0,0,,,,0.0,0,,,,False,False,False,False,0,,none,0,0,False,-1,0.625,mixed,4,False
EXTR,29.139999389648438,-13.556807531713133,112.08151291895558,64.53981307767035,46.903434744357924,0.09390530766920073,False,1.037327921064775,7.000689630254503,97.55931789592161,-2.2147646453336334,False,True,False,True,30,50.0,True,0.48671004650874927,2.5188506989341226,True,-0.11469117824801829,True,-3.9551771816227155,True,2,0,0.4515113236789626,False,1.1661606399925726,False,4,2,True,False,False,35.0,18.203378218134866,16.129035214081235,0.2524428975797172,10.0,False,4,2,2,5,-13.608064675009391,33.72999954223633,64893357.6424797,80.73825503355705,True,0.0,0,,,,0.0,0,,,,False,False,False,False,0,,none,0,0,False,-1,0.625,mixed,4,False
F,14.335000038146973,-17.80390138089193,39.01957282521005,33.5871737858979,15.950795452585485,0.16887578229442549,False,0.6158434461069415,5.301710686148544,8.207246749896058,7.297907234469325,False,False,True,True,24,40.0,True,0.41645948806374156,1.2249616607507552,False,-0.1468290214624965,True,0.7378812318228789,True,3,0,0.49293169007472243,False,0.9846132819710858,False,5,1,False,False,False,25.0,10.068024227480002,6.5573741045124585,0.7533784567482789,2.0,True,3,2,3,4,-2.482991672476831,14.699999809265137,658284522.6534046,64.09395973154362,False,0.0,0,,,,0.0,0,,,,False,False,False,False,0,,none,0,0,False,-2,0.5,mixed,4,False
FAF,74.1500015258789,0.0,31.51019858075992,28.602513580587676,10.966135247275258,0.20226445523282466,True,1.1274881939296608,7.457853898178092,18.684965672725262,6.721355704251386,True,False,False,True,20,33.33333333333333,False,0.4951795868399167,1.5542633585669092,True,2.9792373600810804,True,1.533620108589595,True,2,1,0.4886766931721905,False,1.5537974889217134,True,4,1,False,False,False,45.0,14.483044597945197,7.52528889578947,0.9962772430932425,0.0,True,6,3,4,5,-0.05391685430787829,74.19000244140625,60406829.29770164,59.597315436241615,False,0.0,0,,,,0.0,0,,,,False,False,False,False,0,,none,0,0,False,-1,0.625,mixed,4,False
FANG,210.22999572753906,-1.0780752287603557,59.15753769868797,48.42070688833484,30.784328555022423,0.12472114776503694,True,0.9583248281330663,8.519242746558861,38.06636601508791,22.19832825608725,False,True,False,False,26,43.333333333333336,True,0.46124966528910555,1.2342417201295197,True,3.120898700952246,True,7.51253091223667,False,0,2,0.565843436261285,False,1.280999932800215,True,2,3,True,False,False,45.0,19.64665116832919,11.611094590776224,0.9648952430289818,35.0,True,7,6,6,6,-0.6896909145585717,211.69000244140625,377226108.6724747,72.88590604026845,False,0.0,0,,,,0.0,0,,,,True,True,False,False,2,power_play,sepa_vcp,6,6,True,0,0.75,mixed,4,True
FAST,46.625,-5.977784306209388,20.390218129298443,-0.6852554730528149,-18.321633806365234,0.0824984818727399,False,1.2814991454354345,5.833774597331602,7.388405567642864,-4.063782996151232,False,True,False,True,24,40.0,True,0.46011381164527554,1.2512010547755161,True,0.5848605143523955,True,2.495050076180738,True,2,0,0.5626345859835283,False,0.7145618877979468,False,4,1,False,False,False,45.0,12.446436814997762,10.616615438589141,0.6090165707989229,8.0,False,3,2,3,6,-4.866350547262355,49.0099983215332,411717030.2214535,32.61744966442953,False,0.0,0,,,,0.0,0,,,,False,True,False,False,1,,power_play,6,6,True,0,0.75,mixed,4,False
FBIN,50.46500015258789,-20.74112169572615,52.22810182189086,-7.97820791917222,-25.61458625248464,0.09603754668937922,False,1.0171153481361788,6.22213292411417,-12.483855873895111,-5.1766272170687415,False,True,False,True,28,46.666666666666664,True,0.4071135242280909,1.7935034090063102,False,3.162960598753173,True,-1.914481235656429,True,2,1,0.4474723005456248,False,1.7689624441406329,True,6,4,True,False,False,25.0,26.81777063702745,10.66085614157943,0.6832318402108787,16.0,False,1,4,4,4,-8.495015854337918,55.150001525878906,139595108.56652164,25.436241610738254,False,0.0,0,,,,0.0,0,,,,False,False,False,False,0,,none,0,0,False,-2,0.5,mixed,4,False
FCEL,21.415800094604492,-40.528183580063356,446.32142035189605,278.3710366069413,260.7346582736289,0.2064796574674215,False,0.7991508923012969,29.2307558028569,111.40967278050664,-23.814302278178957,True,True,False,False,29,48.333333333333336,True,0.5638798079318876,8.503185451014419,True,-0.19696364778875547,True,15.761081592456705,False,0,1,0.44851695017004956,False,1.745664764141182,True,3,2,True,False,False,,,,,,False,7,3,3,3,,,349165709.2827339,97.4496644295302,True,0.0,0,,,,0.0,0,,,,False,False,False,False,0,,none,0,0,False,-3,0.375,mixed,4,False
FCFS,200.77999877929688,-13.668966475592192,68.85432835637026,65.80283812367587,48.16645979036345,0.4350669452828728,False,1.1335988304542952,15.469667171746417,20.415552649920055,-9.54633613770952,False,False,False,False,24,40.0,True,0.3494114609978058,1.5308485341764326,False,-2.006417871857186,True,-6.006273954587938,False,0,0,0.4346310205141403,False,1.0441110368705582,False,8,1,False,False,False,25.0,18.7405937007042,15.952783630856162,0.27220561433688545,22.0,False,2,1,1,2,-13.639298879366047,232.49000549316406,106772897.4140213,81.47651006711409,True,0.0,0,,,,0.0,0,,,,False,False,False,False,0,,none,0,0,False,-4,0.25,mixed,4,False
FCN,160.61000061035156,-14.126075143764504,14.394592302310105,-7.424061602972287,-25.060439936284705,0.1210593555970054,False,0.8386887837165955,5.117988412592867,-11.951100605282294,4.570612956469677,True,True,False,True,22,36.666666666666664,False,0.5170577597351973,1.654418034523138,True,1.4358614744212619,True,-1.1934804090951157,True,2,1,0.5997052695787404,False,1.2439777067097215,True,3,0,False,False,False,25.0,17.702978346768628,8.455265412768721,0.7754139223435356,5.0,False,1,3,4,5,-3.975842469738089,167.25999450683594,56243902.69727631,26.308724832214764,False,0.0,0,,,,0.0,0,,,,False,False,False,False,0,,none,0,0,False,-1,0.625,mixed,4,False
FCNCA,2194.110107421875,-0.8432829415018883,34.325136907888655,4.232763608861445,-13.403614724450973,0.15949000910698025,False,1.1557916248475446,8.891302231259893,9.032874223069909,5.3346447994691015,False,False,False,False,22,36.666666666666664,False,0.43571490265600754,1.2713370769284646,False,2.259787124623233,True,3.3918859157658243,True,1,0,0.5522516840289478,False,0.9214102588815853,False,4,0,False,True,True,55.0,15.675534522600056,8.891302231259893,0.8754100685628255,0.0,True,4,2,2,6,-1.9530137714118045,2237.81494140625,188773796.67578125,37.919463087248324,False,0.0,0,,,,0.0,0,,,,False,True,False,False,1,,power_play,6,6,True,0,0.75,mixed,4,False
FCX,61.36000061035156,-14.237402217724092,75.49414186924488,39.11985597753347,21.48347764422105,0.21675648240992562,False,0.9841944183350773,11.261407722747606,2.0433272336312758,0.8839316065633707,False,False,False,False,23,38.333333333333336,False,0.3644584539451201,1.373268465790033,False,-0.7518457243223351,True,5.104486960799126,False,0,0,0.5025010914942535,False,0.8191428854569367,False,9,2,True,False,False,25.0,20.70235054257751,15.368318467038803,0.3768079674921865,24.0,False,2,2,2,4,-12.901539912318116,70.44900742054514,926486657.9101181,68.45637583892618,False,0.0,0,,,,0.0,0,,,,False,False,False,False,0,,none,0,0,False,-2,0.5,mixed,4,False
FDS,249.16000366210938,-39.872961403986295,32.41487884273144,-39.872961403986295,-57.50933973729872,0.08177493128821217,False,0.8835962692364678,7.866427418786878,-12.213023500466546,-0.37186320500591785,False,True,False,True,25,41.66666666666667,True,0.414687678561757,2.250975220531342,False,0.967668882205637,True,-3.4600305329502756,True,2,0,0.5159344702406365,False,1.1084607525010386,False,3,3,True,False,False,25.0,22.91782492781217,11.912027411437967,0.6663431300037438,5.0,False,2,3,4,5,-7.646689732535982,269.7900085449219,232232256.28709793,6.97986577181208,False,0.0,0,,,,0.0,0,,,,False,False,False,False,0,,none,0,0,False,-1,0.625,mixed,4,False
FDX,315.6499938964844,-6.469382098801435,83.94874442478863,68.85234099516782,51.2159626618554,0.07899933618815812,False,0.8226656965960858,5.205130047038548,29.77426305763924,0.8466434174071447,False,True,False,True,22,36.666666666666664,False,0.49478120923062996,1.3811051863027552,True,-0.43883985874911186,True,0.8530841639828868,True,2,0,0.43332436973169736,False,0.5586083945519024,False,7,3,True,False,False,65.0,17.373643935935053,5.205130047038548,0.5244427944638238,27.0,False,4,2,3,6,-8.262161560153803,344.07829884008066,564340128.6083176,82.75167785234899,True,0.0,0,,,,0.0,0,,,,False,True,False,False,1,,power_play,6,6,True,0,0.75,mixed,4,False
FE,50.03499984741211,-2.6178897908957888,25.76736177132455,25.76736177132455,8.13098343801213,0.08610820561601973,False,1.031033593968179,3.997201970818919,9.609868216203044,3.1011768101615322,False,True,False,True,25,41.66666666666667,True,0.4815632240763512,0.7987197288239604,True,3.343594621049646,True,3.1011768101615322,True,2,2,0.6078090696498435,True,1.1271096695654135,False,2,0,False,False,False,55.0,12.662273199980193,4.336960478790824,0.9944795194684936,0.0,True,4,4,4,7,-0.06990183268510419,50.06999969482422,182828628.74265766,57.919463087248324,False,0.0,0,,,,0.0,0,,,,False,True,False,False,1,,power_play,7,7,True,1,0.875,mixed,4,False
FER,63.08000183105469,-14.361341146718065,25.91976352489722,19.467112783922392,1.8307344506099739,0.20012838451884657,False,0.7602001513456065,2.520614966917117,-4.985031849695643,-6.851741444195236,False,True,False,True,25,41.66666666666667,True,0.4523391614809391,0.6363653837307682,True,-3.6167805343981567,True,-0.8020102536710705,True,2,0,0.42201845131365684,False,0.44037564641140364,False,5,3,True,False,False,25.0,11.6013575890856,2.655363036044171,0.04495778805124207,20.0,False,1,2,2,4,-11.079786213488818,70.94000244140625,86999501.97660732,51.47651006711409,False,0.0,0,,,,0.0,0,,,,False,False,False,False,0,,none,0,0,False,-2,0.5,mixed,4,False
FERG,230.02999877929688,-13.744028266092723,10.375872952744004,4.415205431746183,-13.221172901566234,0.1545503930202889,False,0.9115411407845118,4.31248020761983,-8.756828902750225,-0.09121208689053528,False,True,False,True,21,35.0,False,0.4469896765040886,1.0772613054719173,True,0.05064091934567978,True,-0.857687034100385,True,2,0,0.4657133267086039,False,0.7421093861917651,False,7,2,True,False,False,25.0,10.85457934850602,5.555796568759144,0.43179275571659825,20.0,False,0,2,3,4,-6.167650619470133,245.14999389648438,266198844.32779235,38.25503355704698,False,0.0,0,,,,0.0,0,,,,False,False,False,False,0,,none,0,0,False,-2,0.5,mixed,4,False
FFIV,387.32000732421875,-10.188749581786205,72.91843288786353,28.281395263746155,10.645016930433737,0.18457606141593874,False,0.9831865863185204,8.899618033893326,49.39442749939027,-5.101192379324193,False,True,False,False,30,50.0,True,0.5653230501004121,1.9531872740086302,True,-0.8191123716521619,True,-5.323881313701529,False,0,1,0.30369782086559716,False,1.5284625906883353,True,3,1,False,False,False,65.0,33.19540089574353,12.813695121426584,0.66980613094789,7.0,False,4,3,3,4,-10.960917856501439,435.0,222849614.23718566,59.261744966442954,False,0.0,0,,,,0.0,0,,,,False,False,False,False,0,,none,0,0,False,-2,0.5,mixed,4,False
FHB,28.770000457763672,-5.174685850126148,30.288077246722487,18.987304826317963,1.3509264930055451,0.22296004641762734,True,1.167415597919053,4.1188785347107615,8.337109461609217,-4.004000277224251,False,False,False,True,28,46.666666666666664,True,0.5838157768623544,1.4513039381365178,True,0.6918020099146208,True,-1.7753514561619776,True,2,2,0.603678240854047,True,1.3692634023512598,True,3,1,False,False,False,55.0,15.522727637693832,8.863396581463807,0.6186946231918258,13.0,False,3,4,4,5,-5.918899510981501,30.579999923706055,81460129.65157127,50.87248322147651,False,0.0,0,,,,0.0,0,,,,False,False,False,False,0,,none,0,0,False,-1,0.625,mixed,4,False
FHN,25.475000381469727,-2.2072893375474134,30.44396356267436,17.836354358226746,0.19997602491432787,0.0690921868230462,True,1.142631625388859,3.258095824445164,8.058893479089967,-0.7982862977799043,False,False,False,True,27,45.0,True,0.3985440238737831,0.8913878925086431,False,1.1615433235676107,True,-1.2596855240366578,True,2,2,0.6516301972882544,True,1.2551821685219038,True,4,1,False,False,False,55.0,12.26946449989637,6.673211923388302,0.7413338782400748,15.0,False,4,4,4,5,-3.1736947982592745,26.309999465942383,143434728.2535141,49.46308724832215,False,0.0,0,,,,0.0,0,,,,False,False,False,False,0,,none,0,0,False,-1,0.625,mixed,4,False
FICO,1238.5699462890625,-34.10284833536118,34.28124861452173,-19.353437497665183,-36.989815830977605,0.09589757536453213,False,0.9237312758274576,7.82273257467083,-19.817569009253923,-2.538499317861276,True,True,False,True,30,50.0,True,0.4731991935660187,1.8001120293752386,True,0.6508567622227304,True,-1.4748143979872341,True,2,1,0.5591295182280132,False,1.7440492557833702,True,3,2,True,False,False,25.0,20.20949580384153,9.429426203374312,0.6404859837598392,13.0,False,2,4,4,5,-7.265597002627744,1335.6099853515625,283340253.6091614,17.181208053691275,False,0.0,0,,,,0.0,0,,,,False,False,False,False,0,,none,0,0,False,-1,0.625,mixed,4,False
FIG,20.71500015258789,-83.02049167820664,23.01068862760378,,,0.2182973179465572,False,1.0947117089728473,23.98262310109933,-28.396128814136823,-2.928772237727495,False,True,False,False,23,38.333333333333336,False,0.5571740837060206,4.834399542687148,True,-0.3149629957015653,True,-13.50730900751137,False,0,1,0.48356600756301626,False,1.374482569902816,True,4,1,False,False,False,25.0,32.44873876096582,23.992281844527195,0.4851301286573757,8.0,False,0,2,2,3,-16.706877951088895,24.8700008392334,482434941.1029684,,False,0.0,0,,,,0.0,0,,,,False,False,False,False,0,,none,0,0,False,-3,0.375,mixed,4,False
FIS,41.36000061035156,-47.8905084511158,9.65005109186099,-46.89899389819245,-64.53537223150487,0.1304724808358318,False,1.0564367229421767,6.092844343752179,-30.261230714508315,-1.0526283127748837,False,True,False,True,20,33.33333333333333,False,0.5585472791402772,1.762261428061577,True,0.41916437156020553,True,-1.312334142359839,True,2,0,0.38659559092949297,False,0.8956009226594301,False,3,3,True,False,False,25.0,14.31188518905071,8.970016996431376,0.630400390625,5.0,False,1,3,3,5,-5.289667175292989,43.66999816894531,214628961.81286317,4.697986577181208,False,0.0,0,,,,0.0,0,,,,False,False,False,False,0,,none,0,0,False,-1,0.625,mixed,4,False
FISV,50.79999923706055,-64.47552500904857,7.672740374034381,-64.47552500904857,-82.11190334236099,0.21958314257421813,False,0.8884508893035212,4.527557621265886,-24.80757686084508,-2.9237579599819097,False,True,False,True,22,36.666666666666664,False,0.49247837760933344,1.675214091167768,True,-0.8038436433561053,True,0.3357656831107114,True,2,1,0.38352373233820636,False,0.9516756755258786,False,2,0,False,False,False,25.0,15.02890101715153,5.413385908072553,0.4519228917607121,13.0,False,1,2,3,5,-8.236996609494906,55.36000061035156,356840134.103027,1.5436241610738255,False,0.0,0,,,,0.0,0,,,,False,False,False,False,0,,none,0,0,False,-1,0.625,mixed,4,False
FITB,57.209999084472656,-3.63820092011502,45.267018115687584,38.55920858248525,20.92283024917283,0.09760115181980833,True,1.0842419334206024,3.845482954284043,14.576969806428064,0.08747242336253347,False,True,False,True,32,53.333333333333336,True,0.39885685688349864,0.909913095892579,False,2.866193000083035,True,-1.3790712984102727,True,2,1,0.6222257749069922,True,0.8566528205777022,False,4,1,False,False,False,35.0,16.64182222819521,7.865757860536907,0.768730792714571,6.0,False,5,3,4,5,-3.8487410344997364,59.5,371491758.139801,67.98657718120805,False,0.0,0,,,,0.0,0,,,,False,False,False,False,0,,none,0,0,False,-1,0.625,mixed,4,False
FIVE,204.72999572753906,-17.35093852545685,55.169010110075156,49.39434162118852,31.7579632878761,0.049861680776757365,False,0.8390156583343933,6.0714076760512725,7.543205851064849,12.223868852195752,False,False,False,True,25,41.66666666666667,True,0.4269039266174858,1.5603402940754927,False,0.776185448016414,True,1.0363671687917408,True,2,0,0.48378550927530056,False,1.154637500928057,False,3,2,True,False,False,25.0,18.063045250190772,10.721436724618465,0.8288783866944599,4.0,False,3,3,3,4,-3.090977444423615,211.25999450683594,221417154.75865173,73.28859060402685,False,0.0,0,,,,0.0,0,,,,False,False,False,False,0,,none,0,0,False,-2,0.5,mixed,4,False
FIVN,22.93000030517578,-21.337905299321235,68.47906600736775,-19.909182754716493,-37.54556108802891,0.3842821055297557,False,1.054499533558192,24.98909492357463,25.1637592093082,-2.175768844974302,False,False,False,False,23,38.333333333333336,False,0.4812114586949249,3.1567787512703247,True,0.1448890506830118,True,-10.359654520852468,False,0,1,0.4726494186787732,False,2.3788012453413327,True,4,1,False,False,False,25.0,31.63841755145854,25.25075853083084,0.5690477266333319,7.0,False,0,2,1,2,-13.634647969524949,26.549999237060547,52725721.864086345,16.711409395973153,False,0.0,0,,,,0.0,0,,,,False,False,False,False,0,,none,0,0,False,-4,0.25,mixed,4,False
FIX,1760.9849853515625,-14.784589620677124,213.58217697190813,213.58217697190813,195.9457986385957,0.3936033237264663,False,0.9364041306842293,11.07277982812825,57.17206213803194,1.1304735526014076,True,False,False,False,25,41.66666666666667,True,0.44901691142923733,2.5029799573582716,True,-0.8976628769388371,True,5.192461662984282,False,0,1,0.5559932760098707,False,1.24465399093825,True,7,1,False,False,False,25.0,24.897822643293935,18.378351737270837,0.3966101574615928,23.0,False,5,2,2,2,-15.023093284286315,2072.31005859375,933005285.9072876,95.9731543624161,True,0.0,0,,,,0.0,0,,,,False,False,False,False,0,,none,0,0,False,-4,0.25,mixed,4,False
FLEX,119.81999969482422,-26.068986067776244,144.53061162209022,141.2321403501442,123.59576201683177,0.10760280637937115,False,0.8613145713127284,10.774491792351846,87.86453745389228,-12.450680139949167,True,True,False,False,31,51.66666666666667,True,0.4779661874821431,3.1789454210747214,True,-2.6951177994552444,True,0.4779871654710499,True,1,0,0.4281059975581817,False,0.8244366194681073,False,6,4,True,False,False,25.0,32.859124924218854,20.2720755945525,0.1548340141376832,20.0,False,6,2,3,3,-27.771414711150456,165.88999938964844,591485006.2593956,92.5503355704698,True,0.0,0,,,,0.0,0,,,,False,False,False,False,0,,none,0,0,False,-3,0.375,mixed,4,False
FLG,13.84000015258789,-9.89583032593745,29.398931231986424,15.205685483057918,-2.4306928502545,0.7221979956172645,False,1.027239126512302,8.959535819703738,7.363689993286937,-5.140507142948659,False,False,False,False,27,45.0,True,0.4107342505635054,1.029902802420555,False,-1.632306836537853,True,-7.114090557587149,False,0,1,0.45616759288619857,False,1.4243112365338564,True,3,2,True,False,False,55.0,15.280285697876081,12.283235480653227,0.32182610449491406,6.0,False,2,3,2,4,-10.362690876159276,15.4399995803833,66077570.842266224,46.91275167785235,False,0.0,0,,,,0.0,0,,,,False,False,False,False,0,,none,0,0,False,-2,0.5,mixed,4,False
FLNC,13.675000190734863,-57.57058521575764,102.59259541829428,46.10043474712499,28.464056413812575,0.15124105052424416,False,0.5430895726518629,18.903114850211765,-49.23905003844787,-19.55882240744198,False,True,True,False,19,31.666666666666664,False,0.36972844420068707,3.2058829407474385,False,-4.750126699768414,True,-2.807388149657597,True,2,0,0.3841047745071009,False,1.0790739750994724,False,8,3,True,False,False,,,,,,False,1,2,2,3,,,130471400.36218119,72.14765100671141,False,0.0,0,,,,0.0,0,,,,False,False,False,False,0,,none,0,0,False,-3,0.375,mixed,4,False
FLO,7.860000133514404,-49.01179746829805,13.951685679566506,-47.21665418140386,-64.85303251471628,0.0702124691590296,False,0.9238557899332981,12.722652160948918,-26.11548987013611,-8.922363507713548,False,True,False,False,23,38.333333333333336,False,0.49281962462668294,2.2214873024538497,True,0.21516069847761743,True,-7.4204906311886365,False,0,1,0.4032072684745245,False,1.276590752534223,True,6,3,True,False,False,25.0,18.16143353927139,15.903313684528545,0.3456790014440514,13.0,False,0,3,2,3,-11.883407328623552,8.920000076293945,55213204.70019202,4.563758389261745,False,0.0,0,,,,0.0,0,,,,False,False,False,False,0,,none,0,0,False,-3,0.375,mixed,4,False
FLR,52.31999969482422,-7.838648453508834,32.02119173526561,-5.933116325841548,-23.569494659153968,0.30130743149652245,False,0.8265659406574511,8.409781607122053,14.787182082071393,5.803840015379125,True,False,False,False,27,45.0,True,0.4906110603346263,1.7427986995591844,True,1.7049548761910973,True,6.601462393832813,False,0,0,0.5466959663364328,False,1.1911986019754042,False,4,3,True,False,False,35.0,14.765468182891023,10.607796768793909,0.6946846509127689,23.0,False,3,3,4,6,-4.508124072695773,54.790000915527344,100315344.96711007,27.38255033557047,False,0.0,0,,,,0.0,0,,,,False,True,False,False,1,,power_play,6,6,True,0,0.75,mixed,4,False
FLS,72.26000213623047,-21.021208856452876,48.51656518996022,34.64537970620229,17.009001372889873,0.15596784982539674,False,0.9028115006102827,9.694166448550737,-6.661416619798288,-0.11058087601568678,False,False,False,False,20,33.33333333333333,False,0.4562606088558249,1.6377449600237464,True,-0.08948463351587721,True,5.550691064235913,False,0,0,0.5519533249344127,False,0.5979846649123042,False,6,2,True,False,False,25.0,19.42681708548337,9.694166448550737,0.37215782675253684,23.0,False,2,2,2,5,-12.19697505823083,82.29785042617061,126112999.13904,64.69798657718121,False,0.0,0,,,,0.0,0,,,,False,False,False,False,0,,none,0,0,False,-1,0.625,mixed,4,False
FLUT,99.88500213623047,-67.63285801662447,8.124058352399244,-66.7094389776103,-84.34581731092273,0.19600492776906078,False,0.9162025448073526,9.601044963893186,-42.8934880538977,-5.795526467804002,False,True,False,False,20,33.33333333333333,False,0.3903927987437646,1.6809512533131854,False,-0.6972854289440602,True,-6.2640724242630785,False,0,0,0.381136360863997,False,1.1821450666444546,False,4,2,True,False,False,25.0,18.861969271543177,19.11198233869867,0.21596568946467257,9.0,False,0,2,2,3,-14.788431073152886,117.22000122070312,234890628.59630585,1.2751677852348993,False,0.0,0,,,,0.0,0,,,,False,False,False,False,0,,none,0,0,False,-3,0.375,mixed,4,False
FLY,19.690000534057617,-67.37365197697403,17.342072278507437,,,0.1505296081688435,False,0.44474388193104475,12.89995351261635,-32.406450046943824,-31.86850936346496,False,True,True,False,15,25.0,False,0.602117927294359,4.517107813281324,True,-8.026777285374461,True,2.1795540545757053,True,2,1,0.3376676186746796,False,1.3527764749119762,True,5,2,True,False,False,,,,,,False,0,3,2,3,,,103834723.79206619,,False,0.0,0,,,,0.0,0,,,,False,False,False,False,0,,none,0,0,False,-3,0.375,mixed,4,False
FMC,11.390000343322754,-72.70346286469263,6.2500005560134575,-72.10964083723192,-89.74601917054434,0.04674281520544756,False,0.8001483469598647,10.09657229031118,-29.211561116552144,0.352422559547505,False,True,False,False,21,35.0,False,0.4171088983782249,2.426445319085286,False,-0.8528766656994252,True,1.605711905113738,True,1,2,0.39667604589636596,False,1.5536042657033522,True,2,2,True,False,False,25.0,14.146339383220838,13.959606242204298,0.47701151315248597,16.0,False,1,4,3,5,-7.398372628462058,12.300000190734863,53742104.25385328,0.738255033557047,False,0.0,0,,,,0.0,0,,,,False,False,False,False,0,,none,0,0,False,-1,0.625,mixed,4,False
FMX,127.43000030517578,-2.979223822405419,56.85589415486698,34.138727632007445,16.502349298695027,0.06774491319035274,True,1.0101573418049983,4.771248384598597,22.701311634571255,-0.0753510299070892,False,True,False,True,25,41.66666666666667,True,0.5163580166491217,1.3120752922558174,True,1.1031173310412907,True,-1.2323701090006356,True,2,0,0.44897210394071346,False,1.0945501409218825,False,5,2,True,False,False,65.0,17.12756582094574,5.177921027353941,0.7692084249818807,8.0,False,5,3,4,5,-3.952897892042573,132.67448731763278,62343406.68700218,64.42953020134227,False,0.0,0,,,,0.0,0,,,,False,False,False,False,0,,none,0,0,False,-1,0.625,mixed,4,False
FN,482.1300048828125,-35.41200265180417,74.02901747479387,58.15318852875444,40.51681019544202,0.0827053830199305,False,0.6550661804071559,11.041624626640258,3.259729091544039,-3.498725201909203,False,True,False,False,19,31.666666666666664,False,0.40645144138427874,2.676625785166968,False,-3.6213128771632617,True,0.7817868517016269,True,1,1,0.4046631412093446,False,0.4967508776593966,False,2,2,True,False,False,25.0,29.612570191794923,19.517558573519555,0.22747412509666565,23.0,False,1,3,3,3,-22.87647669555277,625.1400146484375,532927760.8217529,78.45637583892618,False,0.0,0,,,,0.0,0,,,,False,False,False,False,0,,none,0,0,False,-3,0.375,mixed,4,False
FNB,18.915000915527344,-2.950225050504618,32.01147580002333,24.898604742311893,7.262226408999474,0.1287416919312004,True,1.070325437448972,3.1720875095342214,12.169972395547312,-0.6043077612649106,True,False,False,True,20,33.33333333333333,False,0.4891960106890507,1.022887024315334,True,1.6469851144098226,True,-1.2787000722124575,True,2,2,0.6458651934478608,True,2.729554598347521,True,5,2,True,False,False,55.0,13.917083260918591,5.709753483646314,0.7524171162622011,15.0,False,3,5,6,6,-3.445631606957278,19.59000015258789,116986145.04740715,56.711409395973156,False,0.0,0,,,,0.0,0,,,,True,True,False,False,2,power_play,sepa_vcp,6,6,True,0,0.75,mixed,4,False
FND,53.345001220703125,-41.003094115274564,22.660379769807726,-32.20866747281573,-49.845045806128155,0.17111559660862677,False,0.932295701174002,9.4854274205682,-29.100209017429478,-9.646002043550872,False,False,False,False,24,40.0,True,0.44366407010426845,1.822914005256952,True,0.38952412758981286,True,-6.066208204413492,False,0,1,0.49164643708607886,False,1.3216414477100427,True,5,4,True,False,False,45.0,29.23409072477474,14.828012899247087,0.6077207386327338,15.0,False,1,4,3,3,-11.46792751625828,60.255001068115234,126496548.34307556,10.46979865771812,False,0.0,0,,,,0.0,0,,,,False,False,False,False,0,,none,0,0,False,-3,0.375,mixed,4,False
FNF,50.810001373291016,-10.237535775662598,18.73733079007909,-2.8567383920524714,-20.49311672536489,0.16903728200094909,False,1.1196184687330184,7.400114583562477,-2.7899027018632006,4.0335815203693,False,False,False,True,21,35.0,False,0.3691018537013508,1.0036784650503594,False,2.133564952759313,True,-2.1001929104845662,True,2,1,0.4775192930342128,False,1.478632557484969,True,3,0,False,False,False,45.0,15.511412561324134,9.80121906639848,0.7266217795345052,5.0,False,2,3,2,5,-4.2404823629209165,53.060001373291016,77718532.6910656,30.73825503355705,False,0.0,0,,,,0.0,0,,,,False,False,False,False,0,,none,0,0,False,-1,0.625,mixed,4,False
FNGU,24.8700008392334,-31.203320084427745,81.13621025789632,-0.8768406218275793,-18.513218955139997,0.17156975940588812,False,0.7908869806004074,13.289096446725424,8.887918883903767,-6.115511309483046,True,True,False,False,30,50.0,True,0.3945221470975393,1.9753858527200634,False,-2.298337167816141,True,-6.292388917428049,False,0,1,0.49744273664868854,False,1.6946676758608843,True,3,1,False,False,False,25.0,22.75769554233845,20.969031239485904,0.2632354582882442,7.0,False,1,2,3,3,-16.76706312666666,29.8799991607666,122313690.5318737,32.281879194630875,False,0.0,0,,,,0.0,0,,,,False,False,False,False,0,,none,0,0,False,-3,0.375,mixed,4,False
FNV,213.93499755859375,-23.529992474324178,35.99080568314932,32.035844430538106,14.399466097225687,0.12616892651083278,False,0.7796515008369634,8.049174476928119,-16.03397797273275,-1.6752478360999357,True,False,False,False,22,36.666666666666664,False,0.46960649626703016,1.3149220341521601,True,-0.4395096419850127,True,6.557251086306137,False,0,1,0.46909935092523325,False,1.2009498636038989,True,3,1,False,False,False,25.0,15.74701283801438,9.970319056942847,0.5108220348619434,24.0,False,2,2,2,4,-7.703091697102726,231.7899932861328,142226950.9007286,62.5503355704698,False,0.0,0,,,,0.0,0,,,,False,False,False,False,0,,none,0,0,False,-2,0.5,mixed,4,False
FORM,105.71990203857422,-33.89613776016651,282.7657452073724,208.7613810050145,191.12500267170208,0.07890991035609925,False,0.8106765285116992,11.16157206374664,44.42610170233478,-14.45917536113539,False,True,False,False,23,38.333333333333336,False,0.5294334418284554,4.739724403003766,True,-2.3138547763582085,True,0.1419933164567011,True,1,0,0.4508451040783469,False,0.41200326728672343,False,6,2,True,False,False,25.0,39.30242953390099,22.99472198690055,0.13398797465088771,17.0,False,4,2,2,2,-34.03637660179436,160.27000427246094,239354030.0230259,95.7718120805369,True,0.0,0,,,,0.0,0,,,,False,False,False,False,0,,none,0,0,False,-4,0.25,mixed,4,False
FOUR,47.40999984741211,-55.61276946813526,33.06202196507544,-54.76145184461719,-72.3978301779296,0.07322355975590333,False,0.9555498988918173,12.5290075100696,-28.394501581362285,-7.672831049244588,False,True,False,False,20,33.33333333333333,False,0.4745717144878848,2.4274707464414655,True,1.206675522219065,True,-5.764264453823853,False,0,1,0.4350506454400124,False,2.9146402552337722,True,4,3,True,False,False,35.0,35.952553818267425,17.211558476428735,0.6623711335138301,7.0,False,0,3,2,3,-12.138619992944644,53.959999084472656,58672830.11430969,2.8859060402684564,False,0.0,0,,,,0.0,0,,,,False,False,False,False,0,,none,0,0,False,-3,0.375,mixed,4,False
FOX,49.66999816894531,-26.303223140056165,11.89456826288704,-2.902689877606468,-20.539068210918884,0.11892644421318335,False,0.7334361259771852,8.687333975797905,-23.795307047037806,-1.7602911000233035,True,True,False,False,28,46.666666666666664,True,0.5498548645875824,1.7808706858297847,True,-2.477820172988716,True,-3.7962480314189806,True,1,1,0.541878176770705,False,1.9074917249299153,True,4,3,True,False,False,25.0,16.680837637020495,8.687333975797905,0.6334275661142378,4.0,False,2,4,5,5,-6.11473525185583,52.904998779296875,83712675.6818901,30.671140939597315,False,0.0,0,,,,0.0,0,,,,False,False,False,False,0,,none,0,0,False,-1,0.625,mixed,4,False
FOXA,55.650001525878906,-26.52346942383411,14.060259236782224,-0.15878572482045383,-17.795164058132872,0.05290741300762364,False,0.7367124277691763,8.131172663270068,-23.267030980874292,-1.4695432420050558,True,True,False,False,27,45.0,True,0.5063655710356455,1.6305086752329323,True,-2.1621190880186734,True,-3.418947314342513,True,1,3,0.6015917609585439,True,2.297749737511126,True,1,3,True,False,False,25.0,17.96351161904688,8.149145953398042,0.6906000949980431,4.0,False,2,6,6,6,-5.557908788434651,58.92499923706055,336723195.75357133,33.08724832214765,False,0.0,0,,,,0.0,0,,,,True,True,False,False,2,power_play,sepa_vcp,6,6,True,0,0.75,mixed,4,False
FR,66.91999816894531,-2.817314005534022,45.373168786727746,37.9783683864743,20.341990053161883,0.12709552352834075,True,1.132434112969247,4.841598852991414,18.506435998519777,7.243584186759744,True,True,False,True,26,43.333333333333336,True,0.3866106662638123,0.8460376220641443,False,2.566878086912809,True,-2.817314005534022,True,2,1,0.4614092279192553,False,2.4275457927506654,True,4,1,False,False,False,45.0,16.079543235825938,8.203822495496125,0.7365701468912628,5.0,False,6,3,5,6,-4.2358317126692135,69.87999725341797,86126650.51037216,67.4496644295302,False,0.0,0,,,,0.0,0,,,,False,True,False,False,1,,power_play,6,6,True,0,0.75,mixed,4,False
FRO,39.4900016784668,-7.905781961766733,130.82296035888814,125.55753880667062,107.9211604733582,0.16397925450602227,True,0.9492202267248174,7.5968596416541745,63.15269422030752,7.455786880181758,False,True,False,True,30,50.0,True,0.4892936707081309,2.141229835248853,True,1.8458125910608194,True,8.221430150742748,False,1,0,0.4477365100055232,False,0.8370751497806362,False,4,1,False,False,False,35.0,24.851473984289562,10.23043996913853,0.6629631330215543,21.0,False,9,2,5,6,-8.37586293146131,43.099998474121094,86046143.97490005,91.54362416107382,True,0.0,0,,,,0.0,0,,,,False,True,False,False,1,,power_play,6,6,True,0,0.75,mixed,4,False
FROG,79.9000015258789,-18.552494629287253,129.92806194497527,91.97502060642321,74.33864227311079,0.06937034827468312,False,1.1313019208051174,18.81101188017974,36.74482476222287,-15.72618544104516,False,True,False,False,25,41.66666666666667,True,0.5266168441556147,3.445378025278386,True,-0.4285634220800739,True,-9.758300542476317,False,0,1,0.49424604456245635,False,3.1571611760158746,True,4,2,True,False,False,25.0,24.25922132502635,22.282854210867104,0.1973410909939228,13.0,False,4,3,2,2,-19.47188012208262,99.22000122070312,313323067.8637245,87.4496644295302,True,0.0,0,,,,0.0,0,,,,False,False,False,False,0,,none,0,0,False,-4,0.25,mixed,4,False
FRPT,57.11000061035156,-33.20467764871162,20.510659096624284,-20.404180334004796,-38.040558667317214,0.10828967619994663,False,0.9168160452936325,6.163544773497426,-20.181693676463787,1.2947845484330145,False,True,False,True,20,33.33333333333333,False,0.44947901070108837,2.489312038681781,True,1.4509168612949437,True,0.8298044240251601,True,2,0,0.5365475278220936,False,0.9485974978144445,False,4,1,False,False,False,25.0,16.913456705758424,9.3503766337204,0.6429962446750085,18.0,False,1,2,4,5,-6.038167559482421,60.779998779296875,74948610.88103962,16.174496644295303,False,0.0,0,,,,0.0,0,,,,False,False,False,False,0,,none,0,0,False,-1,0.625,mixed,4,False
FRSH,10.149999618530273,-28.821883200445352,47.529061768846816,-28.821883200445352,-46.45826153375777,0.07624738521264184,False,1.1499591434752576,14.285712943456225,-14.27365297531884,-1.837529315800479,False,True,False,False,24,40.0,True,0.39461759655744755,2.0484465965584824,False,0.8000773341896299,True,-6.795231418392145,False,0,2,0.43506188242397015,False,2.5859157104960877,True,1,1,False,False,False,55.0,32.144449130851086,14.285712943456225,0.7045768298410908,4.0,False,1,4,4,4,-9.496215065247815,11.21500015258789,233793254.72234946,12.080536912751679,False,0.0,0,,,,0.0,0,,,,False,False,False,False,0,,none,0,0,False,-2,0.5,mixed,4,False
FRT,126.0199966430664,0.0,45.100849072722625,38.81944799292156,21.183069659609142,0.11932944678129535,True,0.9633084940168373,1.912397814876448,26.31618512218821,3.558216874673037,False,False,False,True,26,43.333333333333336,True,0.5243403912231261,0.7417385423806264,True,2.8520569362436756,True,0.0,True,2,0,0.5078464422701094,False,0.5510409377532666,False,3,3,True,False,False,65.0,14.40423830385903,4.602446600745031,0.9540308651470535,5.0,True,7,4,5,6,-0.6621503730440681,126.86000061035156,96672618.17229462,68.32214765100672,False,0.0,0,,,,0.0,0,,,,False,True,False,False,1,,power_play,6,6,True,0,0.75,mixed,4,False
FSLR,201.4600067138672,-36.69756269792076,15.297894831983472,11.476319916485323,-6.160058416827095,0.10747313171707074,False,0.6594986418830309,7.033653180142549,-16.803629241474017,-10.290777867316415,False,True,False,True,20,33.33333333333333,False,0.4121718954502829,1.8583121663931772,False,-4.974594929845517,True,-4.967214730147473,True,2,0,0.3054767850864072,False,0.3406950206655321,False,6,4,True,False,False,25.0,24.624204328789997,14.77215998960227,0.005784821996632334,23.0,False,0,2,2,4,-24.481757689939244,266.7699890136719,379830829.0229355,43.95973154362416,False,0.0,0,,,,0.0,0,,,,False,False,False,False,0,,none,0,0,False,-2,0.5,mixed,4,False
FSLY,19.56999969482422,-41.58209046321129,207.70439125777565,171.0526352287435,153.41625689543108,0.12869639123156446,False,1.0787919286322005,10.030665722186335,110.65661760154298,7.942639827440168,False,True,False,False,16,26.666666666666668,False,0.4277156058725096,3.201498312950532,False,0.749693967375332,True,-5.5501913930521845,False,0,1,0.47630174550421955,False,2.8554918335787036,True,3,2,True,False,False,25.0,28.20980470315217,14.53755420398358,0.6192401381432445,5.0,False,7,4,3,5,-10.741161341778271,21.924999237060547,95582606.17082672,94.36241610738256,True,0.0,0,,,,0.0,0,,,,False,False,False,False,0,,none,0,0,False,-1,0.625,mixed,4,False
FSS,118.33000183105469,-11.601672425284537,13.420194663197659,10.655402321632002,-6.980976011680417,0.05508120198385685,False,1.1242141603647493,5.856503167362465,5.98575654207798,-9.733766773435903,False,True,False,True,23,38.333333333333336,False,0.49385003330959426,1.890787732544208,True,0.5448506771703088,True,1.457604919549893,True,2,1,0.5174609151881239,False,1.3001276001822026,True,5,1,False,False,False,25.0,15.917029891505024,6.845261851416044,0.24427857664905955,14.0,False,1,2,2,5,-12.028840485127645,134.50999450683594,77352678.49393845,43.15436241610738,False,0.0,0,,,,0.0,0,,,,False,False,False,False,0,,none,0,0,False,-1,0.625,mixed,4,False
FTAI,214.4600067138672,-30.594089289490256,96.612136238337,96.612136238337,78.97575790502458,0.09751619429441134,False,0.932344382759157,16.142874798174667,-26.331366963626124,-13.545106496580516,True,False,False,False,22,36.666666666666664,False,0.4079196957830482,2.5843675534458375,False,-1.885488638633902,True,3.3741443041860775,True,1,0,0.4007725335177145,False,0.36617385359366866,False,7,2,True,True,True,25.0,31.872399484841264,16.142874798174667,0.19560499722031735,24.0,False,2,2,3,2,-25.637998872204037,288.3999938964844,300146636.93945694,88.32214765100672,True,0.0,0,,,,0.0,0,,,,False,False,False,False,0,,none,0,0,False,-3,0.375,mixed,4,False
FTI,77.12999725341797,0.0,122.47883778070955,106.29772744803469,88.66134911472227,0.08946508251251711,True,0.9097127172688003,9.270065837532567,42.357434976510056,15.55055768302318,True,True,False,False,28,46.666666666666664,True,0.4163727948107632,1.3077566157527754,False,3.6000596387088706,True,7.0209484945469525,False,0,1,0.5346500613888242,False,3.6255538413554187,True,3,0,False,False,False,25.0,18.45482237081091,9.270065837532567,0.9450625127665049,0.0,True,9,3,5,5,-1.0138615683928487,77.91999816894531,286335309.40099525,89.19463087248322,True,0.0,0,,,,0.0,0,,,,False,False,False,False,0,,none,0,0,False,-1,0.625,mixed,4,False
FTNT,152.33999633789062,-8.68549141888627,104.78558621831246,45.404219928427736,27.767841595115318,0.10632976081445392,True,1.0683108921223357,8.960226784433992,86.59970293582168,-2.5024023437499987,False,True,False,False,31,51.66666666666667,True,0.5475884174770655,2.390674086409454,True,0.8904792164649643,True,-5.736033808211727,False,0,0,0.3757544067954522,False,1.1010517104236413,False,4,1,False,False,False,25.0,17.939543130284704,12.754370750721622,0.4106674668872932,7.0,False,6,1,3,5,-10.572356395855342,170.35000610351562,778669233.2394135,71.87919463087248,False,0.0,0,,,,0.0,0,,,,False,False,False,False,0,,none,0,0,False,-1,0.625,mixed,4,False
FTV,61.810001373291016,-2.814460917885764,33.3696681957325,21.589442726344686,3.9530643930322675,0.12917313714768602,True,1.0003495531441922,6.131695245625828,13.461314518255186,-1.3407823338055458,False,False,False,True,24,40.0,True,0.5035808140437965,1.1618041730029134,True,0.8167722181506687,True,0.048563604057871856,True,2,0,0.41262032120653547,False,0.8119240086027997,False,4,0,False,False,False,45.0,10.89828083652658,7.749556397190394,0.6398729904798892,14.0,False,5,2,3,5,-3.9247652865686433,64.33499908447266,147693793.42248535,53.42281879194631,False,0.0,0,,,,0.0,0,,,,False,False,False,False,0,,none,0,0,False,-1,0.625,mixed,4,False
FUL,55.630001068115234,-17.234104717786302,13.326636191485107,-4.491547513635574,-22.127925846947992,0.02454485435867642,False,0.73570382317282,4.386120042890829,-6.681669964435799,-4.185325951944674,False,True,False,True,17,28.333333333333332,False,0.5030974791624451,1.65656940493678,True,-2.566686153306092,True,-2.334968465124121,True,2,0,0.4233939785435811,False,0.4710488254108379,False,3,2,True,False,False,25.0,16.562359845837555,7.010608396544185,0.08940101530695298,24.0,False,0,2,3,4,-15.081668059740572,65.51000213623047,50397271.28864193,28.523489932885905,False,0.0,0,,,,0.0,0,,,,False,False,False,False,0,,none,0,0,False,-2,0.5,mixed,4,False
FUTU,98.98999786376953,-49.46867165342942,10.282971822494535,-39.72338707032389,-57.3597654036363,0.17829630562024043,False,0.7079037103463414,13.173048991750713,-37.780664710402434,4.1561415300837234,False,False,False,False,21,35.0,False,0.4405106575184527,2.1422272654722794,True,-0.8286618409070513,True,4.090430548962631,True,1,0,0.46127690048232683,False,1.143753246106451,False,3,3,True,False,False,25.0,16.627336761736807,17.818971936174513,0.38919199629857754,2.0,False,1,2,2,4,-10.156110374307737,110.18000030517578,147604956.02848282,7.114093959731544,False,0.0,0,,,,0.0,0,,,,False,False,False,False,0,,none,0,0,False,-2,0.5,mixed,4,False
FWONK,95.23999786376953,-12.08345217947987,16.973716538469972,-7.838202788043979,-25.474581121356398,0.12173429602186928,False,1.0997120903432573,8.735825159010476,7.385269187122412,-3.309646838812663,False,True,False,False,28,46.666666666666664,True,0.3937009455888596,1.2789920093731855,False,0.830389920353904,True,-6.810175432781529,False,0,1,0.46847224282658095,False,1.50264198361926,True,4,2,True,False,False,65.0,18.368532125796754,8.735825159010476,0.5791137266737085,4.0,False,1,3,2,4,-7.731063032900853,103.22000122070312,190941238.90099487,25.63758389261745,False,0.0,0,,,,0.0,0,,,,False,False,False,False,0,,none,0,0,False,-2,0.5,mixed,4,False
G,31.2450008392334,-34.884363490200045,13.61818486993962,-29.66629768195682,-47.30267601526924,0.06651450107157313,False,0.8787759073152355,5.056808709449919,-31.045672124768707,7.37113549706192,False,True,False,True,23,38.333333333333336,False,0.43739869670628256,1.4430310164868152,False,0.7095493103249798,True,1.1492439514386277,True,2,1,0.5591465844982015,False,1.965329146489104,True,4,0,False,False,False,25.0,15.272956992810036,7.905268536916214,0.9080579171911218,5.0,True,1,4,5,5,-1.4042274765693752,31.690000534057617,63378736.42153988,11.677852348993287,False,0.0,0,,,,0.0,0,,,,False,False,False,False,0,,none,0,0,False,-1,0.625,mixed,4,False
GAP,18.934999465942383,-33.92870572609857,3.5962342428194516,-3.664701221013944,-21.301079554326364,0.10152142703214587,False,0.8576009901226668,9.400574753109906,-28.97945579398319,-0.7253452950206518,False,False,False,False,22,36.666666666666664,False,0.42373020732537564,1.558898938507931,False,-2.4685976837360686,True,-6.953321321879747,False,0,1,0.4402269114370541,False,1.2705733271453288,True,6,2,True,False,False,25.0,16.11856937894692,13.519934186145347,0.28746251459277283,24.0,False,0,3,2,3,-11.485084893636765,21.391874401268186,154455109.15556374,29.731543624161073,False,0.0,0,,,,0.0,0,,,,False,False,False,False,0,,none,0,0,False,-3,0.375,mixed,4,False
GBCI,49.83000183105469,-8.585574453466393,26.668759285511268,15.000879940155265,-2.635498393157153,0.19963655044435202,False,1.110963569361832,10.13445525083911,5.217619992146516,-3.1576684242053954,False,False,False,False,27,45.0,True,0.5123402642749951,1.3279253416334462,True,0.41920926254961005,True,-6.981515559222373,False,0,1,0.5749504339774958,False,1.3512661019412082,True,3,2,True,False,False,55.0,17.268978881982665,11.84025950045611,0.4960430889477249,6.0,False,2,3,2,5,-8.702821254390958,54.58000183105469,71287023.14239979,46.71140939597315,False,0.0,0,,,,0.0,0,,,,False,False,False,False,0,,none,0,0,False,-1,0.625,mixed,4,False
GBTC,49.3849983215332,-49.82729028912095,8.490768508132419,-47.28330683106894,-64.91968516438136,0.42596928662727157,False,0.7374901952783255,5.163509818220805,-29.268120112589845,3.662886134007648,True,True,False,True,25,41.66666666666667,True,0.4240687529657259,1.052159281586216,False,-1.8746396511149506,True,-0.6537935403844508,True,2,2,0.4530483938130331,False,2.8369620150601578,True,2,2,True,False,False,25.0,13.299925566346134,8.140124722877315,0.6384054790097712,3.0,False,2,5,6,6,-4.809180214368625,51.880001068115234,73372761.28214645,4.496644295302014,False,0.0,0,,,,0.0,0,,,,True,True,False,False,2,power_play,sepa_vcp,6,6,True,0,0.75,mixed,4,False
GD,387.0130920410156,0.0,26.74286309368781,25.331200080328053,7.694821747015634,0.13197395627117153,False,1.0041083244381146,6.944209524868422,7.501841408389831,3.6068649108234707,False,True,False,True,24,40.0,True,0.3993648090165694,0.8073499519152051,False,4.299998785512705,False,5.001114043161947,False,1,2,0.42587844910500855,False,2.273197691110473,True,2,1,False,False,False,65.0,21.305336379133863,6.944209524868422,0.9866742193987348,0.0,True,5,3,4,6,-0.283910238224494,388.114990234375,397768471.5718628,57.58389261744966,False,0.0,0,,,,0.0,0,,,,False,True,False,False,1,,power_play,6,6,True,0,0.75,mixed,4,False
GDDY,92.12000274658203,-44.60279844495967,22.843052901443862,-44.60279844495967,-62.23917677827208,0.1077685136756607,False,0.9701946792109448,10.193225260185784,-11.166822123861643,4.07863577361034,False,True,False,False,25,41.66666666666667,True,0.48514773871966665,2.00712257527007,True,1.5414762138303089,True,-2.363535520512716,True,1,1,0.5423844576510259,False,1.4623177467137094,True,3,1,False,False,False,25.0,24.484536082474225,11.137648534873877,0.7945264314350329,5.0,False,2,3,3,5,-5.030925003523679,97.0,147076133.1883499,5.503355704697987,False,0.0,0,,,,0.0,0,,,,False,False,False,False,0,,none,0,0,False,-1,0.625,mixed,4,False
GDS,31.790000915527344,-33.10185056967189,9.545142708716314,-11.743474426648993,-29.37985275996141,0.1720947453595861,False,0.7362742148743918,5.64642977225334,-25.358063391329456,6.606308654808779,False,True,False,True,25,41.66666666666667,True,0.4088151822391226,1.9961132176803922,False,-1.5571630256997508,True,2.0218262875491,True,2,0,0.3908109385155827,False,1.000985563211664,False,4,2,True,False,False,25.0,16.54443932063252,11.60742506382028,0.5921986727016446,6.0,False,2,2,3,5,-6.746844314361045,34.09000015258789,59505234.76559591,22.348993288590606,False,0.0,0,,,,0.0,0,,,,False,False,False,False,0,,none,0,0,False,-1,0.625,mixed,4,False
GDXU,80.12889862060547,-84.7373526436942,20.676049366317905,6.582732502448496,-11.053645830863921,0.2496595958799886,False,0.6053772884774193,29.09687121970587,-82.68119906302917,-16.34941240759843,False,True,True,False,26,43.333333333333336,True,0.36961330672335463,3.341090940687747,False,-3.5391660027757763,True,15.89369298230321,False,1,0,0.4760834399986864,False,0.7390324873637515,False,5,2,True,False,False,,,,,,False,1,2,2,2,,,128406240.5997734,39.79865771812081,False,0.0,0,,,,0.0,0,,,,False,False,False,False,0,,none,0,0,False,-4,0.25,mixed,4,False
GE,356.8500061035156,-5.7647583697288285,34.87091355040073,33.824178890310684,16.187800556998265,0.16974883805037877,True,1.0751984552009703,5.988509107938325,21.759725618245085,-5.357374975050943,False,True,False,True,30,50.0,True,0.41044324700131396,1.1442259252487832,False,1.7647648423248516,True,2.2991198692686066,True,2,0,0.4255504277155092,False,0.89519358942753,False,4,1,False,False,False,35.0,17.42172623526265,6.753539495954122,0.6151801659338946,15.0,False,4,2,4,5,-6.704225798998886,382.49321489599305,1546115135.0208054,64.22818791946308,False,0.0,0,,,,0.0,0,,,,False,False,False,False,0,,none,0,0,False,-1,0.625,mixed,4,False
GEHC,61.05500030517578,-30.684022481219962,2.639320297075032,-20.327544488577487,-37.96392282188991,0.4496520191189612,False,1.0818496241212534,5.273935311781757,-23.423962557302126,-6.878673024165504,False,True,False,True,23,38.333333333333336,False,0.4496573522660111,1.3773728725082777,True,-1.2261690624964443,True,-3.1948618985228827,True,2,0,0.4341854923347242,False,0.6471431383135157,False,5,3,True,False,False,25.0,9.751687020522096,9.866510900643428,0.1674382407169752,13.0,False,0,2,2,4,-8.11888170178332,66.44999694824219,307565038.14953387,16.241610738255034,False,0.0,0,,,,0.0,0,,,,False,False,False,False,0,,none,0,0,False,-2,0.5,mixed,4,False
GEN,25.770000457763672,-18.304644920423996,44.81892625918134,-13.914726728725057,-31.551105062037475,0.08865313960560188,False,0.9093727037238885,7.566941126506579,2.504345522342377,-3.3745767377415636,False,True,False,True,30,50.0,True,0.525574460201965,1.7477161487158241,True,0.6548949834831376,True,-3.6275217713434227,True,2,1,0.4525937958075848,False,2.484070392363199,True,4,2,True,False,False,25.0,17.668627129222937,8.96391669482911,0.6867220483492932,13.0,False,1,4,3,4,-5.535191315523069,27.280000686645508,120001100.67737722,21.20805369127517,False,0.0,0,,,,0.0,0,,,,False,False,False,False,0,,none,0,0,False,-2,0.5,mixed,4,False
GEO,31.625,0.0,138.49924173543405,28.818741274171078,11.18236294085866,0.158069433478475,True,0.9375823815708219,7.984188517091774,70.48518221400926,4.545454545454541,False,True,False,True,29,48.333333333333336,True,0.43486116574854056,1.7361557746619447,False,4.329263086363112,False,7.348951061809239,False,1,1,0.5620882848491238,False,1.6845227018178686,True,5,2,True,False,False,25.0,11.968994140625,9.565216185075963,0.8380829271570824,14.0,True,9,4,5,5,-1.9379844961240345,32.25,56138275.90626888,59.79865771812081,False,0.0,0,,,,0.0,0,,,,False,False,False,False,0,,none,0,0,False,-1,0.625,mixed,4,False
GEV,1015.1500244140625,-13.593956976048405,85.60317619204008,63.06155228210142,45.425173948788995,0.22864232662314232,False,1.1757341871362157,16.05476792091109,54.50193241000627,-8.80056438506932,False,False,False,False,25,41.66666666666667,True,0.3759544926818381,2.1172339773023574,False,-0.2784983070970386,True,-4.035576531951657,True,1,0,0.42978040675069645,False,0.5696879662317685,False,7,1,False,False,False,25.0,18.222481254733523,16.05476792091109,0.17042181571314785,14.0,False,3,1,1,2,-15.116972912503035,1195.93994140625,3036979222.8650055,80.20134228187919,True,0.0,0,,,,0.0,0,,,,False,False,False,False,0,,none,0,0,False,-4,0.25,mixed,4,False
GFI,32.58000183105469,-45.49024969048612,37.63935424351716,36.020071462420276,18.383693129107858,0.30169465052713784,False,0.7310437520339453,8.747692799097774,-36.9993518215055,-8.121819875283276,False,True,False,False,20,33.33333333333333,False,0.30903110928866095,0.9613551780801718,False,-2.9956722977347936,True,1.8443328044947416,True,1,0,0.49273255672876826,False,0.5791204356753862,False,5,1,False,False,False,25.0,22.708073017760093,10.159599056371809,0.16083165414299522,24.0,False,1,1,2,4,-19.055896071913825,40.25,117949919.02654533,65.70469798657717,False,0.0,0,,,,0.0,0,,,,False,False,False,False,0,,none,0,0,False,-2,0.5,mixed,4,False
GFL,39.2599983215332,-23.001561399977998,17.1043346172008,-18.19216109091395,-35.82853942422636,0.05860566504938173,False,0.9113911744267091,3.693318925708913,-11.583480969496662,4.794014431386762,False,True,False,True,21,35.0,False,0.41147951003727556,1.1073145066888477,False,2.2664074199800006,True,-0.7583494472787389,True,2,0,0.3496298296177486,False,0.4781474613936503,False,4,3,True,False,False,25.0,17.152488555222558,4.915936253160655,0.6863479993068763,13.0,False,1,3,4,5,-5.379912352211457,41.492244720458984,141898404.8397278,17.85234899328859,False,0.0,0,,,,0.0,0,,,,False,False,False,False,0,,none,0,0,False,-1,0.625,mixed,4,False
GFS,53.875,-40.02596679250321,70.62820150450663,37.529036109263615,19.892657775951196,0.18715722278547559,False,0.717942671376521,11.532245821853248,25.910476747808133,-22.859388853130646,True,False,False,False,23,38.333333333333336,False,0.4853957612764138,2.8062200950541714,True,-5.6730488006857245,True,-6.271745948062113,False,0,0,0.30902400741623975,False,0.4390426410751995,False,8,2,True,False,False,,,,,,False,1,2,3,2,,,213264368.1109581,66.97986577181209,False,0.0,0,,,,0.0,0,,,,False,False,False,False,0,,none,0,0,False,-3,0.375,mixed,4,False
GGAL,49.244998931884766,-16.182295416273206,93.98730582156622,1.1687165771000707,-16.467661756212348,0.11691072784466862,False,0.9942041910151042,8.873995383631359,-5.6776038760407594,-2.233472352305055,False,True,False,False,28,46.666666666666664,True,0.5375262724918123,2.402514605353327,True,-0.12107327732686679,True,-1.391669431189202,True,1,1,0.4140320668638949,False,1.9205992166177823,True,3,2,True,False,False,25.0,17.431823806542567,11.351406790200013,0.13910881104555203,24.0,False,1,3,2,4,-15.006903522458881,57.939998626708984,50906748.493646815,34.49664429530201,False,0.0,0,,,,0.0,0,,,,False,False,False,False,0,,none,0,0,False,-2,0.5,mixed,4,False
GGG,79.80999755859375,-15.210281962722972,9.477918875755865,-4.597016939939802,-22.23339527325222,0.2112422891367,False,1.2146124136211305,9.535147028120834,-7.108487431679045,6.495077703486185,True,False,False,False,19,31.666666666666664,False,0.4777048044184852,1.0218912812480894,True,2.7275144321357954,True,7.423109934140437,False,0,0,0.40915191327131994,False,0.8630498392954042,False,5,1,False,True,True,25.0,10.426349123214823,9.709787930705957,0.9024595437501871,0.0,True,1,2,3,5,-1.0169908504982117,80.62999725341797,99939661.38645935,28.322147651006713,False,0.0,0,,,,0.0,0,,,,False,False,False,False,0,,none,0,0,False,-1,0.625,mixed,4,False
GH,145.75999450683594,-14.645434877264464,255.6856909102875,220.42204688647672,202.7856685531643,0.1546762536334773,True,1.0396264172204897,8.020024439606399,27.02396035454113,-13.22776627327913,False,True,False,False,28,46.666666666666664,True,0.5135799878317497,2.668111512048632,True,1.1750195859061903,True,-6.4861749708470695,False,0,1,0.41810754343344225,False,1.593500061857309,True,6,3,True,False,False,25.0,28.124999178244796,13.81036661817339,0.4215684670386308,14.0,False,5,3,4,2,-16.26838638920939,174.0800018310547,509857170.9474365,96.1744966442953,True,0.0,0,,,,0.0,0,,,,False,False,False,False,0,,none,0,0,False,-2,0.5,mixed,4,False
GIL,49.70000076293945,-30.916447365281428,2.5025508496105298,-3.4530223588438713,-21.08940069215629,0.21563678538784728,False,0.7790030779863197,13.118712993311538,-25.062260430067173,-3.4951441496321345,False,True,False,False,23,38.333333333333336,False,0.3735997765292801,1.2543556475259652,False,-3.259791169727533,True,-8.099114126878748,False,0,0,0.3202038674908801,False,0.387738175589729,False,5,1,False,False,False,25.0,12.363961462096915,13.118712993311538,0.08369434422989908,20.0,False,0,1,3,3,-11.329167815442975,56.04999923706055,63956162.22642441,30.134228187919465,False,0.0,0,,,,0.0,0,,,,False,False,False,False,0,,none,0,0,False,-3,0.375,mixed,4,False
GILD,129.88999938964844,-15.60580614203455,20.850309221680185,17.73297724028813,0.09659890697571072,0.18282531251504405,False,1.0929286845214374,6.074370179939526,-3.2692106865699233,-1.0512720636073114,True,True,False,True,26,43.333333333333336,True,0.5083211857811841,1.5456520168237033,True,0.15298811699063058,True,-3.2692876299945883,True,2,0,0.4441094022409352,False,1.052131452515662,False,4,2,True,False,False,35.0,14.232686575833819,10.00846875131792,0.46433688930480027,5.0,False,1,2,3,4,-7.6239251647609585,140.61000061035156,940463261.2926865,49.261744966442954,False,0.0,0,,,,0.0,0,,,,False,False,False,False,0,,none,0,0,False,-2,0.5,mixed,4,False
GIS,35.86000061035156,-25.472231986971316,13.399862250387628,-25.238191582699166,-42.87456991601158,0.11463563702271375,False,1.112370335458261,6.776353217557735,-16.7493683683548,-2.8992983286111107,False,True,False,True,24,40.0,True,0.48059217710265445,1.6229060772931687,True,1.2350403114946187,True,-5.557020127776779,False,1,0,0.40486233065358235,False,1.19299206254476,False,5,3,True,False,False,25.0,17.479984698305735,11.238155397105084,0.4649375577841502,5.0,False,1,2,2,4,-9.352883302571147,39.560001373291016,401406072.2551384,13.557046979865772,False,0.0,0,,,,0.0,0,,,,False,False,False,False,0,,none,0,0,False,-2,0.5,mixed,4,False
GKOS,153.2100067138672,-2.3144540351831666,105.18281836196168,62.3331332617926,44.696754928480175,0.050423066281456506,True,0.8236010354554515,5.355395516937893,27.69628473677921,3.283005592695032,False,True,False,True,28,46.666666666666664,True,0.39337631877818474,1.4980198078492863,False,3.173697616667784,True,-2.3082287030048887,True,2,1,0.5580788214206723,False,1.2792553429164235,True,3,1,False,False,False,25.0,22.348788922759525,9.666468839892872,0.7695292959252057,6.0,False,6,3,4,6,-5.150741118247348,161.52999877929688,110165215.25741501,80.06711409395973,True,0.0,0,,,,0.0,0,,,,False,True,False,False,1,,power_play,6,6,True,0,0.75,mixed,4,False
GL,173.4499969482422,-6.121453720965164,33.86317414595717,32.95011642121604,15.31373808790362,0.17896273910105992,True,1.1592469008200343,10.36609745972168,27.602217880714708,-3.724470791226131,False,False,False,False,30,50.0,True,0.319662693782165,0.6413352608198163,False,1.2561112200000686,True,-6.121453720965164,False,0,2,0.5606867519050611,False,1.632432673046962,True,2,1,False,False,False,65.0,24.24734683641088,13.479391925148976,0.6102982703363223,5.0,False,4,4,4,4,-9.449233001904423,191.5500030517578,116380226.93985672,63.35570469798658,False,0.0,0,,,,0.0,0,,,,False,False,False,False,0,,none,0,0,False,-2,0.5,mixed,4,False
GLBE,35.40999984741211,-14.859341867040698,28.576611003115747,3.326522831691925,-14.309855501620493,0.1558241487320667,False,0.915185882040444,11.93165346604731,-5.69906639981056,-3.9077304920928646,False,False,False,False,24,40.0,True,0.43411449715924166,1.9296066317654834,False,1.3232066520592842,True,-7.109126863605253,False,0,0,0.40930711904705835,False,0.6627860299116247,False,4,1,False,False,False,45.0,30.0,17.325609567833904,0.6174999872843424,7.0,False,1,1,1,2,-11.475000381469725,40.0,53580126.88944759,36.91275167785235,False,0.0,0,,,,0.0,0,,,,False,False,False,False,0,,none,0,0,False,-4,0.25,mixed,4,False
GLD,372.510009765625,-24.882029774054836,23.773930204017347,20.059955186065558,2.42357685275314,0.19963415385153427,False,0.870129594891913,4.139489684434602,-18.665936732396293,-1.4862600281956517,True,False,False,True,24,40.0,True,0.36679459901687217,0.4722687057091384,False,-2.6416664590084262,True,1.1128921752287635,True,2,0,0.45155097251347165,False,0.9096108581219802,False,6,1,False,False,False,25.0,7.434393038415606,4.998522087742766,0.31494190363638264,24.0,False,1,1,2,3,-5.092991142515924,392.5,2304413219.116104,51.74496644295302,False,0.0,0,,,,0.0,0,,,,False,False,False,False,0,,none,0,0,False,-3,0.375,mixed,4,False
GLDM,80.34010314941406,-24.754045447812324,24.11570984540723,20.413821462108483,2.7774431287960653,0.17217433462165618,False,0.8646900807870425,4.1137615905586316,-18.527428605471098,-1.4715449505039113,True,False,False,True,24,40.0,True,0.37515086381599194,0.46797030339705453,False,-2.6509517193856467,True,1.1203350980010018,True,2,0,0.45240837502632186,False,0.7174780042489757,False,5,2,True,False,False,25.0,7.422289013112893,4.960163671859346,0.3200798899811938,24.0,False,1,2,3,4,-5.046563562387096,84.61000061035156,250571229.29450226,52.281879194630875,False,0.0,0,,,,0.0,0,,,,False,False,False,False,0,,none,0,0,False,-2,0.5,mixed,4,False
GLNG,49.93000030517578,-12.513646296418713,42.79668700034496,25.139264321076094,7.502885987763676,0.11695506622585407,False,0.8509388007110016,3.08431986003354,24.691221595482915,1.8771720366257627,False,False,False,True,24,40.0,True,0.34889876141477805,0.815681285544451,False,-1.0363343273170151,True,0.5639451574859011,True,2,0,0.27517772111968786,False,0.6413841237562641,False,6,3,True,False,False,25.0,7.02090882873722,6.1285827249911184,0.3989068703117525,8.0,False,1,2,2,4,-4.220220061121505,52.130001068115234,56489334.96041145,57.04697986577181,False,0.0,0,,,,0.0,0,,,,False,False,False,False,0,,none,0,0,False,-2,0.5,mixed,4,False
GLOB,31.030000686645508,-66.74169381384507,11.900473129770006,-65.06417384230896,-82.70055217562138,0.14615246302590731,False,0.8125570335255135,11.8594853896053,-55.05504015764468,-4.55243836142375,False,True,False,False,22,36.666666666666664,False,0.5120649869555598,3.2797719050542122,True,-1.9030509971496425,True,-3.7232357202433786,True,1,1,0.5147408337166004,False,1.759144858297575,True,4,1,False,False,False,25.0,17.95177332317141,13.954237279696782,0.5754561899782283,6.0,False,0,2,3,3,-7.6213142432663865,33.59000015258789,68260863.20255966,1.476510067114094,False,0.0,0,,,,0.0,0,,,,False,False,False,False,0,,none,0,0,False,-3,0.375,mixed,4,False
GLPI,45.2400016784668,-6.095905992297412,13.19384518587119,2.7198503158579967,-14.916528017454421,0.06226728015909708,False,1.0182484539127243,2.508837929759486,3.023601600439507,2.935155615776752,False,True,False,True,24,40.0,True,0.4608899213769599,0.9215393406693377,True,-0.19271427386642714,True,0.35492422562832804,True,2,0,0.5619478795152898,False,0.6311010237292511,False,4,1,False,False,False,25.0,7.177031904989978,5.293988437015548,0.7757581712568274,18.0,True,3,3,5,6,-1.6093907593230483,45.97999954223633,116976864.26138,36.375838926174495,False,0.0,0,,,,0.0,0,,,,False,True,False,False,1,,power_play,6,6,True,0,0.75,mixed,4,False
GLW,147.89999389648438,-42.15652059748521,170.0808227277768,168.33585258763404,150.69947425432161,0.16892736307663989,False,0.7928195677725871,11.842461198414407,59.06016275452086,-24.84374259750207,True,True,False,False,25,41.66666666666667,True,0.44877642777276977,3.848797143618817,True,-3.264876585108947,True,-4.33995646295724,True,1,0,0.33234846791389155,False,0.494228918874542,False,5,3,True,False,False,,,,,,False,5,2,3,2,,,2832253446.0306883,94.09395973154362,True,0.0,0,,,,0.0,0,,,,False,False,False,False,0,,none,0,0,False,-3,0.375,mixed,4,False
GLXY,23.299999237060547,-45.63696009039925,38.3610393464273,-26.93634467542895,-44.57272300874136,0.1559950625075408,False,0.7480688790523907,15.708154365904791,-26.959249167119438,-5.246038664182695,False,True,False,False,20,33.33333333333333,False,0.4147659518596064,3.2557079854641464,False,-2.7093300232605912,True,7.720758858479582,False,0,0,0.4221716877498176,False,0.9043135512378815,False,5,2,True,False,False,,,,,,False,0,2,2,3,,,168375321.48933,12.818791946308725,False,0.0,0,,,,0.0,0,,,,False,False,False,False,0,,none,0,0,False,-3,0.375,mixed,4,False
GM,83.13500213623047,-3.319651102674581,60.99711298653712,60.28965392967534,42.65327559636292,0.14945875316647922,True,0.927571484394097,11.463280849720066,4.809836590019567,9.388160705566406,False,False,False,False,23,38.333333333333336,False,0.4515511968978951,1.3514194263480201,True,1.6983041709784077,True,9.287501603456615,False,0,0,0.5408152795396896,False,0.8636029533905787,False,4,2,True,False,False,55.0,17.717294266090423,11.463280849720066,0.8496596512447888,26.0,True,5,4,5,5,-2.663624198962733,85.41000366210938,554687526.3122009,79.06040268456375,False,0.0,0,,,,0.0,0,,,,False,False,False,False,0,,none,0,0,False,-1,0.625,mixed,4,False
GMAB,28.579999923706055,-19.128466892173492,35.578747756852145,20.94795149700237,3.3115731636899532,0.15691152277747134,False,1.0645716202831126,5.108470943732481,-15.643450346278343,0.22795207942811757,False,True,False,True,18,30.0,False,0.5218496383154346,1.3030147662688099,True,2.111434505299328,True,-0.4874630675333558,True,2,1,0.47123025834401294,False,1.276309565210363,True,4,2,True,False,False,35.0,19.177853352024496,5.335897909731422,0.7865268100120615,11.0,False,1,4,4,5,-4.09395753217755,29.799999237060547,57795256.72229662,53.02013422818792,False,0.0,0,,,,0.0,0,,,,False,False,False,False,0,,none,0,0,False,-1,0.625,mixed,4,False
GME,21.280000686645508,-23.149150320629495,6.720161066691865,-9.562260664433353,-27.19863899774577,0.10848633527962169,False,0.7871863027609936,3.618423087020359,-7.438012620691237,-6.748462001636213,False,True,False,True,18,30.0,False,0.4804575879236234,1.2107418978131603,True,-1.2251574080653496,True,-2.7866547282381027,True,2,0,0.38363768241466395,False,1.1740965500954281,False,5,3,True,False,False,25.0,9.433146895717966,6.6259478818795525,0.1605506112264075,15.0,False,0,2,2,4,-7.918649395821953,23.110000610351562,75675559.91414937,24.295302013422816,False,0.0,0,,,,0.0,0,,,,False,False,False,False,0,,none,0,0,False,-2,0.5,mixed,4,False
GMED,76.13500213623047,-21.364385068986447,44.660840948291835,42.869207784244324,25.232829450931906,0.24819746654007213,False,1.0171416194297038,3.8746921461480706,-17.70967909785788,-4.9737899073169505,False,True,False,True,25,41.66666666666667,True,0.5366283791726785,2.285538716573518,True,-1.1516492924752408,True,-1.1233738490513345,True,2,0,0.5719025910667448,False,0.7192258349511658,False,6,3,True,False,False,25.0,13.840627119644534,9.653901973982396,0.14602537173356486,19.0,False,2,2,3,4,-11.81954439947278,86.33999633789062,143809915.87783813,70.67114093959731,False,0.0,0,,,,0.0,0,,,,False,False,False,False,0,,none,0,0,False,-2,0.5,mixed,4,False
GNRC,203.07000732421875,-31.288488376235446,48.91106152032461,32.388035812146285,14.751657478833867,0.11105139619587212,False,0.7192632309897348,8.199147365317353,17.37472618450091,-19.6271652098165,False,True,False,False,24,40.0,True,0.46959639625906735,2.315757976246482,True,-5.3379746347184795,True,-5.509281157756607,False,0,0,0.3284647387546706,False,0.5315261072542514,False,6,2,True,False,False,25.0,31.74335627058809,15.290294938623708,0.0077578208180461685,20.0,False,2,2,2,2,-31.49709700047747,296.44000244140625,206752780.10930175,62.95302013422819,False,0.0,0,,,,0.0,0,,,,False,False,False,False,0,,none,0,0,False,-4,0.25,mixed,4,False
GNTX,22.625,-20.565610661256585,10.468450040892453,-2.1880024536249154,-19.824380786937333,0.9019893775900778,False,1.1200773222890834,10.033151194535566,-3.0649874753627904,-7.227653661323519,False,False,False,False,24,40.0,True,0.5514427569983043,1.447341592432829,True,-2.359113719169192,True,-7.0841903673334095,False,0,0,0.4522644427043317,False,0.6318096766459834,False,7,1,False,False,False,25.0,15.505421881250317,12.154696132596685,0.11183838416927906,23.0,False,1,1,1,2,-13.771320552188303,26.238370046816453,61845287.66807079,31.2751677852349,False,0.0,0,,,,0.0,0,,,,False,False,False,False,0,,none,0,0,False,-4,0.25,mixed,4,False
GOOG,317.7900085449219,-20.313435739146023,67.77969107673619,64.95729041110603,47.32091207779361,0.3053416130823548,False,1.0301223529068928,14.034417189561507,-3.113207924600314,-10.77825395032912,False,False,False,False,23,38.333333333333336,False,0.49294914808872303,1.4377427371627958,True,-3.8612489141770037,True,-8.185018771502584,False,0,0,0.339084540353702,False,0.8263041099458607,False,6,0,False,False,False,25.0,15.883528912948966,18.710465985803022,0.04877218824821583,6.0,False,1,1,1,2,-15.108854450760646,374.3500061035156,7663339630.729169,81.0738255033557,True,0.0,0,,,,0.0,0,,,,False,False,False,False,0,,none,0,0,False,-4,0.25,mixed,4,False
GOOGL,317.8699951171875,-21.002471184118342,68.54903874044112,65.88270255962863,48.246324226316204,0.298399216503237,False,1.018835744816309,14.087519887741548,-2.941553859283963,-11.68070020759686,False,False,False,False,22,36.666666666666664,False,0.47141609553355285,1.4129537068674571,True,-4.0368960984337585,True,-8.33405277621788,False,0,0,0.3334087799978109,False,0.7272514908389698,False,5,1,False,False,False,25.0,16.08708313602666,18.992039527018335,0.04919664503761998,6.0,False,1,1,1,2,-15.295652617292877,375.2699890136719,11372342892.059483,81.54362416107382,True,0.0,0,,,,0.0,0,,,,False,False,False,False,0,,none,0,0,False,-4,0.25,mixed,4,False
GPC,121.51499938964844,-16.947516249430052,32.84191299125909,-5.510491000687823,-23.146869334000243,0.030805753011103797,False,1.112311278008538,12.755626941409842,-9.929425023007921,-8.338996246363417,False,False,False,False,27,45.0,True,0.507961668093551,1.8473571602139898,True,2.9978852162451823,True,-2.6478131014711304,True,1,0,0.4329297197073775,False,0.810110347420979,False,6,1,False,False,False,35.0,29.068223594882316,15.043409349557304,0.6463042397687734,15.0,False,1,1,1,2,-10.281307442963183,135.44000244140625,267539066.40875587,27.71812080536913,False,0.0,0,,,,0.0,0,,,,False,False,False,False,0,,none,0,0,False,-4,0.25,mixed,4,False
GPI,330.2900085449219,-32.035111086410936,15.24424337437944,-20.156723225877183,-37.7931015591896,0.051954233409610986,False,1.0652933380985505,8.026254965955193,-15.433429592157733,14.528933655196985,False,True,False,False,27,45.0,True,0.4909055719838979,2.1228230232218,True,1.2514556651443798,True,1.2973106231984222,True,1,2,0.6957565594592069,True,0.9168262732032365,False,2,2,True,False,False,25.0,17.9117629107307,14.681034539311536,0.8405584166135908,5.0,True,2,6,5,4,-2.8558798397288587,340.0,61395209.35913086,16.375838926174495,False,0.0,0,,,,0.0,0,,,,False,False,False,False,0,,none,0,0,False,-1,0.625,mixed,4,False
GPN,79.38999938964844,-10.640120980727074,27.572363971254866,-3.151335235347763,-20.78771356866018,0.269858515838025,False,1.0524417616420572,7.280512436999113,6.310448848712791,0.9665549571126641,False,False,False,True,27,45.0,True,0.4993622210923363,1.8053558724979184,True,2.4987754293076385,True,2.0174758429466255,True,2,2,0.44667940273443413,False,2.260257299129497,True,2,2,True,False,False,25.0,23.328916315381882,10.505096866114936,0.812080558060503,4.0,False,3,5,4,7,-4.38395693503979,83.02999877929688,243520707.15592688,30.402684563758392,False,0.0,0,,,,0.0,0,,,,False,True,False,False,1,,power_play,7,7,True,1,0.875,mixed,4,False
GPOR,159.2949981689453,-28.40352634453973,6.062318116740961,-8.107878534585911,-25.74425686789833,0.0399346452168917,False,1.015367152989858,8.449735941860368,-17.93993294056021,-5.670040400959097,False,True,False,False,15,25.0,False,0.48647424137695633,1.4480902148615975,True,-1.3419271194461855,True,4.175655191889915,True,1,1,0.44882840544877495,False,1.3327525790775,True,3,1,False,False,False,25.0,13.113377610288616,8.449735941860368,0.4492560032096637,17.0,False,0,2,2,4,-7.2221139965112595,171.69500732421875,89018624.86839294,25.16778523489933,False,0.0,0,,,,0.0,0,,,,False,False,False,False,0,,none,0,0,False,-2,0.5,mixed,4,False
GRMN,242.85000610351562,-8.819633988764398,31.432654281078133,6.526078692961024,-11.110299640351395,0.07286391888442337,False,0.9773489122220359,6.271365288677935,18.76633413961479,1.1790691528536845,False,True,False,True,25,41.66666666666667,True,0.4344354069231091,1.1697848110136921,False,0.829522360938088,True,-2.6887287709251972,True,2,1,0.3858827581486708,False,1.2420559694660789,True,3,1,False,False,False,55.0,11.811199492927113,7.300807305218123,0.6446250943750995,5.0,False,3,3,3,6,-4.1974039051158485,253.49000549316406,192460639.30365905,39.664429530201346,False,0.0,0,,,,0.0,0,,,,False,True,False,False,1,,power_play,6,6,True,0,0.75,mixed,4,False
GS,1060.5,-7.948297460932718,52.46535155978527,50.42805842781532,32.79168009450291,0.19776333920186373,True,1.112013128463949,5.171153973656295,16.530942626496593,3.868756121449568,True,True,False,True,26,43.333333333333336,True,0.4867913865445582,1.571251073949729,True,0.5107449368335747,True,-0.4430982175455678,True,2,0,0.540919881394312,False,0.7000161097746646,False,5,1,False,False,False,55.0,20.557398359750653,11.04667839830858,0.6059104481217702,7.0,False,5,2,5,6,-8.101455907376387,1153.989990234375,2110413976.5662475,74.09395973154362,False,0.0,0,,,,0.0,0,,,,False,True,False,False,1,,power_play,6,6,True,0,0.75,mixed,4,False
GSAT,79.0999984741211,-6.312924093082051,241.6846642658516,217.28839753643703,199.6520192031246,0.24729984901703386,False,0.7694481645530219,2.0733241735586017,21.748494671284302,-1.6046783496971306,False,True,False,True,21,35.0,False,0.309252988430306,0.33309259437118005,False,-2.4027019968158543,True,-0.10103792718659799,True,2,0,0.4171391441812148,False,1.1588288301937977,False,7,2,True,False,False,45.0,6.965754556153877,2.4652300706177157,0.050846734357138795,39.0,False,4,2,2,5,-6.6115686846400905,84.69999694824219,95794289.80453491,96.04026845637584,True,0.0,0,,,,0.0,0,,,,False,False,False,False,0,,none,0,0,False,-1,0.625,mixed,4,False
GSK,51.064998626708984,-15.093082554931192,44.157667749451534,38.576885299800324,20.940506966487906,0.17932467282549386,False,1.038080269320266,3.7990844875721845,5.688810231167318,-4.836006761241684,False,False,False,True,24,40.0,True,0.5273200951156789,1.1497328068348993,True,-0.35943200325232455,True,-1.342735157190078,True,2,1,0.4443245864426822,False,1.0959043667086428,False,2,2,True,False,False,45.0,10.536012385785689,5.796532192452584,0.43618853136854235,13.0,False,2,3,2,4,-5.940324616749059,54.290000915527344,197581052.82622224,68.05369127516778,False,0.0,0,,,,0.0,0,,,,False,False,False,False,0,,none,0,0,False,-2,0.5,mixed,4,False
GT,7.09499979019165,-37.1010642007985,27.15053561289984,-37.1010642007985,-54.73744253411091,0.0724727109993748,False,1.1612802874721986,9.866100492812393,-26.170655112751394,7.663120271787038,False,True,False,False,24,40.0,True,0.4697009175380766,2.4117739212455556,True,2.2775897888794097,True,-2.674899488090121,True,1,1,0.5575338399092565,False,4.199987857770131,True,3,2,True,False,False,25.0,22.48677013402341,15.36293424694305,0.7264704677885244,2.0,False,2,3,2,4,-6.150795715706403,7.559999942779541,79043653.38271058,8.456375838926174,False,0.0,0,,,,0.0,0,,,,False,False,False,False,0,,none,0,0,False,-2,0.5,mixed,4,False
GTLB,30.809999465942383,-39.635582066438815,58.6508720128804,-34.152599138509466,-51.78897747182188,0.1089904416445684,False,1.1550243575824115,16.66666769844675,-15.310614179873138,-3.9289062702585142,False,True,False,False,25,41.66666666666667,True,0.511253422005294,3.1946020500618224,True,0.6566531071757983,True,-5.837413458139529,False,0,1,0.4583337423721163,False,1.6722642617040955,True,3,2,True,True,False,55.0,38.762772713224955,16.66666769844675,0.6756953408896538,10.0,False,1,3,2,3,-12.57094779093425,35.2400016784668,131500204.61298275,9.664429530201343,False,0.0,0,,,,0.0,0,,,,False,False,False,False,0,,none,0,0,False,-3,0.375,mixed,4,False
GTLS,209.89999389648438,-0.004768598661508694,25.470740821581252,24.31888086305245,6.682502529740031,0.0,False,0.6159394898561238,0.1667489822263817,1.430362143692454,0.5749865672205923,False,False,True,True,18,30.0,False,0.4512352289634534,0.10326657841744141,True,5.474576785141531,False,0.1431239428593356,True,3,1,0.4949428664775391,False,0.4159786451784488,False,0,0,False,False,False,,,,,,False,4,1,1,4,,,300761324.6699692,56.1744966442953,False,0.0,0,,,,0.0,0,,,,False,False,False,False,0,,none,0,0,False,-2,0.5,mixed,4,False
GTX,31.469999313354492,-13.138283988473987,162.29030843230152,162.29030843230152,144.6539300989891,0.06465660117853173,False,0.8322926883289192,5.131877069286941,77.77985495172169,-0.8818919264425462,False,True,False,True,29,48.333333333333336,True,0.44014507724932495,1.836499344752503,True,-1.081262478684882,True,-0.9442906518305372,True,2,1,0.49174998627599215,False,1.2662299422818384,True,6,3,True,False,False,45.0,18.516711240520927,8.27772960414242,0.2878752268982694,17.0,False,6,3,2,4,-13.186208790746223,36.25,84471739.57537556,93.75838926174497,True,0.0,0,,,,0.0,0,,,,False,False,False,False,0,,none,0,0,False,-2,0.5,mixed,4,False
GVA,125.26000213623047,-21.838933754506684,36.31601150801167,32.59449957568026,14.958121242367842,0.06802852316252515,False,1.0418069794979499,5.540477664896119,4.342025897009494,-14.164319589513141,False,True,False,True,29,48.333333333333336,True,0.4913623516197238,2.1473176981209283,True,-2.4312799806490353,True,0.9916982738364055,True,2,0,0.3848019786670156,False,0.813003307521904,False,3,1,False,False,False,25.0,26.809587774720168,8.151051045618676,0.1550069096294756,19.0,False,2,1,2,3,-22.65391642532062,161.94743980189912,117800934.58404389,63.02013422818792,False,0.0,0,,,,0.0,0,,,,False,False,False,False,0,,none,0,0,False,-3,0.375,mixed,4,False
GWRE,138.3800048828125,-47.159003244735864,34.7550896804882,-38.1569501787841,-55.79332851209652,0.13861772824864532,False,0.890016196160659,14.424043034238437,-13.528709655458204,2.907714454238719,True,True,False,False,26,43.333333333333336,True,0.5517468600608144,2.9988840446225224,True,0.7824261700770582,True,-7.758964843454008,False,0,1,0.4739558437972943,False,1.7465857965526375,True,3,1,False,False,False,25.0,32.781390754531515,15.197281425959039,0.7231910657938562,5.0,False,2,2,3,4,-9.074181836557004,152.19000244140625,189135533.67332458,8.120805369127517,False,0.0,0,,,,0.0,0,,,,False,False,False,False,0,,none,0,0,False,-2,0.5,mixed,4,False
GWW,1366.280029296875,-2.54987405782805,49.38589977596586,30.977963416727693,13.341585083415275,0.10957063146434404,True,1.0156376906782012,3.9464766167114846,29.6609731634357,1.7349513147614015,False,True,False,True,26,43.333333333333336,True,0.4675724583324146,1.118309586584587,True,1.58125202583896,True,-2.059482030066362,True,2,0,0.5352010445398797,False,1.1797426713901973,False,4,2,True,False,False,55.0,19.77265818850445,5.3166271255402915,0.808978632632212,5.0,False,6,3,4,6,-3.777000203664005,1419.9100341796875,381874936.2512512,61.61073825503356,False,0.0,0,,,,0.0,0,,,,False,True,False,False,1,,power_play,6,6,True,0,0.75,mixed,4,False
GXO,52.81999969482422,-19.469427284735673,16.036905016804525,2.028200169550276,-15.608178163762142,0.08022495167053953,False,1.1112160792168233,5.140098766138257,-7.995123087941957,1.674685118590813,False,True,False,True,25,41.66666666666667,True,0.4587538502461512,1.666001437912041,True,1.419203851528357,True,-2.27566986049641,True,2,1,0.5881506461384128,False,1.2861844691085365,True,5,1,False,True,True,55.0,17.123032972689607,12.703519733511401,0.7910448125388891,5.0,False,2,3,3,5,-3.577946564711143,54.779998779296875,62959980.388298795,35.63758389261745,False,0.0,0,,,,0.0,0,,,,False,False,False,False,0,,none,0,0,False,-1,0.625,mixed,4,False
H,187.50250244140625,-7.218315681541387,39.4007549185246,29.35046993657511,11.714091603262691,0.07775835776309284,False,0.9228735173846091,5.962591319581998,14.68355488889992,-1.9748517158080792,False,True,False,True,27,45.0,True,0.4262683632112155,1.07973075229545,False,-0.09552496935743743,True,-1.6509265962982855,True,2,0,0.4749306090150417,False,0.6103015259506164,False,5,3,True,False,False,65.0,24.232266562380207,6.463919264098364,0.6138298796516959,24.0,False,3,3,3,5,-9.357777294706548,206.86000061035156,129999052.05298766,60.2013422818792,False,0.0,0,,,,0.0,0,,,,False,False,False,False,0,,none,0,0,False,-1,0.625,mixed,4,False
HAL,33.3650016784668,-22.040614231648902,66.53222831449722,52.27077780801221,34.63439947469979,0.28464450482046494,False,0.9742775039274225,10.639889280604041,-0.8268853038219004,1.228770040181626,False,False,False,False,23,38.333333333333336,False,0.3958477403582211,1.1580980941074246,False,-3.3995187503586464,True,-5.266892328061356,False,0,0,0.4151155644657162,False,0.4056353136931047,False,4,2,True,False,False,25.0,10.552485122417533,11.449121842213428,0.2578535835189087,8.0,False,1,2,2,4,-7.831489018572202,36.20000076293945,389557860.08101654,75.30201342281879,False,0.0,0,,,,0.0,0,,,,False,False,False,False,0,,none,0,0,False,-2,0.5,mixed,4,False
HALO,81.18009948730469,-0.4779946168668059,40.620301630024834,38.131868053406805,20.495489720094387,0.23206396790643763,True,1.0630067391913425,7.600382615828409,17.27838494031173,2.1775992517527376,False,True,False,True,24,40.0,True,0.5057638021214893,1.6889986726647928,True,3.2573504813865832,True,4.331193978219994,True,2,1,0.536400257736079,False,2.476718868131908,True,3,0,False,False,False,25.0,19.243284289413214,11.209641933912872,0.8866688642378727,0.0,True,7,3,4,6,-2.1808632643127046,82.98999786376953,138358924.91002578,67.78523489932886,False,0.0,0,,,,0.0,0,,,,False,True,False,False,1,,power_play,6,6,True,0,0.75,mixed,4,False
HAS,88.0999984741211,-15.580597807095142,27.22322793061349,21.333988016482387,3.6976096831699685,0.07827392074595842,False,1.0770519811581907,13.677642747403041,0.850158588148453,9.918898062248061,False,False,False,False,21,35.0,False,0.5024629395197037,1.427912053855079,True,1.2431675337294958,True,8.031876366952616,False,0,1,0.4973151979809938,False,0.8635086715039374,False,2,1,False,True,True,25.0,19.193981756687506,17.207722956502145,0.7228440980697547,3.0,False,1,2,1,3,-5.319725325407399,93.05000305175781,199288352.91558534,53.288590604026844,False,0.0,0,,,,0.0,0,,,,False,False,False,False,0,,none,0,0,False,-3,0.375,mixed,4,False
HBAN,17.125,-9.41649799521256,16.155745483672955,6.774109535118522,-10.862268798193895,0.3286132439416801,False,1.0642980251884704,7.708027415031935,0.6077297486821509,-4.115344822136013,False,False,False,True,27,45.0,True,0.3968235743062781,0.9457914738882236,False,0.3850302152312576,True,-6.164383561643838,False,1,0,0.5086054903389134,False,0.887879418663335,False,3,1,False,False,False,45.0,17.963611054108643,8.87591508183166,0.5640631121231556,6.0,False,2,1,1,4,-7.831000697958201,18.579999923706055,397894483.85007936,39.93288590604027,False,0.0,0,,,,0.0,0,,,,False,False,False,False,0,,none,0,0,False,-2,0.5,mixed,4,False
HBM,22.28499984741211,-30.056555151734145,146.11382663213615,120.33512414332903,102.6987458100166,0.1098592695454038,False,0.8470534280296095,15.21202339178884,-10.701183722974106,-1.350156277625525,False,False,False,False,26,43.333333333333336,True,0.4091267321900184,1.8963746107701116,False,-2.081133654742104,True,9.454809328845638,False,0,1,0.48415763756120517,False,1.2666053883513235,True,3,3,True,False,False,25.0,31.23908891713259,17.635182104935758,0.28882675028029503,24.0,False,5,3,2,4,-22.216404383480004,28.649999618530273,101630801.0330534,91.14093959731544,True,0.0,0,,,,0.0,0,,,,False,False,False,False,0,,none,0,0,False,-2,0.5,mixed,4,False
HCA,389.9649963378906,-28.213863858853404,17.435684977539623,14.97334267273278,-2.663035660579638,0.38557496866552904,False,1.2560149104090208,8.331491027848381,-16.894382073331638,-5.002436945702648,False,True,False,False,26,43.333333333333336,True,0.4800575768679807,1.5639389313894254,True,0.07838861756829021,True,5.060887987709428,False,0,1,0.45452315308242763,False,1.7199707170566887,True,5,1,False,False,False,25.0,17.588587048381026,14.575666244834142,0.476174684109818,13.0,False,1,2,2,3,-9.213347166680153,429.5400085449219,632721376.3129212,46.644295302013425,False,0.0,0,,,,0.0,0,,,,False,False,False,False,0,,none,0,0,False,-3,0.375,mixed,4,False
HCC,80.6449966430664,-26.87250858203121,59.75742047930546,39.62246605484181,21.98608772152939,0.11820087936438925,False,0.6495023656958764,8.836257359180216,-17.86836639859779,-0.22888183075260304,False,True,True,False,23,38.333333333333336,False,0.47353480387180913,1.755588861059964,True,-2.6962242098629767,True,2.198698391126963,True,2,0,0.4709189959583938,False,0.5538671908078776,False,6,2,True,False,False,25.0,20.725985373240682,8.836257359180216,0.23376930050326353,24.0,False,2,2,2,5,-15.880886270297335,95.87000274658203,56018120.15765305,68.85906040268456,False,0.0,0,,,,0.0,0,,,,False,False,False,False,0,,none,0,0,False,-1,0.625,mixed,4,False
HD,326.13250732421875,-21.37480332131496,10.442910100317992,-10.261977143431988,-27.898355476744406,0.3509365605303377,False,0.998453336549626,5.258606250192996,-13.80893082105935,-8.876079104224221,False,True,False,True,27,45.0,True,0.42344080332692713,1.0823802019598054,False,-0.0532307102444813,True,-3.758812517043264,True,2,0,0.3808092330581031,False,1.0099033347447561,False,5,1,False,False,False,45.0,17.943048608642513,9.483882317382992,0.49187460181534104,14.0,False,1,1,2,4,-9.11731871891317,358.8500061035156,1332346736.4307678,23.355704697986575,False,0.0,0,,,,0.0,0,,,,False,False,False,False,0,,none,0,0,False,-2,0.5,mixed,4,False
HDB,23.329999923706055,-39.43430706088478,1.3906983556765118,-39.43430706088478,-57.0706853941972,0.24568173011872974,False,1.0884039378995392,9.644234922237322,-27.230196742467605,-9.46837598259539,False,False,False,False,27,45.0,True,0.46160372010110395,1.0471352085029102,True,-2.077594081270539,True,-11.561786709973166,False,0,0,0.36013607916446044,False,0.992433113059289,False,3,1,False,False,False,25.0,17.600000554865055,17.531076579352938,0.13842976346513217,13.0,False,1,1,1,2,-15.163636641068889,27.5,215375372.62328872,7.248322147651007,False,0.0,0,,,,0.0,0,,,,False,False,False,False,0,,none,0,0,False,-4,0.25,mixed,4,False
HEI,345.69000244140625,-5.370779679808946,32.501711603896545,7.971996750422816,-9.664381582889602,0.08652964790041894,False,0.9264354196428172,3.9370491641190477,3.4108432868222405,-4.529259041219258,False,False,False,True,26,43.333333333333336,True,0.36244509333709507,0.9619267848911142,False,1.3527273395760349,True,0.8842580829143687,True,2,1,0.39403517694788304,False,1.3538877192982457,True,3,1,False,False,False,45.0,21.539964561910857,5.68139503883004,0.7010774587385559,14.0,False,2,3,2,4,-6.438780945527844,369.4800109863281,152125428.84505004,41.006711409395976,False,0.0,0,,,,0.0,0,,,,False,False,False,False,0,,none,0,0,False,-2,0.5,mixed,4,False
HEI-A,251.97999572753906,-8.699861461064406,25.251923916053443,0.2921474679085101,-17.344230865403908,0.05917535853976532,False,0.9392179391928844,3.6788591042343417,-2.2765097592348127,-3.7141826618650176,False,True,False,True,28,46.666666666666664,True,0.4693706439584807,1.3276995591735739,True,0.9810022743528853,True,0.7637814801372711,True,2,1,0.4304103265930371,False,1.5395474493888914,True,3,2,True,False,False,45.0,18.734434748742178,10.258747235108949,0.6918137251511014,14.0,False,2,4,3,5,-5.773695656614608,267.4200134277344,68441298.76481628,33.557046979865774,False,0.0,0,,,,0.0,0,,,,False,False,False,False,0,,none,0,0,False,-1,0.625,mixed,4,False
HGV,48.40999984741211,-11.482901694990922,30.873202624354846,-3.6425194464892674,-21.278897779801685,0.07038170397809632,False,0.892206842007079,5.515385617354107,6.7239841182112015,-8.505008529536218,False,True,False,True,21,35.0,False,0.42051726098408887,1.4663736902726079,False,-1.1447345838834186,True,-3.0636740516019945,True,2,0,0.45889549416918607,False,0.9266001118107635,False,5,2,True,False,False,45.0,18.19494865238593,8.944436778977103,0.306547578500249,20.0,False,1,2,2,5,-12.617331202060655,55.400001525878906,56535260.76118698,29.93288590604027,False,0.0,0,,,,0.0,0,,,,False,False,False,False,0,,none,0,0,False,-1,0.625,mixed,4,False
HIG,140.13999938964844,-1.479130080225477,17.609120435246005,15.88855602693766,-1.7478223063747578,0.4060055667808813,False,1.1655097151657903,6.30797515084305,9.941697788552496,1.6612210262893834,False,False,False,True,23,38.333333333333336,False,0.44459880682589137,0.9503494954559393,True,1.9445897994647783,True,-0.08555191921217897,True,2,3,0.6783252953002419,True,2.626988556491432,True,2,1,False,False,False,45.0,12.174827735740822,7.9634677541847605,0.8357265934081344,1.0,True,3,5,3,6,-2.0000004268192706,143.0,215291555.26868516,47.71812080536913,False,0.0,0,,,,0.0,0,,,,False,True,False,False,1,,power_play,6,6,True,0,0.75,mixed,4,False
HII,289.69000244140625,-35.87790828179113,13.949445789768046,11.868033704554826,-5.768344628757593,0.10147242764038533,False,0.9446287828436047,10.97034709912877,-30.276093115715362,-0.6209254060355884,False,True,False,False,19,31.666666666666664,False,0.4636006193228511,1.1857482341298033,True,-0.6677327223210398,True,7.639429712620194,False,0,0,0.29745361281692606,False,0.8673206164171855,False,5,1,False,False,False,25.0,11.841622515018704,10.97034709912877,0.7362328333254332,24.0,False,1,2,3,5,-3.123431219616246,299.0299987792969,118579210.66055909,44.0268456375839,False,0.0,0,,,,0.0,0,,,,False,False,False,False,0,,none,0,0,False,-1,0.625,mixed,4,False
HIMS,29.409799575805664,-55.560895375962104,102.54682264889735,-48.69190556108593,-66.32828389439835,0.6892813226643699,False,1.090229901372439,22.83251957542558,-0.7096598834302248,-20.08206471323064,False,False,False,False,26,43.333333333333336,True,0.4712526688626728,4.0398649499293064,True,-0.34866058656781057,True,-10.44519050196142,False,0,1,0.38855065721484794,False,1.8588436133844235,True,3,3,True,False,False,25.0,25.39052292418189,29.122947648727678,0.02771551935579125,14.0,False,1,3,2,2,-24.686811394623064,39.04999923706055,482962085.99701214,4.026845637583892,False,0.0,0,,,,0.0,0,,,,False,False,False,False,0,,none,0,0,False,-4,0.25,mixed,4,False
HIW,33.42499923706055,0.0,65.66716757899769,19.32688468997956,1.690506356667143,0.042201661163265076,False,1.0067976887312617,3.769639985012833,32.25022085315654,4.912111100840666,False,True,False,True,32,53.333333333333336,True,0.48915946808026445,1.1857240002733773,True,5.157264012149805,False,0.3151246794658169,True,2,1,0.5101247182266053,False,2.8824122155278777,True,4,1,False,False,False,25.0,15.761511169530074,8.376966965805133,0.9147936670312298,5.0,True,6,3,4,5,-1.3429805688019658,33.880001068115234,67054978.81741142,51.34228187919463,False,0.0,0,,,,0.0,0,,,,False,False,False,False,0,,none,0,0,False,-1,0.625,mixed,4,False
HL,15.204999923706055,-52.18013283964614,167.55656415750826,146.34253461247005,128.70615627915763,0.07995942073512989,False,0.872401490730941,14.00855064208217,-52.18013283964614,-6.889161085462414,False,False,False,False,21,35.0,False,0.28522487625591897,1.3132362276829976,False,-1.0797929202210121,True,6.1060712118532035,False,0,1,0.46819276870166515,False,2.902436876046332,True,6,0,False,True,True,25.0,15.656866495093011,14.00855064208217,0.438697185710376,15.0,False,3,2,1,3,-8.788243226652625,16.670000076293945,625262764.3266485,92.75167785234899,True,0.0,0,,,,0.0,0,,,,False,False,False,False,0,,none,0,0,False,-3,0.375,mixed,4,False
HLI,139.25,-32.62669986598263,5.078475332450338,-28.376198002451535,-46.01257633576395,0.04067056968178185,False,0.9798477628967589,3.2387752293256287,-24.58328364578435,-0.6421647775091022,True,True,False,True,19,31.666666666666664,False,0.41557080055144685,1.4805226436028098,False,-0.428751786658517,True,-0.5428144680048708,True,2,2,0.5473098480518443,False,2.0733721246767387,True,2,1,False,False,False,25.0,9.536331335153548,9.493717214149461,0.6190130286595075,14.0,False,1,4,5,6,-3.633217993079585,144.5,124577090.41239166,12.21476510067114,False,0.0,0,,,,0.0,0,,,,False,True,False,False,1,,power_play,6,6,True,0,0.75,mixed,4,False
HLN,9.805000305175781,-11.845442234359204,13.933697565205016,1.4803917165656433,-16.155986616746773,0.4747855565765431,False,1.0138084429483818,4.8444708483995385,-5.018935632153754,-0.1527432801891382,False,False,False,True,26,43.333333333333336,True,0.47887357810112946,0.75929887004426,True,2.702606371772476,True,-2.920792724277277,True,2,0,0.48102274301495695,False,0.8992371016578229,False,5,2,True,False,False,45.0,15.568572814500989,6.629266683318277,0.7241382403007751,5.0,False,3,3,3,6,-4.294773892613756,10.244999885559082,76985945.70864066,35.16778523489933,False,0.0,0,,,,0.0,0,,,,False,True,False,False,1,,power_play,6,6,True,0,0.75,mixed,4,False
HLNE,82.0999984741211,-47.91701675791625,11.26168512737491,-46.483298340213096,-64.11967667352552,0.04425533882921528,False,0.7898936969228663,7.9171743249774575,-44.35982635692134,2.933796734225136,False,True,False,True,19,31.666666666666664,False,0.4537299229457526,1.8699437277098194,True,-0.053225828386923725,True,-4.368083944847612,True,2,2,0.5314682895859467,False,1.297981827416897,True,2,1,False,False,False,25.0,18.225260516911867,10.426315891694562,0.6379524653605578,7.0,False,1,4,4,6,-6.598410638309504,87.9000015258789,65747733.1504612,4.966442953020135,False,0.0,0,,,,0.0,0,,,,False,True,False,False,1,,power_play,6,6,True,0,0.75,mixed,4,False
HLT,325.4750061035156,-7.065557372776543,26.958163974080218,21.890386065967228,4.254007732654809,0.10880170160718029,False,0.9588675680910416,3.6008913129801554,9.281845456445726,-3.739793326712104,False,True,False,True,26,43.333333333333336,True,0.4519253185819181,1.072206334166811,True,-0.9319248877148815,True,1.293103038898047,True,2,0,0.5458512459602322,False,0.3957334390686199,False,4,1,False,False,False,65.0,13.989713357027691,6.955982396896814,0.35058041619775554,25.0,False,2,1,2,5,-9.085193825833626,358.0,808817162.2760925,53.8255033557047,False,0.0,0,,,,0.0,0,,,,False,False,False,False,0,,none,0,0,False,-1,0.625,mixed,4,False
HNGE,75.80999755859375,-15.766669379340282,143.21462102353456,64.87602938959616,47.23965105628373,0.1385078423060619,True,1.0312464849231753,17.108563037056655,78.12498851602277,-9.80369446041529,False,True,False,False,26,43.333333333333336,True,0.4475440295135124,2.4015825965279647,True,1.399480352193199,True,-12.952117641081173,False,0,2,0.3945564799101817,False,2.021063931691452,True,2,1,False,False,False,25.0,27.912569306587258,20.920724338624765,0.3856694644099512,9.0,False,5,3,4,4,-17.147543651810103,91.5,177548452.87195092,81.00671140939598,True,0.0,0,,,,0.0,0,,,,False,False,False,False,0,,none,0,0,False,-2,0.5,mixed,4,False
HOG,26.065000534057617,-13.263875379355628,52.80184351996113,12.189330954071353,-5.447047379241065,0.11257016834154372,False,1.1475537333196133,12.200269480219884,30.758012889822606,4.427089303350051,False,False,False,False,26,43.333333333333336,True,0.4541559690614497,1.7430578084055897,True,0.8487713417144284,True,-1.9375447371206445,True,1,0,0.5199104238193345,False,0.673349935271438,False,3,1,False,False,False,35.0,16.97871477762082,14.885866060295925,0.44623873296930106,2.0,False,3,1,1,3,-9.402154607808155,28.770000457763672,81267635.91018677,44.63087248322148,False,0.0,0,,,,0.0,0,,,,False,False,False,False,0,,none,0,0,False,-3,0.375,mixed,4,False
HOMB,30.985000610351562,0.0,20.658100631356156,10.788356472629923,-6.848021860682495,0.12367464573124322,False,1.0264421623069981,3.162819180029085,10.947947962783111,8.036960532248694,False,False,False,True,32,53.333333333333336,True,0.4849024709393994,0.9010488092660977,True,5.419492473259739,False,0.47017009418368616,True,2,3,0.7247455396981927,True,1.7349055682482655,True,2,1,False,False,False,55.0,18.216806445101025,8.0684200443901,0.9656690696571743,5.0,True,5,5,4,4,-0.6253999131355048,31.18000030517578,66890961.8545866,43.355704697986575,False,0.0,0,,,,0.0,0,,,,False,False,False,False,0,,none,0,0,False,-2,0.5,mixed,4,False
HON,243.5,-5.88080976630414,24.700905280153606,12.133881452303052,-5.502496881009366,0.08740179410451684,False,0.9239582911055761,10.956882108653106,5.938891948546066,5.934046529813752,False,True,False,False,25,41.66666666666667,True,0.44723256261623495,1.6704571997568534,True,1.6058301447502474,True,8.212601269513332,False,0,2,0.41426991889924814,False,1.510570468362085,True,2,3,True,False,False,35.0,14.467166718982515,12.271049233187885,0.7668502797724654,18.0,False,3,5,4,6,-3.373015873015872,252.0,1095540615.1307137,44.56375838926174,False,0.0,0,,,,0.0,0,,,,False,True,False,False,1,,power_play,6,6,True,0,0.75,mixed,4,False
HOOD,93.7490005493164,-38.50911949304713,43.8750694911817,-8.026096077078071,-25.662474410390487,0.3595559616706981,False,1.0014644263684338,16.192172947156255,-12.375920720470434,-16.837578499415294,False,True,False,False,23,38.333333333333336,False,0.5107222620894161,3.1401771285184346,True,-0.24217925601641974,True,-6.213483985636648,False,0,0,0.38870653349401707,False,0.9140121588273755,False,3,2,True,False,False,25.0,22.698874891532956,25.141601037576166,0.03482559624068234,15.0,False,0,2,2,2,-21.908373039442665,120.05000305175781,2417810199.220849,25.369127516778523,False,0.0,0,,,,0.0,0,,,,False,False,False,False,0,,none,0,0,False,-4,0.25,mixed,4,False
HPE,47.650001525878906,-14.889741365876908,145.54534893092543,137.16494075130436,119.52856241799194,0.09999405689668715,True,0.8991373422887318,10.93389069807917,128.49198253415378,15.57119101363529,False,True,False,False,28,46.666666666666664,True,0.506907821629928,2.710410202908659,True,1.163556100380863,True,3.993893154175221,True,1,0,0.38644000350513086,False,1.0669088186520215,False,4,2,True,False,False,25.0,20.29170185378747,13.871984047601016,0.6690786541499961,10.0,False,9,3,4,4,-6.714957287042367,51.08000183105469,826873140.9021187,92.14765100671141,True,0.0,0,,,,0.0,0,,,,False,False,False,False,0,,none,0,0,False,-2,0.5,mixed,4,False
HPQ,25.440000534057617,-12.236741717017352,43.777630240428024,4.107959416753193,-13.528418916559225,0.15712160203938216,False,0.8385274707667382,5.974844441252201,34.6759067224627,16.005472777186537,False,True,False,True,24,40.0,True,0.45882320808584126,1.7123795243446733,True,1.6623023902028948,True,2.415460458067731,True,2,1,0.5747752546615631,False,1.325150491251459,True,4,2,True,False,False,25.0,15.252247419149153,9.08018638934338,0.9666668785943132,8.0,True,3,5,4,4,-0.5084050149320674,25.56999969482422,323220850.88042676,37.785234899328856,False,0.0,0,,,,0.0,0,,,,False,False,False,False,0,,none,0,0,False,-2,0.5,mixed,4,False
HQY,94.62999725341797,-10.252280858960983,29.258295911505282,0.26488663623154274,-17.371491697080877,0.10170148370272337,False,0.8580117728660159,6.060446768262395,12.5074266635681,-0.7134616751592437,False,True,False,True,26,43.333333333333336,True,0.5009407365635147,1.5613631239996772,True,1.8507347853946423,True,-3.1125227526562327,True,2,1,0.510186868119385,False,2.5113651992995902,True,5,2,True,False,False,25.0,16.900001525878906,7.3126898127383875,0.6822483868797901,5.0,False,2,4,3,5,-5.370002746582037,100.0,81044218.62514038,33.422818791946305,False,0.0,0,,,,0.0,0,,,,False,False,False,False,0,,none,0,0,False,-1,0.625,mixed,4,False
HR,21.274999618530273,-0.9082426691226164,46.03105132492924,38.11802969489588,20.481651361583463,0.04094729751598585,True,0.9348293852277734,2.5381857478783605,27.643633642991205,3.226584126565757,False,True,False,True,24,40.0,True,0.43145233951187184,0.6991660654355684,False,2.411712440424572,True,-0.2110697792592875,True,2,1,0.515557132581138,False,1.0776972646800174,False,2,2,True,False,False,65.0,17.22404186443135,4.6063434068537426,0.9205969989568251,2.0,True,7,4,4,6,-1.3676406141291286,21.56999969482422,72398288.09043065,67.58389261744966,False,0.0,0,,,,0.0,0,,,,False,True,False,False,1,,power_play,6,6,True,0,0.75,mixed,4,False
HRB,40.720001220703125,-24.43784988051423,47.228313727150706,-24.43784988051423,-42.07422821382664,0.11176259609001948,False,1.0197351213668757,8.055006583912471,4.207056302345125,1.6983024216467468,False,True,False,False,26,43.333333333333336,True,0.37784439649151386,1.1595405934582823,False,1.815272437432913,True,-3.231940473319783,True,1,1,0.4655517025680904,False,1.2728127558257978,True,4,2,True,False,False,25.0,21.75331813739599,9.823182416719316,0.7674170814247918,5.0,False,2,4,3,5,-5.059450221090566,42.88999938964844,72260674.76364842,13.825503355704699,False,0.0,0,,,,0.0,0,,,,False,False,False,False,0,,none,0,0,False,-1,0.625,mixed,4,False
HRI,160.33999633789062,-10.602152669099551,77.02370234799743,11.087369528627988,-6.54900880468443,0.06137638360239751,False,0.9508708781399245,12.847693223913648,1.3884801611093955,18.849597498694216,False,False,False,False,25,41.66666666666667,True,0.45464005439875105,2.3842967345677724,True,2.451019011739678,True,7.272359020815933,False,0,0,0.5268705898986922,False,0.8812255295129015,False,6,1,False,True,True,25.0,22.72009645556019,13.053507018719568,0.883484745491786,1.0,True,3,2,2,4,-2.6472378209707603,164.6999969482422,76866049.42743683,43.557046979865774,False,0.0,0,,,,0.0,0,,,,False,False,False,False,0,,none,0,0,False,-2,0.5,mixed,4,False
HRL,25.30500030517578,-9.103086962020646,29.72851300379149,-9.103086962020646,-26.739465295333062,0.14096101809413158,False,0.8821699735802009,2.76625471052169,5.581505282215549,2.4336340921560007,True,True,False,True,28,46.666666666666664,True,0.41783954559331943,1.0902964260677228,False,3.1263257188771862,True,-0.334773873635108,True,2,0,0.5823768027256568,False,0.9479014033825117,False,5,3,True,False,False,35.0,13.834592919040587,7.864057487132841,0.7305454356109333,19.0,False,3,3,4,6,-3.727794208500146,26.284845243890768,94493200.7881937,24.496644295302016,False,0.0,0,,,,0.0,0,,,,False,True,False,False,1,,power_play,6,6,True,0,0.75,mixed,4,False
HSBC,103.13999938964844,0.0,76.50883786783973,66.51262227308384,48.87624393977141,0.21069131118469092,True,0.949535822502547,4.750825630090794,27.033327209742986,6.571606417205378,False,False,False,True,33,55.00000000000001,True,0.38869387342927897,0.563601427887619,False,4.224552774691802,False,2.514659341962644,True,2,2,0.5223315310414671,False,1.4216353975599325,True,2,1,False,False,False,65.0,18.125251631807423,5.856118820312446,0.9808098290863015,2.0,True,7,3,4,5,-0.3478266766681726,103.5,123333393.62402344,81.87919463087249,True,0.0,0,,,,0.0,0,,,,False,False,False,False,0,,none,0,0,False,-1,0.625,mixed,4,False
HSIC,85.48500061035156,-3.14412129924454,37.81235255945712,17.715501758742413,0.0791234254299944,0.12285692855803487,True,1.015233065504006,5.427852086938594,10.717525740190116,-1.0933700005640645,False,False,False,True,28,46.666666666666664,True,0.4636565380775849,1.036254834104028,True,2.627648458927829,True,-2.6588466096410968,True,2,1,0.5616953930304356,False,1.5909057952822325,True,4,2,True,False,False,45.0,19.789560555738305,7.194237413083271,0.7819571649020088,6.0,False,4,4,4,5,-4.314971888916553,89.33999633789062,110422757.64560089,49.127516778523486,False,0.0,0,,,,0.0,0,,,,False,False,False,False,0,,none,0,0,False,-1,0.625,mixed,4,False
HST,24.350000381469727,-0.6122433409398886,72.58601832156401,60.401014692689834,42.76463635937742,0.10922108726221114,True,1.0023738084624394,3.4086238632574393,36.64685711692379,4.282655176286787,False,True,False,True,26,43.333333333333336,True,0.4373941780101108,0.9239177045353754,False,2.3761025234383957,True,1.7126141949280083,True,2,1,0.6087566563080818,True,0.9114299334412664,False,4,1,False,False,False,55.0,17.438972373131385,6.858316427644946,0.9279146541568863,2.0,True,8,3,4,6,-1.2570943546656776,24.65999984741211,213366670.88418874,79.19463087248322,False,0.0,0,,,,0.0,0,,,,False,True,False,False,1,,power_play,6,6,True,0,0.75,mixed,4,False
HSY,174.67999267578125,-25.50240428854378,10.001684450123127,-2.1690711006871255,-19.805449433999545,0.07030573596664216,False,0.8117790665141589,3.5550761244840507,-7.33329415499695,-4.095754221404246,False,True,False,True,26,43.333333333333336,True,0.5633889209368912,1.4852936847080265,True,-1.4381297830036766,True,1.9017585705624729,True,2,1,0.5619772101669462,False,1.5828491721183349,True,3,1,False,False,False,25.0,8.602088415855707,5.10075797784523,0.437618197684026,21.0,False,1,2,3,4,-4.837657986990296,183.55999755859375,312443909.3312454,31.342281879194633,False,0.0,0,,,,0.0,0,,,,False,False,False,False,0,,none,0,0,False,-2,0.5,mixed,4,False
HTFL,24.424999237060547,-38.799801226648356,19.204487603211163,,,0.08509673332462417,False,0.7597980970706144,8.63868482665656,-24.0516189273987,-12.658683698236095,False,True,False,False,22,36.666666666666664,False,0.49547342261399135,3.959763280278404,True,-3.003759029243622,True,-1.8287778900874962,True,1,0,0.3886405922393855,False,0.8970433001828343,False,6,4,True,False,False,25.0,34.52739942029325,17.338787452558364,0.044089484171869274,19.0,False,0,2,2,2,-33.00510419005642,36.45800018310547,59693484.25794296,,False,0.0,0,,,,0.0,0,,,,False,False,False,False,0,,none,0,0,False,-4,0.25,mixed,4,False
HTHT,40.665000915527344,-25.56120879242122,39.872737829300206,25.576454298490937,7.940075965178519,0.14443572607483968,False,0.8387927551763998,5.926471887750249,-17.003999347248733,-3.5002337339459566,False,False,False,True,17,28.333333333333332,False,0.37008841648688384,1.044596972630415,False,-2.4421851568723487,True,-2.552117513519414,True,2,0,0.3507810092404556,False,0.5673395764225567,False,6,2,True,False,False,25.0,8.661775509083771,8.139671668690102,0.21296311247103655,18.0,False,0,2,2,4,-6.817136837143889,43.63999938964844,63843313.84917221,57.71812080536913,False,0.0,0,,,,0.0,0,,,,False,False,False,False,0,,none,0,0,False,-2,0.5,mixed,4,False
HUBB,484.0450134277344,-12.969489254731092,19.90307929793156,11.974335369805345,-5.662042963507073,0.10067645204876786,False,0.9186276835319086,4.970094608934375,0.2653609292348369,-0.6271797654488265,False,True,False,True,20,33.33333333333333,False,0.5117110064789296,1.5766170080669006,True,-0.22619902216538154,True,-0.9464464511661608,True,2,0,0.4916701479966461,False,0.6782884873064513,False,5,2,True,False,False,45.0,17.39436761627052,6.215846266739053,0.33532013592325005,20.0,False,0,2,3,4,-11.561685902883712,547.3250122070312,236921043.8641754,44.29530201342282,False,0.0,0,,,,0.0,0,,,,False,False,False,False,0,,none,0,0,False,-2,0.5,mixed,4,False
HUBS,198.61000061035156,-64.51238070601471,16.63730445979961,-64.03035166071986,-81.66672999403228,0.1165351669290034,False,1.0878130601876956,21.861939497261275,-38.46892578181321,3.3780999677859302,False,False,False,False,22,36.666666666666664,False,0.5255741908459641,3.347001816086409,True,-0.12762269145111477,True,-11.43761461017181,False,0,1,0.49056067115391355,False,1.7700406250898255,True,3,1,False,False,False,25.0,27.238021134139107,21.861939497261275,0.4563778854730561,4.0,False,0,2,1,2,-14.807190644470293,233.1300048828125,294419170.2705536,1.6107382550335572,False,0.0,0,,,,0.0,0,,,,False,False,False,False,0,,none,0,0,False,-4,0.25,mixed,4,False
HUM,391.989990234375,-4.257247477335624,141.28449095830854,73.48554012311183,55.84916178979941,0.06160430843236702,True,1.0474192258309571,4.625119348576319,48.18397814052568,-1.1997504135160653,False,True,False,True,32,53.333333333333336,True,0.47572219165727925,2.0138969781046354,True,2.339874570400303,True,-2.002502441406251,True,2,1,0.4679343656226512,False,1.4605731490693348,True,3,1,False,False,False,35.0,22.41072133675258,11.138040447411576,0.6161891982858204,6.0,False,7,3,4,5,-8.601476923252083,428.8800048828125,509994696.73664856,83.75838926174497,True,0.0,0,,,,0.0,0,,,,False,False,False,False,0,,none,0,0,False,-1,0.625,mixed,4,False
HUN,12.680000305175781,-20.201384322158745,74.4871334882062,21.791031870069965,4.154653536757547,0.060222857365232696,False,0.8632390462407724,14.037859966919235,8.350734499814516,17.190394295863975,True,True,False,False,24,40.0,True,0.4272748992405341,2.092867461251307,False,-0.5355364678154897,True,7.54877308059696,False,0,1,0.5692198766214178,False,3.2623373011946173,True,3,1,False,False,False,25.0,22.9275621343017,16.24605970061246,0.7687296781210072,1.0,False,2,2,4,3,-5.302464674700557,13.390000343322754,62067195.102117345,53.691275167785236,False,0.0,0,,,,0.0,0,,,,False,False,False,False,0,,none,0,0,False,-2,0.5,mixed,4,False
HUT,112.20999908447266,-15.6442674181274,476.7668955256277,430.79471298101464,413.15833464770225,0.2381981739620349,True,0.9441744940834076,18.96444073872339,92.73444989996085,15.513691362479175,False,False,False,False,29,48.333333333333336,True,0.44784601375675936,4.3822839451512605,True,0.07131798496881389,True,22.70093256315795,False,0,0,0.4713041104615048,False,1.0303769891938135,False,5,1,False,False,False,25.0,35.863874407059555,33.04517824097478,0.6206525310490794,23.0,False,8,1,2,3,-13.604869983091739,129.8800048828125,472296402.1118965,99.06040268456375,True,0.0,0,,,,0.0,0,,,,False,False,False,False,0,,none,0,0,False,-3,0.375,mixed,4,False
HWC,76.44499969482422,-3.4297673593776223,43.325284832533484,30.05849764364841,12.42211931033599,0.1162560732453615,True,0.9614483378454448,5.140951430263222,15.509342437773288,2.4594545898154907,False,False,False,True,29,48.333333333333336,True,0.33525345859357913,0.7343418527279392,False,3.282148502926638,True,-2.5681868635749283,True,2,0,0.5798349816750471,False,0.9521343018688597,False,5,0,False,False,False,45.0,18.849351854680997,6.03048025214877,0.8051319623957538,6.0,False,6,2,3,5,-3.6731362060336448,79.36000061035156,76310465.5131031,60.738255033557046,False,0.0,0,,,,0.0,0,,,,False,False,False,False,0,,none,0,0,False,-1,0.625,mixed,4,False
HWM,290.1449890136719,0.0,69.94653303993223,55.67491441947079,38.03853608615837,0.08235543125441287,True,0.9299390812120275,7.813339635745405,35.15708407244071,7.2981713266134784,True,True,False,True,26,43.333333333333336,True,0.32914076622367283,0.9414684684788236,False,2.7989417687773335,True,6.502586651306497,False,1,2,0.6259255350039542,True,0.4277321022166595,False,2,0,False,False,False,35.0,16.832767004852816,9.391856151862047,0.9421125190116069,0.0,True,8,4,6,7,-0.9744064799754648,293.0,777426758.1307968,77.04697986577182,False,0.0,0,,,,0.0,0,,,,True,True,False,False,2,sepa_vcp,power_play,7,7,True,1,0.875,mixed,4,False
HXL,109.75,-0.1273995726872479,86.00559627191053,77.62399638409028,59.987618050777854,0.10219674569630127,True,1.0025698559155383,6.223236292532745,30.95097624127423,10.51253921866886,False,False,False,True,24,40.0,True,0.3535633205995462,1.037056028252307,False,4.339808211716967,False,5.721994587326251,False,1,2,0.6097674792335541,True,2.4650190551339177,True,4,0,False,False,False,35.0,20.9710821829621,12.291576759147208,0.9458761940592969,1.0,True,9,3,4,3,-1.135034782437172,111.01000213623047,106644090.08308563,84.69798657718121,True,0.0,0,,,,0.0,0,,,,False,False,False,False,0,,none,0,0,False,-2,0.5,mixed,4,False
IAG,14.710000038146973,-40.130239231359454,118.24926613768399,108.65247716558804,91.01609883227562,0.16958205526768458,False,0.8038826128654669,11.48878674150233,-29.78520523889928,-11.171494489478428,True,False,False,False,24,40.0,True,0.36806615505244944,1.4618571683959554,False,-2.1218158507339515,True,4.031115141332986,True,1,0,0.44720091064293754,False,0.6050825048177703,False,5,1,False,False,False,25.0,24.7806993465344,13.05234582810925,0.21902652206543094,24.0,False,3,1,2,2,-19.35306895431388,18.239999771118164,68603375.42297955,89.66442953020135,True,0.0,0,,,,0.0,0,,,,False,False,False,False,0,,none,0,0,False,-4,0.25,mixed,4,False
IAU,76.36499786376953,-24.815400124825516,23.92891786347482,20.203052622527863,2.5666742892154453,0.14654495597657702,False,0.8642588427132604,4.124928454130669,-18.578742810176287,-1.4772342161060603,True,False,False,True,24,40.0,True,0.3713123888796283,0.46982709746199064,False,-2.654529065538364,True,1.145692534794085,True,2,1,0.45410248052073426,False,0.6928694887293189,False,2,1,False,False,False,25.0,7.458975407628181,4.949910148678536,0.3208325703938802,24.0,False,1,2,2,3,-5.065893155094092,80.44000244140625,378362558.5890091,51.946308724832214,False,0.0,0,,,,0.0,0,,,,False,False,False,False,0,,none,0,0,False,-3,0.375,mixed,4,False
IAUM,40.459999084472656,-24.781560892680275,24.110432448612173,20.416669410372656,2.7802910770602374,0.13134238475856783,False,0.8682332914008234,4.139889458631653,-18.525978234409692,-1.4612817066505301,True,True,False,True,24,40.0,True,0.3689378298111522,0.45898797992813256,False,-2.6530739059865014,True,1.1499977111816495,True,2,0,0.44813256900063125,False,0.9351772157740499,False,3,2,True,False,False,25.0,7.416099042825236,4.992577085454312,0.3196197374377546,24.0,False,1,2,3,4,-5.045767413945046,42.61000061035156,67992263.13867016,52.348993288590606,False,0.0,0,,,,0.0,0,,,,False,False,False,False,0,,none,0,0,False,-2,0.5,mixed,4,False
IBIT,36.09000015258789,-49.375789466812456,8.410931691367285,-46.65977209693999,-64.29615043025241,0.33924579807007366,False,0.7407287640740816,5.2092021617251945,-28.816568817551456,3.498713100296569,True,True,False,True,25,41.66666666666667,True,0.42249149398612135,1.0710252834591696,False,-1.8206077037515154,True,-0.7152636380942545,True,2,1,0.4648647337728088,False,2.96331705762625,True,4,2,True,False,False,25.0,13.419457188597303,8.229429781507374,0.6385068570867555,3.0,False,2,4,5,5,-4.851041755295771,37.93000030517578,1410067331.9476852,4.832214765100671,False,0.0,0,,,,0.0,0,,,,False,False,False,False,0,,none,0,0,False,-1,0.625,mixed,4,False
IBKR,90.54000091552734,-7.052666552002529,50.9987111885351,40.58228249373572,22.9459041604233,0.25753468842726623,True,0.9601292449990588,6.682132748598475,16.949018751444946,-0.8649960579095506,True,False,False,True,25,41.66666666666667,True,0.4224257671317898,1.6575092197776504,False,0.19094558317745003,True,0.011048421921278084,True,2,1,0.5210447288022312,False,1.3975783543402427,True,7,0,False,False,False,45.0,19.215094417669196,10.934386786367433,0.6117033558251156,23.0,False,4,3,4,4,-7.461156679884507,97.83999633789062,400631405.52808684,69.53020134228188,False,0.0,0,,,,0.0,0,,,,False,False,False,False,0,,none,0,0,False,-2,0.5,mixed,4,False
IBM,211.73500061035156,-35.687818988304734,2.8988658278843893,-16.64408502981948,-34.2804633631319,0.2282970075402732,False,1.1081713001090463,8.071408264399677,-26.648386908520084,-26.866880130907678,False,False,False,False,24,40.0,True,0.5004973531900198,2.306913981764853,True,-3.202141853546843,True,-0.43964713718152026,True,1,0,0.4315416110840264,False,0.8325784127163154,False,4,2,True,False,False,25.0,36.1160967800724,46.430678572367995,0.1114021827618615,13.0,False,1,2,2,2,-32.09268476593369,311.79998779296875,3147720792.6569624,19.261744966442954,False,0.0,0,,,,0.0,0,,,,False,False,False,False,0,,none,0,0,False,-4,0.25,mixed,4,False
IBN,29.485000610351562,-13.230451240459695,17.00396713365926,-13.230451240459695,-30.866829573772115,0.06404423019686212,False,1.011750904417687,4.442935183397858,1.1492315478739634,-0.016952054273999817,False,False,False,True,28,46.666666666666664,True,0.43492730731011564,0.6096921175628787,False,3.115548495715047,True,-0.9240578508577735,True,2,0,0.46030118704451944,False,1.093067166741348,False,4,1,False,False,False,55.0,17.0675460957768,4.8160082987938395,0.8330116370352587,3.0,True,2,3,3,4,-2.850081582359032,30.350000381469727,211661314.69738197,21.677852348993287,False,0.0,0,,,,0.0,0,,,,False,False,False,False,0,,none,0,0,False,-2,0.5,mixed,4,False
IBP,224.4499969482422,-34.13579791409687,14.93661768728809,13.62031299133486,-4.0160653419775585,0.09357903702146958,False,0.9949624708696265,7.890401851041721,-23.737461665379513,-1.6691481864027025,False,False,False,True,22,36.666666666666664,False,0.36813343754070593,1.3854906499450976,False,0.8942931748090519,True,-1.8368672907744021,True,2,0,0.5549966878023881,False,0.9113691304828195,False,7,2,True,False,False,35.0,19.292218360380307,12.180891944045893,0.6881080213759676,5.0,False,0,3,3,4,-6.017088156465899,238.82000732421875,97770546.88701172,45.90604026845638,False,0.0,0,,,,0.0,0,,,,False,False,False,False,0,,none,0,0,False,-2,0.5,mixed,4,False
IBRX,7.144999980926514,-38.13852932523704,260.8585814191011,137.37541540081054,119.73903706749812,0.19170168133690307,False,0.9223882582790331,14.205743121515527,10.775196778502849,-24.311437515589397,False,True,False,False,24,40.0,True,0.45815558982970017,3.4603068684592335,True,-1.2789086023876068,True,-6.966144002217289,False,0,1,0.39621806994776543,False,1.567021207348296,True,3,2,True,False,False,25.0,27.083336230781228,14.48565220678836,0.05576921525086399,15.0,False,4,3,2,2,-25.572919822815265,9.600000381469727,97222904.34633413,92.21476510067113,True,0.0,0,,,,0.0,0,,,,False,False,False,False,0,,none,0,0,False,-4,0.25,mixed,4,False
ICE,143.2100067138672,-23.034966180740756,16.51615201929726,-20.993242755793272,-38.62962108910569,0.10969474301089628,False,0.9343764766145645,4.49689416904598,-16.610052540030086,7.684788930419617,False,True,False,True,22,36.666666666666664,False,0.4865863369647411,1.4144287744418906,True,0.8511890814905829,True,2.549239508038692,True,2,1,0.5490495373499288,False,2.9265967490801716,True,3,1,False,False,False,25.0,15.745417956221686,6.333361426580041,0.9411249467434121,5.0,True,1,4,4,5,-0.9270123207197889,144.5500030517578,565102664.3622437,15.838926174496645,False,0.0,0,,,,0.0,0,,,,False,False,False,False,0,,none,0,0,False,-1,0.625,mixed,4,False
ICHR,86.77999877929688,-22.711079691160364,517.2119216882829,312.25654120933336,294.62016287602097,0.10285573748019369,True,1.1625350182735779,19.68195675422096,176.19350276441108,-11.647324678504367,False,True,False,False,26,43.333333333333336,True,0.5943394673149179,5.676661804151148,True,0.2986811989613754,True,4.718228433841953,True,1,1,0.4200781390091065,False,1.4929841090449558,True,5,1,False,False,False,25.0,31.924635984920695,25.443653078642726,0.2608935059885273,16.0,False,8,2,3,4,-23.59570577540724,113.58000183105469,113950720.82085952,97.98657718120806,True,0.0,0,,,,0.0,0,,,,False,False,False,False,0,,none,0,0,False,-2,0.5,mixed,4,False
ICLR,167.88999938964844,-17.262960326922496,109.65284159689092,-13.906977017137867,-31.543355350450284,0.12634049270856645,False,0.8449199460856157,12.383113121986062,-10.074985466554853,-2.987402196856548,True,True,False,False,24,40.0,True,0.40366526726289015,1.6738267331117052,False,3.030815294461424,True,-1.2411768296185621,True,1,1,0.5245784945226132,False,1.3110387878826821,True,4,2,True,False,False,25.0,24.11871049264614,12.383113121986062,0.6582823439267744,1.0,False,1,3,3,3,-8.24178921705575,182.97000122070312,122365865.2891449,21.2751677852349,False,0.0,0,,,,0.0,0,,,,False,False,False,False,0,,none,0,0,False,-3,0.375,mixed,4,False
IDA,150.4600067138672,-2.646390331367976,28.003644656150794,25.814119567565385,8.177741234252967,0.052817150387297916,False,1.0280234940049369,4.240332711765381,15.291290202830087,-2.646390331367976,False,True,False,True,29,48.333333333333336,True,0.5700782006433263,1.1251247909221886,True,1.8537025705187813,True,1.1631890244234055,True,2,0,0.41733810276796063,False,0.7095436929980478,False,3,3,True,False,False,45.0,13.097933035479468,5.7490319756094665,0.7806803807701737,14.0,True,4,4,4,6,-2.8726336860391166,154.91000366210938,88562980.85528183,58.12080536912752,False,0.0,0,,,,0.0,0,,,,False,True,False,False,1,,power_play,6,6,True,0,0.75,mixed,4,False
IDCC,255.55999755859375,-35.10031516785301,16.50453695157923,14.823817517364922,-2.8125608159474957,0.08178107226425729,False,0.8907359583852233,4.3127275593221555,-22.310406764537504,-8.951751176674605,True,True,False,True,20,33.33333333333333,False,0.2531831058005029,0.9264944412895669,False,-1.337142154189851,True,-1.8775252137636422,True,2,0,0.518331448485546,False,1.000354457759095,False,5,2,True,False,False,45.0,17.459579446484607,6.989201343652342,0.13415103849127658,23.0,False,0,2,4,4,-15.117358732117747,301.07451151533866,72958430.23714904,46.577181208053695,False,0.0,0,,,,0.0,0,,,,False,False,False,False,0,,none,0,0,False,-2,0.5,mixed,4,False
IDXX,538.969970703125,-29.700790962071157,2.3801322474755082,-2.0001092034055534,-19.636487536717972,0.10897184984622629,False,1.0198664173876215,6.6033413344047736,-22.321828973478098,-3.3757650595059974,False,True,False,True,21,35.0,False,0.3908771149617069,1.2731103365315446,False,-0.8927434378330357,True,-5.017276120081271,False,1,0,0.402227718241048,False,0.8029065446488064,False,4,1,False,False,False,25.0,10.805512470858776,8.722194615833063,0.3250554047975065,6.0,False,0,1,2,4,-7.293122240599271,581.3699951171875,360579286.6638611,31.543624161073826,False,0.0,0,,,,0.0,0,,,,False,False,False,False,0,,none,0,0,False,-2,0.5,mixed,4,False
IESC,638.7100219726562,-16.67622820973437,98.61004050062911,94.54479812442057,76.90841979110814,0.06089291612217643,False,0.8817132023884755,11.491916814983814,38.39570290079324,-2.3379171295632606,True,True,False,False,24,40.0,True,0.3638762273095998,2.379791572046582,False,-1.1508712475404865,True,4.190728136586852,True,1,0,0.40009390078377016,False,0.849374114802903,False,3,3,True,False,False,25.0,27.813432228505906,16.59908501260198,0.2608443715387618,20.0,False,4,2,4,3,-20.558454978525344,804.0,225605055.67432863,87.98657718120806,True,0.0,0,,,,0.0,0,,,,False,False,False,False,0,,none,0,0,False,-2,0.5,mixed,4,False
IEX,222.30499267578125,-2.906627289892927,43.21690238981552,22.840901042492277,5.204522709179859,0.1568574969774851,True,0.9812262723142915,3.5356833491431794,14.624416678619024,-0.3518775718299838,False,False,False,True,25,41.66666666666667,True,0.40019646466680103,0.8716219932193798,False,0.9316193537813382,True,-1.1714278194299266,True,2,0,0.5021329867538712,False,1.0104095396344444,False,6,2,True,False,False,65.0,13.072532270441368,5.955777274730283,0.6898218286470289,5.0,False,4,3,4,5,-4.0548141545982075,231.6999969482422,143492695.58557588,54.83221476510067,False,0.0,0,,,,0.0,0,,,,False,False,False,False,0,,none,0,0,False,-1,0.625,mixed,4,False
IFF,74.92500305175781,-10.622687086710803,28.013737084170142,1.1303388339071851,-16.506039499405233,0.07366023971592894,False,0.9697923338873673,8.648642594065315,3.463061669360723,-10.622687086710803,False,False,False,False,21,35.0,False,0.5256609335477962,1.5733872671520364,True,-0.5205634742489361,True,-4.187971898070508,True,1,0,0.4475979287253602,False,0.9914971178507475,False,5,2,True,False,False,65.0,18.384548462398183,10.717381984956067,0.4221948334256169,15.0,False,1,2,2,5,-10.622687086710803,83.83000183105469,150477823.157283,34.42953020134228,False,0.0,0,,,,0.0,0,,,,False,False,False,False,0,,none,0,0,False,-1,0.625,mixed,4,False
ILMN,191.9600067138672,-2.4890754248157343,110.94506232293098,78.3351986272193,60.69882029390688,0.13133530168493446,True,1.047152321977023,10.554278911354276,27.734900368067006,1.7384005540651781,False,True,False,False,30,50.0,True,0.49617778982576444,1.9350903914847708,True,3.0900353655679202,True,2.844903825889067,True,1,1,0.5539490162863204,False,1.6417930553222848,True,6,1,False,False,False,25.0,20.20186594900144,10.554278911354276,0.821526387315367,1.0,False,7,2,3,6,-3.6054999988889613,199.13999938964844,318652694.11582947,84.76510067114094,True,0.0,0,,,,0.0,0,,,,False,True,False,False,1,,power_play,6,6,True,0,0.75,mixed,4,False
IMAX,44.349998474121094,-1.3787029792131644,80.94654451231055,56.76916592031287,39.13278758700045,0.27516413933300365,True,1.0767019050567543,19.932357286880556,28.142148777819955,11.208619072931025,False,False,False,False,24,40.0,True,0.4025814363081575,2.0035392080223526,False,2.6189656904306067,True,12.993626685658842,False,0,1,0.4666386575438626,False,1.4380498504658399,True,4,1,False,True,True,25.0,19.57279715164843,19.932357286880556,0.8296210832976147,0.0,False,6,2,2,4,-3.334791975533391,45.880001068115234,56955558.1791275,77.78523489932886,False,0.0,0,,,,0.0,0,,,,False,False,False,False,0,,none,0,0,False,-2,0.5,mixed,4,False
IMO,128.94000244140625,-6.323701027786132,59.59192330261249,56.70717708282722,39.07079874951481,0.1837124490649343,True,0.9165263961073634,6.693033263544157,28.680926439833023,13.333924800870921,True,True,False,True,31,51.66666666666667,True,0.4230278440146021,0.9440046097619768,False,2.2716552364766835,True,5.239965698858962,False,1,0,0.5414711017945929,False,0.981164434816857,False,3,1,False,False,False,45.0,20.280706981496248,8.391499526875776,0.6932056011843888,44.0,False,5,2,5,5,-6.222007305943711,137.49494816130624,59716530.23380737,77.71812080536913,False,0.0,0,,,,0.0,0,,,,False,False,False,False,0,,none,0,0,False,-1,0.625,mixed,4,False
INCY,117.3949966430664,-0.9492069117990609,67.32467291256252,66.54135366828422,48.904975334971795,0.13493494195630062,True,0.9037716872618358,3.93542761556897,15.104421121641455,0.45780937011861145,False,True,False,True,26,43.333333333333336,True,0.4266274484655052,1.239470966472057,False,3.4713356177889962,True,0.1236645143423587,True,2,1,0.4847227760579459,False,1.3564376980969686,True,3,1,False,False,False,25.0,19.65719267238748,7.700499317711991,0.9062100539898874,5.0,True,7,4,6,6,-1.8436470394535998,119.5999984741211,188812407.8662796,81.94630872483222,True,0.0,0,,,,0.0,0,,,,True,True,False,False,2,power_play,sepa_vcp,6,6,True,0,0.75,mixed,4,False
INDV,40.119998931884766,-4.087981889353909,138.6674610738044,138.6674610738044,121.03108274049197,0.046663728848384246,True,1.025021993431126,6.079260321432941,21.68637381393812,0.8040193491417158,False,False,False,True,22,36.666666666666664,False,0.45009155227189707,1.5659696200717454,True,0.9467605174179862,True,-1.0360186831710472,True,2,2,0.5269972049723608,False,1.5802293196969475,True,2,1,False,False,False,35.0,16.911939841664672,8.185444875768942,0.6284527875999184,19.0,False,6,4,4,5,-6.283584104448381,42.810001373291016,72046197.22005005,92.28187919463086,True,0.0,0,,,,0.0,0,,,,False,False,False,False,0,,none,0,0,False,-1,0.625,mixed,4,False
INFY,10.994999885559082,-44.447647642592855,4.8141098709203245,-35.51118871011336,-53.14756704342578,0.276128981816745,False,0.9690287549876782,10.914050220602784,-38.417293955189905,-1.4784943020522467,False,False,False,False,21,35.0,False,0.5018680707622557,1.658082616383037,True,-1.2150002002265146,True,-4.3080930845911585,True,1,0,0.5049152306585863,False,0.9806657050277359,False,6,1,False,False,False,25.0,11.053538354096476,11.641652990395688,0.542968624853503,6.0,False,0,1,1,3,-5.051813834207264,11.579999923706055,249905058.86949235,8.859060402684564,False,0.0,0,,,,0.0,0,,,,False,False,False,False,0,,none,0,0,False,-3,0.375,mixed,4,False
ING,32.83000183105469,-1.5001499325875578,49.04758663699636,42.88182324247658,25.24544490916416,0.15358253894663548,True,0.9964285647448993,4.081632890194823,18.228098177182627,2.2741538680200346,False,True,False,True,28,46.666666666666664,True,0.45819670960928377,0.6047619797495591,True,2.5986156754235124,True,1.5465511032533463,True,2,0,0.4979823792681775,False,0.7523156240923133,False,7,1,False,False,False,65.0,18.20083207373835,4.782210195733581,0.8965521453293591,2.0,True,6,2,4,6,-1.8828370312488296,33.459999084472656,85181776.22421989,70.73825503355705,False,0.0,0,,,,0.0,0,,,,False,True,False,False,1,,power_play,6,6,True,0,0.75,mixed,4,False
INGR,101.19000244140625,-21.62552519301445,7.775059217395897,-21.430676094781443,-39.06705442809386,0.05706813251167929,False,0.9045193521135281,3.305663741474892,-11.982404943519642,3.6570370768087335,False,True,False,True,18,30.0,False,0.44455272274155455,1.0688724802912564,True,0.6976902239803814,True,-1.3357987030028995,True,2,2,0.6062654355303323,True,1.0737296745042737,False,2,2,True,False,False,25.0,10.030422279905011,6.7496729290179065,0.725034548672407,5.0,True,1,6,5,6,-2.7580195892004222,104.05999755859375,70990735.37059745,15.503355704697984,False,0.0,0,,,,0.0,0,,,,False,True,False,False,1,,power_play,6,6,True,0,0.75,mixed,4,False
INOD,56.38999938964844,-53.588477868602105,63.68649678031806,21.76635222941494,4.129973896102523,0.19884407532731085,False,0.4816068060688465,14.80758745256151,-5.258738313243683,-18.13298252294827,False,True,True,False,24,40.0,True,0.4405232566998528,3.3052428618923537,True,-7.5761247756717776,True,-7.268544456214954,False,1,0,0.34932893912439916,False,0.8105802352608297,False,4,5,True,False,False,,,,,,False,1,2,3,2,,,69627883.15257187,53.624161073825505,False,0.0,0,,,,0.0,0,,,,False,False,False,False,0,,none,0,0,False,-3,0.375,mixed,4,False
INSM,105.88500213623047,-49.91485724324405,15.24271364983254,2.2845880697992316,-15.351790263513188,0.07959876685225234,False,0.8759631835985395,4.627663433934315,-32.216248905115265,-5.1209645304931435,False,True,False,True,27,45.0,True,0.4104881877076986,1.7093232933882436,False,0.027731940553018898,True,-2.247966733247786,True,2,0,0.43398762920548545,False,0.8088833908795917,False,4,2,True,False,False,25.0,21.365233996923862,9.897533310194524,0.46534853994483777,11.0,False,1,2,2,4,-11.422953550875537,119.54000091552734,273927626.23593634,35.90604026845637,False,0.0,0,,,,0.0,0,,,,False,False,False,False,0,,none,0,0,False,-2,0.5,mixed,4,False
INSP,50.83000183105469,-64.69893750127828,26.91636154644115,-60.486627742362266,-78.12300607567468,0.06774359640207565,False,1.0211236246433004,9.246509135610493,-35.98236668233863,8.264112896837172,False,True,False,False,26,43.333333333333336,True,0.3742388772352731,1.8780970847966243,False,2.4679988416791168,True,0.45455210250890943,True,1,2,0.48027973869315577,False,2.6883795143762463,True,2,2,True,False,False,25.0,25.738318612642374,9.836710249625135,0.8061003572850327,3.0,False,2,5,4,5,-4.9906507830753455,53.5,52067278.30823517,2.214765100671141,False,0.0,0,,,,0.0,0,,,,False,False,False,False,0,,none,0,0,False,-1,0.625,mixed,4,False
INTC,96.17009735107422,-31.765222303685192,398.0326256388161,324.9673040987263,307.3309257654139,0.6825833882815155,False,0.7984790902142337,11.937178024922558,113.37940537443197,-20.091318179988416,True,False,False,False,23,38.333333333333336,False,0.41128246054503026,3.0053063252461163,False,-2.5811298049236884,True,1.189074520897071,True,1,0,0.36899074061694476,False,0.5142832480091393,False,6,2,True,False,False,25.0,37.063580964835644,20.817286062815153,0.12471758520163809,17.0,False,6,2,3,3,-32.44110064797595,142.35000610351562,11629307139.148714,98.0536912751678,True,0.0,0,,,,0.0,0,,,,False,False,False,False,0,,none,0,0,False,-3,0.375,mixed,4,False
INTU,292.7950134277344,-63.32821815166832,15.298541743640559,-62.09926908523584,-79.73564741854825,0.14779839235373748,False,0.8426536285453254,5.976877746355208,-47.69210378854285,6.806604742934286,False,True,False,True,24,40.0,True,0.5266191353228165,2.2964467866072193,True,-0.383515299469343,True,0.5857353778192298,True,2,2,0.5044736191460459,False,1.5941681561921703,True,1,1,False,False,False,25.0,16.666692470844133,10.372442741304818,0.8157715897983295,5.0,False,2,4,4,6,-3.070478257223763,302.07000732421875,1253155380.863379,1.8120805369127517,False,0.0,0,,,,0.0,0,,,,False,True,False,False,1,,power_play,6,6,True,0,0.75,mixed,4,False
INVH,29.684999465942383,-3.490276747803267,24.454247328551926,-3.490276747803267,-21.126655081115686,0.07234007426940525,False,0.9937939043775517,2.9307695722983453,11.638053873370136,-2.7677733432634577,True,True,False,True,25,41.66666666666667,True,0.48917723976075667,0.8859101963908798,True,0.686070604536744,True,-1.4442276267283338,True,2,0,0.4833963660660169,False,0.9657485367762504,False,5,2,True,False,False,65.0,14.686188837965325,4.6488097880880055,0.7684500667072729,5.0,False,3,3,5,5,-3.4005860457552606,30.729999542236328,123122771.4976469,30.0,False,0.0,0,,,,0.0,0,,,,False,False,False,False,0,,none,0,0,False,-1,0.625,mixed,4,False
IONQ,32.7400016784668,-60.11694099277861,23.12900146892385,-25.421411069503787,-43.057789402816205,0.25567657308722497,False,0.5559438016971663,11.423025320430476,-30.70899115668403,-33.34690067101241,False,True,True,False,21,35.0,False,0.423778816432409,3.131485484489845,False,-7.741026976018328,True,-5.865431778118424,False,1,0,0.23304754178845596,False,0.2984161810714538,False,8,3,True,False,False,,,,,,False,0,2,2,2,,,847414290.5623105,13.422818791946309,False,0.0,0,,,,0.0,0,,,,False,False,False,False,0,,none,0,0,False,-4,0.25,mixed,4,False
IONS,56.43000030517578,-34.763005427542446,38.68272845832694,33.87899943616694,16.242621102854525,0.07103745768264716,False,1.429753540407891,13.23764164505591,-29.717275299890122,-31.0146721272486,False,False,False,False,26,43.333333333333336,True,0.4825830345937373,2.4070122498006015,True,-3.797288198633566,True,3.7506911903286477,True,1,1,0.5152114349553605,False,0.7401546443977695,False,1,1,False,False,False,,,,,,False,2,2,1,1,,,282874423.19678575,64.29530201342281,False,0.0,0,,,,0.0,0,,,,False,False,False,False,0,,none,0,0,False,-5,0.125,mixed,4,False
IOT,31.545000076293945,-30.24104550034452,30.082474541418325,-17.248161174766675,-34.884539508079094,0.1034043505334529,False,1.0539984453641447,24.821683007667183,-1.7289670536108748,-12.204286645247176,False,False,False,False,26,43.333333333333336,True,0.5827310742883544,3.8423027444685336,True,-0.84207692009762,True,-17.68006177579734,False,0,2,0.314310127272439,False,1.835723264289107,True,1,2,True,False,False,25.0,27.08518152997037,25.319389442860107,0.2596612283346296,5.0,False,1,4,3,3,-20.052210024231844,39.457000732421875,192384377.83992356,18.7248322147651,False,0.0,0,,,,0.0,0,,,,False,False,False,False,0,,none,0,0,False,-3,0.375,mixed,4,False
IOVA,5.036099910736084,-8.100366912269708,178.2375729251326,53.07294738993251,35.43656905662009,0.1567545615805577,True,1.1535304472481194,16.679567336620945,90.76135267497958,16.846867229614794,True,False,False,False,25,41.66666666666667,True,0.43267627156035277,3.8014843227010156,False,2.130834405969356,True,0.7219982147216752,True,1,1,0.4997042916529747,False,1.4430075477638404,True,3,1,False,True,False,25.0,33.33333192424004,37.33047217777606,0.6787765980989161,2.0,False,7,2,3,4,-10.707446277402388,5.639999866485596,75191848.16312046,75.57046979865771,False,0.0,0,,,,0.0,0,,,,False,False,False,False,0,,none,0,0,False,-2,0.5,mixed,4,False
IP,38.0099983215332,-28.46621700737867,31.303675592285863,-27.317491942923024,-44.95387027623544,0.1030122101078786,False,1.0275303603611354,7.313861883866399,-9.475140601128885,-2.010834172684728,False,False,False,True,25,41.66666666666667,True,0.4091353683352244,1.4360154508235925,False,2.0491426002634814,True,1.1980748982671319,True,2,0,0.41094483391327996,False,0.766043681735593,False,6,0,False,False,False,35.0,20.190856528870707,7.76111784584909,0.7748754233116464,20.0,False,2,2,2,4,-4.545458029037297,39.81999969482422,177041220.02126083,12.751677852348994,False,0.0,0,,,,0.0,0,,,,False,False,False,False,0,,none,0,0,False,-2,0.5,mixed,4,False
IQV,208.57000732421875,-14.621960351882212,33.135454135486285,3.859177232021427,-13.777201101290991,0.1767975806613126,False,0.9271996724139334,9.32540454774376,-11.36372891581734,0.7389944395773895,False,True,False,False,23,38.333333333333336,False,0.43093400672035964,1.3359035161421335,False,3.301144193365408,True,1.1199519436166039,True,1,0,0.39430557065641636,False,1.0693363752029132,False,3,0,False,False,False,25.0,25.2614609814034,9.32540454774376,0.8453402253447281,1.0,False,1,1,3,5,-3.9069318628467964,217.0500030517578,239518950.90979385,37.38255033557047,False,0.0,0,,,,0.0,0,,,,False,False,False,False,0,,none,0,0,False,-1,0.625,mixed,4,False
IR,84.47000122070312,-14.426756020555231,23.24190267346047,-2.6874985717324273,-20.323876905044845,0.10548827645720014,False,1.1270167519890684,8.215810973827574,-3.0935248650120095,4.814499390898042,False,False,False,False,24,40.0,True,0.38683571750695606,1.2730730592633344,False,3.0192721842495502,True,2.7115800277957014,True,1,0,0.5037346188992662,False,0.8499135209553268,False,6,1,False,True,True,65.0,20.959922554197366,9.12738225515036,0.9085437042599925,64.0,True,2,3,3,5,-1.916916875804331,86.12086664704935,328903799.15342104,30.87248322147651,False,0.0,0,,,,0.0,0,,,,False,False,False,False,0,,none,0,0,False,-1,0.625,mixed,4,False
IRDM,46.32500076293945,-16.86109162228966,197.54972374438427,88.09914600582754,70.46276767251511,0.0621606279688523,False,0.5209044456213919,5.159199892686165,114.76535336707663,-13.813952068949853,False,True,True,True,24,40.0,True,0.4808036764173689,2.023818035756463,True,-0.8007359473443995,True,-0.7604960152430951,True,3,1,0.35165396782611885,False,1.2426020674650338,True,6,5,True,False,False,25.0,28.99615554838308,10.599028098322595,0.34529563670465413,15.0,False,6,3,3,4,-18.98390955631696,57.18000030517578,142878925.83618546,86.71140939597315,True,0.0,0,,,,0.0,0,,,,False,False,False,False,0,,none,0,0,False,-2,0.5,mixed,4,False
IREN,38.2400016784668,-49.95419467905422,148.31170536169336,110.80486750340461,93.16848917009219,0.23366689492707046,False,0.7578588835350765,19.377613813193765,-32.533518926295976,-1.4940701208577045,False,False,False,False,23,38.333333333333336,False,0.4610328296126985,4.172258841214458,True,-3.509955901137401,True,13.74182895110232,False,0,0,0.3228562839772045,False,0.7147841386079302,False,8,2,True,True,False,,,,,,False,2,2,2,3,,,1733618567.5047219,89.86577181208054,True,0.0,0,,,,0.0,0,,,,False,False,False,False,0,,none,0,0,False,-3,0.375,mixed,4,False
IRM,130.8699951171875,-1.6458759068005202,68.44912796449893,37.01438007062634,19.37800173731392,0.15569437884358409,True,1.0141599684154965,7.045160514025447,41.93715587046043,11.701938397525048,False,True,False,True,28,46.666666666666664,True,0.4073953738945944,1.457650743889375,False,1.480433559109226,True,5.693745307494114,False,1,0,0.5411708745132195,False,1.12510891979062,False,4,1,False,False,False,65.0,18.87951303767405,9.704284726892501,0.8501589440161677,21.0,True,7,3,5,5,-2.828926170025614,134.67999267578125,245411302.77173615,66.51006711409396,False,0.0,0,,,,0.0,0,,,,False,False,False,False,0,,none,0,0,False,-1,0.625,mixed,4,False
IRTC,107.94499969482422,-42.96169104632802,6.046761689691649,-18.402747620262016,-36.039125953574434,0.08589427926168684,False,0.929350457030225,7.249059215678874,-32.67743410237607,-14.654493335047247,False,True,False,True,22,36.666666666666664,False,0.3820281961005221,1.8356759271192586,False,-1.0662811824038259,True,-2.6470036357286064,True,2,1,0.48191882121669083,False,1.4616907822704204,True,3,2,True,False,False,25.0,22.36045796808001,14.085878803132502,0.24442223305064154,13.0,False,0,3,3,3,-16.89506489948688,129.88999938964844,64641057.36353798,17.651006711409394,False,0.0,0,,,,0.0,0,,,,False,False,False,False,0,,none,0,0,False,-3,0.375,mixed,4,False
ISRG,337.0450134277344,-43.148346578808706,1.5134704476649885,-31.019622289293736,-48.65600062260616,0.1914104119690255,False,1.249603595899163,10.170747945703349,-35.67720381891688,-20.883311259948066,False,False,False,False,19,31.666666666666664,False,0.5249139009319193,1.9739786572753861,True,-4.066205770295539,True,-2.424584469467095,True,1,0,0.3603054500459627,False,0.724146032522426,False,5,1,False,False,False,25.0,25.971068395088505,25.518840457934328,0.07352309283650948,13.0,False,0,1,1,1,-24.06159512241307,443.8399963378906,1414416090.7809448,10.738255033557047,False,0.0,0,,,,0.0,0,,,,False,False,False,False,0,,none,0,0,False,-5,0.125,mixed,4,False
IT,138.74000549316406,-61.09802607822097,10.347571612876294,-61.0434099548963,-78.67978828820871,0.08738925484054233,False,0.9321369013278011,9.499789111093635,-40.136344157070724,1.7752333032008183,False,True,False,False,25,41.66666666666667,True,0.5224846864225761,2.212388501052943,True,-0.9187693729331722,True,-1.0343083836154676,True,1,0,0.5261052128384921,False,1.0795946377811043,False,4,1,False,False,False,25.0,14.410689834547718,11.813463125786022,0.6926389465307768,5.0,False,2,2,3,5,-4.429284808764811,145.1699981689453,167593871.53785476,2.1476510067114094,False,0.0,0,,,,0.0,0,,,,False,False,False,False,0,,none,0,0,False,-1,0.625,mixed,4,False
ITT,195.1300048828125,-11.802867749613899,23.734310716511153,23.734310716511153,6.097932383198735,0.06524612716071536,False,0.9667943046229542,3.9922067807107267,6.972855011915202,4.459315682530596,False,True,False,True,24,40.0,True,0.47728674071653315,1.4353793043973178,True,0.35988781908774004,True,1.36097369006134,True,2,1,0.4909798085201448,False,1.2318651494422819,True,6,2,True,False,False,25.0,9.904377600856904,4.632805339989552,0.6648326609748372,20.0,False,3,4,3,6,-3.3196238851796345,201.8300018310547,184400715.16447145,55.70469798657718,False,0.0,0,,,,0.0,0,,,,False,True,False,False,1,,power_play,6,6,True,0,0.75,mixed,4,False
ITUB,8.305000305175781,-11.48321317368155,51.18374336541751,47.13626667335742,29.499888340045,0.26085227844466424,False,0.8995572304674845,2.6490097404536113,2.219275729292214,2.278330322956168,False,True,False,True,24,40.0,True,0.4973624472332831,1.0578327119719857,True,1.7811912792466618,True,1.2804938823535617,True,2,1,0.38553057522670786,False,1.383318981348972,True,5,3,True,False,False,35.0,15.582521255417095,6.140881518860359,0.7298308459945997,10.0,False,3,4,3,5,-4.209916584847207,8.670000076293945,161044569.34364176,72.3489932885906,False,0.0,0,,,,0.0,0,,,,False,False,False,False,0,,none,0,0,False,-1,0.625,mixed,4,False
ITW,281.1549987792969,-4.991174991943281,18.839059845481533,10.094681631505376,-7.541696701807043,0.10074953659574618,False,1.164220830182261,4.236098847190896,10.217007423798075,3.077793192955758,False,False,False,True,28,46.666666666666664,True,0.42628388701341957,0.9842435353772586,False,3.450486978829411,True,1.8493067241708294,True,2,0,0.5292735392919621,False,1.0488577386116311,False,5,1,False,False,False,45.0,15.602127441508076,5.630352353176589,0.9119767567212316,5.0,True,4,3,3,5,-1.3733498594502125,285.07000732421875,365630295.49289703,42.41610738255034,False,0.0,0,,,,0.0,0,,,,False,False,False,False,0,,none,0,0,False,-1,0.625,mixed,4,False
IVZ,29.905000686645508,-1.9508174208344053,51.356347453157845,44.43477994119556,26.79840160788314,0.07843549301346685,True,0.9872837440478772,3.8120694314430157,6.978579288319797,10.718254103041591,False,True,False,True,26,43.333333333333336,True,0.42509776886946904,1.3884635088273256,False,2.088040048069358,True,0.9281185746472742,True,2,1,0.47100467323696094,False,1.9825114204116825,True,4,1,False,False,False,25.0,17.504836315425532,9.56361994543854,0.7946593538760273,6.0,False,6,3,4,5,-3.594454399303859,31.020000457763672,128482653.39376831,71.2751677852349,False,0.0,0,,,,0.0,0,,,,False,False,False,False,0,,none,0,0,False,-1,0.625,mixed,4,False
J,135.18499755859375,-17.117023732855042,26.42221142164205,-3.898227719361269,-21.534606052673688,0.09011334101444227,False,0.8267521062034674,5.788361940717992,-1.3964456579299123,5.7041193242321375,True,True,False,True,30,50.0,True,0.5262498232792792,1.296402320928666,True,3.8621963535582653,True,2.6072087731261906,True,2,2,0.578556129766924,False,1.2831983292118851,True,2,0,False,False,False,65.0,23.292446769971743,8.39959753863769,0.9327858147625768,55.0,True,2,5,6,6,-1.5655828318297038,137.33509218390242,113920787.74737397,29.395973154362416,False,0.0,0,,,,0.0,0,,,,True,True,False,False,2,power_play,sepa_vcp,6,6,True,0,0.75,mixed,4,False
JAZZ,251.67999267578125,-1.251619454043429,137.59085429124093,113.2700517920866,95.63367345877418,0.09163032191069574,True,1.0852817688131884,5.81691028913369,49.17905438924643,3.3720751689797934,False,True,False,True,22,36.666666666666664,False,0.4951465455470597,1.5121376728087892,True,1.9737550570558804,True,1.6765619993335035,True,2,2,0.554105249411613,False,1.761381326672693,True,2,1,False,False,False,25.0,14.025314316197054,9.253811969128355,0.8592055513017007,0.0,True,7,4,5,7,-1.9746863969693274,256.75,173986696.98808974,90.13422818791946,True,0.0,0,,,,0.0,0,,,,False,True,False,False,1,,power_play,7,7,True,1,0.875,mixed,4,False
JBHT,288.2300109863281,-3.411411330334657,122.04346679217761,94.35799825309287,76.72161991978045,0.09626527178286634,True,0.9740041571165401,2.89004831376173,39.94902563632196,0.839668518633796,True,False,False,True,22,36.666666666666664,False,0.37269603172814636,1.1246112903699055,False,1.2263145997048308,True,-1.0912434836892082,True,2,1,0.49337250245392383,False,1.274801493585791,True,3,1,False,True,True,45.0,15.275556129292884,9.527121023479678,0.748198370219008,6.0,False,7,3,4,6,-3.8464099291669718,299.760009765625,303489177.4832779,87.91946308724832,True,0.0,0,,,,0.0,0,,,,False,True,False,False,1,,power_play,6,6,True,0,0.75,mixed,4,False
JBL,312.010009765625,-19.0908368604667,62.17910006920886,43.04165817305534,25.40527983974292,0.06625458363130107,False,0.8061780842823862,7.015795469928239,28.39457738405793,-8.581886631976953,True,True,False,True,21,35.0,False,0.42864740745334257,1.9517127344887943,False,-2.891172749391727,True,3.654363523845916,True,2,0,0.46644221923620455,False,0.7172049128180823,False,7,2,True,False,False,25.0,25.540314891655356,13.243167216095863,0.21662335020653437,24.0,False,1,2,3,4,-20.007686314495132,390.04998779296875,419375220.09124756,70.80536912751678,False,0.0,0,,,,0.0,0,,,,False,False,False,False,0,,none,0,0,False,-2,0.5,mixed,4,False
JBLU,5.144999980926514,-20.35603791726388,27.667486676661703,18.004583104894433,0.3682047715820147,0.1590598517902348,False,1.0045774898914035,14.771627438276003,-2.5568224151024443,-14.534883766981876,False,False,False,False,21,35.0,False,0.44812024571775727,2.4903556530677933,True,-0.45928521823355145,True,-5.073802426133356,False,0,1,0.5596554491418615,False,1.5845673566753518,True,3,1,False,False,False,25.0,23.923445048852233,19.241987397967737,0.25,14.0,False,0,2,1,1,-17.942583786639176,6.269999980926514,160382041.8675514,50.06711409395973,False,0.0,0,,,,0.0,0,,,,False,False,False,False,0,,none,0,0,False,-5,0.125,mixed,4,False
JBS,12.210000038146973,-28.40192699622256,5.254316864572028,-0.9882450582333724,-18.62462339154579,0.07764825030552777,False,0.7349377428822516,4.750204110515935,-15.621458651749176,-0.407831890712973,False,True,False,True,20,33.33333333333333,False,0.3944102346141,1.004159847656943,False,-0.22192918884889234,True,2.5188933213970532,True,2,1,0.5516901398342242,False,1.515263552549829,True,3,2,True,False,False,25.0,6.533070213514486,5.167891590115622,0.6748464175803601,13.0,True,1,5,4,5,-2.1242511841232714,12.475000381469727,63748706.56278,32.147651006711406,False,0.0,0,,,,0.0,0,,,,False,False,False,False,0,,none,0,0,False,-1,0.625,mixed,4,False
JBTM,135.41000366210938,-19.54684488836077,17.38793869529478,0.22848430088096006,-17.407894032431457,0.060456049045119746,False,0.9736868728245953,4.02481116671531,-12.076897134022879,-7.145304833100785,True,True,False,True,23,38.333333333333336,False,0.45295962619441565,1.5208294905372828,True,0.6132728078503982,True,1.0522415388875883,True,2,1,0.4421782523599312,False,1.407645542618434,True,5,1,False,False,False,65.0,24.0444610034715,7.628684404168023,0.6070209123570631,14.0,False,0,3,5,4,-9.448970348010398,149.5399932861328,75488243.18358764,33.355704697986575,False,0.0,0,,,,0.0,0,,,,False,False,False,False,0,,none,0,0,False,-1,0.625,mixed,4,False
JCI,143.1300048828125,-3.4275700701249523,39.45030506809528,30.85665280117853,13.220274467866112,0.07483034516927371,True,0.885791760407822,4.569267842537575,26.743980461238493,1.6837244021499664,False,True,False,True,20,33.33333333333333,False,0.43041033993115996,1.3843461803644181,False,0.32341618549848156,True,1.9008956580675695,True,2,1,0.5374686126502064,False,1.3335999824604996,True,4,1,False,False,False,45.0,13.376337092845638,7.070491701214733,0.6019261060519834,16.0,False,5,3,4,6,-5.324770593310357,151.17999267578125,567197536.8639129,61.40939597315436,False,0.0,0,,,,0.0,0,,,,False,True,False,False,1,,power_play,6,6,True,0,0.75,mixed,4,False
JD,30.094999313354492,-13.829399715183055,22.708292358494987,-6.878084450650556,-24.514462783962976,0.19666201596260288,False,0.8682033269874347,3.372657651288495,4.450084362667317,13.054088522039153,False,True,False,True,23,38.333333333333336,False,0.4201675237479272,0.8716998453172451,False,1.7407755447877247,True,1.6036409880580749,True,2,1,0.293691358886406,False,0.9866455150509764,False,1,1,False,False,False,25.0,20.66903796825824,7.409873734721802,0.8678653385118565,3.0,True,1,4,5,4,-2.7310963352213835,30.940000534057617,207209215.67292595,26.97986577181208,False,0.0,0,,,,0.0,0,,,,False,False,False,False,0,,none,0,0,False,-1,0.625,mixed,4,False
JEF,55.18000030517578,-19.798498044517075,54.37493656693362,-0.3910509193910894,-18.027429252703506,0.055949126681817694,False,0.9293640287081477,4.584992325669788,-10.089874658807096,4.8650730240509255,True,True,False,True,33,55.00000000000001,True,0.5362166404350314,2.125849297433836,True,0.16965185045589784,True,0.564974265218865,True,2,1,0.6296930980379541,True,1.00006077300136,False,4,1,False,False,False,25.0,26.5637313472306,10.583544980589842,0.5083036408410615,23.0,False,2,2,4,5,-13.061289989109447,63.470001220703125,104535638.287467,32.88590604026846,False,0.0,0,,,,0.0,0,,,,False,False,False,False,0,,none,0,0,False,-1,0.625,mixed,4,False
JHX,25.600000381469727,-13.688467588770493,53.38525801260678,-6.33003859153225,-23.96641692484467,0.12088597075690519,False,0.998541873732847,7.031246914994018,4.4471650037092525,-0.8136345944127599,False,False,False,True,24,40.0,True,0.43775100601043093,1.4033922012961988,False,1.795066731470136,True,-0.8520500230625228,True,2,0,0.41797137708736376,False,0.9544642069464855,False,5,1,False,False,False,35.0,18.78922157223261,11.835940005839765,0.7072692089487249,6.0,False,2,2,2,4,-5.500183694077332,27.09000015258789,163470918.79886246,27.248322147651006,False,0.0,0,,,,0.0,0,,,,False,False,False,False,0,,none,0,0,False,-2,0.5,mixed,4,False
JKHY,150.8699951171875,-21.028567813854103,22.24112571340897,-15.33670887636751,-32.97308720967993,0.05773467713582562,False,1.0259582791285151,6.3365797494512215,-17.833180868094523,2.7234970606544895,False,True,False,True,25,41.66666666666667,True,0.4219253494757717,1.4049430499421354,False,2.640132449850856,True,-0.5274629533961517,True,2,1,0.47637548979886224,False,1.4129995225032068,True,4,1,False,False,False,25.0,22.295693910482623,7.54954580650799,0.8589113538252744,5.0,False,2,3,3,5,-3.145669269356066,155.77000427246094,188201728.83685914,20.201342281879196,False,0.0,0,,,,0.0,0,,,,False,False,False,False,0,,none,0,0,False,-1,0.625,mixed,4,False
JLHL,6.0,-86.60714262906386,96.7213145509519,22.44897720864398,4.812598875331563,0.012551671435152446,False,0.4748728370495035,56.999993324279785,43.19808873654885,-18.144610334915335,False,True,True,False,20,33.33333333333333,False,0.5050607286456757,23.376388792960697,True,-3.7017480052851304,True,-35.828879623458796,False,1,1,0.28030642867828826,False,3.028070031626059,True,3,2,True,True,False,,,,,,False,1,3,3,2,,,74416582.79917593,54.36241610738255,False,0.0,0,,,,0.0,0,,,,False,False,False,False,0,,none,0,0,False,-3,0.375,mixed,4,False
JLL,325.6600036621094,-9.20091442119345,24.597317881150403,24.597317881150403,6.9609395478379845,0.08318407214498945,False,0.9864297748793313,4.725792076206419,-8.029030181539476,-0.5496817443164437,False,False,False,True,23,38.333333333333336,False,0.451579361973762,1.34092334625929,True,1.9370623195049843,True,-1.5151085862582736,True,2,0,0.4488350524474714,False,1.1896940048777722,False,5,2,True,False,False,45.0,17.95719160804889,7.24988794634394,0.7848101392832004,13.0,False,2,3,3,6,-3.864205561000922,338.75,124489378.81506653,56.442953020134226,False,0.0,0,,,,0.0,0,,,,False,True,False,False,1,,power_play,6,6,True,0,0.75,mixed,4,False
JNJ,262.5849914550781,-1.7418795649612018,63.37620311059764,58.73199033335179,41.09561200003937,0.15095223609916072,True,1.1254454708005808,6.706400283111461,20.60465868614645,-0.17298398534915105,False,False,False,True,24,40.0,True,0.4797307092743858,1.1595169112144925,True,3.3957078295368643,True,3.772130264859763,True,2,1,0.5242684202570307,False,1.4186247899072786,True,3,0,False,False,False,45.0,18.03436798380551,6.706400283111461,0.8591273567278421,13.0,True,6,4,4,5,-2.5405490876214576,269.42999267578125,2093136902.9132018,78.65771812080537,False,0.0,0,,,,0.0,0,,,,False,False,False,False,0,,none,0,0,False,-1,0.625,mixed,4,False
JOBY,7.074999809265137,-65.30161833718857,0.0,-59.59451903606894,-77.23089736938135,0.09051504083307073,False,0.6809893946459833,12.720849747427943,-49.21033988322042,-16.666666666666664,True,False,False,False,24,40.0,True,0.4288360306815521,2.7889172320060123,False,-5.2749470170097945,True,-2.1438479861610404,True,1,1,0.40457355805427875,False,1.5085524897700902,True,6,3,True,False,False,25.0,33.074309709321554,18.233222239820453,0.05433184475191376,23.0,False,1,3,3,2,-31.277321448917984,10.295000076293945,407001896.50446534,2.348993288590604,False,0.0,0,,,,0.0,0,,,,False,False,False,False,0,,none,0,0,False,-3,0.375,mixed,4,False
JPM,350.2799987792969,0.0,25.038427776152194,20.3780516710121,2.7416733376996802,0.09922102004864167,False,1.055307046703084,3.891174183599459,18.789034334535202,5.198665794255786,False,True,False,True,25,41.66666666666667,True,0.4908181923635147,1.1007366950691613,True,3.919474933829934,True,2.691290680597458,True,2,1,0.6226649118137109,True,1.1331424677631434,False,5,0,False,False,False,45.0,16.765456516981946,7.277032751857361,0.983697732038856,7.0,True,5,4,4,6,-0.27331496463074423,351.239990234375,3393690489.3666244,52.214765100671144,False,0.0,0,,,,0.0,0,,,,False,True,False,False,1,,power_play,6,6,True,0,0.75,mixed,4,False
JXN,117.93000030517578,-6.1813817276906935,45.051656629685844,39.15819726671499,21.521818933402574,0.09770599425566041,True,1.1705079321681469,8.873064096941508,5.835968678900527,12.88408052761203,False,True,False,False,23,38.333333333333336,False,0.5689688230067612,1.6797431852844709,True,2.0459251812563073,True,-6.151522466702297,False,0,3,0.6360583713892201,True,1.98493531993532,True,2,3,True,True,True,25.0,19.55166453163263,9.166459051992257,0.6463463615155788,5.0,False,4,6,5,6,-6.91451730003868,126.69000244140625,74127887.32414627,68.52348993288591,False,0.0,0,,,,0.0,0,,,,False,True,False,False,1,,power_play,6,6,True,0,0.75,mixed,4,False
KALU,167.85000610351562,-14.200275052867184,136.12314092934295,95.8186602050163,78.18228187170388,0.2468209786111925,False,0.9765558488753614,18.689302339280914,32.35832900921225,-4.776761765961323,False,False,False,False,25,41.66666666666667,True,0.41327935780797675,2.1122222461479754,False,-0.9721871915204863,True,6.382309166008238,False,0,1,0.4251034968603136,False,1.403528574157362,True,5,2,True,False,False,25.0,20.835885094999508,18.689302339280914,0.31153565148822704,17.0,False,4,3,2,3,-14.344764057594993,195.9600067138672,53074510.057655334,88.18791946308725,True,0.0,0,,,,0.0,0,,,,False,False,False,False,0,,none,0,0,False,-3,0.375,mixed,4,False
KBH,56.11000061035156,-16.35020300383806,24.57815157594254,0.9729412095829115,-16.66343712372951,0.05728029384014018,False,0.95325764311571,5.008022353812998,-4.09050985802899,-8.257029512197144,False,True,False,True,23,38.333333333333336,False,0.46166792858266203,1.6136540827564703,True,1.2042190451572985,True,0.01782912032535222,True,2,0,0.5319853402672686,False,1.1846556302047713,False,4,1,False,False,False,45.0,29.67153976298758,8.821958134190865,0.6016949135419523,20.0,False,0,2,4,4,-11.818325210640168,63.630001068115234,63229985.96487961,34.36241610738255,False,0.0,0,,,,0.0,0,,,,False,False,False,False,0,,none,0,0,False,-2,0.5,mixed,4,False
KBR,37.404998779296875,-26.335801303486107,25.00998085040862,-19.265031958891054,-36.90141029220347,0.11426533403353675,False,0.8716951203626885,9.71794797529875,-14.926093124883744,2.7327628015782146,False,True,False,False,24,40.0,True,0.4873759515380304,1.6704227109017633,True,2.8080026050852362,True,6.658109794102063,False,0,1,0.4973124256106248,False,2.5496964517391216,True,4,2,True,False,False,45.0,18.646513386506804,9.71794797529875,0.9104765046733279,13.0,True,2,5,4,5,-1.6693010540156705,38.040000915527344,60885208.940535925,17.248322147651006,False,0.0,0,,,,0.0,0,,,,False,False,False,False,0,,none,0,0,False,-1,0.625,mixed,4,False
KDP,29.729999542236328,-12.696584279530764,20.380699739739015,-8.457524150536456,-26.093902483848872,0.08834057726477487,False,1.0361051322927475,5.1631344468451505,8.812054639601662,-10.720720049900368,False,True,False,True,24,40.0,True,0.5377418920034951,1.6226902895270783,True,-1.0850520915005408,True,-3.817535784538595,True,2,0,0.24205329820228708,False,0.7088093310218586,False,6,4,True,False,False,55.0,18.264044927241542,8.459466627557358,0.3378555273346316,18.0,False,1,2,2,4,-12.093436397084945,33.81999969482422,471600488.96162033,24.832214765100673,False,0.0,0,,,,0.0,0,,,,False,False,False,False,0,,none,0,0,False,-2,0.5,mixed,4,False
KEX,149.1999969482422,-2.2216393413770907,86.61663870335215,28.631778339609816,10.995400006297398,0.04856354284280517,True,1.0490284522046986,4.899462270853534,15.928516306215812,14.910660163583067,False,True,False,True,22,36.666666666666664,False,0.4505480543674,1.2623238258679088,True,1.88355417146455,True,3.4961106812579246,True,2,1,0.5662727057507955,False,1.5884029690686965,True,4,2,True,False,False,65.0,18.460270251545037,7.848530129614825,0.7083474642681731,58.0,False,5,4,5,5,-5.383984629157923,157.69000244140625,86265284.11963806,59.664429530201346,False,0.0,0,,,,0.0,0,,,,False,False,False,False,0,,none,0,0,False,-1,0.625,mixed,4,False
KEY,22.709999084472656,-5.335559394988055,39.570229969025505,27.948798902354667,10.31242056904225,0.09183302049624333,True,1.0302578022303213,5.129894562502415,9.772696031199523,-1.346661021400919,False,False,False,True,24,40.0,True,0.47531417826889133,0.9617951892967899,True,0.7960438440903123,True,-3.5668797443780154,True,2,0,0.5304652655574497,False,1.0017521900881554,False,5,2,True,False,False,55.0,14.885498142166437,6.627033119501989,0.6204232127050849,5.0,False,4,3,4,5,-5.650189562087959,24.06999969482422,252465902.14678574,59.19463087248322,False,0.0,0,,,,0.0,0,,,,False,False,False,False,0,,none,0,0,False,-1,0.625,mixed,4,False
KEYS,318.8999938964844,-14.581883263355323,101.18604816602365,92.56083130317391,74.92445296986149,0.1274840054973698,False,0.8195661651327545,6.139851661026162,49.76049133099576,1.6058143057887442,True,True,False,True,26,43.333333333333336,True,0.47442347133045687,2.0092647672497956,True,-1.5875055618569378,True,0.9496676346828492,True,2,0,0.38980017714985493,False,0.6395841040256741,False,7,1,False,False,False,25.0,19.76008701379075,10.006272898351773,0.24334275170107253,23.0,False,4,1,3,4,-14.951613066002277,374.9630126953125,498237173.6603943,87.6510067114094,True,0.0,0,,,,0.0,0,,,,False,False,False,False,0,,none,0,0,False,-2,0.5,mixed,4,False
KGC,23.809999465942383,-37.29328953194068,55.058615743198835,50.94721568082128,33.310837347508865,0.11838769202829225,False,0.7803267324933585,9.701811949198998,-35.7576907531255,-3.642248692335315,False,True,False,False,23,38.333333333333336,False,0.31855774767946754,1.0270119096043542,False,-2.3631940105041944,True,5.494017668961337,False,0,0,0.46769529384020814,False,0.8606981751949606,False,4,1,False,False,False,25.0,20.193338088160615,10.121797150224015,0.26950331824588836,24.0,False,2,1,2,5,-14.751166466940246,27.93000030517578,174650386.40311137,74.49664429530202,False,0.0,0,,,,0.0,0,,,,False,False,False,False,0,,none,0,0,False,-1,0.625,mixed,4,False
KGS,63.02000045776367,-17.372488224053527,110.6737772386627,107.16254607695603,89.52616774364361,0.13377463126230102,False,0.9988391413826195,8.973333740912324,60.169673846662185,-7.241686498150712,False,True,False,False,24,40.0,True,0.5327538513809257,2.5708679990299927,True,-2.2638077771813685,True,-3.32873431872166,True,1,1,0.44899569236945436,False,1.4099419075750075,True,6,3,True,False,False,25.0,19.255986669982,12.162800769840041,0.05630473338915191,17.0,False,5,3,2,3,-18.171783474383595,77.01499938964844,127281368.43789005,89.32885906040269,True,0.0,0,,,,0.0,0,,,,False,False,False,False,0,,none,0,0,False,-3,0.375,mixed,4,False
KHC,25.524999618530273,-5.359852048955216,22.52532275572523,-5.359852048955216,-22.996230382267633,0.15210118364145694,False,1.0514805800556757,4.544563622911827,13.895836567450747,0.610952992390823,False,True,False,True,29,48.333333333333336,True,0.43663176586278396,1.284098599024613,False,2.2452676510750975,True,-1.3717138861986444,True,2,0,0.5083017458602559,False,0.9961724826112311,False,3,3,True,False,False,25.0,18.88753954836003,9.46130869449849,0.6869633256056688,5.0,False,3,3,3,6,-5.9124925677100375,27.128999710083008,301197349.93033314,27.78523489932886,False,0.0,0,,,,0.0,0,,,,False,True,False,False,1,,power_play,6,6,True,0,0.75,mixed,4,False
KIM,26.040000915527344,-0.3825496421422825,35.70098998150526,24.034826337560865,6.398448004248447,0.11789312308366184,True,0.9422067222666755,2.2273421786256837,27.00122280605384,2.8436067511102836,False,True,False,True,27,45.0,True,0.49808938858981994,0.7555654138548189,True,3.1236881099317024,True,-0.3062784116985573,True,2,0,0.5606705852473531,False,0.8016675043580382,False,6,4,True,False,False,55.0,14.246895740369972,6.02919180865573,0.8911977791791929,5.0,True,6,4,5,6,-1.550093896354754,26.450000762939453,93703565.66755505,55.83892617449664,False,0.0,0,,,,0.0,0,,,,False,True,False,False,1,,power_play,6,6,True,0,0.75,mixed,4,False
KKR,96.80000305175781,-35.9600776932208,15.629420310446207,-35.120089328083935,-52.75646766139636,0.07837819594910587,False,0.8994549945426286,7.592981272516762,-19.862553703578666,3.1543124780280873,False,True,False,True,22,36.666666666666664,False,0.38595465973697607,1.3263336083529467,False,0.44388246331083353,True,-4.10144569993609,True,2,1,0.49230223826389796,False,0.6702437568487853,False,1,1,False,False,False,45.0,16.00268643751872,10.371901445250034,0.5578886666636155,5.0,False,1,2,2,5,-7.0749690378554835,104.16999816894531,365768048.77410585,9.328859060402685,False,0.0,0,,,,0.0,0,,,,False,False,False,False,0,,none,0,0,False,-1,0.625,mixed,4,False
KLAC,212.32000732421875,-29.62778385288203,152.66548335111332,136.33396272593976,118.69758439262733,0.14476866752096318,False,0.8805681343302383,6.631500256852441,40.712621760584945,-9.862023106165996,False,True,False,True,30,50.0,True,0.5071960481682776,3.700489454752466,True,-0.612085845893216,True,-0.20211171599588962,True,2,0,0.43069103804748743,False,1.0119625306223947,False,6,3,True,False,False,25.0,33.441778611781295,15.608514622478657,0.07529921197308076,17.0,False,5,2,3,4,-30.92363903533594,307.3699951171875,3129234842.9066315,91.94630872483222,True,0.0,0,,,,0.0,0,,,,False,False,False,False,0,,none,0,0,False,-2,0.5,mixed,4,False
KLIC,99.69999694824219,-25.491369279350906,214.98314042303898,195.30242624573398,177.66604791242156,0.14309487694317555,False,1.0377644714058754,10.47141701200455,74.08897017912561,-17.8274165963758,False,True,False,False,27,45.0,True,0.454817812157722,3.3043946652443346,True,-1.2746356008795576,True,2.550911022834823,True,1,0,0.39046022858863444,False,0.7517437579424001,False,8,3,True,False,False,25.0,32.06185562376816,22.908723206629265,0.1708772314094842,16.0,False,6,2,2,2,-26.583214500928054,135.8000030517578,123207763.17678185,95.03355704697987,True,0.0,0,,,,0.0,0,,,,False,False,False,False,0,,none,0,0,False,-4,0.25,mixed,4,False
KMB,108.8499984741211,-16.51723992655345,18.58687557144045,-10.622798762104091,-28.25917709541651,0.10492578834655461,False,1.097559667488296,2.829583715416361,9.271287172391474,-5.116808476395562,False,True,False,True,26,43.333333333333336,True,0.454102216116618,1.1449514075454335,True,1.9111255258869724,True,0.46146747304238733,True,2,0,0.4859763376574596,False,1.1156213457485098,False,5,0,False,False,False,35.0,21.198782034103456,8.194768877705185,0.6781672192771079,13.0,False,1,2,3,4,-6.822462969973997,116.81999969482422,449443998.343042,23.154362416107382,False,0.0,0,,,,0.0,0,,,,False,False,False,False,0,,none,0,0,False,-2,0.5,mixed,4,False
KMI,33.084999084472656,-3.5703941701732966,31.849674325892117,25.662889791773935,8.026511458461517,0.1527941740673517,True,1.0115606890895394,3.747915665959571,14.017160613108338,3.1971231044161996,False,False,False,True,29,48.333333333333336,True,0.41663941380940567,0.9289261347301635,False,1.109283753692814,True,2.4303401422728577,True,2,0,0.48923426142609294,False,0.41395453322772985,False,4,1,False,False,False,25.0,7.348532548669713,4.231518059308888,0.8959179637930846,19.0,True,5,3,4,5,-0.7648502307983418,33.34000015258789,306254909.6533745,57.78523489932886,False,0.0,0,,,,0.0,0,,,,False,False,False,False,0,,none,0,0,False,-1,0.625,mixed,4,False
KMX,59.14500045776367,-4.865687309433864,91.53174243899618,-1.7851224529199738,-19.421500786232393,0.1854387246579618,False,1.003946968382191,6.103644572510432,27.770575260291896,16.016086678782205,False,True,False,True,30,50.0,True,0.3710335252205904,1.4413213334234707,False,4.465752072956756,False,3.165879240781444,True,2,1,0.4831190577984835,False,1.292852732938017,True,3,2,True,False,False,25.0,21.882159191129325,12.190377933332547,0.853777249623024,6.0,False,4,3,3,4,-3.1996695011137555,61.099998474121094,151258534.16397935,31.610738255033553,False,0.0,0,,,,0.0,0,,,,False,False,False,False,0,,none,0,0,False,-2,0.5,mixed,4,False
KNSA,62.654998779296875,-6.8880993805439665,137.96049738262943,132.9182143784734,115.28183604516099,0.050334639613058764,True,1.1175526452374553,5.42654471649654,48.471558404144034,-2.9056253455277514,False,True,False,True,25,41.66666666666667,True,0.5500108097771432,2.4678545755837935,True,2.2042749727394946,True,-2.025022624226558,True,2,1,0.5266692281015185,False,3.0159630110046445,True,4,2,True,False,False,25.0,19.546863892864454,7.876468708705316,0.6306817327977343,13.0,False,7,4,4,5,-7.219013902151239,67.52999877929688,59496068.596091464,91.81208053691276,True,0.0,0,,,,0.0,0,,,,False,False,False,False,0,,none,0,0,False,-1,0.625,mixed,4,False
KNSL,352.8699951171875,-26.18783461051445,21.59544461543541,-25.777529859814376,-43.413908193126794,0.4593922235942535,False,1.1470465834000754,10.105705828081742,-13.106658112733516,-0.5579853324704565,False,False,False,False,28,46.666666666666664,True,0.47388482152477124,1.9502070455078184,True,2.53199002634045,True,2.581471884330755,True,1,2,0.49282525678852185,False,1.4830143503952113,True,2,2,True,False,False,35.0,18.381847111522422,10.355090840973034,0.9420853824007894,13.0,True,2,6,5,6,-1.0645776462309686,356.6669921875,109041286.1505661,13.288590604026846,False,0.0,0,,,,0.0,0,,,,False,True,False,False,1,,power_play,6,6,True,0,0.75,mixed,4,False
KNX,72.6500015258789,-11.885986397931836,88.32597720599273,61.65667868574407,44.02030035243165,0.35943011053775487,False,1.004029576484001,12.360637533826885,28.31422710952034,-4.846099570645446,False,False,False,False,26,43.333333333333336,True,0.4579687879762587,1.7976463235366276,True,-0.8596395914698238,True,-5.25560610753526,False,0,0,0.4695953250236006,False,0.5683567728250672,False,8,2,True,False,False,45.0,16.938975086651226,12.360637533826885,0.2725659233673605,28.0,False,3,2,2,4,-12.321987701261417,82.86000061035156,273287014.57794493,79.86577181208054,False,0.0,0,,,,0.0,0,,,,False,False,False,False,0,,none,0,0,False,-2,0.5,mixed,4,False
KO,82.11000061035156,-3.308993899179513,27.596772118769806,22.193083365388855,4.556705032076437,0.17503238763175583,False,1.0794585792822253,2.4844731462225345,14.171733889160398,-2.4126441573835145,False,True,False,True,26,43.333333333333336,True,0.5117978865381706,1.109706625552551,True,0.5713834050274735,True,0.674353933572247,True,2,0,0.47425653418274305,False,0.8180124650182254,False,7,0,False,False,False,65.0,13.548352665181252,5.760559849445129,0.6924595632683015,13.0,False,3,2,3,5,-4.166666295644916,85.68000030517578,1461630998.8956223,54.0268456375839,False,0.0,0,,,,0.0,0,,,,False,False,False,False,0,,none,0,0,False,-1,0.625,mixed,4,False
KOLD,25.75,-47.863939424553024,89.61708501227066,-13.821952064140032,-31.45833039745245,0.26302778715427655,False,0.9860916500251867,11.689321277211013,20.60889714245231,9.85494630252257,False,True,False,False,22,36.666666666666664,False,0.469041239221342,2.1170669098018653,True,1.1665714755648957,True,-5.191457493864671,False,0,1,0.37848872622744756,False,1.273265805652111,True,4,2,True,False,False,25.0,27.18750045531327,12.699023496757434,0.6104726351495369,6.0,False,1,4,3,3,-10.590275409228944,28.799999237060547,64528639.504470825,21.34228187919463,False,0.0,0,,,,0.0,0,,,,False,False,False,False,0,,none,0,0,False,-3,0.375,mixed,4,False
KR,56.650001525878906,-24.671384611888502,2.0169327772425527,-20.099925278248133,-37.73630361156055,0.15921109091628727,False,0.9096641683157373,7.202114574513459,-10.919798199075814,-2.6966672310304363,False,True,False,True,22,36.666666666666664,False,0.48717115378428855,1.4470431370198502,True,-2.694348358803606,True,-3.6892182594422174,True,2,0,0.4861151305084815,False,1.1296926835132068,False,3,2,True,False,False,25.0,11.635113243224804,11.209176174903158,0.3506312711132607,10.0,False,0,2,2,4,-7.555478697206153,61.279998779296875,446839805.64792633,16.44295302013423,False,0.0,0,,,,0.0,0,,,,False,False,False,False,0,,none,0,0,False,-2,0.5,mixed,4,False
KRG,29.270000457763672,-1.8773029412492481,47.236078788362576,35.28402892411717,17.647650590804755,0.14487977684593814,True,0.9752290466944649,3.860605203601481,29.27516775922767,3.100414117274619,True,True,False,True,26,43.333333333333336,True,0.4653894043745848,0.7849504221937279,True,2.813882513609085,True,-1.1816352854593148,True,2,0,0.568699442502289,False,0.9615951135272491,False,5,3,True,False,False,65.0,15.602025655080256,5.5688388632541175,0.8607579130703801,4.0,True,6,4,6,6,-2.172458612542849,29.920000076293945,77153406.56558037,65.23489932885906,False,0.0,0,,,,0.0,0,,,,True,True,False,False,2,power_play,sepa_vcp,6,6,True,0,0.75,mixed,4,False
KRMN,49.345001220703125,-57.19923598850687,10.046835532526721,-0.13154953837222205,-17.76792787168464,0.17674346247149933,False,0.7515757616510599,12.836152552635014,-54.40306721114402,-12.462298819040896,False,False,False,False,17,28.333333333333332,False,0.38934212682162606,2.659773151123376,False,-1.1744335748757129,True,6.876766683290381,False,0,0,0.4131069562142913,False,0.5756599844856217,False,3,2,True,False,False,25.0,25.970682204659006,15.32880532760398,0.3696163521151479,15.0,False,1,2,2,3,-16.371493386231162,59.005001068115234,193480754.62914428,33.22147651006711,False,0.0,0,,,,0.0,0,,,,False,False,False,False,0,,none,0,0,False,-3,0.375,mixed,4,False
KRYS,330.0899963378906,-12.709241923655778,144.61982389634426,120.05999755859374,102.42361922528131,0.17267816779683554,False,1.250619506265498,10.900061009270285,17.248605040012798,-11.992430775048991,False,False,False,False,28,46.666666666666664,True,0.446234692388095,2.194140850603704,True,-0.10832400910652923,True,-6.980214742761726,False,0,0,0.5061996362072416,False,0.6257775238200143,False,7,0,False,False,False,25.0,15.040454628023966,12.963133999710994,0.08846781982987387,17.0,False,4,1,1,2,-13.709858397832553,382.5350036621094,204727359.88904876,91.00671140939596,True,0.0,0,,,,0.0,0,,,,False,False,False,False,0,,none,0,0,False,-4,0.25,mixed,4,False
KSS,18.399999618530273,-23.79823976593405,76.81402606105105,39.19400531733304,21.55762698402062,0.07454641043000708,False,0.8975273932852844,10.760867300466192,6.052731416859314,1.154475416751466,False,True,False,False,26,43.333333333333336,True,0.46593534910461554,2.5281275082642876,True,2.621147944083677,True,6.358383988325711,False,0,0,0.5486424045082424,False,1.1714631391166064,False,4,2,True,False,False,25.0,19.928647471144547,16.79347943831484,0.6879792913689078,20.0,False,3,2,2,4,-6.218150706005742,19.6200008392334,65367365.29271565,68.59060402684564,False,0.0,0,,,,0.0,0,,,,False,False,False,False,0,,none,0,0,False,-2,0.5,mixed,4,False
KTB,83.72000122070312,-5.047064807368384,57.088712940540034,36.52202235789805,18.885644024585634,0.12026334352221961,False,0.9425799278874644,5.757285743603502,46.9400730351891,-1.5058809168198573,False,True,False,True,29,48.333333333333336,True,0.44559164680545377,1.6495029737238571,True,2.1869280359857823,True,-2.1619708784841762,True,2,1,0.3898116745201222,False,1.64989519446244,True,5,3,True,False,False,25.0,16.636685672972895,7.704248511940021,0.6459459807770128,5.0,False,4,4,3,5,-5.890285429065544,88.95999908447266,69398539.7900261,66.1744966442953,False,0.0,0,,,,0.0,0,,,,False,False,False,False,0,,none,0,0,False,-1,0.625,mixed,4,False
KTOS,47.7599983215332,-63.463893914063796,3.9616886139088647,-18.58165965603864,-36.21803798935106,0.1735101045601926,False,0.8074466672025582,12.332502955072593,-56.73521280405788,-13.712737781079786,True,True,False,False,20,33.33333333333333,False,0.42951893824436604,2.5596262111002623,False,-2.0044753406087037,True,3.758417527950142,True,1,1,0.3303120964773188,False,0.9827873568753296,False,2,2,True,False,False,25.0,22.58831351187386,18.0904516191178,0.1639095199647786,15.0,False,0,3,3,2,-18.885873887328696,58.880001068115234,263502206.1925133,17.583892617449663,False,0.0,0,,,,0.0,0,,,,False,False,False,False,0,,none,0,0,False,-3,0.375,mixed,4,False
KVUE,19.110000610351562,-12.43983985084487,40.388382191123014,-11.116702030810899,-28.753080364123317,0.12617792376345596,False,1.0919997393746468,2.43328172546477,9.900983039688715,-3.630858881112542,False,True,False,True,24,40.0,True,0.39057570731219265,0.7645368896429573,False,1.960242081972727,True,0.6849371509516811,True,2,1,0.5392278550767085,False,1.31994055959846,True,5,1,False,False,False,35.0,17.213106754582206,6.724227139564018,0.7056279749011508,13.0,False,1,3,3,4,-5.067057093589044,20.1299991607666,339647457.9143944,22.550335570469798,False,0.0,0,,,,0.0,0,,,,False,False,False,False,0,,none,0,0,False,-2,0.5,mixed,4,False
KVYO,16.280000686645508,-54.677055911655344,26.594098921243024,-50.27489354909558,-67.911271882408,0.10096271379456535,False,1.0891792533326365,18.857497045542868,-36.45589323433981,-3.6686328158549664,False,True,False,False,19,31.666666666666664,False,0.547836394174233,3.235722116749123,True,0.7561270704870082,True,-7.866436806150667,False,0,1,0.43435128201532675,False,1.5596124747697697,True,3,1,False,False,False,25.0,32.41640175714741,18.857497045542868,0.623960102463637,4.0,False,0,2,2,3,-12.189860395255291,18.540000915527344,76194953.67302322,3.557046979865772,False,0.0,0,,,,0.0,0,,,,False,False,False,False,0,,none,0,0,False,-3,0.375,mixed,4,False
KYMR,109.88999938964844,-7.926266615348043,191.64012340667043,139.67285288280468,122.03647454949225,0.06593280941736608,True,1.0401448803708147,11.311311651846891,57.142855584279275,-3.1891486903836364,False,True,False,False,27,45.0,True,0.45956948791731783,2.74737966254966,True,2.540877021459683,True,-5.079033794521692,False,0,1,0.4693370584346364,False,0.8683182383994272,False,2,2,True,False,False,25.0,31.426375845847865,11.311311651846891,0.5067285953682653,20.0,False,7,3,4,5,-15.501732555966196,130.0500030517578,98245873.16259614,92.3489932885906,True,0.0,0,,,,0.0,0,,,,False,False,False,False,0,,none,0,0,False,-1,0.625,mixed,4,False
L,118.0999984741211,0.0,31.114352350060592,29.720727909493494,12.084349576181076,0.09799415774099318,True,1.0709940013928643,4.055885670969727,16.077332882409824,1.3559919984332591,True,True,False,True,30,50.0,True,0.4412494653639299,0.8970742333417955,True,3.611009894175342,True,3.189166992751913,True,2,2,0.6040429123767351,True,1.0631376797854764,False,1,0,False,False,False,45.0,14.214945862366617,5.605415074275483,0.9409332556423946,13.0,True,7,5,7,7,-0.8396305733096132,119.0999984741211,87396449.05280991,60.46979865771812,False,0.0,0,,,,0.0,0,,,,True,True,False,False,2,power_play,sepa_vcp,7,7,True,1,0.875,mixed,4,True
LAD,338.6199951171875,-4.675487814443358,39.623186390643305,10.165434310487843,-7.470944022824575,0.06897780311397726,False,1.0592900973847645,6.3552032732811226,5.421523628372471,10.57701171303731,True,True,False,True,23,38.333333333333336,False,0.38434831107494427,1.4228844753565113,False,3.4285205939234396,True,0.9961812067677878,True,2,1,0.5357377422882849,False,1.9720438484224585,True,3,0,False,False,False,25.0,18.255258084111738,9.612550581746412,0.8732614440864985,6.0,True,3,4,5,5,-2.3136450474085968,346.6400146484375,83909018.82606506,42.5503355704698,False,0.0,0,,,,0.0,0,,,,False,False,False,False,0,,none,0,0,False,-1,0.625,mixed,4,False
LAMR,157.81500244140625,-2.811308230160947,44.161086978323574,32.6263561978859,14.98997786457348,0.10291618385477018,True,1.0442383109196518,3.599146207845559,25.40147775800157,0.1618462089133077,False,True,False,True,31,51.66666666666667,True,0.33278186480465616,0.6355970872525729,False,1.441970902788292,True,-2.7753848444660223,True,2,2,0.5172468501916369,False,3.585530442338701,True,2,1,False,False,False,55.0,16.586568634833995,6.038715351435099,0.7592150419975654,5.0,False,5,4,5,6,-3.9937962321429987,164.3800048828125,94758395.18894807,63.15436241610738,False,0.0,0,,,,0.0,0,,,,False,True,False,False,1,,power_play,6,6,True,0,0.75,mixed,4,False
LASR,71.11000061035156,-16.29193270757028,267.6835576489709,264.4797528248263,246.84337449151386,0.09579831323115988,True,1.1078460460019264,13.345528634101282,61.87115892638286,12.426878435338429,False,True,False,False,21,35.0,False,0.47252137554991513,4.489425364792473,True,0.1691990504117009,True,2.685921458991425,True,1,1,0.42866540860416347,False,1.865569351744983,True,6,2,True,True,False,35.0,26.12483713128025,20.296726688289183,0.7117968705051749,34.0,False,7,3,3,3,-7.529259818777579,76.9000015258789,90818800.09560165,97.0469798657718,True,0.0,0,,,,0.0,0,,,,False,False,False,False,0,,none,0,0,False,-3,0.375,mixed,4,False
LAZ,43.70500183105469,-22.518805430701494,12.923246420476264,-16.73550381034684,-34.37188214365926,0.2531327718252219,False,1.009309443663513,9.95309070329381,-13.263568205495247,5.211846094875949,False,True,False,False,23,38.333333333333336,False,0.5045934631182171,2.540018505200908,True,-0.267519002275893,True,1.2627478813006965,True,1,1,0.5467029315501476,False,1.2890158534074532,True,5,1,False,False,False,25.0,13.913997289756338,11.097124518765987,0.7393031252720467,7.0,False,1,3,3,5,-3.627335608412685,45.349998474121094,75205094.4758995,19.19463087248322,False,0.0,0,,,,0.0,0,,,,False,False,False,False,0,,none,0,0,False,-1,0.625,mixed,4,False
LBRDK,28.649999618530273,-66.97216126417247,0.0,-66.97216126417247,-84.60853959748489,0.3973105325827496,False,0.8647704740404875,16.68412129246206,-35.79112437392412,-10.858742493449503,True,False,False,False,19,31.666666666666664,False,0.44132282291838076,2.6929719478687364,True,-2.2677615350606626,True,-7.191451766602075,False,0,0,0.3409018430079816,False,0.3643811390225073,False,7,1,False,False,False,25.0,33.71211865789697,20.8027894025445,0.17977527287232736,18.0,False,0,1,3,2,-27.651513327069267,39.599998474121094,53830643.91930036,1.1409395973154361,False,0.0,0,,,,0.0,0,,,,False,False,False,False,0,,none,0,0,False,-3,0.375,mixed,4,False
LBRT,18.450000762939453,-45.46531972348373,86.13940682401768,45.02787252030824,27.391494186995825,0.7127022464428022,False,1.0625762294378445,41.40920907165986,-10.922989213548496,-22.446405830537653,False,False,False,False,20,33.33333333333333,False,0.5004287427658728,3.7877038000358354,True,-6.120023216708983,True,-22.609057697775814,False,0,0,0.4361864774945611,False,0.41500012838786904,False,5,2,True,False,False,25.0,34.35823717884241,43.143624690042934,0.009365261678939396,23.0,False,1,2,2,2,-34.036463296835485,27.969999313354492,98754321.76835136,71.40939597315436,False,0.0,0,,,,0.0,0,,,,False,False,False,False,0,,none,0,0,False,-4,0.25,mixed,4,False
LCID,6.474999904632568,-78.34448164802068,40.15151655894482,-78.34448164802068,-95.9808599813331,0.054884219362100375,False,1.5446661587115134,24.200778566467676,-41.455699285977346,6.496710294130104,False,True,False,False,24,40.0,True,0.502327142548638,6.9330467767311,True,0.6591801009707517,True,-12.024459413416444,False,0,1,0.5234875472410634,False,1.210182454242999,True,3,2,True,True,False,,,,,,False,2,3,2,4,,,158949798.34360188,0.4026845637583893,False,0.0,0,,,,0.0,0,,,,False,False,False,False,0,,none,0,0,False,-2,0.5,mixed,4,False
LCII,104.38999938964844,-32.2488982639611,26.844254354388376,10.997272242379008,-6.63910609093341,0.030930278203851382,False,0.9160731269320754,5.546501887140505,-27.66862766471575,0.9965158409584118,False,True,False,True,20,33.33333333333333,False,0.40164979171640214,1.5781260139334268,False,0.6744123279658526,True,-3.4944983297430454,True,2,2,0.4726595199886795,False,3.3992373598179295,True,1,3,True,False,False,25.0,19.057470974130734,10.527833659757507,0.6790938051771863,5.0,False,1,5,4,6,-6.1156604932545156,111.19000244140625,69652151.5471817,43.48993288590604,False,0.0,0,,,,0.0,0,,,,False,True,False,False,1,,power_play,6,6,True,0,0.75,mixed,4,False
LDOS,113.7699966430664,-42.5131866006928,13.769996643066396,-29.577296440400026,-47.21367477371244,0.12931349937309414,False,0.8853133461710352,10.477277419935445,-40.14801025057459,4.529585144298176,False,True,False,False,22,36.666666666666664,False,0.43149046006792846,1.5577845473239043,False,-0.29540590238588754,True,6.846349602089963,False,0,1,0.5353000204984442,False,1.6539119571377054,True,4,2,True,False,False,25.0,14.643411439441204,10.477277419935445,0.8791271720271113,0.0,True,1,4,3,5,-1.7699905518558046,115.81999969482422,163619260.86284828,11.74496644295302,False,0.0,0,,,,0.0,0,,,,False,False,False,False,0,,none,0,0,False,-1,0.625,mixed,4,False
LEA,143.77999877929688,-1.9169094950495125,58.76367155036162,36.43340073365724,18.79702240034482,0.05419026957534852,True,0.8540330403759376,3.8809198912506155,21.337730513449827,9.88153769404665,False,True,False,True,26,43.333333333333336,True,0.460938029816169,1.0412853588270468,True,1.360581102376606,True,1.4535686853302199,True,2,1,0.5424898211946253,False,1.673245621409556,True,4,2,True,False,False,65.0,19.676708329794252,7.608837999373009,0.804098720439891,36.0,False,6,4,4,5,-3.854692339337751,149.54447832936137,65309520.751709744,66.10738255033557,False,0.0,0,,,,0.0,0,,,,False,False,False,False,0,,none,0,0,False,-1,0.625,mixed,4,False
LECO,251.41000366210938,-15.356550972327677,15.03181484048386,13.725790380288672,-3.9105879530237466,0.053051230169203246,False,1.0022044610973546,4.25997635649425,-2.1874656052799923,-2.716398720205415,False,True,False,True,23,38.333333333333336,False,0.43178875751940865,1.2115697950514548,False,-1.1243635963682475,True,-0.5262332049330687,True,2,0,0.5003241435070839,False,0.7213173732424372,False,5,2,True,False,False,25.0,12.31981446976751,6.698226542851639,0.22425905116373587,20.0,False,0,2,2,4,-9.556984566264182,277.97614050839337,82674627.3290062,45.97315436241611,False,0.0,0,,,,0.0,0,,,,False,False,False,False,0,,none,0,0,False,-2,0.5,mixed,4,False
LEN,83.3550033569336,-40.285519803955395,1.88584037183388,-25.08729068354727,-42.72366901685969,0.11285746545119428,False,0.8716740378984772,5.842474861807329,-24.291097857028177,-4.940423685885187,False,False,False,True,18,30.0,False,0.4383299646730656,1.36358947404445,False,-1.5270475968022046,True,-0.6377351729732639,True,2,0,0.4819230628082418,False,0.3894895698863823,False,4,3,True,False,False,25.0,16.374015793381748,10.005393800031431,0.22551695930981647,20.0,False,0,2,2,4,-12.681397539967387,95.46076209257559,199011588.37075806,13.624161073825503,False,0.0,0,,,,0.0,0,,,,False,False,False,False,0,,none,0,0,False,-2,0.5,mixed,4,False
LEU,165.60000610351562,-62.01834722396431,12.952735430125383,-31.663432157704086,-49.2998104910165,0.1501802794040925,False,0.8182605455361441,14.746375162378019,-44.08994066696245,2.1402585062593626,False,True,False,False,18,30.0,False,0.47589413153795895,3.156321170352179,True,-0.5585309440953963,True,6.119835222682002,False,0,0,0.46701799259941223,False,0.6407724497733094,False,6,2,True,False,False,25.0,26.112495096777415,21.91424634576894,0.4672507110693517,24.0,False,1,2,2,4,-13.91141319501321,192.36000061035156,134402970.03407288,10.536912751677853,False,0.0,0,,,,0.0,0,,,,False,False,False,False,0,,none,0,0,False,-2,0.5,mixed,4,False
LEVI,24.434999465942383,-1.5797133537616026,38.15478324186265,21.961135920889152,4.324757587576734,0.051233308132564784,True,1.1963307225423703,5.050958346446624,17.264589609355617,0.7588267753594113,False,True,False,True,19,31.666666666666664,False,0.4215129272261973,1.516246631721697,False,1.173311517049419,True,0.9656338719936874,True,2,1,0.5307427957262497,False,1.662725394818436,True,6,2,True,False,False,45.0,20.17200985647573,5.732815931411304,0.8091528652393722,16.0,False,4,4,4,6,-3.849770283471532,25.413355264966096,79930167.47596559,53.95973154362416,False,0.0,0,,,,0.0,0,,,,False,True,False,False,1,,power_play,6,6,True,0,0.75,mixed,4,False
LFUS,405.0299987792969,-17.188715247414198,79.18629016639305,79.18629016639305,61.54991183308063,0.13707596813773737,False,0.8421316532632339,6.048934665046919,40.035886771601255,-3.21170033746766,False,True,False,True,25,41.66666666666667,True,0.363382909524677,1.406543894588692,False,-2.4359064184017587,True,1.8302951047886484,True,2,0,0.44404136122567034,False,0.4951950450975064,False,6,1,False,False,False,25.0,22.804415452186845,11.371996567516497,0.2206000333077141,24.0,False,4,1,2,4,-17.773760643871473,492.5799865722656,154406131.3710602,85.16778523489933,True,0.0,0,,,,0.0,0,,,,False,False,False,False,0,,none,0,0,False,-2,0.5,mixed,4,False
LGND,298.1499938964844,-7.581907741765336,126.59217947063203,124.4598281912988,106.82344985798638,0.09203313066834493,True,1.0715840743075253,4.9874209027655585,48.222720826886054,-6.696915886083243,False,True,False,True,28,46.666666666666664,True,0.44545977697846045,1.7516023569301609,True,2.682829750566607,True,-1.7271566297345498,True,2,1,0.36965229407705835,False,1.8341826418650664,True,6,3,True,False,False,25.0,24.991581808933784,8.794231681187465,0.6511085473140196,12.0,False,7,4,5,5,-8.719349282239431,326.6300048828125,127212627.473526,91.40939597315436,True,0.0,0,,,,0.0,0,,,,False,False,False,False,0,,none,0,0,False,-1,0.625,mixed,4,False
LH,296.875,0.0,21.325115203048384,12.07353904342332,-5.562839289889098,0.2695403069324396,False,1.2274061024238985,7.215152138157895,11.91697159669669,3.447971508420933,True,False,False,True,23,38.333333333333336,False,0.3647300108846434,1.1331505242862152,False,3.4633589773116857,True,4.7695565171876675,True,2,1,0.5581893421555411,False,2.3897928914032716,True,5,2,True,False,False,65.0,16.937341013744817,12.244212582236843,0.9686458110384693,1.0,True,4,4,4,6,-0.5310565906508358,298.4599914550781,193449684.43427736,44.49664429530201,False,0.0,0,,,,0.0,0,,,,False,True,False,False,1,,power_play,6,6,True,0,0.75,mixed,4,False
LHX,302.95001220703125,-19.3518915093144,14.32753983212034,12.678870984969336,-4.957507348343082,0.15339103659337977,False,0.9749031280269181,11.883148555675966,-13.952313758965628,0.29132481261802123,False,False,False,False,23,38.333333333333336,False,0.3716243015099681,0.9443188656662249,False,0.4969754188386071,True,7.425269216085351,False,0,0,0.35081514199586167,False,1.197037318918919,False,7,2,True,False,False,25.0,14.878609097288194,11.883148555675966,0.6905821139219577,24.0,False,1,3,3,5,-4.603707774664445,317.57000732421875,368668417.0220734,44.966442953020135,False,0.0,0,,,,0.0,0,,,,False,False,False,False,0,,none,0,0,False,-1,0.625,mixed,4,False
LII,538.6500244140625,-18.091530228222762,23.67291044757296,-18.091530228222762,-35.72790856153518,0.06787173986677204,False,0.8855809995224785,4.121416727156038,6.231667640380101,-5.5049739961102295,False,True,False,True,21,35.0,False,0.4059693144386116,1.1488391357179415,False,0.6795969927382469,True,-0.9707073213125694,True,2,0,0.4937101314792506,False,0.5659626922861255,False,6,2,True,False,False,45.0,19.273281639138524,7.758291500674995,0.5704423946086674,16.0,False,0,2,3,4,-8.278984708941085,587.27001953125,232286029.8118042,18.120805369127517,False,0.0,0,,,,0.0,0,,,,False,False,False,False,0,,none,0,0,False,-2,0.5,mixed,4,False
LIN,509.9100036621094,-6.719232036086931,31.80970723242964,9.604418042926465,-8.031960290385953,0.1079023262045283,False,0.9288199297238776,2.824026552345597,13.6569348716028,-6.719232036086931,False,True,False,True,21,35.0,False,0.4855053631256973,1.0445652673041974,True,-0.4768387245757077,True,-0.6449412006475308,True,2,0,0.3726596139861812,False,0.6216211269918185,False,7,2,True,False,False,45.0,11.101984657638594,5.95203190475686,0.3708621707089691,13.0,False,1,2,2,5,-6.984678528329069,548.2000122070312,1057860669.151825,41.81208053691275,False,0.0,0,,,,0.0,0,,,,False,False,False,False,0,,none,0,0,False,-1,0.625,mixed,4,False
LITE,776.9600219726562,-26.220926303534064,655.4302707823116,655.4302707823116,637.7938924489991,0.23455737069152854,False,0.8901649167619449,17.246704619342164,129.063361649898,6.678385072399218,False,True,False,False,22,36.666666666666664,False,0.3617280137900137,2.950833173143174,False,-1.1511305195208572,True,6.02330916286089,False,0,0,0.362161777403271,False,0.9814114105022942,False,4,2,True,False,False,25.0,28.17983043275231,31.685026991574748,0.49396938394547757,23.0,False,6,2,2,4,-14.259856954197636,906.1799926757812,3381303296.034387,99.5973154362416,True,0.0,0,,,,0.0,0,,,,False,False,False,False,0,,none,0,0,False,-2,0.5,mixed,4,False
LIVN,78.31500244140625,-6.801138189827838,90.40846196845239,80.907832721519,63.27145438820658,0.0808995962395149,True,0.9799595906687713,7.179969729867908,23.994621011094086,-6.3441761910162375,False,True,False,True,27,45.0,True,0.4148306924071291,1.2397651954527644,False,0.1920724825756207,True,-2.955383639438769,True,2,1,0.4093059028607211,False,1.6575019492161591,True,3,2,True,False,False,55.0,28.556349751071647,10.853603696634668,0.7143739368586882,14.0,False,5,4,4,5,-8.156437757084966,85.2699966430664,52402229.105299376,85.43624161073825,True,0.0,0,,,,0.0,0,,,,False,False,False,False,0,,none,0,0,False,-1,0.625,mixed,4,False
LKQ,25.4950008392334,-25.153129332607637,5.110991234409368,-16.27884938311134,-33.91522771642376,0.12169253398639786,False,0.9769573522792351,3.9223375841632984,-23.482051540975302,-3.9736287312373997,False,False,False,True,22,36.666666666666664,False,0.4679486081096802,1.5074301651632842,True,-0.3458924324805182,True,0.45311931548277506,True,2,1,0.40457934819858166,False,0.8268908591200038,False,1,2,True,False,False,45.0,15.108130581664412,7.844675168326597,0.42510906411044064,40.0,False,0,3,2,4,-8.685527329634724,27.920000076293945,64484022.678014755,19.664429530201343,False,0.0,0,,,,0.0,0,,,,False,False,False,False,0,,none,0,0,False,-2,0.5,mixed,4,False
LLY,1196.1199951171875,-3.1920798347472634,92.53277891774603,49.55755994404536,31.92118161073294,0.20299482003668848,True,0.991454377008112,5.680027228337883,12.768018704644014,-1.4655154469105147,False,True,False,True,26,43.333333333333336,True,0.42324852416826386,1.5081084799454398,False,1.832552876915845,True,1.4426143427623828,True,2,1,0.5986729418869781,False,1.7022161988693871,True,3,2,True,False,False,45.0,19.669451225314578,6.064601987117567,0.7829998080233332,13.0,False,6,4,4,6,-4.2682746919689425,1249.449951171875,3265810071.9679017,73.48993288590604,False,0.0,0,,,,0.0,0,,,,False,True,False,False,1,,power_play,6,6,True,0,0.75,mixed,4,False
LMND,60.31999969482422,-37.537537656161824,66.26240828113184,48.71794293021221,31.081564596899792,0.08814126705163612,False,1.0954335418072787,15.55039340330571,-35.31367324951826,-15.659951725302523,False,True,False,False,22,36.666666666666664,False,0.5468244183660067,3.5556287421473445,True,-0.10260178874608053,True,-10.211373294416381,False,0,1,0.4128892204805591,False,1.4492133608414444,True,3,2,True,False,False,25.0,32.06943490731033,21.35278070056612,0.197312813339636,13.0,False,1,3,2,2,-25.7417244835366,81.2300033569336,98824982.2347124,73.02013422818791,False,0.0,0,,,,0.0,0,,,,False,False,False,False,0,,none,0,0,False,-4,0.25,mixed,4,False
LMT,583.52001953125,-13.205252174250926,43.130418353358046,42.493979093741174,24.857600760428756,0.46536824669715243,False,1.2171337312691692,17.353299948370317,-0.06509091665508615,6.889422842026249,False,False,False,False,24,40.0,True,0.4844695639305545,1.337365924601299,True,3.65303961607673,True,14.692303424282649,False,0,1,0.3831509328589074,False,1.2017092392772863,True,5,2,True,True,True,25.0,17.2090861592474,17.353299948370317,0.951708921435755,0.0,True,3,4,3,4,-0.8310453317350808,588.4099731445312,641740811.5075439,70.53691275167785,False,0.0,0,,,,0.0,0,,,,False,False,False,False,0,,none,0,0,False,-2,0.5,mixed,4,False
LNC,40.709999084472656,-9.27585571063031,28.00609235132352,22.785470746889548,5.149092413577129,0.15115207119035862,False,0.9473659702679496,4.93736718603148,3.3883103264673142,11.294945399485169,False,True,False,True,27,45.0,True,0.48176895188044616,1.138636650847939,True,3.8918600298751533,True,-3.6221650880617906,True,2,2,0.5629448166768725,False,1.931400003368024,True,2,1,False,False,False,25.0,18.241737075229036,6.165557302826249,0.7494192297124381,5.0,False,3,4,4,6,-4.571028527694065,42.65999984741211,68261671.82986526,54.69798657718121,False,0.0,0,,,,0.0,0,,,,False,True,False,False,1,,power_play,6,6,True,0,0.75,mixed,4,False
LNG,276.6199951171875,-6.617869919801445,47.21902171282601,23.707252629072073,6.070874295759655,0.1869517915677631,True,1.023087327647775,6.163685956883081,34.06976704628737,12.460866668445014,True,True,False,True,22,36.666666666666664,False,0.3977808121177623,1.1988682507066675,False,4.375753113170112,False,5.3389141994708345,False,1,2,0.6351523462917508,True,2.1410794092334173,True,3,0,False,False,False,25.0,19.183523550023583,8.227892021035528,0.9966103068396456,0.0,True,4,3,6,5,-0.06502625856901201,276.79998779296875,519434919.2100525,55.63758389261745,False,0.0,0,,,,0.0,0,,,,True,False,False,False,1,,sepa_vcp,6,6,True,0,0.75,mixed,4,False
LNT,75.4000015258789,-3.3704950590307647,21.830782337768895,19.252556016367194,1.6161776830547758,0.11916124154112179,False,1.1022547720183684,4.416447962420477,14.59246617156329,-3.3704950590307647,False,False,False,True,26,43.333333333333336,True,0.5551162158273227,1.0650429830224968,True,0.946451177902907,True,0.7751962488911968,True,2,0,0.42098971543663055,False,0.8846465606383469,False,4,1,False,False,False,45.0,11.737089565473974,6.750658136450606,0.631351780247044,13.0,False,3,2,2,4,-4.326857173392973,78.80999755859375,170515959.00339508,51.14093959731544,False,0.0,0,,,,0.0,0,,,,False,False,False,False,0,,none,0,0,False,-2,0.5,mixed,4,False
LNTH,104.7699966430664,-5.56156991397091,109.08001470154316,47.709003513737905,30.072625180425486,0.05066985210222677,True,1.0305182521564582,8.436579936825378,55.19181355030602,-4.659207184475001,True,True,False,False,25,41.66666666666667,True,0.5169534000548548,2.067363128983583,True,0.5241996306150507,True,-2.6210612425042745,True,1,1,0.5595880848117281,False,1.9318141267895148,True,4,1,False,False,False,45.0,17.62023867059472,8.436579936825378,0.6402839017445419,17.0,False,5,3,5,5,-6.338283504916276,111.86000061035156,92884278.85013123,72.48322147651007,False,0.0,0,,,,0.0,0,,,,False,False,False,False,0,,none,0,0,False,-1,0.625,mixed,4,False
LOAR,70.83000183105469,-13.516482892037917,31.776747592659895,-3.0920708989888523,-20.72844923230127,0.048780639079091,False,0.9689191273799644,4.051959159097054,-2.746121034899107,-12.447465395415291,False,True,False,True,28,46.666666666666664,True,0.3186963280659964,1.3547798669016948,False,0.7072363801507001,True,1.200177158056448,True,2,1,0.3790084991694423,False,1.3115987147557113,True,5,1,False,False,False,65.0,35.567944111654604,10.22165420952344,0.6025904059961744,14.0,False,1,3,3,3,-14.135042228963412,82.48999786376953,56524881.21788482,30.469798657718123,False,0.0,0,,,,0.0,0,,,,False,False,False,False,0,,none,0,0,False,-3,0.375,mixed,4,False
LOGI,104.28500366210938,-17.684898845636322,21.487660893663097,10.515747117292108,-7.1206312160203105,0.16559692855961938,False,0.7652614912554667,4.6603063141257595,11.606379427808488,10.941493257563174,False,False,False,True,26,43.333333333333336,True,0.45407390999597164,1.2522017697716852,True,-0.647198718843004,True,1.4149584801575577,True,2,1,0.3906167158211584,False,1.202595749136216,True,4,1,False,False,False,25.0,16.18942688864452,6.597309911503856,0.7349775745963644,24.0,False,2,3,3,3,-4.290561179923403,108.95999908447266,104375645.83372879,43.02013422818792,False,0.0,0,,,,0.0,0,,,,False,False,False,False,0,,none,0,0,False,-3,0.375,mixed,4,False
LOPE,140.16000366210938,-36.449783848238184,2.5160930446841867,-16.912679095613058,-34.54905742892548,0.10867361344537815,False,0.9677523577217403,5.336754803154441,-21.25400340667307,-8.182109881278322,False,False,False,True,21,35.0,False,0.5076202920943478,1.565126255253994,True,-1.9985894254879342,True,-0.19937252522741478,True,2,0,0.44700165261227653,False,0.7920943179548632,False,4,1,False,False,False,25.0,14.385001144676728,14.019687059837402,0.2610815614829164,13.0,False,0,1,1,3,-10.629342583890988,156.8300018310547,52033404.83906631,19.06040268456376,False,0.0,0,,,,0.0,0,,,,False,False,False,False,0,,none,0,0,False,-3,0.375,mixed,4,False
LOW,204.82000732421875,-27.9463236482948,1.4362169084644272,-7.329421581940321,-24.965799915252738,0.14198941098610193,False,0.9184724314242099,4.545524642981034,-25.170713172213432,-9.412821538436411,False,False,False,True,19,31.666666666666664,False,0.4578539085552964,1.2634939471300919,True,-1.6704007865282382,True,-1.2667899837208507,True,2,0,0.4713483486559051,False,0.5446240340320012,False,6,1,False,False,False,25.0,12.31488339459469,9.635641047373218,0.19354002893089556,14.0,False,0,1,1,3,-9.931460506124223,227.40460595360884,611232792.8857361,26.57718120805369,False,0.0,0,,,,0.0,0,,,,False,False,False,False,0,,none,0,0,False,-3,0.375,mixed,4,False
LPLA,325.510009765625,-18.119641008193632,22.436631197125713,-13.293175358000674,-30.929553691313092,0.05177181159382754,False,0.7881944818029911,3.4837627101101107,-9.925914416076731,10.275092432554377,False,True,False,True,24,40.0,True,0.4048181581743611,1.4100268704671248,False,3.5578161470754104,True,0.18775496478924403,True,2,0,0.5221610031755034,False,0.9954993716515642,False,4,1,False,False,False,25.0,22.01788345937428,5.339315032224821,0.8791254474225642,5.0,True,2,3,5,4,-2.6614018118539917,334.4100036621094,270173366.960022,21.610738255033556,False,0.0,0,,,,0.0,0,,,,False,False,False,False,0,,none,0,0,False,-1,0.625,mixed,4,False
LPX,73.04499816894531,-27.88107242299127,8.989856502032856,-16.249775297755075,-33.886153631067494,0.04935508092774904,False,0.9638142714957764,6.229041229125832,-19.317515022805033,-7.899381644817094,False,True,False,True,21,35.0,False,0.5067292766714961,1.9940142655252988,True,-0.387950256507606,True,-1.2638620513128807,True,2,0,0.503375705988597,False,0.7294483542989741,False,5,2,True,False,False,35.0,17.13432653626399,11.212270034511665,0.25400676171776765,20.0,False,0,2,2,4,-12.782091738572765,83.75,85165224.08052635,19.731543624161073,False,0.0,0,,,,0.0,0,,,,False,False,False,False,0,,none,0,0,False,-2,0.5,mixed,4,False
LQDA,86.55000305175781,-2.7855731343846335,389.53620790617566,361.1081563184453,343.4717779851329,0.1814074865789081,True,1.2307220951187756,16.314262991699255,113.22986628823566,9.654127349702236,False,True,False,False,28,46.666666666666664,True,0.5632184883759267,3.508538666165601,True,2.920426746460723,True,8.26870203712653,False,0,1,0.5744574551749411,False,1.3687031610151965,True,5,1,False,False,False,25.0,26.641050548382633,24.71403655163015,0.8125259146394176,0.0,False,11,2,3,5,-4.994506584603076,91.0999984741211,125350974.84680176,98.52348993288591,True,0.0,0,,,,0.0,0,,,,False,False,False,False,0,,none,0,0,False,-1,0.625,mixed,4,False
LRCX,309.1199035644531,-28.664086690686062,227.74224004824936,217.887842617094,200.2514642837816,0.13754128813374833,False,0.9442694400761531,7.401660203365681,42.10712537551431,-12.03440415951259,False,True,False,True,32,53.333333333333336,True,0.5087107476061993,3.288137524883821,True,-1.309004292039432,True,-1.3342114239972003,True,2,0,0.41493091174455127,False,0.6060605604568257,False,7,4,True,False,False,25.0,31.892817811520096,18.95704722594714,0.07486527859154346,17.0,False,5,2,2,3,-29.505153120991302,438.5,4148519807.282819,96.10738255033557,True,0.0,0,,,,0.0,0,,,,False,False,False,False,0,,none,0,0,False,-3,0.375,mixed,4,False
LRN,86.02839660644531,-49.33843834679945,40.98393307288115,-33.41971044320633,-51.05608877651875,0.609777340631771,False,0.9340790818231159,5.626053905696691,17.428875372500553,-4.8779364394855085,True,True,False,True,26,43.333333333333336,True,0.3435550055363979,1.2963831867443936,False,-1.161573506845164,True,-1.4791606652461597,True,2,0,0.47341149981685726,False,1.0963060684036288,False,4,1,False,False,False,25.0,13.453447936400698,12.495873948666157,0.4657894801244197,9.0,False,1,1,4,4,-7.186973416223674,92.69000244140625,61023264.04353066,10.06711409395973,False,0.0,0,,,,0.0,0,,,,False,False,False,False,0,,none,0,0,False,-2,0.5,mixed,4,False
LSCC,131.83999633789062,-15.08984819338085,170.55201636851933,152.32535184285285,134.68897350954043,0.1465609351535479,False,0.9058903835643981,11.513951075117363,56.338187448420385,-3.4351442784290365,True,True,False,False,27,45.0,True,0.49253871238538227,2.767769055991839,True,-0.922658615909411,True,5.278282203759965,False,0,0,0.4602569514105171,False,1.042765738531025,False,6,1,False,False,False,25.0,26.38685059884991,18.507277437986282,0.39246916199290205,23.0,False,5,1,3,3,-16.03082545668738,157.00999450683594,247154274.55000305,93.22147651006712,True,0.0,0,,,,0.0,0,,,,False,False,False,False,0,,none,0,0,False,-3,0.375,mixed,4,False
LSTR,200.39999389648438,-11.079558841770076,69.68751439401031,45.78926195416501,28.152883620852595,0.14199027794542043,False,0.8944736205035588,9.056883457720895,30.835017491770643,-3.7510266392314806,False,True,False,False,31,51.66666666666667,True,0.27877586774944835,0.7344591829225248,False,-0.9920503014924025,True,-5.2751010544980215,False,0,0,0.4642978746129792,False,0.7702628348922842,False,4,3,True,False,False,25.0,8.981704963096629,9.700600316109734,0.17489678340999357,6.0,False,4,2,2,5,-7.410833655513449,216.44000244140625,87402962.81226806,72.01342281879195,False,0.0,0,,,,0.0,0,,,,False,False,False,False,0,,none,0,0,False,-1,0.625,mixed,4,False
LTH,42.349998474121094,-1.1437947635889456,72.22447422255958,45.58266844956882,27.946290116256403,0.054678198587790126,True,0.9438748779057615,6.328218185919074,42.59258379200679,3.7735776746088634,False,True,False,True,31,51.66666666666667,True,0.3014358701889667,0.8953696306428535,False,4.467127090825849,False,0.47448859075223115,True,2,1,0.449698987624223,False,2.031537085368614,True,4,1,False,False,False,25.0,20.655136955097472,7.378984917578216,0.822687118713993,4.0,False,7,2,5,5,-3.6624218468654157,43.959999084472656,116038055.50941925,71.94630872483222,False,0.0,0,,,,0.0,0,,,,False,False,False,False,0,,none,0,0,False,-1,0.625,mixed,4,False
LULU,111.43000030517578,-49.218427733432435,5.690979780548711,-49.04659606694581,-66.68297440025823,0.16739813694502337,False,0.8607274955958591,7.726824541659486,-41.6810613734395,-5.91066451233816,False,True,False,True,25,41.66666666666667,True,0.4257274089729325,1.562261637880776,False,-1.8033551941530364,True,-4.212156321457938,True,2,1,0.4617251659662033,False,1.469700611310894,True,5,3,True,False,False,25.0,14.393440621798156,11.487034924797777,0.3980637150116613,9.0,False,1,3,2,4,-8.66393417608543,122.0,308638967.7978363,3.8926174496644297,False,0.0,0,,,,0.0,0,,,,False,False,False,False,0,,none,0,0,False,-2,0.5,mixed,4,False
LUMN,6.375,-46.11158037942856,72.2972950768175,44.55782813101452,26.9214497977021,0.09814510566060358,False,0.533049090121593,10.666671453737745,-25.612599451431382,-0.8553628274797886,True,True,True,False,17,28.333333333333332,False,0.4162032320354545,2.339373386646147,False,-6.745486974826546,True,1.5127354620669609,True,2,0,0.4190396757724072,False,0.6684966413356617,False,7,2,True,False,False,25.0,27.529413559857534,10.980396644741882,0.09188040109745899,19.0,False,1,2,4,4,-25.0,8.5,87661818.48617133,71.34228187919463,False,0.0,0,,,,0.0,0,,,,False,False,False,False,0,,none,0,0,False,-2,0.5,mixed,4,False
LUNR,12.960000038146973,-71.6411382455448,60.9937854792012,1.3291640093900048,-16.307214323922413,0.2401579937412689,False,0.3889442791418713,16.203706599448324,-35.29705644599542,-33.81000976176748,True,True,True,False,14,23.333333333333332,False,0.4209914268715477,3.3142059616092236,False,-10.379801564565446,True,-4.142014797751925,True,2,0,0.2767637181874308,False,0.5567765961616031,False,7,5,True,False,False,,,,,,False,0,2,3,3,,,169451736.49611825,34.899328859060404,False,0.0,0,,,,0.0,0,,,,False,False,False,False,0,,none,0,0,False,-3,0.375,mixed,4,False
LUV,45.279998779296875,-16.652962599341613,58.74298889189051,38.69726777641962,21.060889443107204,0.15572851470489266,False,0.9206940479661232,10.092755781861316,8.877654492945574,-9.89054969294154,False,False,False,False,25,41.66666666666667,True,0.3751636348198083,1.1605061372679755,False,-0.14729105340135784,True,-5.823633413319262,False,0,0,0.4923305888255176,False,0.46289530700064646,False,6,2,True,False,False,25.0,16.37493052519542,12.588341246920779,0.0977009654691003,19.0,False,2,2,2,3,-14.77508400339438,53.130001068115234,274483113.6560968,68.18791946308724,False,0.0,0,,,,0.0,0,,,,False,False,False,False,0,,none,0,0,False,-3,0.375,mixed,4,False
LVS,45.95000076293945,-33.14362552801503,2.6127780606003626,-7.7160193287760475,-25.352397662088464,0.13483855711767487,False,0.9168639468783099,5.505990319884153,-22.504599181974484,-2.213238728195077,False,False,False,True,15,25.0,False,0.4506660175186819,1.332835105303179,True,-2.03190456305468,True,1.3007057862632454,True,2,0,0.47117068276213186,False,0.9016647980407372,False,5,2,True,False,False,25.0,9.86748262562856,6.528835582565697,0.3595044676881753,24.0,False,0,2,2,4,-6.320078536879647,49.04999923706055,206271386.48333493,26.107382550335572,False,0.0,0,,,,0.0,0,,,,False,False,False,False,0,,none,0,0,False,-2,0.5,mixed,4,False
LW,48.63999938964844,-25.223595844836556,27.529540258165962,-14.513764959121001,-32.15014329243342,0.9002902101143703,False,1.181873698115389,10.094572181382583,13.180447621966685,5.946415925310045,False,False,False,False,26,43.333333333333336,True,0.43502692814255284,1.5410689128905444,False,2.210629064224943,True,3.953832951320102,True,1,1,0.5117179534370954,False,1.2158883822061157,True,4,0,False,False,False,35.0,16.920298719677874,10.094572181382583,0.846153880880279,0.0,True,2,3,2,4,-2.60312229236882,49.939998626708984,83378904.3337204,20.93959731543624,False,0.0,0,,,,0.0,0,,,,False,False,False,False,0,,none,0,0,False,-2,0.5,mixed,4,False
LYB,61.0,-25.178295264256935,51.44247807222324,8.258925050381261,-9.377453282931157,0.11155588140706596,False,0.9701120510068038,11.295087220238857,22.35043946827071,14.317839771850217,False,True,False,False,23,38.333333333333336,False,0.3632524023816036,1.2767266167184215,False,-0.6070369119408605,True,3.0927866954289396,True,1,1,0.3593995395116535,False,1.3916909382638576,True,4,2,True,False,False,25.0,20.006160577260296,12.459020145603867,0.6938459854577914,1.0,False,1,3,2,3,-6.124966376304308,64.9800033569336,279952513.9052582,41.14093959731544,False,0.0,0,,,,0.0,0,,,,False,False,False,False,0,,none,0,0,False,-3,0.375,mixed,4,False
LYFT,14.279999732971191,-41.880342245265325,12.885376787310122,-0.69541293931773,-18.33179127263015,0.22714946962473212,False,1.0453702437215884,16.10644421389152,-20.223463478801527,-7.091738195860387,False,False,False,False,25,41.66666666666667,True,0.47422596101527636,2.29642218180484,True,-0.15962956857205451,True,-7.989695156047416,False,0,0,0.43570308082516107,False,0.6309306843248056,False,4,1,False,False,False,25.0,18.341408006569036,21.21849260017504,0.260726000932901,6.0,False,1,1,1,2,-13.5593260455376,16.520000457763672,171599626.98517933,32.5503355704698,False,0.0,0,,,,0.0,0,,,,False,False,False,False,0,,none,0,0,False,-4,0.25,mixed,4,False
LYG,6.021500110626221,-2.406806545080664,49.141421203779515,47.73443275445728,30.098054421144862,0.17390842733908426,True,0.9922140810925437,4.816075006645945,10.359899263827522,-0.6353107676047576,True,True,False,True,28,46.666666666666664,True,0.40171868080279227,0.6555823189648632,False,2.953121948633625,True,1.0318804041210994,True,2,0,0.4401787546376891,False,0.8442524517192321,False,7,1,False,False,False,55.0,18.608408583717214,5.64643604320272,0.8621741127923427,14.0,True,6,3,6,6,-2.5647204225734077,6.179999828338623,100076990.46869917,72.5503355704698,False,0.0,0,,,,0.0,0,,,,True,True,False,False,2,power_play,sepa_vcp,6,6,True,0,0.75,mixed,4,False
LYV,176.36000061035156,-5.482606746512742,40.402833972932626,15.350906739745973,-2.285471593566445,0.0769439152859055,False,0.8518580224574197,4.907574704776263,19.99727777474385,-5.482606746512742,False,True,False,True,25,41.66666666666667,True,0.39906663638455653,1.018495020762036,False,0.8155400706570433,True,-2.1418269804717616,True,2,1,0.4351679017079471,False,1.3687928187807021,True,4,2,True,False,False,65.0,19.64893746883311,5.4745967032675145,0.6848944607377422,14.0,False,2,4,3,5,-6.191489037047038,188.0,372649103.5073761,47.11409395973155,False,0.0,0,,,,0.0,0,,,,False,False,False,False,0,,none,0,0,False,-1,0.625,mixed,4,False
M,23.020000457763672,-11.325110671777615,100.77755051624595,88.13015389152616,70.49377555821374,0.0810595216615545,True,0.8735788860031716,7.641184809816134,15.442208305431148,-0.9892453429519499,False,True,False,True,26,43.333333333333336,True,0.4743993340676442,1.7286809115485253,True,0.40012448735699296,True,-2.7871614818681056,True,2,0,0.5180130002721309,False,0.613055219104186,False,6,4,True,False,False,55.0,31.82258020830539,11.902692079200538,0.6291700502759793,19.0,False,5,3,4,5,-11.800765818734504,26.100000381469727,110938776.42746353,86.7785234899329,True,0.0,0,,,,0.0,0,,,,False,False,False,False,0,,none,0,0,False,-1,0.625,mixed,4,False
MA,536.2550048828125,-9.911062572423091,13.912408690039356,-4.241941518716363,-21.87831985202878,0.10898133322725329,False,0.9756547445151811,4.531423962799007,2.5416457171774542,-0.41455012685637227,False,True,False,True,28,46.666666666666664,True,0.5193145869761011,1.130696142527242,True,2.6828773584169654,True,-1.3511720075424893,True,2,3,0.618471818066186,True,1.9108175199593649,True,2,2,True,False,False,45.0,15.946018901812979,5.241906387000595,0.8242165493543315,5.0,True,3,7,5,7,-2.8030462266217415,551.719970703125,1762595965.8787048,28.859060402684566,False,0.0,0,,,,0.0,0,,,,False,True,False,False,1,,power_play,7,7,True,1,0.875,mixed,4,False
MAA,133.57000732421875,-8.146982557080463,13.438484398139927,-7.759409813242613,-25.39578814655503,0.1174820012845954,False,0.9844583151547547,2.3583092938209504,0.7237585182580553,-4.974722400162134,False,False,False,True,26,43.333333333333336,True,0.5326145548817789,0.9802829965469568,True,0.2402336979585342,True,0.45878503275371685,True,2,0,0.3967453874932242,False,0.6817679341332459,False,5,1,False,False,False,65.0,14.133370056404168,4.057795816233788,0.5446566119465244,13.0,False,2,1,2,4,-6.435536606096615,142.7571991322104,135249476.39373627,26.040268456375838,False,0.0,0,,,,0.0,0,,,,False,False,False,False,0,,none,0,0,False,-2,0.5,mixed,4,False
MAC,25.739999771118164,-0.6944456197760851,65.02788960038632,50.994908868272134,33.35853053495971,0.07681557166114408,True,0.921807920479223,3.8461529911472794,42.5099293668807,1.0997670727186826,False,True,False,True,26,43.333333333333336,True,0.5017759409410036,1.055436190393395,True,2.9118625177515325,True,-0.6944456197760851,True,2,1,0.5321616653340444,False,1.5322830849397238,True,4,3,True,False,False,45.0,16.876174273279098,6.6433531456025054,0.8893061245357645,5.0,True,8,5,6,6,-1.8680891333190952,26.229999542236328,76855841.65399781,74.56375838926175,False,0.0,0,,,,0.0,0,,,,True,True,False,False,2,power_play,sepa_vcp,6,6,True,0,0.75,mixed,4,True
MAN,51.4900016784668,-3.0502709720719,104.61895886055008,20.737979845270928,3.10160151195851,0.0765484363686333,True,1.5091695296831775,10.118467497839461,72.1875175803472,32.74039820364052,False,False,False,False,30,50.0,True,0.4700076159082898,3.1314226960649725,True,4.9356505650072275,False,-1.623994023009312,True,1,1,0.49876684865780163,False,1.6427079658759585,True,6,2,True,True,False,,,,,,False,7,2,3,3,,,79347739.16734695,52.81879194630873,False,0.0,0,,,,0.0,0,,,,False,False,False,False,0,,none,0,0,False,-3,0.375,mixed,4,False
MANH,154.2100067138672,-32.34622924358875,27.572807923361186,-29.99364101668921,-47.63001935000163,0.20626471577531114,False,1.0366089746699687,13.980932896655524,-11.383747311934023,2.0987907631385028,False,False,False,False,23,38.333333333333336,False,0.5547485979578044,2.6185969541623564,True,1.2652090057373049,True,-5.502785460624859,False,0,1,0.4837553375649094,False,1.767137383026783,True,3,1,False,False,False,25.0,24.531119426593257,13.980932896655524,0.6783542353728604,4.0,False,1,3,2,3,-7.890330665126266,167.4199981689453,104750434.19235535,11.275167785234899,False,0.0,0,,,,0.0,0,,,,False,False,False,False,0,,none,0,0,False,-3,0.375,mixed,4,False
MAR,372.05499267578125,-7.573164212753925,46.992964616425034,37.550030637507234,19.913652304194816,0.11184292248724363,False,0.9140422315134249,3.0909409163664714,16.831299657982225,-0.2399837785105552,False,True,False,True,27,45.0,True,0.46971356408043824,1.0108997913412772,True,-0.5397001703782303,True,1.5877573712485438,True,2,0,0.5343252945667631,False,0.7492918299687341,False,5,1,False,False,False,65.0,16.127400782176192,4.867564264867205,0.41272197928652715,27.0,False,4,1,2,6,-9.471268010609347,410.9800109863281,515782363.27290344,67.04697986577182,False,0.0,0,,,,0.0,0,,,,False,True,False,False,1,,power_play,6,6,True,0,0.75,mixed,4,False
MARA,12.369999885559082,-45.840631335733605,83.80386107728496,-28.33140369917333,-45.967782032485744,0.2101776667419953,False,0.9315299552512752,16.895716830424444,17.809522719610314,-0.24193333785559323,False,False,False,False,23,38.333333333333336,False,0.46412759139514004,4.082483998515572,True,-0.8278904686976953,True,15.715625548373913,False,0,1,0.46488770303335436,False,1.342490935922429,True,4,1,False,True,False,25.0,35.849058027511326,21.180274129328875,0.3106960640130775,23.0,False,0,2,1,2,-24.71089679978714,16.43000030517578,604087133.624155,12.348993288590604,False,0.0,0,,,,0.0,0,,,,False,False,False,False,0,,none,0,0,False,-4,0.25,mixed,4,False
MAS,78.37000274658203,-5.315928567037053,34.377578133743334,18.398322985504436,0.7619446521920175,0.12685943323061297,True,0.9791114626409549,3.5089956662275816,15.06236228540998,-5.315928567037053,True,True,False,True,30,50.0,True,0.4810671742127011,1.3185637690345113,True,2.048960958050674,True,-0.3560060697579859,True,2,1,0.5065915124740806,False,2.2345744951932356,True,6,1,False,False,False,35.0,17.437810714912143,8.30675246660546,0.666437241535238,15.0,False,3,3,5,5,-5.816604243652479,83.20999908447266,165151155.46313095,50.20134228187919,False,0.0,0,,,,0.0,0,,,,False,False,False,False,0,,none,0,0,False,-1,0.625,mixed,4,False
MAT,14.204999923706055,-35.89801434333067,8.850572537088608,-15.896977874303353,-33.53335620761577,0.06377808191741496,False,1.0407636918860188,4.012676181344344,-31.277213975448813,6.484256081139228,False,False,False,True,24,40.0,True,0.4327000612044579,1.5933520741736378,False,-0.07895835538940793,True,-0.6643375228089887,True,2,1,0.4490548944363799,False,1.255228691470316,True,3,3,True,True,True,25.0,14.16048814749374,10.06688006234566,0.7023810064441124,6.0,False,2,4,3,5,-4.214430230717159,14.829999923706055,72798656.98872638,19.93288590604027,False,0.0,0,,,,0.0,0,,,,False,False,False,False,0,,none,0,0,False,-1,0.625,mixed,4,False
MATX,211.35009765625,-5.457349688643576,141.83081337484128,96.34854565912696,78.71216732581453,0.041993885343139324,True,1.213191724782522,14.43103189363398,33.53086061745625,3.842234031275682,False,False,False,False,24,40.0,True,0.3930294662151842,1.3642939112089334,False,1.8763648590418058,True,-4.874379051463428,True,1,0,0.4015003118593003,False,0.9061974127523393,False,4,1,False,False,False,45.0,23.268614528570286,17.620055966916564,0.6388544057513327,6.0,False,7,1,2,4,-8.403357621263696,230.74000549316406,71584092.73503113,88.25503355704699,True,0.0,0,,,,0.0,0,,,,False,False,False,False,0,,none,0,0,False,-2,0.5,mixed,4,False
MBLY,8.114999771118164,-47.77992412459111,23.704265882657218,-47.37354260073046,-65.00992093404288,0.5490731860722395,False,1.0569522838595717,26.370917151495192,-17.193881498183394,-15.203761443095631,False,False,False,False,21,35.0,False,0.4811757853230426,3.5772701604931156,True,-2.0554951332586877,True,-11.984820649758355,False,0,0,0.46136161291902955,False,1.0050568991019215,False,6,2,True,False,False,25.0,31.40096963335232,40.04929844119196,0.3123076054048384,7.0,False,0,2,2,2,-21.59420799977001,10.350000381469727,72122079.29422188,4.429530201342282,False,0.0,0,,,,0.0,0,,,,False,False,False,False,0,,none,0,0,False,-4,0.25,mixed,4,False
MBX,61.46500015258789,-6.460202390853276,530.7337185675253,371.71912058491046,354.08274225159806,0.16369669802637798,True,1.4762844488468625,15.342071254312053,62.391024122795955,6.340832117481066,False,True,False,False,32,53.333333333333336,True,0.48039801514647623,4.045439282690544,True,3.2204241960779703,True,-2.3124571816589,True,1,1,0.5896972521056886,False,2.1905661085868475,True,3,1,False,False,False,25.0,38.8463889136869,23.02124022687472,0.7993820176717903,0.0,False,9,2,3,5,-7.7932841646008,66.66000366210938,55369016.873802945,98.59060402684564,True,0.0,0,,,,0.0,0,,,,False,False,False,False,0,,none,0,0,False,-1,0.625,mixed,4,False
MC,66.20500183105469,-13.133551820275724,30.153576060777976,-3.0327553038186017,-20.66913363713102,0.056631806540753976,False,1.043178857946736,6.993436681155275,-8.28534962158396,-3.420862314087081,False,True,False,True,24,40.0,True,0.5270126090669001,2.0301809806477618,True,-0.18834397508860795,True,-1.9330473468840648,True,2,0,0.5641926734112304,False,0.7401741591152634,False,7,2,True,False,False,65.0,15.70927759981676,12.174308814096765,0.4352827433153528,13.0,False,1,2,2,4,-8.871300150666094,72.6500015258789,55440851.02863846,30.536912751677853,False,0.0,0,,,,0.0,0,,,,False,False,False,False,0,,none,0,0,False,-2,0.5,mixed,4,False
MCD,265.0799865722656,-21.313360694750262,0.8675794844758666,-7.799576984617451,-25.435955317929867,0.14515379729033603,False,1.0190003698762509,3.410294629110902,-13.219512804309986,-5.541110373083724,True,True,False,True,21,35.0,False,0.5508847361052115,1.2314715868119985,True,-1.8271839452254077,True,-0.982408190489148,True,2,0,0.3771883635450965,False,0.5920771049501848,False,4,2,True,False,False,25.0,9.104846427280313,5.80956491496051,0.15761257874558113,13.0,False,0,2,3,4,-7.669808102794173,287.1000061035156,1213308964.4843445,25.838926174496645,False,0.0,0,,,,0.0,0,,,,False,False,False,False,0,,none,0,0,False,-2,0.5,mixed,4,False
MCHP,78.43000030517578,-23.639372014138637,63.20462524212842,18.7987684191951,1.1623900858826808,0.10005013403744559,False,0.8651994063654522,9.728426435195333,6.127383496803929,-7.3369554929748055,False,True,False,False,25,41.66666666666667,True,0.42934740997879767,1.9251385577239817,False,-2.939416261747164,True,-3.1249985275532244,True,1,0,0.41368630986575283,False,0.8817810480078048,False,7,2,True,False,False,25.0,25.021627496622767,13.578989524976565,0.016519413190206705,23.0,False,1,2,2,3,-24.608284893314615,104.02999877929688,974073733.7936844,50.671140939597315,False,0.0,0,,,,0.0,0,,,,False,False,False,False,0,,none,0,0,False,-3,0.375,mixed,4,False
MCK,839.6849975585938,-15.574782697437872,27.934734626121415,18.715078785280625,1.0787004519682064,0.12531706320356195,False,1.138098624992191,3.935998367133206,2.5702660874526106,6.789394708687335,False,True,False,True,25,41.66666666666667,True,0.5096408714252997,1.4050240580072133,True,2.7527068467349354,True,-0.20264289570350869,True,2,0,0.5356869537011482,False,1.1628541287977148,False,3,1,False,False,False,55.0,16.041726486264203,8.387668337597827,0.84567683274166,5.0,True,2,3,4,5,-2.4756100396522984,861.0,795468540.3447021,50.604026845637584,False,0.0,0,,,,0.0,0,,,,False,False,False,False,0,,none,0,0,False,-1,0.625,mixed,4,False
MCO,469.8699951171875,-12.527725848131722,14.501401269527502,-7.657455442819527,-25.293833776131947,0.1767271204522568,False,1.033227727255652,8.862028876317654,-9.928782857154228,-4.2078681856665305,False,False,False,False,26,43.333333333333336,True,0.4884243298206113,1.3750228673527387,True,0.4943493278451045,True,-8.023723017994177,False,0,2,0.5043059247496993,False,1.3940483082464943,True,2,1,False,False,False,45.0,18.23393081640339,11.692596465476369,0.4399495701888431,5.0,False,1,3,2,4,-10.211920790873618,523.3099975585938,460099309.98471224,26.174496644295303,False,0.0,0,,,,0.0,0,,,,False,False,False,False,0,,none,0,0,False,-2,0.5,mixed,4,False
MDB,293.8999938964844,-33.295508437320635,46.21890243606188,24.978733338844393,7.342355005531974,0.09378908150503998,False,0.8848876924957348,12.977198000314624,-26.283580702609267,-17.183276078477505,True,True,False,False,23,38.333333333333336,False,0.5590850426871966,3.2496517483661327,True,-2.1141927425077207,True,-5.900807949324771,False,0,0,0.386709589829531,False,1.0908284001574633,False,5,3,True,False,False,25.0,22.168050310640393,20.959512549432716,0.04023667722638068,10.0,False,0,2,3,2,-21.27608162555299,373.3299865722656,491328968.8847809,56.84563758389262,False,0.0,0,,,,0.0,0,,,,False,False,False,False,0,,none,0,0,False,-3,0.375,mixed,4,False
MDGL,543.5800170898438,-9.828641295274053,87.51897610516204,81.6960232283265,64.05964489501407,0.04393264581894396,True,1.0137499501900806,5.231980857880882,13.139765486281041,2.93127101298023,False,True,False,True,27,45.0,True,0.4967407025977034,2.092562814877168,True,1.2820877802809534,True,-1.7886759644895944,True,2,1,0.5774655383253645,False,0.767522922973804,False,2,1,False,False,False,35.0,19.06258558014428,6.878474828528809,0.7617688783080862,11.0,False,6,3,4,6,-4.541301145105869,569.4400024414062,214415051.06964415,85.70469798657719,True,0.0,0,,,,0.0,0,,,,False,True,False,False,1,,power_play,6,6,True,0,0.75,mixed,4,False
MDLZ,60.28499984741211,-11.619231916990703,19.038336528357892,-11.115491275810552,-28.75186960912297,0.13246046792942862,False,1.0370420650787047,3.1185221412850983,4.994248133176238,-1.0261040905692131,True,True,False,True,24,40.0,True,0.48476244514613526,1.236293430189219,True,-0.17844550141609833,True,-1.1721313976850611,True,2,0,0.558531922433318,False,0.6585864715563134,False,5,2,True,False,False,65.0,13.302251153693895,8.575934306591051,0.5841495597848,29.0,False,3,2,3,6,-5.53174699811676,63.815089124396444,533597480.87336046,22.617449664429532,False,0.0,0,,,,0.0,0,,,,False,True,False,False,1,,power_play,6,6,True,0,0.75,mixed,4,False
MDT,83.25,-19.022626478723314,13.89983197501743,-6.892497477070503,-24.52887581038292,0.10699048420673478,False,1.0955848977658817,3.051052150783596,-16.05176785492002,0.07212111651999642,False,True,False,True,23,38.333333333333336,False,0.4297254869722546,1.1902081775737465,False,1.7150736161627447,True,0.060099824028747584,True,2,1,0.3791080819187291,False,0.9674687790973625,False,2,0,False,False,False,45.0,15.508231390309252,6.9909906244134765,0.7945339774780369,13.0,False,1,3,3,5,-3.186414620117095,85.98999786376953,621070530.1146126,26.91275167785235,False,0.0,0,,,,0.0,0,,,,False,False,False,False,0,,none,0,0,False,-1,0.625,mixed,4,False
MDY,688.77001953125,-2.071545307802136,22.82741436982205,19.580079749667,1.9437014163545818,0.17855973696436866,False,0.8903042444750217,1.5956053483586075,8.808436234664585,-0.7106807826190331,False,True,False,True,26,43.333333333333336,True,0.4015733568980225,0.4677379954587237,False,0.65039750176032,True,0.0029066470054406324,True,2,0,0.41020620183756434,False,1.1465205650036328,False,4,3,True,False,False,55.0,8.047614042887602,1.7654708879406722,0.7234150564720512,15.0,True,3,4,5,5,-2.2258488755868,704.4500122070312,460798485.74931335,51.54362416107383,False,0.0,0,,,,0.0,0,,,,False,False,False,False,0,,none,0,0,False,-1,0.625,mixed,4,False
MEDP,602.030029296875,-2.9907018732861834,53.02475948073733,32.11684492920508,14.480466595892661,0.2599630769230769,False,1.3570768532375712,27.14649531715408,2.3773559721300686,7.968087456289696,False,False,False,False,25,41.66666666666667,True,0.4412478311952673,1.5782319660258954,True,4.306919172710158,False,11.95768344031578,False,0,0,0.4679525447297504,False,0.7617708506985958,False,4,2,True,True,True,25.0,34.35536379166692,27.14649531715408,0.6742309248609448,1.0,False,5,1,2,4,-11.191915088477112,677.9000244140625,192222816.95788574,62.751677852349,False,0.0,0,,,,0.0,0,,,,False,False,False,False,0,,none,0,0,False,-2,0.5,mixed,4,False
MELI,1817.6949462890625,-27.609849281468335,17.5124855304847,-23.979217951546804,-41.61559628485922,0.1290051216729029,False,0.8882790362475773,5.063000665455295,-14.953286027273327,3.081331173944446,True,True,False,True,27,45.0,True,0.3978059404411776,1.1827551011624333,False,2.286190222009615,True,0.20866040972571387,True,2,2,0.5252635065336416,False,1.995644315846857,True,1,0,False,False,False,25.0,17.816414254299904,7.389575823120653,0.7413913621291128,7.0,False,2,4,5,6,-4.607478622047956,1905.489990234375,640721869.2124939,14.228187919463087,False,0.0,0,,,,0.0,0,,,,False,True,False,False,1,,power_play,6,6,True,0,0.75,mixed,4,False
MET,93.34510040283203,-0.6967016991148656,38.937054392440686,23.600048329061107,5.963669995748688,0.15389304828690456,True,0.8967391857197835,3.171035974136017,24.962978162350268,3.647682581937639,False,False,False,True,31,51.66666666666667,True,0.4304655702911126,0.8978368847144382,False,3.930392326367969,True,-0.6967016991148656,True,2,0,0.5930566561759724,False,1.1530165716733107,False,4,1,False,False,False,55.0,19.207253956853627,3.7709577227624287,0.9168550984618941,5.0,True,6,3,5,5,-1.5969852390599892,94.86000061035156,296236009.6793373,55.43624161073826,False,0.0,0,,,,0.0,0,,,,False,False,False,False,0,,none,0,0,False,-1,0.625,mixed,4,False
META,604.4243774414062,-23.23982123661623,15.07734660249005,-15.164329726013603,-32.80070805932602,0.12956731069126665,False,1.2074293685070463,9.705107267182335,-8.084505285269794,3.692632033937593,False,True,False,False,20,33.33333333333333,False,0.4304148526203483,1.661808960098142,False,-0.06057123275479931,True,-6.437304638562202,False,0,1,0.43992534131155037,False,1.6711638815959236,True,3,2,True,True,False,25.0,21.265744633246847,14.701598695087867,0.4403315559653384,7.0,False,0,3,2,3,-11.901766210127718,686.0800170898438,11800979610.933826,20.40268456375839,False,0.0,0,,,,0.0,0,,,,False,False,False,False,0,,none,0,0,False,-3,0.375,mixed,4,False
MFC,43.7400016784668,0.0,49.11988324456964,43.18190786351852,25.5455295302061,0.1739319777745676,True,0.881249656797233,3.1893013356934334,20.668041779578527,6.216613293636275,False,False,False,True,32,53.333333333333336,True,0.44230333645799663,0.7239346010729458,True,5.3925859379018295,False,0.8066427604095816,True,2,3,0.7004604778891822,True,2.4551426170223603,True,1,0,False,False,False,55.0,16.26440075571623,6.321443263706245,0.9992976317091867,0.0,True,7,4,4,5,-0.011423599359894343,43.744998931884766,56873838.6858963,70.93959731543625,False,0.0,0,,,,0.0,0,,,,False,False,False,False,0,,none,0,0,False,-1,0.625,mixed,4,False
MGA,66.31999969482422,-2.6852557447996084,66.9546654067322,59.2628872481612,41.626508914848785,0.1858115978924144,True,0.9345186021451769,6.468638322177414,26.54939461103112,5.790399023184345,True,False,False,True,28,46.666666666666664,True,0.4315924773773568,1.2108477931578638,False,0.7640848697875041,True,-0.21065210890311992,True,2,0,0.5210047493293632,False,0.8825396657259377,False,5,2,True,False,False,65.0,17.57375083409664,7.6146005352770345,0.7639660350222046,35.0,False,6,3,5,6,-4.148002088903668,69.19000244140625,80966391.15324631,78.85906040268456,False,0.0,0,,,,0.0,0,,,,False,True,False,False,1,,power_play,6,6,True,0,0.75,mixed,4,False
MGM,45.75,-9.745509490122684,48.92578457875067,22.457171446950586,4.820793113638167,0.18462997758975863,True,0.6545431848619605,5.1147544318861,34.440204646240915,-2.8662388914149184,False,True,False,True,19,31.666666666666664,False,0.43700618162292026,1.0175499440258555,False,0.6138376901382927,True,-0.8237612384923376,True,2,0,0.3822869829547924,False,0.640921249722468,False,4,3,True,False,False,45.0,31.53712039085452,7.497268426613729,0.641057161138482,37.0,False,3,3,4,5,-11.32002352261079,51.59000015258789,123849522.38049698,54.42953020134228,False,0.0,0,,,,0.0,0,,,,False,False,False,False,0,,none,0,0,False,-1,0.625,mixed,4,False
MGNI,18.239999771118164,-31.221721507254184,62.857143586995655,-20.522879456401498,-38.15925778971392,0.11182456850980968,False,0.9472102868281005,9.429831372183642,18.364697934642173,-10.50048811468126,False,True,False,False,26,43.333333333333336,True,0.5503718809095722,2.7322977377747164,True,1.5955616473146825,True,-4.000001204641245,True,1,1,0.38684830812707494,False,1.8906500083291689,True,6,1,False,False,False,25.0,19.290047595520214,17.982460130504894,0.2324453461376644,10.0,False,1,2,2,3,-14.806165805167504,21.40999984741211,51204674.53378534,16.040268456375838,False,0.0,0,,,,0.0,0,,,,False,False,False,False,0,,none,0,0,False,-3,0.375,mixed,4,False
MGY,25.790000915527344,-19.833949991243117,22.879717740092275,10.291488752891187,-7.344889580421231,0.15005385491952983,False,1.0989645406206192,11.981388301260196,8.29730935242694,2.341270375894511,False,False,False,False,23,38.333333333333336,False,0.4079391230371232,1.457630807167,False,-1.4376551161010753,True,-5.392513943551014,False,0,1,0.5387575510193697,False,1.3147764017509513,True,4,1,False,False,False,25.0,14.071430478777206,13.997675386580136,0.439086602814065,19.0,False,0,2,1,2,-7.892853873116634,28.0,161889467.90420836,42.68456375838926,False,0.0,0,,,,0.0,0,,,,False,False,False,False,0,,none,0,0,False,-4,0.25,mixed,4,False
MHK,111.76000213623047,-20.028621011641878,18.477684688687866,-3.655170572215116,-21.291548905527534,0.09827914541082276,False,0.9560559014178267,6.084469328721837,-7.3376987226062,-6.35944401753501,False,True,False,True,28,46.666666666666664,True,0.4176624135626958,1.5012220251328137,False,0.8165193094083235,True,0.23318577240400984,True,2,1,0.6307391987966914,True,0.647722768639075,False,4,2,True,False,False,45.0,24.052997191784886,9.439873702666745,0.6194661743699754,20.0,False,1,4,3,4,-9.152979039258147,123.0199966430664,76023593.94757958,29.86577181208054,False,0.0,0,,,,0.0,0,,,,False,False,False,False,0,,none,0,0,False,-2,0.5,mixed,4,False
MIAX,42.040000915527344,-26.037999995302098,36.7599259224007,,,0.040546950163555896,False,0.8074336230872198,6.636538665004799,-0.9425017062321683,2.938297645582688,True,True,False,True,24,40.0,True,0.40764083449038957,1.9618421964517043,False,-0.7455408360231153,True,-0.6850954476325777,True,2,2,0.4481540892912966,False,2.200776459397627,True,2,2,True,False,False,25.0,20.202704757734942,7.326360047525828,0.736900748139857,10.0,False,2,5,6,6,-5.315316507311419,44.400001525878906,78325002.21442051,,False,0.0,0,,,,0.0,0,,,,True,True,False,False,2,power_play,sepa_vcp,6,6,True,0,0.75,mixed,4,False
MIDD,132.75999450683594,-7.912574640265591,47.76206232016538,11.154975468906514,-6.481402864405904,0.05622721159101371,False,1.1236578193955993,4.18424839139646,12.742140304410142,-5.767084629584462,False,True,False,True,27,45.0,True,0.4641888139701263,1.5426418869594851,True,0.6761563263851063,True,-0.34529853599468696,True,2,1,0.5100830160343663,False,1.3113544664292953,True,4,2,True,False,False,35.0,17.789369755016065,8.029530056631993,0.402484552026822,13.0,False,2,3,2,5,-10.629423238328927,148.5500030517578,92982024.57524948,43.624161073825505,False,0.0,0,,,,0.0,0,,,,False,False,False,False,0,,none,0,0,False,-1,0.625,mixed,4,False
MIR,16.584999084472656,-44.25210391773897,5.168031725121192,-23.747130646102732,-41.383508979415154,0.07338050756637202,False,0.8078077546079361,7.446491881376134,-34.98628406245366,-4.574223904961794,False,False,False,True,21,35.0,False,0.48542899417208674,2.106527642322846,True,-1.1763316944190612,True,3.850963100567739,True,2,1,0.4680437105395202,False,1.2009138003138289,True,4,2,True,False,False,25.0,20.358054718956314,9.104614484395967,0.25502500160543184,22.0,False,0,3,2,4,-15.16624178157101,19.549999237060547,63954108.43369255,14.429530201342283,False,0.0,0,,,,0.0,0,,,,False,False,False,False,0,,none,0,0,False,-2,0.5,mixed,4,False
MIRM,112.19000244140625,-12.740144629148665,119.46401562115577,115.04697408287127,97.41059574955885,0.12024198440569676,True,0.9861724250834557,9.617613584742244,18.983987010367276,-10.669634753736823,False,True,False,False,23,38.333333333333336,False,0.4611335669333327,2.193388365607598,True,0.6937553941656202,True,-5.6116423815367416,False,0,1,0.4924826852596932,False,2.30214488362136,True,3,2,True,False,False,25.0,19.73461444561298,10.754079845668485,0.3057884074831413,11.0,False,3,3,3,4,-13.699998121995193,130.0,98312064.41735268,90.53691275167786,True,0.0,0,,,,0.0,0,,,,False,False,False,False,0,,none,0,0,False,-2,0.5,mixed,4,False
MKC,51.029998779296875,-27.649500406934813,12.921974635875145,-26.272359349227138,-43.90873768253955,0.09651201433695286,False,1.0619363454841202,6.995884342980986,-14.539560853760602,-3.6624549682811924,False,True,False,True,25,41.66666666666667,True,0.5755652760069994,1.890491559018813,True,1.327609233724268,True,-1.2959419221573065,True,2,1,0.4810977489267262,False,1.542879060616209,True,3,2,True,False,False,55.0,17.89740910773122,8.64197521635307,0.6829330945751368,5.0,False,1,4,3,4,-5.674676120911104,54.099998474121094,188865933.53863716,13.154362416107382,False,0.0,0,,,,0.0,0,,,,False,False,False,False,0,,none,0,0,False,-2,0.5,mixed,4,False
MKL,1987.4300537109375,-9.32843002612379,13.478594429040381,-0.7996155557351003,-18.43599388904752,0.0746815955213436,False,0.9252409673892242,3.4879187903809754,-2.05892480476787,0.39300023746255963,False,True,False,True,27,45.0,True,0.45102976203238476,0.9175887593371309,True,2.994791791660444,True,0.760483241054799,True,2,0,0.5302846107919439,False,0.9547657142857143,False,5,1,False,False,False,65.0,14.711803860134548,4.090706317236621,0.9036719053861335,13.0,True,3,3,4,6,-1.4171600341796875,2016.0,133453928.74279174,32.41610738255034,False,0.0,0,,,,0.0,0,,,,False,True,False,False,1,,power_play,6,6,True,0,0.75,mixed,4,False
MKSI,331.7449951171875,-25.417040417816395,272.15080799534275,235.06282570537374,217.42644737206132,0.19596463720233512,False,1.0118077789749789,7.9187295664828685,53.09864475992734,-9.25019221666512,True,True,False,True,27,45.0,True,0.4454229238642848,2.8961051250937264,True,-0.7097413508936398,True,2.1728395154557933,True,2,0,0.4766314458787716,False,0.8022741961685231,False,4,2,True,False,False,25.0,31.39269705252634,20.202260772614625,0.1753842224629981,17.0,False,5,2,3,4,-25.886913288952563,447.6199951171875,488359226.1323303,96.51006711409396,True,0.0,0,,,,0.0,0,,,,False,False,False,False,0,,none,0,0,False,-2,0.5,mixed,4,False
MKTX,114.4800033569336,-45.44549415106323,4.940881107327377,-45.44549415106323,-63.08187248437565,0.07170942785960925,False,0.8282242301347358,3.1883310786589356,-32.5908019836336,-1.7591997286860783,True,True,False,True,13,21.666666666666668,False,0.36836904154105393,1.2956578391743352,False,-2.0710285196685825,True,0.5975397952023842,True,2,1,0.5252395939983822,False,1.2925370342819493,True,3,2,True,False,False,25.0,11.5637969257083,5.363381559751293,0.40295378797796383,24.0,False,0,3,4,4,-6.904121151086207,122.97000122070312,61740012.12584381,5.23489932885906,False,0.0,0,,,,0.0,0,,,,False,False,False,False,0,,none,0,0,False,-2,0.5,mixed,4,False
MLI,63.38999938964844,-9.738285531777603,53.743573203834735,45.10746634240692,27.471088009094505,0.06660385416110606,False,0.8833410583561248,9.54409703424887,-3.9265931140862853,12.194689185218465,False,True,False,False,24,40.0,True,0.42897987426381023,1.719161414292629,False,-0.34503954492171485,True,7.204461769966608,False,0,1,0.6013310431565059,True,0.9526112835395757,False,3,1,False,False,False,25.0,22.673102434467367,13.31440688226998,0.5563202454391938,24.0,False,4,2,2,4,-10.059596523256499,70.4800033569336,105901285.7031641,71.61073825503355,False,0.0,0,,,,0.0,0,,,,False,False,False,False,0,,none,0,0,False,-2,0.5,mixed,4,False
MLM,554.260009765625,-21.51871253642541,4.205767753344003,-4.164624583932241,-21.80100291724466,0.11956585742363117,False,0.8414265436676654,5.037343921305548,-14.43403568877758,-7.53394521905687,False,True,False,True,24,40.0,True,0.3963227391013289,1.1344701118913838,False,-1.3826656544191802,True,-1.480654951600091,True,2,0,0.3133774344428891,False,0.583786566539327,False,7,2,True,False,False,45.0,18.004677756888917,8.317391616514312,0.23959411164064914,20.0,False,1,2,2,4,-13.69086298435096,642.1799926757812,349196300.42542726,28.926174496644297,False,0.0,0,,,,0.0,0,,,,False,False,False,False,0,,none,0,0,False,-2,0.5,mixed,4,False
MMM,170.67999267578125,-1.3043180183648362,21.503329541632965,16.458608758192984,-1.1777695751194344,0.1216419060076917,False,1.0988220070937045,10.048048916811881,5.933444339617111,6.382442083366779,False,False,False,False,29,48.333333333333336,True,0.4368800944009198,1.043772435669981,False,2.7850360149465696,True,6.781779646050312,False,0,0,0.31328612760046237,False,0.4363658214300662,False,6,2,True,True,True,45.0,16.80175603731821,11.858452285975538,0.8148518213796488,3.0,False,4,3,3,6,-3.110814527932959,176.16000366210938,586945590.8345947,48.12080536912752,False,0.0,0,,,,0.0,0,,,,False,True,False,False,1,,power_play,6,6,True,0,0.75,mixed,4,False
MMSI,74.37999725341797,-20.17600664325555,23.329457071373927,-11.683690126646862,-29.32006845995928,0.11402512170507702,False,1.0352711409284645,5.485337929980455,-8.915020918703886,4.627937944869176,True,True,False,True,29,48.333333333333336,True,0.43435835268099676,1.2357322174260772,False,3.023906650606554,True,0.5270974468285727,True,2,2,0.4838019227261007,False,1.212752249497685,True,2,1,False,False,False,35.0,19.32202929568252,7.797789239763323,0.8434547678967138,5.0,False,2,4,5,6,-3.024771560799111,76.69999694824219,54896623.48042488,22.416107382550337,False,0.0,0,,,,0.0,0,,,,False,True,False,False,1,,power_play,6,6,True,0,0.75,mixed,4,False
MMYT,49.13999938964844,-52.388334632742705,35.371901990231635,-51.643379195538095,-69.27975752885051,0.14913286101800094,False,1.031956969471541,17.155067989177873,-21.501596505688468,-15.668441730548821,False,True,False,False,24,40.0,True,0.4592813717336452,2.45264634519895,True,0.09386693053000711,True,-10.032954319662835,False,0,0,0.38303635232998967,False,0.8759099702051703,False,4,2,True,False,False,25.0,25.64693922565227,22.64957510451215,0.25899739149194895,13.0,False,1,2,2,2,-19.004448866455792,60.66999816894531,53359079.607934,3.1543624161073827,False,0.0,0,,,,0.0,0,,,,False,False,False,False,0,,none,0,0,False,-4,0.25,mixed,4,False
MNDY,75.06999969482422,-74.31220838920147,27.648355622922672,-74.04846595016943,-91.68484428348185,0.35062045466103847,False,0.9933500596720004,14.373252909805556,-41.95020457537101,-5.891935747813159,False,False,False,False,24,40.0,True,0.4871483490529741,2.810748950728634,True,-0.6281247031247587,True,-4.6003337581258075,True,1,0,0.44361517250857574,False,0.6894663422908669,False,4,1,False,False,False,25.0,23.521341181342,24.390575812471578,0.39980540595901576,9.0,False,1,1,1,2,-14.117381821635044,87.41000366210938,87977503.6390686,0.6711409395973155,False,0.0,0,,,,0.0,0,,,,False,False,False,False,0,,none,0,0,False,-4,0.25,mixed,4,False
MNST,93.69999694824219,-6.243751591683733,59.489356507646285,55.69956210216822,38.06318376885581,0.0715978849444835,True,1.1038413902305484,5.176092456865422,14.268288961270969,-3.995903265216749,False,True,False,True,30,50.0,True,0.5096971771728648,1.0783772458426715,True,0.5899916578000848,True,-3.8974390274439052,True,2,0,0.4689900983788455,False,0.5587596907584775,False,5,2,True,False,False,55.0,24.875423555349684,7.705436314258109,0.7339743736697848,5.0,False,4,3,4,5,-6.617500131541288,100.33999633789062,559991947.6039829,77.11409395973155,False,0.0,0,,,,0.0,0,,,,False,False,False,False,0,,none,0,0,False,-1,0.625,mixed,4,False
MO,73.4000015258789,-1.6876534615948957,38.42468244264759,31.485905666673197,13.84952733336078,0.13879841019655523,True,1.1145724294033512,4.4686630941559775,22.348551035933582,0.9489787513332626,False,True,False,True,27,45.0,True,0.4412451836412784,1.077508211088983,True,1.1015831270783643,True,-1.091493826420531,True,2,0,0.4287123396039473,False,0.920465153167995,False,5,2,True,False,False,65.0,15.386004221942029,7.370566648840493,0.8376875758096096,5.0,True,6,4,5,6,-2.4973396438669915,75.27999877929688,500856752.5727779,62.214765100671144,False,0.0,0,,,,0.0,0,,,,False,True,False,False,1,,power_play,6,6,True,0,0.75,mixed,4,False
MOD,245.3699951171875,-20.04627605812629,150.71011365201653,150.71011365201653,133.0737353187041,0.11190003241873213,False,0.7289834225703787,11.912620250727462,68.07314602688803,6.234573243442321,True,True,False,False,27,45.0,True,0.49144580963979206,3.0722938300153184,True,-1.255407868177653,True,6.989621974040494,False,0,0,0.4816373476560454,False,0.8775182601149739,False,6,2,True,False,False,25.0,30.357437107539038,18.254069134871358,0.37355949343737666,24.0,False,7,2,3,4,-19.017128279589734,302.989990234375,397096678.20909727,93.08724832214766,True,0.0,0,,,,0.0,0,,,,False,False,False,False,0,,none,0,0,False,-2,0.5,mixed,4,False
MOG-A,410.5799865722656,-3.5857741722183145,125.94452807855832,121.94477513464817,104.30839680133575,0.07649821706278767,True,1.0586826072017834,5.297362063076948,41.072761934481235,-1.6386437246504792,False,True,False,True,27,45.0,True,0.41962262433584674,1.5510677572778,False,1.951164070140607,True,4.390935679457031,True,2,0,0.3938708984080753,False,1.0916258897141593,False,3,2,True,False,False,35.0,15.00046181832797,11.75408441502213,0.69123557467617,17.0,False,9,3,4,6,-4.631608972928092,430.5199890136719,124946234.43467101,91.2751677852349,True,0.0,0,,,,0.0,0,,,,False,True,False,False,1,,power_play,6,6,True,0,0.75,mixed,4,False
MOH,194.0,-20.12516629617027,58.17366293229633,22.614080712454854,4.9777023791424355,0.11052677823532513,False,1.3264732035955729,21.123717003261923,-3.908068459805536,-15.604470300223838,False,False,False,False,26,43.333333333333336,True,0.39010567001024593,2.2055812024467145,False,-0.960004688575937,True,-13.919330787967487,False,0,0,0.4518674194376279,False,0.46531199984432847,False,5,1,False,False,False,25.0,21.47903394773704,27.113405207997744,0.03250962957118166,8.0,False,1,1,1,1,-20.78075851054928,244.88999938964844,367921969.7565521,54.63087248322148,False,0.0,0,,,,0.0,0,,,,False,False,False,False,0,,none,0,0,False,-5,0.125,mixed,4,False
MORN,169.9499969482422,-40.131741052423365,20.181081280264877,-38.312147150809594,-55.948525484122015,0.10469479740510826,False,0.8925029908613725,5.772284633568637,-18.933819863430166,2.726790017412517,False,True,False,True,25,41.66666666666667,True,0.36100313729783184,1.6577669816226,False,-0.02803724071137307,True,-1.466836063292487,True,2,1,0.5852671481686372,False,1.2672098364328928,True,3,2,True,False,False,25.0,20.990995098950073,8.949686218417694,0.7707948152751009,5.0,False,2,4,4,5,-4.811244909214308,178.5399932861328,66531178.303411864,8.053691275167784,False,0.0,0,,,,0.0,0,,,,False,False,False,False,0,,none,0,0,False,-1,0.625,mixed,4,False
MOS,22.569000244140625,-37.52367548242227,13.869831441189561,-37.52367548242227,-55.160053815734685,0.1858421521054574,False,0.9070896875054697,6.867832547485535,-20.1434961792887,6.81022783023062,True,True,False,True,24,40.0,True,0.4516919755363936,1.6930368512687917,True,0.5504545901855054,True,1.9837374605612856,True,2,1,0.49730013649988336,False,1.3246003167181961,True,4,2,True,False,False,25.0,12.735040986395957,7.4881497442332465,0.721141106697611,6.0,False,2,4,4,5,-3.5512794356269417,23.399999618530273,168308607.2139348,8.322147651006711,False,0.0,0,,,,0.0,0,,,,False,False,False,False,0,,none,0,0,False,-1,0.625,mixed,4,False
MP,42.41999816894531,-56.99949567885485,0.0,-31.091622445365896,-48.728000778678314,0.31445363195177223,False,0.7989380976125886,12.937291841799228,-39.03420946733495,-20.427692597662794,False,False,False,False,18,30.0,False,0.36355678751377535,2.1500016249978118,False,-4.936033230793825,True,-6.233429276957214,False,0,0,0.3553394868905126,False,0.48359885281050574,False,7,2,True,False,False,25.0,33.273149390582454,23.215464398495417,0.013708325714772334,23.0,False,0,2,2,2,-32.81703022118007,63.14099884033203,224623230.67772523,10.671140939597315,False,0.0,0,,,,0.0,0,,,,False,False,False,False,0,,none,0,0,False,-4,0.25,mixed,4,False
MPC,315.4949951171875,-1.3338173999818292,102.830922566057,87.77043966984598,70.13406133653356,0.16776451070703544,True,1.0585458159884635,5.673631813846591,81.48376327766684,18.451281354419002,False,False,False,True,35,58.333333333333336,True,0.4665046441481509,1.455459564908096,True,5.113573477277264,False,0.9261001142505387,True,2,1,0.5848232043527081,False,2.0374761699477895,True,3,0,False,False,False,25.0,27.113670319248094,11.848050036079991,0.8711076667139487,2.0,False,9,1,2,3,-3.4947442313966404,326.9200134277344,632042745.425647,86.51006711409396,True,0.0,0,,,,0.0,0,,,,False,False,False,False,0,,none,0,0,False,-3,0.375,mixed,4,False
MPLX,58.665000915527344,0.0,30.301995325501263,23.661721220004427,6.025342886692009,0.3103005806804473,True,0.9744165154926407,4.0739782704339085,10.53576142865882,2.63296198763614,True,False,False,True,30,50.0,True,0.4039346204267145,0.7073381864274296,False,2.373935820112136,True,2.8128277315247363,True,2,0,0.3649256632086563,False,0.43335517860984957,False,4,1,False,False,False,65.0,9.32048276452679,4.32966994952362,0.9753672646601439,0.0,True,6,2,4,5,-0.22958898517827508,58.79999923706055,69973726.19072571,55.57046979865772,False,0.0,0,,,,0.0,0,,,,False,False,False,False,0,,none,0,0,False,-1,0.625,mixed,4,False
MPWR,1331.8199462890625,-21.0687034056387,88.5635321589681,88.09804890583857,70.46167057252615,0.09124804220972728,False,0.857520411036612,7.220949364309899,25.643376690169806,3.38932360505797,True,True,False,True,22,36.666666666666664,False,0.4225763432776698,2.2372909204779563,False,-1.7064353192963226,True,1.5106666378858602,True,2,0,0.47657743236207206,False,0.5091845755885659,False,4,1,False,False,False,25.0,22.694352753772108,14.185103960314818,0.2789856262539605,23.0,False,2,1,4,4,-16.36295453833271,1592.3804325434535,1382211565.4434571,86.64429530201342,True,0.0,0,,,,0.0,0,,,,False,False,False,False,0,,none,0,0,False,-2,0.5,mixed,4,False
MRCY,104.94999694824219,-16.8449427861901,102.29374477161119,100.05718410183073,82.4208057685183,0.10873473734927538,False,1.0020315060816352,13.032678235237757,5.95658123645022,-16.8449427861901,False,True,False,False,28,46.666666666666664,True,0.4682028641769638,3.0339638660000494,True,-0.34490799500554964,True,9.231884833624736,False,0,1,0.3780149656627631,False,2.495162316382445,True,4,1,False,False,False,25.0,28.11210702083689,15.233731360687106,0.34921075594600476,14.0,False,3,2,2,2,-18.295056876855455,128.4499969482422,81993577.84736633,88.65771812080537,True,0.0,0,,,,0.0,0,,,,False,False,False,False,0,,none,0,0,False,-4,0.25,mixed,4,False
MRK,130.48500061035156,0.0,72.61567255390489,60.32261883659278,42.68624050328036,0.1115245059941248,True,1.0171581195867,5.625170657893121,22.38561838944646,0.7139572932914451,False,True,False,True,24,40.0,True,0.5315980577801627,1.4314035305201074,True,2.906620849204932,True,2.3411769492953427,True,2,0,0.4377444707987423,False,0.9146524204730873,False,4,0,False,False,False,65.0,18.68103389886173,8.874584647192032,0.9490050899832622,5.0,True,7,3,5,6,-0.9526376426920891,131.74000549316406,1172967563.7616463,79.12751677852349,False,0.0,0,,,,0.0,0,,,,False,True,False,False,1,,power_play,6,6,True,0,0.75,mixed,4,False
MRNA,54.190101623535156,-33.75293447208416,142.35286289951102,59.335796230325165,41.69941789701275,0.1691087191615116,False,0.9824280843573393,15.454851991572344,11.250467341538917,-32.058550436121855,False,True,False,False,24,40.0,True,0.47238244759566445,3.588734854807967,True,-0.9034302128102386,True,-12.342119231566196,False,0,1,0.356292280131637,False,2.3677118579230045,True,4,2,True,False,False,25.0,36.857476401239495,28.60301669551677,0.004440646271396311,14.0,False,2,3,3,2,-36.69380538608525,85.5999984741211,533075787.53677213,78.9261744966443,False,0.0,0,,,,0.0,0,,,,False,False,False,False,0,,none,0,0,False,-3,0.375,mixed,4,False
MRSH,178.52999877929688,-13.73771422462574,14.12405582998102,-12.541004316086434,-30.17738264939885,0.07271540126070185,False,1.003089037429279,7.613906806030207,-0.9718605223357768,0.5600871028870191,True,False,False,True,23,38.333333333333336,False,0.516828604546872,1.3665835828889892,True,2.5974896752432484,True,-1.4491266771870515,True,2,2,0.5093623817409924,False,1.6855125169235916,True,2,1,False,False,False,45.0,17.177914741549746,7.792137457480648,0.7062797098272812,3.0,False,1,4,4,5,-5.045502102450216,188.01636861048968,450449554.0801834,22.21476510067114,False,0.0,0,,,,0.0,0,,,,False,False,False,False,0,,none,0,0,False,-1,0.625,mixed,4,False
MRVL,194.7449951171875,-38.44040176260953,213.20800325605757,163.5871209019388,145.95074256862637,0.214573536849247,False,0.6903648023279055,11.774368148451344,142.91477756014578,-20.586633614081194,False,True,False,False,26,43.333333333333336,True,0.46478371017365,3.498651410991474,True,-2.678922261176405,True,3.214438560970301,True,1,0,0.3744670235298797,False,0.6273670168168357,False,6,3,True,False,False,,,,,,False,7,2,2,3,,,6233966135.208221,93.8255033557047,True,0.0,0,,,,0.0,0,,,,False,False,False,False,0,,none,0,0,False,-3,0.375,mixed,4,False
MRX,64.81500244140625,-7.789156925322571,132.17865286656365,72.44333281606347,54.80695448275105,0.043463833658915145,True,1.0157803691335558,9.473114492588488,66.65753480822165,3.6708284818279813,False,True,False,False,23,38.333333333333336,False,0.4878503530308523,2.719098241559324,True,1.376686806853,True,7.737703799536133,False,0,1,0.4874051818786552,False,1.2257081816498088,True,3,2,True,False,False,35.0,25.3582455179451,12.041965611636936,0.6473685244982827,11.0,False,7,4,4,5,-8.942115533127792,71.18000030517578,57638825.56320343,83.6241610738255,True,0.0,0,,,,0.0,0,,,,False,False,False,False,0,,none,0,0,False,-1,0.625,mixed,4,False
MS,212.8800048828125,-6.856266882392759,55.66470034221833,52.99524070262447,35.35886236931205,0.19626805292658428,True,1.163860222585593,4.410935350559345,20.22561696906544,-0.49080906320604356,False,True,False,True,30,50.0,True,0.4506746786058317,1.3770706733947031,True,0.03647915566635256,True,-1.2157749963747078,True,2,0,0.49176499310737815,False,1.1715761426317144,False,4,1,False,False,False,45.0,18.15285410639801,11.673245741043274,0.5405599280202157,7.0,False,4,1,3,5,-8.340148597282028,232.25,1260946370.9440308,75.50335570469798,False,0.0,0,,,,0.0,0,,,,False,False,False,False,0,,none,0,0,False,-1,0.625,mixed,4,False
MSCI,555.0800170898438,-13.784694351648309,9.268546988234672,3.5932298300645815,-14.043148503247837,0.16511382031264,False,1.104120607385857,15.077105978372918,-5.168182941029686,-7.963716308513991,False,False,False,False,23,38.333333333333336,False,0.4421440993948375,1.427734947945057,True,-1.9432320813017903,True,-11.704253363967743,False,0,1,0.5812935318032447,False,2.3310867316863546,True,6,0,False,False,False,25.0,15.887835869893651,17.43172277627924,0.12446309738515245,5.0,False,0,2,1,2,-13.910386606779756,644.77001953125,464449353.3218384,37.11409395973154,False,0.0,0,,,,0.0,0,,,,False,False,False,False,0,,none,0,0,False,-4,0.25,mixed,4,False
MSFT,382.989990234375,-28.89930430206874,8.548027324750107,-24.434474064357126,-42.07085239766954,0.20723981309464018,False,0.9041499134274932,6.7338517154355095,-17.4384464990329,-1.9206638294360534,False,True,False,True,21,35.0,False,0.43687753631771153,1.4209703205818884,False,-1.4466135121526074,True,-2.7499915922066798,True,2,2,0.5277626604405571,False,1.7612219343273652,True,2,3,True,False,False,25.0,13.988024186152796,7.467551715499256,0.5949989628640857,6.0,False,0,4,3,5,-5.665164302874137,405.989990234375,15346509289.041895,13.89261744966443,False,0.0,0,,,,0.0,0,,,,False,False,False,False,0,,none,0,0,False,-1,0.625,mixed,4,False
MSGS,397.7799987792969,-1.3026325623157753,106.47807494509132,95.65196181002219,78.01558347670976,0.047264427779589176,True,0.900566554576466,3.4667425680628763,38.541378358878745,0.663021331335889,False,True,False,True,27,45.0,True,0.4894037800787065,1.4179622081211827,True,1.8241290457176724,True,0.22929515289777935,True,2,0,0.41569646149276773,False,1.1160257102203033,False,4,2,True,False,False,45.0,16.55453861593118,6.455828034236951,0.7953343389447886,16.0,False,8,3,4,6,-3.3881455892935786,411.7300109863281,84819343.56417847,88.12080536912752,True,0.0,0,,,,0.0,0,,,,False,True,False,False,1,,power_play,6,6,True,0,0.75,mixed,4,False
MSI,409.7650146484375,-15.48266668848759,13.367358000992247,-2.4578094091682767,-20.094187742480695,0.10196282376405368,False,0.925746022956087,5.037036816367993,2.593995607779709,-3.050913003819644,False,True,False,True,25,41.66666666666667,True,0.470261983346631,1.0604546861812971,True,0.21231629491176018,True,-0.8577055796124777,True,2,1,0.41753740648695725,False,1.4299709766162312,True,5,1,False,False,False,55.0,12.739469725408162,6.288975049116792,0.5343716268715375,54.0,False,1,2,2,4,-5.931858562761105,435.6044548002765,365876238.5870819,30.93959731543624,False,0.0,0,,,,0.0,0,,,,False,False,False,False,0,,none,0,0,False,-2,0.5,mixed,4,False
MSM,126.31999969482422,-0.7542419026396185,60.108280173474185,50.5782346302706,32.94185629695818,0.03935863070155884,True,0.9169587569415822,4.9556638077576185,49.78915817700871,3.6341133873971865,False,True,False,True,26,43.333333333333336,True,0.4200363712378992,1.0966847593850535,False,3.4969023128750525,True,1.2422882852132666,True,2,1,0.5322563746261132,False,1.2264943099366072,True,3,0,False,False,False,45.0,20.627450893425106,5.94521415846999,0.90702458104885,1.0,True,8,3,4,6,-1.9178458887104788,128.7899932861328,106750266.13382263,74.22818791946308,False,0.0,0,,,,0.0,0,,,,False,True,False,False,1,,power_play,6,6,True,0,0.75,mixed,4,False
MSTR,90.12000274658203,-78.28015043138477,9.488525597912446,-78.28015043138477,-95.91652876469719,0.17115006557604834,False,0.6152388008691577,16.4669284127973,-44.74894095435208,-10.568615908768276,False,True,True,False,20,33.33333333333333,False,0.41762164231036314,3.026518332296341,False,-5.5157559423996085,True,-4.986816872569166,True,2,2,0.44243220935536093,False,1.7863462147362181,True,2,2,True,False,False,25.0,31.825002034505207,16.4669284127973,0.21759635131571586,23.0,False,0,4,4,5,-24.899997711181644,120.0,2018583227.3706238,0.4697986577181208,False,0.0,0,,,,0.0,0,,,,False,False,False,False,0,,none,0,0,False,-1,0.625,mixed,4,False
MT,66.70999908447266,-6.894629917937955,122.05833867020806,100.90364919965387,83.26727086634145,0.2363117430470324,True,0.8703014946206351,3.792533074529384,23.439753928373474,5.220816212823998,True,False,False,True,25,41.66666666666667,True,0.4543667049598309,1.084753842981911,True,0.6363187834500722,True,0.39127486556995716,True,2,0,0.44086927811862886,False,0.6415298651957333,False,6,2,True,False,False,25.0,14.052863302869156,5.891171277336329,0.8547545001072261,7.0,True,6,4,7,6,-2.0411151553500484,68.0999984741211,108823536.03326073,88.99328859060402,True,0.0,0,,,,0.0,0,,,,True,True,False,False,2,power_play,sepa_vcp,7,7,True,1,0.875,mixed,4,False
MTB,247.84500122070312,-2.4385892887550553,41.808292170251995,31.775943487496527,14.139565154184108,0.12312300860958579,True,1.070704814368189,2.7234763528634587,17.53560888041388,3.7529287318495363,False,False,False,True,31,51.66666666666667,True,0.47419540322444637,0.9137648980400226,True,3.9663221778699,True,-0.5597031943971764,True,2,2,0.6274188101019221,True,1.3926895830913948,True,3,1,False,False,False,45.0,20.138576087619015,5.753593752789703,0.8606712876806074,5.0,True,6,5,5,6,-2.805881874234073,255.0,276327732.2658783,62.41610738255034,False,0.0,0,,,,0.0,0,,,,False,True,False,False,1,,power_play,6,6,True,0,0.75,mixed,4,False
MTCH,38.15999984741211,-5.286674161614013,33.57753207754119,14.550741651786826,-3.0856366815255925,0.09641847777350293,False,1.1584896414671368,7.033548043343198,24.208194743615017,1.2234342513626872,False,True,False,True,22,36.666666666666664,False,0.46330090450886763,1.6927743534459954,True,1.299874276976438,True,-2.5287398208972856,True,2,0,0.47725327953386343,False,1.0865645635828702,False,4,1,False,False,False,35.0,18.082859443951072,11.032492403844087,0.613176255650044,6.0,False,1,2,3,5,-6.994879398663112,41.029998779296875,122709268.50601292,46.375838926174495,False,0.0,0,,,,0.0,0,,,,False,False,False,False,0,,none,0,0,False,-1,0.625,mixed,4,False
MTD,1321.9100341796875,-12.224936120627861,28.900178094835205,4.851083416988899,-12.785294916323519,0.16227206465307792,False,1.0523069845644508,9.785838824639601,-6.004860210151963,1.0302408165051347,False,False,False,False,28,46.666666666666664,True,0.4398818756861876,1.2326759776332816,False,3.3019196638976642,True,0.9076208356489035,True,1,2,0.5087416047793288,False,1.5148815334102406,True,2,1,False,False,False,55.0,24.05143422623012,9.785838824639601,0.9224643746553609,53.0,True,2,5,4,5,-1.8648429931662047,1347.030029296875,228927253.080542,38.52348993288591,False,0.0,0,,,,0.0,0,,,,False,False,False,False,0,,none,0,0,False,-1,0.625,mixed,4,False
MTDR,52.150001525878906,-19.779501174248203,43.622368042292024,6.151062414446495,-11.485315918865922,0.15972037888309762,False,0.9452617036119536,9.204216867910533,23.20478197290088,3.9258692880078216,False,False,False,False,26,43.333333333333336,True,0.423555782304643,1.412895491099451,False,-0.7545878872442543,True,-3.0669102873239984,True,1,1,0.48233559596101533,False,0.6176240863861057,False,2,0,False,False,False,25.0,13.914590015416941,9.204216867910533,0.4820972640521843,1.0,False,2,2,1,4,-7.206404238576591,56.20000076293945,84614444.92843628,39.19463087248322,False,0.0,0,,,,0.0,0,,,,False,False,False,False,0,,none,0,0,False,-2,0.5,mixed,4,False
MTG,29.639999389648438,0.0,19.46526558751551,18.577222521337934,0.9408441880255154,0.18279948008241578,False,1.052391496939773,3.7449349725377825,14.119077077451102,4.994686044193997,False,True,False,True,24,40.0,True,0.370195355016483,0.8306641113467165,False,4.799949150318541,False,0.5768580938409151,True,2,2,0.6478777855395764,True,1.2864418508381166,True,3,0,False,False,False,45.0,16.86868720600662,6.174088938561751,0.9880236785329635,5.0,True,5,4,4,6,-0.202024820706026,29.700000762939453,52690359.3144104,50.46979865771812,False,0.0,0,,,,0.0,0,,,,False,True,False,False,1,,power_play,6,6,True,0,0.75,mixed,4,False
MTH,72.37999725341797,-15.027005172457187,23.995465214775578,4.54353211352907,-13.092846219783349,0.04939076711858589,False,0.9862418964477699,6.120475923293276,1.9571996445734374,-11.580751632360487,False,True,False,True,22,36.666666666666664,False,0.45004522898458876,1.6174132403203565,True,0.20560138817690427,True,-2.4133759737327454,True,2,0,0.5088059176953147,False,0.6005135123062492,False,4,2,True,False,False,25.0,17.463102028991877,11.398176724316487,0.12810171300676515,19.0,False,0,2,2,4,-15.226048744666098,85.37999725341797,69218034.61988792,38.32214765100671,False,0.0,0,,,,0.0,0,,,,False,False,False,False,0,,none,0,0,False,-2,0.5,mixed,4,False
MTN,147.6999969482422,-4.125888227937846,26.036616849891537,-0.15568203854453566,-17.792060371856955,0.18989402527901983,False,0.9664294106980429,5.125258957771997,10.392600612973713,4.990051633454096,False,True,False,True,26,43.333333333333336,True,0.46829660464109,1.7939594081012045,True,2.4033325502577862,True,-0.10821294565730444,True,2,1,0.4613838580027722,False,1.4466119826189423,True,3,3,True,False,False,25.0,16.50897994903161,8.510499379782383,0.7333998534604904,10.0,False,4,4,4,6,-4.401296473629657,154.5,96008792.24858856,33.15436241610738,False,0.0,0,,,,0.0,0,,,,False,True,False,False,1,,power_play,6,6,True,0,0.75,mixed,4,False
MTRN,242.8699951171875,-18.332834609696413,164.87878888232288,158.9163829916504,141.280004658338,0.13754505157628732,False,0.9532585999081781,6.489066094488767,80.0393091222682,-8.499415356632456,True,True,False,True,28,46.666666666666664,True,0.489268260378643,2.367803273346229,True,-0.02751589883378849,True,-0.9179177728541932,True,2,1,0.39962697014089105,False,1.234668148627892,True,7,4,True,False,False,25.0,22.692138111367566,11.001764935607367,0.17428477511507653,17.0,False,6,3,3,4,-18.737243923747616,298.8699951171875,91654593.52646789,93.6241610738255,True,0.0,0,,,,0.0,0,,,,False,False,False,False,0,,none,0,0,False,-2,0.5,mixed,4,False
MTSI,266.2300109863281,-35.015129919458566,124.95142747681834,93.91800131526344,76.28162298195102,0.0665519955849766,False,0.7898792464717556,8.105767825466467,21.42206405921796,-17.386581357099406,True,True,False,False,28,46.666666666666664,True,0.42629022719884996,2.3945661319342584,False,-4.642047755031341,True,-0.4226415421696439,True,1,0,0.39926842038294774,False,0.48407369821001783,False,7,4,True,False,False,25.0,36.513230918745556,20.910489378225723,0.07643012786401399,23.0,False,3,2,3,2,-33.72252001089756,401.69000244140625,543818161.8861923,87.78523489932886,True,0.0,0,,,,0.0,0,,,,False,False,False,False,0,,none,0,0,False,-3,0.375,mixed,4,False
MTZ,345.9549865722656,-20.926383659748858,100.54199616739115,90.34662259822042,72.710244264908,0.17281990339645786,False,1.001231672870951,9.631304100217243,43.07484789328693,-7.357471719570718,True,True,False,False,27,45.0,True,0.46036166115733856,2.5152374978223175,True,-1.5948126926898876,True,4.965256960529185,True,1,0,0.46144630524210195,False,0.6375634877997818,False,7,1,False,False,False,25.0,25.402624221985697,16.285354605265074,0.23293622734492583,17.0,False,4,1,3,3,-19.48543277105552,429.67999267578125,468720166.21238405,87.18120805369128,True,0.0,0,,,,0.0,0,,,,False,False,False,False,0,,none,0,0,False,-3,0.375,mixed,4,False
MU,928.8499755859375,-23.44895927597258,787.0526802499592,732.6687666756923,715.0323883423798,0.2747976167098673,False,0.884983997460909,16.457985588119758,132.54925670177124,-4.773377230139797,False,True,False,False,31,51.66666666666667,True,0.4086323456124261,2.703661586353963,False,-0.3618208210074414,True,9.411621677369308,False,0,0,0.48084956263421785,False,0.9762145091280112,False,7,1,False,False,False,25.0,35.9264004620124,22.36852290383971,0.27694774224797264,20.0,False,7,1,2,4,-25.97666496696155,1254.8069810301963,44824799907.46043,99.73154362416108,True,0.0,0,,,,0.0,0,,,,False,False,False,False,0,,none,0,0,False,-2,0.5,mixed,4,False
MUFG,22.954999923706055,0.0,66.58200557712625,55.10134883698452,37.464970503672106,0.22606543176766883,True,1.1384980507685913,7.231547637891418,28.383674503046574,11.37796818975685,False,True,False,True,35,58.333333333333336,True,0.378187539087112,0.47399969512205725,False,5.32515377329128,False,7.668856718036254,False,1,1,0.4270122018989399,False,1.534896745392626,True,4,0,False,False,False,45.0,19.314238655001375,8.059248040158765,0.9808986567981751,0.0,True,7,2,4,4,-0.36892790123113084,23.040000915527344,67265321.37529373,76.57718120805369,False,0.0,0,,,,0.0,0,,,,False,False,False,False,0,,none,0,0,False,-2,0.5,mixed,4,False
MUR,39.630001068115234,-6.471062052156807,84.50270397805026,57.29756153029173,39.66118319697931,0.09128463357944071,True,0.8894504866752317,10.52232666301978,27.872103365417168,24.30991879349307,False,True,False,False,29,48.333333333333336,True,0.4722312235173171,1.5391664701393728,True,2.4462725312429114,True,7.60249551413168,False,0,1,0.6551763543822176,True,0.7348450335289187,False,3,1,False,False,False,35.0,22.640120262362647,15.039109068477522,0.8859935804574861,30.0,True,5,3,4,4,-2.581119049123881,40.68000030517578,57399100.74361801,77.98657718120805,False,0.0,0,,,,0.0,0,,,,False,False,False,False,0,,none,0,0,False,-2,0.5,mixed,4,False
MUSA,623.1799926757812,0.0,75.44907766714601,46.490548263081166,28.854169929768748,0.09267172310650572,True,0.9852695249199442,4.478637548149244,44.66960407351779,11.133302305088044,True,True,False,True,26,43.333333333333336,True,0.36784442103230885,1.3962702302394987,False,2.6787152329874133,True,0.7452649331486594,True,2,2,0.4954780233246005,False,1.6593607192529307,True,1,1,False,False,False,25.0,18.69892496366497,7.625398609485963,0.8990486282373388,3.0,True,8,5,8,6,-1.8876821255690457,635.1699829101562,156283240.82694703,72.28187919463087,False,0.0,0,,,,0.0,0,,,,True,True,False,False,2,power_play,sepa_vcp,8,8,True,2,1.0,mixed,4,True
MXL,74.88009643554688,-41.51363184449598,473.79383403158613,334.0875155683877,316.4511372350753,1.055056771998324,False,0.9227747307423285,28.27187304247391,306.7359970460443,-19.58752767724188,False,False,False,False,28,46.666666666666664,True,0.4945196590949537,6.370138637311918,True,-1.431926516909959,True,4.231765385061426,True,1,1,0.44022939203103295,False,2.153920620466878,True,5,1,False,False,False,,,,,,False,7,2,1,2,,,386916234.2571796,98.18791946308724,True,0.0,0,,,,0.0,0,,,,False,False,False,False,0,,none,0,0,False,-4,0.25,mixed,4,False
MYRG,391.81500244140625,-21.813701310295553,125.42719518151996,100.581043200012,82.94466486669958,0.24437626078554356,False,0.8390841247118489,6.686824528463835,60.1860149895453,-9.513638575356797,False,True,False,True,24,40.0,True,0.42155594257575807,2.268758796708323,False,-2.565146871508767,True,0.07790162912151288,True,2,0,0.458384977983025,False,0.4057685329567409,False,8,2,True,False,False,25.0,25.52971695866343,13.388969571915057,0.13071712037114844,17.0,False,5,2,2,4,-22.192545873936474,503.57000732421875,125802431.4196167,88.85906040268456,True,0.0,0,,,,0.0,0,,,,False,False,False,False,0,,none,0,0,False,-2,0.5,mixed,4,False
NBIS,195.5500030517578,-31.790435178595267,287.99602605438156,274.9041480517948,257.2677697184824,0.41428494358447143,False,0.869044489590866,26.192789783361093,106.93122016059027,-9.30803845650856,True,False,False,False,28,46.666666666666664,True,0.5312836749894873,5.725076366262876,True,-1.4355993655433825,True,10.038824862921203,False,0,0,0.40494305537892716,False,0.805719497726938,False,4,1,False,False,False,,,,,,False,7,1,2,3,,,3737340562.451668,97.31543624161074,True,0.0,0,,,,0.0,0,,,,False,False,False,False,0,,none,0,0,False,-3,0.375,mixed,4,False
NBIX,175.39999389648438,-2.8524004808779146,42.48578072351328,33.24217161176697,15.605793278454552,0.15228716223692654,False,1.0302488377041559,6.27137992176434,28.800119936912118,0.6541945515806447,True,False,False,True,28,46.666666666666664,True,0.4566517190359035,1.3417574860044432,True,2.0627602720028912,True,2.6451245812941337,True,2,2,0.6046902490614728,True,1.8210049793383127,True,3,1,False,False,False,45.0,15.807484571930228,6.83580724651575,0.798184395863291,10.0,False,5,4,4,6,-3.1901970487658082,181.17999267578125,190585841.16138992,63.691275167785236,False,0.0,0,,,,0.0,0,,,,False,True,False,False,1,,power_play,6,6,True,0,0.75,mixed,4,False
NCLH,19.18000030517578,-28.804751577757482,29.682220112546464,-18.38297742478391,-36.019355758096324,0.14995555640921396,False,0.8095132220799784,7.507823311499264,-8.36120389146503,-3.033368860673591,False,True,False,True,24,40.0,True,0.4017078846446336,1.598410761629863,False,0.4685375358702866,True,-1.438842715672528,True,2,0,0.44488134409178065,False,0.9993507082629551,False,4,3,True,False,False,45.0,33.30296202977341,9.593327024564024,0.6210669905941104,18.0,False,1,3,4,4,-12.619591624072113,21.950000762939453,265349021.13032627,17.71812080536913,False,0.0,0,,,,0.0,0,,,,False,False,False,False,0,,none,0,0,False,-2,0.5,mixed,4,False
NCNO,16.420000076293945,-49.77056969687917,17.201997202283103,-46.44487880622121,-64.08125713953363,0.0602786032849211,False,0.8860521300321422,13.246048320969834,-32.42798110359038,-7.4929573166538255,False,True,False,False,22,36.666666666666664,False,0.40435794771635436,2.173308454984864,False,0.46969379494834523,True,-8.011206020254658,False,0,1,0.3822313871344471,False,2.641763030499042,True,4,2,True,False,False,25.0,25.01325389922387,14.433622583565276,0.4809321759932758,13.0,False,0,3,2,3,-12.983575272797843,18.8700008392334,55319358.465750694,5.033557046979865,False,0.0,0,,,,0.0,0,,,,False,False,False,False,0,,none,0,0,False,-3,0.375,mixed,4,False
NDAQ,92.05999755859375,-8.216713588397283,19.791801413756115,-0.29596012528521065,-17.932338458597627,0.16090379108886468,False,1.0181673070000952,4.421029548945808,-5.473976038864869,8.74083814834079,False,True,False,True,22,36.666666666666664,False,0.500758661748313,1.749376346487375,True,1.7029202989088794,True,0.4583131511813887,True,2,2,0.5147019527044437,False,2.2645186640471513,True,2,0,False,False,False,25.0,19.640981172471164,8.59222666943356,0.8289682130293428,6.0,False,2,4,5,6,-3.359232107784782,95.26000213623047,390719023.65588915,33.02013422818792,False,0.0,0,,,,0.0,0,,,,False,True,False,False,1,,power_play,6,6,True,0,0.75,mixed,4,False
NDSN,293.7099914550781,-3.5878488274013853,42.20639210654107,35.782293231144145,18.145914897831727,0.0567811739248039,True,0.9143598483233775,4.262704496924396,8.90877342234977,1.146768550268984,False,True,False,True,29,48.333333333333336,True,0.4306475575432411,0.9870994392705538,False,0.9362500440953586,True,1.6367846525460195,True,2,0,0.46884388993456094,False,0.6364927755081696,False,5,2,True,False,False,55.0,12.427243639889285,4.6746725913987,0.6331412476975974,20.0,False,6,3,4,6,-4.559043096287752,307.739990234375,103420171.81377411,65.50335570469798,False,0.0,0,,,,0.0,0,,,,False,True,False,False,1,,power_play,6,6,True,0,0.75,mixed,4,False
NE,42.85499954223633,-20.32499135106751,76.10318031670316,57.69519150413649,40.05881317082407,0.09852667985035655,False,0.9055909827872615,8.773768199034713,29.851221378201597,12.805995390432079,False,True,False,False,19,31.666666666666664,False,0.4848891943866241,1.6083976717783641,True,-0.9423944291774271,True,3.2650591379188576,True,1,1,0.4560273110089751,False,0.9598198319712418,False,2,1,False,False,False,25.0,16.681778759139128,9.987163283197948,0.828125097181478,1.0,True,2,3,4,4,-2.867179103067119,44.119998931884766,66596204.779872894,78.25503355704699,False,0.0,0,,,,0.0,0,,,,False,False,False,False,0,,none,0,0,False,-2,0.5,mixed,4,False
NEE,89.33999633789062,-8.056427577735692,30.746109875229276,27.72956608384687,10.093187750534451,0.28421715811027015,False,0.8638156312811605,3.8728529837646066,6.836474114217683,1.1319900854139808,False,True,False,True,26,43.333333333333336,True,0.5215279811312407,0.8913198598784847,True,1.1402387220498085,True,0.608100526548494,True,2,0,0.5106955548366986,False,1.0461569754464075,False,3,1,False,False,False,45.0,8.742342666485143,3.8728529837646066,0.8024567575250318,0.0,True,4,2,3,6,-1.7269907171647336,90.91000366210938,912750727.40504,58.99328859060403,False,0.0,0,,,,0.0,0,,,,False,True,False,False,1,,power_play,6,6,True,0,0.75,mixed,4,False
NEM,93.56500244140625,-28.781142184495646,53.73082446841515,53.73082446841515,36.09444613510273,0.3080770823957779,False,0.7697934190802261,8.347143680009186,-24.404095403418392,-3.580995920585428,True,False,False,False,22,36.666666666666664,False,0.3218792264167308,0.9035824467840952,False,-2.261441075806052,True,4.308813405416512,True,1,0,0.4552207716045312,False,0.8680165017710165,False,4,2,True,False,False,25.0,17.518586190923333,10.089245118459669,0.25543781597737003,24.0,False,1,2,3,4,-13.043676795302561,107.5999984741211,706652009.5535904,75.90604026845638,False,0.0,0,,,,0.0,0,,,,False,False,False,False,0,,none,0,0,False,-2,0.5,mixed,4,False
NESR,28.06999969482422,-6.214502477067841,340.6593437852248,334.5201165490394,316.883738215727,0.07084560047622411,True,1.0335301206249632,8.069110845291805,37.53062177696862,0.6093192782018475,True,True,False,False,22,36.666666666666664,False,0.40340652350019207,2.1590131738266463,False,1.1653905590577718,True,0.2858160927482478,True,1,1,0.43444793250980995,False,1.4394428591810529,True,5,2,True,False,False,25.0,22.269878320468433,10.509436721279217,0.6681481820565683,17.0,False,6,4,6,5,-7.3902996060264625,30.309999465942383,62896921.55310631,98.25503355704697,True,0.0,0,,,,0.0,0,,,,True,False,False,False,1,,sepa_vcp,6,6,True,0,0.75,mixed,4,False
NET,262.2300109863281,-6.92812387353039,63.6993613769659,36.87754905523821,19.241170721925794,0.1375414570856115,False,1.0835611233366291,7.62689210314785,51.193500516075055,8.176233251431931,True,False,False,True,26,43.333333333333336,True,0.49741902107430147,2.5413047898928927,True,1.4570765009690465,True,-5.557153523111791,False,1,2,0.39269506441625024,False,1.7403335535278535,True,2,2,True,False,False,25.0,27.037798170371563,11.604313541888146,0.6343417426050719,7.0,False,4,5,5,5,-9.886594162773843,291.0,812951579.6923249,66.3758389261745,False,0.0,0,,,,0.0,0,,,,False,False,False,False,0,,none,0,0,False,-1,0.625,mixed,4,False
NEU,762.3200073242188,-11.56709160519539,31.532911685811825,7.74786250794639,-9.888515825366028,0.3091661738616203,False,1.0047105620930927,5.546231095951424,18.423761873806743,-3.0866983238376777,False,False,False,True,31,51.66666666666667,True,0.38707995431700176,1.1490896770039485,False,-0.3862484813449737,True,-1.0269625105630564,True,2,0,0.5040329010678164,False,0.8262546653212711,False,6,2,True,False,False,65.0,28.54857778077774,8.85192305336549,0.6487652478802209,29.0,False,2,3,3,5,-10.027252640203699,847.2787924055948,81458953.24837646,40.671140939597315,False,0.0,0,,,,0.0,0,,,,False,False,False,False,0,,none,0,0,False,-1,0.625,mixed,4,False
NFG,82.9800033569336,-12.92952020415904,10.120242398372191,-2.396992748125071,-20.03337108143749,0.15216953824948312,False,1.035796834509661,3.651480666087122,2.9063276432041096,4.587858819076596,False,True,False,True,22,36.666666666666664,False,0.4930866529077632,0.9424689324542826,True,2.695271846161429,True,2.520386525814766,True,2,2,0.5415267160632258,False,2.4296299325798136,True,2,1,False,False,False,45.0,11.125567719728418,5.314528626548141,0.892693742755126,44.0,True,1,5,5,6,-1.1938430317284476,83.98262406216242,55096292.98046608,31.00671140939597,False,0.0,0,,,,0.0,0,,,,False,True,False,False,1,,power_play,6,6,True,0,0.75,mixed,4,False
NFLX,69.52999877929688,-44.95942967820955,2.8550301016865065,-41.11419687335416,-58.75057520666658,0.17720929557878817,False,1.0460956494565,5.580321187310692,-19.2638219207948,-10.457182983925406,False,False,False,True,18,30.0,False,0.4745436421411937,1.6205403452355556,True,-3.6242844468149915,True,0.8411919604435436,True,2,1,0.596273709080285,False,1.352082804361203,True,4,0,False,False,False,25.0,17.03212671408485,14.914418667119625,0.3330835886934206,15.0,False,0,2,1,3,-11.35900482507639,78.44000244140625,3613148087.09904,6.510067114093959,False,0.0,0,,,,0.0,0,,,,False,False,False,False,0,,none,0,0,False,-3,0.375,mixed,4,False
NGG,82.7750015258789,-9.558879797295571,26.74697159658297,19.289198339635426,1.652820006323008,0.18841540068946636,False,0.8453990861475594,3.358500426517941,4.234774755733195,-0.09052136345616413,True,True,False,True,32,53.333333333333336,True,0.4890286864177343,0.5850898525400726,True,0.36012616238415274,True,-1.4465964624279737,True,2,0,0.49722327820704776,False,0.5976275338238785,False,5,3,True,False,False,25.0,7.362967247713313,4.337053786423964,0.6413742672240436,5.0,True,2,4,5,5,-2.6405495246165533,85.0199966430664,69579257.33839722,51.20805369127517,False,0.0,0,,,,0.0,0,,,,False,False,False,False,0,,none,0,0,False,-1,0.625,mixed,4,False
NHI,80.80000305175781,-9.148986710018692,21.451860220850595,19.02760458842061,1.3912262551081902,0.042161538101503464,False,0.9598423546415504,3.5519834630991314,4.120615563698138,4.271525718464209,False,True,False,True,24,40.0,True,0.4923179534689118,1.1239428723238811,True,3.819392143424786,True,1.4947901422971643,True,2,2,0.5800372806645664,False,3.8725909273384183,True,2,2,True,False,False,35.0,17.484605732182555,7.636136059293235,0.9606341759704724,2.0,True,3,5,4,7,-0.6882959124787646,81.36000061035156,70132142.31681824,51.006711409395976,False,0.0,0,,,,0.0,0,,,,False,True,False,False,1,,power_play,7,7,True,1,0.875,mixed,4,False
NI,47.02000045776367,-4.197231655332945,21.81340527360851,15.21770668174236,-2.418671651570058,0.10408500178035256,False,1.0172623607758557,4.72138958824554,9.742461578375817,-1.6729386076243191,False,False,False,True,23,38.333333333333336,False,0.5736565031683429,1.1378494848658869,True,0.15713565968281576,True,2.2618549932172494,True,2,0,0.49063966490734057,False,0.5747078042465718,False,6,2,True,False,False,25.0,8.9006245375038,5.763502888322913,0.5,18.0,False,3,2,2,6,-4.450312268751899,49.209999084472656,226912036.1270302,46.97986577181208,False,0.0,0,,,,0.0,0,,,,False,True,False,False,1,,power_play,6,6,True,0,0.75,mixed,4,False
NKE,41.32500076293945,-46.41721316510813,1.4110448170293388,-43.70325797792178,-61.3396363112342,0.1315511695558595,False,0.9168083344320843,7.622508088865783,-35.468134911264606,-6.271261918982196,False,True,False,True,17,28.333333333333332,False,0.4152092048006858,1.4430998328355922,False,-1.6192403210446413,True,-5.5644370475113725,False,1,0,0.41119387321502054,False,0.8480824398654135,False,5,2,True,False,False,25.0,12.491794353179717,10.381127250636728,0.23204920759839717,24.0,False,0,2,2,4,-9.593083372042233,45.709999084472656,1046080450.7836463,6.0402684563758395,False,0.0,0,,,,0.0,0,,,,False,False,False,False,0,,none,0,0,False,-2,0.5,mixed,4,False
NKTR,71.03050231933594,-29.21723627364704,227.63146365075673,188.97682074779394,171.34044241448152,0.20681459489659842,False,1.0029144056452706,13.290068538395358,91.40528469709186,-0.013370771493514955,False,True,False,False,20,33.33333333333333,False,0.5766187624204454,3.4607018439640056,True,1.4824766813587666,True,4.05874611251289,True,1,1,0.4986873293724095,False,2.3341563896531023,True,4,2,True,False,False,25.0,23.203419920651534,13.290068538395358,0.6540457393220952,13.0,False,6,4,3,5,-8.027321983847969,77.2300033569336,80811163.98894577,94.96644295302013,True,0.0,0,,,,0.0,0,,,,False,False,False,False,0,,none,0,0,False,-1,0.625,mixed,4,False
NLY,22.479999542236328,-4.013665802713207,26.0920755059332,24.681501861707567,7.045123528395148,0.1644819849510052,False,1.1048682514375807,5.02668676057361,0.6016469793712842,-0.3546095992902232,False,False,False,True,27,45.0,True,0.47910950056274065,0.9067901281902725,True,1.7841907630239495,True,-2.303349332349236,True,2,1,0.4293316330888567,False,1.8592863612937482,True,4,0,False,False,False,35.0,13.954247008517678,6.4501729765007525,0.6947922834980382,5.0,False,3,3,2,4,-4.2589438649740075,23.479999542236328,165485463.73612022,56.577181208053695,False,0.0,0,,,,0.0,0,,,,False,False,False,False,0,,none,0,0,False,-2,0.5,mixed,4,False
NNN,49.09000015258789,-1.008267792824169,29.323433776033724,21.710701971835245,4.074323638522827,0.09244666943786786,False,1.055076154710256,2.7907980084001047,19.500243390069862,3.282140570915648,False,True,False,True,22,36.666666666666664,False,0.5548521603002211,0.8549265817996763,True,3.3999340337322335,True,-1.008267792824169,True,2,0,0.5504614241159118,False,0.9853394236390095,False,3,3,True,False,False,65.0,14.574211393094771,6.151966690520505,0.8751219091218527,5.0,True,3,4,4,6,-1.8199996948242148,50.0,76244715.73086433,53.48993288590604,False,0.0,0,,,,0.0,0,,,,False,True,False,False,1,,power_play,6,6,True,0,0.75,mixed,4,False
NOC,543.72998046875,-28.89208596801016,9.618562257934137,-2.854135601374974,-20.490513934687392,0.11362676056338028,False,1.1432751494124394,12.458393538195999,-18.586499637094878,-0.9617364352116353,False,False,False,False,21,35.0,False,0.385627378633225,1.1160669369762282,False,0.49032069741748735,True,4.248705415063525,True,1,0,0.3538071870702698,False,1.0265300273988518,False,5,1,False,False,False,25.0,13.456189880095415,12.458393538195999,0.8688236024422253,24.0,True,1,3,3,3,-1.7651345133242957,553.5,549039226.2137482,30.80536912751678,False,0.0,0,,,,0.0,0,,,,False,False,False,False,0,,none,0,0,False,-3,0.375,mixed,4,False
NOG,21.68000030517578,-26.8977473326655,24.81289152391659,-18.638852451013587,-36.275230784326006,0.11130827847237468,False,1.0139255200306396,8.994459539399944,-3.922759286639488,20.77994085625605,False,True,False,False,20,33.33333333333333,False,0.5268963918816948,2.171848410818126,True,1.3580051842571086,True,2.3124103764443626,True,1,0,0.5197494768755964,False,0.8174059998044443,False,4,1,False,False,False,45.0,29.48705206308847,16.83579136139998,0.6263641048741594,44.0,False,1,1,2,3,-11.017421092214331,24.36432004026673,70000208.60351829,17.516778523489933,False,0.0,0,,,,0.0,0,,,,False,False,False,False,0,,none,0,0,False,-3,0.375,mixed,4,False
NOK,9.225000381469727,-45.252224494815806,127.77777646958262,114.92888244186372,97.2925041085513,0.4917835922107371,False,0.7669489855618373,17.56098398096001,36.26293068626023,-23.570831692518325,False,False,False,False,21,35.0,False,0.42479372500619483,2.3223509124988215,False,-6.064591454071406,True,-8.843868717493674,False,0,0,0.2819213195922015,False,0.6581823008380101,False,8,3,True,False,False,25.0,37.15659783771385,33.38753166767186,0.013863355237284183,23.0,False,3,2,2,2,-36.64148272248071,14.5600004196167,1039195764.6099126,90.40268456375838,True,0.0,0,,,,0.0,0,,,,False,False,False,False,0,,none,0,0,False,-4,0.25,mixed,4,False
NOV,20.7450008392334,-2.872820324601011,78.83986930119649,54.968445943481406,37.33206761016899,0.2582416633724549,True,0.8503750239869162,8.483972801549784,14.351556054562709,15.122088303253612,False,True,False,False,23,38.333333333333336,False,0.48804730236364113,1.3721179904042808,True,1.7854837261038696,True,6.275616561179476,False,0,0,0.5083381256262118,False,0.42200405287217446,False,5,1,False,False,False,35.0,17.37411986982827,9.35165319631439,0.8087086046133538,34.0,False,5,2,5,5,-3.3235196335143047,21.458167240462505,59876689.46286354,76.51006711409396,False,0.0,0,,,,0.0,0,,,,False,False,False,False,0,,none,0,0,False,-1,0.625,mixed,4,False
NOVT,140.47999572753906,-16.673587532449474,41.584351944380614,12.231363571588005,-5.405014761724413,0.08585994630702619,False,1.0180008536867997,7.766232911388555,1.8783061493617303,-13.133814823670031,False,True,False,True,28,46.666666666666664,True,0.4600167186732212,2.3686135790029157,True,-1.8844724490221278,True,-5.534268451862479,False,1,0,0.38002510685486424,False,1.1875108601714723,False,6,3,True,False,False,25.0,16.383812488287106,12.848806663381307,0.038433483538161485,14.0,False,1,2,2,2,-15.754125500726202,166.75,80502240.34627227,44.69798657718121,False,0.0,0,,,,0.0,0,,,,False,False,False,False,0,,none,0,0,False,-4,0.25,mixed,4,False
NOW,95.51010131835938,-52.06182369326184,15.072411226939009,-52.06182369326184,-69.69820202657426,0.49291158385445866,False,0.9160474570904064,14.448736689911893,-28.24723846411594,-10.167323558590159,False,False,False,False,21,35.0,False,0.46143888787024345,2.6416404753348397,True,-1.4111533523685522,True,-7.487307928473763,False,0,1,0.37147515066081915,False,1.329085318304172,True,4,1,False,False,False,25.0,21.443010220197102,22.510707980860634,0.250823833851809,13.0,False,0,2,1,2,-16.064592187443736,113.79000091552734,2199722129.4322133,3.087248322147651,False,0.0,0,,,,0.0,0,,,,False,False,False,False,0,,none,0,0,False,-4,0.25,mixed,4,False
NPO,336.44500732421875,-13.209077100086086,66.71501942540894,64.04787620807089,46.41149787475847,0.24749334687033703,True,0.9069980945744146,6.018814236849672,43.40654727166879,0.2816713335972443,False,True,False,True,29,48.333333333333336,True,0.42718717128093076,1.8526688643278086,False,0.25852321641913323,True,4.265840758918116,True,2,1,0.40626554918023583,False,1.2544231520415432,True,6,2,True,False,False,25.0,21.123405149405354,10.492052794515553,0.3455195185571813,23.0,False,4,3,4,4,-13.824856371894533,390.4200134277344,109151730.56332397,80.53691275167785,True,0.0,0,,,,0.0,0,,,,False,False,False,False,0,,none,0,0,False,-2,0.5,mixed,4,False
NRG,142.72500610351562,-22.2071982759481,18.29672962988047,-8.617122674450183,-26.2535010077626,0.08398105392496878,False,0.9203600509846663,10.516734365902593,-3.811782756487747,4.407468390474545,True,True,False,False,22,36.666666666666664,False,0.4406064251729592,1.8441530130096844,True,1.4524176378373272,True,10.545275678724186,False,0,0,0.44782521175079426,False,0.7167027813232806,False,7,1,False,False,False,35.0,20.44114748680257,11.357499220088553,0.7328258277991793,18.0,False,1,2,4,5,-5.461346658621357,150.97000122070312,332208976.9283722,24.630872483221477,False,0.0,0,,,,0.0,0,,,,False,False,False,False,0,,none,0,0,False,-1,0.625,mixed,4,False
NSC,350.8699951171875,0.0,30.58448079606584,28.554805178773822,10.918426845461404,0.2082548730706988,True,1.063956297994113,8.202467916837577,23.149821771195533,8.726102199419916,False,False,False,False,26,43.333333333333336,True,0.4747771703177228,0.9050204852330715,True,4.612797481971203,False,3.1485157983819567,True,1,1,0.4939468601218815,False,1.7976755028200744,True,3,0,False,True,True,65.0,17.254250597534096,10.029356437176425,0.8750679929062753,1.0,True,7,2,3,4,-2.155608158048028,358.6000061035156,327973541.13133544,59.46308724832215,False,0.0,0,,,,0.0,0,,,,False,False,False,False,0,,none,0,0,False,-2,0.5,mixed,4,False
NTAP,165.38999938964844,-8.387276995602777,77.17781492934506,60.79158003294456,43.155201699632144,0.03943694615353973,True,0.9307541494124618,5.048676542916924,71.15792158143049,7.603505219996531,False,True,False,True,29,48.333333333333336,True,0.4593786878154552,2.114489191999462,True,1.3404307366975874,True,0.9214025273648785,True,2,1,0.45519922058602685,False,1.5599792354612179,True,3,2,True,False,False,45.0,38.469117533443466,11.747994441184098,0.6368606754641543,38.0,False,7,4,4,6,-13.969649356584723,192.24610634817552,433790331.2110504,79.32885906040269,False,0.0,0,,,,0.0,0,,,,False,True,False,False,1,,power_play,6,6,True,0,0.75,mixed,4,False
NTES,119.63999938964844,-23.406756714645994,10.14644818016377,-10.080064901494046,-27.716443234806462,0.10952974472391948,False,1.0404325438701756,13.783020375534056,-8.086931853482582,-5.972963377646456,False,False,False,False,28,46.666666666666664,True,0.4516395557408468,1.1066714800568236,True,-1.0063885049936596,True,-8.87348198053025,False,0,0,0.45867617245091247,False,0.586075579638085,False,5,1,False,False,False,25.0,16.50812570133372,13.783020375534056,0.24556735999675344,12.0,False,1,1,1,2,-12.454268854362649,136.66000366210938,134438689.3734932,23.691275167785236,False,0.0,0,,,,0.0,0,,,,False,False,False,False,0,,none,0,0,False,-4,0.25,mixed,4,False
NTLA,10.869999885559082,-61.15082178914758,35.19900419320161,-14.945226035369075,-32.5816043686815,0.1385765238267045,False,0.8327141108341841,7.773691590847218,-25.700616537729427,-38.097948655172544,False,True,False,True,21,35.0,False,0.45088152712272717,3.0693038141838382,True,-3.322611715504077,True,-4.439561445634443,True,2,0,0.2913957825458791,False,0.5366451548661781,False,5,1,False,False,False,,,,,,False,0,1,2,3,,,66529971.103900716,20.536912751677853,False,0.0,0,,,,0.0,0,,,,False,False,False,False,0,,none,0,0,False,-3,0.375,mixed,4,False
NTNX,53.564998626708984,-33.968199194907044,55.66695397918602,-27.614866720663535,-45.25124505397595,0.06376742905438262,False,1.0224309873768458,5.9927175707460245,25.122627676737164,4.455928045643054,False,True,False,True,20,33.33333333333333,False,0.42498858292830477,1.921271462373008,False,1.2204462748102927,True,-2.750550388492412,True,2,2,0.48347442351946796,False,1.9487984408494106,True,2,2,True,False,False,25.0,23.5464637919872,7.840935416635955,0.6317883856981737,10.0,False,1,5,4,6,-8.670081443947108,58.650001525878906,186666173.51453477,12.550335570469798,False,0.0,0,,,,0.0,0,,,,False,True,False,False,1,,power_play,6,6,True,0,0.75,mixed,4,False
NTR,68.22000122070312,-17.396914180655276,29.26366581030415,15.00585175080178,-2.6305265825106385,0.1233705032856442,False,1.0085161505248532,5.878033472709761,-2.176875898316044,4.857060837211735,False,True,False,True,24,40.0,True,0.4145731185046835,0.9587951102064742,False,1.0946361464147072,True,1.397149908533457,True,2,1,0.5308915339618101,False,2.661978099352623,True,3,1,False,False,False,45.0,16.405371177982115,5.878033472709761,0.7780591845747996,42.0,False,2,3,3,5,-3.6410214565944288,70.7977629608983,164832085.21012267,46.77852348993289,False,0.0,0,,,,0.0,0,,,,False,False,False,False,0,,none,0,0,False,-1,0.625,mixed,4,False
NTRA,263.0199890136719,-7.32205767198828,96.78286832804727,86.45304254180388,68.81666420849146,0.12625792751780807,True,0.940918890769068,6.5945562866712475,8.874901490236308,-5.8356071470479165,False,True,False,True,28,46.666666666666664,True,0.37931519770963473,1.5524501648556464,False,2.3636022177349436,True,-3.084131759824793,True,2,2,0.5422640414092881,False,1.4747507790843821,True,2,1,False,False,False,25.0,23.795308468140313,10.016349449141563,0.6349574494894963,14.0,False,5,4,6,6,-8.686300093394127,288.0400085449219,352466804.54917604,86.30872483221476,True,0.0,0,,,,0.0,0,,,,True,True,False,False,2,power_play,sepa_vcp,6,6,True,0,0.75,mixed,4,False
NTRS,179.36000061035156,-6.158114357647548,48.54788564306802,42.45979276040628,24.823414427093862,0.1987602681522047,True,1.1317147541362549,6.629125417700417,21.91560556326295,1.6203969463748136,False,False,False,True,27,45.0,True,0.44053242326147796,0.9758733586893255,True,1.2114870750266364,True,-2.8806542540692592,True,2,0,0.5530790455188219,False,0.8520472805092584,False,6,1,False,False,False,55.0,17.408621709256973,9.210528666505539,0.6330374829656121,6.0,False,4,2,3,4,-6.388311640528421,191.60000610351562,184784458.68601304,70.46979865771812,False,0.0,0,,,,0.0,0,,,,False,False,False,False,0,,none,0,0,False,-2,0.5,mixed,4,False
NTST,21.989999771118164,-1.212940049359712,31.12873760519843,27.919600699674298,10.28322236636188,0.0692052049403945,True,1.0450696710084422,4.402002828843518,22.951116527689685,1.523545364869805,True,True,False,True,23,38.333333333333336,False,0.4721978054176783,1.2187138610385002,True,2.6279333760431123,True,-1.212940049359712,True,2,1,0.4777972319240204,False,2.7904660514030457,True,3,1,False,False,False,35.0,15.620829266317571,6.002727187646071,0.8632480025822564,5.0,True,5,4,6,6,-2.1361796034904734,22.469999313354492,56486706.88035965,59.12751677852349,False,0.0,0,,,,0.0,0,,,,True,True,False,False,2,power_play,sepa_vcp,6,6,True,0,0.75,mixed,4,False
NU,14.078200340270996,-24.956289080439376,21.363792045731643,10.417257570752913,-7.2191207625595055,0.1992447855092619,False,0.9680903352927329,6.961120542569152,-21.9611994135009,3.440122670128387,False,False,False,True,23,38.333333333333336,False,0.40018404895029713,1.5942518455553545,False,2.2119310937386025,True,3.5923486549052086,True,2,0,0.5234878048270296,False,1.0523442662503377,False,5,0,False,False,False,55.0,23.28767454362439,8.665882268623294,0.8465294254758343,53.0,False,1,2,2,4,-3.573972791541824,14.600000381469727,1413010181.3151994,42.95302013422819,False,0.0,0,,,,0.0,0,,,,False,False,False,False,0,,none,0,0,False,-2,0.5,mixed,4,False
NUE,242.92999267578125,-8.568950912406137,86.06039980758973,74.06874621358772,56.432367880275294,0.18182412388757604,True,0.8293063246003357,6.174618388936137,34.52089858600906,10.04756180103341,False,True,False,True,30,50.0,True,0.515245917860194,1.5544427510582886,True,0.5960938455616271,True,2.671058724959563,True,2,0,0.43483978857098426,False,0.8805109772820447,False,3,2,True,False,False,25.0,15.337030904943497,6.899104685358521,0.7284426636868256,24.0,False,7,3,5,5,-4.164883259499286,253.48744900429284,305852847.6704804,83.95973154362416,True,0.0,0,,,,0.0,0,,,,False,False,False,False,0,,none,0,0,False,-1,0.625,mixed,4,False
NUVL,123.95999908447266,0.0,71.78491240787316,50.327432040700224,32.69105370738781,0.0,True,0.030799775387569638,0.0,17.020672828616924,0.3643404910201875,False,True,True,True,25,41.66666666666667,True,0.3660696922694546,0.03176900296943332,False,120.58413799878191,False,0.0,True,3,3,0.6211716370609752,True,1.355154242170857,True,0,0,False,False,False,35.0,29.591092381761154,0.20974064920633312,0.9991823716669741,5.0,True,7,5,7,6,-0.024194515536513084,123.98999786376953,167787661.84318963,74.02684563758389,False,0.0,0,,,,0.0,0,,,,True,True,False,False,2,power_play,sepa_vcp,7,7,True,1,0.875,mixed,4,True
NVDA,208.0399932861328,-11.647385291565183,26.101870332723507,19.90160829915819,2.265229965845773,0.19030799797635264,False,0.9713920381353681,5.8209964435519765,10.98936532727761,6.780265529398832,False,True,False,True,23,38.333333333333336,False,0.38798013661004,1.404681491471773,False,-0.14927312294676529,True,2.578766229721041,True,2,2,0.5692028354997307,False,1.5386480746391673,True,2,1,False,False,False,25.0,11.469749712158412,7.892712314387394,0.7417646584301875,2.0,True,2,4,4,7,-2.961894734639492,214.38999938964844,25872039203.967392,51.67785234899329,False,0.0,0,,,,0.0,0,,,,False,True,False,False,1,,power_play,7,7,True,1,0.875,mixed,4,False
NVMI,436.07000732421875,-27.999671469328234,83.87164808173296,66.70618155404924,49.069803220736816,0.13131667423898227,False,0.779154566216865,7.700602317479943,-5.389337645207782,-7.246778887709803,False,True,False,True,23,38.333333333333336,False,0.4935138162211236,2.7942564683703024,True,-2.4708794952747626,True,-0.3177397151762462,True,2,0,0.3513334484678926,False,0.7264578844398452,False,7,3,True,False,False,25.0,28.039855447491526,15.752058451095245,0.08694863409935825,23.0,False,1,2,3,4,-25.601828315988683,586.1300048828125,249425465.36782837,82.08053691275168,True,0.0,0,,,,0.0,0,,,,False,False,False,False,0,,none,0,0,False,-2,0.5,mixed,4,False
NVO,49.0099983215332,-28.340363940598202,40.97511630081123,-27.357626018293814,-44.994004351606236,0.6252388176520173,False,0.8786674135174275,5.141808904442414,-18.39474334095036,-2.8157881718212874,False,True,False,True,28,46.666666666666664,True,0.4216539967843217,0.9598550884436924,False,2.3165213266526345,True,-2.6033413776545777,True,2,1,0.4096944757447928,False,1.3952872563077454,True,3,2,True,False,False,25.0,17.867490666813055,7.733117823556741,0.7016213906777872,6.0,False,1,4,3,4,-5.331277017241298,51.77000045776367,457727683.28376234,12.684563758389261,False,0.0,0,,,,0.0,0,,,,False,False,False,False,0,,none,0,0,False,-2,0.5,mixed,4,False
NVR,6398.06005859375,-25.107572766080423,14.998147318298095,-17.8618615026913,-35.49823983600372,0.23195444649137498,False,1.1121457801347985,9.400348479042606,-16.312169933616126,-5.2250177894398675,False,False,False,False,22,36.666666666666664,False,0.4055623289699381,1.2548275078184254,False,0.35524623357531626,True,-1.417248274511984,True,1,0,0.4785448512597334,False,0.3848214285714286,False,5,2,True,False,False,55.0,20.922509932180898,14.272766548270896,0.616330230478163,20.0,False,0,3,3,3,-8.02733456349819,6956.47998046875,189942915.55930176,18.187919463087248,False,0.0,0,,,,0.0,0,,,,False,False,False,False,0,,none,0,0,False,-3,0.375,mixed,4,False
NVS,154.5850067138672,-5.533104916811105,40.34367627793911,35.61219150413475,17.97581317082233,0.26279433253124157,True,1.08359207909957,6.449526660213133,8.25748845710299,-3.3239445812974777,False,False,False,True,27,45.0,True,0.516809467835602,0.9818961392997976,True,0.885429182182735,True,0.5365584264472423,True,2,0,0.34646246019610105,False,0.6814651820929148,False,5,1,False,False,False,65.0,11.409358216710716,6.449526660213133,0.6733079575552631,15.0,False,5,2,3,5,-3.7273465388008686,160.57000732421875,288575242.35663146,65.43624161073825,False,0.0,0,,,,0.0,0,,,,False,False,False,False,0,,none,0,0,False,-1,0.625,mixed,4,False
NVST,26.354999542236328,-12.904827022831144,39.518265716189745,27.50362576177445,9.867247428462033,0.14113707573067932,False,1.0053260277113547,5.046480541859265,10.549494016573767,-4.614548162349264,False,True,False,True,24,40.0,True,0.405181759544194,1.2116984270751747,False,1.6430180517836743,True,-1.4397914441931836,True,2,1,0.503959543811372,False,1.2947056874349936,True,5,1,False,False,False,35.0,19.569889459232474,7.019542453434421,0.7170329056120773,14.0,False,1,3,3,4,-5.537634757771848,27.899999618530273,66124361.30652523,58.92617449664429,False,0.0,0,,,,0.0,0,,,,False,False,False,False,0,,none,0,0,False,-2,0.5,mixed,4,False
NVT,153.18499755859375,-16.900835086375142,99.77469674504256,99.77469674504256,82.13831841173014,0.15641043421089804,False,0.8987494359980412,6.776123672843429,39.097521265991105,0.6802521877283363,True,True,False,True,26,43.333333333333336,True,0.3923531422820271,1.7200054432997425,False,-1.5503365466557326,True,-1.1199332757927616,True,2,0,0.42527795763111415,False,0.5855380370499641,False,5,3,True,False,False,25.0,21.105936606111104,13.265011357555615,0.19284062494860876,23.0,False,4,2,3,4,-17.03585460086292,184.63999938964844,295857898.2723007,88.59060402684564,True,0.0,0,,,,0.0,0,,,,False,False,False,False,0,,none,0,0,False,-2,0.5,mixed,4,False
NVTS,11.055000305175781,-65.22491353633106,99.54874334472177,23.106913905506808,5.47053557219439,0.230951169507743,False,0.4807539104648791,20.443239859737847,8.702067082032316,-23.54771593353009,False,True,True,False,21,35.0,False,0.39710494558308573,3.6226171160897067,False,-7.642296717122751,True,-3.5340290717545075,True,2,0,0.394551640173959,False,1.0548481735806723,False,8,4,True,False,False,,,,,,False,0,2,2,3,,,210483992.119694,55.033557046979865,False,0.0,0,,,,0.0,0,,,,False,False,False,False,0,,none,0,0,False,-3,0.375,mixed,4,False
NWG,17.969999313354492,-2.1774714621929148,40.648414456424085,40.648414456424085,23.012036123111667,0.22382265760954212,True,1.0290249557280289,4.340571599609615,6.005618555274284,-0.11117541977838652,False,True,False,True,32,53.333333333333336,True,0.450412481185511,0.7823300116489595,True,2.9442240804839757,True,0.2790135984803266,True,2,1,0.4802421131134631,False,1.2927522115921968,True,8,1,False,False,False,45.0,17.16458377839862,6.622151249461999,0.8607593179417534,2.0,True,6,3,4,6,-2.3900083525501437,18.40999984741211,66714772.69649772,69.73154362416108,False,0.0,0,,,,0.0,0,,,,False,True,False,False,1,,power_play,6,6,True,0,0.75,mixed,4,False
NWSA,26.6299991607666,-13.821197577550215,19.38073110131373,-8.577554736758708,-26.21393307007113,0.10006394270733422,False,0.8868128434980587,8.899733408089752,-0.3306656166082056,-0.03753839756363009,False,True,False,False,25,41.66666666666667,True,0.5415827650645098,1.4423168648386082,True,0.2409146703812463,True,-6.3313440910568115,False,0,0,0.3959141550050451,False,0.9017283546387627,False,4,0,False,False,False,25.0,15.976532898210369,10.101384571848207,0.49244043036054663,5.0,False,1,1,2,4,-8.10904216214623,28.979999542236328,110863018.2550129,24.76510067114094,False,0.0,0,,,,0.0,0,,,,False,False,False,False,0,,none,0,0,False,-2,0.5,mixed,4,False
NXPI,268.8450012207031,-18.91155246569912,47.87336774278885,21.919306961831953,4.282928628519535,0.11431209602954755,False,0.8460880429106504,5.144223068857495,16.63667177592658,-1.6516624132287494,True,True,False,True,27,45.0,True,0.4912154290859581,1.9607141563737596,True,-2.1668915967315105,True,0.8685710621727072,True,2,0,0.38682133996174795,False,0.789721301245196,False,8,1,False,False,False,25.0,20.788697268939366,11.620074798686375,0.1518727334325555,23.0,False,1,1,3,4,-17.63146099020364,326.39282480016857,1043250728.9524612,53.89261744966443,False,0.0,0,,,,0.0,0,,,,False,False,False,False,0,,none,0,0,False,-2,0.5,mixed,4,False
NXST,183.9600067138672,-26.78175782768769,18.914033835058497,0.4229407388181228,-17.213437594494295,0.04231026935274936,False,0.947990026231865,5.571863245223147,-12.112973874319543,1.5848530752750722,False,True,False,True,20,33.33333333333333,False,0.4114687878624865,2.0953948034444796,False,0.6857835922292037,True,0.1360840405331798,True,2,2,0.5507673390058305,False,3.776650804441423,True,1,1,False,False,False,25.0,19.48816807604613,10.1543853298643,0.7887137195655713,7.0,False,1,4,4,6,-4.11758254526876,191.86000061035156,75029870.56190643,33.758389261744966,False,0.0,0,,,,0.0,0,,,,False,True,False,False,1,,power_play,6,6,True,0,0.75,mixed,4,False
NXT,98.44999694824219,-37.05242916223976,82.99256197837292,55.259418364846645,37.62304003153423,0.08895400697288121,False,0.6709640162006808,10.0761792548968,-6.238098144531246,-12.752569883606423,True,True,False,False,20,33.33333333333333,False,0.3281601245513639,2.1675002651797883,False,-3.5006849533659943,True,-4.510185833849545,True,1,0,0.32841778530034127,False,0.2675363531734255,False,5,2,True,False,False,25.0,24.47111611950898,15.530727668346916,0.00848778997270831,23.0,False,1,2,3,2,-24.26341042548883,129.99000549316406,430726626.1103897,76.64429530201342,False,0.0,0,,,,0.0,0,,,,False,False,False,False,0,,none,0,0,False,-3,0.375,mixed,4,False
NYT,71.01000213623047,-17.036757544146486,39.69914940788159,35.9456388219846,18.309260488672184,0.16763337953768287,False,0.9818047035357758,9.364880053265011,-1.1507811675254054,-3.5447031898546144,True,True,False,False,20,33.33333333333333,False,0.527973021116552,1.5612949666496485,True,-1.417278480111876,True,-6.479649873792958,False,0,0,0.44540819622950156,False,0.6022300082878211,False,4,2,True,False,False,25.0,11.885671593846435,10.477389928447433,0.2934495936081064,9.0,False,1,2,3,4,-8.397826094872784,77.5199966430664,110057509.9163353,65.63758389261744,False,0.0,0,,,,0.0,0,,,,False,False,False,False,0,,none,0,0,False,-2,0.5,mixed,4,False
O,65.44999694824219,-1.4184738647537776,23.06876356137362,19.059780662675173,1.4234023293627551,0.10951259794201142,False,1.061647342772376,2.3529426850014605,10.588046326344402,2.5219247991950855,False,True,False,True,25,41.66666666666667,True,0.5519722984116106,0.9069021210330748,True,2.9626861983144823,True,-0.3956812355091155,True,2,1,0.4712091528805379,False,0.6196283863052563,False,2,2,True,False,False,45.0,11.802976557113512,6.203210943618014,0.7855072983604116,5.0,True,4,5,4,6,-2.531652329124001,67.1500015258789,336366782.40141296,51.07382550335571,False,0.0,0,,,,0.0,0,,,,False,True,False,False,1,,power_play,6,6,True,0,0.75,mixed,4,False
OC,139.89999389648438,-11.504645325500961,45.176624572216404,-0.6789933881584775,-18.315371721470896,0.04088478472514858,False,0.788210358503533,5.368116393480887,13.909589056413196,-6.876588158555741,False,True,False,True,25,41.66666666666667,True,0.43254453607121013,1.9757363997045314,False,2.440785481488905,True,-2.249871608472631,True,2,1,0.45671123200868635,False,1.8362115558263254,True,3,2,True,False,False,45.0,33.27497089490198,7.001752286326419,0.6384555659574511,17.0,False,2,4,4,5,-12.030380519979623,159.03216897312873,191404488.26221085,32.68456375838926,False,0.0,0,,,,0.0,0,,,,False,False,False,False,0,,none,0,0,False,-1,0.625,mixed,4,False
ODFL,233.3300018310547,-6.191450231581097,85.61724212122859,39.96943311863106,22.33305478531864,0.21690811747106528,True,0.8489100433495212,3.870054732967924,34.22377758523485,7.204230817496748,False,True,False,True,25,41.66666666666667,True,0.44645356076626513,1.2734594300418602,True,1.3512573187470054,True,-0.21809549898341718,True,2,0,0.5272285314383344,False,0.8366104456633954,False,3,3,True,False,False,25.0,10.926165845786745,6.330085671694401,0.8012281979637771,5.0,True,6,4,6,6,-2.1718136745136674,238.50999450683594,332448027.394606,69.12751677852349,False,0.0,0,,,,0.0,0,,,,True,True,False,False,2,power_play,sepa_vcp,6,6,True,0,0.75,mixed,4,False
OGE,50.275001525878906,0.0,21.573952770310445,16.09885425047326,-1.537524082839159,0.19334748101892013,False,1.0690538063275603,4.873198783849509,19.83326457855199,2.5706460306445855,False,False,False,True,24,40.0,True,0.532864662907422,0.8831741704529507,True,2.6704802652626514,True,3.234087758245008,True,2,0,0.5771851569327089,False,0.7119700961792426,False,3,3,True,False,False,45.0,10.119559978020211,4.873198783849509,0.9911632496993236,0.0,True,5,3,3,6,-0.08942402467848609,50.31999969482422,64824856.69852753,47.852348993288594,False,0.0,0,,,,0.0,0,,,,False,True,False,False,1,,power_play,6,6,True,0,0.75,mixed,4,False
OGS,80.95999908447266,-9.93609985292332,15.970152157158978,14.63607900905306,-3.000299324259359,0.041630794888553334,False,0.9979326599325616,3.693056713749468,6.549257796234631,4.707707454753263,False,True,False,True,21,35.0,False,0.46952967440277316,0.8769759424139162,True,1.2041433479921768,True,1.529973982175692,True,2,2,0.46741544465285995,False,1.6496418231450078,True,2,2,True,False,False,35.0,7.727167407556894,4.4960561514397135,0.8890643419803764,5.0,True,2,6,5,7,-0.8572184009851158,81.66000366210938,50454093.4399456,46.442953020134226,False,0.0,0,,,,0.0,0,,,,False,True,False,False,1,,power_play,7,7,True,1,0.875,mixed,4,False
OHI,51.864498138427734,0.0,44.34071242867215,41.52793075482475,23.891552421512333,0.18347410024780417,True,0.9291957439458013,4.8491732879316345,22.20842375469305,4.988859385475464,False,False,False,True,28,46.666666666666664,True,0.4589098350582925,0.8524462750383174,True,4.711018422827723,False,3.2951585025356556,True,2,1,0.5213718524134776,False,1.7241752360802127,True,5,2,True,False,False,35.0,16.835303224880548,8.10766163230611,0.997653097810446,0.0,True,7,3,4,5,-0.03951081000027612,51.8849983215332,86062774.05964813,69.86577181208054,False,0.0,0,,,,0.0,0,,,,False,False,False,False,0,,none,0,0,False,-1,0.625,mixed,4,False
OII,49.70500183105469,0.0,134.7898046855186,107.53653548090432,89.9001571475919,0.28601954188691336,True,1.1325532144393868,18.951811330705727,70.39767466935749,29.1039008598823,False,False,False,False,26,43.333333333333336,True,0.479086585094337,2.0289569165409853,True,5.085694806084597,False,17.561502521597983,False,0,2,0.4647248586774803,False,1.896989778617449,True,1,1,False,True,True,25.0,32.40093328184826,20.239414551244877,0.8935852710607648,1.0,False,10,2,3,4,-3.4479365325661204,51.47999954223633,50286031.37653675,89.46308724832215,True,0.0,0,,,,0.0,0,,,,False,False,False,False,0,,none,0,0,False,-2,0.5,mixed,4,False
OKE,95.62000274658203,0.0,52.52877643689289,23.019537494387944,5.383159161075525,0.13885806372064083,True,0.9577780239022513,4.491744065018206,25.758011023224945,8.86940766608635,True,False,False,True,29,48.333333333333336,True,0.4551133525943576,1.1114116807005714,True,2.62761904283348,True,2.2455155890676703,True,2,0,0.4819612121766804,False,0.5042506295820828,False,5,1,False,False,False,45.0,13.521388471982442,5.914041253145171,0.9653581969018428,44.0,True,6,3,6,4,-0.46840527706011326,96.06999969482422,303683008.3267639,54.966442953020135,False,0.0,0,,,,0.0,0,,,,True,False,False,False,1,,sepa_vcp,6,6,True,0,0.75,mixed,4,False
OKLO,40.88999938964844,-76.51889311303219,0.0,-45.18031720444405,-62.81669553775647,0.268937069850726,False,0.7114224030951531,16.972361776229054,-53.33789721412603,-21.906037217340113,False,False,False,False,20,33.33333333333333,False,0.40417161607558505,2.7796139431940805,False,-4.705385362918174,True,-0.5351525600506224,True,1,0,0.41461431922576075,False,0.8176005781117855,False,5,1,False,False,False,25.0,37.25397019159226,21.00758200246514,0.0579463374357174,24.0,False,0,1,1,1,-35.0952390640501,63.0,429597480.50617445,5.369127516778524,False,0.0,0,,,,0.0,0,,,,False,False,False,False,0,,none,0,0,False,-5,0.125,mixed,4,False
OKTA,136.60000610351562,-11.654371738929626,117.06659056265845,39.54439366148432,21.908015328171903,0.07170361248582527,True,1.1287946561698574,14.743776346822655,50.50683438556938,-3.4082818044386842,False,False,False,False,30,50.0,True,0.5170221453919444,3.0660889498146915,True,1.7474012263411003,True,-8.536993290219808,False,0,1,0.3939161165929957,False,1.465882179945665,True,5,1,False,False,False,25.0,31.84713375796178,16.991219382727273,0.5920001220703125,7.0,False,5,2,2,3,-12.993626685658832,157.0,437223061.28471375,68.79194630872483,False,0.0,0,,,,0.0,0,,,,False,False,False,False,0,,none,0,0,False,-3,0.375,mixed,4,False
OLED,79.05000305175781,-47.01950920993263,1.4241731788320555,-46.176316885831625,-63.81269521914405,0.06731526588561368,False,0.6726927705789315,5.3257418367411935,-33.475949109294525,0.4447345833390681,False,True,False,True,22,36.666666666666664,False,0.3646100707613415,1.4554784989023521,False,-3.189584773992613,True,-1.4093255788439119,True,2,1,0.5319540021375417,False,1.4784750320886155,True,4,4,True,False,False,25.0,15.646181611457271,6.957621489778928,0.13277441300036255,23.0,False,0,3,3,4,-13.568769032298967,91.45999908447266,54884596.05012055,5.100671140939597,False,0.0,0,,,,0.0,0,,,,False,False,False,False,0,,none,0,0,False,-2,0.5,mixed,4,False
OLLI,65.65499877929688,-53.37003028674494,6.100513325825996,-50.166983848731014,-67.80336218204343,0.04294199253427918,False,0.7753532664137132,6.564614482869856,-41.96499569232222,-11.528096497397467,False,True,False,True,22,36.666666666666664,False,0.4646514500433677,2.379702381042887,True,-3.2754620486231256,True,-1.285525980261304,True,2,1,0.5002327922147549,False,1.0387883846727195,False,2,2,True,False,False,25.0,23.55775476609817,7.828801287357947,0.2887512021017378,24.0,False,0,3,3,4,-16.755424758569383,78.87000274658203,158337666.7416191,3.7583892617449663,False,0.0,0,,,,0.0,0,,,,False,False,False,False,0,,none,0,0,False,-2,0.5,mixed,4,False
OLN,23.350000381469727,-21.978559427391442,32.41893236081444,16.505663295599593,-1.1307150377128252,0.08198190513906235,False,0.9184219307827418,14.475370901702114,-1.240746254798053,16.516962648328715,True,True,False,False,20,33.33333333333333,False,0.42971479842884786,2.060847645165811,False,-0.1890878298406284,True,6.184632216948893,False,0,2,0.5470395190384851,False,2.2446922189045826,True,1,2,True,False,False,25.0,22.441578417850447,17.60171538846401,0.7360862847586057,1.0,False,1,4,4,4,-5.922640336136009,24.81999969482422,65389444.352098465,48.18791946308725,False,0.0,0,,,,0.0,0,,,,False,False,False,False,0,,none,0,0,False,-2,0.5,mixed,4,False
OMC,79.58999633789062,-5.441370952464252,20.772255591205212,7.432022240198477,-10.20435609311394,0.09813998031443696,False,1.0013795910347758,6.319888190398408,1.8216395165589594,1.2337745579012571,True,True,False,True,25,41.66666666666667,True,0.4365720578022357,1.4512784972984651,False,1.5010605754257296,True,-2.618386065270384,True,2,0,0.32838239196255276,False,0.6189768102203262,False,6,2,True,False,False,25.0,17.480628476522416,9.159443712722943,0.6245799733765376,5.0,False,3,3,5,6,-6.562578008050901,85.18000030517578,283055268.15806353,40.26845637583892,False,0.0,0,,,,0.0,0,,,,False,True,False,False,1,,power_play,6,6,True,0,0.75,mixed,4,False
OMF,59.3849983215332,-13.6115531753208,22.854017277699,9.034344084089007,-8.602034249223411,0.06517083555082491,False,0.971561497353832,4.647635597444175,-4.350846622954874,-0.19328013187697168,False,True,False,True,20,33.33333333333333,False,0.449270317999654,1.2182396693930533,True,1.4895637687654055,True,-1.517414472809775,True,2,1,0.6248784436988404,True,1.0335639962700003,False,4,2,True,False,False,55.0,17.474021484399657,5.540121257079127,0.7104299334714024,17.0,False,0,4,3,4,-5.0599535637597555,62.54999923706055,65956136.37895622,41.61073825503356,False,0.0,0,,,,0.0,0,,,,False,False,False,False,0,,none,0,0,False,-2,0.5,mixed,4,False
ON,86.61000061035156,-35.331885800951454,92.89531774388107,56.22294869362785,38.586570360315434,0.08259519670331696,False,0.6693372282832367,9.52545888680431,39.738627379839045,-5.0537168917569435,True,True,False,False,27,45.0,True,0.4453022041106215,2.501609707256422,True,-4.059053030279574,True,-0.8698662153357906,True,1,0,0.45213357601152326,False,0.7118736097301774,False,6,2,True,False,False,25.0,37.056336182862104,14.016856372354619,0.06643574804371408,23.0,False,3,2,4,3,-34.59447076879432,132.4199981689453,1136161642.137528,77.38255033557047,False,0.0,0,,,,0.0,0,,,,False,False,False,False,0,,none,0,0,False,-2,0.5,mixed,4,False
ONB,26.25,-3.8109229777841813,36.431104748594635,25.014181837637327,7.377803504324909,0.1032152116884829,True,1.0191495404515132,4.152381533668155,12.886334107642039,0.9615384615384581,False,False,False,True,31,51.66666666666667,True,0.4115258498586457,0.8764493780860213,False,2.349159921293806,True,-1.832459892716276,True,2,1,0.6033776024668296,True,1.1722232124450247,False,3,1,False,False,False,55.0,15.99442198037809,6.05714343843006,0.7551306582105756,6.0,False,4,3,3,4,-3.9165435826374884,27.31999969482422,132867854.72358513,56.91275167785235,False,0.0,0,,,,0.0,0,,,,False,False,False,False,0,,none,0,0,False,-2,0.5,mixed,4,False
ONC,326.1600036621094,-13.593132538390329,25.31602467811851,10.018219342602809,-7.61815899070961,0.2899955044634256,False,1.0256160348668741,6.760481832656522,-3.8783459206798376,9.578367327479299,False,False,False,True,30,50.0,True,0.35805592792174545,1.0195505935012164,False,3.6747365282825544,True,4.531765638841145,True,2,2,0.44164044540239794,False,2.299745027520156,True,2,0,False,False,False,25.0,20.05912228636613,9.31750790705238,0.9193987165178571,0.0,True,2,4,3,4,-1.6167910018063614,331.5199890136719,117864114.6517578,42.348993288590606,False,0.0,0,,,,0.0,0,,,,False,False,False,False,0,,none,0,0,False,-2,0.5,mixed,4,False
ONDS,7.644999980926514,-45.431835431621,320.05493190104033,257.24297225064123,239.6065939173288,0.1474689367282573,False,0.6564347470216185,26.291690739822364,-37.18159463434779,3.1713918806149044,False,False,False,False,20,33.33333333333333,False,0.4665362262783631,3.582322989991128,True,-2.4686634141380033,True,17.16474895309581,False,0,1,0.47758605406371657,False,1.7310710824878581,True,4,2,True,True,False,25.0,34.24947394175671,30.86985139833043,0.43981484002482496,24.0,False,4,3,2,4,-19.186047039128574,9.460000038146973,816505842.8609564,96.91275167785236,True,0.0,0,,,,0.0,0,,,,False,False,False,False,0,,none,0,0,False,-2,0.5,mixed,4,False
ONON,35.11000061035156,-32.15458819255736,10.131748853870715,-29.709709561402995,-47.34608789471541,0.44847720209881226,False,0.925848080993427,9.512959540089415,-23.607481919612805,-4.670108974181031,False,False,False,False,24,40.0,True,0.37921108856846775,1.6107499075004714,False,-1.7185667747176814,True,-5.618279864848974,False,0,0,0.34530059319600903,False,1.002005802104458,False,4,2,True,False,False,25.0,11.776698918669934,13.158640989948148,0.10822513324608518,9.0,False,1,2,2,3,-10.502164108997858,39.22999954223633,145583300.2387495,11.610738255033556,False,0.0,0,,,,0.0,0,,,,False,False,False,False,0,,none,0,0,False,-3,0.375,mixed,4,False
ONTO,273.9599914550781,-27.609992702230855,204.39999050564234,178.83968595936705,161.20330762605462,0.14914244913582428,False,1.0427567573520549,11.654994958851507,29.29959653654015,-10.93048851840317,False,True,False,False,25,41.66666666666667,True,0.48817702435916116,3.8237786794681026,True,-0.8738858934559653,True,-2.104704134349311,True,1,0,0.3883399615232503,False,0.7733453028209404,False,7,3,True,False,False,25.0,33.28675334450821,25.434368100864408,0.12546631002722242,17.0,False,4,2,2,3,-29.110387229586465,386.4599914550781,403109354.5385498,94.63087248322147,True,0.0,0,,,,0.0,0,,,,False,False,False,False,0,,none,0,0,False,-3,0.375,mixed,4,False
ORA,101.5999984741211,-29.979328600690238,19.77604426048547,14.546185364900355,-3.0901929684120635,0.09351951470756553,False,0.7201042243532182,4.778539173674984,-17.513699490522903,-9.737028537840331,False,True,False,True,21,35.0,False,0.5889776035321677,1.9816481536099242,True,-7.308135367125128,True,-2.960839125576631,True,2,0,0.35507373744934023,False,0.6917480893410244,False,5,4,True,False,False,25.0,22.830473400297617,9.591530771203391,0.010512092458139532,24.0,False,0,2,3,4,-22.5904773530506,131.25,92035736.54877624,46.308724832214764,False,0.0,0,,,,0.0,0,,,,False,False,False,False,0,,none,0,0,False,-2,0.5,mixed,4,False
ORCL,117.30500030517578,-63.86501600567654,0.0,-51.141948908426805,-68.77832724173922,0.37140623093941866,False,0.6736366638664826,10.937295228917932,-33.323424260030734,-16.081063305703115,True,True,False,False,17,28.333333333333332,False,0.5205035337501717,2.597308855951838,True,-8.059426764210816,True,-7.202755393687854,False,0,0,0.333418962761816,False,0.3218892623883918,False,6,2,True,False,False,25.0,38.074581791610534,20.15258658944895,0.01815547124684898,24.0,False,0,2,3,2,-37.38331981665715,187.33826188438044,5144855041.8045,3.2885906040268456,False,0.0,0,,,,0.0,0,,,,False,False,False,False,0,,none,0,0,False,-3,0.375,mixed,4,False
ORI,41.79999923706055,-3.6066087453433426,27.47798752747741,27.47798752747741,9.841609194164992,0.1009338956218654,False,1.0799361045370985,6.435412656709455,11.958407405246607,-0.16718341678989557,True,True,False,True,25,41.66666666666667,True,0.48088280571054104,0.9910146418354476,True,2.365467015976636,True,-1.0416724051186654,True,2,0,0.5701180862169903,False,0.8539197262964489,False,5,2,True,False,False,45.0,14.795835444029356,6.69857201642072,0.865301874632489,5.0,True,4,4,5,6,-1.9929712975569336,42.650001525878906,60648220.9769392,58.85906040268456,False,0.0,0,,,,0.0,0,,,,False,True,False,False,1,,power_play,6,6,True,0,0.75,mixed,4,False
ORKA,91.94999694824219,-3.38342049244027,604.597667466121,546.1700625873084,528.533684253996,0.054946066909231414,True,1.0462506896608945,7.047303907129647,167.37423256808665,7.909867311567331,False,True,False,True,26,43.333333333333336,True,0.34365132267194437,2.3602084233757696,False,3.464836266662442,True,-0.8090615153080849,True,2,1,0.5340945802383049,False,1.325206635774373,True,3,2,True,False,False,25.0,27.490281845973307,16.91136045509195,0.7831100287663398,17.0,False,11,3,3,7,-5.962366438778366,97.77999877929688,130520600.45534363,99.53020134228187,True,0.0,0,,,,0.0,0,,,,False,True,False,False,1,,power_play,7,7,True,1,0.875,mixed,4,False
ORLY,86.61000061035156,-19.67167422046544,4.689951765960831,-11.766506337464833,-29.40288467077725,0.11252535579867087,False,1.0002122530549236,7.077710240865471,-12.717930383603305,-4.033240320940101,False,True,False,True,19,31.666666666666664,False,0.48727631209884525,1.6035113385701654,True,-0.6827148798998898,True,0.6507815673834738,True,2,0,0.3843126971881981,False,0.7455462650915022,False,5,2,True,False,False,25.0,11.687340352343922,9.22526894914847,0.3677954400932001,15.0,False,0,2,2,4,-7.388789863934575,93.5199966430664,768180209.8818191,22.28187919463087,False,0.0,0,,,,0.0,0,,,,False,False,False,False,0,,none,0,0,False,-2,0.5,mixed,4,False
OSCR,28.885000228881836,-10.23927919529567,166.22119090625426,103.41549730187398,85.77911896856156,0.09030886608005659,True,0.9377680299629882,8.443826057465834,84.21555909885564,-10.23927919529567,False,True,False,False,26,43.333333333333336,True,0.4797180766906348,2.7721904580262287,True,1.009021260786716,True,-0.7388321297919886,True,1,0,0.5135023242572723,False,0.7410817381003467,False,6,3,True,False,False,35.0,33.89728045494243,14.952398164851314,0.6243316842076453,15.0,False,7,3,4,4,-12.734134258449325,33.099998474121094,155528857.79213792,89.12751677852349,True,0.0,0,,,,0.0,0,,,,False,False,False,False,0,,none,0,0,False,-2,0.5,mixed,4,False
OSK,152.375,-13.985690650411831,29.492812314647598,21.066573686950463,3.4301953536380445,0.0977176325362119,False,0.9795402092509935,9.929453573625922,-0.22383086292083743,6.779960237327098,False,False,False,False,26,43.333333333333336,True,0.43434533712580936,1.6222543026160612,False,3.0553930333542767,True,6.066404090026634,False,0,1,0.47224364967342003,False,1.5942370434511373,True,3,1,False,False,False,55.0,26.945697985276606,9.929453573625922,0.8424395397637083,54.0,False,2,3,2,4,-4.245576575948295,159.13102972298435,108917031.07952042,53.15436241610738,False,0.0,0,,,,0.0,0,,,,False,False,False,False,0,,none,0,0,False,-2,0.5,mixed,4,False
OTIS,71.58000183105469,-23.078725528938936,3.2304667024333433,-18.125300360751428,-35.761678694063846,0.17579136588158198,False,1.1051266893260001,6.342554902754534,-20.48267395437947,-2.132892496051264,False,False,False,True,23,38.333333333333336,False,0.36501748658417343,0.9006836864907299,False,-0.17223581545233077,True,-2.5459430835718444,True,2,0,0.5006428244671538,False,0.8745370647523273,False,7,2,True,False,False,45.0,8.89210864755797,9.290306448405023,0.3585182472511574,5.0,False,0,2,2,4,-5.704125440868624,75.91000366210938,269799029.8928429,18.053691275167786,False,0.0,0,,,,0.0,0,,,,False,False,False,False,0,,none,0,0,False,-2,0.5,mixed,4,False
OUST,34.64500045776367,-44.585732239127815,108.32833557501287,22.420499617519308,4.78412128420689,0.2353681114404911,False,0.8260680714160075,19.78351854810499,39.47262578480408,-30.487559486966077,False,True,False,False,22,36.666666666666664,False,0.5388423529420807,6.818577499940834,True,-1.5796357765311193,True,-6.465983797423924,False,0,0,0.3206871058714985,False,1.0067617363645438,False,4,3,True,False,False,,,,,,False,1,2,2,2,,,223380273.67991942,54.29530201342282,False,0.0,0,,,,0.0,0,,,,False,False,False,False,0,,none,0,0,False,-4,0.25,mixed,4,False
OUT,31.809999465942383,-5.915415043220262,99.47668113479327,86.66117421842856,69.02479588511613,0.04841346477734612,False,1.007127961809119,8.173525676744516,31.96722595690793,-3.1953777386066418,False,True,False,False,23,38.333333333333336,False,0.3724228158777143,1.2005835840732402,False,-0.3423908330483177,True,-4.215596679088263,True,1,2,0.3973937831098249,False,2.350635790976823,True,1,1,False,False,False,65.0,15.846681594559245,8.582205558221473,0.48688504845213876,52.0,False,4,3,3,6,-8.131169258586645,34.625453713979645,56621692.5399005,86.3758389261745,True,0.0,0,,,,0.0,0,,,,False,True,False,False,1,,power_play,6,6,True,0,0.75,mixed,4,False
OVV,63.82500076293945,0.0,80.69427262344789,63.70318187844375,46.066803545131336,0.6818578448124272,True,0.9822055485950908,11.899721606295634,57.27052328629758,20.51548690765046,False,False,False,False,27,45.0,True,0.4168448252906786,1.0653534312689374,False,4.293260904865616,False,10.442982785609534,False,0,2,0.5701989435169292,False,2.542191922248527,True,2,1,False,False,False,25.0,19.702715265936114,14.53191946778205,0.9402751738572844,0.0,True,8,3,4,3,-1.1767412437974634,64.58499908447266,168730735.80929184,80.40268456375838,True,0.0,0,,,,0.0,0,,,,False,False,False,False,0,,none,0,0,False,-2,0.5,mixed,4,False
OWL,9.28499984741211,-51.04825122190474,15.474882565489633,-51.0241487074809,-68.66052704079331,0.11223537024112624,False,0.7151099085194365,5.600435824547752,-35.984835235065695,2.710175736647469,False,True,False,True,20,33.33333333333333,False,0.39647357648179427,1.4931834240835733,False,-0.6998468540665361,True,-2.468493687517803,True,2,0,0.4206639688671497,False,0.9068363597289824,False,3,2,True,False,False,25.0,17.18983013477837,10.823910941915942,0.565217247081341,7.0,False,1,2,3,5,-7.473841668203063,10.03499984741211,147890979.44325876,3.3557046979865772,False,0.0,0,,,,0.0,0,,,,False,False,False,False,0,,none,0,0,False,-1,0.625,mixed,4,False
OXY,57.7599983215332,-12.399171701114897,49.80037581090062,32.09606084007912,14.4596825067667,0.1925094864327599,True,0.9960690067359507,8.639199832882442,32.20476627167037,18.09445614747709,False,True,False,False,24,40.0,True,0.47078272304876717,1.2079064403421345,True,1.6574121315146793,True,5.286178780381645,False,0,1,0.5813376588030752,False,1.177167858653281,False,2,2,True,False,False,45.0,21.635129137517147,10.457065600840924,0.7574815869656806,44.0,False,5,4,4,4,-5.246917184223221,60.95843702925508,487510510.33007926,62.61744966442953,False,0.0,0,,,,0.0,0,,,,False,False,False,False,0,,none,0,0,False,-2,0.5,mixed,4,False
OZK,50.314998626708984,-5.226975923720422,21.472125447573486,0.3719074708945058,-17.264470862417912,0.12358164826177269,False,0.9932501872510103,5.485438530983281,11.665502018225403,1.9185273039292516,False,False,False,True,29,48.333333333333336,True,0.4448464776225699,1.157799549883378,True,0.7417464061290803,True,-3.2589881744380933,True,2,0,0.518820652386904,False,1.0420812215724495,False,3,0,False,False,False,55.0,14.24621941567662,7.333794549186775,0.6218388444931414,6.0,False,2,2,2,4,-5.387366795836512,53.18000030517578,71620448.98244324,33.691275167785236,False,0.0,0,,,,0.0,0,,,,False,False,False,False,0,,none,0,0,False,-2,0.5,mixed,4,False
P,73.58999633789062,-25.440730888288808,35.00274922742055,29.195922613614165,11.559544280301747,0.0666178733409789,False,0.869964534971498,10.096471049769077,5.50537109375,1.2102836810596207,False,True,False,False,29,48.333333333333336,True,0.5189032887577677,3.13600561693341,True,-0.6245669712322804,True,6.06803005352563,False,0,1,0.5199396969264533,False,1.3609692129259796,True,3,0,False,False,False,25.0,20.37059435265876,17.964399889358738,0.46611156243380414,10.0,False,2,2,2,3,-10.875624791235762,82.56999969482422,185804334.8704506,60.0,False,0.0,0,,,,0.0,0,,,,False,False,False,False,0,,none,0,0,False,-3,0.375,mixed,4,False
PAAS,44.23500061035156,-35.23096346842107,64.6792320676262,52.02025356548398,34.38387523217156,0.1305359072299577,False,0.7201587522551209,10.851134103832894,-31.013447212104282,-4.439404330377661,True,True,False,False,19,31.666666666666664,False,0.30518548616908414,1.0756875744910812,False,-2.6432831331087554,True,5.901364916383978,False,0,0,0.5545298259693392,False,0.5674542367543141,False,4,1,False,False,False,25.0,21.16054599606208,12.478807237705611,0.31764182023086235,24.0,False,2,1,3,4,-14.439071648794034,51.70000076293945,171084903.6315155,75.1006711409396,False,0.0,0,,,,0.0,0,,,,False,False,False,False,0,,none,0,0,False,-2,0.5,mixed,4,False
PAG,216.94500732421875,0.0,55.64107585682348,31.312203253077755,13.675824919765336,0.166313432329424,True,1.2760976223727996,11.93850654409276,38.517354531139134,20.91461907158152,False,False,False,False,28,46.666666666666664,True,0.46659964529445364,1.2870688136871264,True,5.363401191896777,False,7.048753283319997,False,0,0,0.5463455662649722,False,0.6755399245520277,False,3,2,True,True,True,25.0,21.59386478131576,13.224550680039288,0.954660978136486,2.0,True,8,2,4,3,-0.9790447074378372,219.08999633789062,85399953.46572724,62.01342281879194,False,0.0,0,,,,0.0,0,,,,False,False,False,False,0,,none,0,0,False,-2,0.5,mixed,4,False
PANW,324.7099914550781,-9.470838049059893,129.20166277397183,61.41876394101533,43.782385607702906,0.1329310665986135,True,1.1468513766819124,13.686059440999458,80.21423279740412,-6.708615258087736,False,True,False,False,29,48.333333333333336,True,0.575537714521578,3.2196224510266394,True,1.5930156096823378,True,-9.470838049059893,False,0,0,0.4402037446466611,False,1.047063820536243,False,4,1,False,False,False,35.0,31.900758620016255,16.18366825039283,0.6252443805761376,5.0,False,6,1,3,4,-11.954988556735302,368.79998779296875,2388003663.707312,79.59731543624162,False,0.0,0,,,,0.0,0,,,,False,False,False,False,0,,none,0,0,False,-2,0.5,mixed,4,False
PARR,77.75669860839844,-3.287690133475496,187.03100099824246,147.63280112433952,129.9964227910271,0.15206519861604736,True,1.2223083925540739,9.619754298732127,120.83697992110585,32.94015451708341,True,False,False,False,26,43.333333333333336,True,0.5081642468620501,2.5305550428598296,True,4.438035428810761,False,1.9759981749487787,True,1,2,0.5669838392377076,False,2.959142064846416,True,2,0,False,False,False,,,,,,False,11,2,4,4,,,63097753.400764465,92.9530201342282,True,0.0,0,,,,0.0,0,,,,False,False,False,False,0,,none,0,0,False,-2,0.5,mixed,4,False
PATH,10.484999656677246,-45.645416490170184,11.780378771372657,-14.894481198062682,-32.5308595313751,0.11665478785311761,False,1.0439015262046858,22.794472308835136,-29.15540863816276,-10.461147544655125,False,False,False,False,21,35.0,False,0.4947313030726407,3.2684537901951507,True,-0.7885165806302352,True,-13.703703819987723,False,0,2,0.4572246243120414,False,1.918015860389793,True,2,1,False,False,False,25.0,21.354583780439405,22.794472308835136,0.2294775004056674,4.0,False,0,3,2,3,-16.454187272300757,12.550000190734863,980755087.323917,20.671140939597315,False,0.0,0,,,,0.0,0,,,,False,False,False,False,0,,none,0,0,False,-3,0.375,mixed,4,False
PATK,85.45999908447266,-40.8573826864088,3.337366672404851,-10.969636925136106,-28.606015258448522,0.06910467101338982,False,0.826859306613068,4.200791453721061,-32.802957592676876,0.5057042353862506,True,True,False,True,19,31.666666666666664,False,0.39628234741344553,1.6494147960948686,False,-0.9490037514102655,True,-2.9855799327428434,True,2,1,0.5221122234518996,False,1.486148770717147,True,5,2,True,False,False,25.0,15.490176887099242,10.905686630784885,0.27986562026203127,19.0,False,0,3,4,4,-11.155008924622633,96.19000244140625,83023681.51973724,22.818791946308725,False,0.0,0,,,,0.0,0,,,,False,False,False,False,0,,none,0,0,False,-2,0.5,mixed,4,False
PAYC,144.22999572753906,-39.03383117577529,27.320683687555025,-38.81605422567809,-56.45243255899051,0.07962499019010076,False,1.0500577359419203,9.79684534603746,-4.775357757675791,3.606054717021867,False,True,False,False,29,48.333333333333336,True,0.5541507160302699,2.1882139961647984,True,1.1789626243773181,True,-2.5077779185089466,True,1,1,0.5244079165652684,False,1.9213196604339713,True,3,1,False,False,False,25.0,21.01827518907901,11.37072341558212,0.7214285071168989,6.0,False,2,3,3,5,-5.855092297249587,153.1999969482422,110787123.9632988,7.718120805369128,False,0.0,0,,,,0.0,0,,,,False,False,False,False,0,,none,0,0,False,-1,0.625,mixed,4,False
PAYX,113.4749984741211,-20.77025165763856,34.31637642770009,-19.909760464764137,-37.546138798076555,0.1098528401489677,False,1.0210336815291152,5.296322729276,8.909023875800305,6.6995769649529135,False,True,False,True,25,41.66666666666667,True,0.5137361476356335,1.4344834166263967,True,3.592362380541248,True,-0.7998959003492567,True,2,1,0.5430108347550916,False,1.41745127692081,True,5,1,False,False,False,25.0,20.981994836483906,9.015204665780745,0.8281375724753736,5.0,False,2,3,3,5,-3.6060165669072997,117.72000122070312,334987694.77527773,16.644295302013422,False,0.0,0,,,,0.0,0,,,,False,False,False,False,0,,none,0,0,False,-1,0.625,mixed,4,False
PB,73.12000274658203,-2.154423307947284,21.231158480388324,11.96474366762681,-5.671634665685609,0.06476186100847285,False,1.0222111165351444,2.954042603363841,3.4935275409406996,3.131172317242914,False,True,False,True,30,50.0,True,0.45620282978386006,1.014712276300315,True,1.7267552811078257,True,-0.5034632302934217,True,2,1,0.6229337285786205,True,0.8133913696106586,False,5,2,True,False,False,55.0,12.858802127665871,4.909732225165211,0.8050624794074578,5.0,True,4,5,4,6,-2.506663004557297,75.0,105714940.81952667,44.22818791946309,False,0.0,0,,,,0.0,0,,,,False,True,False,False,1,,power_play,6,6,True,0,0.75,mixed,4,False
PBF,62.619998931884766,-5.193041576675239,198.81866608075688,177.68488134609223,160.0485030127798,0.2083489805051369,True,1.2876748776363978,12.663686426762288,90.18722637813543,30.976777103519048,False,False,False,False,30,50.0,True,0.5937362151993845,3.3506219086525673,True,4.7005566435026545,False,-0.2071730169167063,True,1,2,0.6409749419892496,True,2.1632878478731445,True,3,2,True,False,False,,,,,,False,9,3,4,5,,,166264695.04478055,94.56375838926175,True,0.0,0,,,,0.0,0,,,,False,False,False,False,0,,none,0,0,False,-1,0.625,mixed,4,False
PBR,19.09760093688965,-12.643637546375642,67.74227648943591,56.15149340297629,38.51511506966388,0.15112888071923278,True,0.9718204322943015,8.011471097091945,35.55643616151354,18.545004427984857,False,True,False,False,22,36.666666666666664,False,0.5218701008515176,0.997754684786926,True,2.4516809428883364,True,6.274911889936319,False,0,1,0.5832169931694979,False,1.3862613042717524,True,3,2,True,False,False,45.0,22.64237368249327,9.791800226973038,0.6974311987424673,44.0,False,4,4,4,4,-6.850875862737094,20.50217982591845,248270543.44671696,77.31543624161074,False,0.0,0,,,,0.0,0,,,,False,False,False,False,0,,none,0,0,False,-2,0.5,mixed,4,False
PBR-A,16.915000915527344,-14.268509521803818,58.54768038391845,48.151108138993216,30.514729805680798,0.2602840771604304,True,0.9090476570822246,7.09428785480742,28.909271141153937,16.494492990756715,False,True,False,True,20,33.33333333333333,False,0.45149824124227805,0.7586788793701249,True,2.3550437332245755,True,5.718755722045898,False,1,1,0.5670776806431066,False,1.1597420721340959,False,2,2,True,False,False,45.0,21.010830474751277,8.631386375701766,0.6535341228753218,44.0,False,3,4,4,4,-7.279535809552618,18.24300715404532,95812130.52755108,72.75167785234899,False,0.0,0,,,,0.0,0,,,,False,False,False,False,0,,none,0,0,False,-2,0.5,mixed,4,False
PCAR,132.22999572753906,0.0,45.30327767286049,33.66509661763097,16.028718284318554,0.13899632159747766,False,0.9598177909178619,6.9575776109025975,9.004986141709725,10.652716089990854,True,False,False,True,23,38.333333333333336,False,0.4632222129467003,1.2423509317555228,True,4.456608284758764,False,4.778129100724082,True,2,0,0.483123199297934,False,1.0754985676399624,False,6,1,False,False,False,45.0,20.016486441350825,8.386904882108743,0.9528439615161133,1.0,True,5,1,3,3,-0.9438982049405409,133.49000549316406,389191727.1667496,64.16107382550335,False,0.0,0,,,,0.0,0,,,,False,False,False,False,0,,none,0,0,False,-3,0.375,mixed,4,False
PCG,17.915000915527344,-5.7108811816682366,30.721361149314518,30.721361149314518,13.0849828160021,0.4567800037405242,True,0.9880780193867128,4.632988452636218,20.526099165053836,5.07332385438819,False,False,False,True,29,48.333333333333336,True,0.4944024106963757,1.1207158027790571,True,2.6612005641802274,True,3.435341981448947,True,2,0,0.5505078647752659,False,0.8830173493018153,False,3,1,False,False,False,55.0,15.871433704476063,5.135361592399139,0.9321578961498896,2.0,True,5,2,3,5,-1.07675145362921,18.110000610351562,273929520.92862684,61.2751677852349,False,0.0,0,,,,0.0,0,,,,False,False,False,False,0,,none,0,0,False,-1,0.625,mixed,4,False
PCOR,42.290000915527344,-46.87185712789137,10.417759159133144,-43.08975601542512,-60.72613434873753,0.05932006885215195,False,0.9598633754628416,13.844879204262647,-35.57281945649048,-3.8207874881403425,False,True,False,False,22,36.666666666666664,False,0.4607148305564954,2.467793892780621,True,-1.0695461533718047,True,-7.965179078656403,False,0,1,0.4608251089404143,False,1.7206260360618997,True,3,3,True,False,False,25.0,18.895288389164534,13.844879204262647,0.48081284907060895,3.0,False,0,3,2,3,-9.810190944759533,46.88999938964844,127274398.42024879,6.10738255033557,False,0.0,0,,,,0.0,0,,,,False,False,False,False,0,,none,0,0,False,-3,0.375,mixed,4,False
PCTY,123.93499755859375,-34.894412081728944,30.320714560599416,-34.12618371390687,-51.76256204721929,0.08614248841275568,False,1.0569943571507374,7.466809501460441,-15.031539119712445,7.675933276801139,False,True,False,True,25,41.66666666666667,True,0.49886041373885803,2.0650855808451376,True,2.1508812764545486,True,-1.6388908265128954,True,2,1,0.5446313909839441,False,2.3237596096632154,True,3,1,False,False,False,25.0,24.17553585226913,8.859485676547893,0.8173608760003145,5.0,False,2,3,3,5,-4.415398690281425,129.66000366210938,81326404.4849228,9.798657718120806,False,0.0,0,,,,0.0,0,,,,False,False,False,False,0,,none,0,0,False,-1,0.625,mixed,4,False
PCVX,54.54999923706055,-13.467642060861118,83.85574350114508,50.52427348388686,32.88789515057444,0.09364299646030484,False,1.0603061649597305,7.4060512777837415,3.4515450609219345,-6.576468903455169,False,True,False,True,24,40.0,True,0.5432485452626797,2.3141596259071853,True,0.7990261594942102,True,-2.935945735728507,True,2,1,0.42604177255078957,False,2.2051727268414845,True,4,3,True,False,False,25.0,18.666016988587714,7.4060512777837415,0.3738072866349933,13.0,False,2,3,2,4,-11.688523825801056,61.77000045776367,89745110.63064575,74.16107382550335,False,0.0,0,,,,0.0,0,,,,False,False,False,False,0,,none,0,0,False,-2,0.5,mixed,4,False
PDD,82.61499786376953,-40.190404008268224,12.708041506402544,-30.111666945591466,-47.74804527890389,0.1423161571593655,False,0.7298054392222743,5.773775217335935,-22.339725515348118,0.2730895445902437,False,True,False,True,20,33.33333333333333,False,0.4377696950762874,1.517214727788798,False,-1.175161724077916,True,-1.8124572580713871,True,2,1,0.3690338894492285,False,1.5202492549353361,True,4,2,True,False,False,25.0,18.026434947285804,6.8994791805670825,0.6747784847211967,6.0,False,0,4,4,4,-5.862584488631062,87.76000213623047,570821907.8833565,11.208053691275168,False,0.0,0,,,,0.0,0,,,,False,False,False,False,0,,none,0,0,False,-2,0.5,mixed,4,False
PEG,80.91999816894531,-7.261106554176989,6.781093013707928,-3.836609167863836,-21.472987501176256,0.10996427328067276,False,1.029902989654594,5.177956668583129,5.1091425619373965,-0.8576385127186614,False,True,False,True,27,45.0,True,0.4724636801866718,0.8276314015901695,True,1.038349862496833,True,2.8992863644363043,True,2,0,0.4728470531343255,False,0.6617741557154502,False,4,1,False,False,False,55.0,9.922858224585866,6.018293199184715,0.6652794497784024,19.0,False,3,2,3,6,-3.3213845647042883,83.69999694824219,228130971.5149517,29.53020134228188,False,0.0,0,,,,0.0,0,,,,False,True,False,False,1,,power_play,6,6,True,0,0.75,mixed,4,False
PEGA,26.059999465942383,-60.807876182796264,0.2693331875362581,-55.008153096843145,-72.64453143015557,0.16983090215219562,False,1.0905921762979303,26.89946420775316,-48.18477210954397,-16.070853119900296,False,False,False,False,20,33.33333333333333,False,0.3429500486322821,1.8116091035728958,False,-3.4004145505013716,True,-18.967662967699262,False,0,1,0.4891407752465321,False,3.375914104253345,True,7,0,False,False,False,25.0,24.397590949791805,31.082120289586175,0.11851839990882403,5.0,False,0,2,1,1,-21.50602750879248,33.20000076293945,96082824.50504875,2.8187919463087248,False,0.0,0,,,,0.0,0,,,,False,False,False,False,0,,none,0,0,False,-5,0.125,mixed,4,False
PEN,318.2900085449219,-11.438504743938072,41.123533750008214,38.27874649090266,20.642368157590244,0.10934165201262255,False,0.8028803033662257,1.0022314102756475,-11.403997134952826,-0.08789238561680568,False,False,False,True,20,33.33333333333333,False,0.515822049221927,0.3199171492071088,True,-0.6557260895111295,True,-0.00942409481233808,True,2,1,0.5142484230555747,False,0.6885478026076991,False,2,3,True,False,False,65.0,6.085925916214684,1.3352602613663809,0.17107924388302806,63.0,False,3,3,1,6,-5.044750312140556,335.20001220703125,122597329.49382782,67.91946308724832,False,0.0,0,,,,0.0,0,,,,False,True,False,False,1,,power_play,6,6,True,0,0.75,mixed,4,False
PENG,54.0099983215332,-33.640497940091585,232.5738859774287,116.90762710429775,99.27124877098532,0.30281721392917593,False,1.1340568307647438,17.47824983294366,170.04999160766602,-12.136005776842884,False,True,False,False,25,41.66666666666667,True,0.4344157782163657,5.443610163118099,False,-0.9660168950961779,True,-10.594275024076294,False,0,0,0.38813930067092894,False,0.5533639055489576,False,7,3,True,True,False,,,,,,False,6,2,2,3,,,350144619.437673,90.73825503355705,True,0.0,0,,,,0.0,0,,,,False,False,False,False,0,,none,0,0,False,-3,0.375,mixed,4,False
PENN,20.65999984741211,-6.346326620232611,75.6802673921079,13.454150939680854,-4.182227393631564,0.11804654349945971,False,0.9514282637629232,6.921589137160156,44.77925146927324,-6.1762060948189585,False,True,False,True,23,38.333333333333336,False,0.4519873902592849,1.7256431121672393,True,0.9377512074375642,True,0.437531132343838,True,2,1,0.43562256754470735,False,1.2119206924893746,True,5,1,False,False,False,45.0,28.935599688818982,9.293320863864606,0.7372487337283933,26.0,False,2,3,3,5,-7.6028654585655,22.360000610351562,76690765.4573575,45.83892617449665,False,0.0,0,,,,0.0,0,,,,False,False,False,False,0,,none,0,0,False,-1,0.625,mixed,4,False
PEP,135.84500122070312,-18.763174682199356,2.3951838917732893,-2.2742782787516402,-19.91065661206406,0.16493677296308082,False,1.071193374605416,2.8414741622184096,-4.204824999456614,-5.807100214334038,True,True,False,True,23,38.333333333333336,False,0.4917050836420599,1.2661393627763746,True,-1.7310636245791473,True,-0.929838055634935,True,2,0,0.49667488176194413,False,1.1962441442175047,False,7,3,True,False,False,25.0,10.27240891590824,6.058383387223121,0.13814538409099064,13.0,False,0,2,3,4,-8.853323040680383,149.0399932861328,1271812902.5455384,31.140939597315437,False,0.0,0,,,,0.0,0,,,,False,False,False,False,0,,none,0,0,False,-2,0.5,mixed,4,False
PFE,24.545000076293945,-12.60889891000243,10.840675684032842,3.5906668453732804,-14.045711487939137,0.19238099876135079,False,0.9079908654318721,2.7296804816107736,-2.728425307202953,0.9251660538367901,False,True,False,True,21,35.0,False,0.5059191387622375,1.0048824206906073,True,-1.3038441664283724,True,-2.015964775038692,True,2,1,0.43790292525501295,False,1.2903539647743572,True,3,2,True,False,False,25.0,7.950113095516839,6.151966690520505,0.45343121901141326,24.0,False,1,3,2,5,-4.3452836233380365,25.65999984741211,1012051294.9030796,37.04697986577181,False,0.0,0,,,,0.0,0,,,,False,False,False,False,0,,none,0,0,False,-1,0.625,mixed,4,False
PFG,108.46499633789062,-4.81351536397402,48.88249563617217,39.986240376313,22.34986204300058,0.16838135996816347,True,1.0677706492563375,7.255799578018114,20.944750222165954,-2.1692129062074406,False,False,False,True,30,50.0,True,0.47828525004890576,0.985328476212117,True,0.41664392928310456,True,-4.81351536397402,True,2,1,0.5575074320876596,False,1.711727910211884,True,4,0,False,False,False,65.0,18.137762490198465,7.9472668949611736,0.6912228486240746,8.0,False,5,3,3,4,-5.600526634056591,114.9000015258789,158360417.28096312,69.19463087248322,False,0.0,0,,,,0.0,0,,,,False,False,False,False,0,,none,0,0,False,-2,0.5,mixed,4,False
PFGC,110.83999633789062,-4.034635205289505,36.78884117941044,13.113581747379754,-4.522796585932664,0.04244593042967893,False,1.0269560622411196,3.920066189336193,18.053037659419722,-1.9895658969494079,False,False,False,True,25,41.66666666666667,True,0.4266311581133554,1.1463458123259949,False,2.3088867515440947,True,-0.8231977279477887,True,2,1,0.39640903399302685,False,2.3217419078366177,True,4,2,True,False,False,35.0,19.52413338347073,5.886865519182931,0.7545093321643653,13.0,False,3,4,3,5,-4.792992543220242,116.41999816894531,188297248.01656342,45.50335570469798,False,0.0,0,,,,0.0,0,,,,False,False,False,False,0,,none,0,0,False,-1,0.625,mixed,4,False
PG,147.57009887695312,-11.07576838102916,8.473604073724083,-5.05381343602137,-22.690191769333786,0.14695197829848075,False,1.019418669650686,3.4288875970747643,-0.9781414084572781,-2.536097148326799,False,True,False,True,20,33.33333333333333,False,0.39928361543020685,0.8537328006841313,False,0.21301313873662256,True,-1.6068121877826136,True,2,0,0.5544872573061692,False,0.7046823362325556,False,4,1,False,False,False,45.0,10.018147991262385,6.5460440398322675,0.5633955034954061,5.0,False,1,1,2,5,-4.373968459633626,154.32000732421875,1257371132.4378784,28.053691275167786,False,0.0,0,,,,0.0,0,,,,False,False,False,False,0,,none,0,0,False,-1,0.625,mixed,4,False
PGR,213.1999969482422,-10.142564517520025,12.024519513506293,-8.217414555425195,-25.853792888737615,0.16180402272484642,False,1.178430588833848,4.859287410246363,3.579593442529627,-8.190510796864658,False,True,False,True,27,45.0,True,0.4473662497750395,1.190164685589196,True,0.6176163446998603,True,2.5246453844895766,True,2,0,0.5067157401741811,False,0.7602208031922839,False,3,1,False,False,False,35.0,18.893066826006066,14.971856766346212,0.4211321341718107,13.0,False,2,1,2,5,-10.936589272519493,239.3800048828125,721101647.4987015,25.100671140939596,False,0.0,0,,,,0.0,0,,,,False,False,False,False,0,,none,0,0,False,-1,0.625,mixed,4,False
PGY,16.040000915527344,-63.38735354318841,50.75188343949084,-50.18633374074773,-67.82271207406015,0.11259946406182136,False,0.9000122235764944,10.536156383553044,-26.455748242567523,-9.836986565147265,False,True,False,False,25,41.66666666666667,True,0.4381543334290155,2.7574557613001343,False,0.36512975232363587,True,-6.47229578829609,False,0,1,0.45623190266773345,False,1.710343283051988,True,7,2,True,False,False,25.0,23.68148856034628,19.077308260341184,0.27947613711088315,16.0,False,1,3,2,3,-17.06307761646513,19.34000015258789,60865961.00307522,3.6241610738255035,False,0.0,0,,,,0.0,0,,,,False,False,False,False,0,,none,0,0,False,-3,0.375,mixed,4,False
PH,990.6199951171875,-2.9482233235426425,43.33470895455231,36.95201912936674,19.31564079605432,0.16565435024850983,False,1.0184265895449933,5.266280056866416,7.189684842744315,2.879869979633609,False,True,False,True,27,45.0,True,0.3860555991163036,0.8624973615590275,False,3.107804181037969,True,3.9246306986063573,True,2,0,0.5502969374191624,False,0.8082437713324649,False,4,1,False,False,False,45.0,18.806719771471585,6.0597210726247015,0.9302363326393943,20.0,True,5,3,4,6,-1.3120257422810755,1003.7899780273438,527141968.7393249,66.44295302013423,False,0.0,0,,,,0.0,0,,,,False,True,False,False,1,,power_play,6,6,True,0,0.75,mixed,4,False
PHM,126.41999816894531,-10.9439272267294,15.055981578957777,9.823060247082172,-7.813318086230247,0.14346300142471846,False,1.0263951035243808,5.766493451285392,1.4368233526539376,-5.423804966943091,False,False,False,True,26,43.333333333333336,True,0.39497756696691333,1.2383784220588838,False,0.8188065380297708,True,0.2696671422532271,True,2,0,0.5259347615105754,False,1.0248621353088203,False,5,1,False,False,False,35.0,17.150530712521395,7.7440286800543765,0.43103733536229993,20.0,False,2,1,1,4,-9.75801165414688,140.08999633789062,230232330.01761016,42.013422818791945,False,0.0,0,,,,0.0,0,,,,False,False,False,False,0,,none,0,0,False,-2,0.5,mixed,4,False
PHYS,30.68000030517578,-25.042755738029744,22.621901454265636,18.684718964911063,1.048340631598645,0.3227801206178499,False,0.8657843908754522,4.335071416155367,-19.4116087441239,-1.2870000627804856,True,True,False,True,24,40.0,True,0.39629549646387136,0.5043578595059293,False,-2.540866655261319,True,1.2207220249183637,True,2,1,0.45853290396554697,False,1.2153195887123613,True,7,1,False,False,False,25.0,7.718530667459721,5.247720320524091,0.3654620996479445,24.0,False,2,2,3,5,-4.897700243532843,32.2599983215332,96727056.56759977,50.53691275167785,False,0.0,0,,,,0.0,0,,,,False,False,False,False,0,,none,0,0,False,-1,0.625,mixed,4,False
PII,72.16999816894531,-2.722744582811265,52.265708036075175,51.866697180859454,34.23031884754704,0.08528199586027513,False,0.9331554689192305,4.711101028324432,6.668475397038298,14.33776836217433,False,True,False,True,26,43.333333333333336,True,0.42229732426582123,1.7171643738734148,False,1.4809704606827734,True,-1.40710221617244,True,2,0,0.5368312326888413,False,1.169264262821984,False,6,2,True,False,False,25.0,17.94051026269052,12.512122777332252,0.7918213462505499,2.0,False,5,2,2,5,-3.734831274065109,74.97000122070312,54812058.48033981,74.8993288590604,False,0.0,0,,,,0.0,0,,,,False,False,False,False,0,,none,0,0,False,-1,0.625,mixed,4,False
PINS,22.0049991607666,-43.82180191621106,42.70427400708095,-41.58481489147707,-59.22119322478949,0.07658806093883971,False,0.8040574066997892,8.702572090716815,-15.071403742349077,-0.29451986840245414,False,True,False,False,26,43.333333333333336,True,0.5643090937161287,2.2206655887174986,True,1.106439924729666,True,-5.150868805495001,False,0,2,0.507071732288645,False,1.6774403095027897,True,1,1,False,False,False,25.0,21.718226079659395,10.770283706526772,0.6313761255009773,6.0,False,1,4,4,5,-8.00585664472977,23.920000076293945,240309960.57266903,6.442953020134229,False,0.0,0,,,,0.0,0,,,,False,False,False,False,0,,none,0,0,False,-1,0.625,mixed,4,False
PJT,165.33999633789062,-13.339882327640428,28.325502268788185,-10.562910157494532,-28.19928849080695,0.04167892835986318,False,1.1119382344770228,5.080436725859153,-8.658773602146663,1.4418005801129397,False,True,False,True,24,40.0,True,0.5154211510537228,2.312745594279,True,1.1283390327438811,True,-0.7682143901136418,True,2,2,0.6102231784619679,True,1.707247744168306,True,3,1,False,False,False,25.0,18.292090309205637,9.807062233601046,0.7170400393059082,13.0,False,2,4,4,6,-5.175929154905601,174.36500549316406,79135431.25655517,23.221476510067113,False,0.0,0,,,,0.0,0,,,,False,True,False,False,1,,power_play,6,6,True,0,0.75,mixed,4,False
PK,14.635000228881836,-2.822046340591533,58.66899650008013,43.390585875355804,25.754207542043385,0.06349428629755222,True,0.9517793228495315,4.612232184340974,34.14206572475295,1.4909857936918014,True,True,False,True,30,50.0,True,0.3488126352009636,0.9896540531456416,False,2.962344434208163,True,-1.6465045945887602,True,2,1,0.48369259840485473,False,1.4854219638413155,True,4,2,True,False,False,35.0,12.057257218206445,7.618720558116136,0.7101423870270441,2.0,False,7,3,4,6,-3.494887796270263,15.164999961853027,75277728.5351594,71.00671140939598,False,0.0,0,,,,0.0,0,,,,False,True,False,False,1,,power_play,6,6,True,0,0.75,mixed,4,False
PKG,236.99000549316406,-2.578358506200118,26.86994663520985,17.924427090328866,0.2880487570164476,0.2798853082341208,False,1.1200541033296207,6.991852686339402,6.46402092185554,-0.5079729095634922,False,False,False,True,26,43.333333333333336,True,0.3555850725373603,0.981570082259787,False,1.5849299019622196,True,1.6818973037111107,True,2,2,0.48281124348763543,False,1.5861653208407815,True,2,1,False,False,False,65.0,17.6413813114565,6.991852686339402,0.8484523977734806,20.0,True,4,5,4,6,-2.6735090377149606,243.5,146032993.1108513,49.73154362416107,False,0.0,0,,,,0.0,0,,,,False,True,False,False,1,,power_play,6,6,True,0,0.75,mixed,4,False
PL,20.700000762939453,-59.72762617036616,234.95147795989922,202.63158335029684,184.99520501698441,0.18458377288615124,False,0.5664383771532788,13.86473784277219,-23.162582210158234,-34.03441263051404,False,True,True,False,20,33.33333333333333,False,0.40958138051387877,3.2365737589646395,False,-6.8951013895277375,True,-7.877163348924022,False,1,0,0.38409132447397143,False,1.084107764852297,False,6,3,True,False,False,,,,,,False,3,2,2,2,,,284753769.96448594,95.43624161073826,True,0.0,0,,,,0.0,0,,,,False,False,False,False,0,,none,0,0,False,-4,0.25,mixed,4,False
PLD,146.93499755859375,-2.0825003670813635,45.748566509075,38.256568852210115,20.620190518897697,0.4644648232775528,True,1.1259619961967358,5.240410437391973,17.335499332507688,5.3826330610688755,False,False,False,True,29,48.333333333333336,True,0.43751893519008805,1.0706644427843424,False,1.069983169003709,True,-1.9059989688933188,True,2,2,0.6258119321321046,True,1.288545007223074,True,4,1,False,False,False,25.0,11.900879865424152,8.643286091162063,0.6484926824700342,5.0,False,6,4,4,6,-4.183246357741622,153.35000610351562,591542868.456047,67.85234899328859,False,0.0,0,,,,0.0,0,,,,False,True,False,False,1,,power_play,6,6,True,0,0.75,mixed,4,False
PLNT,54.88999938964844,-51.31707371206347,24.721657539332085,-51.16982688245344,-68.80620521576586,0.09737961733313659,False,0.8632942945061205,5.973764556520762,-41.89689988315648,2.694104033965572,False,False,False,True,28,46.666666666666664,True,0.35940384748947773,1.2132864516548496,False,1.6382387940759742,True,4.83193038541847,True,2,1,0.5770038998199553,False,1.607248681267671,True,4,2,True,False,False,45.0,12.52046303132266,11.406445330362933,0.8143831884387986,3.0,True,2,5,4,5,-2.3240084271440087,56.19599914550781,81436254.26910324,3.2214765100671143,False,0.0,0,,,,0.0,0,,,,False,False,False,False,0,,none,0,0,False,-1,0.625,mixed,4,False
PLTR,123.09100341796875,-40.58740816223722,14.748771576404218,-20.514656507278374,-38.151034840590796,0.14945848058882547,False,0.9805314227933909,12.909141463651677,-27.422760030539173,-4.802010430969328,False,True,False,False,21,35.0,False,0.4664117781092448,2.400641842205956,True,-1.3185820096295708,True,-7.0169218327697624,False,0,2,0.5224054034024378,False,2.830902704134317,True,2,2,True,False,False,25.0,23.419721079430296,13.120375232493506,0.514017990178178,13.0,False,0,4,3,4,-11.38156311964803,138.89999389648438,4876231672.257698,16.10738255033557,False,0.0,0,,,,0.0,0,,,,False,False,False,False,0,,none,0,0,False,-2,0.5,mixed,4,False
PLXS,257.0899963378906,-15.380820834639975,117.33873898731511,117.33873898731511,99.70236065400269,0.08932959757071078,False,0.9304941273132277,4.947678300635363,47.73588669459406,-6.550103585169465,False,True,False,True,24,40.0,True,0.42763504602429653,1.9523538367048603,False,-1.471747068759176,True,2.5775012285933707,True,2,0,0.40144021346910586,False,0.6074710381765601,False,5,2,True,False,False,25.0,22.454893993505298,11.84799375617631,0.2752718864046728,23.0,False,4,2,2,4,-16.273692964896135,307.05999755859375,82566999.70877533,90.80536912751678,True,0.0,0,,,,0.0,0,,,,False,False,False,False,0,,none,0,0,False,-2,0.5,mixed,4,False
PM,194.69500732421875,0.0,38.47991018011187,25.24593176280692,7.6095534294945,0.1735085516092235,True,1.1329932851488052,6.404890085310338,14.473220403213505,6.816811741105067,False,False,False,True,33,55.00000000000001,True,0.42385895031696336,1.2491291666115951,False,2.153486430835889,True,0.8886991577619519,True,2,0,0.4786945185145113,False,0.9401134213026339,False,4,1,False,False,False,55.0,16.296111762039484,12.33724716549165,0.843809639663346,2.0,True,6,2,3,5,-2.545295568199335,199.77999877929688,960326173.511615,57.38255033557047,False,0.0,0,,,,0.0,0,,,,False,False,False,False,0,,none,0,0,False,-1,0.625,mixed,4,False
PNC,250.8699951171875,-0.9129786454146527,43.95270937892886,32.105598560877205,14.469220227564787,0.07646317387316977,True,1.0042728288251923,2.5311939359465376,16.145953097030485,1.3547906166552437,False,True,False,True,24,40.0,True,0.43711578913978133,0.8732770382841587,False,3.549822436674833,True,0.003984097429499123,True,2,1,0.6814290370186649,True,0.7150342489704739,False,3,0,False,False,False,55.0,18.24242703884204,3.31790504169064,0.9226348474665614,5.0,True,7,4,5,6,-1.4113281504401387,254.46127877653063,519441104.80642396,62.68456375838927,False,0.0,0,,,,0.0,0,,,,False,True,False,False,1,,power_play,6,6,True,0,0.75,mixed,4,False
PNFP,98.80000305175781,-4.337718610079133,20.952299738788007,-3.655311979191189,-21.291690312503608,0.15545934978530646,False,1.0283478950344405,6.811736355932557,2.8202715918247856,-0.7035145208464155,False,False,False,True,22,36.666666666666664,False,0.48663930091608193,1.394399007740733,True,0.43283803463979464,True,-2.226620417663472,True,2,0,0.47553937525465156,False,1.0612826927767285,False,4,2,True,False,False,35.0,11.644037131923787,9.585021182380054,0.5839539182197327,6.0,False,2,2,2,5,-4.844456024840838,103.83000183105469,122885994.74072266,29.798657718120808,False,0.0,0,,,,0.0,0,,,,False,False,False,False,0,,none,0,0,False,-1,0.625,mixed,4,False
PNR,62.82500076293945,-43.762799111470365,2.1877053199701457,-38.43708318247129,-56.073461515783706,0.11160385216969203,False,1.4530462667672202,4.584164000224176,-41.40703475753319,-18.11131417710935,False,False,False,True,19,31.666666666666664,False,0.43164831758109656,1.7687974297119662,False,-2.7201111051630336,True,0.6004803769714906,True,2,0,0.49103166406583093,False,1.076965336995873,False,4,0,False,False,False,25.0,26.11595799057247,32.407481676246874,0.2566307530541934,9.0,False,0,1,1,2,-19.413800024720175,77.95999908447266,214138024.71660042,7.986577181208054,False,0.0,0,,,,0.0,0,,,,False,False,False,False,0,,none,0,0,False,-4,0.25,mixed,4,False
PNW,106.91000366210938,-2.2492447862259346,28.157268740597118,20.995410295254736,3.3590319619423177,0.08583667830252692,False,1.0392345431091399,3.704049152395777,18.170048093914648,-2.2492447862259346,False,False,False,True,26,43.333333333333336,True,0.5645532964084361,1.0679112691181483,True,1.3688365096182415,True,-0.7611618576742973,True,2,0,0.4282048253815338,False,0.6167597773197033,False,3,2,True,False,False,45.0,12.423537903044922,6.033116038441129,0.6922521069219741,5.0,False,3,3,3,5,-3.823317614237065,111.16000366210938,123770734.85921021,53.08724832214765,False,0.0,0,,,,0.0,0,,,,False,False,False,False,0,,none,0,0,False,-1,0.625,mixed,4,False
PODD,160.83999633789062,-54.41301711949429,15.737205817862087,-43.8760541998517,-61.512432533164116,0.13299548016683246,False,0.8735720609803622,6.720963569213372,-40.78056232569109,-2.2130347058605837,False,True,False,True,23,38.333333333333336,False,0.43673695607322777,1.5743367488573925,False,1.266980487886223,True,-1.962697347690201,True,2,1,0.5211969643352905,False,2.1849860535779992,True,3,3,True,False,False,25.0,18.28673046879562,9.953997842670535,0.7099160963455068,6.0,False,1,4,3,5,-5.304686159465799,169.85000610351562,215332129.1869896,5.838926174496644,False,0.0,0,,,,0.0,0,,,,False,False,False,False,0,,none,0,0,False,-1,0.625,mixed,4,False
POET,7.068999767303467,-65.6344196782747,69.52037501126343,13.285256836423764,-4.351121496888654,0.24856472172877583,False,0.4430947533466184,20.370627072924655,2.3010119160987497,-19.303657732828803,False,True,True,False,23,38.333333333333336,False,0.47849162595075656,4.088954060302136,True,-6.289180149571815,True,-4.343709133715912,True,2,0,0.3733564689167085,False,0.7051728708381946,False,7,5,True,False,False,,,,,,False,0,2,2,3,,,116497714.76072893,45.77181208053691,False,0.0,0,,,,0.0,0,,,,False,False,False,False,0,,none,0,0,False,-3,0.375,mixed,4,False
POOL,178.52000427246094,-45.5010596083376,2.5564499396073748,-44.07392298383388,-61.7103013171463,0.2890889504462912,False,1.20553475019273,14.49696896966508,-31.731308087825628,-18.65858510068632,False,False,False,False,20,33.33333333333333,False,0.45880056291052507,2.069949363128581,True,-1.7301339812902443,True,-11.259131134187616,False,0,0,0.4025887325015529,False,0.961261606649139,False,4,0,False,False,False,25.0,19.229028675435373,20.26663220361713,0.0,15.0,False,0,1,1,1,-19.229028675435377,221.02000427246094,164961576.8478485,5.704697986577181,False,0.0,0,,,,0.0,0,,,,False,False,False,False,0,,none,0,0,False,-5,0.125,mixed,4,False
POR,52.5099983215332,-2.118242878813592,38.12958642649058,38.12958642649058,20.493208093178165,0.0924235997848682,True,0.9900449333306003,2.761373061494796,8.704274718663774,-0.3983362942098223,False,True,False,True,26,43.333333333333336,True,0.3844080238693968,0.7084422843045295,False,1.9773297393166498,True,0.15258061394580746,True,2,0,0.42433865932121695,False,0.8526976154238572,False,3,0,False,False,False,55.0,13.883131567004769,4.494383328486563,0.7908891890803056,5.0,True,6,3,5,6,-2.903112900081173,54.08000183105469,57439606.873141095,67.6510067114094,False,0.0,0,,,,0.0,0,,,,False,True,False,False,1,,power_play,6,6,True,0,0.75,mixed,4,False
POST,91.91000366210938,-19.806296856604266,8.512404927562178,-14.700692656975056,-32.33707099028747,0.12372257846776916,False,0.9658708402788526,7.692307053773824,-6.490993177323379,-0.9376968405194974,False,False,False,True,20,33.33333333333333,False,0.4666368868334255,1.5583412935755243,True,0.1608061175300675,True,5.813956960939715,False,1,0,0.5532665099829108,False,1.1242429221911416,False,3,1,False,False,False,25.0,10.364352310926494,8.2036781798495,0.8268048242957752,14.0,True,1,3,3,4,-1.7950558195514055,93.58999633789062,74810882.97108002,20.80536912751678,False,0.0,0,,,,0.0,0,,,,False,False,False,False,0,,none,0,0,False,-2,0.5,mixed,4,False
POWI,66.51000213623047,-23.858038582639274,117.95389680515842,29.145635215981503,11.509256882669085,0.05693514131677831,False,0.7638579100228922,12.900008362394278,50.53218805267177,-8.877922889699896,False,True,False,False,26,43.333333333333336,True,0.43495077461162496,2.4203688874558282,False,-2.5170959956957786,True,-5.592611756827093,False,0,0,0.4531203379943015,False,0.6090959468884094,False,5,2,True,False,False,25.0,28.482124516102854,12.900008362394278,0.05005787411058949,23.0,False,3,2,2,3,-27.056369912673638,91.18000030517578,59366296.27854691,59.93288590604027,False,0.0,0,,,,0.0,0,,,,False,False,False,False,0,,none,0,0,False,-3,0.375,mixed,4,False
POWL,228.6199951171875,-28.986588023872283,202.08367986731807,186.36067304555272,168.7242947122403,0.06341468858459719,False,0.723396321778641,8.770012894751595,64.23639946296767,-7.189545155775868,True,True,False,False,24,40.0,True,0.36823865741901873,2.1896773715072317,False,-3.292196000619631,True,-1.7913133249760294,True,1,0,0.425672031705233,False,0.5321756254372753,False,8,2,True,False,False,25.0,29.67286048655605,11.110143337311218,0.06049332967355989,20.0,False,6,2,4,4,-27.877850354785274,316.989990234375,215414352.35780638,94.76510067114094,True,0.0,0,,,,0.0,0,,,,False,False,False,False,0,,none,0,0,False,-2,0.5,mixed,4,False
PPG,115.0,-11.511851778970305,23.556822787084553,2.6464351234553707,-14.989943209857048,0.3425194336790699,False,1.054266757251418,4.713041886039402,3.673522165624199,-8.242241825687968,False,True,False,True,23,38.333333333333336,False,0.45227470110458273,1.2594819301687847,True,0.007220765273445052,True,-2.0109071217433216,True,2,0,0.40712727640297536,False,0.6652500228276489,False,4,1,False,False,False,45.0,19.936354945905347,7.1826039189877715,0.5730248208035891,20.0,False,1,1,2,5,-8.512328725551189,125.69999694824219,204895360.59962615,36.241610738255034,False,0.0,0,,,,0.0,0,,,,False,False,False,False,0,,none,0,0,False,-1,0.625,mixed,4,False
PPL,36.65999984741211,-7.172571791980453,11.941017041705958,3.4000592413045982,-14.23631909200782,0.052471896951796666,False,0.9287032500976095,4.268954264110452,2.821267277440165,-0.6234739659574662,False,True,False,True,22,36.666666666666664,False,0.5397972238568067,1.0150177522104409,True,1.4573754171325293,True,2.25941815276709,True,2,1,0.598456488128445,False,0.4592273697726153,False,2,2,True,False,False,45.0,8.417965717364,4.773595218995985,0.7774208467148146,19.0,True,2,5,4,6,-1.8736636817546004,37.36000061035156,265472658.6260702,36.97986577181208,False,0.0,0,,,,0.0,0,,,,False,True,False,False,1,,power_play,6,6,True,0,0.75,mixed,4,False
PR,21.690000534057617,-2.863292284718566,84.43032613436834,65.58838240615418,47.95200407284176,0.09178861721749179,True,0.9628575470837324,8.575382962443875,49.24711414480982,19.175822114385998,True,True,False,False,29,48.333333333333336,True,0.4377969603190502,1.1514090284238294,False,3.8833584010651228,True,7.323114876942505,False,0,1,0.5822781565935342,False,0.7226580440919025,False,1,1,False,False,False,65.0,20.384438732415596,12.28677201433334,0.8269618907385412,55.0,False,7,3,5,4,-3.5272847366132454,22.483041422479157,178364423.70671767,81.34228187919463,True,0.0,0,,,,0.0,0,,,,False,False,False,False,0,,none,0,0,False,-1,0.625,mixed,4,False
PRAX,319.8999938964844,-10.424778225661735,748.4285329831426,451.50415999618036,433.86778166286797,0.1250979777394576,False,0.8877005618660803,6.770237547726049,2.62744302907163,0.43325534673217536,False,True,False,True,24,40.0,True,0.4045274808557803,2.624005923414021,False,0.5191499641003662,True,1.746124541340932,True,2,1,0.5353638745937201,False,1.5558918954170222,True,3,2,True,False,False,35.0,32.582271395629526,9.69365750461985,0.703063275013762,18.0,False,5,4,4,5,-9.674872960831015,354.1650085449219,153106680.9776062,99.1275167785235,True,0.0,0,,,,0.0,0,,,,False,False,False,False,0,,none,0,0,False,-1,0.625,mixed,4,False
PRI,312.20001220703125,-0.20457234955602033,27.688321855096998,20.201620474213943,2.5652421409015247,0.08163231657048639,False,0.9624514182481907,2.6681570296485786,23.649868311452526,5.096618451783019,False,True,False,True,29,48.333333333333336,True,0.48540509378019875,0.8721293636829873,True,4.541999516560404,False,0.5345538791885707,True,2,1,0.5769999479433933,False,1.483023855577047,True,4,0,False,False,False,35.0,18.93670030526223,4.820623704200419,0.9087435189464131,5.0,True,5,3,4,5,-1.7280966326246205,317.69000244140625,52169189.254211426,51.87919463087248,False,0.0,0,,,,0.0,0,,,,False,False,False,False,0,,none,0,0,False,-1,0.625,mixed,4,False
PRIM,87.5999984741211,-56.79473245179123,3.2043957051451244,-2.331831523511574,-19.968209856823993,0.07213959074322139,False,0.542472960751268,7.876714207840213,-40.754818211998746,-0.6802704023597506,True,True,True,True,27,45.0,True,0.44859363129911856,2.020432319263638,True,-3.8267879972628323,True,1.9078634331263888,True,3,0,0.4547133984070665,False,0.4204924469185138,False,6,1,False,False,False,,,,,,False,1,1,4,4,,,148497733.19802055,31.073825503355707,False,0.0,0,,,,0.0,0,,,,False,False,False,False,0,,none,0,0,False,-2,0.5,mixed,4,False
PRM,33.689998626708984,-10.825834528160904,115.40919365191948,100.6551327555472,83.01875442223478,0.0671877424359969,False,0.9228883872890707,6.277832486434272,19.383414055456537,-0.6780647247997207,False,True,False,True,25,41.66666666666667,True,0.4812840384379696,2.557249173692656,True,-0.04092295079789803,True,-2.1208587480256003,True,2,0,0.39492111363350135,False,0.4207913809454705,False,6,2,True,False,False,55.0,33.39795099677835,9.468681379464337,0.6485722861047498,24.0,False,4,3,3,5,-11.736965567583402,38.16999816894531,58480717.3384346,88.9261744966443,True,0.0,0,,,,0.0,0,,,,False,False,False,False,0,,none,0,0,False,-1,0.625,mixed,4,False
PRMB,22.6299991607666,-20.2952129916127,59.212933987613624,-19.51814824620508,-37.154526579517494,0.08029168140075653,False,1.0206582171733318,10.251877069648232,18.73466109398949,-9.55236312258122,False,True,False,False,29,48.333333333333336,True,0.458659369876162,1.371572449437434,True,-1.688193399014295,True,-8.823531671977836,False,0,0,0.4408187517538241,False,0.6280474222021392,False,7,2,True,False,False,45.0,14.222094527198358,13.566061903115955,0.18668645105172274,5.0,False,1,2,2,3,-11.567022173393571,25.59000015258789,64767879.50210991,17.04697986577181,False,0.0,0,,,,0.0,0,,,,False,False,False,False,0,,none,0,0,False,-3,0.375,mixed,4,False
PRU,118.51499938964844,-0.46611262836838696,30.576389677520655,19.788039763403553,2.151661430091135,0.09359247693274003,True,1.0701148847400868,3.1725895677339473,13.065081649390775,4.926961125954121,False,True,False,True,28,46.666666666666664,True,0.4978207319273425,0.9281948221833736,True,4.458271396973105,False,-0.46611262836838696,True,2,2,0.555863984696519,False,1.7111761780842354,True,0,1,False,False,False,45.0,18.189403775165925,5.864234049727571,0.9054007449017605,2.0,True,6,3,4,6,-1.7207040478118052,120.58999633789062,187198825.49020386,51.61073825503356,False,0.0,0,,,,0.0,0,,,,False,True,False,False,1,,power_play,6,6,True,0,0.75,mixed,4,False
PSA,321.1449890136719,-2.577061417687898,26.693877698441536,16.415036313050013,-1.221342020262405,0.13178298013979806,False,0.9781352142478605,4.29089640215754,15.85028308421541,-2.577061417687898,False,False,False,True,23,38.333333333333336,False,0.545738270449627,1.1449699569122613,True,1.1978053116226213,True,0.9762861229176023,True,2,0,0.4914826845957626,False,0.8996712751747706,False,4,1,False,False,False,55.0,13.379863358925034,6.651206339772993,0.7816405770248533,13.0,True,3,3,3,5,-2.9216192425411736,330.80999755859375,348786896.097792,48.053691275167786,False,0.0,0,,,,0.0,0,,,,False,False,False,False,0,,none,0,0,False,-1,0.625,mixed,4,False
PSKY,8.444999694824219,-56.603760454896744,0.0,-35.256993986985485,-52.8933723202979,0.10354605569067887,False,0.9098104039569717,6.039079305052023,-27.09915572996432,-18.719928625878346,False,False,False,True,17,28.333333333333332,False,0.4362967605316567,1.7212827191094453,False,-3.8887388950536828,True,-3.485717773437502,True,2,1,0.2866573989953368,False,1.3452885714583207,True,5,2,True,False,False,25.0,19.0567895138051,16.45944811785676,0.01767668618487502,15.0,False,0,3,2,3,-18.719928625878346,10.390000343322754,80841264.52256298,9.060402684563758,False,0.0,0,,,,0.0,0,,,,False,False,False,False,0,,none,0,0,False,-3,0.375,mixed,4,False
PSLV,18.825000762939453,-48.22607137806251,51.57005352093944,42.075477456146814,24.439099122834396,0.36190174451156415,False,0.767366599878316,8.446215607693915,-43.33232970741893,-3.213367483207974,True,False,False,False,24,40.0,True,0.31402426061628924,0.7336790943378249,False,-3.5634592395719107,True,4.351440175019317,True,1,0,0.4363825194167794,False,1.0789830152557676,False,7,2,True,False,False,25.0,19.018974985048366,10.730413683384395,0.32238456597847437,24.0,False,3,2,4,5,-12.887550989138086,21.610000610351562,127238587.61025648,70.26845637583892,False,0.0,0,,,,0.0,0,,,,False,False,False,False,0,,none,0,0,False,-1,0.625,mixed,4,False
PSMT,185.4199981689453,-6.3062132958260575,79.01904830022886,79.01904830022886,61.38266996691644,0.04524496476724186,True,1.2540932832326546,4.945536359772327,32.37916982861944,-6.3062132958260575,False,True,False,True,27,45.0,True,0.4597106138161453,1.6020922843943568,True,0.7494763721585327,True,-0.31182894142725015,True,2,0,0.2941063712989224,False,0.5188112785878976,False,5,2,True,False,False,45.0,20.87169346448277,10.047462553547101,0.6542795223423691,14.0,False,6,3,4,5,-7.215771834064633,199.83999633789062,64980490.64057541,84.96644295302013,True,0.0,0,,,,0.0,0,,,,False,False,False,False,0,,none,0,0,False,-1,0.625,mixed,4,False
PSN,60.46500015258789,-32.28245096582461,28.51222344964579,-19.96691236244621,-37.60329069575863,0.14715829360598343,False,0.9243509052705771,11.560409593693892,-16.8637462370974,7.416946472120056,True,True,False,False,26,43.333333333333336,True,0.5625220638597066,2.403501982554402,True,2.422510433347353,True,7.876897369533098,False,0,1,0.4821390845350325,False,2.119304244910841,True,3,1,False,False,False,35.0,24.514932109075836,12.866945769723765,0.8922824595065774,34.0,True,2,4,5,4,-2.6406881921528846,62.10499954223633,54440031.15240021,16.51006711409396,False,0.0,0,,,,0.0,0,,,,False,False,False,False,0,,none,0,0,False,-1,0.625,mixed,4,False
PSNL,12.140000343322754,-23.1158937767466,175.59590840180536,80.92399812676194,63.28761979344952,0.1134533321988361,False,1.138607324543875,22.075784426561697,19.37070061209574,-10.866369711247437,False,False,False,False,27,45.0,True,0.3983378369985,3.5852748736893996,False,0.6665034667723451,True,-21.117608365811858,False,0,1,0.3723403398047611,False,1.641783561010986,True,3,1,False,True,False,,,,,,False,3,2,1,2,,,79181988.95556775,85.503355704698,True,0.0,0,,,,0.0,0,,,,False,False,False,False,0,,none,0,0,False,-4,0.25,mixed,4,False
PSX,210.0800018310547,-1.0317060335078065,83.56132056447514,74.7760237580988,57.13964542478638,0.11707536358980217,True,1.109845328285893,5.107575987250835,50.731118790586606,19.079471721723685,False,False,False,True,34,56.666666666666664,True,0.5294876264589633,1.6095788285829242,True,4.34279653597145,False,1.5566089196569433,True,2,2,0.6585484671646048,True,2.4094806664736383,True,4,0,False,False,False,25.0,24.055903039181008,11.881191211117708,0.884570979354252,2.0,True,8,3,4,4,-2.776749328561734,216.0800018310547,494823573.6571175,84.22818791946308,True,0.0,0,,,,0.0,0,,,,False,False,False,False,0,,none,0,0,False,-2,0.5,mixed,4,False
PTC,117.125,-45.90818793686767,4.268670961260224,-42.034543494421314,-59.670921827733736,0.12554713258783534,False,0.8713996094744463,12.175028504785885,-27.763044010793514,-5.961463564695613,False,True,False,False,19,31.666666666666664,False,0.4965769446957352,1.9052858598269162,True,-2.5418527784365543,True,-5.825361893208725,False,0,1,0.4178131571766051,False,1.4296939655172414,True,6,1,False,False,False,25.0,13.162010264938196,13.737463365878469,0.35341244356061224,6.0,False,0,2,2,3,-8.510392055036531,128.02000427246094,186768077.61016464,6.308724832214765,False,0.0,0,,,,0.0,0,,,,False,False,False,False,0,,none,0,0,False,-3,0.375,mixed,4,False
PTCT,77.7300033569336,-13.19932919264395,79.51502246310514,67.81088918189073,50.17451084857831,0.054388206836748665,True,1.0852732494689412,4.29692035719267,3.295685524164238,-6.69786864143841,False,True,False,True,22,36.666666666666664,False,0.45426188899242426,1.6884177234443034,True,0.23946291826866867,True,-1.0942779247113954,True,2,0,0.37228923788211404,False,0.9199641795982478,False,4,2,True,False,False,25.0,15.758775461644683,9.166344644657014,0.08240225770411694,11.0,False,3,2,3,4,-14.460216784952928,90.87000274658203,155293010.84998474,82.3489932885906,True,0.0,0,,,,0.0,0,,,,False,False,False,False,0,,none,0,0,False,-2,0.5,mixed,4,False
PTEN,10.539999961853027,-17.23837285056976,110.64806639422038,81.37563487472934,63.73925654141692,0.10497520854884655,False,0.8507858623669763,10.626184910935956,47.41539663837402,21.70900863240457,False,False,False,False,23,38.333333333333336,False,0.5037506921398902,2.563359538671505,True,-0.3650119016165362,True,5.189615572187423,False,0,0,0.5354543037198205,False,0.4927236768021362,False,5,1,False,False,False,25.0,22.93744147072319,14.231499102740855,0.8063241806975544,1.0,False,4,1,2,2,-4.44242776954421,11.029999732971191,90267493.62407723,85.63758389261746,True,0.0,0,,,,0.0,0,,,,False,False,False,False,0,,none,0,0,False,-4,0.25,mixed,4,False
PTGX,135.43499755859375,-3.8854630340115826,165.76726842968162,152.01896786107008,134.38258952775766,0.05401514027014992,True,1.2686665062804714,9.037538638474569,62.978339404868656,2.8984976317690814,False,True,False,False,25,41.66666666666667,True,0.43113226479074646,2.299353151437147,False,2.854690862655248,True,-3.8854630340115826,True,1,0,0.5644132437282872,False,0.9438224887296477,False,4,1,False,False,False,25.0,22.41607692244618,13.26613915393965,0.7554484146438792,4.0,False,10,2,4,5,-5.481887148848963,143.2899932861328,109035319.22478333,93.15436241610739,True,0.0,0,,,,0.0,0,,,,False,False,False,False,0,,none,0,0,False,-1,0.625,mixed,4,False
PUMP,11.914999961853027,-34.532969986927334,163.60619495867076,95.32787128085576,77.69149294754334,0.16738878028902657,False,0.8076224302849994,17.163240309200184,8.91225245765106,-1.4474788132852412,False,False,False,False,22,36.666666666666664,False,0.4637501299508514,3.0950349520247507,True,-4.210786907402859,True,-8.346154139592098,False,0,1,0.4691910597590834,False,1.2187086453120366,True,5,2,True,False,False,25.0,21.258277861278664,19.13554125279749,0.007788043063296939,17.0,False,2,3,2,3,-21.092717477843493,15.100000381469727,53164984.0638237,88.0536912751678,True,0.0,0,,,,0.0,0,,,,False,False,False,False,0,,none,0,0,False,-3,0.375,mixed,4,False
PVH,79.03500366210938,-19.981875709573227,29.893066460495078,3.914354143202381,-13.722024190110037,0.07133346294710181,False,0.7095125736959568,6.326310834849849,28.95040601677841,5.057822857088956,True,True,False,True,27,45.0,True,0.3832017116423976,1.5472431746317679,False,-0.6408739619756282,True,1.1324403313510034,True,2,1,0.45712471013314016,False,1.3215201976698723,True,5,1,False,False,False,35.0,19.090055127028347,7.654839971442019,0.6164007625646015,27.0,False,2,3,5,5,-7.322930589327791,85.27999877929688,67289469.63007164,37.51677852348993,False,0.0,0,,,,0.0,0,,,,False,False,False,False,0,,none,0,0,False,-1,0.625,mixed,4,False
PWR,636.2249755859375,-18.964625779157885,70.94409133714808,56.36922055930982,38.7328422259974,0.10112812154374527,False,0.7980352076223561,5.427330051775198,35.772500946762165,-4.800919048026541,False,True,False,True,25,41.66666666666667,True,0.4211478794338164,1.5367108638408293,False,-2.6666622514998366,True,1.2242766344307654,True,2,0,0.48148276956805197,False,0.3980751613075669,False,6,2,True,False,False,25.0,18.022284676679185,9.078541545351024,0.20506330524677083,23.0,False,3,2,2,4,-14.326575412781118,742.6164865608188,816280981.6757324,77.58389261744966,False,0.0,0,,,,0.0,0,,,,False,False,False,False,0,,none,0,0,False,-2,0.5,mixed,4,False
PYPL,55.459999084472656,-28.48336791965467,42.81289970724276,-28.115772199502686,-45.75215053281511,0.17151876600618277,False,1.3694135103067533,4.011897783720006,-1.428310881222472,21.97052473185539,True,True,False,True,23,38.333333333333336,False,0.4700598729032554,1.4263025620958258,True,4.770508895990018,False,-1.9448413403642673,True,2,3,0.6288234436338369,True,4.57645272519267,True,0,1,False,True,True,25.0,27.778736174285168,20.52830600338164,0.8620474689406903,6.0,False,1,3,4,4,-3.8321469648714412,57.66999816894531,1011016990.4266987,12.416107382550337,False,0.0,0,,,,0.0,0,,,,False,False,False,False,0,,none,0,0,False,-2,0.5,mixed,4,False
QBTS,16.360000610351562,-63.46583060222129,26.040070780564093,-17.20647560297458,-34.842853936287,0.24277857229215521,False,0.5703316041162679,11.002451572466654,-36.16854800606154,-27.385707448962336,False,True,True,False,20,33.33333333333333,False,0.46505117741922025,3.3332142797923217,True,-5.153998959388358,True,-2.211589611527909,True,2,0,0.2868541630107312,False,1.1464154866042018,False,4,3,True,False,False,,,,,,False,0,2,2,3,,,357410183.535252,18.79194630872483,False,0.0,0,,,,0.0,0,,,,False,False,False,False,0,,none,0,0,False,-3,0.375,mixed,4,False
QCOM,167.57000732421875,-32.99780174993639,35.55969750147834,7.719654806441678,-9.91672352687074,0.10107889046307539,False,0.5261640888412356,7.280537336635261,8.63095261647253,-4.92481853945036,True,True,True,True,22,36.666666666666664,False,0.48599117044910045,2.587041371615177,True,-4.779370321830415,True,-2.450804217601099,True,3,0,0.4265357707143612,False,0.3289867940993368,False,8,2,True,False,False,25.0,29.41655134114453,15.05042675799782,0.04077476520196065,23.0,False,0,2,3,4,-28.217098367157945,233.44000244140625,2682805684.121567,40.604026845637584,False,0.0,0,,,,0.0,0,,,,False,False,False,False,0,,none,0,0,False,-2,0.5,mixed,4,False
QGEN,41.22999954223633,-25.257059026760643,27.495912903287834,-18.793829345127143,-36.43020767843956,0.1481497270551579,False,1.2547586606949286,5.578460496232627,-25.20330655151175,3.7454416621544473,False,True,False,True,25,41.66666666666667,True,0.49325924181447367,1.4950911824796405,True,2.7381643519852483,True,0.19440586486274558,True,2,1,0.42297805970612085,False,1.384387269299514,True,4,2,True,True,True,25.0,18.540857722185272,6.888188659033509,0.6570116110176604,11.0,False,2,4,3,5,-6.359298920483091,44.029998779296875,123160289.43008308,17.38255033557047,False,0.0,0,,,,0.0,0,,,,False,False,False,False,0,,none,0,0,False,-1,0.625,mixed,4,False
QLYS,134.5850067138672,-17.99597202170965,76.62075079252593,-3.280623343766109,-20.917001677078527,0.1392883845204217,False,1.3402270038989113,21.399117000445457,4.499583608844193,-9.13785366561205,False,False,False,False,28,46.666666666666664,True,0.5858449072262891,3.674871609985791,True,1.3186128639613297,True,-15.583633634380911,False,0,1,0.4115428500224164,False,1.2753234406980503,True,5,1,False,False,False,25.0,36.38150808576737,26.65973406613914,0.4551335506342817,7.0,False,1,2,1,2,-19.82306313326224,167.86000061035156,123519280.50066376,30.268456375838927,False,0.0,0,,,,0.0,0,,,,False,False,False,False,0,,none,0,0,False,-4,0.25,mixed,4,False
QQQ,685.1199951171875,-8.079643521174217,24.290407343460885,21.842024654082802,4.205646320770384,0.31915451267774597,False,0.8882447543350415,3.868514635983268,10.28034279729746,-3.8562982613288055,False,True,False,True,34,56.666666666666664,True,0.4497061436229936,0.7583972396339466,True,-2.5095786188633955,True,-1.4683706616590686,True,2,0,0.40023959612215654,False,0.8012368512025285,False,7,1,False,False,False,65.0,13.775461703926881,5.957199488356621,0.39128173379794406,35.0,False,2,1,2,5,-8.385375164547193,747.828194840854,25965564933.039333,53.758389261744966,False,0.0,0,,,,0.0,0,,,,False,False,False,False,0,,none,0,0,False,-1,0.625,mixed,4,False
QRVO,86.72000122070312,-19.874343037107987,14.075250000175622,0.6149190907114521,-17.021459242600965,0.1683947620270302,False,0.6656993134394313,5.961722469516734,7.180814850604933,-0.9706503107037578,False,True,False,True,24,40.0,True,0.4282807987095899,1.4746044052420046,False,-2.9304571699245288,True,1.4269020125182719,True,2,0,0.5233930654910088,False,0.9981506511444357,False,7,3,True,False,False,25.0,22.21903682684847,10.401296293233383,0.2292473905829973,23.0,False,1,2,3,4,-17.125380613025943,104.63999938964844,88552653.07816735,33.89261744966443,False,0.0,0,,,,0.0,0,,,,False,False,False,False,0,,none,0,0,False,-2,0.5,mixed,4,False
QSR,72.83999633789062,-9.997587626247794,22.11064145892998,7.880097668867103,-9.756280664445315,0.09961484020845529,False,1.0053267622958504,4.921745283789609,8.412340720528299,-2.6073065299720755,False,True,False,True,21,35.0,False,0.5093683538915077,1.3587648528418064,True,-0.49712779252912764,True,-2.892955254685581,True,2,0,0.2936172606643215,False,0.6750468485708446,False,4,3,True,False,False,35.0,9.71793937231747,8.292148845682187,0.32912632604510894,5.0,False,1,2,2,5,-6.519509689977509,77.91999816894531,209844655.71890563,40.80536912751678,False,0.0,0,,,,0.0,0,,,,False,False,False,False,0,,none,0,0,False,-1,0.625,mixed,4,False
QUBT,7.485000133514404,-69.59788839004983,18.621239324723014,-55.840709164567826,-73.47708749788025,0.17851029627120907,False,0.5871482355884532,10.821648699642477,-34.685862926709966,-17.29281794737045,False,True,True,False,16,26.666666666666668,False,0.5403213494330666,3.7997219627538645,True,-4.525639986060874,True,-4.038462173303891,True,2,1,0.43879807020816824,False,1.324648592518301,True,4,4,True,False,False,25.0,34.42478121825393,14.696063618548628,0.01928027750204035,23.0,False,0,3,3,3,-33.761061883418975,11.300000190734863,85604897.39973441,2.61744966442953,False,0.0,0,,,,0.0,0,,,,False,False,False,False,0,,none,0,0,False,-3,0.375,mixed,4,False
QURE,37.790000915527344,-46.46550095478219,318.49393170572205,148.45496923569556,130.81859090238314,0.19671429394111964,False,0.8020964393719677,12.116958070229595,50.67783504978234,-9.614925438227129,False,True,False,False,24,40.0,True,0.3979718969125146,2.4213314468038214,False,1.1293818486256928,True,-6.111798967633931,False,0,0,0.385135166248239,False,0.26842515891829505,False,5,3,True,False,False,25.0,26.013475926063656,15.395609030182644,0.03419919696404876,20.0,False,5,2,3,3,-25.123835939148663,50.470001220703125,61564181.17184448,93.02013422818793,True,0.0,0,,,,0.0,0,,,,False,False,False,False,0,,none,0,0,False,-3,0.375,mixed,4,False
QXO,13.420000076293945,-50.42482368826975,0.0,-38.72145977144738,-56.35783810475979,0.13302302545411115,False,0.8648709810819646,9.166174550824374,-43.8728558681005,-17.211592632668406,False,True,False,False,16,26.666666666666668,False,0.4824505411627816,3.0423643776837723,True,-3.1013517116847305,True,-6.805552556926742,False,0,0,0.38847753220191433,False,0.7637852535578484,False,4,2,True,False,False,25.0,28.333873577858842,17.511926258661774,0.01709650257930501,17.0,False,0,2,2,2,-27.849463435153275,18.600000381469727,480877758.47176373,7.852348993288591,False,0.0,0,,,,0.0,0,,,,False,False,False,False,0,,none,0,0,False,-4,0.25,mixed,4,False
R,266.31500244140625,-5.002851565846567,68.50974593515069,53.177979545341046,35.541601212028624,0.17564893617021277,True,1.0328992731557038,6.599332386803122,41.0176493244804,2.145980820231319,False,False,False,True,24,40.0,True,0.44573269171168367,1.2779462060819802,True,0.7542831354268634,True,-2.0252390311528035,True,2,0,0.46987095642156324,False,0.792860154851621,False,6,2,True,False,False,45.0,19.521549865668973,6.599332386803122,0.6767886865535956,28.0,False,5,3,4,5,-6.309585772592352,284.25,97317409.36901855,75.63758389261746,False,0.0,0,,,,0.0,0,,,,False,False,False,False,0,,none,0,0,False,-1,0.625,mixed,4,False
RACE,357.739990234375,-30.093949331932958,15.014049514691031,-29.897581930807437,-47.533960264119855,0.15472896699794153,False,0.7645693642787313,5.431316935814641,6.894130218092798,-7.0732812686662205,False,True,False,True,31,51.66666666666667,True,0.5310521572686762,1.057863059913416,True,0.02465607852229846,True,-5.065944064467298,False,1,0,0.3423940911125628,False,1.0024050602175603,False,3,2,True,False,False,45.0,17.87354504167299,7.446744802952017,0.42887209229072143,13.0,False,1,2,2,4,-10.208080382998242,398.4100036621094,154647262.67697906,11.342281879194632,False,0.0,0,,,,0.0,0,,,,False,False,False,False,0,,none,0,0,False,-2,0.5,mixed,4,False
RAL,69.8499984741211,-5.133775526687801,82.30394773758319,49.48009041905757,31.84371208574515,0.05443453361376479,True,0.9803370470495915,4.7029402059707195,30.255879251609574,2.1796340703131856,False,False,False,True,27,45.0,True,0.3681657853463393,1.3751942755337352,False,1.5876354443513474,True,-0.4560349197298974,True,2,0,0.40457617690465275,False,0.9238481532985677,False,5,2,True,False,False,35.0,20.812451924221335,11.108092849023508,0.6457392911493416,20.0,False,6,3,5,6,-7.3730339715949,75.41000366210938,103339056.36206512,73.42281879194631,False,0.0,0,,,,0.0,0,,,,False,True,False,False,1,,power_play,6,6,True,0,0.75,mixed,4,False
RARE,26.690000534057617,-26.95676008394422,44.270273157068196,-2.23442754597164,-19.87080587928406,0.07954773995047153,False,1.1351530907728649,12.701390892335423,10.243707324943841,-20.256947831993767,False,True,False,False,28,46.666666666666664,True,0.44015321028876514,2.337222831395987,True,-0.3843244645198544,True,-8.845628728995148,False,0,2,0.31078279165989964,False,1.5294925572299911,True,2,1,False,False,False,25.0,27.153405490952693,26.002256659944617,0.005035361819990857,13.0,False,1,3,3,3,-27.016678269660822,36.56999969482422,92517387.40339851,31.20805369127517,False,0.0,0,,,,0.0,0,,,,False,False,False,False,0,,none,0,0,False,-3,0.375,mixed,4,False
RBA,110.29000091552734,-7.154613803803578,17.153137613614213,1.7813654581714689,-15.85501287514095,0.14626680647792148,False,0.8939275657873376,3.5814642446757667,-4.294874090818479,-2.2338415899331165,False,True,False,True,23,38.333333333333336,False,0.4827161054421698,1.2516036238398074,True,0.8031298321468805,True,-1.2180927825928722,True,2,0,0.5389706695926582,False,0.5032176566919756,False,3,3,True,False,False,55.0,14.76709418593293,6.437572232462925,0.6089067152632505,17.0,False,1,3,3,5,-5.77531137119347,117.05000305175781,113238889.57985611,35.43624161073826,False,0.0,0,,,,0.0,0,,,,False,False,False,False,0,,none,0,0,False,-1,0.625,mixed,4,False
RBC,600.4299926757812,-7.468141114625015,62.40567108090638,55.947745521976074,38.31136718866365,0.11932420357016688,True,0.8556006359173867,6.183902425883956,19.116389380728126,-0.6831422686732092,False,True,False,True,26,43.333333333333336,True,0.47573591000141346,1.2795012149251868,True,0.2015027593528788,True,4.38267502114722,True,2,0,0.5042104327485085,False,0.9129699638569233,False,5,2,True,False,False,55.0,18.298910007493074,6.282159646127628,0.4495006236896149,20.0,False,5,2,3,6,-10.0735385462848,667.6900024414062,138336952.5772644,77.18120805369128,False,0.0,0,,,,0.0,0,,,,False,True,False,False,1,,power_play,6,6,True,0,0.75,mixed,4,False
RBLX,47.275001525878906,-66.60426508815735,14.439602891043624,-59.97714152843019,-77.6135198617426,0.10985751974372761,False,0.9003886352541723,17.535688700701645,-36.218294962139694,-14.681462450704451,False,True,False,False,24,40.0,True,0.5045840558482637,2.6380619300633503,True,-0.5485919239092573,True,-8.52360439877109,False,0,0,0.271972358218857,False,1.070278892757035,False,3,2,True,False,False,25.0,23.49820207175339,22.03066475868601,0.18754558257764076,16.0,False,1,2,2,2,-19.091218074679272,58.43000030517578,418337884.1363274,2.2818791946308723,False,0.0,0,,,,0.0,0,,,,False,False,False,False,0,,none,0,0,False,-4,0.25,mixed,4,False
RBRK,72.62000274658203,-26.27410888671875,65.76124279889927,-15.272426178641773,-32.90880451195419,0.07963425871547188,False,1.0337024291652153,11.787393093139439,10.583226391687806,-13.175510190678308,False,True,False,False,28,46.666666666666664,True,0.5219071852857262,3.2985779681999525,True,-0.4168028008362637,True,-8.041026182048927,False,0,1,0.4175213743405517,False,1.6020559905934761,True,5,1,False,False,False,25.0,26.61432888662133,25.191404608040656,0.2596593302551616,10.0,False,1,2,2,2,-19.703670072730638,90.44000244140625,232548455.6586361,20.335570469798657,False,0.0,0,,,,0.0,0,,,,False,False,False,False,0,,none,0,0,False,-4,0.25,mixed,4,False
RCAT,7.5879998207092285,-56.29032515019271,23.583061656521444,-23.353534211188975,-40.989912544501394,0.21046162092052004,False,0.6130960441673462,14.101208752060948,-52.752178872728415,-27.318006458860054,True,True,True,False,17,28.333333333333332,False,0.5083719458560323,3.7711929019709474,True,-4.314607659096707,True,-0.6806288833128948,True,2,0,0.39673242835681105,False,0.45854093413754343,False,6,4,True,False,False,25.0,37.34123765926502,21.8766521279927,0.04263032007232354,15.0,False,0,2,3,3,-35.749368745953845,11.8100004196167,84553672.83453977,14.832214765100671,False,0.0,0,,,,0.0,0,,,,False,False,False,False,0,,none,0,0,False,-3,0.375,mixed,4,False
RCL,290.32000732421875,-19.286077781999246,19.322628896660852,-15.478648981270126,-33.11502731458255,0.18484629453624798,False,0.723221579930864,5.056486740642429,2.540973463880447,-2.018218263622862,False,False,False,True,20,33.33333333333333,False,0.3695464902391401,1.2861360951279792,False,0.3503845832141059,True,1.1709004631980546,True,2,0,0.4967410737925498,False,1.0125502618059672,False,9,1,False,False,False,25.0,16.674172714527423,7.271281626824858,0.22522060591554338,20.0,False,0,1,2,3,-12.918805432621138,333.3900146484375,721321298.6796372,20.06711409395973,False,0.0,0,,,,0.0,0,,,,False,False,False,False,0,,none,0,0,False,-3,0.375,mixed,4,False
RDDT,166.86000061035156,-38.36208271683225,36.950103107037215,12.644295625559865,-4.992082707752553,0.20337599101960172,False,1.0218765552964448,13.112782898231668,-23.766448790200023,-14.2857131659593,False,False,False,False,26,43.333333333333336,True,0.4256581846622921,2.8725749864484316,False,-0.5862587048355111,True,-7.903738075017531,False,0,1,0.4941763610477409,False,1.3064955321312453,True,3,1,False,False,False,25.0,26.628218381468255,24.841182306498645,0.25649827374648654,10.0,False,1,2,1,1,-19.798126333677178,208.0500030517578,766495007.2636719,44.83221476510067,False,0.0,0,,,,0.0,0,,,,False,False,False,False,0,,none,0,0,False,-5,0.125,mixed,4,False
RDN,38.86000061035156,-1.320468368866301,24.589394024820965,18.542700568583758,0.9063222352713396,0.03953593968342244,False,1.2225232926640721,4.940818202486405,20.2971424144746,2.4248867078105585,True,True,False,True,22,36.666666666666664,False,0.4560835696140347,1.1271856929643311,True,2.2137291137838546,True,-1.320468368866301,True,2,0,0.5220158801882644,False,1.0139613672989636,False,3,1,False,False,False,35.0,18.31912447631547,13.278434807943837,0.7087767960907472,8.0,False,3,2,4,6,-5.334954122805002,41.04999923706055,51447825.12701263,50.26845637583892,False,0.0,0,,,,0.0,0,,,,False,True,False,False,1,,power_play,6,6,True,0,0.75,mixed,4,False
RDNT,61.65999984741211,-27.01231368695082,18.874110501493348,10.12680478472987,-7.509573548582548,0.05058676710074934,False,0.9900891276604654,7.525136881496733,-15.730488737962355,-10.31272749467329,False,True,False,True,21,35.0,False,0.4948793602656558,2.2795085404311615,True,1.2650362091924279,True,-0.8522251021070959,True,2,1,0.44063528066466207,False,1.6696888729069277,True,4,2,True,False,False,25.0,24.94497225453129,14.044767569802124,0.5015656219052418,13.0,False,0,3,3,4,-12.433431732278299,70.41500091552734,54301796.804317474,42.48322147651007,False,0.0,0,,,,0.0,0,,,,False,False,False,False,0,,none,0,0,False,-2,0.5,mixed,4,False
RDW,8.765000343322754,-66.15829933429114,73.22135261740725,-45.287140493962795,-62.92351882727522,0.17083719889002472,False,0.42560316910917767,12.721046519611146,-29.992012597031792,-22.50221027295237,False,True,True,False,21,35.0,False,0.4548939172923917,3.6371670795001307,True,-7.067707312348061,True,3.7278170552409895,True,2,1,0.35903393727230615,False,1.1858078523397506,False,2,3,True,False,False,,,,,,False,0,3,2,3,,,188490683.78454655,5.302013422818792,False,0.0,0,,,,0.0,0,,,,False,False,False,False,0,,none,0,0,False,-3,0.375,mixed,4,False
REG,81.99500274658203,-0.8284924480713496,25.771589713954967,19.325046909522904,1.6886685762104854,0.12593436289124876,False,1.0456167879583913,2.536732888574555,17.482119290287578,1.2784136287223413,False,True,False,True,28,46.666666666666664,True,0.4686545967618603,0.7606133324445581,True,2.348613242554569,True,-0.8284924480713496,True,2,0,0.43373242598679446,False,0.7535228713814685,False,6,4,True,False,False,45.0,10.444254307252104,4.768587756736631,0.8094455218284305,5.0,True,5,4,4,6,-1.9901994294095893,83.66000366210938,103464243.04987335,51.2751677852349,False,0.0,0,,,,0.0,0,,,,False,True,False,False,1,,power_play,6,6,True,0,0.75,mixed,4,False
REGN,661.9600219726562,-18.285037694708272,22.023136072092697,17.87820699053315,0.24182865722073288,0.12966137743461503,False,0.9320157072357532,6.63786346348591,-11.917430923681183,1.1753560780479733,True,True,False,True,17,28.333333333333332,False,0.45340425649079535,1.14507891195735,True,1.3018786696150935,True,-2.176769335383444,True,2,1,0.5358836245417291,False,1.2123745125079703,True,3,0,False,False,False,45.0,14.412626372436584,8.056380343169224,0.7071580443747281,5.0,False,1,3,4,5,-4.220621692600702,691.1300048828125,487848153.0786133,49.597315436241615,False,0.0,0,,,,0.0,0,,,,False,False,False,False,0,,none,0,0,False,-1,0.625,mixed,4,False
RELX,34.0,-35.11160054022607,25.011576644681277,-35.11160054022607,-52.747978873538486,0.2932250108806035,False,1.019549057073324,5.352940278894761,-13.118524754247229,6.482930394738129,False,False,False,True,20,33.33333333333333,False,0.5668504318805935,1.2903811230525808,True,1.2118881742112937,True,0.89020543106475,True,2,1,0.5172087768526388,False,1.7496457433239732,True,3,1,False,False,False,25.0,11.63943408941793,5.941177816951976,0.9298248297726286,4.0,True,1,4,3,4,-0.8167992685751746,34.279998779296875,88751317.36995964,9.395973154362416,False,0.0,0,,,,0.0,0,,,,False,False,False,False,0,,none,0,0,False,-2,0.5,mixed,4,False
RELY,22.600000381469727,-10.424095158479286,85.24590766228077,31.70163509574868,14.065256762436263,0.057403791373026467,True,0.951084797457882,9.02655257121141,59.4918860958862,-4.842103656969576,False,True,False,False,26,43.333333333333336,True,0.43227586789947975,1.668052806115123,False,1.0501195602180369,True,-6.3406499482375756,False,0,1,0.41336805436943125,False,1.4453792308820663,True,3,1,False,False,False,35.0,31.262132959458434,14.91150788650668,0.608695662475554,6.0,False,5,3,4,4,-12.233008227302033,25.75,72181943.30006666,62.348993288590606,False,0.0,0,,,,0.0,0,,,,False,False,False,False,0,,none,0,0,False,-2,0.5,mixed,4,False
REXR,38.125,-10.60478693877317,20.461963065807474,6.38682444551697,-11.249553887795448,0.4912459958631546,False,1.2529952581783095,6.268850858094262,-1.9832373196187691,11.44402519818919,False,False,False,True,27,45.0,True,0.48593761994958706,1.3317166319413294,True,3.2357702047997203,True,1.7752293961026622,True,2,1,0.5471532308258131,False,1.3936861467731128,True,3,0,False,False,False,35.0,17.35999137524235,11.409832063268443,0.9291148240123979,5.0,True,3,4,3,4,-1.2305660437773147,38.599998474121094,95214778.8516098,39.46308724832215,False,0.0,0,,,,0.0,0,,,,False,False,False,False,0,,none,0,0,False,-2,0.5,mixed,4,False
REZI,34.83000183105469,-21.73033296392205,43.156604768904685,43.156604768904685,25.520226435592267,0.19668788205398516,False,1.0972567700707005,8.067761198868492,-3.544721012632557,13.600789316359219,False,True,False,False,23,38.333333333333336,False,0.4757780304891619,2.410089023931933,True,1.7485272938833896,True,-2.790957155724383,True,1,0,0.5317188060405004,False,0.7433144784326806,False,4,2,True,True,False,35.0,22.784475002030373,13.637667959479879,0.6191026373214412,5.0,False,2,3,3,3,-8.678546438288915,38.13999938964844,63137339.381020166,70.87248322147651,False,0.0,0,,,,0.0,0,,,,False,False,False,False,0,,none,0,0,False,-3,0.375,mixed,4,False
RF,30.719999313354492,-5.185191769767494,35.50808948982609,21.483885371889677,3.847507038577259,0.08345316596116262,True,1.0317345755912086,5.5664033941865725,13.943493358560222,1.4530997910546128,False,False,False,True,25,41.66666666666667,True,0.4323645447165252,1.0111577496010897,False,2.3357735251591776,True,-2.938389625228588,True,2,1,0.5317774456714683,False,0.790166324028652,False,2,1,False,False,False,45.0,18.517993974385117,7.714846654319812,0.7089535686126713,6.0,False,3,3,3,4,-5.389596062696844,32.470001220703125,315552468.16312444,53.355704697986575,False,0.0,0,,,,0.0,0,,,,False,False,False,False,0,,none,0,0,False,-2,0.5,mixed,4,False
RGA,238.30999755859375,-1.439263751259079,37.07188305499671,25.253761450201996,7.617383116889577,0.07261760159010601,True,1.077845745993545,5.442491441222127,23.212264957723484,7.8325780808116585,False,True,False,True,32,53.333333333333336,True,0.5330788932428155,1.1731790958635162,True,4.140502513761381,False,-1.439263751259079,True,2,1,0.4963204338892922,False,2.3731822359827777,True,3,1,False,False,False,35.0,19.61224614357462,5.807560102252008,0.8607699892505728,4.0,True,5,3,5,5,-2.7306132413903006,245.0,79998324.02465363,57.51677852348993,False,0.0,0,,,,0.0,0,,,,False,False,False,False,0,,none,0,0,False,-1,0.625,mixed,4,False
RGEN,131.97000122070312,-23.389059892564866,28.288128411747305,8.28751804914878,-9.348860284163639,0.17592240612789284,False,1.0802441466153332,15.442907247329279,-18.702642929770185,-7.324433372773309,False,False,False,False,28,46.666666666666664,True,0.4315157793698157,2.1119638039239987,False,0.25706504781606404,True,-10.376909187977502,False,0,1,0.5476219068466492,False,1.4166243378179626,True,4,1,False,False,False,55.0,33.074882737869764,16.594675830804462,0.6207174077238339,6.0,False,1,2,1,2,-12.54472726404946,150.89999389648438,160730208.38602751,41.20805369127517,False,0.0,0,,,,0.0,0,,,,False,False,False,False,0,,none,0,0,False,-4,0.25,mixed,4,False
RGLD,201.10000610351562,-33.63419108964328,33.95562699337067,30.38219077228206,12.74581243896964,0.12160571291980399,False,0.8287742298864322,8.821484313646637,-31.098111641501834,-1.4843475759657943,False,True,False,False,22,36.666666666666664,False,0.35262315910923936,1.0517295653815253,False,-1.2796566833597978,True,6.306501057274305,False,0,0,0.5292113848708436,False,0.42262851057009126,False,6,2,True,False,False,25.0,16.318867747764813,8.821484313646637,0.4064764207460822,24.0,False,2,2,2,5,-9.68563279502469,222.66668341605484,126325968.4115036,61.07382550335571,False,0.0,0,,,,0.0,0,,,,False,False,False,False,0,,none,0,0,False,-1,0.625,mixed,4,False
RGTI,14.354999542236328,-74.52076765467145,11.279069509552642,-10.000001793744817,-27.636380127057237,0.19487351228259406,False,0.5287710089630026,10.170672829708241,-38.78465213134206,-19.983282525635715,True,True,True,False,18,30.0,False,0.46307865778886476,3.2111976565722853,True,-4.979147570161187,True,1.736356424666119,True,2,1,0.3854720792076822,False,1.3425077225631878,True,9,1,False,False,False,,,,,,False,0,2,3,3,,,366748700.0629248,23.758389261744966,False,0.0,0,,,,0.0,0,,,,False,False,False,False,0,,none,0,0,False,-3,0.375,mixed,4,False
RH,169.59500122070312,-32.43227042999875,50.28356536450895,-20.280625720792,-37.91700405410442,0.08991363764684193,False,1.0122203675920969,15.389599137277187,-25.743245468746277,0.30458917912896677,False,True,False,False,21,35.0,False,0.468200326942709,2.322289008166796,True,1.5420707219820071,True,-9.732277617043062,False,0,0,0.47729189035775266,False,1.168731783597682,False,5,2,True,False,False,45.0,38.6663202907034,19.133816866461327,0.6810829253017971,6.0,False,0,2,2,3,-12.331349756454891,193.4499969482422,140748132.21626815,16.308724832214764,False,0.0,0,,,,0.0,0,,,,False,False,False,False,0,,none,0,0,False,-3,0.375,mixed,4,False
RHI,35.439998626708984,-15.276124610641906,65.71989034754435,-3.175372915776886,-20.811751249089305,0.5318187987784188,False,1.3141201415770118,20.880366288451185,30.049870459430885,5.854238683605839,False,False,False,False,33,55.00000000000001,True,0.5360718844179762,3.1439222557633797,True,1.623092366774983,True,-15.215312742667908,False,0,0,0.5681384434633835,False,1.106474026399048,False,4,2,True,False,False,25.0,32.30769140480538,26.38261522695028,0.5010987865489579,3.0,False,2,2,2,3,-16.118346445659203,42.25,84162594.15262146,30.335570469798657,False,0.0,0,,,,0.0,0,,,,False,False,False,False,0,,none,0,0,False,-3,0.375,mixed,4,False
RHP,130.77999877929688,-0.11283751025583655,57.628654478710615,38.843171475682055,21.206793142369637,0.09178417563550229,True,0.947655368578137,3.8538068450569014,39.99922411388701,2.291748408404448,False,True,False,True,33,55.00000000000001,True,0.4616428726201937,1.108984962902602,True,3.6704610050760533,True,3.244651985286895,True,2,1,0.565240179825212,False,1.3575212695705219,True,6,2,True,False,False,45.0,19.371653676360072,6.147735601749102,0.983271359666288,18.0,True,8,5,6,6,-0.32406142702106067,131.20518417144848,76264072.85918121,68.38926174496645,False,0.0,0,,,,0.0,0,,,,True,True,False,False,2,power_play,sepa_vcp,6,6,True,0,0.75,mixed,4,True
RIG,5.34499979019165,-29.485490184829132,90.89285290058771,73.53895852569379,55.902580192381365,0.19592175265478617,False,0.7627604655610628,8.23199391004433,10.662523284067404,5.632408115316179,True,False,False,False,21,35.0,False,0.3758809297327015,1.4843921471843118,False,-2.250990952930747,True,3.9883254675300295,True,1,0,0.41423320027942606,False,0.6785885014617681,False,3,0,False,False,False,25.0,13.824056682153458,9.915813481993531,0.7077917051387566,24.0,False,3,2,3,4,-4.039504031157238,5.570000171661377,195897880.15433255,83.8255033557047,True,0.0,0,,,,0.0,0,,,,False,False,False,False,0,,none,0,0,False,-2,0.5,mixed,4,False
RIO,91.37999725341797,-18.439846031138472,61.729649252162886,50.73315506486982,33.0967767315574,0.28757891782371875,False,0.8434348912328973,4.464865752124488,3.8763439363470598,-3.2196578844323698,False,False,False,True,23,38.333333333333336,False,0.3383232702531395,0.5267673138160143,False,-3.567979978090468,True,1.3643879164949135,True,2,0,0.49916916995474925,False,1.1558896637593012,False,6,1,False,False,False,25.0,14.922004354885033,5.89844555882478,0.3063771409080535,24.0,False,1,1,1,3,-10.350243324017827,101.93000030517578,251087066.85696107,74.29530201342281,False,0.0,0,,,,0.0,0,,,,False,False,False,False,0,,none,0,0,False,-3,0.375,mixed,4,False
RIOT,23.059999465942383,-19.623565574465275,109.06618335638552,56.9775365871092,39.34115825379678,0.2133834886717459,False,0.9020983379418892,28.14397190556457,33.44906568067343,4.296693031957877,True,False,False,False,28,46.666666666666664,True,0.4076858693800733,3.7623179629771193,False,-0.9134209557653311,True,26.286961538304855,False,0,0,0.5507084004363498,False,0.9443181584879444,False,4,2,True,False,False,,,,,,False,4,2,3,4,,,392927069.12451345,77.85234899328859,False,0.0,0,,,,0.0,0,,,,False,False,False,False,0,,none,0,0,False,-2,0.5,mixed,4,False
RITM,9.07289981842041,-20.671989929931943,9.125794975587965,-18.142311337865824,-35.77868967117824,0.12162228059761158,False,0.9992397775506424,3.967856626680156,-18.75778541423592,-0.18812248493320638,False,False,False,True,20,33.33333333333333,False,0.49687495504389084,1.0106713643028484,True,0.1441636045093864,True,-2.651286314322876,True,2,0,0.3641788278516723,False,0.5966468038610744,False,6,2,True,False,False,45.0,8.100867588562496,5.951790195640463,0.4450234699063765,5.0,False,0,2,2,4,-4.495791385048308,9.5,50499045.256957054,17.986577181208055,False,0.0,0,,,,0.0,0,,,,False,False,False,False,0,,none,0,0,False,-2,0.5,mixed,4,False
RIVN,16.024999618530273,-28.619157799832216,37.67181396796917,15.955137282179944,-1.6812410511324742,0.14695338552930887,False,1.139301963593839,12.854911169921856,0.4702182455298187,-13.982821575871373,False,True,False,False,27,45.0,True,0.5529397561874475,3.820237748677361,True,-0.1292384690464459,True,-8.192496771275625,False,0,1,0.4346875017348494,False,1.5763832771573634,True,3,3,True,True,False,25.0,28.96039683425462,17.815910204047626,0.2863246372369856,14.0,False,1,3,2,2,-20.668321716447522,20.200000762939453,729427298.2435526,47.78523489932886,False,0.0,0,,,,0.0,0,,,,False,False,False,False,0,,none,0,0,False,-4,0.25,mixed,4,False
RJF,167.44000244140625,-3.79942944254269,19.714614123803663,1.7301927917456217,-15.906185541566796,0.1324342768876357,False,1.0177751294695832,4.228381347242427,-0.21540349599655784,2.93864420981218,False,False,False,True,25,41.66666666666667,True,0.4524403799113968,1.147732521740413,True,2.804525749286804,True,-0.5464469978677,True,2,0,0.5149711181554192,False,0.7921099461423244,False,6,1,False,False,False,45.0,18.483463948292606,5.6258946676985,0.843431813524782,7.0,True,4,3,4,5,-2.893922430164242,172.42999267578125,228671522.61071777,35.369127516778526,False,0.0,0,,,,0.0,0,,,,False,False,False,False,0,,none,0,0,False,-1,0.625,mixed,4,False
RKLB,65.11000061035156,-56.6597866857184,64.9189497601079,35.2794497515295,17.64307141821708,0.2757408496375782,False,0.5954639178294238,12.901246271134923,-26.760405519905472,-35.18813338271758,False,True,True,False,21,35.0,False,0.548618281385985,4.130854110471866,True,-6.816873392378876,True,-3.7119225588279625,True,2,0,0.31836609561470974,False,0.7215761916427735,False,3,3,True,False,False,,,,,,False,1,2,2,3,,,1804564771.767308,65.16778523489933,False,0.0,0,,,,0.0,0,,,,False,False,False,False,0,,none,0,0,False,-3,0.375,mixed,4,False
RKT,12.6899995803833,-45.861777767687705,2.753029865680956,-14.602961819846804,-32.23934015315922,0.10557068676161414,False,0.8504036251874352,17.336492006983992,-39.77218906414811,-19.530759594011727,False,True,False,False,22,36.666666666666664,False,0.3924600149213493,1.7106502795526632,False,-1.887332054729248,True,-12.72352397746469,False,0,0,0.2011170632121499,False,0.6136419120647664,False,4,2,True,False,False,25.0,23.28349393204717,21.828215518979587,0.03145474934742688,16.0,False,0,2,2,2,-22.551117466482296,16.385000228881836,436983423.154775,20.87248322147651,False,0.0,0,,,,0.0,0,,,,False,False,False,False,0,,none,0,0,False,-4,0.25,mixed,4,False
RL,373.385009765625,-9.644491987139837,33.20132680065024,27.784877471448866,10.148499138136447,0.06032417422750315,False,1.0002423086493255,5.685152855559588,2.165331400541004,-6.236500270942935,True,True,False,True,17,28.333333333333332,False,0.5874725830797976,1.8739550332464123,True,-0.4582593057971611,True,-1.8570120159601022,True,2,0,0.4145610517032994,False,0.8134046210242916,False,4,3,True,False,False,35.0,15.796962940002837,8.27229572671368,0.28975501353452005,27.0,False,2,2,3,5,-11.219713729517999,420.5719821943956,231822935.93218994,59.06040268456376,False,0.0,0,,,,0.0,0,,,,False,False,False,False,0,,none,0,0,False,-1,0.625,mixed,4,False
RLAY,18.420000076293945,-11.228915294968933,472.0496867276155,400.5434712539437,382.9070929206313,0.0663570939044743,True,1.0472762422664035,10.985334021580377,147.9138694733016,-1.2332415385564177,True,True,False,False,23,38.333333333333336,False,0.49034841134594437,3.073533083154077,True,1.6742515534305484,True,-7.4836754522217275,False,0,1,0.46538890280060546,False,1.459386620871062,True,3,2,True,False,False,35.0,37.830689650996504,11.183493254126246,0.6986648924567097,11.0,False,8,4,5,6,-11.399714934419869,20.790000915527344,65707524.948093794,98.79194630872483,True,0.0,0,,,,0.0,0,,,,False,True,False,False,1,,power_play,6,6,True,0,0.75,mixed,4,False
RLI,61.084999084472656,-3.792372141803202,33.52528051825574,-2.1203542430281774,-19.756732576340596,0.17591642680645558,False,1.141423588467498,9.020215116830219,12.250673865784268,-2.295267694792247,True,False,False,False,28,46.666666666666664,True,0.5938839820133255,1.7514103319272893,True,3.3287365005965017,True,-0.7877222880550594,True,1,1,0.5472190824986856,False,1.763598287472956,True,4,2,True,False,False,25.0,18.199053075215527,9.020215116830219,0.8077256888392625,13.0,False,4,4,4,6,-3.4992103938147667,63.29999923706055,54649091.71758652,31.409395973154364,False,0.0,0,,,,0.0,0,,,,False,True,False,False,1,,power_play,6,6,True,0,0.75,mixed,4,False
RMBS,96.45999908447266,-43.47826261890027,53.47653369345857,50.22582223926357,32.58944390595116,0.11370289321178398,False,0.6784893880176045,13.808832491445008,-16.347236903324568,-14.576690888575838,True,True,False,False,21,35.0,False,0.5144084528093207,3.8899241027309204,True,-4.3307704846045265,True,-4.909309184816058,True,1,0,0.4138157108118444,False,0.4852252469859921,False,6,4,True,False,False,25.0,36.829931557583976,16.73232380555405,0.0664942466698552,23.0,False,1,2,4,2,-34.3809530037601,147.0,393976567.8446457,73.89261744966443,False,0.0,0,,,,0.0,0,,,,False,False,False,False,0,,none,0,0,False,-2,0.5,mixed,4,False
RMD,196.19000244140625,-32.69386040660369,7.313201280796755,-27.56464924974319,-45.201027583055605,0.1145996613489056,False,1.1012822442519843,4.342723333324,-21.852282398172818,-6.411297108407499,False,True,False,True,21,35.0,False,0.4921242787578375,1.4878575471336277,True,-0.3794284575185727,True,-1.4071073794980182,True,2,2,0.6256653880194781,True,1.9262979098489377,True,6,2,True,False,False,45.0,18.954273160802384,6.9677343385670065,0.37760916859482657,14.0,False,0,4,3,5,-11.796965831232564,222.42999267578125,293636904.27622986,12.61744966442953,False,0.0,0,,,,0.0,0,,,,False,False,False,False,0,,none,0,0,False,-1,0.625,mixed,4,False
RNG,47.45000076293945,-3.2126405339595987,101.55614274934055,74.19525916564855,56.55888083233613,2.0410095356781235,True,1.1346284538471525,25.142255244163536,77.50769789736127,18.595358044296816,False,False,False,False,24,40.0,True,0.3646464117745599,2.419416042164441,False,2.542462916433381,True,14.835433478677107,False,0,1,0.4492671344492097,False,2.16783948212554,True,5,2,True,True,False,45.0,32.85631556833399,25.142255244163536,0.857901915459779,37.0,False,9,3,3,4,-4.6688195073093075,49.77385207831091,77263282.94244632,84.02684563758389,True,0.0,0,,,,0.0,0,,,,False,False,False,False,0,,none,0,0,False,-2,0.5,mixed,4,False
RNR,324.2799987792969,-0.616019403900403,40.41197660779767,36.27899341369933,18.642615080386914,0.10456792513714101,True,1.1366443151093262,4.317256707999534,18.952357966433198,-0.616019403900403,True,False,False,True,20,33.33333333333333,False,0.5561429424796545,1.634074483622105,True,2.223517811424814,True,0.377639209410896,True,2,0,0.5486800737466317,False,0.6437948573043233,False,9,1,False,False,False,45.0,16.489841268900335,9.013809232386164,0.9026598039173833,13.0,True,6,3,5,5,-1.6051243824859784,329.57000732421875,120498336.38253479,65.90604026845638,False,0.0,0,,,,0.0,0,,,,False,False,False,False,0,,none,0,0,False,-1,0.625,mixed,4,False
ROAD,102.3550033569336,-27.139089927471872,9.552609464417806,-0.9723270583236743,-18.608705391636093,0.031216618072626004,False,0.8806584314897289,6.106198812973436,-7.763357456070996,-5.156592759851508,False,False,False,True,22,36.666666666666664,False,0.3822789286037212,2.0353148882210217,False,-1.8510971191741676,True,-2.024502573998621,True,2,0,0.39405140059934296,False,1.1710517415323405,False,6,1,False,False,False,25.0,28.09144209922612,15.456010137244123,0.24482823355086014,20.0,False,0,1,1,3,-21.213863952176325,129.9149932861328,141276052.1468323,32.21476510067114,False,0.0,0,,,,0.0,0,,,,False,False,False,False,0,,none,0,0,False,-3,0.375,mixed,4,False
ROIV,35.165000915527344,-4.468895399056594,214.81647874074693,209.00703481455935,191.37065648124693,0.13934272368917425,True,0.9932232147888758,4.933884729647374,55.73516844262112,0.09962950853388275,False,True,False,True,24,40.0,True,0.4491037560712964,1.4302981277645728,True,2.710879982367293,True,1.898008188500655,True,2,1,0.5218751005292155,False,1.8369137158793205,True,3,1,False,False,False,25.0,17.378379203177786,6.077068056193478,0.7146191294896849,10.0,False,9,3,5,6,-4.9594569850612285,37.0,176513907.5548523,95.83892617449663,True,0.0,0,,,,0.0,0,,,,False,True,False,False,1,,power_play,6,6,True,0,0.75,mixed,4,False
ROK,460.70001220703125,-6.944327239577486,42.153857859306434,30.86947536107352,13.2330970277611,0.07892679025647291,False,1.0102045448859316,3.833297849832322,10.981683361096728,-2.331990611688184,False,True,False,True,26,43.333333333333336,True,0.47732723122508874,1.3156061577850238,True,-0.018898919118272014,True,-0.24899726778970788,True,2,1,0.4836369545713131,False,1.815489222127349,True,7,3,True,False,False,65.0,20.564329691386593,4.779680579599473,0.6415680268933089,17.0,False,3,4,3,5,-7.370913266900203,497.3599853515625,409701673.4397217,61.4765100671141,False,0.0,0,,,,0.0,0,,,,False,False,False,False,0,,none,0,0,False,-1,0.625,mixed,4,False
ROKU,142.61000061035156,-1.2601205827900586,78.30707004838912,58.367568881018215,40.73119054770579,0.07596802284082799,True,0.4283501962282088,3.155458930468135,34.24644272219488,0.1263834471859182,False,True,True,True,23,38.333333333333336,False,0.4903638609041751,0.6844765708116122,True,5.328599278658998,False,-1.2601205827900586,True,3,1,0.561793286821765,False,2.4921893996539026,True,4,3,True,False,False,35.0,22.75658501588603,4.024967020964598,0.8149349655010899,28.0,False,6,3,5,5,-4.211448191042333,148.8800048828125,442120576.24392474,78.52348993288591,False,0.0,0,,,,0.0,0,,,,False,False,False,False,0,,none,0,0,False,-1,0.625,mixed,4,False
ROL,38.630001068115234,-40.7326864467399,0.0,-32.601788931053996,-50.23816726436641,0.39551389061137965,False,1.1922013210882971,22.26248572697927,-38.198444754511385,-10.949746157316953,False,False,False,False,19,31.666666666666664,False,0.45418847757595604,1.4058968098253202,True,-4.750397673829875,True,-14.364884625493302,False,0,1,0.43135786572112034,False,1.2549559134467834,True,7,1,False,False,False,25.0,21.074202608146994,25.291224922661783,0.20880254042427085,5.0,False,0,2,1,2,-16.67385556615011,46.36000061035156,232351045.87838078,10.335570469798657,False,0.0,0,,,,0.0,0,,,,False,False,False,False,0,,none,0,0,False,-4,0.25,mixed,4,False
ROP,368.8500061035156,-33.915745956039466,17.490478698910895,-33.59850580009489,-51.234884133407306,0.13808871138097553,False,1.1917493355263997,9.122947902850434,-9.050878855449806,1.5307640942718637,False,True,False,False,25,41.66666666666667,True,0.5282978928854712,1.6883153053259075,True,2.3156991750231586,True,1.5723939044850477,True,1,0,0.37995761443423304,False,1.1768531965447562,False,3,1,False,False,False,55.0,18.62549239613039,9.122947902850434,0.9112532626276955,13.0,True,2,3,4,5,-1.6529516821092383,375.0493913261822,343591007.35883176,9.93288590604027,False,0.0,0,,,,0.0,0,,,,False,False,False,False,0,,none,0,0,False,-1,0.625,mixed,4,False
ROST,236.4199981689453,-1.5449992247648203,74.84985604303824,74.84985604303824,57.21347770972582,0.07204248114003883,True,0.890658819352245,3.7644843775544126,25.901311674718386,10.77168452518662,False,True,False,True,25,41.66666666666667,True,0.5008866576971321,1.4043627440364517,True,2.009478099822004,True,1.2678794525633474,True,2,1,0.6345424051454924,True,0.9669996253908014,False,4,1,False,False,False,25.0,14.53474056512363,8.869802099790622,0.8709307903764197,23.0,True,7,4,5,5,-1.8759874768242923,240.94000244140625,617013112.3686966,84.29530201342283,True,0.0,0,,,,0.0,0,,,,False,False,False,False,0,,none,0,0,False,-1,0.625,mixed,4,False
RPM,106.88999938964844,-14.954102254768998,15.851014171820665,-11.077668421551035,-28.714046754863453,0.2705367452413967,False,1.159059543528606,9.68285015737723,-1.344636007515121,-3.7304678535039937,False,False,False,False,21,35.0,False,0.4993358709901587,1.4487943263893945,True,0.6194051912046983,True,1.7224947916386846,True,1,0,0.47499988045049896,False,0.7180907414303701,False,5,1,False,True,True,45.0,16.727049115752546,9.68285015737723,0.6981539828731734,20.0,False,1,2,2,5,-5.048993153874715,112.57384512296022,102584149.19233856,22.75167785234899,False,0.0,0,,,,0.0,0,,,,False,False,False,False,0,,none,0,0,False,-1,0.625,mixed,4,False
RPRX,58.900001525878906,-0.20331909683843907,71.3504409862769,64.42725941185104,46.79088107853862,0.20493900614924382,True,0.9685010730049014,4.787775249182625,47.20335419216342,1.9560343762527577,False,True,False,True,26,43.333333333333336,True,0.5500750925464631,1.3547625263735683,True,2.641119794497318,True,1.2375407647412295,True,2,1,0.5560906956771715,False,1.3066485368305536,True,4,0,False,False,False,65.0,18.128131846271618,8.098472553804394,0.9242572914010668,0.0,True,8,3,4,6,-1.3730738078751914,59.720001220703125,167148376.93011206,80.67114093959732,True,0.0,0,,,,0.0,0,,,,False,True,False,False,1,,power_play,6,6,True,0,0.75,mixed,4,False
RRC,39.94499969482422,-15.948801962388092,23.046600600559675,11.302044708351078,-6.3343336249613404,0.1733957252694699,False,1.0025564870487913,9.287778013553563,10.467844684603556,5.646649679947813,False,False,False,False,23,38.333333333333336,False,0.4679238473220333,1.2096720087232513,True,1.4790358370328298,True,8.664313162999559,False,0,1,0.613126275267806,True,0.9431188647441762,False,3,0,False,False,False,35.0,13.971446141861794,11.240459914307067,0.896159760631929,34.0,True,1,4,3,4,-1.4507983116890388,40.53305253670273,123122649.11217919,43.758389261744966,False,0.0,0,,,,0.0,0,,,,False,False,False,False,0,,none,0,0,False,-2,0.5,mixed,4,False
RRX,211.0399932861328,-11.398467138414937,64.90436400411393,37.80776842799381,20.17139009468139,0.06739721965428826,False,0.8709445151994176,5.6340029226250525,35.694814146495915,-3.392082291429399,False,True,False,True,26,43.333333333333336,True,0.39778754771854063,2.077680456872654,False,-0.03199733250372611,True,2.045353598701438,True,2,0,0.457110427488315,False,0.901896174089586,False,3,2,True,False,False,25.0,18.954802519067172,7.998486267920889,0.21737260357101784,16.0,False,4,2,3,5,-14.834547745323057,247.8000030517578,235731466.37878418,67.31543624161074,False,0.0,0,,,,0.0,0,,,,False,False,False,False,0,,none,0,0,False,-1,0.625,mixed,4,False
RS,401.45001220703125,-2.897704733808437,52.778101677750236,35.38954957269284,17.753171239380425,0.11370884020549951,True,0.9538539109979223,8.481750344401254,22.62571459812801,7.913766207515249,False,False,False,False,26,43.333333333333336,True,0.47193849014452927,1.3356353726692356,True,1.579524428329035,True,1.3941907997281344,True,1,0,0.5535104903457834,False,0.5604899475899991,False,3,2,True,False,False,55.0,16.503422017274076,8.529079385534342,0.7347243172907781,27.0,False,6,3,4,6,-4.3779565426707805,419.8299865722656,139122424.80003968,65.30201342281879,False,0.0,0,,,,0.0,0,,,,False,True,False,False,1,,power_play,6,6,True,0,0.75,mixed,4,False
RSG,217.84500122070312,-10.428192900842536,10.494607417919388,-10.099309140662472,-27.73568747397489,0.18427175857271713,False,1.1299192187387694,4.305808979532371,0.6854474457027582,0.23235708628033258,False,True,False,True,23,38.333333333333336,False,0.38762680867095256,0.7822840229222292,False,1.2430600171460695,True,-2.008455034377743,True,2,0,0.47043166043931517,False,0.5585781141342823,False,5,1,False,False,False,55.0,14.188822965744208,6.619384465166646,0.6796033017189561,5.0,False,1,2,3,5,-4.546052030718695,228.22000122070312,271343378.8446884,23.624161073825505,False,0.0,0,,,,0.0,0,,,,False,False,False,False,0,,none,0,0,False,-1,0.625,mixed,4,False
RSI,31.200000762939453,-9.617611966391326,112.24490590315975,112.24490590315975,94.60852756984733,0.32864501278473546,True,1.06588084423004,12.560893020608047,81.71229251196259,-1.5151500555948827,False,False,False,False,31,51.66666666666667,True,0.43840541908466985,1.952741440210286,False,1.2725812581975893,True,-3.9999976524939918,True,1,0,0.42629704074909247,False,0.9281582572967664,False,5,1,False,False,False,35.0,26.151170282435643,12.560893020608047,0.6312294057013468,4.0,False,7,2,3,3,-9.643782606659068,34.529998779296875,81057588.19378634,90.06711409395973,True,0.0,0,,,,0.0,0,,,,False,False,False,False,0,,none,0,0,False,-3,0.375,mixed,4,False
RTX,213.625,0.0,42.390767955209974,39.82064570781007,22.184267374497654,0.2667601846350912,False,1.1438171040862788,11.641843560287448,9.849106369997273,7.214554579673771,False,False,False,False,28,46.666666666666664,True,0.3421583464125523,0.8398807227924691,False,5.0064602216381076,False,10.394814771416616,False,0,0,0.41368094866861804,False,1.1930841849360934,False,3,1,False,True,True,35.0,18.009171893763725,11.641843560287448,0.9673153444710981,0.0,True,6,1,2,5,-0.5886235797084471,214.889892578125,887226281.6091706,68.99328859060402,False,0.0,0,,,,0.0,0,,,,False,False,False,False,0,,none,0,0,False,-1,0.625,mixed,4,False
RUN,9.783599853515625,-54.30359680876785,7.8676977144621185,-7.527410925646394,-25.16378925895881,0.29577473621795847,False,0.7759988277107301,22.639929941451516,-49.827693058894226,-23.205651261507533,False,True,False,False,22,36.666666666666664,False,0.389351954777254,2.6111502520761687,False,-4.651422474974992,True,-17.437978577497827,False,0,0,0.3058924868056322,False,0.6021520180549139,False,9,3,True,False,False,,,,,,False,0,2,2,2,,,120921359.6911521,26.241610738255034,False,0.0,0,,,,0.0,0,,,,False,False,False,False,0,,none,0,0,False,-4,0.25,mixed,4,False
RVMD,187.6300048828125,-2.590587872945982,440.72046327793305,404.1106897611971,386.4743114278847,0.10650565931454523,True,1.02206906938994,7.536107776834422,59.508636626581705,-0.8507718049129531,True,True,False,True,30,50.0,True,0.4340954125800642,1.9411158040645589,False,2.883213446486804,True,0.7896439577704584,True,2,1,0.5202408882319067,False,1.961217280049653,True,4,1,False,False,False,25.0,18.27679794119511,9.342854726377869,0.8251237394001498,11.0,False,9,3,5,6,-3.1961780796952444,193.8249969482422,480560173.8519112,98.9261744966443,True,0.0,0,,,,0.0,0,,,,False,True,False,False,1,,power_play,6,6,True,0,0.75,mixed,4,False
RVTY,111.2300033569336,-5.403959006740012,35.30239644161524,9.382709713780768,-8.25366861953165,0.08849126997973508,False,0.9378216318895762,12.253885500371457,-4.577369284874456,-2.1626682634733774,False,False,False,False,25,41.66666666666667,True,0.45256990064239994,1.5958914529852504,True,1.9588087319893512,True,0.9804828107977448,True,1,1,0.5079008132742516,False,1.218550777946812,True,5,2,True,False,False,35.0,16.615013274666758,12.253885500371457,0.7481737254377115,19.0,False,2,4,3,4,-4.184096894762302,116.08720447457046,154699268.6862728,41.74496644295302,False,0.0,0,,,,0.0,0,,,,False,False,False,False,0,,none,0,0,False,-2,0.5,mixed,4,False
RY,208.625,-4.243353983743758,63.517051374209224,59.107722592812316,41.4713442594999,0.07724067319383118,True,1.0925684771669628,4.198918876853655,23.765031205924526,1.8726533715487381,False,True,False,True,33,55.00000000000001,True,0.5437199759300938,0.8827330281516369,True,2.5901194752249266,True,-3.1587953892857734,True,2,0,0.514817540023936,False,0.9811263626437868,False,4,1,False,False,False,55.0,18.067440257064195,5.478733581579539,0.7481639417360859,6.0,False,5,2,3,5,-4.550032937257809,218.57000732421875,308687633.53784716,78.79194630872483,False,0.0,0,,,,0.0,0,,,,False,False,False,False,0,,none,0,0,False,-1,0.625,mixed,4,False
RYAAY,57.345001220703125,-21.803290695284016,7.7103670413605885,-6.9869744065570565,-24.623352739869475,0.15939097899485327,False,1.0282238583862569,9.503881152542121,-19.198252452650888,-12.43700856428397,False,False,False,False,24,40.0,True,0.3669080044526045,1.009682832115537,False,-1.700910337065438,True,-8.350644877106028,False,0,1,0.44271292367020676,False,1.2078414508906807,True,4,2,True,False,False,35.0,17.517379759426294,20.455132056574463,0.1347129826044596,7.0,False,1,3,2,2,-15.157561284618982,67.58999633789062,112147596.59484616,26.845637583892618,False,0.0,0,,,,0.0,0,,,,False,False,False,False,0,,none,0,0,False,-4,0.25,mixed,4,False
RYAN,41.09000015258789,-37.25356661277165,40.39275181405042,-35.45105739784782,-53.08743573116024,0.09464430507900005,False,0.9414248791509368,10.610855668436802,-17.20128982001048,-2.2364945372589706,False,True,False,False,24,40.0,True,0.5156844930004817,2.1956501268232884,True,3.1766122377026047,True,-2.0967382476061114,True,1,0,0.5540703943807836,False,1.1254778781178318,False,5,3,True,False,False,25.0,24.353985416568346,12.679481784193971,0.7521126800922548,5.0,False,2,3,3,4,-6.037044173985439,43.72999954223633,83063327.30953197,8.926174496644295,False,0.0,0,,,,0.0,0,,,,False,False,False,False,0,,none,0,0,False,-2,0.5,mixed,4,False
RYTM,102.01000213623047,-13.27155266607506,34.54234047325391,16.890118093450333,-0.7462602398620852,0.073130601420801,False,0.9009492045194732,6.283693655995163,-0.8360071812870018,-10.65078061464173,False,True,False,True,27,45.0,True,0.44899704738878526,1.6902068227201257,True,0.9007156420500197,True,-4.305812761343441,True,2,1,0.5474747414595905,False,2.983836169351705,True,3,3,True,False,False,65.0,31.50448345404652,9.459858174487339,0.6191128885178646,11.0,False,1,4,4,4,-11.999651701548508,115.91999816894531,81723622.50486068,48.5234899328859,False,0.0,0,,,,0.0,0,,,,False,False,False,False,0,,none,0,0,False,-2,0.5,mixed,4,False
S,17.861400604248047,-10.33433465944491,49.59297514208669,-8.261935109587327,-25.898313442899745,0.15375482565411078,False,1.1440470057480554,14.780472417266965,24.992306871440363,2.0068553442197823,False,True,False,False,26,43.333333333333336,True,0.5226264962978869,3.096016671790313,True,0.7353853577972723,True,-8.73070575993956,False,0,1,0.43940214011805984,False,1.3056622049435955,True,4,1,False,True,False,65.0,34.69338379319072,18.979471233863826,0.6035353247098693,7.0,False,2,2,2,4,-13.754701140283244,20.709999084472656,134249926.48014203,25.033557046979865,False,0.0,0,,,,0.0,0,,,,False,False,False,False,0,,none,0,0,False,-2,0.5,mixed,4,False
SAIA,424.3349914550781,-12.892601983987074,69.40873470656345,36.09640457543433,18.46002624212191,0.08644977036779745,False,0.800399191338488,5.3896085823053355,20.78648327800714,1.8346946096329475,True,True,False,True,24,40.0,True,0.3001797654680197,0.9724123017934914,False,-1.502205441885526,True,-2.864831057246675,True,2,1,0.6331910423311674,True,0.28533786655333615,False,6,4,True,False,False,25.0,9.729996856375896,6.876640687990579,0.5269175905497042,20.0,False,2,3,4,4,-4.603090356758111,444.80999755859375,160929491.55086058,65.83892617449665,False,0.0,0,,,,0.0,0,,,,False,False,False,False,0,,none,0,0,False,-2,0.5,mixed,4,False
SAIC,120.54000091552734,0.0,47.65878388987166,6.325617623136659,-11.31076071017576,0.43720392836510685,False,0.7989809938606636,9.092422955552985,10.227938130829607,8.987351621715556,True,True,False,False,29,48.333333333333336,True,0.5384145433208305,2.020028802673331,True,3.4771169393925883,True,4.354600195890024,True,1,2,0.47729685944138744,False,1.3285910129474485,True,2,0,False,False,False,45.0,24.584716107467614,9.59018176554467,0.91833750806571,37.0,True,5,5,6,6,-2.0076491808328822,123.00960218616365,51628925.84355736,39.328859060402685,False,0.0,0,,,,0.0,0,,,,True,True,False,False,2,power_play,sepa_vcp,6,6,True,0,0.75,mixed,4,False
SAIL,14.635000228881836,-38.066014605787025,39.51382791423876,-28.505125941386535,-46.14150427469895,0.08525045196804722,False,0.9282491274230222,9.4977814935706,-17.78089406649532,-4.1584820553098645,True,True,False,False,22,36.666666666666664,False,0.46825233372822694,3.289113792956778,True,-0.4581633765816175,True,-6.664541173184824,False,0,2,0.5113533893725117,False,1.6480714672407912,True,2,3,True,False,False,25.0,26.843663360520832,18.312266916722436,0.49120880180389026,13.0,False,0,4,4,4,-13.65781964517241,16.950000762939453,63145051.51338887,12.147651006711408,False,0.0,0,,,,0.0,0,,,,False,False,False,False,0,,none,0,0,False,-2,0.5,mixed,4,False
SAM,175.8300018310547,-32.386075722089004,9.156940546518143,-12.873492910080431,-30.50987124339285,0.47004605790524845,False,1.0966629009311857,9.639991339207572,-20.196977093533476,-4.2424537050887,False,False,False,False,20,33.33333333333333,False,0.49764039803652615,2.2375262689739546,True,-0.14723003116123987,True,-1.6610744798720156,True,1,1,0.5137664398199941,False,1.3967820773930752,True,4,3,True,False,False,35.0,17.534562838702577,12.77938974390349,0.5082989437790144,19.0,False,0,3,2,3,-8.621763068163302,192.4199981689453,65548814.32104568,22.01342281879195,False,0.0,0,,,,0.0,0,,,,False,False,False,False,0,,none,0,0,False,-3,0.375,mixed,4,False
SAN,13.53499984741211,-5.8107170827892185,63.11756494974867,54.300392087282034,36.66401375396961,0.2275599291381449,True,1.0391635457211705,5.762842227106813,10.498990695023291,-2.9749101614854334,False,False,False,True,27,45.0,True,0.4839829740147411,0.8023556467939822,True,1.560384786059447,True,-0.11070363920002713,True,2,0,0.4635009883601179,False,0.9550790011475027,False,4,2,True,False,False,45.0,17.512163986382408,5.762842227106813,0.6607141505563856,13.0,False,4,3,4,5,-5.941629433715622,14.390000343322754,119947449.53290701,76.1744966442953,False,0.0,0,,,,0.0,0,,,,False,False,False,False,0,,none,0,0,False,-1,0.625,mixed,4,False
SANM,210.8000030517578,-25.438595733734992,120.06472600167561,120.06472600167561,102.42834766836319,0.1341749905348621,False,0.7925100990656462,11.095824976769798,18.540179318012882,-4.081540267698458,True,True,False,False,24,40.0,True,0.4382062672340442,2.6366755285921473,False,-2.2266267671754156,True,6.874871821611106,False,0,0,0.46902673653946125,False,0.41936999933946256,False,3,3,True,False,False,25.0,27.92896780416668,17.082539841327417,0.32067164708812507,21.0,False,4,2,3,3,-18.972939696933334,260.1600036621094,234233228.59908143,91.0738255033557,True,0.0,0,,,,0.0,0,,,,False,False,False,False,0,,none,0,0,False,-3,0.375,mixed,4,False
SAP,157.38999938964844,-45.804499188016734,7.521515329672401,-44.04318544081697,-61.67956377412939,0.8869091966247804,False,0.9513297907080005,9.371624663066177,-30.702375124230308,-3.1982268684204174,False,False,False,False,25,41.66666666666667,True,0.515107272459988,1.5010395885376666,True,-1.3532544883386497,True,-1.0374710551677602,True,1,1,0.48186133266116205,False,1.7326903181052422,True,6,1,False,False,False,25.0,12.642359815217393,10.998155934761526,0.591992406969006,13.0,False,2,2,1,4,-5.158178798438606,165.9499969482422,430590225.2063621,5.771812080536913,False,0.0,0,,,,0.0,0,,,,False,False,False,False,0,,none,0,0,False,-2,0.5,mixed,4,False
SARO,28.690000534057617,-13.375599458617039,18.211784066448345,1.1992950547193848,-16.437083278593033,0.08961128296916226,False,1.0265505203950838,9.306378621793382,-12.98149993381842,-4.716041340117949,False,False,False,False,30,50.0,True,0.467936033809258,1.6585732092405787,True,1.4547136613309535,True,7.332588946454233,False,0,1,0.5229745605070089,False,1.3372408220441772,True,5,1,False,False,False,35.0,20.361111562093654,9.306378621793382,0.6318290797788382,14.0,False,2,3,2,4,-7.4963691805417625,31.014999389648438,97103273.2505457,34.630872483221474,False,0.0,0,,,,0.0,0,,,,False,False,False,False,0,,none,0,0,False,-2,0.5,mixed,4,False
SBAC,178.26499938964844,-22.393183116555292,8.59365762901172,-22.393183116555292,-40.029561449867714,0.0989737090859986,False,0.8766344930937758,7.309342172557462,-3.524141147651283,-3.4108139641401913,False,True,False,True,18,30.0,False,0.425825653940412,1.3114724167556269,False,-2.7329893789612467,True,-3.9986014077956322,True,2,0,0.2994969602532723,False,0.7697181271718824,False,4,3,True,False,False,25.0,9.594590457736722,10.355365056675318,0.23429030066275747,9.0,False,0,2,2,4,-7.346670974657565,192.39999389648438,166876109.1489044,15.167785234899329,False,0.0,0,,,,0.0,0,,,,False,False,False,False,0,,none,0,0,False,-2,0.5,mixed,4,False
SBET,5.730899810791016,-76.04138882729077,25.67762900667394,-75.4249576081128,-93.06133594142523,0.14396192891865978,False,0.9038802571073151,13.784920133579973,-41.22154040214343,7.926551272073135,False,True,False,False,20,33.33333333333333,False,0.46639405860143385,3.0666805904940904,True,0.04746862131093342,True,1.07406937703034,True,1,2,0.45060977966402255,False,1.6724851397182434,True,1,0,False,False,False,45.0,32.115678514219,20.764620210993524,0.6023221290167596,42.0,False,1,3,3,5,-12.771694656716814,6.570000171661377,55968402.80418129,0.5369127516778524,False,0.0,0,,,,0.0,0,,,,False,False,False,False,0,,none,0,0,False,-1,0.625,mixed,4,False
SBRA,22.371200561523438,0.0,35.86839535744979,29.543106034266042,11.906727700953624,0.0942492338978689,True,1.1228501267895563,12.158486111973176,22.388711016938622,10.968257593489895,True,False,False,False,25,41.66666666666667,True,0.43935485173562216,1.3570077174917528,False,4.5149752313991955,False,11.244156551680696,False,0,2,0.5152726081433586,False,1.433773531760746,True,1,0,False,False,False,25.0,20.798220777768588,14.080601574633436,0.9618766038610604,2.0,True,7,3,5,3,-0.7928988096959966,22.549999237060547,69398580.2968812,60.26845637583893,False,0.0,0,,,,0.0,0,,,,False,False,False,False,0,,none,0,0,False,-1,0.625,mixed,4,False
SBUX,104.44000244140625,-3.626465078501373,35.729618734018075,14.403546543706081,-3.2328317896063368,0.13558992054535463,False,1.0575590460878446,4.519342311726944,8.30733415400886,0.16304383217906615,False,True,False,True,22,36.666666666666664,False,0.3821305021723589,1.0104539806016677,False,0.6764225734319353,True,-0.9953506907064757,True,2,0,0.4312784686279231,False,0.9582141140197704,False,3,4,True,False,False,35.0,14.27263891619715,6.98966189305991,0.6927517834133383,5.0,False,2,3,3,5,-4.385242852986959,109.2300033569336,700937252.1741683,46.241610738255034,False,0.0,0,,,,0.0,0,,,,False,False,False,False,0,,none,0,0,False,-1,0.625,mixed,4,False
SCCO,179.43499755859375,-16.75606486165678,110.56816750332317,91.64495010358029,74.00857177026786,0.12563541344499163,False,0.9664687029304726,12.673107556372527,0.1208061496792423,4.3166114114739695,False,False,False,False,24,40.0,True,0.40449132441301733,1.4018765484152493,False,-0.19132580384387177,True,4.032352738482947,True,1,1,0.4377046809802242,False,1.270191908103187,True,7,0,False,False,False,25.0,17.889324797587804,15.259001865052896,0.5163632495055223,2.0,False,4,2,1,3,-8.651934913645643,196.42999267578125,208095847.28180236,87.31543624161074,True,0.0,0,,,,0.0,0,,,,False,False,False,False,0,,none,0,0,False,-3,0.375,mixed,4,False
SCHW,101.37999725341797,-4.778134300298653,18.781486896168275,6.38964157920745,-11.246736754104969,0.11796245027795156,False,0.9767776090988519,4.99112776195867,-0.0906607202617482,4.515461085997896,True,False,False,True,30,50.0,True,0.40596786534427937,1.1730193661771462,False,3.2963117275887392,True,-0.17723543669044828,True,2,1,0.4579276989834392,False,1.5684140859119753,True,3,1,False,False,False,35.0,17.017616613152104,4.99112776195867,0.8256465137155267,3.0,True,4,4,5,5,-2.967080784755638,104.4800033569336,917733141.5043914,39.53020134228188,False,0.0,0,,,,0.0,0,,,,False,False,False,False,0,,none,0,0,False,-1,0.625,mixed,4,False
SCI,80.8550033569336,-7.4031668843575265,18.125940046149893,7.938003179527819,-9.6983751537846,0.11629554172569119,False,0.9643991529766127,5.120276071689036,0.5028543921450579,2.9213414837852003,True,True,False,True,23,38.333333333333336,False,0.5231899703327,1.2355627417218604,True,2.8916902782651404,True,2.7121469805934995,True,2,1,0.4879240072922448,False,1.3669987759115445,True,3,1,False,False,False,45.0,15.948863770881037,5.182118938155907,0.9880033528401484,5.0,True,2,4,5,6,-0.1913328912597989,81.01000213623047,91508990.04402351,40.939597315436245,False,0.0,0,,,,0.0,0,,,,False,True,False,False,1,,power_play,6,6,True,0,0.75,mixed,4,False
SCO,25.795000076293945,-69.29166657584054,10.613209321863938,-61.22218674377723,-78.85856507708965,0.2864317696542958,False,1.0022152095312484,12.521804739999803,-62.68084627995837,-27.582816255494336,False,False,False,False,24,40.0,True,0.40885780479359923,1.7710428676275087,False,-1.9282859137750437,True,-6.097558350670395,False,0,0,0.4540304219868826,False,0.6220099302459768,False,7,1,False,False,False,25.0,32.777476977291606,28.067453962800528,0.10050039658210809,15.0,False,1,1,1,1,-29.48332754211288,36.58000183105469,121365796.99664497,2.013422818791946,False,0.0,0,,,,0.0,0,,,,False,False,False,False,0,,none,0,0,False,-5,0.125,mixed,4,False
SDOT,17.6299991607666,-91.98636401783337,545.7875105345205,-91.98636401783337,-109.62274235114579,0.011328463424000592,False,0.9437285220884403,104.36755810787113,-71.19281218793267,-65.12364109425894,True,True,False,False,16,26.666666666666668,False,0.40010001121984085,20.2421212885731,False,0.07013574096141884,True,-30.316206749360664,False,0,1,0.2921044280387418,False,4.205125099085132,True,3,3,True,True,False,,,,,,False,0,3,3,2,,,169408360.43792486,0.06711409395973154,False,0.0,0,,,,0.0,0,,,,False,False,False,False,0,,none,0,0,False,-3,0.375,mixed,4,False
SE,98.30000305175781,-49.97455315432172,25.767654101853577,-37.73357440165286,-55.36995273496528,0.1779416025360411,False,1.0057926039090102,10.798581041319961,-21.221346358862558,-4.840270912184563,False,True,False,False,23,38.333333333333336,False,0.4465808346335433,2.190113405488013,True,0.739577818283859,True,-5.526189169970297,False,0,0,0.3037347806690886,False,0.9329856662647185,False,4,1,False,False,False,25.0,25.967855802598848,18.26043135338004,0.42029962063759896,10.0,False,0,1,2,3,-15.053575859994684,115.72000122070312,482947071.05254364,8.25503355704698,False,0.0,0,,,,0.0,0,,,,False,False,False,False,0,,none,0,0,False,-3,0.375,mixed,4,False
SEDG,42.36000061035156,-46.04509048815394,73.46437542182125,48.788203835613196,31.151825502300778,0.30500509677174714,False,0.7222417802106967,27.313502191019435,22.427752827892533,-19.129439200914888,False,True,False,False,21,35.0,False,0.42925940332730167,3.694608539571014,False,-3.6538543847112175,True,-20.778007025834643,False,0,0,0.35686441789269585,False,0.7002541886893517,False,6,3,True,False,False,25.0,31.041840437755752,37.81869741958607,0.017441955415226328,23.0,False,1,2,2,2,-30.50041004083385,60.95000076293945,112092690.31929798,73.08724832214764,False,0.0,0,,,,0.0,0,,,,False,False,False,False,0,,none,0,0,False,-4,0.25,mixed,4,False
SEI,57.310001373291016,-30.851830028351557,132.30618051367694,71.07180633409205,53.43542800077962,0.09930909335525334,False,0.8652818820528391,16.803358318013416,7.169341131536511,-14.704570187701949,False,True,False,False,24,40.0,True,0.3360184544921339,2.7311233863072477,False,-3.2282729640158787,True,-4.927003095802817,True,1,0,0.3766776312991145,False,0.7190922066287393,False,5,2,True,False,False,25.0,33.91344996979755,25.946610347687248,0.011974076244344187,24.0,False,3,2,2,2,-33.50736773415044,86.19000244140625,201746554.69238377,83.42281879194631,True,0.0,0,,,,0.0,0,,,,False,False,False,False,0,,none,0,0,False,-4,0.25,mixed,4,False
SEIC,98.73999786376953,-1.5160624776325071,32.10635756631655,11.292987957752176,-6.343390375560242,0.16287583156799346,False,1.1949369946948913,6.977921347693862,16.569905244752192,7.9951848782613855,True,False,False,True,20,33.33333333333333,False,0.48386082201884373,1.489504527724114,True,2.7845620087132477,True,-0.5138560566553818,True,2,1,0.5907130873057795,False,1.2408847299627976,True,5,2,True,False,False,65.0,19.660465948069348,7.656469234508384,0.8234768219865451,1.0,False,3,3,3,6,-3.4705279303785086,102.29000091552734,74809054.2176651,43.691275167785236,False,0.0,0,,,,0.0,0,,,,False,True,False,False,1,,power_play,6,6,True,0,0.75,mixed,4,False
SEZL,156.15989685058594,-17.17852329722882,206.3760900738541,10.972068999393425,-6.664309333918993,0.09886942342913224,False,1.2942729766845265,16.98258614953252,131.00576978617494,-14.778491503367896,False,True,False,False,32,53.333333333333336,True,0.4427949812296014,3.2473356876386785,True,0.8735214083622013,True,-10.59718412572257,False,0,0,0.4798138275680472,False,1.1804268980265509,False,5,1,False,False,False,25.0,24.7202509954155,26.696996656763496,0.18251124696905854,6.0,False,4,1,2,3,-20.208527160854107,195.7100067138672,109269201.02153397,43.42281879194631,False,0.0,0,,,,0.0,0,,,,False,False,False,False,0,,none,0,0,False,-3,0.375,mixed,4,False
SF,79.94499969482422,-9.129727446877334,17.600758674676143,9.892200560024333,-7.744177773288085,0.07848729727458614,False,0.9939706981261743,4.803307251164783,-5.645069066014541,9.259261576357858,False,False,False,True,25,41.66666666666667,True,0.48278098113571516,1.3218167255260664,True,3.699067427599474,True,3.6093777871118116,True,2,1,0.6888056243675399,True,1.0704231753866909,False,3,0,False,False,False,65.0,17.375706648949024,7.267502920966839,0.8509644370435985,64.0,True,3,4,3,4,-2.5895982221914027,82.07029047798956,100398897.67621307,42.14765100671141,False,0.0,0,,,,0.0,0,,,,False,False,False,False,0,,none,0,0,False,-2,0.5,mixed,4,False
SFM,72.9000015258789,-55.656931732138084,11.1958575970432,-55.656931732138084,-73.2933100654505,0.09857595006167665,False,0.9297082860719201,8.60081826039552,2.043671660943902,-18.945964479630184,False,True,False,False,22,36.666666666666664,False,0.47520169427100956,2.4319327878365367,True,-2.6046444936592312,True,-3.800471496186919,True,1,0,0.4293706167487133,False,0.5256540982362363,False,4,1,False,False,False,25.0,23.0346318319993,16.98216322947973,0.13842491400086965,14.0,False,0,1,2,2,-19.846064901613104,90.94999694824219,176043201.93060455,2.684563758389262,False,0.0,0,,,,0.0,0,,,,False,False,False,False,0,,none,0,0,False,-4,0.25,mixed,4,False
SGI,70.43000030517578,-27.79569705764017,14.836131443157896,-3.8845969757708265,-21.520975309083244,0.05362142359906115,False,1.0052945759539882,7.979547199823732,-23.658836393214923,-10.200178463434305,False,True,False,True,22,36.666666666666664,False,0.4061262914954572,1.555227313354758,False,-0.3360633789468549,True,-3.1623854607433444,True,2,0,0.48475836506498,False,0.6921893157118343,False,7,1,False,False,False,35.0,16.284315419861084,11.472375644823575,0.28098553703839657,19.0,False,0,1,2,4,-11.708658306308772,79.7699966430664,168295366.4025364,29.463087248322147,False,0.0,0,,,,0.0,0,,,,False,False,False,False,0,,none,0,0,False,-2,0.5,mixed,4,False
SGOL,38.68410110473633,-24.753742035493087,24.067032476311077,20.361237832492286,2.7248594991798676,0.28982900978911125,False,0.8642027652617369,4.110216102173348,-18.508320813219182,-1.4166680681757526,True,False,False,True,24,40.0,True,0.37541186816570665,0.4678393144549977,False,-2.6402215091647023,True,1.2142853720836788,True,2,0,0.4732226556421068,False,1.0229059039622146,False,6,1,False,False,False,25.0,7.43923106641535,4.963274611828154,0.32478572219928087,24.0,False,1,1,2,3,-5.023075031902313,40.72999954223633,74473050.64033985,52.147651006711406,False,0.0,0,,,,0.0,0,,,,False,False,False,False,0,,none,0,0,False,-3,0.375,mixed,4,False
SHAK,56.400001525878906,-59.97445173507945,7.756976235106627,-57.82231452960321,-75.45869286291563,0.10140512354364374,False,0.8693205673817567,7.3031903719208,-38.861786963816904,-0.12395908147874168,False,True,False,True,18,30.0,False,0.4321423843963493,1.9134954562710131,False,-0.7166832465081284,True,-2.758618058829476,True,2,1,0.4200494145396931,False,1.3679591090182306,True,4,3,True,False,False,35.0,17.75582229250896,14.980498375304247,0.4308798627531217,8.0,False,0,3,2,4,-10.105196020043882,62.7400016784668,101641340.815625,2.5503355704697985,False,0.0,0,,,,0.0,0,,,,False,False,False,False,0,,none,0,0,False,-2,0.5,mixed,4,False
SHC,17.489999771118164,-9.612406065545965,58.137424118870925,44.42609634158394,26.789718008271524,0.06157516202653375,True,1.063445755591984,5.260149161426366,-5.51053725095112,-2.453990666863537,False,False,False,True,25,41.66666666666667,True,0.4383313341299034,1.2359782778344717,False,1.7227236395793009,True,-1.4647900218694998,True,2,1,0.42821116285429656,False,1.5401156581225068,True,4,2,True,False,False,35.0,17.03503516821993,9.662667559598102,0.6645570135980122,10.0,False,4,4,4,5,-5.714283070290582,18.549999237060547,50531215.147958755,71.20805369127517,False,0.0,0,,,,0.0,0,,,,False,False,False,False,0,,none,0,0,False,-1,0.625,mixed,4,False
SHEL,88.74500274658203,-4.886090889339911,29.12323192136439,27.321455017278495,9.685076683966077,0.30355391540947185,False,1.0238741794060242,4.158550754664832,22.557783825365043,13.746483677231414,False,False,False,True,27,45.0,True,0.4714304601097119,0.5997301990991195,True,3.3112535400353065,True,1.631932039324413,True,2,2,0.4832896103437315,False,1.5613427603458716,True,1,1,False,False,False,65.0,15.354164697193037,7.279290679965629,0.9025497600657663,58.0,True,4,5,4,5,-1.4962670337312023,90.09303513093407,495771617.47122496,58.79194630872483,False,0.0,0,,,,0.0,0,,,,False,False,False,False,0,,none,0,0,False,-1,0.625,mixed,4,False
SHLS,9.414999961853027,-26.272516645611653,111.09865204765205,67.82530726884258,50.18892893553016,0.10333601015199835,False,0.8847579631245698,13.329794153221783,2.1149640908530998,-5.3768829916351795,False,True,False,False,23,38.333333333333336,False,0.4533728718957014,3.497235873962549,True,-1.1595708795440636,True,-8.592235072751919,False,0,0,0.4422389012527358,False,1.1096989486872897,False,5,2,True,False,False,25.0,25.594730520899923,24.917681648621812,0.24072224165423425,7.0,False,2,2,2,3,-19.433509615372845,11.685999870300293,57136917.14862661,82.41610738255034,True,0.0,0,,,,0.0,0,,,,False,False,False,False,0,,none,0,0,False,-3,0.375,mixed,4,False
SHOP,112.53009796142578,-37.137533425750405,17.956075641047065,-7.822660326336594,-25.45903865964901,0.18795314974925142,False,1.0393573986458318,15.289237735808122,-18.39140005836163,-5.801022246908438,False,False,False,False,25,41.66666666666667,True,0.40830581110936554,2.043273852292092,False,-0.15842186093528618,True,-8.926756082151465,False,0,1,0.509628675511662,False,1.2079624725522202,True,3,1,False,False,False,25.0,18.929254302103253,15.289237735808122,0.26384234187578914,10.0,False,1,2,1,2,-13.934915517073975,130.75,874838603.4505554,25.771812080536915,False,0.0,0,,,,0.0,0,,,,False,False,False,False,0,,none,0,0,False,-4,0.25,mixed,4,False
SHW,315.32000732421875,-15.364693637881777,7.617749940006391,-6.450471808085057,-24.086850141397477,0.12047791679008123,False,1.0421836424171738,10.224530472379811,-9.09083230442781,-10.542442834737297,False,True,False,False,26,43.333333333333336,True,0.4410480477433075,1.0984831093338765,True,-0.4291420574523541,True,-4.829168069027279,True,1,1,0.3711011452369417,False,1.4713178991614846,True,3,2,True,False,False,45.0,18.042250022197663,13.506912136437535,0.39899719119797106,13.0,False,1,3,2,3,-10.843442940449266,353.6700134277344,766576196.7695739,27.114093959731544,False,0.0,0,,,,0.0,0,,,,False,False,False,False,0,,none,0,0,False,-3,0.375,mixed,4,False
SIG,88.93250274658203,-15.773938187433423,20.27657534506655,6.7938058908938,-10.842572442418618,0.09076529160739687,False,0.7408773295430839,5.464819340798714,-0.5684115007194679,5.720993631559934,False,True,False,True,18,30.0,False,0.3950537847715331,1.4781449514537086,False,1.3852057195916936,True,-2.965083179545336,True,2,1,0.530757189414904,False,1.1690660904528614,False,2,3,True,False,False,25.0,13.822363507912169,11.019596603149076,0.6754081606642255,4.0,False,1,4,3,5,-4.486626395000903,93.11000061035156,65509961.97606544,40.0,False,0.0,0,,,,0.0,0,,,,False,False,False,False,0,,none,0,0,False,-1,0.625,mixed,4,False
SIGI,98.0999984741211,-2.0469326215917127,34.5822628101421,33.47230899911467,15.835930665802248,0.47428028414755735,True,1.1212448887657631,4.699287137672776,23.740112488710462,-2.0469326215917127,False,False,False,True,27,45.0,True,0.5472541214110141,1.4514019363883464,True,2.080002130487801,True,1.7001859892329607,True,2,1,0.5106876644396807,False,2.1404961747010325,True,6,2,True,False,False,55.0,18.388442132048255,6.289506518155043,0.8754195901034427,14.0,True,6,5,5,6,-2.2908396581696966,100.4000015258789,61389596.67244873,64.02684563758389,False,0.0,0,,,,0.0,0,,,,False,True,False,False,1,,power_play,6,6,True,0,0.75,mixed,4,False
SIMO,266.8900146484375,-20.78064129308298,273.33979369186545,268.08151163621454,250.44513330290212,0.21712193257191145,False,1.0070225079085078,16.235152854306445,137.720760362676,-11.246708711936115,False,True,False,False,33,55.00000000000001,True,0.4670404910507443,3.658179027897937,True,-0.8840392194026874,True,0.968497032580129,True,1,0,0.4320422881677904,False,1.0852408182026585,False,6,2,True,False,False,25.0,30.985915492957744,27.16474803131959,0.19900013316761364,23.0,False,7,2,2,4,-24.819714183538732,355.0,214906434.99180907,97.24832214765101,True,0.0,0,,,,0.0,0,,,,False,False,False,False,0,,none,0,0,False,-2,0.5,mixed,4,False
SIRI,30.049999237060547,-3.7475980205850745,54.324047063442315,30.43345869853109,12.797080365218672,0.13446790653910864,True,0.857884373717976,5.856906068440875,49.884695693669556,-1.5077056321547877,False,True,False,True,26,43.333333333333336,True,0.466399776007017,1.1953135613369494,True,1.7149299901897073,True,-1.7652857562397206,True,2,1,0.40949560517847783,False,1.8663749248087995,True,4,1,False,False,False,45.0,17.47294639652248,7.321127825113454,0.7504552101366725,13.0,False,6,3,4,5,-4.360282736813392,31.420000076293945,110462268.12488747,61.14093959731544,False,0.0,0,,,,0.0,0,,,,False,False,False,False,0,,none,0,0,False,-1,0.625,mixed,4,False
SITE,100.55999755859375,-38.401226610356055,1.946470175208459,-23.382859002976186,-41.019237336288604,0.13278981414929664,False,0.8858826077255159,6.3494453970228975,-31.82373046875,-10.525849181688207,False,True,False,True,17,28.333333333333332,False,0.42536548478281794,1.5481659921912356,False,-2.363635218061933,True,-3.0560162882014907,True,2,0,0.44398813990999975,False,0.32652992871789865,False,7,2,True,False,False,25.0,16.68505758855711,11.287794182358923,0.12156657906705638,20.0,False,0,2,2,4,-14.656712215979395,117.83000183105469,73599021.90118217,14.76510067114094,False,0.0,0,,,,0.0,0,,,,False,False,False,False,0,,none,0,0,False,-2,0.5,mixed,4,False
SITM,535.8099975585938,-40.56329489646745,181.76797814468983,176.73278125758526,159.09640292427284,0.08128585203222802,False,0.7889018035184195,12.212350993215292,56.258386437984484,-10.944716039821877,False,True,False,False,25,41.66666666666667,True,0.4595265830740639,3.582628099299919,True,-3.527209338065046,True,-3.452434213738864,True,1,1,0.449106938156123,False,1.690978588292389,True,6,4,True,False,False,25.0,31.3776685262603,21.669992325752606,0.06640583789616834,17.0,False,5,3,2,3,-29.294008156545758,757.7999877929688,371450221.67027587,94.49664429530202,True,0.0,0,,,,0.0,0,,,,False,False,False,False,0,,none,0,0,False,-3,0.375,mixed,4,False
SJM,117.73999786376953,-0.262604980918435,32.968727517113926,12.905275969560304,-4.731102363752115,0.05660849962427987,False,0.9891762457552321,5.537622525363331,17.271384731544547,1.2555891811142805,False,False,False,True,28,46.666666666666664,True,0.5229995107953892,1.405459262138052,True,2.735267019087003,True,5.115610765340439,False,1,0,0.5698339145163197,False,1.0177268522582257,False,4,1,False,False,False,45.0,16.497374271594307,9.079329569697347,0.9794765741548653,2.0,True,5,2,2,5,-0.3385826375024936,118.13999938964844,169543860.55336875,45.16778523489933,False,0.0,0,,,,0.0,0,,,,False,False,False,False,0,,none,0,0,False,-1,0.625,mixed,4,False
SKM,36.220001220703125,-21.260866911514942,84.0447187959513,61.55219044357085,43.91581211025843,0.5587419212582475,True,0.8158122082384279,15.737158099080176,49.97930348997417,13.899377640523314,False,False,False,False,22,36.666666666666664,False,0.4591258035158805,1.8478126675647002,True,0.22137867390056415,True,18.288700940512204,False,0,0,0.35019980558417285,False,0.5218950151334736,False,6,2,True,False,False,25.0,18.866899429729116,19.215899640816037,0.9037358826037724,1.0,True,4,3,4,3,-1.816205421606265,36.88999938964844,75225668.16283779,79.73154362416108,False,0.0,0,,,,0.0,0,,,,False,False,False,False,0,,none,0,0,False,-2,0.5,mixed,4,False
SKY,81.55000305175781,-16.324642091290176,33.90804763297728,26.355751309166962,8.719372975854544,0.09592940506689439,False,0.951061750992493,5.800126523516591,-11.020183639897907,-4.340172373304618,False,True,False,True,23,38.333333333333336,False,0.48757633959522456,1.8698110097078926,True,0.985206503251317,True,-1.3905609902308713,True,2,0,0.4905538287473178,False,0.7924449743930568,False,4,2,True,False,False,45.0,28.230613320228372,9.576952661830632,0.648278610232225,20.0,False,0,3,3,4,-9.929310550987381,90.54000091552734,57855152.58465882,58.52348993288591,False,0.0,0,,,,0.0,0,,,,False,False,False,False,0,,none,0,0,False,-2,0.5,mixed,4,False
SKYQ,5.045000076293945,-59.92851457387045,342.5438718947679,-5.595056026582956,-23.231434359895374,0.9588029014213574,False,1.6179521713530916,65.01486465386253,83.32121747680898,91.09848014483566,True,True,False,False,17,28.333333333333332,False,0.3584792160430751,8.532256362100545,False,2.252692688158255,True,32.76316156843038,False,0,2,0.49680653605445463,False,2.0898772005948008,True,1,2,True,True,False,,,,,,False,3,4,4,4,,,56805031.894932464,27.651006711409398,False,0.0,0,,,,0.0,0,,,,False,False,False,False,0,,none,0,0,False,-2,0.5,mixed,4,False
SLAB,217.05999755859375,-1.488607984846746,86.99172478865698,59.7791592244739,42.14278089116148,0.09184772320959092,False,0.7613163036499629,0.9536567527418158,49.33607736074506,-0.5315753164789716,False,True,False,True,24,40.0,True,0.318387138371682,0.19159455016526553,False,-1.03031302111999,True,-0.18853343440839998,True,2,2,0.36836539538909274,False,1.9637123377324885,True,2,3,True,False,False,,,,,,False,5,4,2,6,,,97843157.74419251,78.99328859060402,False,0.0,0,,,,0.0,0,,,,False,True,False,False,1,,power_play,6,6,True,0,0.75,mixed,4,False
SLB,51.7400016784668,-10.808475822242858,66.23995612146875,50.832237121217425,33.19585878790501,0.8811967591815708,True,0.8833143549918665,13.065322965280432,6.445547128767548,14.646577562395823,False,False,False,False,18,30.0,False,0.4941273340082034,1.2135529209260163,True,0.25892017109162563,True,10.108533369507612,False,0,1,0.45184784646451465,False,0.8053736835678745,False,2,2,True,False,False,25.0,14.150940832604336,13.065322965280432,0.9727895252024386,0.0,True,4,4,4,4,-0.3850538188873598,51.939998626708984,554790018.2927296,74.42953020134229,False,0.0,0,,,,0.0,0,,,,False,False,False,False,0,,none,0,0,False,-2,0.5,mixed,4,False
SLG,54.599998474121094,-13.122421164993359,59.10910404054002,-3.015163055855452,-20.65154138916787,0.31522149136811634,False,1.1003988397065583,10.412090718254417,22.468945447949217,2.2089111673945228,False,False,False,False,28,46.666666666666664,True,0.4740621855855559,1.506523566920179,True,3.3276284320971405,True,5.937131362510062,False,0,1,0.4857734007013022,False,1.7418406668462552,True,4,1,False,True,True,35.0,19.57221121707071,14.184980125147225,0.9221327105836405,0.0,True,2,3,2,4,-1.5240350353577625,55.44499969482422,58719159.87452316,30.604026845637584,False,0.0,0,,,,0.0,0,,,,False,False,False,False,0,,none,0,0,False,-2,0.5,mixed,4,False
SLGN,45.540000915527344,-16.745404239596727,25.662248361832862,-16.09886695879461,-33.735245292107024,0.3665803224112301,False,1.0959427920461846,6.433904800772121,6.120939973589845,-1.8322881769874844,False,False,False,True,27,45.0,True,0.4227507013052138,1.3088315092290068,False,2.7352155901823285,True,-3.476047857228448,True,2,0,0.45926036454797414,False,0.521358967970545,False,5,0,False,False,False,25.0,14.82401648138795,8.893278778305111,0.6145253658726306,5.0,False,1,2,2,3,-5.714282329461118,48.29999923706055,50284932.254672244,19.798657718120804,False,0.0,0,,,,0.0,0,,,,False,False,False,False,0,,none,0,0,False,-3,0.375,mixed,4,False
SLM,24.079999923706055,-25.668023989044077,30.13387914943726,-23.160093720808106,-40.79647205412053,0.5011078302678061,False,1.0190722081212422,10.548176592919285,-11.704958713463876,-5.937501699663672,False,False,False,False,20,33.33333333333333,False,0.4774097761729731,1.700146024669259,True,0.8719783549753573,True,-4.972376563909197,True,1,0,0.5714787989098618,False,0.7533895841497206,False,6,0,False,False,False,55.0,20.44302504550596,11.918608174113682,0.6127838755901615,18.0,False,0,2,2,3,-7.91586892933408,26.149999618530273,79321522.88123398,14.899328859060404,False,0.0,0,,,,0.0,0,,,,False,False,False,False,0,,none,0,0,False,-3,0.375,mixed,4,False
SLS,11.489999771118164,-25.631068524494218,726.6186970767567,527.8688252276555,510.2324468943431,0.25870616951287795,False,1.1474009513111012,19.669280016546956,169.7182899948824,-23.297729491099506,False,True,False,False,28,46.666666666666664,True,0.5231847207783906,6.4823416116276515,True,0.9698061148463772,True,-12.888550897252838,False,0,0,0.4482385181358531,False,0.934683937522426,False,3,2,True,False,False,,,,,,False,7,2,2,3,,,147835915.44529605,99.46308724832214,True,0.0,0,,,,0.0,0,,,,False,False,False,False,0,,none,0,0,False,-3,0.375,mixed,4,False
SLV,52.915000915527344,-49.89109689381769,58.80852761156214,49.098333088084885,31.461954754772467,0.2287184359753012,False,0.7814421862998834,7.804972118791611,-43.047036024273474,-3.8258806338110407,True,True,False,True,25,41.66666666666667,True,0.29813561771791963,0.6721307238436778,False,-3.799136668210409,True,4.204415493410596,True,2,0,0.4400011052352385,False,1.0840769848281548,False,5,1,False,False,False,25.0,18.83180386563902,10.337335587379744,0.28714168437302906,24.0,False,2,1,4,4,-13.424407983876907,61.119998931884766,766263867.6875114,73.22147651006712,False,0.0,0,,,,0.0,0,,,,False,False,False,False,0,,none,0,0,False,-2,0.5,mixed,4,False
SM,33.79999923706055,-2.2337095849830013,95.35123833700479,26.03045267226307,8.394074338950652,0.14752397887004037,True,0.9304837760232598,10.47337572613272,83.7430785027885,25.88453913165416,False,False,False,False,31,51.66666666666667,True,0.40766658743904133,1.4069072992884568,False,2.77411719292828,True,7.918261706260998,False,0,2,0.5707584523685341,False,1.28120812857439,True,2,1,False,False,False,45.0,28.525196051065205,16.035503546257775,0.8194838497628666,44.0,False,7,3,3,4,-5.149258575897775,35.63493413924093,108156868.58359909,58.38926174496645,False,0.0,0,,,,0.0,0,,,,False,False,False,False,0,,none,0,0,False,-2,0.5,mixed,4,False
SMCI,29.530000686645508,-51.358917588588504,43.838283969734015,-43.77379963963749,-61.41017797294991,0.34803691337776593,False,0.6874429876928615,29.867929189764393,-6.8454259434305715,8.486412312867685,False,False,False,False,21,35.0,False,0.47983264369373013,3.2600148346233806,True,-1.6141171629639022,True,22.125725037003185,False,0,0,0.37801688441362824,False,0.891515791258344,False,5,2,True,True,True,25.0,36.46739226771214,31.188624374080597,0.4582713480563023,23.0,False,1,2,2,3,-19.75543125308973,36.79999923706055,1327302060.425768,5.973154362416108,False,0.0,0,,,,0.0,0,,,,False,False,False,False,0,,none,0,0,False,-3,0.375,mixed,4,False
SMG,68.25499725341797,-7.098140575252387,33.66891810926633,4.317915059373734,-13.318463273938685,0.037543011153604415,False,1.0328062262604167,6.080143129257967,11.081788904323254,-0.8641993230061873,False,True,False,True,26,43.333333333333336,True,0.4213677783995048,1.7932936211473984,False,1.8594333438229513,True,-3.8391180256959423,True,2,0,0.3736869101450666,False,0.7457453916826914,False,5,2,True,True,True,35.0,25.272097194480914,17.7422859614105,0.6278886468862028,5.0,False,3,2,2,6,-9.40403428306169,75.33999633789062,61422308.821242526,38.12080536912752,False,0.0,0,,,,0.0,0,,,,False,True,False,False,1,,power_play,6,6,True,0,0.75,mixed,4,False
SMMT,13.734999656677246,-53.154843793869986,5.2490379764799755,-50.18135724079913,-67.81773557411155,0.7587597516319058,False,0.9023588344762558,18.238079192256233,-16.707096135114774,-10.92736972295576,True,True,False,False,23,38.333333333333336,False,0.3969856393815177,2.224271184838618,False,-1.7254411062880521,True,-0.5430902292581918,True,1,2,0.441262288079954,False,1.6605828289783642,True,2,2,True,False,False,25.0,17.75700662473906,18.238079192256233,0.1877192823950682,13.0,False,0,4,4,4,-14.423674083658577,16.049999237060547,54243208.908000804,3.691275167785235,False,0.0,0,,,,0.0,0,,,,False,False,False,False,0,,none,0,0,False,-2,0.5,mixed,4,False
SMR,8.25,-84.55923647224681,7.984295080819215,-83.83303900186047,-101.46941733517289,0.1918575784704585,False,0.7057278918878638,16.666666666666664,-58.27010718778093,-15.471313457692727,True,False,False,False,22,36.666666666666664,False,0.379684960699569,2.8777659894151286,False,-3.163780447589841,True,6.865287878397619,False,0,0,0.5170105149207938,False,1.0261581313932708,False,6,2,True,False,False,25.0,39.15611978020262,21.272728659889914,0.22413790622874658,23.0,False,0,2,3,2,-30.379749076625995,11.850000381469727,242177206.39891768,0.2684563758389262,False,0.0,0,,,,0.0,0,,,,False,False,False,False,0,,none,0,0,False,-3,0.375,mixed,4,False
SMTC,129.72999572753906,-25.754021118485948,167.65007728559152,146.96363743048147,129.32725909716905,0.09858272373321693,False,0.7843540563037739,11.246438331754291,61.11525228026713,-4.095518865929204,False,True,False,False,26,43.333333333333336,True,0.49126182697546644,3.3320472288164136,True,-1.8636307620815478,True,3.81721885244406,True,1,0,0.46218214633189386,False,0.6931964985814337,False,4,2,True,False,False,25.0,34.85685277600699,25.861407659505396,0.24951008178799902,23.0,False,6,2,2,3,-26.15971658899324,175.69000244140625,477954826.89295197,92.88590604026845,True,0.0,0,,,,0.0,0,,,,False,False,False,False,0,,none,0,0,False,-3,0.375,mixed,4,False
SN,146.99000549316406,-4.879307154400225,73.80868632326603,24.22040329470172,6.5840249613893,0.0952592897694963,True,0.9345367022395479,9.85780644456733,19.078096715800363,-2.9576785445530995,False,False,False,False,27,45.0,True,0.46428591952417425,1.5560765438500943,True,2.695797240504667,True,-4.879307154400225,True,1,1,0.4501455004328861,False,1.6721497204976945,True,4,0,False,False,False,35.0,25.541071009079985,10.194571093507754,0.7535255360475301,5.0,False,4,3,3,4,-6.295221785734961,156.86500549316406,233270057.7094345,55.97315436241611,False,0.0,0,,,,0.0,0,,,,False,False,False,False,0,,none,0,0,False,-2,0.5,mixed,4,False
SNA,399.45001220703125,-3.740026741214364,29.16086935756539,24.257686945516266,6.621308612203848,0.13883945735156808,False,1.1523806914315244,6.059578378413068,9.655611167780776,-3.067287302090993,False,False,False,True,26,43.333333333333336,True,0.3869021774624798,0.8442296058868917,False,1.2856561237094877,True,-2.80784892614121,True,2,0,0.3893475879796536,False,0.7158305541932319,False,7,0,False,False,False,55.0,15.862080002070181,6.54524676797886,0.6961095432761933,5.0,False,3,2,2,4,-4.820334736418664,419.67999267578125,141406092.06204224,56.04026845637584,False,0.0,0,,,,0.0,0,,,,False,False,False,False,0,,none,0,0,False,-2,0.5,mixed,4,False
SNDK,1470.8399658203125,-37.008995039815304,3514.7456757465966,3397.0040841566088,3379.3677058232965,0.3636136350067778,False,1.0431885273715145,21.80794765028918,210.41512937172223,-15.711176743821632,False,False,False,False,30,50.0,True,0.5054546099611722,4.860637478889829,True,-1.40028411162447,True,8.563500991333651,False,0,0,0.3877631598021468,False,0.48111842415016043,False,6,1,False,False,False,,,,,,False,7,1,1,2,,,22517053262.629547,100.0,True,0.0,0,,,,0.0,0,,,,False,False,False,False,0,,none,0,0,False,-4,0.25,mixed,4,False
SNEX,74.30000305175781,-19.825907543822574,104.02124210015144,76.32633802533839,58.689959692025965,0.08891100151263703,False,0.9268713567367443,10.471061184045016,56.413748265196915,-7.548733507882233,False,True,False,False,28,46.666666666666664,True,0.4473789191046095,2.760381804831564,True,-1.4025647462494815,True,8.214388419499773,False,0,0,0.4030460590415636,False,0.5825218630819234,False,9,3,True,False,False,25.0,28.163957987232653,14.804844613986537,0.2363091592786131,23.0,False,4,2,2,3,-21.508556753311524,94.66000366210938,113602362.728899,84.49664429530202,True,0.0,0,,,,0.0,0,,,,False,False,False,False,0,,none,0,0,False,-3,0.375,mixed,4,False
SNN,30.270000457763672,-19.937995349096248,5.3602538811856615,-1.5756200829123546,-19.211998416224773,0.18523001306467302,False,1.1024993591615513,3.9973540342722877,-7.748484234081321,0.06611721574767415,False,False,False,True,22,36.666666666666664,False,0.579438491882245,1.1997645053197286,True,0.04921276397754502,True,-1.0460924917555015,True,2,0,0.5355856985516556,False,0.8725161021885662,False,6,2,True,False,False,25.0,9.419604047015023,6.574164985213166,0.5757576730613125,5.0,False,1,2,2,5,-3.996194739746728,31.530000686645508,50895227.85460186,31.74496644295302,False,0.0,0,,,,0.0,0,,,,False,False,False,False,0,,none,0,0,False,-1,0.625,mixed,4,False
SNOW,265.2799987792969,-5.311252387317467,119.04053954452935,23.374566788283268,5.7381884549708495,0.08371323792517808,False,0.8992983114324532,7.218785428454582,26.51056115726078,1.971941188994908,True,True,False,True,25,41.66666666666667,True,0.4421026894876993,2.3403207253853333,True,2.4228643570081063,True,-1.3462235772980558,True,2,1,0.5211142217035052,False,3.672994300709787,True,4,2,True,False,False,25.0,22.18683912609376,7.542965674051604,0.7708435298520849,3.0,False,3,4,5,6,-5.084257737875298,279.489990234375,1429093696.5091248,55.16778523489933,False,0.0,0,,,,0.0,0,,,,False,True,False,False,1,,power_play,6,6,True,0,0.75,mixed,4,False
SNPS,371.114990234375,-42.49399484404942,0.0,-39.12954423752455,-56.76592257083696,0.16344851661397303,False,0.8716995440892397,5.930778961993623,-25.98277201539567,-15.107743817932173,False,False,False,True,18,30.0,False,0.49199571379799467,1.8296103386174989,True,-5.503746782873672,True,-3.4258896082912993,True,2,0,0.31356681968147165,False,0.579672491980931,False,3,2,True,False,False,25.0,23.71821398254659,23.688076735081612,0.044947194930112594,22.0,False,0,2,2,3,-22.65214679527895,479.79998779296875,820953451.6363007,7.38255033557047,False,0.0,0,,,,0.0,0,,,,False,False,False,False,0,,none,0,0,False,-3,0.375,mixed,4,False
SNX,246.01499938964844,-15.04076903441971,76.48338431148518,70.386511653516,52.750133320203574,0.051596817089910776,False,0.8535049685045426,7.320695815420597,61.247852615810736,0.7606023423089914,False,True,False,True,28,46.666666666666664,True,0.4235532434303916,1.8042801659204633,False,-1.3048383055815642,True,1.3993093482757457,True,2,0,0.46112298524000267,False,0.9288392792761481,False,6,2,True,False,False,25.0,21.06115177567481,8.589617380835913,0.1997236264451995,21.0,False,5,2,2,4,-16.854742165924286,295.8857856699354,214298516.91519165,83.15436241610739,True,0.0,0,,,,0.0,0,,,,False,False,False,False,0,,none,0,0,False,-2,0.5,mixed,4,False
SNY,43.30500030517578,-12.672112076117681,4.8335281236886685,-8.82223488028333,-26.458613213595747,0.23639731419310026,False,0.9144711618689821,4.2489323164096024,-3.162259221368724,0.33596028330933336,True,True,False,True,22,36.666666666666664,False,0.499978489807265,0.8983370534648096,True,-0.12539669284635577,True,-3.0340339159558805,True,2,2,0.6041099758739681,True,1.3964730512413768,True,4,0,False,False,False,25.0,8.82942969721084,4.549122254065443,0.6098488570355172,5.0,False,0,4,5,5,-3.4448120880913535,44.849998474121094,140696584.18329543,24.563758389261743,False,0.0,0,,,,0.0,0,,,,False,False,False,False,0,,none,0,0,False,-1,0.625,mixed,4,False
SO,97.85980224609375,-0.4438883658403836,18.27437739808504,6.377033929953613,-11.259344403358806,0.16355619849023542,False,1.0618580290752415,4.833448717828776,13.599603086705848,-0.12267922710919033,False,True,False,True,26,43.333333333333336,True,0.565036473461833,0.978028952911191,True,1.9816801621989997,True,2.686043139941674,True,2,0,0.5239127767964523,False,0.7994252792391983,False,4,1,False,False,False,45.0,10.31634623492155,5.242190496683476,0.8632618028309211,13.0,True,5,3,4,6,-1.4106385855351844,99.26000213623047,440456816.314019,39.395973154362416,False,0.0,0,,,,0.0,0,,,,False,True,False,False,1,,power_play,6,6,True,0,0.75,mixed,4,False
SOFI,16.40999984741211,-49.05308812839174,8.316833403353385,-23.709903892152784,-41.3462822254652,0.15781322019178565,False,0.9021241099966172,8.135289483453722,-36.51837676886293,-10.032894444460128,False,False,False,False,21,35.0,False,0.5458686364742535,2.5442495213822935,True,-0.8545285483348216,True,-5.034726878834905,False,0,0,0.33216529592711597,False,0.916553188382062,False,3,1,False,False,False,25.0,17.274568829536268,17.733088814568283,0.023460389233380056,10.0,False,0,1,1,2,-16.869300720956538,19.739999771118164,1412046634.939277,14.563758389261745,False,0.0,0,,,,0.0,0,,,,False,False,False,False,0,,none,0,0,False,-4,0.25,mixed,4,False
SOLV,78.21499633789062,-9.200142916079667,25.164017022010164,5.79601787505315,-11.84036045825927,0.08493044465573105,False,0.9474729615956718,5.702239880699929,-0.8807594626338511,-0.07026997257530976,True,True,False,True,28,46.666666666666664,True,0.45938241369461225,1.318949877775391,True,0.41798909201544976,True,-3.8064214901406213,True,2,0,0.5168091479500895,False,1.071587513979869,False,4,4,True,False,False,55.0,18.772472280567104,9.959718277655934,0.6676243199435639,33.0,False,3,3,4,6,-6.239513240594086,83.41999816894531,81241747.70642166,38.993288590604024,False,0.0,0,,,,0.0,0,,,,False,True,False,False,1,,power_play,6,6,True,0,0.75,mixed,4,False
SON,56.56999969482422,-1.480317835643541,48.87820948823776,21.75171903294093,4.115340699628511,0.12538530270401588,True,1.1662162796800222,6.381468649688869,18.729979133864006,-1.480317835643541,False,False,False,True,25,41.66666666666667,True,0.5684968038500363,1.813368968105007,True,2.5069854172288,True,0.0,True,2,0,0.415959838543935,False,0.7493085035283141,False,5,0,False,False,False,35.0,19.306416155045728,8.343640501093565,0.8757819874677464,13.0,True,5,3,4,5,-2.39820464390037,57.959999084472656,64213275.904715344,53.557046979865774,False,0.0,0,,,,0.0,0,,,,False,False,False,False,0,,none,0,0,False,-1,0.625,mixed,4,False
SONY,20.915000915527344,-30.8823504384349,8.255700030525471,-17.592586260370837,-35.22896459368326,0.1506488544647005,False,0.7016811741182084,4.207502377460037,-9.419658824977429,0.6012505747733821,True,True,False,True,22,36.666666666666664,False,0.5401344046050199,0.7042726924780741,True,-0.9362951214477949,True,-0.9706435395837598,True,2,0,0.27989684485531563,False,1.0737172396689838,False,5,2,True,False,False,25.0,10.762124548546428,4.207502377460037,0.6845499025451235,13.0,False,1,3,4,5,-3.3949132376604907,21.649999618530273,89421156.4793106,18.389261744966444,False,0.0,0,,,,0.0,0,,,,False,False,False,False,0,,none,0,0,False,-1,0.625,mixed,4,False
SOUN,6.120100021362305,-71.40140125954532,3.7305071599522677,-48.82859530232473,-66.46497363563715,0.12676523752123042,False,0.8061366203335093,8.823384584698763,-40.7541135860278,-6.563361173342608,False,False,False,False,17,28.333333333333332,False,0.4828433078439329,2.8131761323332585,True,-3.1152555159622084,True,-2.3907489636396884,True,1,0,0.4440691010816772,False,1.126490407293105,False,6,1,False,False,False,25.0,17.243766229057385,14.29715195741571,0.11654628921076357,23.0,False,0,1,1,2,-15.234069263042871,7.21999979019165,197529866.2624672,3.9597315436241614,False,0.0,0,,,,0.0,0,,,,False,False,False,False,0,,none,0,0,False,-4,0.25,mixed,4,False
SPG,228.9149932861328,0.0,49.241406382588,45.369217274958416,27.732838941645998,0.07845307231172724,True,1.0939135963705358,2.909378528030573,26.723971393250736,1.2629371664038214,False,True,False,True,30,50.0,True,0.41494977600659005,0.799561397005484,False,3.2210766712690257,True,0.09400801957129001,True,2,0,0.48438605440379934,False,0.513798889457426,False,8,1,False,False,False,65.0,15.234781727671031,5.888646931347878,0.9258640085966007,5.0,True,7,3,5,6,-1.1294456471952818,231.52999877929688,448531474.9668053,71.81208053691275,False,0.0,0,,,,0.0,0,,,,False,True,False,False,1,,power_play,6,6,True,0,0.75,mixed,4,False
SPGI,421.67498779296875,-20.331668330285922,14.593719617617484,-15.334105761365812,-32.97048409467823,0.1085299118413223,False,0.9354848100239833,8.153199947370881,-16.08357555875317,-4.140813896406881,False,True,False,False,23,38.333333333333336,False,0.5477101199336808,1.628856219249985,True,1.265158754949047,True,-6.469037525912769,False,0,1,0.46853411780147775,False,1.426167053152145,True,4,3,True,False,False,25.0,19.51963182861541,10.275683364349678,0.5526397982653446,5.0,False,0,3,2,4,-8.732306432635594,462.0199890136719,893633258.8620056,20.268456375838927,False,0.0,0,,,,0.0,0,,,,False,False,False,False,0,,none,0,0,False,-2,0.5,mixed,4,False
SPHR,134.84500122070312,-22.068426185045208,248.4366887915818,198.5938921087716,180.95751377545918,0.0799341910238928,False,1.065177559507635,11.101636015562393,40.17152338710868,-17.672014928814516,False,True,False,False,21,35.0,False,0.5847206112665544,3.2432361803387835,True,-1.3950801211371568,True,-5.451545479366937,False,0,0,0.5004296220834097,False,0.7412042607474416,False,6,3,True,False,False,25.0,23.95761762245003,11.101636015562393,0.04960547113105085,17.0,False,4,2,2,3,-22.769188713110832,174.60000610351562,99648638.28245087,95.23489932885906,True,0.0,0,,,,0.0,0,,,,False,False,False,False,0,,none,0,0,False,-3,0.375,mixed,4,False
SPOT,478.07000732421875,-35.267356998418855,15.825562040997877,-29.84209161543605,-47.47846994874847,0.13351878312829302,False,0.8128119768520053,7.252072369945532,-6.84710218895721,-1.6256134898533725,False,False,False,True,19,31.666666666666664,False,0.4348117984544538,1.6164869744097619,False,-0.0008787730924809455,True,-0.014641594945830061,True,2,1,0.5172466800011641,False,1.4504842568048102,True,3,2,True,False,False,25.0,11.585393680665282,8.405672169963381,0.684874404619073,4.0,False,0,4,3,4,-3.650854081342081,496.18499755859375,726327753.5749085,11.409395973154362,False,0.0,0,,,,0.0,0,,,,False,False,False,False,0,,none,0,0,False,-2,0.5,mixed,4,False
SPXC,220.19000244140625,-10.640802252759752,25.528759959184622,25.528759959184622,7.892381625872204,0.06424591738712776,False,0.7549774114037613,5.20459209228979,4.340616838883293,-3.315185241788554,False,True,False,True,27,45.0,True,0.43356888362562107,1.6777415816188208,False,-0.35485913941599573,True,3.995658095017296,True,2,0,0.4077736761267571,False,0.3862900403906069,False,4,2,True,False,False,25.0,17.5322622078364,7.307323747440468,0.29827359401295367,20.0,False,2,2,2,5,-12.302851347927557,251.0800018310547,208103108.66864777,57.651006711409394,False,0.0,0,,,,0.0,0,,,,False,False,False,False,0,,none,0,0,False,-1,0.625,mixed,4,False
SPY,738.6900024414062,-2.4983853383160337,20.130448476067954,17.725625599014517,0.08924726570209884,0.2013778708692972,False,0.77472596694763,2.0049002300892105,7.745696696683324,-0.8176947039272964,False,True,False,True,28,46.666666666666664,True,0.348241644545934,0.3172547195305376,False,-0.8009435802996839,True,-0.618866892050074,True,2,1,0.4671867504853336,False,2.1132015392804697,True,6,1,False,False,False,65.0,7.64334598607828,2.757583702211168,0.6592050727756031,36.0,True,3,4,5,5,-2.6048135390764338,758.4461093852723,34507223215.33153,49.194630872483216,False,0.0,0,,,,0.0,0,,,,False,False,False,False,0,,none,0,0,False,-1,0.625,mixed,4,False
SQM,69.41000366210938,-26.65116170696884,96.08760556373869,69.5227356980632,51.88635736475078,0.08869242144371997,False,0.8373671851272583,6.62728458640352,-17.82821064869656,-4.525437997576642,True,True,False,True,19,31.666666666666664,False,0.4824465988581196,1.8968212351531881,True,-2.8411093137306564,True,-0.5729750902063069,True,2,0,0.383937394253191,False,0.8220838956028433,False,3,3,True,False,False,25.0,20.502859841362717,12.620662259109658,0.2345974862779413,24.0,False,2,2,3,4,-15.692940461070071,82.33000183105469,64233558.66941261,82.88590604026845,True,0.0,0,,,,0.0,0,,,,False,False,False,False,0,,none,0,0,False,-2,0.5,mixed,4,False
SRE,94.05999755859375,-5.030367078717301,21.876621865530165,20.286131284879417,2.649752951566999,0.1033353216714988,False,1.0526651688711492,5.113754713418326,10.999117310544992,1.0745755708518656,False,True,False,True,29,48.333333333333336,True,0.39859361093643436,0.8017010239949289,False,1.3307245956348306,True,1.9620569740853577,True,2,0,0.4327119224637018,False,0.8428102882946945,False,5,2,True,False,False,45.0,9.933398124927638,6.602168026428236,0.7945073276782072,12.0,True,3,4,4,6,-2.041240525927668,96.0199966430664,282621978.67094725,52.080536912751676,False,0.0,0,,,,0.0,0,,,,False,True,False,False,1,,power_play,6,6,True,0,0.75,mixed,4,False
SRPT,15.610099792480469,-36.1550130659228,30.847438333325883,21.196425883401915,3.5600475500894966,0.07579903959075007,False,1.0662197120720012,14.541870250292394,-26.123519108014335,-19.034754997218617,False,True,False,False,22,36.666666666666664,False,0.500861469559843,2.87350359081217,True,-1.6632235804759448,True,-9.349010366251932,False,0,1,0.26420216262713997,False,1.632061851528921,True,4,2,True,False,False,25.0,26.1015281352661,25.176010130754573,0.03304578442616267,11.0,False,0,3,2,2,-25.23898266331468,20.8799991607666,70066926.49827847,53.22147651006711,False,0.0,0,,,,0.0,0,,,,False,False,False,False,0,,none,0,0,False,-4,0.25,mixed,4,False
SRRK,48.68000030517578,-15.982047878863014,74.35530147619356,24.469443992520024,6.833065659207605,0.0930965019999162,False,1.0605075395479604,12.438373597405255,9.911942422447261,-11.29737726361233,False,True,False,False,24,40.0,True,0.5067580348225452,2.3526444311913077,True,-0.5576504895600066,True,-7.907681151931756,False,0,1,0.45295183923875576,False,1.6063928760936261,True,5,1,False,False,False,25.0,21.07197881561512,19.905502395156557,0.20405673297894567,10.0,False,1,2,2,3,-16.772099661099148,58.4900016784668,77659863.73133087,56.308724832214764,False,0.0,0,,,,0.0,0,,,,False,False,False,False,0,,none,0,0,False,-3,0.375,mixed,4,False
SSB,105.7300033569336,-1.3303438190610528,25.41089946218509,10.761172791433138,-6.87520554187928,0.4730021162954752,False,0.996253756838481,5.618085929074847,6.785145397238712,5.561101728405138,False,False,False,True,28,46.666666666666664,True,0.396642579490349,0.8006968416263592,False,4.029710638747519,False,2.4614796544554896,True,2,2,0.7089702929452245,True,1.370872250514682,True,4,2,True,False,False,55.0,14.028304477907577,6.289606842656749,0.981842865286056,0.0,True,4,4,4,6,-0.25471381421359185,106.0,88452439.89381027,43.288590604026844,False,0.0,0,,,,0.0,0,,,,False,True,False,False,1,,power_play,6,6,True,0,0.75,mixed,4,False
SSD,191.7050018310547,-8.603184489897531,21.9368479122662,18.003456253336104,0.3670779200236858,0.07713441036820258,False,0.9065622190770091,4.949011742593412,5.52219404152543,-4.491330876256782,False,True,False,True,24,40.0,True,0.4191963562247076,1.0980930157756807,False,0.06474077129084882,True,1.3239983737937333,True,2,0,0.532098929840133,False,0.6597908544937309,False,3,2,True,False,False,45.0,17.66827831361094,6.452627869813211,0.4299613471034197,20.0,False,2,2,2,5,-10.07160156889264,213.17515398421855,61764327.05024262,50.0,False,0.0,0,,,,0.0,0,,,,False,False,False,False,0,,none,0,0,False,-1,0.625,mixed,4,False
SSNC,73.73999786376953,-17.264200915180737,18.83964346566327,-12.912786362232387,-30.549164695544803,0.7024685045866844,False,1.1829319814768653,12.5169460197042,-12.90292174558414,12.545790051674244,False,False,False,False,24,40.0,True,0.4765725060615887,1.4624996710436164,True,2.9165020499676917,True,6.009201339684878,False,0,0,0.5155971506042465,False,0.816147033037102,False,4,1,False,False,False,25.0,18.632385010837968,12.5169460197042,0.8776670327619064,0.0,True,2,2,2,2,-2.2793549450983885,75.45999908447266,121328397.53178063,21.946308724832214,False,0.0,0,,,,0.0,0,,,,False,False,False,False,0,,none,0,0,False,-4,0.25,mixed,4,False
SSRM,27.100000381469727,-24.17459678577082,126.77824948966455,115.76432703890589,98.12794870559347,0.13211086800078506,False,0.8861504287241306,14.132840847946662,3.198781969788489,-11.495755588789846,False,True,False,False,20,33.33333333333333,False,0.393018240080644,1.8687396774404945,False,-1.2970504044827167,True,5.983577258138184,False,0,0,0.4139674277882476,False,0.9155859344460744,False,5,1,False,False,False,25.0,24.46937479331755,16.16236533749337,0.27137554112451795,24.0,False,2,1,2,3,-17.828984967802363,32.97999954223633,93553420.15132752,90.60402684563759,True,0.0,0,,,,0.0,0,,,,False,False,False,False,0,,none,0,0,False,-3,0.375,mixed,4,False
ST,45.36000061035156,-15.294115300455324,59.9490997454651,41.5364134957263,23.900035162413882,0.07413738354153561,False,0.7702366694567065,5.62169977391023,32.46292083763147,0.04411216959938624,False,True,False,True,23,38.333333333333336,False,0.3343996691257484,1.1631693343343765,False,-1.7319097734895448,True,0.6881273663507548,True,2,0,0.4798884462384727,False,1.0946899448350527,False,8,2,True,False,False,25.0,17.246716498668544,9.391538974667249,0.2869956058289588,23.0,False,2,2,3,4,-12.296984648572861,51.720001220703125,72996341.90219708,69.93288590604027,False,0.0,0,,,,0.0,0,,,,False,False,False,False,0,,none,0,0,False,-2,0.5,mixed,4,False
STAG,41.220001220703125,-1.9505225427370432,24.829081072426227,20.76448280687073,3.128104473558313,0.30081582025438036,False,1.1315896400252778,4.391075496576953,14.892031171135557,5.260473394580845,True,False,False,True,25,41.66666666666667,True,0.4333651153105788,0.892884088056311,False,3.3838760473953897,True,-1.1036446283699597,True,2,2,0.47448128713686455,False,1.6053420698870635,True,2,1,False,False,False,45.0,15.699288637369612,9.000482713739647,0.7922107407166121,5.0,False,4,4,4,6,-3.262143557235142,42.61000061035156,64370643.371450424,52.88590604026846,False,0.0,0,,,,0.0,0,,,,False,True,False,False,1,,power_play,6,6,True,0,0.75,mixed,4,False
STE,214.35499572753906,-19.769362680175227,7.500001147852764,-4.906002747361537,-22.542381080673955,0.06739114511543046,False,1.0580830763219944,4.23596464371469,-16.94681805932995,-1.7621454053526775,False,True,False,True,23,38.333333333333336,False,0.4905559626473778,1.294652224103112,True,0.48212480914546746,True,-1.5997983239707692,True,2,0,0.44159834895601724,False,1.0188680824502419,False,5,1,False,False,False,55.0,12.572541493439306,6.932425605438053,0.7074585524780168,5.0,False,1,2,3,5,-3.6779894875209274,222.5399932861328,152137740.02329254,28.187919463087248,False,0.0,0,,,,0.0,0,,,,False,False,False,False,0,,none,0,0,False,-1,0.625,mixed,4,False
STEP,40.619998931884766,-45.401643895066535,2.7314061490911756,-31.244755763115684,-48.8811340964281,0.027750023973100633,False,0.7863538377668917,9.2319057080438,-43.01058332394061,-1.239975985864572,False,True,False,False,20,33.33333333333333,False,0.4706492611264735,2.2800771025089546,True,-2.406997833683368,True,-6.727899785317071,False,0,0,0.3839735338458791,False,0.7971587398565882,False,3,1,False,False,False,25.0,16.559284088837543,16.149683766096132,0.22957195748321113,7.0,False,0,1,2,3,-12.757736826042521,46.560001373291016,65463221.340864755,10.604026845637584,False,0.0,0,,,,0.0,0,,,,False,False,False,False,0,,none,0,0,False,-3,0.375,mixed,4,False
STLA,5.644999980926514,-53.424092126828306,5.909944872971651,-41.075156306027125,-58.71153463933955,0.2612736898386989,False,0.7395950661397529,5.137288978439105,-42.04311998378558,-2.8399305245791484,True,True,False,True,17,28.333333333333332,False,0.47624235023761186,1.3251279669016272,True,-4.942585407333139,True,-2.5043174763702103,True,2,1,0.3985403236179669,False,1.5558154200699306,True,3,2,True,False,False,25.0,19.354841545040237,8.857395955525496,0.3134919914078501,23.0,False,0,3,4,4,-13.287253725702186,6.510000228881836,96690743.33691673,6.577181208053691,False,0.0,0,,,,0.0,0,,,,False,False,False,False,0,,none,0,0,False,-2,0.5,mixed,4,False
STLD,240.85000610351562,-14.628578635934787,100.83289622641809,92.17125073239029,74.53487239907787,0.08162909794749788,False,0.8164612659036151,7.332359541535645,33.5447406954547,9.28354588253979,True,False,False,True,29,48.333333333333336,True,0.4702324578761661,1.6719473772832296,True,-0.6761053057433795,True,2.2674246194357206,True,2,0,0.4605419247466981,False,1.1167929684078288,False,5,2,True,False,False,25.0,17.229395470672305,7.332359541535645,0.5437734462173153,24.0,False,5,2,4,4,-7.860507719343824,261.39714919405935,275588333.01797485,87.58389261744966,True,0.0,0,,,,0.0,0,,,,False,False,False,False,0,,none,0,0,False,-2,0.5,mixed,4,False
STM,53.029998779296875,-33.563018063083874,151.9945944819123,100.49373841786502,82.8573600845526,0.47222298535273577,False,0.9461849879411822,26.56986701287401,83.27415687304654,-22.414045408683847,False,False,False,False,28,46.666666666666664,True,0.4136291417403692,2.021654052324788,False,-3.9168087691330835,True,-14.55043892068042,False,0,0,0.4017432821646568,False,0.5691029021069287,False,7,2,True,False,False,25.0,35.32200264361018,36.24364600759515,0.020601588008098925,23.0,False,5,2,2,2,-34.594313297525545,81.07857504887357,776504889.4339241,88.79194630872483,True,0.0,0,,,,0.0,0,,,,False,False,False,False,0,,none,0,0,False,-4,0.25,mixed,4,False
STNG,79.94999694824219,-7.140160129786777,85.2155180298787,82.85056312818202,65.2141847948696,0.06336835650522989,True,0.9902764081370418,4.290181908820191,38.21568886715549,9.50553980133062,False,True,False,True,21,35.0,False,0.40636431290502645,1.5423734302284398,False,0.9691069145002105,True,4.523466049293123,True,2,1,0.4412643359576032,False,1.4152252252252253,True,4,1,False,False,False,25.0,18.377143208803833,6.679170158502466,0.7805355227855317,23.0,False,6,3,5,5,-4.03313012701555,83.30999755859375,59179697.75480957,85.90604026845638,True,0.0,0,,,,0.0,0,,,,False,False,False,False,0,,none,0,0,False,-1,0.625,mixed,4,False
STRC,85.91999816894531,-11.73768212023817,16.544625534991788,,,0.19680458301696535,False,0.814697117917535,5.212984604641606,-8.319382514677265,-1.6617863023918766,False,True,False,True,28,46.666666666666664,True,0.4976268533295312,1.9482874734137074,True,-1.909005332608455,True,0.7386531207121516,True,2,2,0.35112738196658294,False,2.700066114527423,True,1,2,True,False,False,25.0,22.432823276089085,6.471142116478622,0.7598481315117641,14.0,False,3,5,5,7,-5.387284425219185,90.81231592072328,174303401.28960648,,False,0.0,0,,,,0.0,0,,,,False,True,False,False,1,,power_play,7,7,True,1,0.875,mixed,4,False
STRL,683.8200073242188,-31.187230659506938,170.62689059107336,170.62689059107336,152.99051225776094,0.07636431470531707,False,0.7847627418949007,14.000767781592288,94.60427980811419,-2.4159818302934344,True,True,False,False,27,45.0,True,0.361206649141953,2.5688186001529982,False,-2.295288579849811,True,7.087824157270672,False,0,0,0.4939779523145981,False,0.6080873558223027,False,7,2,True,False,False,25.0,36.625101447783265,21.10789759139542,0.2629278051913509,23.0,False,6,2,3,4,-26.995343909207048,936.6799926757812,625603432.6949005,94.29530201342283,True,0.0,0,,,,0.0,0,,,,False,False,False,False,0,,none,0,0,False,-2,0.5,mixed,4,False
STT,184.83999633789062,-0.9378852212585831,74.60136192439113,70.84123874937012,53.2048604160577,0.11645821723552201,True,1.1653099507050249,2.5427463212234374,48.30771434509285,8.289878548300877,False,True,False,True,27,45.0,True,0.4136040797472545,1.009063160114213,False,3.426580280002757,True,1.2821897741866373,True,2,0,0.5263566750722557,False,0.8855455599385709,False,3,0,False,False,False,35.0,18.32249770904716,8.374808501533062,0.782551056174421,6.0,False,9,2,4,5,-3.9842077750788962,192.50999450683594,449429903.97750854,83.35570469798658,True,0.0,0,,,,0.0,0,,,,False,False,False,False,0,,none,0,0,False,-1,0.625,mixed,4,False
STWD,16.44499969482422,-11.601317442331139,2.1416911687092144,-7.35138763119304,-24.987765964505456,0.11497701014540683,False,1.062408271662427,4.317416221637975,-4.263226060909697,-0.21237772077850048,False,True,False,True,21,35.0,False,0.41972707798073844,0.7237876357714983,False,-0.28748305851248507,True,-3.264707677504597,True,2,0,0.42118062310742455,False,0.7425897439011062,False,4,1,False,False,False,25.0,6.504439005070147,5.594406162156996,0.3336981389205747,5.0,False,1,1,2,5,-4.333919814355847,17.190000534057617,59472052.7545105,26.51006711409396,False,0.0,0,,,,0.0,0,,,,False,False,False,False,0,,none,0,0,False,-1,0.625,mixed,4,False
STX,874.2100219726562,-20.036439299284613,498.51170792343737,477.115311294208,459.47893296089563,0.24327455139844592,False,1.0172170799244353,15.954973857885227,153.20989510561526,6.590183695614238,False,False,False,False,30,50.0,True,0.4877533810910459,4.180959656066774,True,-0.19009292282753276,True,10.988250232215812,False,0,0,0.4426698648593604,False,0.9828263821051118,False,6,1,False,False,False,25.0,38.78695014175875,27.0072373516352,0.39166810283721165,24.0,False,8,1,1,4,-23.595338964894587,1144.184150716912,4239843331.270935,99.26174496644296,True,0.0,0,,,,0.0,0,,,,False,False,False,False,0,,none,0,0,False,-2,0.5,mixed,4,False
STZ,130.4499969482422,-23.79581930958735,3.5449539195413937,-23.713390811720934,-41.34976914503335,0.06125477813871409,False,0.8589863706220486,4.752788311287726,-16.755808257280847,-5.106571768476654,False,True,False,True,20,33.33333333333333,False,0.47705207436265046,1.5825809514760785,True,-2.3992115842824537,True,-1.821327807539197,True,2,0,0.4205680258412223,False,0.4848435182577678,False,4,4,True,False,False,25.0,13.313530833633456,8.700656473007735,0.1039555235729706,19.0,False,0,2,2,4,-11.929515765218202,148.1199951171875,320304591.51222533,14.496644295302014,False,0.0,0,,,,0.0,0,,,,False,False,False,False,0,,none,0,0,False,-2,0.5,mixed,4,False
SU,66.4800033569336,-4.028247216118053,76.68125819544241,69.87210660281696,52.235728269504534,0.13817013454289573,True,0.9237011274449893,7.8369416687601205,32.5717141642178,20.76295055092059,False,True,False,True,29,48.333333333333336,True,0.47983484872528426,0.9277596477633255,True,3.4095259245295733,True,6.487270594201888,False,1,2,0.5764844123797299,False,1.340197386793742,True,2,1,False,False,False,45.0,23.124699638120717,10.469312173623344,0.8228295374968141,44.0,False,8,4,5,6,-4.097013730133103,69.32005555057661,231323531.93071595,82.95302013422818,True,0.0,0,,,,0.0,0,,,,False,True,False,False,1,,power_play,6,6,True,0,0.75,mixed,4,False
SUI,121.69000244140625,-9.662814997664848,8.040368916072804,4.258102166345057,-13.37827616696736,0.576056568969051,False,0.8767756940759934,3.2952601329441875,-2.0049473820732966,-1.5691942531027459,False,False,False,True,19,31.666666666666664,False,0.5316166955115728,1.011308766767095,True,0.2062325855371745,True,0.18936551841535199,True,2,0,0.41978753583559136,False,0.9835127176831476,False,4,2,True,False,False,25.0,6.78081560359713,4.281369857791951,0.6278876957415127,13.0,True,2,4,5,6,-2.523224919006428,124.83999633789062,174937016.26802522,38.053691275167786,False,0.0,0,,,,0.0,0,,,,False,True,False,False,1,,power_play,6,6,True,0,0.75,mixed,4,False
SW,44.470001220703125,-13.23688640866445,38.38299472609352,-4.585548442161869,-22.221926775474287,0.1180076072636258,False,1.0161478103363277,5.374416772520867,3.597685428048547,-3.1787482577223747,False,True,False,True,25,41.66666666666667,True,0.4349395040671757,1.6151033098186158,False,1.1020121233033526,True,0.3837516626870707,True,2,0,0.4132220677889583,False,0.6999041701570725,False,6,1,False,False,False,35.0,20.26911305917503,7.330789401266682,0.6504485346191339,20.0,False,2,2,3,5,-7.0850981718050825,47.861000061035156,221338638.4605875,28.456375838926174,False,0.0,0,,,,0.0,0,,,,False,False,False,False,0,,none,0,0,False,-1,0.625,mixed,4,False
SWK,90.4800033569336,-3.8674025535774037,50.591820491487695,30.148022944094066,12.511644610781648,0.19396843062473704,True,1.0656601644316628,5.824496106251626,12.10232836881846,-1.5451557620980494,False,True,False,True,26,43.333333333333336,True,0.4285695427390973,1.5248426142557907,False,2.098066276351763,True,0.3438008143323401,True,2,0,0.4710937526073661,False,0.6679792061647606,False,6,2,True,False,False,35.0,19.15721170173975,7.703360921868274,0.7432803377188743,16.0,False,6,3,4,6,-4.91803291831866,95.16000366210938,122564950.78375474,60.872483221476514,False,0.0,0,,,,0.0,0,,,,False,True,False,False,1,,power_play,6,6,True,0,0.75,mixed,4,False
SWKS,60.380001068115234,-27.619273083857678,16.008871002969506,-13.022600571355591,-30.65897890466801,0.11021883761798053,False,0.6515720071711755,8.131831335797914,4.539875428624418,-3.484655142777049,True,True,False,False,23,38.333333333333336,False,0.39869064811639066,1.9956174604018206,False,-3.450473742768039,True,1.735471980581882,True,1,0,0.5332469027644438,False,0.5160583381513693,False,7,3,True,False,False,25.0,30.012623180529012,14.011260243153778,0.2082457493481954,23.0,False,0,2,4,3,-23.762621976394726,79.19999694824219,306514687.4676941,21.812080536912752,False,0.0,0,,,,0.0,0,,,,False,False,False,False,0,,none,0,0,False,-2,0.5,mixed,4,False
SWX,94.1500015258789,0.0,25.98521042218791,23.76780843014017,6.131430096827753,0.04352991159697371,False,1.0357934224167777,3.4678697150642006,15.039953553068175,4.832428555021018,False,True,False,True,27,45.0,True,0.4462785178952749,0.7891143414131352,True,2.8406534252948705,True,2.2702628967102845,True,2,2,0.5118537652315799,False,1.5872919345541614,True,2,2,True,False,False,45.0,10.585370880474274,4.301649480743336,0.9680000305175781,5.0,True,5,6,5,7,-0.3387315451352957,94.47000122070312,53071839.561122894,55.77181208053691,False,0.0,0,,,,0.0,0,,,,False,True,False,False,1,,power_play,7,7,True,1,0.875,mixed,4,False
SXI,304.6700134277344,-14.818127886113219,87.75310817025843,87.75310817025843,70.116729836946,0.06827346900497046,True,0.8882389344799845,4.365374735549226,26.19806877051831,-7.075969754768496,False,True,False,True,31,51.66666666666667,True,0.5150712956181595,2.1892012961147187,True,0.5638524977521011,True,0.6441636493023095,True,2,1,0.36148816097494285,False,1.4480467975411462,True,3,3,True,False,False,25.0,19.305283786879983,7.591811909878242,0.15701065878002668,17.0,False,4,3,4,4,-16.274148461566583,363.8900146484375,64406414.95759277,86.44295302013423,True,0.0,0,,,,0.0,0,,,,False,False,False,False,0,,none,0,0,False,-2,0.5,mixed,4,False
SXT,119.49500274658203,-4.012366618122654,44.54067293188502,10.37154088474679,-7.264837448565629,1.181477703414359,False,1.0827799420142425,14.611488918495441,25.42262657976968,-4.012366618122654,False,False,False,False,21,35.0,False,0.4170922104087497,1.347932543007844,False,0.7188576536838742,True,9.57817460112016,False,0,0,0.39772781059505946,False,0.7232539538178687,False,7,1,False,False,False,25.0,14.358524188194325,14.611488918495441,0.6630617105078308,13.0,False,3,2,2,4,-4.837936579602131,125.56999969482422,71254460.26079789,42.81879194630873,False,0.0,0,,,,0.0,0,,,,False,False,False,False,0,,none,0,0,False,-2,0.5,mixed,4,False
SYF,72.70999908447266,-17.144544017198715,14.463798631526181,2.943481376944379,-14.692896956368038,0.1367958416404881,False,1.146098446282532,5.900152619371275,-4.31768162783065,-4.742568662050317,False,False,False,True,22,36.666666666666664,False,0.437527187995954,1.6017602319176576,False,-0.14644233288096117,True,-1.236082081172729,True,2,2,0.6515636262822595,True,1.223448321005433,True,6,1,False,False,False,25.0,14.611953933946358,6.202726162863599,0.4001715222038703,20.0,False,0,3,2,4,-8.764666085826212,79.69499969482422,287016448.3853073,36.51006711409396,False,0.0,0,,,,0.0,0,,,,False,False,False,False,0,,none,0,0,False,-2,0.5,mixed,4,False
SYK,327.4949951171875,-18.016171768719303,16.204002889898007,-16.596238382752826,-34.232616716065245,0.20098371381618593,False,1.0598193271061385,7.010791553276212,-7.261773241946878,0.2924562219867255,False,True,False,True,24,40.0,True,0.42967478185354996,1.5106818145606442,False,1.3845449764672388,True,2.383780947383496,True,2,0,0.4983904398878412,False,1.1541293154565115,False,4,2,True,False,False,55.0,16.628927014413797,9.044411535690363,0.8451648083191007,9.0,True,2,4,4,5,-2.5747431017244415,336.1499938964844,814848861.7877808,19.328859060402685,False,0.0,0,,,,0.0,0,,,,False,False,False,False,0,,none,0,0,False,-1,0.625,mixed,4,False
SYM,39.71500015258789,-54.50744700542343,2.9686296780482513,-25.655182489924833,-43.29156082323725,0.30998025778207217,False,0.8002689553735941,9.81997107111877,-36.026097001947896,-7.077682281428077,False,True,False,False,21,35.0,False,0.5012195471548468,2.6198532716854754,True,-2.323921350745882,True,-3.721211751302078,True,1,1,0.43148283365827433,False,1.9923181225889057,True,5,2,True,False,False,25.0,18.85027919319579,14.95656201406794,0.17249142768180345,16.0,False,0,3,2,3,-15.598767622960851,47.05500030517578,67641201.10248908,13.355704697986578,False,0.0,0,,,,0.0,0,,,,False,False,False,False,0,,none,0,0,False,-3,0.375,mixed,4,False
SYNA,112.54000091552734,-23.737890269076633,92.310321317841,69.94865424487891,52.31227591156649,0.07461128158658896,False,0.76740232340943,9.800958494372153,31.471966029941978,-5.840023363106395,True,True,False,False,26,43.333333333333336,True,0.49870318932439145,2.833982578863224,True,-2.46368051324727,True,-1.3239825478524536,True,1,0,0.4342620363552453,False,0.6735942239670427,False,4,3,True,False,False,25.0,25.008513766112895,13.008707366758632,0.06617647669918163,23.0,False,4,2,3,3,-23.35353843758856,146.8300018310547,170510828.7024277,83.02013422818791,True,0.0,0,,,,0.0,0,,,,False,False,False,False,0,,none,0,0,False,-3,0.375,mixed,4,False
SYRE,100.8499984741211,-1.8013617615329047,580.4993289530381,473.0113425469107,455.37496421359833,0.1267894274992915,True,1.1455437153047257,6.256814728869774,214.81192119396275,16.414638891313228,False,True,False,True,31,51.66666666666667,True,0.5185560236107769,2.9733842154667345,True,2.5583805922915435,True,0.6185723799485565,True,2,2,0.4965297945629227,False,1.396719539645976,True,2,1,False,False,False,25.0,22.30468705760182,12.612785110326644,0.8191126790865686,8.0,False,11,4,6,7,-4.034635085662086,105.08999633789062,128390243.27809715,99.19463087248323,True,0.0,0,,,,0.0,0,,,,True,True,False,False,2,sepa_vcp,power_play,7,7,True,1,0.875,mixed,4,False
SYY,83.10990142822266,-7.534601161952237,21.63268838143071,7.022242910478771,-10.614135422833648,0.08218874913187746,False,1.174899574436661,3.994710182265726,10.604198852753832,-2.0277028948528564,False,True,False,True,27,45.0,True,0.5766527079149377,1.2391571979986291,True,2.1729077300058863,True,1.738155152871812,True,2,1,0.46876633872527984,False,1.4330578026934115,True,5,1,False,False,False,65.0,16.670007519574238,5.895800394753475,0.8452944365360686,13.0,True,3,4,4,6,-2.5789429062637037,85.30999755859375,255249479.02341193,40.20134228187919,False,0.0,0,,,,0.0,0,,,,False,True,False,False,1,,power_play,6,6,True,0,0.75,mixed,4,False
T,23.774999618530273,-16.33846573691561,17.64328309681098,-10.830553438085166,-28.466931771397583,0.20468743607543335,False,1.0529401318462288,9.631962334055652,3.202657432121514,17.07163386862487,False,False,False,False,20,33.33333333333333,False,0.4741340443174008,1.5157172520364697,True,1.6026132144341312,True,9.009629530969754,False,0,1,0.5396443087434972,False,0.7724733234567979,False,2,0,False,False,False,45.0,21.78529648767939,10.893796820796751,0.7587259982345058,42.0,False,1,3,2,3,-5.256225663230174,25.093996713727346,1943956523.1882648,22.885906040268456,False,0.0,0,,,,0.0,0,,,,False,False,False,False,0,,none,0,0,False,-3,0.375,mixed,4,False
TAK,17.264999389648438,-8.164893136730322,30.49886611507815,17.76943771726016,0.1330593839477423,0.21737287293398108,False,0.9367874602923113,3.793795554314309,5.985257331641658,2.951693013553891,False,False,False,True,23,38.333333333333336,False,0.3851006112386881,0.5663300234564138,False,3.860957583306524,True,0.6705526161872921,True,2,1,0.5563876070004905,False,1.798708042094151,True,4,2,True,False,False,45.0,14.442198097049905,6.400229257458601,0.9680638920128132,0.0,True,2,4,3,6,-0.461227597999736,17.344999313354492,56925697.997813225,49.328859060402685,False,0.0,0,,,,0.0,0,,,,False,True,False,False,1,,power_play,6,6,True,0,0.75,mixed,4,False
TAP,40.75669860839844,-23.373786350321602,6.054380132048287,-16.446146436047982,-34.082524769360404,0.11202040162102936,False,1.1264268981590682,4.9317098903007865,-15.56364995675098,2.455253542164204,False,True,False,True,23,38.333333333333336,False,0.5116194746680676,1.6689806493522807,True,0.4208084446492064,True,-0.42340995720790975,True,2,0,0.5305058742519928,False,0.7455485562467373,False,4,3,True,False,False,35.0,11.65815210790366,11.311025592739284,0.5411747898687121,5.0,False,1,2,2,5,-5.349054090651418,43.060001373291016,119384915.03975964,19.463087248322147,False,0.0,0,,,,0.0,0,,,,False,False,False,False,0,,none,0,0,False,-1,0.625,mixed,4,False
TARS,57.849998474121094,-29.887290054112203,49.021120373254675,36.310085641034995,18.673707307722577,0.03746399377189568,False,1.0863040292149817,8.980120711927375,-15.37449099238154,-11.598416387714995,False,False,False,False,20,33.33333333333333,False,0.5718798610548244,3.5435069196155458,True,-1.023525382404666,True,-3.3416876374103732,True,1,0,0.5506937901161496,False,0.7834775691997186,False,6,1,False,True,False,25.0,25.668966359105603,11.313746164696015,0.2127887670390489,13.0,False,1,1,1,3,-20.2068986563847,72.5,92982283.3136921,65.97315436241611,False,0.0,0,,,,0.0,0,,,,False,False,False,False,0,,none,0,0,False,-3,0.375,mixed,4,False
TCBI,99.55999755859375,-7.592352392208957,29.424666218573336,15.423509036970472,-2.212869296341946,0.11394316546142509,False,1.0930335818380517,8.738453988527402,2.792925731906193,-4.223183760009408,False,False,False,False,22,36.666666666666664,False,0.42835101283511984,1.0084592332428566,False,-0.5404074690175309,True,-5.2441250140232825,False,0,0,0.5415264619905533,False,0.9268101318312975,False,6,0,False,False,False,55.0,12.905069432903105,10.867818360939951,0.4090192128078348,6.0,False,1,1,1,4,-7.626648092226629,107.77999877929688,57445316.46854401,47.18120805369128,False,0.0,0,,,,0.0,0,,,,False,False,False,False,0,,none,0,0,False,-2,0.5,mixed,4,False
TCOM,43.744998931884766,-44.598531612081615,9.801703725754685,-32.220331094912666,-49.85670942822509,0.15417751918015649,False,0.8114155924934578,5.577777314632697,-30.43098252416111,6.695119346060396,False,True,False,True,27,45.0,True,0.4881264205466041,1.2741713290744532,True,-1.3404322447194374,True,3.0506434526990533,True,2,0,0.30715116231478473,False,0.6280800435179567,False,3,1,False,False,False,25.0,18.71794543662349,6.4235858434222175,0.6512556061036909,23.0,False,2,2,4,5,-6.527778536279438,46.79999923706055,124522183.41885681,10.40268456375839,False,0.0,0,,,,0.0,0,,,,False,False,False,False,0,,none,0,0,False,-1,0.625,mixed,4,False
TD,119.16000366210938,-4.519230169657429,66.6464829877194,61.504185024577396,43.867806691264974,0.08950900686475924,True,1.1004168815884197,4.246389227162077,27.11810400193315,0.546808174099489,False,False,False,True,30,50.0,True,0.559989390704923,0.9330847656036515,True,1.428844902026802,True,-3.592228856654356,True,2,0,0.5356283169297862,False,0.7692220058096959,False,5,2,True,False,False,65.0,17.287395405494244,5.093990859580985,0.7354861895115405,7.0,False,5,3,4,5,-4.572754832127968,124.87000274658203,376640133.09803694,79.66442953020135,False,0.0,0,,,,0.0,0,,,,False,False,False,False,0,,none,0,0,False,-1,0.625,mixed,4,False
TDC,28.165000915527344,-25.646778982710494,40.054699456495754,30.33317963922604,12.69680130591362,0.08522340988579878,False,1.0668205838956564,16.580862504852174,-4.070162363698637,-18.504051515188646,False,True,False,False,23,38.333333333333336,False,0.4646411773483343,2.437358887392575,True,-2.8596094054165366,True,-7.716250022654448,False,0,0,0.2880437608785828,False,1.1346376123415287,False,5,2,True,False,False,25.0,29.077824398465868,28.972127044787378,0.14252981914978055,13.0,False,1,2,2,2,-24.933367345683454,37.52000045776367,113082386.97299957,60.939597315436245,False,0.0,0,,,,0.0,0,,,,False,False,False,False,0,,none,0,0,False,-4,0.25,mixed,4,False
TDG,1251.47998046875,-17.478504585634735,10.468891239562982,-16.364452744447878,-34.000831077760296,0.13114705764102014,False,0.9523673145962948,4.827887372411804,-11.817301972371585,-7.193973293696021,False,False,False,True,29,48.333333333333336,True,0.43898796171545634,1.1526715872565985,False,-0.09084700486955402,True,3.0508077961838076,True,2,0,0.4055730877605289,False,0.6776766610360361,False,6,1,False,False,False,65.0,17.15121167626721,7.090803817823507,0.5277872435614669,20.0,False,1,1,1,3,-8.099020941910895,1361.77001953125,455087092.25092775,19.59731543624161,False,0.0,0,,,,0.0,0,,,,False,False,False,False,0,,none,0,0,False,-3,0.375,mixed,4,False
TDW,78.95999908447266,-13.345043125084299,66.96975588035289,52.3736000568892,34.73722172357678,0.13160334988904154,True,1.0280437137937215,6.5666129922908905,30.771774905066927,15.913088521468865,False,True,False,True,22,36.666666666666664,False,0.3376453695518257,1.285822888416775,False,1.7364236835199365,True,4.141386708371075,True,2,2,0.5281898814296417,False,1.8040931859895992,True,0,0,False,False,False,45.0,27.695149709158486,8.744932699289672,0.6765194466943002,44.0,False,4,4,6,5,-8.958842351802776,86.7300033569336,52327643.92670288,75.36912751677852,False,0.0,0,,,,0.0,0,,,,True,False,False,False,1,,sepa_vcp,6,6,True,0,0.75,mixed,4,False
TDY,651.9650268554688,-5.318839740861858,34.57283737129935,18.554186085253875,0.9178077519414565,0.09876191019569806,True,1.1850117366884143,7.8301727378216865,6.764002149713755,-0.01763437482538155,False,False,False,True,20,33.33333333333333,False,0.3867065194744603,1.3344374845143332,False,1.0851891581206796,True,2.587645836294561,True,2,1,0.48720048640303054,False,1.2633996633996634,True,4,1,False,False,False,45.0,11.130046069033076,9.5097125529932,0.6977632624927456,16.0,False,3,3,3,5,-3.3639088122100036,674.6599731445312,275100221.30448306,50.33557046979866,False,0.0,0,,,,0.0,0,,,,False,False,False,False,0,,none,0,0,False,-1,0.625,mixed,4,False
TE,5.164999961853027,-57.10132908457166,345.258630213287,248.98647941142832,231.3501010781159,0.1611419951502294,False,0.5970123512332614,22.8460854577129,-39.23529456643497,-39.66121835675908,False,False,True,False,23,38.333333333333336,False,0.40838003264844264,4.608212531482573,False,-4.717777112485924,True,-11.558222142096163,False,1,0,0.44130236926006583,False,0.7132314660207935,False,7,2,True,False,False,,,,,,False,3,2,2,2,,,243618404.47944736,96.71140939597316,True,0.0,0,,,,0.0,0,,,,False,False,False,False,0,,none,0,0,False,-4,0.25,mixed,4,False
TEAM,82.88500213623047,-59.16994968658598,45.03062103803816,-58.52224321836057,-76.158621551673,0.17930658819225515,False,1.0423789571156645,20.81196785354214,-37.089182439293765,-1.139067561276308,False,True,False,False,22,36.666666666666664,False,0.550804304710123,3.675336052670216,True,-0.9267355652085221,True,-11.153391228625287,False,0,1,0.4464852349553813,False,1.3015268766834525,True,3,2,True,False,False,25.0,23.485857416854113,20.81196785354214,0.37105953734595903,4.0,False,0,3,2,3,-14.771206029583063,97.25,298210578.6727295,2.4161073825503356,False,0.0,0,,,,0.0,0,,,,False,False,False,False,0,,none,0,0,False,-3,0.375,mixed,4,False
TECH,71.79000091552734,-0.4575732369482277,66.10365314182059,23.524206370876954,5.887828037564535,0.0696716774065256,False,0.24096976299799475,0.9193531880379512,5.662633149848739,1.3553565715873628,False,True,True,True,28,46.666666666666664,True,0.4760905063580589,0.2946909927212673,True,30.121115654174133,False,-0.4575732369482277,True,3,2,0.5592361702114383,False,1.97640448984038,True,2,2,True,False,False,25.0,23.53022819526637,1.4208166310808925,0.9805538121793361,5.0,True,5,5,6,6,-0.4575732369482277,72.12000274658203,413377187.9460556,55.302013422818796,False,0.0,0,,,,0.0,0,,,,True,True,False,False,2,power_play,sepa_vcp,6,6,True,0,0.75,mixed,4,False
TECK,60.30500030517578,-14.416249041089813,93.87733414701194,72.62370418335775,54.98732585004532,0.24102480568951268,False,0.9697647553314979,11.740323016708507,14.1203297641751,0.49158805514701864,False,False,False,False,28,46.666666666666664,True,0.43648880120460637,1.3660632374178574,False,-0.501393014217717,True,9.545869465839129,False,0,1,0.595982213362339,False,1.9052848509004185,True,6,1,False,False,False,25.0,17.881200795690255,12.005640729340003,0.5706336251184745,24.0,False,4,2,1,3,-7.6775863641741715,65.31999969482422,190865975.89376983,83.69127516778524,True,0.0,0,,,,0.0,0,,,,False,False,False,False,0,,none,0,0,False,-3,0.375,mixed,4,False
TEL,200.55999755859375,-18.894683599854524,2.805989761559302,-1.4247915835450708,-19.061169916857487,0.11783199631441611,False,0.9760197074563807,10.829677645143375,-9.77831614058573,1.5802244117746111,False,False,False,False,22,36.666666666666664,False,0.29960266909396577,0.917558536795939,False,-0.6482706124848242,True,-1.3526142506629313,True,1,1,0.5566772007103316,False,2.9958166388425154,True,5,1,False,False,False,25.0,13.249440257141865,10.829677645143375,0.3540947746256713,24.0,False,1,2,1,4,-8.557882695372921,219.3300018310547,518410081.97817075,31.812080536912752,False,0.0,0,,,,0.0,0,,,,False,False,False,False,0,,none,0,0,False,-2,0.5,mixed,4,False
TEM,44.002498626708984,-57.382567916020356,3.8529613782824823,-30.529683421683462,-48.16606175499588,0.34729411848345865,False,1.0260708086820591,14.658251575575568,-32.63548862172511,-26.991043151650075,False,False,False,False,23,38.333333333333336,False,0.4534072825857268,3.1864528146432995,True,-1.9347514008066031,True,-16.137797592909365,False,0,0,0.37918340067871736,False,1.0303313454792569,False,4,2,True,False,False,25.0,30.977656548863784,37.21379583217707,0.022634131492912567,16.0,False,0,2,2,2,-30.27650419719452,63.11000061035156,291963821.25020754,10.87248322147651,False,0.0,0,,,,0.0,0,,,,False,False,False,False,0,,none,0,0,False,-4,0.25,mixed,4,False
TENB,31.610000610351562,-25.88511259214975,97.0698179932886,-4.414874804795232,-22.05125313810765,0.15106946754795306,False,1.342135644004591,29.9905073052477,40.801779670909724,-18.10880347173043,False,False,False,False,23,38.333333333333336,False,0.5763222650539063,4.613838877115909,True,0.2929010867125393,True,-20.73721222734791,False,0,1,0.34255476351473224,False,1.4349183848667861,True,3,0,False,False,False,,,,,,False,1,2,1,1,,,150962143.69644508,28.59060402684564,False,0.0,0,,,,0.0,0,,,,False,False,False,False,0,,none,0,0,False,-5,0.125,mixed,4,False
TER,353.3900146484375,-26.961388615411842,293.0057511605537,287.9280148472728,270.2916365139604,0.11137903223910217,False,0.9250455506762566,13.557260159082768,54.32031581342647,-4.253700139594208,False,True,False,False,24,40.0,True,0.4953325281854673,3.889933918777068,True,-0.9651713221695952,True,9.625893630387772,False,0,0,0.46477132312067093,False,0.5131791182991906,False,7,3,True,False,False,25.0,39.16500889582611,23.308523643242022,0.2960385598845797,17.0,False,5,2,2,3,-27.570656064438992,487.9100036621094,1513875443.6318207,97.58389261744966,True,0.0,0,,,,0.0,0,,,,False,False,False,False,0,,none,0,0,False,-3,0.375,mixed,4,False
TEVA,30.905000686645508,-14.955969848985651,100.94278580419207,89.25291384589113,71.61653551257871,0.14320151303936673,False,0.9266071439935355,8.607014660940939,-2.8450135004428945,-10.782329009275527,False,True,False,False,26,43.333333333333336,True,0.4470842436183602,1.4748608383716788,True,-2.4638589403167495,True,-3.5123263675505667,True,1,0,0.34521480182023856,False,0.6639611011503807,False,6,3,True,False,False,25.0,16.54919830058308,10.386671802302779,0.22231688562181018,14.0,False,3,2,3,4,-12.870032074859694,35.470001220703125,149422029.581546,86.84563758389262,True,0.0,0,,,,0.0,0,,,,False,False,False,False,0,,none,0,0,False,-2,0.5,mixed,4,False
TEX,68.0999984741211,-8.688660764064714,63.880861261017465,32.62439383161566,14.988015498303245,0.09430511095437036,True,1.0028083023556023,10.44052976455419,14.90085717349392,-0.08803577576924626,False,False,False,False,29,48.333333333333336,True,0.5817372459081283,2.603713853579671,True,1.2946191174926582,True,4.144363220320901,True,1,0,0.45712569996502717,False,0.6264544831207396,False,5,3,True,False,False,45.0,26.222366478293218,10.44052976455419,0.6635261482662954,20.0,False,5,3,4,6,-8.823140650524097,74.69000244140625,94863307.97900657,63.08724832214765,False,0.0,0,,,,0.0,0,,,,False,True,False,False,1,,power_play,6,6,True,0,0.75,mixed,4,False
TFC,51.58829879760742,-5.645575636403621,29.64296225143532,18.56791042204755,0.9315320887351319,0.11170062709452779,False,0.996872270116594,4.070687584329662,6.232007864753264,1.1932115748002792,False,True,False,True,24,40.0,True,0.4624953652027998,1.0503041264092858,True,1.6664987660150778,True,-1.7365737188430042,True,2,3,0.6166298557039467,True,1.4924593030794164,True,2,1,False,False,False,55.0,14.717815128320726,7.133401160626087,0.6702127100175007,5.0,False,3,5,4,7,-4.853748365632327,54.220001220703125,395540783.5962219,50.40268456375839,False,0.0,0,,,,0.0,0,,,,False,True,False,False,1,,power_play,7,7,True,1,0.875,mixed,4,False
TFX,132.77999877929688,-4.0968515039562,33.05686897617004,15.577578756996502,-2.0587995763159164,0.07453981627757299,False,1.0597752701168017,3.976501602529112,29.1191853766406,-0.9030574403020797,True,True,False,True,25,41.66666666666667,True,0.39342994320745756,1.169418039150796,False,0.49034191265916444,True,-1.359484304848857,True,2,1,0.4462857534285772,False,1.2183891482853002,True,3,3,True,False,False,65.0,15.142833876633777,8.404871596564876,0.6904566721699729,64.0,False,4,4,4,6,-4.687363190950489,139.3099626918411,54842559.48105164,47.24832214765101,False,0.0,0,,,,0.0,0,,,,False,True,False,False,1,,power_play,6,6,True,0,0.75,mixed,4,False
TGT,136.4149932861328,-3.388812865104629,66.23367954143038,34.554277788179455,16.917899454867037,0.08999037222736427,True,0.9228509365293807,7.814392982265398,28.68117347085284,4.765368445069584,False,True,False,True,26,43.333333333333336,True,0.40835247960493826,1.2147296104333227,False,1.5373529090662335,True,-2.2815277063964245,True,2,0,0.42604216484248736,False,0.5608020925476768,False,5,2,True,False,False,45.0,18.94043767365591,8.686721715311014,0.7080437556383615,5.0,False,6,3,4,6,-5.529779049766271,144.39999389648438,551563416.8823792,64.63087248322148,False,0.0,0,,,,0.0,0,,,,False,True,False,False,1,,power_play,6,6,True,0,0.75,mixed,4,False
TGTX,54.03499984741211,-8.508299033246193,104.75559339576002,47.91952272945619,30.283144396143772,0.08330508111810282,True,1.1184948420301783,9.56787637316924,73.1890978400133,1.3599670895606542,False,True,False,False,29,48.333333333333336,True,0.5096296228677567,2.2991280836863526,True,2.1812115348416334,True,-1.521777110856548,True,1,0,0.37746826922742105,False,1.1128969807201892,False,5,2,True,False,False,35.0,32.47891832938901,10.446933420383877,0.7266355218856886,11.0,False,6,3,4,5,-8.878582558830772,59.29999923706055,122679561.67333297,72.61744966442953,False,0.0,0,,,,0.0,0,,,,False,False,False,False,0,,none,0,0,False,-1,0.625,mixed,4,False
THC,241.55999755859375,-1.3235316392046892,62.79821378181845,62.79821378181845,45.161835448506025,1.3849540007042567,False,1.3083815311171072,22.99843040903106,27.958469711085286,18.574512129958265,False,False,False,False,24,40.0,True,0.40766472448901697,1.7654212289733877,False,5.178854081426083,False,23.934119860443648,False,0,1,0.5175494726143931,False,1.2410324378456046,True,4,1,False,False,False,25.0,30.535018028758472,27.697052266722324,0.9302726132848335,0.0,True,5,2,2,2,-2.1291270104458193,246.81500244140625,255373438.1651764,80.13422818791946,True,0.0,0,,,,0.0,0,,,,False,False,False,False,0,,none,0,0,False,-4,0.25,mixed,4,False
THG,217.60000610351562,-1.8094826478009751,36.0686106438135,36.0686106438135,18.43223231050108,0.05860843528362091,True,1.0665854082403232,3.1571667851513476,29.717327945482587,-1.8094826478009751,False,True,False,True,30,50.0,True,0.46572235797343176,1.0177344252687757,True,3.0612329581867557,True,2.049435099909891,True,2,2,0.6106483355822665,True,1.8549632616487455,True,3,0,False,False,False,45.0,18.414004184401445,6.649816550933149,0.8146316960365948,13.0,False,6,4,5,7,-3.413372724837538,225.2899932861328,68148827.03878784,65.77181208053692,False,0.0,0,,,,0.0,0,,,,False,True,False,False,1,,power_play,7,7,True,1,0.875,mixed,4,False
THO,76.26000213623047,-35.75622389537486,6.773203251323845,-16.574522554226277,-34.2109008875387,0.07486248586221189,False,0.896599057133602,4.996062748316726,-32.40277017721874,-0.31372269773795036,False,True,False,True,22,36.666666666666664,False,0.41887347922785423,1.4959737437560559,False,0.3005619013774996,True,-0.013104113381190441,True,2,0,0.5101548277428163,False,0.7577273318759109,False,6,3,True,False,False,25.0,12.221671122679844,10.29372968033478,0.6777158113571792,20.0,False,1,3,3,5,-3.9388513616322673,79.38693552720179,50644991.179136656,19.395973154362416,False,0.0,0,,,,0.0,0,,,,False,False,False,False,0,,none,0,0,False,-1,0.625,mixed,4,False
TIGO,96.20999908447266,-2.433831772664008,166.80186839464787,158.73486114975242,141.09848281644,0.06644636092528411,True,0.8629385529096383,5.248937844104847,62.08651456726169,3.447759051365251,False,True,False,True,28,46.666666666666664,True,0.3743651451433118,1.3266722347271565,False,2.352909991866032,True,-2.1659521382321634,True,2,1,0.3369855710878185,False,1.8655017785066372,True,5,2,True,False,False,25.0,17.396499867921253,9.603989140106723,0.7409706310539655,2.0,False,10,3,3,6,-4.506204382657408,100.75,146718346.56295508,93.55704697986577,True,0.0,0,,,,0.0,0,,,,False,True,False,False,1,,power_play,6,6,True,0,0.75,mixed,4,False
TJX,154.1708984375,-8.455023404178597,25.315656730088865,23.59858873356373,5.962210400251312,0.10202095776235214,False,0.8862091823613308,3.8139525308638067,1.2223631352117126,-0.057757080583842324,False,True,False,True,23,38.333333333333336,False,0.38675921045545864,1.0090674433666589,False,-0.7383233345275272,True,-0.18717354900984473,True,2,0,0.5822131540525463,False,0.6531030682533561,False,3,3,True,False,False,55.0,14.315944707448308,6.408466010223537,0.34958981726222804,29.0,False,2,2,2,6,-9.311236213235297,170.0,829676085.9269562,55.369127516778526,False,0.0,0,,,,0.0,0,,,,False,True,False,False,1,,power_play,6,6,True,0,0.75,mixed,4,False
TKO,179.85000610351562,-19.417626534901533,17.37341428658208,8.717127472979946,-8.919250860332472,0.05083940858298121,False,0.7104214248286271,4.303589230188392,-11.53281031536897,-7.494080960112337,False,True,False,True,26,43.333333333333336,True,0.3773474956938698,1.3802697523166287,False,-3.1986240868006117,True,-2.8520491762743294,True,2,0,0.4427571165549578,False,0.4662650241423419,False,7,2,True,False,False,25.0,18.437288086905582,5.460109530697866,0.033457395274049326,18.0,False,1,2,3,4,-17.82042445160046,218.85000610351562,245404726.57024384,41.40939597315436,False,0.0,0,,,,0.0,0,,,,False,False,False,False,0,,none,0,0,False,-2,0.5,mixed,4,False
TKR,140.66000366210938,-3.2067185709071633,100.8659753738934,76.87584251030583,59.23946417699341,0.09797178657174596,True,0.9899200476467139,6.981367702093251,50.70274480159141,1.0778959187455195,False,True,False,True,28,46.666666666666664,True,0.43160534649063964,1.4131132007803113,False,1.5495863934985192,True,2.090292428747831,True,2,0,0.48315335995938574,False,1.0546411318879747,False,4,1,False,False,False,35.0,11.341115938028278,7.57854978372354,0.6560244214296023,17.0,False,8,2,4,6,-3.9010669164172396,146.3699951171875,112123152.07787856,84.63087248322148,True,0.0,0,,,,0.0,0,,,,False,True,False,False,1,,power_play,6,6,True,0,0.75,mixed,4,False
TLN,374.2650146484375,-16.053961573068086,23.53203721176289,10.350575128929918,-7.2858032043825,0.050088286446370964,False,0.8873775961101216,5.6350434885561835,2.138204330776139,2.6311462054459556,False,True,False,True,22,36.666666666666664,False,0.45524976340550666,2.210443674659187,True,-0.14154081394265033,True,0.5089076875417042,True,2,0,0.4900434505323802,False,0.8628056710731251,False,4,1,False,False,False,25.0,21.206603081736645,16.123601955525462,0.20776561004447947,24.0,False,0,1,2,4,-16.800600255488497,449.84100341796875,269278070.1169586,42.751677852349,False,0.0,0,,,,0.0,0,,,,False,False,False,False,0,,none,0,0,False,-2,0.5,mixed,4,False
TM,177.7100067138672,-28.42643218848062,6.73273676508539,-7.278512303921058,-24.914890637233476,0.13536532359716608,False,0.8018970891978712,3.061168328109546,-21.464553795053988,1.7870499120340666,True,True,False,True,21,35.0,False,0.33119298546120945,0.33459421011861146,False,-0.4608626148692203,True,0.056306572361886076,True,2,1,0.3910009011049061,False,1.5606245578872908,True,4,1,False,False,False,25.0,8.610725665190854,4.096560972516579,0.7418533634674223,13.0,True,1,4,5,5,-2.2228298685737613,181.75,76371810.1808525,26.644295302013422,False,0.0,0,,,,0.0,0,,,,False,False,False,False,0,,none,0,0,False,-1,0.625,mixed,4,False
TMDX,69.2750015258789,-53.945617358622634,11.661831888433749,-35.12969291883743,-52.76607125214984,0.15002114459419794,False,0.8181679091271341,9.310713541929951,-48.79896528946982,0.6026734125020639,False,True,False,False,23,38.333333333333336,False,0.35296203938181686,1.9964859441316436,False,-0.5766270523365263,True,-6.359829166747022,False,0,0,0.4754842808702108,False,0.6567296636998489,False,5,1,False,False,False,25.0,19.666748959275747,13.958856666835167,0.27905513733390747,24.0,False,0,1,2,3,-14.178641627533572,80.72000122070312,68533044.312109,9.261744966442953,False,0.0,0,,,,0.0,0,,,,False,False,False,False,0,,none,0,0,False,-3,0.375,mixed,4,False
TMHC,72.44999694824219,-0.0413995685729196,32.232151373646076,12.657440053907587,-4.978938279404831,3.4421171660288907,False,0.17306821470016834,0.5659126009381049,14.454972861713,1.0037551339930229,False,False,True,True,23,38.333333333333336,False,0.35567234195087805,0.08342468701469362,False,29.63923631892385,False,0.37406018554289044,True,3,1,0.5271672589624508,False,0.6609461522428585,False,1,2,True,False,False,45.0,25.28973645432537,0.938578790640349,0.9983629893238434,2.0,True,4,3,4,5,-0.0413995685729196,72.4800033569336,212393608.58654022,44.8993288590604,False,0.0,0,,,,0.0,0,,,,False,False,False,False,0,,none,0,0,False,-1,0.625,mixed,4,False
TMO,558.5150146484375,-12.482976151309499,27.54366271820732,18.003316989959917,0.36693865664749836,0.3048774819902399,False,1.1271403341672153,16.55281939871332,-10.599759702983668,6.700865819088309,False,False,False,False,22,36.666666666666664,False,0.41571762004420776,1.2144640987590423,False,3.8934163942509006,True,4.889392115130509,True,1,0,0.48363195368824374,False,1.0626208658332794,False,4,1,False,True,True,25.0,21.886328058282242,16.55281939871332,0.7746540783028256,1.0,False,1,1,1,4,-4.931994768860337,587.489990234375,1167782519.9194884,49.93288590604027,False,0.0,0,,,,0.0,0,,,,False,False,False,False,0,,none,0,0,False,-2,0.5,mixed,4,False
TMUS,178.9600067138672,-29.60415914639951,6.695290808073584,-26.330388305045094,-43.96676663835751,0.2520147115062297,False,1.2162660882441778,14.6010218170151,-2.8134273871478155,0.8111775612601457,False,False,False,False,22,36.666666666666664,False,0.5264130503344815,1.8558805867041044,True,-0.7942423987187379,True,-6.999941004315879,False,0,0,0.3974932582665921,False,0.7159484738841263,False,3,1,False,False,False,25.0,16.695160839959275,16.148856064076682,0.40060253838252224,5.0,False,0,1,1,2,-10.007037028767108,198.86000061035156,931741723.2457733,13.087248322147651,False,0.0,0,,,,0.0,0,,,,False,False,False,False,0,,none,0,0,False,-4,0.25,mixed,4,False
TNGX,26.954999923706055,-18.069912846346092,346.27483599249,299.33333220305263,281.69695386974024,0.13850877378808743,True,0.8302770925052931,10.907069346611205,130.18787221089966,-8.503052405344103,False,True,False,False,23,38.333333333333336,False,0.4115882098486106,2.7557520874754777,False,0.0015914751747445977,True,-5.6197464014321135,False,0,2,0.42564031753028936,False,1.6424961244649157,True,2,4,True,False,False,25.0,21.264537489840368,16.193655290198265,0.07784016416575691,17.0,False,7,4,5,5,-19.609302400722306,33.529998779296875,100907412.16274491,97.91946308724833,True,0.0,0,,,,0.0,0,,,,False,False,False,False,0,,none,0,0,False,-1,0.625,mixed,4,False
TNL,74.19000244140625,-5.004077087879777,32.268707179724785,24.33688046414244,6.700502130830021,0.10671810904328735,True,1.0569276230803688,5.944202071690597,8.038415161814338,-3.1335605317127424,False,False,False,True,25,41.66666666666667,True,0.4309627054014299,1.2186895273851135,False,1.123113386661101,True,1.2556378333434814,True,2,1,0.44868190103936023,False,1.2230655214795738,True,4,1,False,False,False,45.0,21.97041370757198,5.944202071690597,0.7638417122405057,21.0,False,3,3,3,4,-5.1884952825479225,78.25,56771012.392217636,56.241610738255034,False,0.0,0,,,,0.0,0,,,,False,False,False,False,0,,none,0,0,False,-2,0.5,mixed,4,False
TOL,148.81500244140625,-10.093083288400184,26.664800779776222,22.264282551977963,4.627904218665545,0.053789869861639285,False,0.9255390523218986,4.818061385825932,3.0591732665007143,-5.131452325119568,False,True,False,True,25,41.66666666666667,True,0.40638072329458275,1.2753754444332401,False,0.6658407143821304,True,-1.2901247919198444,True,2,1,0.499060975224946,False,1.0114841140169215,False,2,2,True,False,False,55.0,25.915894965101476,8.218254562307619,0.6018208641537631,19.0,False,2,4,3,5,-10.319168661885946,165.93847338495888,148345873.69781494,54.09395973154363,False,0.0,0,,,,0.0,0,,,,False,False,False,False,0,,none,0,0,False,-1,0.625,mixed,4,False
TOST,29.030000686645508,-41.115616357205475,30.004481799512117,-39.608901870304734,-57.245280203617156,0.06991674548225316,False,1.0000628109190643,10.471928500249112,-14.112422065338093,0.728664101474652,False,True,False,False,26,43.333333333333336,True,0.4155786789485503,1.6989859160115743,False,2.316068974006695,True,-3.49068896184751,True,1,0,0.4608679074575231,False,0.8512162374007944,False,5,1,False,False,False,25.0,23.732058831027107,11.05752985151656,0.6881721064126133,7.0,False,1,2,3,4,-7.400317915771115,31.350000381469727,390784399.20538014,7.181208053691275,False,0.0,0,,,,0.0,0,,,,False,False,False,False,0,,none,0,0,False,-2,0.5,mixed,4,False
TPC,86.98999786376953,-10.535560103685649,91.03326182261931,80.58953810178579,62.95315976847337,0.13232985760735508,False,0.9704363920271694,10.84032709133251,14.630199461591742,13.342016760611774,False,False,False,False,27,45.0,True,0.4990926446898674,2.0634472490739917,True,2.840317651813382,True,10.646139436253566,False,0,2,0.6419002021651303,True,3.3207602093425144,True,6,1,False,True,True,25.0,17.118645791953565,16.484649603449515,0.9003299020365697,3.0,True,5,4,3,5,-1.7062171030852724,88.5,87862977.22876815,85.36912751677852,True,0.0,0,,,,0.0,0,,,,False,False,False,False,0,,none,0,0,False,-1,0.625,mixed,4,False
TPG,41.970001220703125,-38.15595635531637,12.133915947037233,-23.8743949907671,-41.51077332407952,0.044494521281090674,False,0.8006632115914488,6.909700837579156,-30.90526964423843,1.3034055311360593,False,True,False,True,25,41.66666666666667,True,0.3685036952351082,1.2972654278590845,False,0.01526942085342785,True,-4.046640123095935,True,2,0,0.43131065314719985,False,0.8059943938886867,False,3,2,True,False,False,25.0,16.29121919701473,11.972841028653946,0.46893812291427556,7.0,False,1,2,2,4,-8.65164544678163,45.94499969482422,75697941.73291588,14.36241610738255,False,0.0,0,,,,0.0,0,,,,False,False,False,False,0,,none,0,0,False,-2,0.5,mixed,4,False
TPL,424.86358642578125,-21.170597039754746,55.72290713154546,32.30017294519132,14.663794611878902,0.06645994392999745,False,0.8905570888369817,7.510639688606393,22.788005557150946,4.337812792051032,False,True,False,True,19,31.666666666666664,False,0.5230634998562541,2.2188934477902045,True,1.9927985118957485,True,2.2043718907052368,True,2,1,0.4918261364304839,False,1.0394858619641227,False,2,1,False,False,False,25.0,21.51801994254997,8.310902295874207,0.7997026181422099,16.0,False,2,3,4,5,-4.310003057256473,444.0,138476786.4945984,62.88590604026846,False,0.0,0,,,,0.0,0,,,,False,False,False,False,0,,none,0,0,False,-1,0.625,mixed,4,False
TPR,140.6300048828125,-11.888770415030613,48.857207070756424,31.36720945411142,13.730831120799003,0.09360323793799302,False,0.9330400595029855,4.5482430746822375,8.743242578354948,-2.482491966149003,False,True,False,True,23,38.333333333333336,False,0.37963318007332214,1.31114376193972,False,-0.2079038972714528,True,-0.5867395671297682,True,2,2,0.4787175600459609,False,1.4592455398689186,True,2,3,True,False,False,55.0,18.3523520838054,8.348151237672964,0.43995365561561184,27.0,False,2,4,3,6,-10.278167695390428,156.74000549316406,354400535.9060219,62.08053691275168,False,0.0,0,,,,0.0,0,,,,False,True,False,False,1,,power_play,6,6,True,0,0.75,mixed,4,False
TREX,43.18000030517578,-36.954297485797504,43.31231831364295,-36.35023196329613,-53.986610296608546,0.1274858748676542,False,1.0291818732472646,8.47614595077574,1.480613582635537,-10.913969016505431,False,True,False,False,24,40.0,True,0.33364165472405327,1.697574366381874,False,-0.3232700919027611,True,-4.320852463522639,True,1,0,0.3872419387266801,False,0.3307697856236945,False,8,3,True,False,False,25.0,17.163288366029676,16.512276557952212,0.17129625541519275,17.0,False,1,2,2,3,-14.223281338317651,50.34000015258789,89396408.28563328,8.590604026845638,False,0.0,0,,,,0.0,0,,,,False,False,False,False,0,,none,0,0,False,-3,0.375,mixed,4,False
TRGP,289.93499755859375,0.0,101.49683765050614,79.03991192537177,61.40353359205935,0.11007667898489369,True,0.8774435992264611,4.661384187718868,52.921315923705706,11.99590238336057,False,True,False,True,29,48.333333333333336,True,0.48823452469019624,1.2386206627103298,True,3.2190434613318963,True,2.4831196513201537,True,2,0,0.5054743504888958,False,0.47758197247117906,False,3,0,False,False,False,55.0,16.796531420029844,5.327058635305807,0.9846390159369585,0.0,True,9,2,5,5,-0.2580112514574573,290.68499755859375,331051327.1915558,85.03355704697987,True,0.0,0,,,,0.0,0,,,,False,False,False,False,0,,none,0,0,False,-1,0.625,mixed,4,False
TRI,87.96499633789062,-55.53582926372511,14.911812973299021,-55.53582926372511,-73.17220759703753,0.18066301945959765,False,1.0596042248231543,13.66453108949129,-26.513716677098166,-1.3955865478746832,False,True,False,False,25,41.66666666666667,True,0.5197441602379651,2.2434594279828324,True,0.5233381616529613,True,-8.560291966310752,False,0,2,0.4564112511961442,False,2.031646990979116,True,1,1,False,False,False,25.0,24.549950612687176,18.723358047374496,0.47078959316145574,6.0,False,1,3,3,4,-12.992089351606351,101.0999984741211,166880371.7357853,2.7516778523489935,False,0.0,0,,,,0.0,0,,,,False,False,False,False,0,,none,0,0,False,-2,0.5,mixed,4,False
TRMB,51.349998474121094,-39.758329703165174,5.074687121833099,-39.00701153933429,-56.64338987264671,0.08039212455721229,False,1.0079488594684156,7.964946979792281,-27.86908735340289,-3.186279057758279,False,True,False,True,20,33.33333333333333,False,0.3738030031234124,1.1724924374679486,False,-0.851174530657226,True,-2.5986394439688087,True,2,1,0.4404859274322301,False,1.3333901946595914,True,3,2,True,False,False,25.0,12.13788528686537,9.21129441633793,0.518126719350188,13.0,False,0,3,2,4,-5.848922603332896,54.540000915527344,136125104.38832283,7.583892617449664,False,0.0,0,,,,0.0,0,,,,False,False,False,False,0,,none,0,0,False,-2,0.5,mixed,4,False
TRNO,72.62000274658203,-3.276503761958016,41.73224278013785,31.28124687302836,13.64486853971594,0.10171190271766746,True,1.1767726219201395,4.668134482834336,18.09928184680796,7.85682574137021,True,True,False,True,29,48.333333333333336,True,0.46079836996507606,1.0612343203661734,True,3.1344019444901785,True,-3.2507259410806677,True,2,1,0.5573369747114132,False,3.2623639758226792,True,4,2,True,False,False,25.0,20.840159040118444,13.274578662973349,0.6158340290058026,5.0,False,6,4,5,6,-8.006079933320597,78.94000244140625,77166006.42784652,61.946308724832214,False,0.0,0,,,,0.0,0,,,,False,True,False,False,1,,power_play,6,6,True,0,0.75,mixed,4,False
TROW,115.6500015258789,-3.75333055823851,35.790355533255976,13.145811385493221,-4.490566947819197,0.05002824649465632,False,1.0806401348364743,3.562475306721117,12.449824609609305,-2.4462264455723304,False,True,False,True,25,41.66666666666667,True,0.4529217016798818,1.2477837640088454,True,2.398301227524017,True,-1.4486552793752994,True,2,1,0.4517968524720649,False,1.242154257329518,True,4,2,True,False,False,45.0,18.042108177790684,5.974927428395346,0.7475028794511158,13.0,False,3,4,3,5,-4.555580363523626,121.16999816894531,240966298.0072998,45.57046979865772,False,0.0,0,,,,0.0,0,,,,False,False,False,False,0,,none,0,0,False,-1,0.625,mixed,4,False
TRP,70.70500183105469,0.0,53.92816416818804,51.50128966888416,33.86491133557175,0.06168549529586981,True,0.950519949857962,4.426839929792955,28.100189514743157,6.371296122426595,False,False,False,True,36,60.0,True,0.46956742424461695,0.9809324362812285,True,1.9258900221896473,True,1.3546440164648788,True,2,0,0.5960019731653169,False,0.9623119380628663,False,4,1,False,False,False,65.0,16.598504083481803,4.978437424938867,0.983430143873379,5.0,True,7,3,4,5,-0.2750348245804224,70.9000015258789,180329744.191922,74.76510067114094,False,0.0,0,,,,0.0,0,,,,False,False,False,False,0,,none,0,0,False,-1,0.625,mixed,4,False
TRU,75.61499786376953,-23.315727147840505,17.3599216290788,-22.70025673225089,-40.33663506556331,0.23689692787317035,False,0.9817015135250946,9.336768839580309,-9.595006795647132,-3.4414503624620174,False,True,False,False,24,40.0,True,0.4579026194901995,1.6963350152430885,True,1.4603882276641829,True,-5.303695292773359,False,0,1,0.5564419888764178,False,2.1443196607750115,True,3,1,False,False,False,25.0,22.813641766558924,12.312369002994549,0.6537639739003824,5.0,False,1,3,3,3,-7.898904666113616,82.0999984741211,170610021.19122696,15.033557046979865,False,0.0,0,,,,0.0,0,,,,False,False,False,False,0,,none,0,0,False,-3,0.375,mixed,4,False
TRV,386.4750061035156,0.0,54.02438773726803,49.862048717659555,32.22567038434714,0.2135850779199371,True,1.327259842332453,6.290194111455824,40.25056362085297,12.902050439634639,False,False,False,True,34,56.666666666666664,True,0.4832329217214211,1.3201567233277418,True,6.570560901229402,False,4.7414479365484485,True,2,2,0.7575686014818694,True,2.8935983653933905,True,4,0,False,True,True,25.0,21.98169292674803,15.84837286569431,0.9980584950625737,0.0,True,8,3,4,5,-0.042677565350268676,386.6400146484375,669602128.9329529,73.55704697986577,False,0.0,0,,,,0.0,0,,,,False,False,False,False,0,,none,0,0,False,-1,0.625,mixed,4,False
TRVI,17.049999237060547,-12.56410647661258,143.22394693816136,117.47447583189836,99.83809749858594,0.1249409181530443,True,1.500550822016122,16.123159911892795,70.67066694389092,-4.907981333727074,False,True,False,False,24,40.0,True,0.5249757864749787,4.057025295917037,True,0.726667108771634,True,-10.592556319295166,False,0,1,0.4508077973405844,False,1.468432324988614,True,3,2,True,True,False,25.0,19.683480105796537,23.343106864106158,0.20351747716213328,5.0,False,6,3,3,3,-15.677547892893784,20.219999313354492,54976828.53476381,90.87248322147651,True,0.0,0,,,,0.0,0,,,,False,False,False,False,0,,none,0,0,False,-3,0.375,mixed,4,False
TS,58.20000076293945,-9.09090313230636,76.15666749336907,55.52194942941166,37.88557109609924,0.6193888803722697,False,0.8354841182431446,6.21992935469153,33.574562457576086,7.518935182917663,False,False,False,True,27,45.0,True,0.45938098544939293,0.9376369585365165,True,-0.6235873456385759,True,1.8194557703002268,True,2,0,0.4751985827769258,False,0.8007552423606168,False,3,3,True,False,False,25.0,9.208294134284083,6.21992935469153,0.8782288550070698,1.0,True,5,3,4,6,-1.1213045201634575,58.86000061035156,55683010.33472252,76.97986577181209,False,0.0,0,,,,0.0,0,,,,False,True,False,False,1,,power_play,6,6,True,0,0.75,mixed,4,False
TSCO,29.950000762939453,-51.379693054476306,2.7796890537298946,-48.47528452506901,-66.11166285838142,0.23066786902818442,False,0.9899280824667086,6.510853800552857,-44.545187876950585,-5.6989907207129376,False,False,False,True,22,36.666666666666664,False,0.45585787125602617,1.6554176958362345,True,-0.5263884823752216,True,-1.8354620181623815,True,2,1,0.37664305308363216,False,1.3601660011342303,True,5,1,False,False,False,45.0,13.112741603341599,9.849751879104542,0.3714954687087781,15.0,False,0,2,1,3,-8.241417515351113,32.63999938964844,330886402.2243633,4.093959731543624,False,0.0,0,,,,0.0,0,,,,False,False,False,False,0,,none,0,0,False,-3,0.375,mixed,4,False
TSEM,236.61000061035156,-25.324287185574324,429.68437499252775,402.35670546859143,384.72032713527904,0.20236701564259513,False,0.9367990916689589,15.075439785694659,83.96051126791977,8.016433377745535,True,True,False,False,25,41.66666666666667,True,0.5071585074993207,4.091309651463298,True,-0.8810114074078117,True,1.0721889967512555,True,1,0,0.46683858073281864,False,1.0063189172983755,False,4,1,False,True,False,25.0,37.603924686044,26.431677919279256,0.30737259145507795,23.0,False,6,1,3,2,-26.045508906413083,319.94000244140625,414841266.00464326,98.85906040268456,True,0.0,0,,,,0.0,0,,,,False,False,False,False,0,,none,0,0,False,-3,0.375,mixed,4,False
TSLA,311.94500732421875,-36.32215966870474,3.0780168162814148,2.1765541424640267,-15.45982419084839,0.5250656778892469,False,0.9372192543827668,25.039665170976498,-30.53377966860299,-20.71546634999849,False,False,False,False,21,35.0,False,0.5315024655508191,2.7813516433531307,True,-5.445123499768484,True,-18.090271420060233,False,0,0,0.2853657986263677,False,0.6037907754118721,False,5,2,True,False,False,25.0,28.729840955513396,31.444643778491766,0.027701895545257604,16.0,False,0,2,2,2,-27.933969902331903,432.8599853515625,16360840123.051132,35.70469798657718,False,0.0,0,,,,0.0,0,,,,False,False,False,False,0,,none,0,0,False,-4,0.25,mixed,4,False
TSM,404.65838623046875,-15.267211084353304,79.97345835707162,69.34340482790118,51.70702649458876,0.18185396160253753,False,0.8322195516837024,6.257131493080689,21.46473515342018,-6.795102538878883,False,True,False,True,23,38.333333333333336,False,0.5680104994368735,2.199330748412266,True,-1.3803285896497852,True,1.5785303085970037,True,2,0,0.4267567556978985,False,1.0178461714898215,False,7,1,False,False,False,25.0,19.41127578002675,12.842931961653251,0.20045595842677932,17.0,False,2,1,2,4,-15.520169889254953,479.0,6224760453.377672,82.81879194630872,True,0.0,0,,,,0.0,0,,,,False,False,False,False,0,,none,0,0,False,-2,0.5,mixed,4,False
TSN,57.310001373291016,-15.937408549908593,15.884313408024674,9.823880148586174,-7.812498184726245,0.0720097764471341,False,0.7170840151840286,3.6468331922984785,-5.5138834495761735,-2.682964905303009,False,True,False,True,19,31.666666666666664,False,0.35763583573105234,0.7117263347056793,False,-1.9715414501774124,True,-0.7962594440499737,True,2,0,0.3913044274288977,False,0.932523953101221,False,4,3,True,False,False,25.0,9.146848332448227,5.217242377977449,0.48727278275923297,13.0,False,0,2,3,4,-4.689838092019527,60.130001068115234,156705406.17572364,42.080536912751676,False,0.0,0,,,,0.0,0,,,,False,False,False,False,0,,none,0,0,False,-2,0.5,mixed,4,False
TT,480.92999267578125,-4.475032606698626,28.359591920612615,4.885077495195556,-12.751300838116862,0.1198737449010008,False,0.9498416184119353,4.418002179564156,25.105893485712837,0.5856122318981027,False,True,False,True,26,43.333333333333336,True,0.4407850905139564,1.3273841805943665,True,0.8259818244810893,True,2.329882427653218,True,2,1,0.613458173805776,True,0.9760235222372261,False,5,0,False,False,False,35.0,13.135782381016615,6.447925943044767,0.6246800705234099,20.0,False,4,3,3,6,-4.93012091686299,505.8699951171875,541662500.0901581,38.59060402684564,False,0.0,0,,,,0.0,0,,,,False,True,False,False,1,,power_play,6,6,True,0,0.75,mixed,4,False
TTAN,71.63999938964844,-40.110351325254875,29.571347808622384,-38.931036671562595,-56.567415004875016,0.06239215531216638,False,1.071897384226569,19.877160783207835,-22.54297649009733,-8.517428651373194,False,True,False,False,27,45.0,True,0.5151190823286985,3.3293003103535765,True,0.34204150266401945,True,-5.73684290835732,False,0,1,0.47934008165135766,False,3.261559519789471,True,3,2,True,False,False,25.0,26.761079266562376,21.203242002820446,0.5033920778191185,13.0,False,1,3,2,3,-13.289763969885405,82.62000274658203,135308783.15774384,7.651006711409396,False,0.0,0,,,,0.0,0,,,,False,False,False,False,0,,none,0,0,False,-3,0.375,mixed,4,False
TTC,93.0250015258789,-7.791223985920526,38.70448382888472,26.9086085298428,9.272230196530383,0.05616680673950454,False,0.9121040754008684,4.740656770092086,4.50122474026764,-4.176967685098088,False,True,False,True,25,41.66666666666667,True,0.4085483054433815,1.072748321521251,False,0.3644917892492485,True,-1.4774376934114541,True,2,0,0.45542227426215665,False,0.9970296626698099,False,7,1,False,False,False,35.0,14.477824723590343,6.062885565317007,0.6440103214638468,19.0,False,2,2,3,5,-5.153956169253693,98.08000183105469,55798257.97385025,58.65771812080537,False,0.0,0,,,,0.0,0,,,,False,False,False,False,0,,none,0,0,False,-1,0.625,mixed,4,False
TTD,16.91010093688965,-81.16076143667547,0.7153068184245104,-80.10576360365924,-97.74214193697166,0.28955844266273634,False,0.820182898491531,14.310973573284105,-53.73433299625534,-11.465441889229776,False,True,False,False,22,36.666666666666664,False,0.42204762149024166,2.1879610161078253,False,-3.0643313378549273,True,-9.03657451269243,False,0,0,0.20374305536530116,False,0.9321322312928996,False,7,3,True,False,False,25.0,18.675427869340627,22.67874744677926,0.05478493457817495,9.0,False,0,2,2,3,-17.652295775299375,20.53499984741211,252866043.88237953,0.33557046979865773,False,0.0,0,,,,0.0,0,,,,False,False,False,False,0,,none,0,0,False,-3,0.375,mixed,4,False
TTE,86.94000244140625,-7.115380492827916,55.465452273303995,50.03649399338559,32.40011566007317,0.09629745721560355,True,1.0110537903665286,7.867490390859469,26.96851391663113,13.36549703180847,False,False,False,True,24,40.0,True,0.5503145701920115,0.8387774822872902,True,1.3995452569241806,True,6.819023336254859,False,1,0,0.5192568890806015,False,1.1311846332472861,False,4,1,False,False,False,35.0,17.588714415040922,9.592818154694,0.7619050350660569,29.0,False,5,2,3,4,-4.187784341882306,90.73999786376953,151749961.4692669,73.75838926174497,False,0.0,0,,,,0.0,0,,,,False,False,False,False,0,,none,0,0,False,-2,0.5,mixed,4,False
TTEK,31.924999237060547,-24.755390534044107,21.94422790265964,-15.912831327044385,-33.5492096603568,0.12645891731075223,False,0.9217154400848824,4.839467856589366,-13.27635588027647,6.772574061423398,False,True,False,True,24,40.0,True,0.4565517651883032,1.3152428750045988,True,3.5168213920069538,True,1.0604592682954328,True,2,1,0.42091955395987996,False,1.4104711696210637,True,3,0,False,False,False,45.0,18.429192837664107,6.045420051053018,0.9303689854923118,5.0,True,2,4,5,5,-1.2832433938443688,32.34000015258789,73602895.86767387,19.86577181208054,False,0.0,0,,,,0.0,0,,,,False,False,False,False,0,,none,0,0,False,-1,0.625,mixed,4,False
TTMI,135.1199951171875,-38.98948192873518,237.29403516015682,205.21796638809695,187.58158805478453,0.09504823297166039,False,0.7495695789883197,12.82563828989532,42.20164164470867,-13.37351018190125,False,True,False,False,24,40.0,True,0.4307083744701034,3.3494298457959113,False,-3.591981218871896,True,2.363632664535986,True,1,0,0.41196387393666045,False,0.24399356058231866,False,6,2,True,False,False,,,,,,False,5,2,2,2,,,493266851.1523819,95.63758389261746,True,0.0,0,,,,0.0,0,,,,False,False,False,False,0,,none,0,0,False,-4,0.25,mixed,4,False
TTWO,231.7100067138672,-11.658851208515363,22.1519340669736,2.640091567604519,-14.9962867657079,0.10056039485032807,False,0.7691546590426042,5.735614734388355,-5.705444698422967,-9.129769119488484,False,True,False,True,24,40.0,True,0.4652171248679335,1.2878972751490465,True,-0.26602966009448137,True,-2.099875830536402,True,2,0,0.40087664275280355,False,0.7359110662961096,False,6,3,True,False,False,25.0,14.078364329433777,7.8546443489239985,0.085737353219751,13.0,False,2,2,3,5,-12.871322634164773,265.94000244140625,508985134.50971985,36.1744966442953,False,0.0,0,,,,0.0,0,,,,False,False,False,False,0,,none,0,0,False,-1,0.625,mixed,4,False
TU,10.204999923706055,-35.53488807529068,0.9396663724519971,-35.22270573916164,-52.85908407247406,0.15739510044858665,False,0.9810300812312746,4.409601299651107,-22.846362879102667,0.14720651560802267,False,False,False,True,15,25.0,False,0.41550365385027,1.0302788988494507,False,-4.661331220929747,True,-1.8749971343919758,True,2,0,0.39017052222284904,False,0.6656723503023156,False,4,3,True,False,False,25.0,14.518904503530191,7.349338614474281,0.15088759399896393,24.0,False,0,2,3,4,-12.3281819354918,11.640000343322754,62827597.02654533,9.12751677852349,False,0.0,0,,,,0.0,0,,,,False,False,False,False,0,,none,0,0,False,-2,0.5,mixed,4,False
TVTX,56.83000183105469,-3.7269134232368883,270.9530219524378,256.30095617959137,238.66457784627895,0.2027185171952324,True,1.1286107312082756,9.994721312980765,93.03668750043326,-0.1581102262573908,False,True,False,False,28,46.666666666666664,True,0.3394989276270108,1.4788292239047045,False,1.9489815624230316,True,0.2116077385282189,True,1,1,0.6098258963811956,True,0.8549798364301059,False,3,1,False,False,False,35.0,25.640599398763076,12.317437576035513,0.7878003455259245,20.0,False,9,3,4,5,-5.440926332925711,60.099998474121094,84553886.00623378,96.84563758389262,True,0.0,0,,,,0.0,0,,,,False,False,False,False,0,,none,0,0,False,-1,0.625,mixed,4,False
TW,98.75,-32.106269014095886,7.9234972677595605,-28.350200617179734,-45.98657895049215,0.06941734663040193,False,0.9485261509091071,4.516454769086234,-3.6959618086203405,-3.930344274291242,True,True,False,True,22,36.666666666666664,False,0.3448371436052084,1.20249291162771,False,-0.713469211170435,True,-1.1511526609746858,True,2,2,0.4013224887979273,False,1.6987239652393469,True,2,3,True,False,False,25.0,12.713039923437258,5.4632954657832276,0.5505069836307546,15.0,False,0,4,5,5,-5.714422662408458,104.73500061035156,152041913.5653122,12.281879194630871,False,0.0,0,,,,0.0,0,,,,False,False,False,False,0,,none,0,0,False,-1,0.625,mixed,4,False
TWLO,186.9499969482422,-20.998141721420193,102.23928170787508,41.98374690365478,24.347368570342365,0.12503826248748456,False,0.9922748571363407,17.729333808359563,45.71316640797291,-10.682719827605059,False,True,False,False,25,41.66666666666667,True,0.4607581984831766,2.48916991114932,True,-1.3674151750348778,True,-9.589903253757104,False,0,2,0.37425291755918905,False,1.7494651232397507,True,2,1,False,False,False,25.0,21.82183230349932,23.559774746152755,0.15493801155604553,10.0,False,3,3,3,4,-18.440800997885653,229.22000122070312,352196467.1562958,70.13422818791946,False,0.0,0,,,,0.0,0,,,,False,False,False,False,0,,none,0,0,False,-2,0.5,mixed,4,False
TWST,89.20999908447266,-13.287323613814694,269.2466872843476,154.30443109469624,136.66805276138382,0.12240381037891623,True,1.1120111913216348,13.731644575402937,107.75501149872744,-10.106810756954498,False,True,False,False,27,45.0,True,0.4628220863311413,3.6160575591447572,True,1.4596409996494628,True,-4.944059099721676,True,1,0,0.42675399674969394,False,0.8491381219339588,False,6,2,True,False,False,25.0,22.679432911820204,13.933416021455011,0.320233972369597,15.0,False,8,2,3,4,-15.416708019378245,105.47000122070312,142638361.27648622,93.35570469798657,True,0.0,0,,,,0.0,0,,,,False,False,False,False,0,,none,0,0,False,-2,0.5,mixed,4,False
TXG,45.974998474121094,-4.338332999567173,305.4232615122953,234.85069196610283,217.2143136327904,0.18957176682827828,True,1.2349097191362568,16.465470247019805,105.42895530897897,17.854397468003146,False,True,False,False,33,55.00000000000001,True,0.3798030849495572,2.9016588629059266,False,3.9366145486164927,True,5.1097318470259445,False,0,1,0.570972002791027,False,1.4917063943758355,True,3,0,False,False,False,25.0,36.76767830896859,17.18325565649718,0.8063186055982566,1.0,False,11,2,3,5,-7.1212152037957726,49.5,134016737.11066437,96.44295302013423,True,0.0,0,,,,0.0,0,,,,False,False,False,False,0,,none,0,0,False,-1,0.625,mixed,4,False
TXN,277.9049987792969,-16.364210966581926,83.35630725863284,53.85849157738647,36.22211324407405,0.1877981822054577,False,0.961847517182866,8.452525264948541,45.43491172786538,-5.177763234688493,False,False,False,False,27,45.0,True,0.5005201045480705,2.1295001425836477,True,-1.6804175781938389,True,-2.153014038064993,True,1,0,0.38368909076126834,False,0.984230891091395,False,8,0,False,False,False,35.0,18.007362846540975,13.64135363834037,0.06691594854375582,23.0,False,3,1,1,2,-16.8023830808931,334.0299987792969,2612629616.9177794,75.97315436241611,False,0.0,0,,,,0.0,0,,,,False,False,False,False,0,,none,0,0,False,-4,0.25,mixed,4,False
TXNM,58.33000183105469,-1.9334191661602773,5.908715977180146,5.351115380955829,-12.28526295235659,0.016574561375996586,False,1.0431435978234607,1.525800380096345,-0.11209157762346322,2.4411718262558724,False,True,False,True,21,35.0,False,0.4586092628461955,0.3945701403645318,True,0.7543634283394239,True,1.6025117333005046,True,2,2,0.6766403482964636,True,1.0524865076213288,False,2,1,False,False,False,35.0,6.455951886585227,2.9144469310424657,0.7005214412799898,33.0,True,3,5,4,7,-1.9334191661602773,59.47999954223633,87858415.69154206,38.79194630872483,False,0.0,0,,,,0.0,0,,,,False,True,False,False,1,,power_play,7,7,True,1,0.875,mixed,4,False
TXRH,192.19000244140625,-2.713237422196979,23.823017340619955,6.0909613365845106,-11.545416996727909,0.15983120323090713,False,0.8957297714151496,5.6506584486164915,1.6860505060299014,-1.0757650561161847,False,True,False,True,24,40.0,True,0.47235270445743116,1.320974369876581,True,2.162766972976461,True,-2.4564768653894897,True,2,0,0.4334551501545608,False,1.1749133663366336,False,5,2,True,False,False,35.0,20.043976057174977,6.821374912229611,0.8025430553870068,5.0,False,4,3,3,6,-3.957822270145761,200.11000061035156,178976357.42186278,39.12751677852349,False,0.0,0,,,,0.0,0,,,,False,True,False,False,1,,power_play,6,6,True,0,0.75,mixed,4,False
TXT,95.58999633789062,-5.099443117331049,24.223029279111795,18.221394900839382,0.5850165675269636,0.14055140074957645,False,0.9483853637844779,6.496494740434564,0.664510016660147,3.3405365815033727,False,False,False,True,26,43.333333333333336,True,0.442359441330795,1.1694914514218362,True,2.015384084895605,True,4.492777470635634,True,2,2,0.48590285428850527,False,1.546356361123562,True,2,1,False,False,False,65.0,11.936955158714674,7.9610847388797925,0.8283842096709881,58.0,True,3,5,4,6,-2.04856999368479,97.58917897546536,124239583.27853775,50.13422818791946,False,0.0,0,,,,0.0,0,,,,False,True,False,False,1,,power_play,6,6,True,0,0.75,mixed,4,False
TYL,298.5,-51.20635621240426,8.438991504146266,-46.688811060365964,-64.32518939367839,0.1561753926520206,False,1.0044331896778802,12.147396733014029,-31.341431296563236,-6.161586207935321,False,True,False,False,24,40.0,True,0.4405374196830027,1.7662296635584502,True,-0.416147682104185,True,-6.5756968869415955,False,0,1,0.4325419453641309,False,1.4805838133536209,True,3,3,True,False,False,25.0,18.147739103643406,14.073694890467964,0.4630123209215675,13.0,False,1,3,2,3,-9.745112301786385,330.7300109863281,209000908.23078918,4.76510067114094,False,0.0,0,,,,0.0,0,,,,False,False,False,False,0,,none,0,0,False,-3,0.375,mixed,4,False
U,28.315000534057617,-42.76329121615661,65.29481565246303,-15.071984389718807,-32.70836272303123,0.11672689258216466,False,0.9874629800392074,10.047675294699337,-33.12470375055736,-3.427691579901382,False,False,False,False,26,43.333333333333336,True,0.48174577875368074,2.7256915136234245,True,-0.1656627519322595,True,-2.328386486339429,True,1,0,0.44339457054678366,False,0.6311938897972849,False,3,1,False,False,False,25.0,22.63237432649816,16.033900485779423,0.3669787442811412,10.0,False,1,1,1,2,-14.32677401605913,33.04999923706055,199924518.4624695,20.469798657718123,False,0.0,0,,,,0.0,0,,,,False,False,False,False,0,,none,0,0,False,-4,0.25,mixed,4,False
UAA,6.795000076293945,-16.52334410688463,62.94963913604885,-5.230125467360269,-22.86650380067269,0.12297171761906159,False,1.1679064058776174,13.539361135056282,7.007876824324555,2.4886871644788977,False,True,False,False,24,40.0,True,0.48065083644375556,2.4564815143219825,True,2.0016368401604923,True,-8.546430238433345,False,0,1,0.49216412623951616,False,2.687482630359563,True,3,1,False,False,False,25.0,24.80000178019206,14.71670329318685,0.6209678101613991,5.0,False,2,3,3,4,-9.399998982747393,7.5,59943111.25905876,27.85234899328859,False,0.0,0,,,,0.0,0,,,,False,False,False,False,0,,none,0,0,False,-2,0.5,mixed,4,False
UAL,117.63999938964844,-13.56990752911541,39.10370085628383,31.10441879924235,13.468040465929931,0.13175624897233293,True,0.9096491809646601,6.81740622634865,9.188789420988153,-11.761181423009049,False,True,False,True,25,41.66666666666667,True,0.41979699580877616,1.4525664046420113,False,0.4837045062066781,True,1.9322378102230253,True,2,0,0.48831553998104277,False,0.8824808564267638,False,5,1,False,False,False,25.0,19.56474792100792,11.577690571108565,0.2217309872829381,17.0,False,3,1,3,4,-15.226637048541026,138.77000427246094,578140500.3566437,61.67785234899329,False,0.0,0,,,,0.0,0,,,,False,False,False,False,0,,none,0,0,False,-2,0.5,mixed,4,False
UBER,68.70500183105469,-31.363633488149322,0.13846555874945654,-24.391988825334387,-42.0283671586468,0.14623399474092663,False,0.9026979607239017,7.364827964681251,-16.52897112268059,-7.691788862888105,False,True,False,True,18,30.0,False,0.4686098419510906,1.5123556561535296,True,-1.7024169763369335,True,-5.1821657478085985,False,1,0,0.2714461528012384,False,0.8178186775577877,False,7,2,True,False,False,35.0,13.593106229995039,11.571216601064572,0.14333012614846932,18.0,False,0,2,2,4,-11.644804599300308,77.76000213623047,1314775251.1363125,14.026845637583893,False,0.0,0,,,,0.0,0,,,,False,False,False,False,0,,none,0,0,False,-2,0.5,mixed,4,False
UBS,51.625,-6.255674076475437,45.44568183305711,38.59402457217242,20.957646238860004,0.36715965307514603,True,1.058682658267006,3.14769975786925,11.370719305328713,1.1461580603042032,False,False,False,True,29,48.333333333333336,True,0.4371090479621569,0.6071797786991421,False,2.0016045459537395,True,-2.095580413102849,True,2,0,0.46581300909751083,False,1.0331368247520942,False,4,2,True,False,False,45.0,16.554851886687654,7.2155008015852,0.6139100642398287,7.0,False,4,3,4,5,-6.39166170145039,55.150001525878906,87824224.08524743,68.12080536912751,False,0.0,0,,,,0.0,0,,,,False,False,False,False,0,,none,0,0,False,-1,0.625,mixed,4,False
UBSI,47.619998931884766,-1.2443016873271096,42.71554129894919,35.13530746204545,17.498929128733035,0.13363554493340954,True,0.9735418096612731,3.2549333721692273,16.968148652738524,2.6735615248227873,False,False,False,True,28,46.666666666666664,True,0.47210431937466374,0.8725914142518698,True,3.497670118726361,True,0.0840628400395893,True,2,1,0.6037918032440353,True,0.9707874093487471,False,4,0,False,False,False,55.0,14.807156205002928,4.9139021526124065,0.9159661943117282,6.0,True,6,4,4,5,-1.2443016873271096,48.220001220703125,51145121.007326506,65.03355704697987,False,0.0,0,,,,0.0,0,,,,False,False,False,False,0,,none,0,0,False,-1,0.625,mixed,4,False
UCO,43.5,-16.28175372120201,139.27392337620427,79.38144329896907,61.74506496565665,0.3144229047692545,True,0.855627716862547,11.793105903713183,102.13754216862343,34.38369303482452,True,True,False,False,26,43.333333333333336,True,0.38531826490035825,1.5886921047717013,False,1.1562340535705862,True,6.0975609756097615,False,0,2,0.5500223105621036,False,1.8584851214284281,True,2,3,True,True,False,35.0,34.237429048461856,21.954021234621948,0.7300426358093841,29.0,False,8,4,5,5,-9.242646102585983,47.93000030517578,118278876.55074959,85.23489932885906,True,0.0,0,,,,0.0,0,,,,False,False,False,False,0,,none,0,0,False,-1,0.625,mixed,4,False
UCTT,94.13999938964844,-33.97853860198712,335.22886288596584,297.21517451112726,279.57879617781487,0.07743976636651254,False,1.117684411864339,15.306985474974791,116.46354508250103,-11.589034164396105,False,True,False,False,27,45.0,True,0.5692885984884274,6.129478933911241,True,-0.49385251876416425,True,1.8500476888745565,True,1,0,0.4439181207747242,False,0.9628559680651085,False,5,2,True,False,False,,,,,,False,7,2,2,4,,,165293976.8300419,97.78523489932886,True,0.0,0,,,,0.0,0,,,,False,False,False,False,0,,none,0,0,False,-2,0.5,mixed,4,False
UDR,39.58000183105469,-3.6809633704598332,21.26162503615705,1.6636105834737958,-15.972767749838622,0.10642973110449924,False,1.0310774203359603,2.1728159943560215,6.628149376791681,-3.3293490477358634,False,True,False,True,31,51.66666666666667,True,0.5414300037366866,1.040748546991538,True,1.0832657079973813,True,-0.4527074901334527,True,2,0,0.38792858683050596,False,0.9538654522558513,False,5,2,True,False,False,65.0,18.404756677254973,3.9182775316499185,0.7053003461418803,13.0,False,3,3,4,5,-5.423875422129953,41.84988759871014,107875884.67978668,35.30201342281879,False,0.0,0,,,,0.0,0,,,,False,False,False,False,0,,none,0,0,False,-1,0.625,mixed,4,False
UEC,9.460000038146973,-53.02879679823016,9.111879525965572,7.867725705447093,-9.768652627865325,0.17486510614712208,False,0.6462519295734729,6.976742544933333,-49.19441669296698,-12.163420277966386,False,False,True,True,24,40.0,True,0.43800518961694174,2.3848734979077637,False,-3.9569020216452517,True,1.9396585167589242,True,3,1,0.42655915379619797,False,1.7166546480249776,True,5,2,True,False,False,25.0,26.666665620110457,17.547567026619912,0.16975315728033258,24.0,False,1,3,2,3,-22.139914936957805,12.149999618530273,80506341.34496756,40.738255033557046,False,0.0,0,,,,0.0,0,,,,False,False,False,False,0,,none,0,0,False,-3,0.375,mixed,4,False
UFPT,238.34249877929688,-12.489898811073818,28.639086976251193,0.9540863553500589,-16.682291977962358,0.2808041504539559,False,1.0667804178284244,6.4235281735342875,-7.862028170835211,-12.489898811073818,False,True,False,True,26,43.333333333333336,True,0.49131255700708676,2.186468260021214,True,0.11951685545663288,True,-1.5317100705295794,True,2,0,0.4975243225626008,False,1.1533471984844428,False,5,1,False,False,False,65.0,37.793836385855585,12.322607393309633,0.6104563523906666,13.0,False,1,2,3,3,-14.72234888289653,279.489990234375,52691617.99212952,34.29530201342282,False,0.0,0,,,,0.0,0,,,,False,False,False,False,0,,none,0,0,False,-3,0.375,mixed,4,False
UGL,44.57109832763672,-47.94312438933436,32.69156929194836,24.291961988340184,6.655583655027765,0.26548925604553797,False,0.823696195311156,8.256472115909164,-39.31776694416405,-3.421241919909379,True,True,False,False,23,38.333333333333336,False,0.3689610679323695,0.9297827172449072,False,-3.083693394237074,True,2.2976787693928413,True,1,0,0.4643811391868594,False,0.9124525647692574,False,5,2,True,False,False,25.0,15.00701603158823,9.961617747824683,0.2871962185102923,24.0,False,0,2,3,4,-10.697057776192754,49.90999984741211,64164492.69744644,56.10738255033557,False,0.0,0,,,,0.0,0,,,,False,False,False,False,0,,none,0,0,False,-2,0.5,mixed,4,False
UHS,159.80999755859375,-34.344526197757155,13.203938252758917,3.238323288601319,-14.3980550447111,0.49377068269990554,False,1.1094242100854876,9.836672424796443,-21.894819361818975,0.934753811926492,False,True,False,False,22,36.666666666666664,False,0.3623653025392901,1.1499669069613196,False,1.4924050148205805,True,5.722409160441577,False,0,1,0.48545208014545455,False,1.311902224216756,True,5,1,False,False,False,45.0,16.13962512403427,12.771408995133152,0.7318367407744034,44.0,False,1,3,3,4,-4.328054475940357,167.039560743964,125117368.79906464,36.77852348993289,False,0.0,0,,,,0.0,0,,,,False,False,False,False,0,,none,0,0,False,-2,0.5,mixed,4,False
UI,522.02001953125,-51.803507791209555,34.97359558213049,17.31181165975255,-0.32456667355986824,0.1322575941676792,False,0.7441386758929566,6.283281591848073,-4.529769732454225,-0.6395343028541722,False,False,False,True,14,23.333333333333332,False,0.4362373956140164,1.714253670056635,False,-2.358241152172568,True,-4.383183833817128,True,2,1,0.43093172212359665,False,1.2381576745604042,True,4,2,True,False,False,25.0,12.786897487120976,8.003530081928956,0.059041133574320837,24.0,False,0,3,3,4,-12.03194456458272,593.4199829101562,52445257.00699463,48.7248322147651,False,0.0,0,,,,0.0,0,,,,False,False,False,False,0,,none,0,0,False,-2,0.5,mixed,4,False
UL,60.869998931884766,-16.982045689281833,10.827960667397107,-8.353484222918862,-25.98986255623128,0.18847455350454373,False,1.1301077438549616,4.271395629611502,-7.577483264652773,-2.5768255796212114,False,False,False,True,25,41.66666666666667,True,0.5296156103322832,0.7900419786811682,True,1.478965572056732,True,-2.43628862419234,True,2,0,0.4181587765736623,False,0.4891309390019368,False,4,2,True,False,False,35.0,14.144582708193369,5.848525745133472,0.6784920866181526,13.0,False,1,3,3,4,-4.5475952721682145,63.77000045776367,229189371.19738883,24.8993288590604,False,0.0,0,,,,0.0,0,,,,False,False,False,False,0,,none,0,0,False,-2,0.5,mixed,4,False
ULS,87.58999633789062,-16.371686991977995,40.79091568024633,24.82637205113005,7.189993717817632,0.11145925852824107,False,0.7622884149060779,4.612399913732702,23.41218260098956,-9.691722582654327,False,True,False,True,22,36.666666666666664,False,0.46811556036063995,1.8173825265903727,True,-3.1242444939057923,True,-0.1937167208313717,True,2,1,0.40953885195156736,False,1.1658885007526056,False,2,2,True,False,False,25.0,17.007936379206097,6.616050246868717,0.16589845346552928,17.0,False,0,3,3,4,-14.186346037255692,102.06999969482422,106275488.25850067,56.644295302013425,False,0.0,0,,,,0.0,0,,,,False,False,False,False,0,,none,0,0,False,-2,0.5,mixed,4,False
ULTA,475.6099853515625,-32.711301261538864,5.515249107390452,-7.387791518496012,-25.02416985180843,0.05305411208264617,False,0.870014320169228,4.810665374466435,-30.681223585339534,3.0953979136276955,False,True,False,True,23,38.333333333333336,False,0.3635401703054811,1.0901205019126874,False,-0.15650297884548606,True,-0.8257442943005011,True,2,1,0.4684199580643427,False,0.7816184953776539,False,2,2,True,False,False,25.0,10.3186169807144,7.056207630158331,0.6271546608358012,3.0,False,1,4,3,5,-3.8472482478799197,494.6400146484375,278967235.5371216,26.44295302013423,False,0.0,0,,,,0.0,0,,,,False,False,False,False,0,,none,0,0,False,-1,0.625,mixed,4,False
UMAC,19.850000381469727,-40.60442409025972,155.79896644320047,74.58223906124223,56.94586072792981,0.28570993077358836,False,0.6529740281643368,25.037779434977047,18.862272303129068,-10.099635642852078,True,True,False,False,24,40.0,True,0.48293269077628054,5.1613482775901405,True,-0.7811315465674433,True,17.247489803064276,False,0,1,0.4796025169440415,False,1.4790343944028932,True,5,1,False,False,False,25.0,39.16496305086376,30.075567517882234,0.40063006906464904,15.0,False,4,2,3,4,-23.474301198881786,25.93899917602539,81631213.81853142,84.16107382550335,True,0.0,0,,,,0.0,0,,,,False,False,False,False,0,,none,0,0,False,-2,0.5,mixed,4,False
UMBF,140.8000030517578,-4.877719911028544,36.87174877515875,32.16066694848625,14.524288615173834,0.14518893276297026,True,0.8968863106528355,7.1306877324648825,15.131398399833508,-2.0862308319424816,False,True,False,True,26,43.333333333333336,True,0.40995329836348254,0.973715387732447,False,1.4178714022688443,True,-3.555039554847661,True,2,1,0.5210013005284775,False,1.2879726237979983,True,5,3,True,False,False,55.0,16.865699047847578,7.869319311720256,0.6997625622656628,6.0,False,5,4,4,5,-5.063714267724206,148.30999755859375,100607290.2425499,62.81879194630873,False,0.0,0,,,,0.0,0,,,,False,False,False,False,0,,none,0,0,False,-1,0.625,mixed,4,False
UMC,19.149999618530273,-30.428731496090823,196.15368902537494,166.21464609236375,148.57826775905133,0.2593233426384936,False,0.9732056876919913,13.70757207462265,84.88531947274036,-20.59123262903678,False,True,False,False,29,48.333333333333336,True,0.38559141575835526,1.9644010531936742,False,-1.834047757533252,True,-9.882354736328125,False,0,0,0.4096278396895487,False,0.5892903232192349,False,6,2,True,False,False,25.0,33.325845614198435,35.639681417991724,0.018451458479138174,20.0,False,6,2,2,2,-32.71093515756589,28.459304143061622,360722283.5278019,94.02684563758389,True,0.0,0,,,,0.0,0,,,,False,False,False,False,0,,none,0,0,False,-4,0.25,mixed,4,False
UNG,10.78499984741211,-36.18343141507101,6.256160125588117,-22.18614635956151,-39.82252469287393,0.2566497996136436,False,0.8777581801050197,5.470562456516518,-22.79885725652958,-6.865285678167032,False,False,False,True,33,55.00000000000001,True,0.4471927276049476,1.0986357646416651,True,-1.642431562940747,True,2.616551974704673,True,2,1,0.6282560700877073,True,1.1019428284517079,False,5,1,False,False,False,65.0,17.334423261731597,5.9341622503778435,0.3183963335719019,34.0,False,1,2,1,3,-11.81520645061277,12.229999542236328,73196221.77243257,15.234899328859061,False,0.0,0,,,,0.0,0,,,,False,False,False,False,0,,none,0,0,False,-3,0.375,mixed,4,False
UNH,421.3399963378906,-3.4399013534250233,81.9507339590033,55.296236123246544,37.65985778993412,0.11490454187043188,True,1.1940937085936525,4.656570771281202,19.86773670556028,-0.9450792627683002,False,True,False,True,24,40.0,True,0.5389551889834487,1.5402956256519484,True,1.1541855328708281,True,-1.1147879651774883,True,2,0,0.3352939128578713,False,0.47382601007694153,False,5,3,True,False,False,55.0,22.833607672310556,11.214221391436146,0.6178531342979083,6.0,False,5,3,4,5,-8.725791604644717,461.6199951171875,2488221828.0027647,76.77852348993288,False,0.0,0,,,,0.0,0,,,,False,False,False,False,0,,none,0,0,False,-1,0.625,mixed,4,False
UNM,86.08999633789062,-7.1605810187285845,27.870667815585005,10.188986421370583,-7.4473919119418355,0.20420955519926196,False,0.8993929921168519,5.714947587679108,14.491000514824481,-6.768464639233896,False,True,False,True,30,50.0,True,0.4113723442122681,0.8791677189918288,False,-0.8067179970938809,True,-3.323982720300156,True,2,0,0.5321431326598842,False,0.7551477668320865,False,5,1,False,False,False,65.0,18.45351941009232,6.667447714407353,0.5855219681756637,27.0,False,2,1,2,5,-7.648578405327255,93.22000122070312,115960559.98264694,42.61744966442953,False,0.0,0,,,,0.0,0,,,,False,False,False,False,0,,none,0,0,False,-1,0.625,mixed,4,False
UNP,306.8699951171875,0.0,45.125941709703696,42.31724459646817,24.680866263155753,0.2773737403807511,True,1.009280965789206,8.172837674366985,35.02125183185769,8.722761777568655,False,False,False,False,27,45.0,True,0.5274725841497476,1.0625605234052435,True,4.987099287572781,False,1.6967672302195425,True,1,1,0.49806779543683277,False,0.5995281142153738,False,2,1,False,False,False,25.0,19.231618371391377,9.952089977282121,0.8499260035223026,1.0,True,8,2,3,3,-2.886165827728604,315.989990234375,839116158.2374237,70.40268456375838,False,0.0,0,,,,0.0,0,,,,False,False,False,False,0,,none,0,0,False,-3,0.375,mixed,4,False
UPS,114.1449966430664,-3.036870999461039,44.991089973244726,18.984535014166436,1.348156680854018,0.12579692748951685,True,1.0487254495127813,4.748344937004774,8.990332336011807,3.14927965446139,True,False,False,True,29,48.333333333333336,True,0.4319225050452034,1.134313916466568,False,2.1826964374344247,True,-3.036870999461039,True,2,0,0.45662344169541136,False,0.7273708908776325,False,5,1,False,False,False,45.0,18.805942397748264,6.202638783366028,0.8080376214511062,5.0,False,5,2,4,5,-3.6100334335252393,118.41999816894531,470793383.8094574,50.80536912751678,False,0.0,0,,,,0.0,0,,,,False,False,False,False,0,,none,0,0,False,-1,0.625,mixed,4,False
UPST,27.389999389648438,-67.20938610089252,13.088357416038665,-66.88028972142467,-84.5166680547371,0.20591941244742193,False,0.8467438406713276,10.91639225172156,-39.52307609634431,-21.247842579130293,False,True,False,False,23,38.333333333333336,False,0.41060406489406776,2.2596305275769932,False,-2.213300850655543,True,-7.184008210066106,False,0,0,0.3536892991370496,False,0.6480964963366839,False,6,2,True,False,False,25.0,27.01897238055915,23.238400896697605,0.04613831776845211,16.0,False,0,2,2,2,-25.772362447087882,36.900001525878906,117421825.66816644,1.2080536912751678,False,0.0,0,,,,0.0,0,,,,False,False,False,False,0,,none,0,0,False,-4,0.25,mixed,4,False
URBN,69.16999816894531,-16.360337700815908,16.115491897434396,-5.724416546832389,-23.36079488014481,0.13583418865675595,False,0.965465746674508,10.958510960981663,2.641339657839925,-2.191746358884472,False,False,False,False,19,31.666666666666664,False,0.40345787493776253,1.5801600845052284,False,-1.0885346875487847,True,-5.220615254502182,False,0,0,0.5245346069826227,False,0.8562687924921224,False,4,3,True,False,False,25.0,15.039447313373847,13.6619991727561,0.2983662737606667,6.0,False,0,2,2,3,-10.552183459062626,77.33000183105469,83571025.7447815,27.583892617449663,False,0.0,0,,,,0.0,0,,,,False,False,False,False,0,,none,0,0,False,-3,0.375,mixed,4,False
URI,1127.06494140625,-1.10949451743394,58.96419072191972,29.85205338426389,12.215675050951472,0.15372752185305943,True,1.2395664923741956,16.220011099418645,23.166456584996496,2.591956641864579,False,False,False,False,26,43.333333333333336,True,0.5257259166930545,1.866421162969092,True,1.9057831767693136,True,7.831438995790885,False,0,0,0.38843799934967504,False,0.8392046597605245,False,7,1,False,True,True,25.0,15.523028672897038,16.220011099418645,0.7231820670682033,1.0,False,6,1,2,5,-4.297052710072369,1177.6700439453125,503463828.36913455,60.604026845637584,False,0.0,0,,,,0.0,0,,,,False,False,False,False,0,,none,0,0,False,-1,0.625,mixed,4,False
USAR,14.379799842834473,-62.82368218877623,30.13393298301985,16.908939998767192,-0.7274383345452264,0.2676984856571204,False,0.6049366508909138,15.36878827226892,-41.94671143686877,-24.90965989931391,False,False,True,False,20,33.33333333333333,False,0.4987715983291578,3.3413209737268983,True,-6.163797593316627,True,-8.116292694293936,False,1,0,0.36280499093817775,False,0.9672861101727799,False,7,3,True,False,False,,,,,,False,0,2,2,2,,,182874567.5538701,48.59060402684563,False,0.0,0,,,,0.0,0,,,,False,False,False,False,0,,none,0,0,False,-4,0.25,mixed,4,False
USB,63.75,-1.1168003832329854,50.86731862601586,43.92335056393162,26.286972230619202,0.16251829048134847,True,0.9851607208678169,2.949015299479167,17.10740570665672,3.2723156856360625,True,False,False,True,28,46.666666666666664,True,0.48707693049223233,0.9450037983506756,True,4.5046422994357895,False,0.966108039670921,True,2,0,0.556382204398484,False,0.7357241975935255,False,5,1,False,False,False,35.0,18.388147345283386,4.7215600107230395,0.9085793968868592,5.0,True,6,2,5,4,-1.681055520439112,64.83999633789062,527384580.14152414,71.14093959731544,False,0.0,0,,,,0.0,0,,,,False,False,False,False,0,,none,0,0,False,-1,0.625,mixed,4,False
USFD,96.20999908447266,-7.747628497576975,37.34474645687884,17.587386266586268,-0.048992066726150085,0.06037594752867902,False,1.1200407694270667,5.222951433007437,18.383170983778886,-7.747628497576975,False,True,False,True,29,48.333333333333336,True,0.48770051908547674,1.606286869255813,True,1.516677223315931,True,-1.0897477075931472,True,2,0,0.41404291895973466,False,0.9679897303715492,False,5,3,True,False,False,35.0,22.249692814759864,9.993761516749974,0.6170940811878379,13.0,False,2,3,3,5,-8.519539070523985,105.16999816894531,263383183.6152565,49.06040268456376,False,0.0,0,,,,0.0,0,,,,False,False,False,False,0,,none,0,0,False,-1,0.625,mixed,4,False
USO,136.3000030517578,-10.891738317764466,105.98459547143477,79.12999029004335,61.49361195673093,0.4057091261524698,True,0.9663606808111709,13.859133504549707,84.31373722321392,31.082899260811626,False,False,False,False,23,38.333333333333336,False,0.39961071822465727,1.1544859495482158,False,2.187813098962214,True,9.954827410797296,False,0,1,0.5665810462954468,False,0.8063961351998283,False,2,2,True,True,True,45.0,31.964924447502373,22.465151915627292,0.7040733233722054,44.0,False,7,3,3,4,-9.459273860407924,150.5399932861328,766424318.7333648,85.1006711409396,True,0.0,0,,,,0.0,0,,,,False,False,False,False,0,,none,0,0,False,-2,0.5,mixed,4,False
UTHR,532.9349975585938,-10.695256244147167,94.00617905940985,73.92872007739099,56.29234174407857,0.10252263443300447,False,1.0338697291470405,4.1731149833014705,13.64673407771042,-4.132859041182235,False,True,False,True,21,35.0,False,0.3925526871509274,0.9420488666950771,False,-1.2304559040396077,True,-0.5105728225994755,True,2,0,0.44103359307145346,False,0.7003923893883335,False,5,2,True,False,False,25.0,7.9279761351136635,4.606563259203031,0.31159066977510275,13.0,False,3,2,2,5,-5.457692741212572,563.7000122070312,220347811.66706544,83.89261744966443,True,0.0,0,,,,0.0,0,,,,False,False,False,False,0,,none,0,0,False,-1,0.625,mixed,4,False
UTZ,14.095000267028809,0.0,109.14838883963922,0.26921988309902556,-17.36715845021339,0.10813715646690054,False,1.7030028642615562,49.10252110346916,37.63688905192106,70.43530213830607,False,False,False,False,18,30.0,False,0.4627998653056179,1.7886908421909848,True,8.597386157374974,False,95.4923743752342,False,0,0,0.3521105398101617,False,0.2748732184020661,False,4,2,True,True,True,,,,,,False,5,1,2,3,,,77626251.36769123,33.48993288590604,False,0.0,0,,,,0.0,0,,,,False,False,False,False,0,,none,0,0,False,-3,0.375,mixed,4,False
UUUU,11.385000228881836,-58.928569585508775,34.4155828802067,14.30723077587437,-3.3291475574380485,0.2339243920768694,False,0.6594989804422465,12.383843978382378,-55.35294027889477,-17.55974016691717,True,True,False,False,20,33.33333333333333,False,0.4957531492531625,2.870328879431612,True,-5.470921452791207,True,-0.9138341542900608,True,1,0,0.3500886535445064,False,0.9500955873317743,False,6,2,True,False,False,25.0,37.98449534626986,21.168202011084233,0.026967992547438,24.0,False,0,2,3,2,-36.96012975885347,18.059999465942383,94186559.84354201,46.1744966442953,False,0.0,0,,,,0.0,0,,,,False,False,False,False,0,,none,0,0,False,-3,0.375,mixed,4,False
V,354.5249938964844,-2.9071096911066907,20.215210432174867,0.94791540033623,-16.688462932976186,0.09414357899731603,False,0.9688414217511977,4.089979620515491,9.139902886124428,-2.100077564351277,True,True,False,True,25,41.66666666666667,True,0.444032060477584,0.9769093153604056,True,2.5395274997704558,True,-1.1253357010216902,True,2,1,0.5731098421187496,False,2.3805449647146624,True,3,2,True,False,False,65.0,16.779857109260774,4.693608330840594,0.8267500329605152,6.0,True,4,5,5,6,-2.9071096911066907,365.1400146484375,2900872633.6422606,34.22818791946309,False,0.0,0,,,,0.0,0,,,,False,True,False,False,1,,power_play,6,6,True,0,0.75,mixed,4,False
VAL,79.41999816894531,-29.977076837327342,79.48022185072388,56.64693683200006,39.010558498687644,0.10044997163581487,False,0.7257637701103584,7.850668287712908,46.36933399503498,5.401459558386135,True,False,False,True,21,35.0,False,0.4484093242167613,1.6840811321628408,True,-2.4611556368925496,True,3.7627348039836805,True,2,0,0.367560520237442,False,0.9806059096569681,False,4,2,True,False,False,25.0,13.211897334566514,9.046836721539005,0.7306984333791705,24.0,False,3,3,4,5,-3.5579846502323265,82.3499984741211,66462134.80888367,77.6510067114094,False,0.0,0,,,,0.0,0,,,,False,False,False,False,0,,none,0,0,False,-1,0.625,mixed,4,False
VALE,14.805000305175781,-16.91918878384795,69.21933221655306,57.64030332736858,40.00392499405616,0.19013213588424044,False,0.9428293439198814,7.497464598424856,-8.498145698799242,-1.2341525601543335,False,False,False,True,22,36.666666666666664,False,0.3775032062451137,0.7526910244345617,False,-1.4963048286813887,True,4.334043290900991,True,2,1,0.49687471035295416,False,1.2548500625121042,True,4,3,True,False,False,25.0,12.105927603129567,7.7676433287761375,0.45052119292731313,23.0,False,2,3,2,5,-6.651950657875949,15.859999656677246,296354940.936003,78.12080536912752,False,0.0,0,,,,0.0,0,,,,False,False,False,False,0,,none,0,0,False,-1,0.625,mixed,4,False
VC,104.87999725341797,-17.740135097646714,24.58679534117416,-7.792009700772773,-25.42838803408519,0.09867699257825105,False,0.7934033407317004,10.230743361870093,15.55362314698574,2.371889094738977,False,True,False,False,26,43.333333333333336,True,0.5358054406304709,2.8383962100864895,True,-1.520292726963207,True,0.02861113946919236,True,1,0,0.48674362228694257,False,0.8495445154943433,False,5,2,True,False,False,25.0,26.096887002624463,11.784897915745091,0.33383635603690576,23.0,False,2,2,3,5,-17.384797341761427,126.94999694824219,67209864.63308716,25.906040268456376,False,0.0,0,,,,0.0,0,,,,False,False,False,False,0,,none,0,0,False,-1,0.625,mixed,4,False
VCYT,56.68000030517578,-6.298563841249316,141.08889729207607,140.2713011384098,122.63492280509737,0.06520305378490945,True,1.0561933571783204,8.433314340609929,34.09037069164602,-0.7007734986814285,False,True,False,False,26,43.333333333333336,True,0.5632914353642362,2.723301783500082,True,1.7761679951476534,True,-4.143414034640647,True,1,1,0.5384786038304693,False,1.6407058382828072,True,4,3,True,False,False,35.0,24.413066769226972,10.17995840983928,0.7155346438414184,17.0,False,7,4,4,5,-6.9446717334313846,60.90999984741211,67317243.7412384,92.41610738255034,True,0.0,0,,,,0.0,0,,,,False,False,False,False,0,,none,0,0,False,-1,0.625,mixed,4,False
VECO,50.81999969482422,-38.80057907691861,154.86458542477678,146.8188407878026,129.18246245449018,0.1209913132712118,False,0.7543669035748852,11.570242598834213,57.09428776473824,-11.602020853898953,True,True,False,False,24,40.0,True,0.47464970819972613,3.841397389106529,True,-3.0472074462055714,True,-2.774059212245683,True,1,0,0.36636707176759076,False,0.48522522636849397,False,6,3,True,False,False,25.0,39.77022859557132,22.117272592023003,0.047326394351528446,24.0,False,5,2,3,3,-37.88804707360688,81.81999969482422,81689684.1641182,92.81879194630872,True,0.0,0,,,,0.0,0,,,,False,False,False,False,0,,none,0,0,False,-3,0.375,mixed,4,False
VEEE,13.75,-86.91473186105674,199.56426019392626,-84.05057400995086,-101.68695234326329,0.016147947199323387,False,3.091093622696443,177.45454961603338,-77.47747719601439,163.40997227310567,False,True,False,False,18,30.0,False,0.4587869003501502,15.35740184864452,True,0.32807252307961565,True,-64.47028493816593,False,0,2,0.28304488101966274,False,6.272390179653732,True,1,1,False,True,False,,,,,,False,0,3,3,3,,,188825268.01008978,0.20134228187919465,False,0.0,0,,,,0.0,0,,,,False,False,False,False,0,,none,0,0,False,-3,0.375,mixed,4,False
VEEV,184.58999633789062,-39.7198107236469,21.8979101010105,-36.62146048484443,-54.25783881815684,0.08304861372599537,False,0.9599851637690648,11.17070021467618,-16.851353000950166,-4.2284989742632835,False,True,False,False,23,38.333333333333336,False,0.5609755333040342,2.2050131549811796,True,1.483380658837969,True,-5.5225756347962225,False,0,2,0.40230518668556436,False,2.3981473186947775,True,1,2,True,False,False,25.0,24.92886835967905,11.419904788593147,0.684821691556152,6.0,False,0,5,4,5,-7.8570385610230105,200.3300018310547,361130869.8101196,8.523489932885905,False,0.0,0,,,,0.0,0,,,,False,False,False,False,0,,none,0,0,False,-1,0.625,mixed,4,False
VERA,36.040000915527344,-35.26135782121918,87.22078397676543,64.71664669965473,47.08026836634231,0.03234057168883969,False,1.0202800092959876,11.528853145802087,-24.110339773121513,-12.524271242377438,False,True,False,False,25,41.66666666666667,True,0.42189577773174475,2.542683809363004,False,-0.46043819783477813,True,-6.3896080116172875,False,0,1,0.46960010940952934,False,0.8099895526847918,False,2,3,True,True,False,25.0,22.932911401337194,23.057706291604173,0.14188527656192249,17.0,False,2,3,2,2,-19.6790689247884,44.869998931884766,104821667.72454377,80.87248322147651,True,0.0,0,,,,0.0,0,,,,False,False,False,False,0,,none,0,0,False,-4,0.25,mixed,4,False
VFC,16.854999542236328,-21.37051272993692,47.68356027240544,35.803651890182664,18.167273556870246,0.16943269993332924,False,0.8281814764032643,5.043016342656917,-13.711140776075704,3.4049100070747462,False,False,False,True,23,38.333333333333336,False,0.44490853368656746,1.686317102668931,True,-0.008809936829536196,True,-0.7361602083031493,True,2,2,0.6200148241962009,True,1.2954584113785472,True,5,3,True,False,False,25.0,10.870801824628137,7.416197175607573,0.6256543404667512,7.0,False,2,5,4,6,-4.06943747869567,17.56999969482422,97445530.19105205,65.57046979865771,False,0.0,0,,,,0.0,0,,,,False,True,False,False,1,,power_play,6,6,True,0,0.75,mixed,4,False
VG,14.994999885559082,-14.343050173341576,153.9919694816719,4.4021218798759865,-13.234256453436432,0.33660153437191614,False,1.0818133880242378,12.53751336304744,52.18951166529335,34.72596344454135,False,False,False,False,31,51.66666666666667,True,0.5008370859751222,2.453992366084811,True,3.003316647977805,True,8.65941795875138,False,0,2,0.5192007470904328,False,1.3993239260743497,True,1,1,False,True,False,25.0,33.592230708449165,19.3397775302627,0.9123314141631489,1.0,True,3,4,3,3,-2.944983361314979,15.449999809265137,185379292.1518075,38.18791946308725,False,0.0,0,,,,0.0,0,,,,False,False,False,False,0,,none,0,0,False,-3,0.375,mixed,4,False
VIAV,39.98500061035156,-27.733599697968092,309.6823736953179,293.16617807659367,275.5297997432813,0.07821964721714116,False,0.7609621934024176,12.704768672029346,112.79935424223142,-4.020641486307152,True,True,False,False,18,30.0,False,0.37017755298008315,2.763871851482715,False,-2.4880764029276374,True,4.782496777350542,True,1,0,0.40151675959944955,False,0.7649582181580689,False,6,1,False,False,False,25.0,34.406774327819434,22.283355536839565,0.2821565258061081,23.0,False,6,1,3,4,-24.698678419287113,53.099998474121094,261398063.2476204,97.71812080536913,True,0.0,0,,,,0.0,0,,,,False,False,False,False,0,,none,0,0,False,-2,0.5,mixed,4,False
VICI,26.7549991607666,-16.041496458166872,3.1816384337880033,-14.734748666025144,-32.37112699933756,0.09842713689822903,False,0.9282993821876036,2.6163292003286442,-3.1277941099997153,-1.599857906387836,False,True,False,True,26,43.333333333333336,True,0.519093624185237,1.0729503721786893,True,-0.6646683684102562,True,-0.4279928354110063,True,2,0,0.4399570347534518,False,0.5746787948617244,False,6,2,True,False,False,25.0,6.399562706783598,5.643805928785424,0.5325773097837834,5.0,True,2,3,3,5,-2.9913008166121635,27.579999923706055,233044482.84074935,20.738255033557046,False,0.0,0,,,,0.0,0,,,,False,False,False,False,0,,none,0,0,False,-1,0.625,mixed,4,False
VICR,209.8800048828125,-44.73642488877332,378.63172676431714,345.13255162381506,327.49617329050267,0.17646358772259263,False,0.9013561829092098,23.346673746915236,36.91696397366797,-25.824352066383472,True,False,False,False,28,46.666666666666664,True,0.49014360727125045,5.317556237915289,True,-3.190329701629377,True,-11.674097636730618,False,0,0,0.4266573571562862,False,1.0755408622770029,False,7,2,True,False,False,,,,,,False,5,2,3,2,,,279359627.0964447,98.38926174496643,True,0.0,0,,,,0.0,0,,,,False,False,False,False,0,,none,0,0,False,-3,0.375,mixed,4,False
VIK,100.67500305175781,-4.073362573409756,77.93389853957373,74.32900961343346,56.692631280121034,0.10934309549532191,True,0.8204060121752759,5.512783962380398,46.88503312953773,-0.014896602725944508,False,True,False,True,26,43.333333333333336,True,0.2966068297100959,0.8754192210054789,False,2.190683077332164,True,3.7458801545093845,True,2,0,0.5209369897652014,False,0.9356332039294706,False,6,3,True,False,False,35.0,17.605902392662045,6.684872633258446,0.7269066415467591,18.0,False,8,3,4,6,-4.808055013012025,105.76000213623047,206732994.56314316,84.09395973154362,True,0.0,0,,,,0.0,0,,,,False,True,False,False,1,,power_play,6,6,True,0,0.75,mixed,4,False
VIRT,59.36000061035156,-11.164320740112931,86.52167213584589,38.76997092592398,21.13359259261156,0.0699366887753483,True,1.0998393892015197,8.052564934038383,61.43804641811159,-3.9015700656502172,False,True,False,False,33,55.00000000000001,True,0.4712480949763113,2.0338756635299027,True,0.8000604305564416,True,6.551788881461729,False,0,0,0.44497202631023336,False,0.9195996112986771,False,4,0,False,False,False,25.0,18.45044992903945,19.659700217237237,0.30996022378754895,10.0,False,6,1,3,4,-12.731544340053414,68.0199966430664,73475958.36919785,68.25503355704699,False,0.0,0,,,,0.0,0,,,,False,False,False,False,0,,none,0,0,False,-2,0.5,mixed,4,False
VISN,11.864999771118164,-7.8804373781390495,212.13294814365082,206.62239691991397,188.98601858660155,0.1083901153811211,False,0.9910747934562966,5.94184523645899,35.68725093083975,-2.3456778301247705,True,True,False,True,23,38.333333333333336,False,0.47064775417184906,1.5537391308724002,True,-0.9073788391959211,True,-2.1846689268145036,True,2,0,0.3598790379973325,False,1.0424855127731611,False,6,2,True,False,False,65.0,30.791332558178635,5.94184523645899,0.6671262826968483,58.0,False,5,3,4,5,-10.24962532935849,13.220000267028809,73496096.83439866,95.70469798657719,True,0.0,0,,,,0.0,0,,,,False,False,False,False,0,,none,0,0,False,-1,0.625,mixed,4,False
VIST,69.53500366210938,-12.25867045790615,106.3353177682369,58.75571888885705,41.119340555544625,0.19676957018857594,True,0.8695545357740797,13.54713118981024,31.446127894897224,15.200468785588983,False,False,False,False,23,38.333333333333336,False,0.372046160832907,1.314273849707075,False,0.09526443582597902,True,8.614506885701733,False,0,1,0.44555552964035927,False,1.4210297470561413,True,3,4,True,True,True,25.0,15.651436492819313,13.54713118981024,0.8752257029525761,1.0,True,4,4,4,3,-1.9528969861739243,70.91999816894531,58341231.97643051,78.7248322147651,False,0.0,0,,,,0.0,0,,,,False,False,False,False,0,,none,0,0,False,-2,0.5,mixed,4,False
VKTX,34.810001373291016,-17.374791144650903,50.75790880577178,3.9104518605701966,-13.725926472742222,0.1771744942966391,False,1.15180697179952,9.939669485699708,8.038485581818279,-7.0245655712758985,False,True,False,False,23,38.333333333333336,False,0.5151686874605057,3.0207227653649844,True,0.5399751076982537,True,-6.121899529849905,False,0,0,0.3976908840163289,False,1.0215978827597436,False,5,2,True,False,False,25.0,29.513908266472868,11.490950422854956,0.368121108542607,13.0,False,0,2,3,4,-18.649215637994065,42.790000915527344,88076363.47440338,37.4496644295302,False,0.0,0,,,,0.0,0,,,,False,False,False,False,0,,none,0,0,False,-2,0.5,mixed,4,False
VLO,308.2449951171875,-2.0822722140930283,137.9665706529857,125.26133853412236,107.62496020080994,0.12834836382375675,True,1.1393232559084914,6.22552861362703,66.55282628674766,15.119877455561692,False,True,False,True,31,51.66666666666667,True,0.5006324560206734,1.9400352551491178,True,3.831862293775105,True,-0.4537377061168524,True,2,3,0.6375209193359727,True,1.4125017758436278,True,2,1,False,False,False,25.0,27.329500275595926,11.166436910701691,0.8629456510179211,2.0,False,10,4,4,6,-3.745626868277341,320.239990234375,842720866.4132187,91.47651006711409,True,0.0,0,,,,0.0,0,,,,False,True,False,False,1,,power_play,6,6,True,0,0.75,mixed,4,False
VLTO,92.2300033569336,-15.515585185336345,12.32635265735047,-10.214339195395617,-27.850717528708035,0.09246315706127459,False,0.9372447481689954,5.236909525376897,-8.690372773761668,-0.3457587080199942,False,True,False,True,24,40.0,True,0.39264247869401075,0.9329124470259708,False,2.3149687689736633,True,-1.6842492727635938,True,2,1,0.5211087960958898,False,1.9953052274450638,True,4,1,False,False,False,45.0,17.335057902972913,7.936679419272645,0.735049065491221,5.0,False,2,3,3,5,-4.5929397911564696,96.66999816894531,175010437.8091568,23.42281879194631,False,0.0,0,,,,0.0,0,,,,False,False,False,False,0,,none,0,0,False,-1,0.625,mixed,4,False
VLY,14.475000381469727,-4.707038964220511,63.522297298243615,57.51677038138783,39.88039204807541,0.5153861026586808,True,1.0231019110741282,6.839376476877466,23.603663058728785,-0.7882095264938438,False,False,False,True,26,43.333333333333336,True,0.4262048720588688,0.9766367198024172,False,1.1461340270702671,True,-3.177253738164154,True,2,0,0.5254395724514234,False,1.0256167360641848,False,7,2,True,False,False,55.0,16.6185127807587,8.221067696182496,0.7129867635943841,6.0,False,5,3,4,5,-4.769733137453647,15.199999809265137,100945589.7398386,78.05369127516778,False,0.0,0,,,,0.0,0,,,,False,False,False,False,0,,none,0,0,False,-1,0.625,mixed,4,False
VMC,275.4949951171875,-16.28608296537677,7.40125213540328,2.2393648883069606,-15.397013445005458,0.11288405851603926,False,0.959585636502795,7.622643014283151,-7.832956204875141,-9.13453844163975,False,True,False,True,24,40.0,True,0.39328134926999603,1.2840313726582449,False,-1.1970229441392848,True,-4.451493792811323,True,2,0,0.2787126427048345,False,0.7317443039591621,False,7,3,True,False,False,45.0,19.819390948889914,9.913064862385932,0.28258280005262243,20.0,False,1,2,2,4,-14.218771959215005,321.1600036621094,297458899.87693787,35.77181208053691,False,0.0,0,,,,0.0,0,,,,False,False,False,False,0,,none,0,0,False,-2,0.5,mixed,4,False
VMI,481.010009765625,-17.462844304626167,35.50085607164386,35.50085607164386,17.86447773833144,0.25988436302215295,False,1.0224722140250988,14.964341491317962,9.658934963064114,-13.386147310419528,False,False,False,False,28,46.666666666666664,True,0.437048235715108,1.609412945809496,False,-2.889283288687839,True,-9.52675881905014,False,0,0,0.32456633553384145,False,0.39554137600797884,False,7,2,True,False,False,25.0,19.12464346655809,16.980934079850087,0.07097707241442291,20.0,False,2,2,2,2,-17.76723226233218,584.9371521825744,118801457.02283172,65.36912751677852,False,0.0,0,,,,0.0,0,,,,False,False,False,False,0,,none,0,0,False,-4,0.25,mixed,4,False
VNO,39.72999954223633,-5.495310281285127,60.78511134871707,2.676788260260654,-14.959590073051764,0.11160982729556372,False,1.1165676101224071,6.216958053019972,23.61543340611405,-2.094633441262872,False,False,False,True,27,45.0,True,0.5015214070743867,1.5169074367828561,True,2.409194800289983,True,-1.512148259901358,True,2,1,0.534057078428883,False,1.0789209918254015,False,1,1,False,False,False,35.0,17.81817811908144,8.331239394483774,0.7931971736979943,5.0,False,3,3,2,5,-3.6848495945785986,41.25,63177721.31977234,36.308724832214764,False,0.0,0,,,,0.0,0,,,,False,False,False,False,0,,none,0,0,False,-1,0.625,mixed,4,False
VNOM,45.26499938964844,-9.890957404799593,30.688450079513686,25.97304678816159,8.336668454849171,0.09752416212342341,True,0.9086051060687415,4.597373930848172,17.213059129041717,11.079753103431745,False,True,False,True,25,41.66666666666667,True,0.44086768602564663,1.0835717218119096,True,0.7262445581317782,True,1.9941376751543727,True,2,0,0.5570790408204339,False,0.7858738767334698,False,3,2,True,False,False,35.0,14.31314578986568,7.489228842061333,0.7593143098840412,34.0,False,4,3,4,5,-3.4449693721641528,46.880001068115234,69699464.5429308,58.32214765100671,False,0.0,0,,,,0.0,0,,,,False,False,False,False,0,,none,0,0,False,-1,0.625,mixed,4,False
VOD,15.194999694824219,-5.153487401926249,46.29573144137882,37.27925340186593,19.64287506855351,0.1916953890182085,True,1.3921935652284598,4.146101527435444,9.23747798879948,15.551331829791405,False,True,False,True,25,41.66666666666667,True,0.40598857027260254,0.73749996057939,False,1.3006331935576831,True,-3.462516418164019,True,2,1,0.39203848756249354,False,1.2298100058146846,True,3,2,True,True,True,25.0,19.75077428851139,6.646918693598589,0.730283981425909,5.0,False,5,4,4,5,-5.327100204852819,16.049999237060547,67081955.740642354,66.77852348993288,False,0.0,0,,,,0.0,0,,,,False,False,False,False,0,,none,0,0,False,-1,0.625,mixed,4,False
VOYA,97.46499633789062,-3.1066707563074725,49.63240013755712,39.19442879368944,21.55805046037702,0.14344948133140664,True,1.0689641700952868,3.898830929197901,29.666767321770692,3.2796370681685616,False,True,False,True,26,43.333333333333336,True,0.341586878536689,0.8208531292864841,False,3.218718293610936,True,-2.271139018151347,True,2,0,0.45110327407607376,False,1.0032315526961042,False,4,2,True,False,False,35.0,20.317764837886934,8.043909744490225,0.6973932418022873,6.0,False,6,3,4,6,-6.148292951416446,103.8499984741211,92061870.76268081,68.65771812080537,False,0.0,0,,,,0.0,0,,,,False,True,False,False,1,,power_play,6,6,True,0,0.75,mixed,4,False
VPG,103.11000061035156,-31.218732511836222,299.6511769746049,277.96920093490843,260.33282260159604,0.18774994506701823,False,0.7713373553665973,11.89991678773117,133.5976484733087,-15.198615251360293,False,True,False,False,27,45.0,True,0.41770917993967194,3.873403102579539,False,-1.9991375360141304,True,-0.7507929385690115,True,1,0,0.5282448403185823,False,0.8057761432078143,False,6,3,True,False,False,25.0,38.50309850534641,19.55193826280071,0.1671800798135942,17.0,False,7,2,2,3,-32.066147424151914,151.77999877929688,63612940.60286751,97.38255033557047,True,0.0,0,,,,0.0,0,,,,False,False,False,False,0,,none,0,0,False,-3,0.375,mixed,4,False
VRNS,45.720001220703125,-27.78392003006447,126.44873705466266,-14.349943226186179,-31.9863215594986,0.07564470977333398,False,1.094730563127843,8.836397217106665,30.815451280859605,6.672889803134563,False,True,False,False,28,46.666666666666664,True,0.561786381787276,3.099513379966477,True,3.6866009631450196,True,-3.828354353753871,True,1,1,0.40661223582000383,False,1.4321232179716417,True,3,1,False,False,False,25.0,35.91037663859109,11.67979004814595,0.7852726532751286,7.0,False,3,3,3,5,-7.710939895495472,49.540000915527344,87887101.70069179,21.006711409395972,False,0.0,0,,,,0.0,0,,,,False,False,False,False,0,,none,0,0,False,-1,0.625,mixed,4,False
VRSK,197.68499755859375,-33.051071416722834,26.386285273674858,-32.628248816969204,-50.264627150281626,0.08636881220833884,False,1.0104916508964807,6.3585968690942005,-8.858022072770444,4.956193869167014,False,True,False,True,25,41.66666666666667,True,0.43313708430783276,1.3889157400842744,False,2.559296102022459,True,-1.4924233737770853,True,2,2,0.5355121697033626,False,1.8481657410779315,True,2,2,True,False,False,25.0,18.240157914004072,9.1408009148867,0.7863806376074612,5.0,False,2,5,4,6,-3.8964509035287698,205.6999969482422,354908043.4518997,10.268456375838927,False,0.0,0,,,,0.0,0,,,,False,True,False,False,1,,power_play,6,6,True,0,0.75,mixed,4,False
VRSN,278.6600036621094,-10.10967623802923,32.11086360070943,-1.5878816984970179,-19.224260031809436,0.8598496462066796,False,1.0029855905988765,9.10786955088039,11.907677429368867,8.669037016444015,False,False,False,False,24,40.0,True,0.3951011529201968,1.2306705323397222,False,0.13217532366887727,True,0.3601526999966964,True,1,1,0.5399278217532661,False,1.7630039481525626,True,3,1,False,False,False,25.0,12.776646107352835,9.10786955088039,0.946164765169943,4.0,True,3,4,3,4,-0.6878337435298754,280.5899963378906,196486445.7368103,31.67785234899329,False,0.0,0,,,,0.0,0,,,,False,False,False,False,0,,none,0,0,False,-2,0.5,mixed,4,False
VRT,293.2799987792969,-22.031464236630015,141.0138523040767,124.34711031848109,106.71073198516866,0.15681502396743055,False,0.8598333721208943,7.722993041039004,60.78186551954554,-2.4124047614042854,False,True,False,True,25,41.66666666666667,True,0.4564641654827701,2.5159756903667767,True,-1.3553797338087805,True,1.2847082649772412,True,2,0,0.44353032261170505,False,0.7568741779288958,False,4,2,True,False,False,25.0,23.877395500874613,15.087970602898027,0.23770590271378608,23.0,False,6,2,2,4,-18.201597648885116,358.5400085449219,1672425807.0455627,91.34228187919463,True,0.0,0,,,,0.0,0,,,,False,False,False,False,0,,none,0,0,False,-2,0.5,mixed,4,False
VRTX,479.07000732421875,-9.539458254382405,30.70060461503634,1.4398582312521224,-16.196520102060298,0.1068871448356906,False,1.092055531625159,5.4751937264518675,2.2757847993782443,-9.273913480200392,False,True,False,True,30,50.0,True,0.4652307259498199,1.449888107715669,True,1.037497260512976,True,-1.3548824575231322,True,2,2,0.4847252376746263,False,1.6611866784283669,True,2,1,False,False,False,35.0,18.77002381957464,6.614900109987371,0.4549267754701633,13.0,False,2,3,4,6,-10.231037407837395,533.6699829101562,909969237.1798813,34.966442953020135,False,0.0,0,,,,0.0,0,,,,False,True,False,False,1,,power_play,6,6,True,0,0.75,mixed,4,False
VSAT,70.92500305175781,-21.027719652831532,390.15205074575425,390.15205074575425,372.51567241244186,0.09513739254059578,False,0.8304160619614805,9.89778494241031,63.874780619645065,-14.609914355313391,True,True,False,False,24,40.0,True,0.4935041295399525,4.505210222967707,True,-0.18402656625551803,True,-0.7764413529814829,True,1,1,0.4776914234059113,False,1.3082749584685323,True,4,3,True,False,False,25.0,37.2138013395193,15.185060005709811,0.36149634865584807,16.0,False,6,3,4,2,-23.761148035678957,93.02999877929688,213969316.93072587,98.7248322147651,True,0.0,0,,,,0.0,0,,,,False,False,False,False,0,,none,0,0,False,-2,0.5,mixed,4,False
VSEC,194.50999450683594,-18.237345296841166,45.36564444518441,45.36564444518441,27.72926611187199,0.10423001268452305,False,1.037454552137322,6.770859359868246,-5.4944612566722455,-16.238418837901847,True,True,False,True,28,46.666666666666664,True,0.4081816507102549,2.011166782653679,False,-0.16300451264151136,True,-2.554985265227816,True,2,0,0.4192771298493936,False,0.5710701025713902,False,6,1,False,False,False,25.0,21.8323296237826,11.99869386181034,0.12496501451937231,14.0,False,2,1,3,3,-19.104052235354885,240.4446698278809,110082189.53884201,71.74496644295301,False,0.0,0,,,,0.0,0,,,,False,False,False,False,0,,none,0,0,False,-3,0.375,mixed,4,False
VSH,38.66999816894531,-40.41602887555305,231.94648832059852,133.2804083709885,115.64403003767609,0.12661137501462605,False,0.6769759673642362,13.912597162820006,111.14802627022557,-15.788328155690168,True,True,False,False,24,40.0,True,0.4228760118813646,3.562056830201442,False,-3.2019478169337514,True,2.2745219899986457,True,1,0,0.4890020934970395,False,0.8283622458067438,False,7,2,True,False,False,,,,,,False,7,2,3,3,,,317028076.25986767,91.87919463087249,True,0.0,0,,,,0.0,0,,,,False,False,False,False,0,,none,0,0,False,-3,0.375,mixed,4,False
VST,168.5,-22.35603406604031,25.25867430489239,-13.685341677457153,-31.32172001076957,0.09628782523287895,False,0.9453911810358739,8.341241944083828,5.524701486161909,11.552463817073132,True,True,False,False,23,38.333333333333336,False,0.3736299542807355,1.4876028430372839,False,2.119180207510169,True,8.401954035941795,False,0,0,0.5858112072183242,False,0.6618610487132723,False,6,2,True,False,False,35.0,19.628165206299567,12.768545631838835,0.9152612679862536,20.0,True,1,4,5,3,-1.6632658313381565,171.35000610351562,606270992.4334991,21.409395973154364,False,0.0,0,,,,0.0,0,,,,False,False,False,False,0,,none,0,0,False,-1,0.625,mixed,4,False
VSXY,83.01000213623047,-6.203387416688733,343.4295148558724,298.89478263603286,281.25840430272046,0.08778105627322084,True,0.8503146036456473,10.61824012546728,38.92887386816815,8.212753391927796,False,False,False,False,28,46.666666666666664,True,0.43767582188059007,2.1948508917546996,False,2.810876357852671,True,1.9152918924964402,True,1,0,0.5093629853283891,False,1.0163913257070671,False,3,1,False,False,False,25.0,17.11111280653212,14.251296863768392,0.5461040797935506,2.0,False,8,1,2,3,-7.766664293077252,90.0,149232968.58387297,97.8523489932886,True,0.0,0,,,,0.0,0,,,,False,False,False,False,0,,none,0,0,False,-3,0.375,mixed,4,False
VTR,99.91000366210938,0.0,57.08995134560277,52.68928310541414,35.052904772101726,0.14167592022247644,True,0.9379545097885553,4.6942194375981074,31.367123921170116,7.987470046667777,False,True,False,True,28,46.666666666666664,True,0.4730561594107621,1.0031431379601707,True,6.134204660638608,False,3.964625648786324,True,2,3,0.6497316270716192,True,3.0029042368775865,True,2,1,False,False,False,25.0,19.786984677480287,9.408468803253415,0.9868826263698909,0.0,True,8,4,5,6,-0.25955327102775705,100.16999816894531,316864154.42157745,75.43624161073825,False,0.0,0,,,,0.0,0,,,,False,True,False,False,1,,power_play,6,6,True,0,0.75,mixed,4,False
VTRS,17.25,-1.9329172804917194,105.14716139880736,91.7632067993486,74.12682846603617,0.11840484259882236,True,1.0985967471337028,5.333333775617074,32.66618610943151,3.2934084546936138,True,False,False,True,29,48.333333333333336,True,0.4703520203287611,1.5155642919928338,True,1.7230713240316413,True,-0.23135288264456433,True,2,0,0.5319275144076386,False,1.0973118618909565,False,5,1,False,False,False,65.0,19.370424275229233,9.043475164883379,0.8744411404519941,3.0,True,8,3,5,5,-2.432128380958787,17.68000030517578,153642345.38995934,87.38255033557047,True,0.0,0,,,,0.0,0,,,,False,False,False,False,0,,none,0,0,False,-1,0.625,mixed,4,False
VVV,38.48500061035156,-5.372504688879387,33.30446654525792,8.561353405061123,-9.075024928251295,0.06436492528532768,False,0.9160675778237709,6.041306772428159,16.72732540326798,-1.5225209642398485,False,True,False,True,28,46.666666666666664,True,0.3969992312334126,1.134339628619261,False,1.5216863587899443,True,-3.715287878406126,True,2,0,0.4145883445489689,False,0.9668920240744991,False,5,2,True,False,False,35.0,16.04186917929039,8.860604412182765,0.6062213716817489,5.0,False,2,3,3,5,-6.316945241081795,41.08000183105469,76988002.13457222,41.34228187919463,False,0.0,0,,,,0.0,0,,,,False,False,False,False,0,,none,0,0,False,-1,0.625,mixed,4,False
VZ,45.18000030517578,-9.222819960260487,23.569076895019236,12.038531595444745,-5.597846737867673,0.3724692319852198,False,0.9243047148961311,5.666226994243168,18.019508246153148,7.965664054505783,False,True,False,True,21,35.0,False,0.42712546345137264,1.3222255135594485,False,0.32011402231454866,True,3.647625939486243,True,2,0,0.5194598139937209,False,0.7255100687155025,False,5,0,False,False,False,25.0,12.998930022512099,7.171318407661952,0.852248153481858,22.0,True,2,3,4,6,-1.9206159135862766,46.064726778228476,1422174275.1249723,44.42953020134228,False,0.0,0,,,,0.0,0,,,,False,True,False,False,1,,power_play,6,6,True,0,0.75,mixed,4,False
W,82.44999694824219,-30.74338947106412,43.64110584747885,30.72775859710106,13.091380263788643,0.39975761754202643,False,0.9184231930200016,14.057000323682512,-24.895246980280326,-12.751325980696093,False,False,False,False,27,45.0,True,0.35592682782689494,1.6762600294818624,False,0.6099695076644537,True,-7.68111163126044,False,0,0,0.34884487514002116,False,0.6032742953534249,False,6,0,False,False,False,25.0,18.495198969791566,19.144932221918506,0.19419620999569995,15.0,False,2,1,1,1,-14.903501426741672,96.88999938964844,239743810.1024475,61.34228187919463,False,0.0,0,,,,0.0,0,,,,False,False,False,False,0,,none,0,0,False,-5,0.125,mixed,4,False
WAB,300.0150146484375,0.0,62.1901838142614,50.22112820500282,32.584749871690406,0.2862313263473645,True,1.127528024532171,15.29756913207876,30.69577820479379,14.426565412418535,False,False,False,False,21,35.0,False,0.40957299571222616,1.252090532917701,False,4.196874691469462,False,14.474599366522668,False,0,1,0.6269756878760543,True,0.979768601033139,False,6,2,True,True,True,45.0,16.742638141980212,15.29756913207876,0.9675282848766246,0.0,True,7,3,4,3,-0.5436621761601423,301.6549987792969,266818005.26074678,73.8255033557047,False,0.0,0,,,,0.0,0,,,,False,False,False,False,0,,none,0,0,False,-2,0.5,mixed,4,False
WAL,82.52999877929688,-13.219127524827801,24.43023105474833,1.183025258126169,-16.45335307518625,0.07975693291628078,False,1.0284786785612081,6.652133253806931,-4.161992468952724,1.214125401832078,True,False,False,True,26,43.333333333333336,True,0.49602232198091367,1.498459895104734,True,0.9557133079981961,True,0.2794601689071863,True,2,1,0.5731680091456368,False,1.3373765244685238,True,6,1,False,False,False,55.0,13.603412609765414,7.209505229181358,0.741327844375823,27.0,False,2,3,3,4,-3.518824063613135,85.54000091552734,90409576.07307282,34.56375838926174,False,0.0,0,,,,0.0,0,,,,False,False,False,False,0,,none,0,0,False,-2,0.5,mixed,4,False
WAT,373.82000732421875,-9.385756634192454,34.603199510699014,25.24542024168057,7.609041908368152,0.2381378326680893,False,0.9912324071802994,11.979026778108915,-4.71310707079633,-1.4421685511009863,False,False,False,False,23,38.333333333333336,False,0.4629592706587767,1.4306800073261798,True,0.8867693835556796,True,1.311723181142721,True,1,1,0.4516325025700053,False,1.3557767445216802,True,4,2,True,False,False,45.0,16.95940557118165,11.979026778108915,0.7555187966455572,1.0,False,2,3,2,6,-4.14625588221853,389.989990234375,324535515.4015686,57.31543624161074,False,0.0,0,,,,0.0,0,,,,False,True,False,False,1,,power_play,6,6,True,0,0.75,mixed,4,False
WAY,22.030000686645508,-46.12374415387607,27.267483341000553,-40.4272553830506,-58.063633716363015,0.06512528433637213,False,1.0285657317341783,8.42033356522236,-26.517675039956977,-6.095475079424084,False,True,False,False,21,35.0,False,0.47019699947556937,2.296897521349899,True,1.6335570533009152,True,-1.0776819316790642,True,1,2,0.4205698522617548,False,1.7909210551323214,True,2,2,True,False,False,25.0,30.29079131934524,13.300046363375445,0.6360000610351563,13.0,False,0,5,5,4,-11.025846191438482,24.760000228881836,60639036.83851977,6.845637583892618,False,0.0,0,,,,0.0,0,,,,False,False,False,False,0,,none,0,0,False,-1,0.625,mixed,4,False
WBD,26.225000381469727,-12.525014069718365,143.27459212507395,94.25926208496094,76.62288375164852,0.25758440265965715,False,1.2683051159347993,4.842709015405922,-8.24002641190682,-0.962987783892788,False,False,False,True,18,30.0,False,0.5098907715619589,1.0603579826710083,True,-0.9406387914114059,True,-2.4004482233654922,True,2,0,0.4959119363525265,False,0.8456341989626937,False,6,2,True,False,False,25.0,7.305607542974152,7.702575513367696,0.2945549930032425,9.0,False,2,2,2,4,-5.153704364268963,27.649999618530273,542052541.5280714,87.85234899328859,True,0.0,0,,,,0.0,0,,,,False,False,False,False,0,,none,0,0,False,-2,0.5,mixed,4,False
WBS,76.1449966430664,-1.8750023964754559,43.29923247401695,29.664770875566294,12.028392542253876,0.16271171373810867,True,1.0920600520959212,2.206317393447227,20.12192876267569,-0.7494845783208248,False,False,False,True,28,46.666666666666664,True,0.5465355985536229,0.4319690612873605,True,2.035579129160301,True,0.17760097755816773,True,2,1,0.5218769750089236,False,1.18907310574218,False,2,1,False,False,False,65.0,8.907707965915627,2.206317393447227,0.7767461237586861,13.0,True,5,4,3,4,-1.9886803318162949,77.69000244140625,275056329.9103203,60.33557046979866,False,0.0,0,,,,0.0,0,,,,False,False,False,False,0,,none,0,0,False,-2,0.5,mixed,4,False
WCC,326.4750061035156,-12.7016044138763,61.580181911001965,55.277223397106056,37.640845063793634,0.2858502773244208,False,0.8734332567677718,4.741560823011324,14.376443479742807,6.036243648985917,False,True,False,True,26,43.333333333333336,True,0.4736205895649239,1.856432817054399,True,-1.6277056593806063,True,-0.42243009514008056,True,2,0,0.48314180370605275,False,0.8434688442323832,False,3,2,True,False,False,25.0,19.24973489257783,9.16149876803304,0.3756824052451105,23.0,False,2,2,2,4,-12.017948187803462,371.07000732421875,245552570.31547546,76.71140939597315,False,0.0,0,,,,0.0,0,,,,False,False,False,False,0,,none,0,0,False,-2,0.5,mixed,4,False
WCN,168.97000122070312,-11.388917407125,13.387462338121114,-9.694271863543447,-27.330650196855863,0.13825957685021448,False,1.0003905974321856,3.2668455783827834,-0.3026226788656827,0.08884841249670039,False,True,False,True,24,40.0,True,0.40388352761915425,0.8764096354178466,False,2.2217889262916772,True,-1.7101985799411912,True,2,0,0.32405662030029553,False,0.8028454299001565,False,5,1,False,False,False,45.0,16.87510960966912,5.882702473572775,0.7404425354759083,5.0,False,2,2,4,5,-4.3800606638518484,176.7100067138672,207838320.06001586,24.093959731543624,False,0.0,0,,,,0.0,0,,,,False,False,False,False,0,,none,0,0,False,-1,0.625,mixed,4,False
WDAY,133.19000244140625,-46.2271383065153,18.391113281250004,-43.84907076096264,-61.485449094275054,0.18033484831891358,False,1.0530683477840819,15.556724109092492,-29.625908112030764,-1.632194648965568,False,True,False,False,24,40.0,True,0.5587905551696212,2.9714580362920944,True,0.0623926143428966,True,-8.00524688189731,False,0,1,0.47233393016917596,False,2.003144625925768,True,5,1,False,False,False,25.0,25.607154812158488,17.09588096334637,0.5651380844695921,5.0,False,1,2,2,3,-11.135576392898939,149.8800048828125,574322104.6898773,5.906040268456376,False,0.0,0,,,,0.0,0,,,,False,False,False,False,0,,none,0,0,False,-3,0.375,mixed,4,False
WDC,524.97998046875,-29.64903659606656,664.8978056459785,662.6813996104471,645.0450212771347,0.17844251127697275,False,0.9737767889846858,17.35113713413551,122.24636138322218,-2.6011167961502824,False,True,False,False,31,51.66666666666667,True,0.49360262500952146,4.1632061042391335,True,-0.7304262774154049,True,10.007958410351492,False,0,0,0.43174765310060625,False,0.8735357394928066,False,5,1,False,False,False,,,,,,False,7,1,2,4,,,4484833431.815869,99.66442953020133,True,0.0,0,,,,0.0,0,,,,False,False,False,False,0,,none,0,0,False,-2,0.5,mixed,4,False
WDFC,231.375,-12.310119565817068,25.12346163925898,11.883023099561441,-5.753355233750977,0.08325735020468925,False,1.5065426099118358,7.628312979048488,8.494204764763701,-5.504101986873988,False,True,False,True,25,41.66666666666667,True,0.4000126851898106,1.7454640627468592,False,0.5404726519167051,True,-6.246198673161107,False,1,0,0.4178545615697513,False,0.43171265532381514,False,4,3,True,True,False,25.0,25.46336877233872,15.842737458199224,0.12494124709665634,10.0,False,1,2,2,3,-22.281943722640662,297.7107394120505,52531619.83457031,44.09395973154363,False,0.0,0,,,,0.0,0,,,,False,False,False,False,0,,none,0,0,False,-3,0.375,mixed,4,False
WEC,116.31999969482422,-2.128732698173119,14.326619417677389,9.763468118670682,-7.8729102146417365,0.1500065548507233,False,1.0833527925694604,4.857284999404773,8.437390958377101,-2.1122629786701874,False,True,False,True,23,38.333333333333336,False,0.5325501381878478,0.9582860077107122,True,1.2154951324125394,True,2.6202040235414836,True,2,0,0.534737668609427,False,0.672999314656953,False,7,2,True,False,False,45.0,9.44041946334773,5.416089613902918,0.6828620455390986,13.0,True,3,4,4,6,-2.993915317858975,119.91000366210938,205850587.23901367,41.946308724832214,False,0.0,0,,,,0.0,0,,,,False,True,False,False,1,,power_play,6,6,True,0,0.75,mixed,4,False
WELL,250.6300048828125,0.0,60.770840821159,57.672981506843456,40.036603173531034,0.16737513301776794,True,0.8827717121374548,3.5350917439012335,37.40088592530157,6.17216278696362,False,True,False,True,31,51.66666666666667,True,0.45476207261713714,0.9623531042220008,True,6.064099691394406,False,3.0339177318859267,True,2,3,0.6028455299093891,True,2.33647347723293,True,2,1,False,False,False,25.0,19.20519653110914,8.071663644497436,0.989633010862433,0.0,True,8,4,5,6,-0.1991000638228435,251.1300048828125,667006634.7911285,78.18791946308725,False,0.0,0,,,,0.0,0,,,,False,True,False,False,1,,power_play,6,6,True,0,0.75,mixed,4,False
WEN,7.189899921417236,-28.564389115974475,16.529981077988907,-27.961826389216682,-45.598204722529104,0.05085456392447832,False,0.634868224834965,11.265802745970321,-11.408797667605041,-16.39651625005517,False,True,True,False,21,35.0,False,0.474889369625232,3.572924304125084,True,-0.7845824985365242,True,-7.346653230018618,False,1,1,0.44505159513547154,False,1.9048450152907257,True,4,2,True,False,False,25.0,35.767192654225035,13.212976809806243,0.33133132243464053,15.0,False,0,3,3,2,-23.916401412326096,9.449999809265137,138002543.7814165,12.483221476510067,False,0.0,0,,,,0.0,0,,,,False,False,False,False,0,,none,0,0,False,-3,0.375,mixed,4,False
WEX,174.67999267578125,-5.542637974344311,37.69509052132833,0.3331341481520589,-17.30324418516036,0.5045984692017981,False,1.208719264286971,13.000911613976033,9.195468739656665,19.25177346447753,False,False,False,False,28,46.666666666666664,True,0.4714603403440792,2.0847311253907708,True,4.07472825288726,False,6.3177050707379,False,0,1,0.5037662929330997,False,1.7589084402028035,True,4,0,False,True,True,65.0,32.94980171985154,13.000911613976033,0.8021762547516432,64.0,False,3,2,2,3,-6.518253181411781,186.86000061035156,100240434.8714569,33.624161073825505,False,0.0,0,,,,0.0,0,,,,False,False,False,False,0,,none,0,0,False,-3,0.375,mixed,4,False
WFC,86.4000015258789,-9.40861967633836,17.679111523628155,5.276994203575436,-12.359384129736982,0.10230177340299793,False,1.0946416328229123,4.016205045625809,0.4151785658867091,1.0408132001102466,False,True,False,True,27,45.0,True,0.4852598065345786,1.0742769830077439,True,1.955028631309903,True,-1.2684271320478113,True,2,0,0.5594644849584791,False,0.917083062923292,False,5,1,False,False,False,45.0,17.607748521427773,6.89814696668436,0.7855787531222131,5.0,False,3,2,3,6,-3.775475392675054,89.79000091552734,1407823841.423436,38.7248322147651,False,0.0,0,,,,0.0,0,,,,False,True,False,False,1,,power_play,6,6,True,0,0.75,mixed,4,False
WFRD,88.18000030517578,-20.858013144580113,65.39708100549966,54.29759420164289,36.66121586833047,0.14298580818823076,False,0.961189328582285,15.853938884725801,-1.428561194408673,6.228162915187818,False,False,False,False,18,30.0,False,0.37910937015029694,1.4812342509853476,False,-1.6861887416716461,True,9.268901660220607,False,0,0,0.43031301050256465,False,0.6292345831252611,False,5,0,False,True,True,25.0,18.085505035657594,15.853938884725801,0.6109005795313495,24.0,False,2,1,1,4,-7.0370595282572275,94.8550033569336,132059888.34577942,76.10738255033557,False,0.0,0,,,,0.0,0,,,,False,False,False,False,0,,none,0,0,False,-2,0.5,mixed,4,False
WH,73.51499938964844,-18.39415377160003,7.803582220867744,-15.472440744570005,-33.10881907788242,0.12938172922875502,False,0.9328012536398905,7.322319634843466,-3.9427334381788803,-10.793597715310742,False,False,False,True,21,35.0,False,0.4268989619255856,1.4720453221460275,False,-2.637659168103715,True,-3.977270462443372,True,2,0,0.3851116501604122,False,0.67550064402011,False,4,2,True,False,False,25.0,18.15301132269144,11.120183798721389,0.07450122360450818,18.0,False,0,2,2,4,-16.80058976704444,88.36000061035156,112865791.1588585,20.13422818791946,False,0.0,0,,,,0.0,0,,,,False,False,False,False,0,,none,0,0,False,-2,0.5,mixed,4,False
WHR,36.2400016784668,-62.34976921837985,1.5410565226141815,-61.92219028974666,-79.55856862305907,0.14744437737961225,False,0.9494983085598899,8.333334210517176,-57.01974293368958,-4.88188154893936,False,True,False,False,22,36.666666666666664,False,0.4535159637489461,2.495195735275738,True,-1.7782599311873484,True,-5.230125293446875,False,0,0,0.32032822709995834,False,0.7667673828650498,False,5,3,True,False,False,25.0,15.31294733384925,15.838845468873537,0.12324507555897814,10.0,False,0,2,3,3,-13.425701982658344,41.86000061035156,87925264.93226281,1.9463087248322148,False,0.0,0,,,,0.0,0,,,,False,False,False,False,0,,none,0,0,False,-3,0.375,mixed,4,False
WING,137.81500244140625,-63.25630286116785,16.142766769864323,-53.72670887008528,-71.3630872033977,0.19279972222100134,False,0.9141768351658034,12.542178540727674,-49.02574966515119,-22.5714937984542,False,False,False,False,21,35.0,False,0.4243625433441744,2.3661574366698477,False,-1.3766767049871322,True,-3.1722049684280385,True,1,0,0.3672573898184369,False,0.4848552480374375,False,5,3,True,False,False,25.0,25.905524211537944,19.86721648425283,0.09976384269813159,14.0,False,0,2,2,2,-23.32108956908544,179.72999572753906,167287997.91638717,2.953020134228188,False,0.0,0,,,,0.0,0,,,,False,False,False,False,0,,none,0,0,False,-4,0.25,mixed,4,False
WIX,50.04999923706055,-72.83434772861122,23.79420939715706,-67.15232602155878,-84.7887043548712,0.1781656529021371,False,0.7499611205085602,12.427575055980016,-43.43354731220356,1.4184413061461898,False,True,False,False,22,36.666666666666664,False,0.464453177986612,2.7419756151721533,True,-0.00654633508217608,True,-2.7210913607747855,True,1,1,0.4493757742884642,False,2.049589795033077,True,5,2,True,False,False,25.0,26.37946762769533,13.906092288846594,0.6872828220384004,6.0,False,1,4,3,4,-8.249312672662256,54.54999923706055,56010266.814574435,1.0738255033557047,False,0.0,0,,,,0.0,0,,,,False,False,False,False,0,,none,0,0,False,-2,0.5,mixed,4,False
WLK,73.65499877929688,-39.94862287074717,33.245442564113816,-8.03437536377647,-25.670753697088887,0.11678756618962842,False,0.8513014032015791,6.6390597660602095,-12.617956293174615,-1.4912370119424478,False,True,False,True,21,35.0,False,0.4333472846272967,1.342336690148013,False,-3.621714332510455,True,-5.120441343241289,False,1,1,0.38928595937851335,False,1.1639842840527896,False,2,3,True,False,False,25.0,14.273671324677442,8.689150773950322,0.2044685377349691,24.0,False,0,3,2,4,-11.355154620811092,83.08999633789062,75800758.75421906,25.302013422818792,False,0.0,0,,,,0.0,0,,,,False,False,False,False,0,,none,0,0,False,-2,0.5,mixed,4,False
WM,238.8583984375,-2.2971170959186105,22.873726477686198,5.2368245093363575,-12.39955382397606,0.12649380601927238,False,1.1653391270406304,3.3743831539181737,5.068000648376314,3.6711826237356027,True,True,False,True,24,40.0,True,0.36336878256991756,0.794567793230053,False,2.8144483916190914,True,-0.18870884029120738,True,2,1,0.5660965437442511,False,1.9744698999984687,True,4,2,True,False,False,45.0,15.349645545149487,6.757141258263795,0.7814357385272583,5.0,False,4,4,4,6,-3.3548839424439536,247.14999389648438,449926158.19797134,38.65771812080537,False,0.0,0,,,,0.0,0,,,,False,True,False,False,1,,power_play,6,6,True,0,0.75,mixed,4,False
WMB,75.77989959716797,-3.8545406181827224,38.32930490054305,33.0786837987803,15.442305465467879,0.07985973081946732,True,1.0271065122928948,4.816582689184921,18.362916645415428,3.609379586477224,True,True,False,True,28,46.666666666666664,True,0.41646678846891155,1.1939233147514308,False,0.8807712648114019,True,3.2705129920650444,True,2,0,0.4693125980058522,False,0.4704575526786602,False,5,1,False,False,False,45.0,12.574928619679543,4.816582689184921,0.6285492775939234,44.0,False,6,2,6,6,-4.6709663199848155,79.49299040577026,530396202.01318777,63.48993288590604,False,0.0,0,,,,0.0,0,,,,True,True,False,False,2,power_play,sepa_vcp,6,6,True,0,0.75,mixed,4,False
WMG,26.760000228881836,-22.569446858984353,13.772713372690903,-12.913629236103773,-30.55000756941619,0.06928907017110042,False,0.8511417685460094,8.333331551430664,-10.680699675164274,-5.374824684786706,False,True,False,False,21,35.0,False,0.5195198591104655,1.676413018544954,True,-3.2122771279361246,True,-5.541827388112597,False,0,1,0.35470858166587604,False,1.432197492467684,True,5,2,True,False,False,25.0,11.413594977448522,11.808668984993314,0.1674075656467014,10.0,False,0,3,2,4,-9.502872826996445,29.56999969482422,55835211.40332298,21.879194630872483,False,0.0,0,,,,0.0,0,,,,False,False,False,False,0,,none,0,0,False,-2,0.5,mixed,4,False
WMS,140.22999572753906,-19.84290973463183,24.66396759156517,20.454873427601548,2.81849509428913,0.06907628242872244,False,0.8889930516808334,7.316547685539884,-8.171983466763766,-7.852541413707126,False,True,False,True,23,38.333333333333336,False,0.42472456587708685,1.2747047971580119,False,-0.36021134852753806,True,-4.9610350205489535,True,2,0,0.3495751918908462,False,0.7841242055567618,False,7,3,True,False,False,35.0,18.162545937413952,11.24937201533866,0.38107666030684545,17.0,False,0,2,3,4,-11.241223588914584,157.99000549316406,97770396.97237396,52.41610738255034,False,0.0,0,,,,0.0,0,,,,False,False,False,False,0,,none,0,0,False,-2,0.5,mixed,4,False
WMT,108.98999786376953,-18.785394677911626,14.154242354770052,13.769412047285833,-3.866966286026585,0.2090646741300405,False,0.8333494778253386,6.9822926502517895,-7.056740426423391,-2.5482819809030444,True,False,False,True,21,35.0,False,0.5012788995824499,1.087079640632145,True,-3.5948695734930114,True,-4.595588321229305,True,2,0,0.4027618023903531,False,0.40400742395238454,False,8,3,True,False,False,25.0,11.303987074639874,10.367919665883054,0.1616456171624932,21.0,False,0,2,3,4,-9.476747107562867,120.4000015258789,2467195586.2112594,46.04026845637584,False,0.0,0,,,,0.0,0,,,,False,False,False,False,0,,none,0,0,False,-2,0.5,mixed,4,False
WPC,76.4000015258789,0.0,26.690917914758707,25.177079692611848,7.54070135929943,0.12181003447716261,False,1.0121579844658337,2.7486890473552714,13.10982231958755,7.122829294436106,False,True,False,True,25,41.66666666666667,True,0.395548102659285,0.6798696438328727,False,2.593662054210148,True,0.7118387967079087,True,2,0,0.5105218792891572,False,0.37950327568009584,False,4,1,False,False,False,25.0,8.913448225941554,6.400522633487189,0.9590335542848557,0.0,True,5,2,3,6,-0.3651522928827866,76.68000030517578,105158638.03306313,57.18120805369128,False,0.0,0,,,,0.0,0,,,,False,True,False,False,1,,power_play,6,6,True,0,0.75,mixed,4,False
WPM,110.48999786376953,-33.121918141345475,21.791596833988415,17.892090661219683,0.25571232790726484,0.22529596050423537,False,0.7858535657079,10.254323513540294,-24.171899671243814,-4.527784793199108,True,True,False,False,24,40.0,True,0.3787013370167772,1.2799819097113903,False,-1.9411266199407067,True,6.056822365242653,False,0,0,0.5159644190996671,False,0.5375484286629016,False,3,0,False,False,False,25.0,21.101273165635963,11.322293762422625,0.327567247908445,24.0,False,2,1,3,5,-14.189187187404272,128.75999450683594,177170828.63338622,49.664429530201346,False,0.0,0,,,,0.0,0,,,,False,False,False,False,0,,none,0,0,False,-1,0.625,mixed,4,False
WRB,75.15499877929688,-1.6803061602442604,19.34635903148201,12.687985073645102,-4.948393259667316,0.16789838281958025,False,1.125415190383189,5.042902465160908,13.123989925002522,4.266088887524644,False,False,False,True,25,41.66666666666667,True,0.46852379856274406,1.0131310263385755,True,3.6628250942966565,True,4.950423318992225,True,2,3,0.6210796669767568,True,1.9815914459316923,True,2,1,False,False,False,45.0,17.1434017205251,8.835073511407698,0.9965095612864591,0.0,True,4,5,3,6,-0.05983799304710713,75.19999694824219,143961967.488105,45.033557046979865,False,0.0,0,,,,0.0,0,,,,False,True,False,False,1,,power_play,6,6,True,0,0.75,mixed,4,False
WRBY,24.565000534057617,-19.03427682757506,48.96907747132067,0.8829574916619176,-16.753420841650502,0.167748820387492,False,0.9264711417577481,13.148786777994017,-6.880207295109864,-16.045795140459017,False,True,False,False,21,35.0,False,0.3391050784479009,2.090676824697288,False,-1.1245078676688398,True,-6.985987595661736,False,0,0,0.4564626388380882,False,0.9292654495798096,False,7,2,True,False,False,25.0,23.92359836732436,24.913497684433,0.1441137512879121,17.0,False,0,2,2,2,-20.475878862303876,30.889999389648438,72315884.31313476,34.16107382550336,False,0.0,0,,,,0.0,0,,,,False,False,False,False,0,,none,0,0,False,-4,0.25,mixed,4,False
WSC,26.68000030517578,-14.639816498847013,79.81979716672059,-13.547201558078237,-31.183579891390657,0.12760639670494034,False,0.8588699849333716,6.709148782056397,27.098009273936018,0.07502047216108032,False,False,False,True,26,43.333333333333336,True,0.41100543853241145,1.715431522408298,False,0.10746510719115503,True,-2.0018367994767416,True,2,0,0.5735747283617334,False,1.1644665078768877,False,4,1,False,False,False,65.0,28.027830682254805,7.308848353203216,0.6296689092443142,20.0,False,1,2,2,3,-10.3795771080751,29.770000457763672,51856390.770418644,21.476510067114095,False,0.0,0,,,,0.0,0,,,,False,False,False,False,0,,none,0,0,False,-3,0.375,mixed,4,False
WSM,222.47000122070312,-7.060493509377775,32.36053922520965,24.960040933990935,7.323662600678517,0.0890858065508227,True,0.8857703311099898,6.189600484067196,9.585417026507258,-1.897416891538728,False,True,False,True,22,36.666666666666664,False,0.482243534144862,1.3553445395541879,True,1.60163455072922,True,-2.6005876915064507,True,2,0,0.5614311669496227,False,1.0904409171075837,False,6,3,True,False,False,45.0,31.207845221293233,9.108095098616289,0.7192248145909198,20.0,False,2,3,4,5,-8.762388528226484,243.83584536244618,219202175.35258406,56.77852348993289,False,0.0,0,,,,0.0,0,,,,False,False,False,False,0,,none,0,0,False,-1,0.625,mixed,4,False
WSO,362.8800048828125,-23.467008888583095,14.945664756424005,-22.633293316769766,-40.26967165008219,0.09466062363044928,False,1.0271717537679872,6.539346381571312,-3.9105677549233997,-9.565119248365828,False,False,False,True,20,33.33333333333333,False,0.4352824821231458,1.3628459395840884,False,-1.5909029424360246,True,-2.428006423699447,True,2,0,0.5303163591101925,False,0.5848616073447606,False,7,1,False,False,False,25.0,15.70119421977989,12.370615971155015,0.16925310264678264,17.0,False,0,1,1,3,-13.043718382822412,417.3131579848145,135039303.08522034,15.100671140939598,False,0.0,0,,,,0.0,0,,,,False,False,False,False,0,,none,0,0,False,-3,0.375,mixed,4,False
WST,340.9599914550781,-6.775304708521823,47.74495607684139,22.56696514766956,4.930586814357142,0.3091685368657288,True,1.1747962268337122,13.769947613697358,44.312228932061345,-6.775304708521823,False,False,False,False,31,51.66666666666667,True,0.48060195488449525,1.5153849900682979,True,0.5652073472567308,True,-4.823581746971239,True,1,1,0.42764644628858983,False,1.290558931854023,True,8,0,False,False,False,35.0,19.541448879736077,13.769947613697358,0.4028899255165494,1.0,False,4,2,2,3,-11.66839599609375,386.0,269141551.0155487,54.56375838926174,False,0.0,0,,,,0.0,0,,,,False,False,False,False,0,,none,0,0,False,-3,0.375,mixed,4,False
WT,19.40999984741211,-6.1865667163155,81.52037942149602,42.740842199905885,25.104463866593466,0.046674316464210816,True,1.002547069152393,9.737245772829962,19.63841006613105,7.594228727037278,False,True,False,False,28,46.666666666666664,True,0.4901148067245608,2.0099728687636795,True,0.888319787037092,True,-3.1920170274393755,True,1,2,0.5195213619681662,False,1.8487946322447768,True,1,1,False,False,False,25.0,21.620349748271302,13.034512102967346,0.6034859184485901,3.0,False,5,4,5,6,-8.57277312325605,21.229999542236328,51785143.20237617,70.60402684563758,False,0.0,0,,,,0.0,0,,,,False,True,False,False,1,,power_play,6,6,True,0,0.75,mixed,4,False
WTFC,157.92999267578125,-5.374476661914407,32.81295112658942,20.734581759618955,3.0982034263065366,0.09589204597313787,True,1.0402661862505376,6.230606467570362,8.965672039025963,-2.0224639966799685,False,False,False,True,25,41.66666666666667,True,0.4437180107575728,0.9157673895282378,True,0.594186614250914,True,-3.8770604124516495,True,2,0,0.5676452821536362,False,0.6645719309466803,False,5,3,True,False,False,55.0,14.352350092572907,7.288035864387783,0.6129163106282552,6.0,False,3,3,4,5,-5.55556062498802,167.22000122070312,110514651.91173705,52.68456375838926,False,0.0,0,,,,0.0,0,,,,False,False,False,False,0,,none,0,0,False,-1,0.625,mixed,4,False
WTRG,39.91999816894531,-3.2705656119848214,12.66213475439426,11.328503078431119,-6.307875254881299,0.18513314758141872,False,1.0423551879325135,3.106216771902116,3.75227994429288,1.371247044651036,False,True,False,True,22,36.666666666666664,False,0.3053186387539436,0.785162665167303,False,2.284370600971691,True,0.5794899223845018,True,2,0,0.4906555343833213,False,1.1192384162417093,False,3,1,False,False,False,45.0,10.993342662118993,7.139275062237285,0.8542597176439193,5.0,True,3,3,4,6,-1.6021728636143706,40.56999969482422,81710749.06699486,43.8255033557047,False,0.0,0,,,,0.0,0,,,,False,True,False,False,1,,power_play,6,6,True,0,0.75,mixed,4,False
WTS,343.2200012207031,-12.320860769527853,37.218871791518126,37.218871791518126,19.582493458205708,0.047359087053743545,True,0.9371005558436991,3.601184461162732,14.993813525623745,-6.87287679045987,False,True,False,True,25,41.66666666666667,True,0.46356177908570306,1.7194384109401342,True,1.0645344161263366,True,-0.9265916701624355,True,2,0,0.39925587482638664,False,0.19890967723595201,False,6,3,True,False,False,35.0,21.14615029817949,6.31664605753562,0.38487362990085355,17.0,False,3,2,4,4,-13.00755467449013,394.5400085449219,157144581.87335816,66.71140939597315,False,0.0,0,,,,0.0,0,,,,False,False,False,False,0,,none,0,0,False,-2,0.5,mixed,4,False
WTW,292.4100036621094,-15.621870227323697,21.210297666772004,-4.10381262189452,-21.740190955206938,0.07928961940141585,False,0.9551175764365111,3.5429758692907125,-8.785343725272622,2.1626729141941192,False,True,False,True,19,31.666666666666664,False,0.480125986562239,1.2659899063744116,True,3.7662771083744593,True,-0.3476089831072171,True,2,1,0.5425310705710575,False,1.243813626967396,True,4,2,True,False,False,45.0,18.000463484240424,6.562703806666276,0.8235881271111213,5.0,False,1,4,3,5,-3.175495476122725,302.0,155560032.67827147,29.12751677852349,False,0.0,0,,,,0.0,0,,,,False,False,False,False,0,,none,0,0,False,-1,0.625,mixed,4,False
WU,8.135000228881836,-16.228041101081914,15.71834973108217,3.926765342377503,-13.709612990934914,0.22174258643523706,False,1.2503746794809245,9.9569691844215,-9.254393071042855,1.5605492687663647,False,False,False,False,21,35.0,False,0.4786851929130088,1.745509999256994,True,1.121830580378431,True,-8.389638242769182,False,0,2,0.5565866648314437,False,1.9373091398627245,True,1,2,True,True,True,25.0,22.79329614891385,14.628144399534545,0.6004903943022634,5.0,False,1,5,4,5,-9.106140757004312,8.949999809265137,62311234.84751034,37.58389261744966,False,0.0,0,,,,0.0,0,,,,False,False,False,False,0,,none,0,0,False,-1,0.625,mixed,4,False
WULF,19.1299991607666,-33.98895975520647,301.89071934688536,259.5864387875107,241.95006045419828,0.16455928163739073,False,0.8957256966713709,10.088867693909714,35.481581556749056,-9.678947662282223,False,True,False,False,24,40.0,True,0.44421416472141295,4.25219712583874,True,-2.4866312005406335,True,5.341405955423073,False,0,0,0.3895389876400655,False,0.5564376524166714,False,6,2,True,False,False,,,,,,False,5,2,2,3,,,805594318.615694,96.97986577181209,True,0.0,0,,,,0.0,0,,,,False,False,False,False,0,,none,0,0,False,-3,0.375,mixed,4,False
WWD,414.9700012207031,-4.919347699707144,75.33860812133388,63.21443103702824,45.57805270371583,0.08194902548725637,True,1.0013436706683647,7.157146810531782,27.11208982935913,-0.7296272602095533,False,True,False,True,26,43.333333333333336,True,0.3445317274782257,1.0734854663387559,False,1.912051988105144,True,5.622580956869916,False,1,0,0.450259396931837,False,0.6393254736842106,False,6,3,True,False,False,35.0,22.15027098122349,9.121142731323602,0.6400679770769857,20.0,False,6,3,4,6,-7.9725918425647135,450.9200134277344,281362962.492218,80.26845637583892,True,0.0,0,,,,0.0,0,,,,False,True,False,False,1,,power_play,6,6,True,0,0.75,mixed,4,False
WY,23.735000610351562,-10.900688802585002,14.1727209795532,-4.303946754625587,-21.940325087938007,0.129293369273457,False,0.9441363192293498,4.550241819817074,-9.46413709967323,-0.23119084934496437,False,True,False,True,23,38.333333333333336,False,0.44973575506762115,1.2390784650319755,True,-0.3246290235139131,True,-3.0828875778798337,True,2,0,0.4934101011293374,False,0.6945257323305771,False,3,3,True,False,False,55.0,13.924475998629399,8.13145251967699,0.40986476909772296,19.0,False,1,2,2,5,-8.217323858644377,25.860000610351562,121695883.62031288,28.7248322147651,False,0.0,0,,,,0.0,0,,,,False,False,False,False,0,,none,0,0,False,-1,0.625,mixed,4,False
WYFI,24.344999313354492,-45.62207043906168,125.83487863078551,,,0.22603549323907016,False,0.9084887779362517,23.37235857277826,21.059167451357386,-22.566797392440918,False,True,False,False,26,43.333333333333336,True,0.43727981765716606,6.612912843121264,False,-1.6075997237748352,True,-3.2007964905998,True,1,0,0.3317476411716665,False,0.6759272618588533,False,6,2,True,False,False,,,,,,False,1,2,2,2,,,96421748.72521496,,False,0.0,0,,,,0.0,0,,,,False,False,False,False,0,,none,0,0,False,-4,0.25,mixed,4,False
WYNN,97.07499694824219,-26.709526437776322,2.866370798911655,-9.664851985641587,-27.301230318954005,0.11498165674181199,False,0.7372445669342211,5.377287030445431,-14.097504942976357,1.2146733830154854,False,False,False,True,20,33.33333333333333,False,0.4976569056973481,1.4207429531566105,True,-1.2874555686593439,True,0.4501216487386994,True,2,0,0.4152627880742982,False,0.7713006082866616,False,6,3,True,False,False,25.0,13.330213917502196,8.179245625564787,0.32009832962944096,24.0,False,1,2,3,5,-9.06323470890662,106.75,137200780.50075227,24.161073825503358,False,0.0,0,,,,0.0,0,,,,False,False,False,False,0,,none,0,0,False,-1,0.625,mixed,4,False
XEL,82.00499725341797,-0.8054020037780218,18.826997089066854,16.1493939808826,-1.4869843524298183,0.10892911736208213,False,0.9623500060362044,4.97529947967909,10.964115278575859,0.05490259815514875,True,True,False,True,25,41.66666666666667,True,0.5285753236980376,1.0341827929704486,True,1.7392354484129526,True,4.106894437244235,True,2,0,0.4768931879770874,False,0.4798109456160088,False,5,3,True,False,False,45.0,8.795958654983952,4.97529947967909,0.8799740517616471,20.0,True,5,4,5,6,-1.0557432782297926,82.87999725341797,396634705.5425682,47.91946308724832,False,0.0,0,,,,0.0,0,,,,False,True,False,False,1,,power_play,6,6,True,0,0.75,mixed,4,False
XENE,64.56999969482422,-9.005072536770486,113.10231458965627,108.2231513003523,90.58677296703988,0.04515047418681481,True,1.406918237504027,7.023391177858238,54.62165299352808,5.921917100669827,False,True,False,True,24,40.0,True,0.41800113740132133,1.88047397352075,False,2.2402398034819258,True,-5.405804755238497,False,1,2,0.5673955857794539,False,2.8495568306254078,True,2,2,True,True,False,35.0,29.933942634852112,8.231380620298017,0.6280458598440131,11.0,False,6,5,5,6,-11.13405389422506,72.66000366210938,114355629.92176628,89.59731543624162,True,0.0,0,,,,0.0,0,,,,False,True,False,False,1,,power_play,6,6,True,0,0.75,mixed,4,False
XMTR,84.80000305175781,-19.122551944826192,173.81338369998423,169.0355387697045,151.39916043639207,0.168214547492778,False,1.063748810563487,25.819579580789977,37.77417400957164,-7.640362907058917,False,False,False,False,29,48.333333333333336,True,0.42051030166156766,2.676449376455801,False,-1.096101296548639,True,-13.94357391527532,False,0,1,0.4623820106432593,False,1.2715977625138897,True,4,0,False,False,False,25.0,20.64008662757321,25.819579580789977,0.02808885010986744,3.0,False,5,2,1,2,-20.060330328036624,106.08000183105469,87149964.01889038,94.2281879194631,True,0.0,0,,,,0.0,0,,,,False,False,False,False,0,,none,0,0,False,-4,0.25,mixed,4,False
XOM,158.2100067138672,-7.106866715082239,54.25979459850867,47.353678995417916,29.717300662105497,0.1726766038421475,True,0.982500892399359,7.8882564039700815,18.80086241457979,15.405945685432298,False,True,False,True,30,50.0,True,0.4062489200378383,0.8504693642495583,False,3.2822856578512334,True,7.36292484973935,False,1,1,0.6603848306767978,True,0.9186369382320182,False,3,1,False,False,False,45.0,17.552539719651435,11.516339325903164,0.8096071432175389,44.0,False,5,3,4,5,-3.341878181012059,163.67999267578125,2133536790.8832154,72.41610738255034,False,0.0,0,,,,0.0,0,,,,False,False,False,False,0,,none,0,0,False,-1,0.625,mixed,4,False
XP,16.790000915527344,-25.89330189737916,12.38287407700569,3.1753981393304542,-14.460980193981964,0.10056222068051712,False,0.9490877711671108,5.3305563368729665,-15.762814435045625,3.8985214979202043,False,True,False,True,20,33.33333333333333,False,0.3958309098730824,1.3553183557892272,False,0.8299554986606308,True,0.7198610598931454,True,2,0,0.532848661800827,False,1.051181299485385,False,5,2,True,False,False,35.0,14.648211877172029,6.4323994330892145,0.7834648640469658,2.0,False,1,2,2,5,-3.171852550292298,17.34000015258789,90323507.00853634,36.711409395973156,False,0.0,0,,,,0.0,0,,,,False,False,False,False,0,,none,0,0,False,-1,0.625,mixed,4,False
XPEV,12.460000038146973,-55.610971950083595,3.060379494535259,-34.86669845913543,-52.50307679244784,0.11747978569606259,False,0.8222768814308511,9.79133437635402,-35.27272707456118,-4.740060314797101,False,False,False,False,18,30.0,False,0.46835429483049473,1.5571339112175528,True,-3.7214293520994244,True,-7.9083497113214385,False,0,0,0.39005791022724856,False,1.1165022970715306,False,6,3,True,False,False,25.0,18.60303992591151,16.5329086140441,0.2565054602294704,6.0,False,0,2,2,3,-13.831258608048369,14.460000038146973,94006560.47817521,9.53020134228188,False,0.0,0,,,,0.0,0,,,,False,False,False,False,0,,none,0,0,False,-3,0.375,mixed,4,False
XPO,213.17999267578125,-6.651487833859937,79.45954291841069,57.10810585904203,39.471727525729605,0.17637352300103246,True,0.8234529260301938,3.053762073969985,44.75452331853111,3.3199199263010737,False,True,False,True,20,33.33333333333333,False,0.41608658441519386,1.4160896780258416,False,0.4147829462076067,True,-0.8557397265921973,True,2,0,0.4658454087524069,False,0.5619445946715519,False,4,2,True,False,False,25.0,11.175109427085737,7.83376150707997,0.703327394543125,5.0,False,5,3,5,6,-3.3153488299992095,220.49000549316406,211509981.3289215,77.91946308724832,False,0.0,0,,,,0.0,0,,,,False,True,False,False,1,,power_play,6,6,True,0,0.75,mixed,4,False
XRAY,12.859999656677246,-19.70233617139713,33.4024813140682,-19.70233617139713,-37.33871450470954,0.12461303273578388,False,1.1732559180797844,13.141521193632451,1.0212106764780016,10.386266761952246,False,False,False,False,23,38.333333333333336,False,0.5896957918463172,2.8062323935714355,True,2.9349701432566717,True,-8.469754575820943,False,0,1,0.5986043842318993,False,2.4774753336988864,True,3,1,False,False,False,25.0,28.93616888881795,14.774499400690576,0.6960782480441495,5.0,False,1,3,2,2,-8.794331143579925,14.100000381469727,77484814.7182858,16.845637583892618,False,0.0,0,,,,0.0,0,,,,False,False,False,False,0,,none,0,0,False,-4,0.25,mixed,4,False
XYL,119.25499725341797,-21.23685172162404,12.584710481886741,-7.953096154355754,-25.589474487668173,0.2118374485596708,False,1.0830615593005652,6.398052433143874,-14.94124243648124,0.9608825604846771,False,False,False,True,25,41.66666666666667,True,0.4153996694785481,1.0104604591015223,False,1.9726916371136551,True,-2.870990031703191,True,2,0,0.47363832303935033,False,0.9238395797723767,False,4,1,False,False,False,45.0,17.26192090126731,9.861223770137158,0.6570114524823111,5.0,False,1,2,2,3,-5.920641177290909,126.76000213623047,220373582.81090394,25.503355704697988,False,0.0,0,,,,0.0,0,,,,False,False,False,False,0,,none,0,0,False,-3,0.375,mixed,4,False
XYZ,76.72000122070312,-6.221728993751752,56.28437763746605,-3.8234869634138136,-21.45986529672623,0.09906585513696639,False,0.9587554486162515,6.973407702028791,14.798741760699352,-2.6766466590646965,False,True,False,True,23,38.333333333333336,False,0.40862403249084994,1.384231247032668,False,0.8951432272481827,True,-4.02802241976824,True,2,1,0.5524805986810721,False,1.5066004450831039,True,5,2,True,False,False,35.0,22.145578426598927,10.883730893200013,0.6047261264930481,7.0,False,1,4,3,5,-8.75356856573375,84.08000183105469,407871964.77629393,29.664429530201343,False,0.0,0,,,,0.0,0,,,,False,False,False,False,0,,none,0,0,False,-1,0.625,mixed,4,False
YETI,49.334999084472656,-4.685083685660974,54.849335026199995,34.062500291544474,16.426121958232056,0.1642841700177282,True,0.9214014743525469,8.257020056021577,4.0164426882556725,-0.7144285611743073,False,False,False,False,26,43.333333333333336,True,0.3937117532046358,1.4845498260634071,False,0.7896661863686991,True,-3.359451867225216,True,1,0,0.44392382517832,False,0.841928992213331,False,3,4,True,False,False,45.0,22.627327800576428,13.195496994712855,0.6781561706525603,4.0,False,5,3,4,4,-7.282465827237294,53.209999084472656,50625066.97501545,64.36241610738254,False,0.0,0,,,,0.0,0,,,,False,False,False,False,0,,none,0,0,False,-2,0.5,mixed,4,False
YMM,9.194999694824219,-32.99160752836474,23.142676967238373,-20.700127219891705,-38.33650555320412,0.10321466042687787,False,0.8737228197089936,5.43773808150799,-4.371305686708348,10.14184152488722,False,True,False,True,23,38.333333333333336,False,0.3631408528369961,1.2504965345404309,False,2.327429921193908,True,0.6017434292729051,True,2,2,0.54650308216137,False,2.0869472808466387,True,1,2,True,False,False,25.0,21.875430494216918,10.05981752512224,0.8766463606462633,4.0,True,1,6,5,5,-2.6984139638913662,9.449999809265137,54754812.30028944,15.973154362416109,False,0.0,0,,,,0.0,0,,,,False,False,False,False,0,,none,0,0,False,-1,0.625,mixed,4,False
YOU,52.0,-16.3773903993197,83.46820969513551,76.60957259318637,58.97319425987395,0.06946823237920394,False,0.930849762649977,12.596152378962591,48.64178807783095,-3.327757733892567,False,True,False,False,25,41.66666666666667,True,0.4888032782325229,2.536140970558715,True,-1.322315058552764,True,-7.1925733840743185,False,0,1,0.5003593281361802,False,1.8520280435848007,True,4,2,True,False,False,35.0,15.830643012906338,12.596152378962591,0.26852842440733915,13.0,False,4,3,2,3,-11.579665387295545,58.810001373291016,71028338.29670867,84.56375838926175,True,0.0,0,,,,0.0,0,,,,False,False,False,False,0,,none,0,0,False,-3,0.375,mixed,4,False
YPF,51.38999938964844,-8.80212816110465,118.0313960756362,58.61110175751571,40.97472342420329,0.09679974570419113,True,0.8481082401517729,9.184668761941808,41.10379454512927,15.743237890871132,False,True,False,False,25,41.66666666666667,True,0.44595060155699734,1.3369847744996908,True,1.0930438687203592,True,3.442027121514535,True,1,3,0.6368984768003514,True,1.5098217680200523,True,0,2,True,False,False,55.0,27.5874067617083,11.052734720055108,0.6153844858721513,29.0,False,6,6,5,6,-10.610544635108521,57.4900016784668,62440943.23798065,78.59060402684564,False,0.0,0,,,,0.0,0,,,,False,True,False,False,1,,power_play,6,6,True,0,0.75,mixed,4,False
YUM,148.38999938964844,-11.403669160602647,8.90152970073177,3.712171012639276,-13.924207320673142,0.0659579033267909,False,1.2988938006166237,3.6727521872490656,-2.0700664843722127,-9.919259856545338,False,False,False,True,24,40.0,True,0.3873065977185474,1.0515898717081438,False,-1.0620211678294809,True,0.31774014772925074,True,2,0,0.37101362206091976,False,1.0847125424440263,False,6,0,False,False,False,25.0,14.987657277228989,13.700385413218683,0.14705882352941177,13.0,False,2,1,1,4,-12.783590030577663,170.13999938964844,435193996.4113617,37.18120805369127,False,0.0,0,,,,0.0,0,,,,False,False,False,False,0,,none,0,0,False,-2,0.5,mixed,4,False
YUMC,42.9900016784668,-24.90993513357346,6.993532483694498,-10.684130129379,-28.320508462691418,0.11477249103684728,False,1.0982654216103351,4.605729889806808,-11.339252299465086,3.0935273187664425,True,False,False,True,18,30.0,False,0.4541909199960966,0.9563415720659839,True,-0.16204912329656315,True,-2.0059203894312927,True,2,0,0.27263802181124003,False,0.36297572157368085,False,5,3,True,False,False,25.0,10.028007785145308,4.710401132394481,0.6346371220038632,5.0,False,1,3,4,5,-3.6638617849483524,44.625,63957346.22487907,23.08724832214765,False,0.0,0,,,,0.0,0,,,,False,False,False,False,0,,none,0,0,False,-1,0.625,mixed,4,False
Z,30.020000457763672,-66.76262117006631,2.07412653354786,-62.661691681559326,-80.29807001487174,0.13582620947529567,False,0.9345794130730913,15.189871407090838,-55.852940503288714,-10.200418235964415,False,True,False,False,20,33.33333333333333,False,0.46948473940110363,2.2761236182294096,True,-2.4251993392581617,True,-11.45848241087526,False,0,0,0.4716416854834405,False,1.1209345912104252,False,5,3,True,False,False,25.0,15.177015905937488,16.705533712608947,0.1510518135130739,10.0,False,0,2,2,3,-12.884500129628861,34.459999084472656,111773303.51650724,1.74496644295302,False,0.0,0,,,,0.0,0,,,,False,False,False,False,0,,none,0,0,False,-3,0.375,mixed,4,False
ZBH,91.93000030517578,-13.752564189099958,15.825929026507279,-4.101263191355065,-21.73764152466748,0.06831559077576571,False,1.13416378448443,4.829756115819072,6.725851883961287,5.098889930525141,False,True,False,True,34,56.666666666666664,True,0.5530299368948614,1.7251670447207195,True,1.4922543871331,True,0.8889349584925599,True,2,1,0.5218884115573923,False,0.8448139679466584,False,2,0,False,False,False,55.0,17.35408495167925,8.278038273783308,0.7857530827312734,9.0,False,2,3,3,5,-3.718059202916879,95.4800033569336,198257910.8963585,29.194630872483224,False,0.0,0,,,,0.0,0,,,,False,False,False,False,0,,none,0,0,False,-1,0.625,mixed,4,False
ZBRA,259.5299987792969,-23.97175711382513,30.2207700979801,-22.15656762732966,-39.79294596064208,0.07363289439086962,False,0.9134451393177021,5.490688863806091,7.894739346140511,-2.863236060406482,False,True,False,True,24,40.0,True,0.4809659251839129,1.9619304588972182,True,0.8632825863799193,True,-2.943154561265293,True,2,1,0.5628525841405163,False,1.3051466164113559,True,3,1,False,False,False,35.0,23.510725609434292,9.971874158879313,0.7320330247756113,10.0,False,1,3,3,4,-6.3000980268906766,276.9800109863281,175449918.282605,15.302013422818792,False,0.0,0,,,,0.0,0,,,,False,False,False,False,0,,none,0,0,False,-2,0.5,mixed,4,False
ZETA,19.184999465942383,-24.019804095277696,31.85566470410763,20.736306176382445,3.0999278430700272,0.14135722982327428,False,0.9939712609486941,14.855358148584303,-11.793105903713187,-7.31884657564591,False,True,False,False,24,40.0,True,0.5303112065629941,3.3776216309486364,True,-0.8542930293765525,True,-11.508306292033366,False,0,2,0.33362974825920616,False,1.96447738487931,True,2,1,False,False,False,25.0,23.864608647856535,22.256974598012718,0.2540393331607474,7.0,False,1,3,3,4,-17.802059380812864,23.34000015258789,165143357.99708024,52.75167785234899,False,0.0,0,,,,0.0,0,,,,False,False,False,False,0,,none,0,0,False,-2,0.5,mixed,4,False
ZION,69.12999725341797,-5.701814819779349,50.787435643719235,29.323600696814033,11.687222363501615,0.07686450392857441,True,1.1377073087545158,6.900038814670379,18.749847237960758,-0.3172332019375945,False,False,False,True,31,51.66666666666667,True,0.4712535808335471,1.0933799076296944,True,1.6514332049436724,True,-4.344817400721013,True,2,2,0.6488441400825627,True,1.405267893283111,True,8,1,False,False,False,45.0,18.14834772730583,8.08620940255316,0.6836964795869235,6.0,False,4,4,4,5,-5.7403862758274915,73.33999633789062,120917156.44464798,60.13422818791946,False,0.0,0,,,,0.0,0,,,,False,False,False,False,0,,none,0,0,False,-1,0.625,mixed,4,False
ZM,86.7125015258789,-22.495080752042284,24.283367776965783,14.653582804354892,-2.982795528957526,0.26093610224144465,False,0.7470099101842844,9.842875608382888,1.0870864535464264,-0.49629368735756296,False,True,False,False,22,36.666666666666664,False,0.49587206379261606,1.7719915847932108,True,-2.2818234367442884,True,-4.847466104113574,True,1,1,0.4809652777587196,False,1.5292682715048873,True,3,1,False,False,False,25.0,12.897829116096851,12.829753269982413,0.3648419039292449,6.0,False,0,2,2,3,-8.192160584826025,94.44999694824219,270749819.0949871,46.510067114093964,False,0.0,0,,,,0.0,0,,,,False,False,False,False,0,,none,0,0,False,-3,0.375,mixed,4,False
ZS,140.8300018310547,-58.119961212081606,19.296906556884387,-50.46429550548941,-68.10067383880182,0.07476428470829162,False,0.8350362311189514,9.926859011412942,-32.81652270227177,-4.411864466989989,False,True,False,False,23,38.333333333333336,False,0.5823847568816048,3.1512270848004285,True,-0.31206404515441827,True,-6.075763946923763,False,0,1,0.3813923131798892,False,1.8155640822200343,True,5,1,False,False,False,25.0,23.62084036874209,13.455937443624663,0.5644553284271737,7.0,False,0,2,2,3,-10.287931160677932,156.97999572753906,364165338.61846924,3.48993288590604,False,0.0,0,,,,0.0,0,,,,False,False,False,False,0,,none,0,0,False,-3,0.375,mixed,4,False
ZSL,30.729999542236328,-87.63380300111214,99.67510628139216,-85.91013357072025,-103.54651190403267,0.36445075074725813,False,1.1012949120293334,16.531077121312464,36.57777574327257,5.601371613055206,False,True,False,False,25,41.66666666666667,True,0.30999335192367256,1.3804991105647928,False,2.110321283234883,True,-8.677568651510814,False,0,0,0.5601476537774188,False,0.9152346852768142,False,6,2,True,False,False,25.0,31.216331403415964,22.583796412099034,0.587647518515227,5.0,False,2,2,2,3,-12.872131717049617,35.27000045776367,64466865.0393486,0.1342281879194631,False,0.0,0,,,,0.0,0,,,,False,False,False,False,0,,none,0,0,False,-3,0.375,mixed,4,False
ZTS,74.91999816894531,-51.28929728193883,4.985048052462204,-50.033445319777044,-67.66982365308947,0.11319209143562677,False,0.8329900731931307,3.937529391805264,-38.91946847032048,0.8586308064190584,False,True,False,True,17,28.333333333333332,False,0.34816942786216015,1.062940380985703,False,-0.8035516715215711,True,-1.4599508459466337,True,2,0,0.4811531059837392,False,0.5361593569145598,False,5,2,True,False,False,25.0,10.561883574963742,6.1901756980352145,0.4706462404982388,20.0,False,1,2,2,5,-5.590972777826964,79.35681615767088,456958360.10203856,3.825503355704698,False,0.0,0,,,,0.0,0,,,,False,False,False,False,0,,none,0,0,False,-1,0.625,mixed,4,False
ZWS,48.18000030517578,-8.533020807888313,28.50443265631457,28.50443265631457,10.868054323002152,0.07203646486585702,False,0.8963790630190418,3.7775003804404372,3.4169666868122173,-1.9934897178156108,False,False,False,True,22,36.666666666666664,False,0.479585899306072,1.1778872130488018,True,-0.04194428831583419,True,0.9428048758752805,True,2,0,0.44116431122488653,False,0.34298884978856437,False,4,2,True,False,False,45.0,12.12818963884019,4.25487593207907,0.3781644786479553,20.0,False,2,2,3,5,-7.541739127124658,52.11000061035156,53189208.827377126,59.395973154362416,False,0.0,0,,,,0.0,0,,,,False,False,False,False,0,,none,0,0,False,-1,0.625,mixed,4,False
