ticker,price,pct_from_hi,pct_above_lo,ret_1y,rs_vs_spy,vol_ratio,all_pass,atr_ratio,range5_pct,ret_6m,ret_15d,contracting_pbs,vol_dry_up,atr_compression,tight_range,hh_hl_count,hh_hl_pct,hh_hl_orderly,candle_quality,abr21_pct,candle_orderly,atr50ma_ext,not_extended_50ma,ret_5d,compression_1w,tightness_score,support_score,avg_close_in_range,close_in_upper_range,up_down_vol_ratio,accumulation_support,distribution_days,quiet_pullback_weeks,quiet_pullback,recent_expansion,post_expansion_tight,base_length,base_depth_pct,base_tightness_pct,base_close_position,pivot_age,breakout_ready,leadership_score,entry_score,sepa_vcp_score,power_play_score,pct_to_pivot,pivot,adv_usd,rs_pct_rank,rs_top_20,qm_breakout_vendor_score,qm_breakout_score,qm_breakout_entry_price,qm_breakout_stop_price,qm_breakout_stop_loss_pct,qm_episodic_pivot_vendor_score,qm_episodic_pivot_score,qm_episodic_pivot_entry_price,qm_episodic_pivot_stop_price,qm_episodic_pivot_stop_loss_pct,sepa_vcp_qualifies,power_play_qualifies,qm_breakout_qualifies,qm_episodic_pivot_qualifies,qualified_count,also_fits,primary_setup,primary_setup_score,setup_score,primary_setup_valid,best_family_excess,best_family_pct,market_regime,regime_score,regime_eligible
A,149.05999755859375,-4.608774535508564,35.783274859637416,24.91156814091353,2.872959470823865,0.07616212805796393,False,0.8625638458361033,6.299476414493658,19.865057274828366,6.669523185245341,True,True,False,True,27,45.0,True,0.336264469044221,0.9786712077225564,False,4.137409471520059,False,5.462007514311451,False,1,1,0.7739044418664827,True,1.1114077400785096,False,4,1,False,False,False,45.0,17.823138782123323,9.700796290556175,0.9559328313156545,2.0,True,4,2,5,5,-0.7854152631963318,150.24000549316406,252243989.93858337,53.99728997289973,False,0.0,0,,,,0.0,0,,,,False,False,False,False,0,,none,0,0,False,-1,0.625,risk_on,7,False
AA,50.7400016784668,-39.32632780692642,74.36307608007795,61.17458157117379,39.13597290108412,0.14960966335640766,False,0.7146240071555148,12.700675757305541,-15.711089992180838,12.30056819016514,True,False,False,False,23,38.333333333333336,False,0.5349503765796056,2.0006740680951216,True,-1.355081578135111,True,7.0734369679508635,False,0,2,0.6280135786354166,True,0.9568629917534862,False,2,0,False,False,False,35.0,23.085279894398955,22.309547013624726,0.6555663037842172,32.0,False,2,3,3,3,-7.95134828220373,55.12302541271982,254989971.10964298,78.86178861788618,False,0.0,0,,,,0.0,0,,,,False,False,False,False,0,,none,0,0,False,-3,0.375,risk_on,7,False
AAL,15.104999542236328,-16.77686027709415,48.379165907849206,15.217390829930189,-6.821217840159477,0.05619856281700664,False,0.911421113778789,9.003645492002521,7.508892079568619,11.393798486794605,False,True,False,False,27,45.0,True,0.45572135367082495,1.7995296666244665,True,-0.9326570987010436,True,-5.770437334914103,False,0,0,0.2815085549871584,False,0.4655056145715165,False,5,2,True,False,False,25.0,22.209234688372018,14.498514402029455,0.472368166453303,6.0,False,1,2,3,2,-11.718299220294636,17.110000610351562,1116484057.280365,45.25745257452575,False,0.0,0,,,,0.0,0,,,,False,False,False,False,0,,none,0,0,False,-3,0.375,risk_on,7,False
AAOI,141.3300018310547,-36.65172659588395,625.1411159095485,513.944391922851,491.9057832527613,0.2626146606731341,False,0.9081846771633639,15.460274407719199,221.27755498640056,26.164975956373105,False,False,False,False,20,33.33333333333333,False,0.4723029907627744,5.578011470719108,True,0.410578018233252,True,13.773949800525308,False,0,0,0.4834982780104049,False,0.9551090600977309,False,4,2,True,True,True,,,,,,False,7,2,2,4,,,1313656655.8120093,99.11924119241192,True,0.0,0,,,,0.0,0,,,,False,False,False,False,0,,none,0,0,False,-2,0.5,risk_on,7,False
AAON,89.68000030517578,-39.46545089483939,22.26901324239614,2.006655382865885,-20.03195328722378,0.1875783055323611,False,0.8784856249718591,15.020072674916928,-11.568260068017256,-16.716196089325987,False,False,False,False,19,31.666666666666664,False,0.5512201313453159,3.457308707079991,True,-3.7342684156389065,True,-0.664597344078266,True,1,0,0.3967247265379187,False,0.30130668285865336,False,5,1,False,False,False,25.0,29.018081291671876,15.109280782390663,0.16540480229779436,22.0,False,0,1,1,1,-24.218351292561568,118.33999633789062,116277373.93104553,31.43631436314363,False,0.0,0,,,,0.0,0,,,,False,False,False,False,0,,none,0,0,False,-5,0.125,risk_on,7,False
AAP,55.60499954223633,-11.607008364775528,45.65154722800744,-8.232041809348633,-30.2706504794383,0.1810449284488936,False,0.9072984374548222,10.952252859856713,-3.6292839432419344,4.090231089826624,False,True,False,False,26,43.333333333333336,True,0.44081866075334586,2.0492333381839463,True,-0.6134786725895571,True,-3.996890020535615,True,1,1,0.5288167890260642,False,1.2904185149978875,True,4,3,True,False,False,25.0,15.494360221844774,14.94469495010365,0.4994647579566456,6.0,False,2,3,2,4,-7.755473343947994,60.279998779296875,75698289.16038895,22.15447154471545,False,0.0,0,,,,0.0,0,,,,False,False,False,False,0,,none,0,0,False,-2,0.5,risk_on,7,False
AAPL,304.54998779296875,-10.370304373809624,35.91596753105251,31.005440283301166,8.9668316132115,0.18640090604964502,False,1.0230121964141974,4.586677553851938,16.56801685673006,-5.237633430135746,False,True,False,True,33,55.00000000000001,True,0.40204624502934816,0.9803935688869191,False,-0.5079250103379669,True,-2.431857711451546,True,2,2,0.6046222757020189,True,1.7199023924558574,True,6,2,True,False,False,35.0,20.553154655231253,5.344267704913616,0.43861389137892454,11.0,False,2,4,3,6,-11.53825551178742,344.2730974331505,16871211827.982056,60.43360433604336,False,0.0,0,,,,0.0,0,,,,False,True,False,False,1,,power_play,6,6,True,0,0.75,risk_on,7,False
ABBV,252.50999450683594,-4.097984727069914,29.222010407261266,29.222010407261266,7.1834017371716,0.13662399058831184,False,1.0536956263074153,5.284939808725809,12.710807960708514,-1.7164948974046634,False,True,False,True,27,45.0,True,0.41628295346799715,1.0288975258274535,False,1.4245143882856521,True,3.542871022528482,True,2,0,0.519577277409493,False,0.6796030283697252,False,6,1,False,False,False,45.0,20.047911883018806,5.940364969744983,0.72101068924463,11.0,False,4,2,3,6,-5.593153118327809,267.4700012207031,1323008379.642395,58.06233062330624,False,0.0,0,,,,0.0,0,,,,False,True,False,False,1,,power_play,6,6,True,0,0.75,risk_on,7,False
ABCL,10.529999732971191,0.0,278.7769727100774,129.91266175503563,107.87405308494596,0.8965538196521281,True,1.200809395201313,41.547963796602005,258.16324925267133,85.71427850586318,False,False,False,False,28,46.666666666666664,True,0.4583449214518368,4.2844544945795695,True,5.259720075702009,False,61.25573345548543,False,0,2,0.6770155817096933,True,5.2018483665563355,True,4,3,True,True,False,,,,,,False,12,3,4,5,,,65485592.5501378,91.869918699187,True,0.0,0,,,,0.0,0,,,,False,False,False,False,0,,none,0,0,False,-1,0.625,risk_on,7,False
ABG,209.8699951171875,-18.96911385436776,19.054910693495874,-13.697671914565834,-35.7362805846555,0.0452472021532795,False,1.176796147262213,5.808358853107887,-10.334957999540528,-5.523545649668671,False,True,False,True,29,48.333333333333336,True,0.49043113140228634,1.8709589157407402,True,-0.04362331227046672,True,-2.8334692440990072,True,2,0,0.3346357781946383,False,0.8315453587655568,False,3,2,True,True,False,25.0,20.22082976349677,15.4238391047285,0.08979039919589898,11.0,False,1,2,2,4,-18.405193386960082,257.2099914550781,60178965.420000456,18.224932249322492,False,0.0,0,,,,0.0,0,,,,False,False,False,False,0,,none,0,0,False,-2,0.5,risk_on,7,False
ABNB,183.88499450683594,-0.5919565607061528,64.86013358211973,47.63949418003703,25.600885509947368,0.13876158415721368,True,1.364082651086777,12.872174933265356,58.57622969872773,33.66648594665269,False,False,False,False,28,46.666666666666664,True,0.4685628147690187,1.6326581747458724,True,5.354927811144362,False,21.264175182652156,False,0,1,0.5915421693976521,False,1.6281661027946424,True,5,2,True,True,True,25.0,27.469001302770522,20.920685412029638,0.9370622374612222,2.0,True,8,3,4,3,-1.7288374811711527,187.1199951171875,781816947.1091111,72.49322493224932,False,0.0,0,,,,0.0,0,,,,False,False,False,False,0,,none,0,0,False,-2,0.5,risk_on,7,False
ABT,112.28500366210938,-15.912508081698917,36.974146251117986,-11.220761431109194,-33.25937010119886,0.0962977992918011,False,1.0323168140870274,5.75321625665368,2.086041711955633,11.44913514849566,False,True,False,True,28,46.666666666666664,True,0.35294521133777446,0.9529916618244146,False,5.448834306410032,False,4.006117649419982,True,2,3,0.7212348816807236,True,1.5394041004017427,True,1,0,False,False,False,25.0,22.076999699084254,8.53186224215929,0.9925494343555635,0.0,True,2,4,5,4,-0.16448613549022717,112.47000122070312,1004764462.4079129,19.91869918699187,False,0.0,0,,,,0.0,0,,,,False,False,False,False,0,,none,0,0,False,-1,0.625,risk_on,7,False
ABVX,123.56999969482422,-14.961116391873352,79.190837203256,76.80641118037619,54.76780251028652,0.1283396810471879,True,0.6837926871632666,8.254434411934332,-0.7788672021618592,-5.786828114795051,False,True,False,False,19,31.666666666666664,False,0.5457054536352578,2.270483090986336,True,0.8060518692401503,True,-4.946154080904453,True,1,0,0.3948460348911927,False,0.7890884823391804,False,4,4,True,False,False,25.0,16.184396946683844,11.321522641186863,0.23619629543075488,24.0,False,3,2,3,4,-12.361702344096305,141.0,111591803.1254631,84.7560975609756,True,0.0,0,,,,0.0,0,,,,False,False,False,False,0,,none,0,0,False,-2,0.5,risk_on,7,False
ACA,145.30999755859375,-0.013691237398072431,63.28297150908953,45.232723006420386,23.19411433633072,0.0451064121927777,True,0.29406495801873744,0.4817266258365504,14.759894779926764,0.13782437282128246,True,True,True,True,23,38.333333333333336,False,0.4302005829015081,0.1606032160349177,False,9.04567548696532,False,0.2898738151111635,True,3,1,0.2547381259189427,False,0.5535420582804811,False,2,2,True,False,False,55.0,17.80560268681181,0.8808745446305148,0.9403707744666189,37.0,True,6,4,6,5,-1.0617342983696765,146.86935992673187,104040385.05854034,70.9349593495935,False,0.0,0,,,,0.0,0,,,,True,False,False,False,1,,sepa_vcp,6,6,True,0,0.75,risk_on,7,True
ACGL,97.87999725341797,-8.076639587141432,15.5335172841085,8.816009532205715,-13.22259913788395,0.05935817690252434,False,1.0915645572935055,2.431553892109851,-1.972960691845882,-2.217783471072743,False,True,False,True,26,43.333333333333336,True,0.3742084587027465,0.8871930887378386,False,0.10082855345895034,True,-1.4200862615652121,True,2,1,0.4583384521124853,False,1.6745432023416753,True,4,2,True,False,False,55.0,18.713226231610445,5.118514790370531,0.5404190533913127,12.0,False,2,3,3,5,-8.600242225626042,107.08999633789062,183137531.7364273,38.61788617886179,False,0.0,0,,,,0.0,0,,,,False,False,False,False,0,,none,0,0,False,-1,0.625,risk_on,7,False
ACHC,31.55500030517578,-11.387251434073331,170.16266678685574,51.925852718894646,29.88724404880498,0.011326322409846495,True,1.1918476508688485,6.559967572353521,98.58401273374248,-7.218459681025791,False,True,False,True,27,45.0,True,0.5150599317655784,3.2320153740781024,True,1.133264396621967,True,2.7181022476725714,True,2,0,0.5581742386928493,False,1.1886129751005687,False,3,1,False,False,False,35.0,29.946974326652203,15.053081774874475,0.6015842545814135,16.0,False,6,1,3,6,-11.93134609938441,35.83000183105469,79546342.01225623,74.05149051490515,False,0.0,0,,,,0.0,0,,,,False,True,False,False,1,,power_play,6,6,True,0,0.75,risk_on,7,False
ACHR,6.5,-52.346042255182404,46.39639450971422,-36.27450861228697,-58.31311728237664,0.25407262307856354,False,1.1412958435448601,27.38461127647987,-3.8461571017556317,27.20156223419945,True,False,False,False,21,35.0,False,0.5339685194026328,4.321888239567145,True,2.7622145808348013,True,24.28298233833466,False,0,1,0.5742633238143147,False,1.1990032992163873,False,2,2,True,True,True,55.0,39.35119748671178,38.61538080068735,0.7885304083674497,53.0,False,1,3,3,3,-8.321581662766775,7.090000152587891,233037145.8667636,5.894308943089431,False,0.0,0,,,,0.0,0,,,,False,False,False,False,0,,none,0,0,False,-3,0.375,risk_on,7,False
ACI,12.289999961853027,-35.08858768934595,11.42339310413043,-32.91354712293996,-54.952155793029625,0.06468010235549812,False,0.8939617065494778,4.475184641513513,-29.71301615559021,9.050581212479747,False,True,False,True,26,43.333333333333336,True,0.4653627372218116,2.014839884351365,True,-2.674461291824803,True,1.7384109227920108,True,2,1,0.6180060116656452,True,0.6526176283758703,False,4,0,False,False,False,25.0,28.80490767106841,9.031730350875328,0.3261687084010666,19.0,False,1,2,3,3,-19.40964814038405,15.24996439184376,126385962.13369103,7.249322493224933,False,0.0,0,,,,0.0,0,,,,False,False,False,False,0,,none,0,0,False,-3,0.375,risk_on,7,False
ACIW,53.119998931884766,-11.731474472398462,38.08161488515254,12.328183344236688,-9.710425325852977,0.05819507158108439,False,1.1329545575053555,7.228916095257991,35.26864861898149,-2.585732402303731,False,True,False,True,29,48.333333333333336,True,0.43270449800729277,1.4767942756584487,False,0.5774545892268375,True,-3.8029739992671785,True,2,0,0.5505935227379707,False,1.0681176734405349,False,6,2,True,False,False,55.0,33.36607802417174,15.493222341343744,0.6094208791959562,11.0,False,3,2,2,5,-13.032093419360125,61.08000183105469,61035241.27242069,42.61517615176152,False,0.0,0,,,,0.0,0,,,,False,False,False,False,0,,none,0,0,False,-1,0.625,risk_on,7,False
ACLS,142.52000427246094,-25.61586652796778,92.28278331254258,67.72978960218683,45.69118093209716,0.03330372694450532,False,0.8090531410084383,8.405834527366732,57.4110921485745,0.7137374071314762,False,True,False,False,26,43.333333333333336,True,0.42116987035390513,2.7196539537162128,False,-0.8418695076167085,True,4.288014381179406,True,1,0,0.5496926585863154,False,0.9855303899082569,False,5,3,True,False,False,25.0,25.461698141711715,13.584058398805762,0.8043990378852655,21.0,False,4,3,4,4,-4.980332653593756,149.99000549316406,55392945.04337768,82.11382113821138,True,0.0,0,,,,0.0,0,,,,False,False,False,False,0,,none,0,0,False,-2,0.5,risk_on,7,False
ACM,60.790000915527344,-54.24197943496401,0.0,-49.517573696037374,-71.55618236612705,0.17602248091430875,False,1.2916821412210393,27.143443784892497,-30.65719418380989,-10.140429350511294,False,False,False,False,27,45.0,True,0.4635438113645142,1.7075912626345806,True,-2.9288839980377737,True,-18.87094532504856,False,0,0,0.44806723639863355,False,0.47890337003271866,False,3,0,False,False,False,25.0,21.471047564039015,27.143443784892497,0.026696292480858315,3.0,False,1,1,1,2,-20.897850198399006,76.8499984741211,134328798.5264454,2.5067750677506777,False,0.0,0,,,,0.0,0,,,,False,False,False,False,0,,none,0,0,False,-4,0.25,risk_on,7,False
ACMR,82.86000061035156,-34.699345095031035,231.17505633234398,225.45170302415903,203.41309435406936,0.048859957223868294,False,0.821331553236144,16.968386536834988,29.26677470016539,-6.288167466335148,False,True,False,False,27,45.0,True,0.5442378535543708,4.6671280811843125,True,-1.0615705509202709,True,4.912632424036678,True,1,0,0.4097160685976563,False,0.43865663255367926,False,4,2,True,False,False,25.0,39.62997625039575,22.38716258160441,0.46346964468847446,24.0,False,5,2,2,4,-21.262685238612143,105.23600006103516,76772459.77807006,96.27371273712737,True,0.0,0,,,,0.0,0,,,,False,False,False,False,0,,none,0,0,False,-2,0.5,risk_on,7,False
ACN,185.60000610351562,-34.35066785550055,50.94157602423508,-22.89784353249914,-44.93645220258881,0.11225689116066317,False,1.1400523785283865,8.205816393693844,-14.69282920754651,33.77540633920504,False,True,False,False,26,43.333333333333336,True,0.5373838259684246,2.571113937197869,True,3.7856984141070495,True,8.468239986837723,False,0,3,0.7932197231449709,True,1.6038937346976598,True,2,1,False,False,False,25.0,30.053818848611876,15.107762727811,0.9964183925258162,0.0,True,2,5,4,4,-0.10764098221595075,185.8000030517578,1066123693.4322662,12.601626016260163,False,0.0,0,,,,0.0,0,,,,False,False,False,False,0,,none,0,0,False,-2,0.5,risk_on,7,False
ADBE,263.5,-28.291513055180374,36.23907502754567,-24.94374497886014,-46.982353648949804,0.08820105500990522,False,1.1401170698262617,6.842504280568074,0.3809523809523707,24.19286528446023,True,True,False,True,26,43.333333333333336,True,0.5378236455667678,2.456445210224884,True,2.804112879748355,True,1.2526936243307585,True,2,3,0.6534273459371158,True,2.0160244556498497,True,2,2,True,False,False,25.0,22.79134437342708,12.106265334069615,0.8453011263805221,3.0,False,2,6,5,5,-3.5257953028427935,273.1300048828125,1266952180.3891175,10.975609756097562,False,0.0,0,,,,0.0,0,,,,False,False,False,False,0,,none,0,0,False,-1,0.625,risk_on,7,False
ADC,74.7300033569336,-7.562449540431593,10.226063894134473,7.869604681194198,-14.169003988895469,0.033449339616791716,False,1.0422928834814005,4.402516750619269,-0.36785023153387275,-6.045177878484276,False,True,False,True,22,36.666666666666664,False,0.44178969877542734,0.8640121950733213,True,-1.161398201094502,True,-2.121801112722488,True,2,0,0.38592998844395787,False,0.25642730915131234,False,8,1,False,False,False,55.0,13.23616364757341,6.744280328015967,0.37059701235960596,11.0,False,1,1,2,5,-8.330880944679874,81.5214590551872,96915257.7959793,37.46612466124661,False,0.0,0,,,,0.0,0,,,,False,False,False,False,0,,none,0,0,False,-1,0.625,risk_on,7,False
ADI,387.67498779296875,-12.975896059931946,73.77057948427075,65.33224980196249,43.293641131872825,0.06749676713738861,False,0.7906597514727784,3.2630488972422516,17.682903725909703,1.9660640047184152,False,True,False,True,23,38.333333333333336,False,0.41285098322732305,1.2373193887309397,False,-0.3890561446201971,True,2.747075429074841,True,2,0,0.3898368330667465,False,0.6418953352193053,False,5,1,False,False,False,25.0,11.96935066082449,11.130463860904547,0.7286276695727093,21.0,False,2,2,3,5,-3.2481505825293744,400.69000244140625,1381129744.5251465,80.82655826558266,True,0.0,0,,,,0.0,0,,,,False,False,False,False,0,,none,0,0,False,-1,0.625,risk_on,7,False
ADM,79.93000030517578,-8.463123471685574,45.97595766989344,37.82649907219635,15.787890402106683,0.07774439509021881,False,1.1990379056391403,6.593274430551559,16.63801349701228,-7.4348561463719935,False,True,False,True,23,38.333333333333336,False,0.46196963871680313,1.5127346984479741,True,-0.06377427757126486,True,3.122175335116051,True,2,0,0.4176841595772163,False,0.5660965280008776,False,5,1,False,False,False,45.0,19.03684887200789,8.970356275446626,0.4934678958270284,15.0,False,2,1,2,5,-9.642775115961022,88.45999908447266,325085248.91499406,65.85365853658537,False,0.0,0,,,,0.0,0,,,,False,False,False,False,0,,none,0,0,False,-1,0.625,risk_on,7,False
ADP,272.5400085449219,-9.357070533192802,45.45673241755406,-8.144342281930273,-30.182950952019937,0.06562000917126548,False,1.1931335002771164,3.4416983153746488,31.871156673460852,12.211793093639,True,True,False,True,25,41.66666666666667,True,0.46585883950166457,1.3085815010375006,True,3.4216284906092107,True,-0.35464925818778914,True,2,2,0.6793789724431811,True,1.4553113992546838,True,4,2,True,False,False,25.0,14.391100948373534,6.079843987928682,0.8006441341881986,11.0,True,4,6,7,6,-2.8689503895480417,280.5899963378906,632662481.4290574,22.22222222222222,False,0.0,0,,,,0.0,0,,,,True,True,False,False,2,power_play,sepa_vcp,7,7,True,1,0.875,risk_on,7,False
ADPT,25.100000381469727,-1.375247037239391,106.58437176565072,106.58437176565072,84.54576309556106,0.041543511545677855,True,0.9935737703666141,7.470119408381498,60.485932419980834,14.350795029805896,True,True,False,True,24,40.0,True,0.40720405132503956,2.2934960543188168,False,3.397536966764504,True,6.355932100652728,False,1,3,0.6027706272806793,True,1.9009559556817965,True,2,2,True,False,False,25.0,24.40833726094242,17.235060350105616,0.8347430801107242,3.0,False,9,5,5,5,-4.033646635361987,26.155000686645508,61770044.38581085,89.56639566395664,True,0.0,0,,,,0.0,0,,,,False,False,False,False,0,,none,0,0,False,-1,0.625,risk_on,7,False
ADSK,250.0449981689453,-23.484503310763515,33.20104226665035,-12.879345785488683,-34.91795445557835,0.09239913049061242,False,1.1349557964510786,4.915118732596287,11.881959829560929,21.818671373207053,False,True,False,True,26,43.333333333333336,True,0.44739510425411894,1.7588179115143816,True,3.4075688522740855,True,3.1240965521945885,True,2,2,0.6928736726034808,True,2.9964466120884863,True,3,1,False,False,False,25.0,21.504916628503388,11.717892085952059,0.8690581938150198,3.0,True,2,5,5,5,-2.81589262519365,257.2900085449219,476379821.45670015,18.902439024390244,False,0.0,0,,,,0.0,0,,,,False,False,False,False,0,,none,0,0,False,-1,0.625,risk_on,7,False
ADT,7.375,-14.687236095199063,17.063488519351043,-13.45355140742306,-35.49216007751272,0.06703769008342843,False,1.1505575516670428,6.169490490929555,-1.8466715976566017,8.137827190163005,False,True,False,True,24,40.0,True,0.4911769772932873,1.318991692489098,True,2.053900103032312,True,-3.594772443649541,True,2,1,0.4174973885026951,False,1.3318380707569182,True,4,1,False,False,False,35.0,21.657254845240153,9.288134817349707,0.6579710016729379,8.0,False,2,3,3,4,-7.407409181231406,7.965000152587891,56955280.58147202,18.428184281842817,False,0.0,0,,,,0.0,0,,,,False,False,False,False,0,,none,0,0,False,-2,0.5,risk_on,7,False
ADVB,7.980000019073486,-57.955741772724835,115.09433792510802,-0.7462679485599422,-22.78487661864961,0.0013120175785607553,False,1.2791312978493186,30.375937100040133,67.64705116302181,-52.44338681449262,True,True,False,False,19,31.666666666666664,False,0.44198409593027704,11.2054844773121,True,0.6515202997000783,True,7.258063947579707,False,0,1,0.3714802570917196,False,8.814899149766278,True,4,2,True,False,False,,,,,,False,2,3,3,2,,,58882722.04547455,29.200542005420054,False,0.0,0,,,,0.0,0,,,,False,False,False,False,0,,none,0,0,False,-3,0.375,risk_on,7,False
AEE,109.30999755859375,-7.614944353845021,13.962232334536795,10.883268989603767,-11.155339680485898,0.08013897775759123,False,0.9668751998819157,3.0189398275202617,6.2998920194878405,-1.005253241041748,False,True,False,True,25,41.66666666666667,True,0.4877407086818944,1.0094688946978256,True,-0.5478397675425757,True,0.9605624344442454,True,2,0,0.5758094514153723,False,0.52386834029195,False,7,1,False,False,False,55.0,11.828408248265308,3.9429194806064984,0.3562156298619644,30.0,False,2,1,2,5,-7.614944353845021,118.31999969482422,159741025.7963562,40.514905149051486,False,0.0,0,,,,0.0,0,,,,False,False,False,False,0,,none,0,0,False,-1,0.625,risk_on,7,False
AEHR,122.1698989868164,-5.463202796669398,602.9338601039823,506.0014876562565,483.9628789861668,0.38335807686216083,True,0.9950161048245957,30.817745997593338,338.0419564733321,38.0294837173071,True,True,False,False,21,35.0,False,0.46392172429215595,6.264985407793759,True,2.338679542907078,True,22.48837136900974,False,0,2,0.6322708181235047,True,1.5470679496907853,True,3,1,False,False,False,,,,,,False,9,3,5,6,,,249903380.48636055,99.05149051490515,True,0.0,0,,,,0.0,0,,,,False,True,False,False,1,,power_play,6,6,True,0,0.75,risk_on,7,False
AEIS,337.1099853515625,-13.323695675577108,132.34983495711913,107.7939520827984,85.75534341270873,0.029494463294668455,True,1.056863568883331,9.673396448804228,7.785893015981671,6.971495107542647,False,True,False,False,27,45.0,True,0.46846452372420205,2.787618463884027,True,0.691888857305022,True,4.075200376714161,True,1,0,0.40770948824507663,False,0.9625812415654521,False,5,2,True,True,True,25.0,29.05700431887819,21.927565672860528,0.8667319345462398,6.0,False,5,2,3,4,-3.872370753458454,350.69000244140625,219612342.90397948,89.70189701897019,True,0.0,0,,,,0.0,0,,,,False,False,False,False,0,,none,0,0,False,-2,0.5,risk_on,7,False
AEM,180.2926025390625,-28.33312963644199,39.73861637002292,36.12205812958975,14.083449459500088,0.20806291579515265,False,1.0587451441555311,7.399089817780748,-11.768179525021793,24.761337895237332,False,True,False,True,26,43.333333333333336,True,0.4091931523249127,1.2836224044982525,False,3.30860711988681,True,7.368154183558917,False,1,1,0.5647308725753113,False,2.819394735108901,True,3,1,False,True,True,65.0,32.00192019909006,25.070364269237356,0.725968577813994,64.0,False,3,2,2,3,-8.769531704839718,197.62323476818864,447256760.8203827,64.90514905149053,False,0.0,0,,,,0.0,0,,,,False,False,False,False,0,,none,0,0,False,-3,0.375,risk_on,7,False
AEO,16.225000381469727,-41.35173153450311,36.867762323403056,23.302465825224374,1.2638571551347084,0.13341325478928123,False,0.9064693943859676,15.77811652236453,-32.93205392984516,-5.005852143182032,False,False,False,False,25,41.66666666666667,True,0.41787511673120453,1.5862476168508437,False,-1.5286317790121076,True,-8.436788881577861,False,0,1,0.4903263801137414,False,1.2828667976275114,True,5,2,True,False,False,35.0,14.782121590981307,15.77811652236453,0.18095298850018465,3.0,False,1,3,2,3,-12.107252512720134,18.459999084472656,68797790.63989381,52.98102981029811,False,0.0,0,,,,0.0,0,,,,False,False,False,False,0,,none,0,0,False,-3,0.375,risk_on,7,False
AER,149.88999938964844,-3.1869148074227804,34.040099220220554,32.83825461797676,10.799645947887093,0.12892999938048333,True,1.0063411416419132,4.917064584624822,2.271810135238117,1.1594649146293712,False,True,False,True,26,43.333333333333336,True,0.36777576789113525,0.9921667808013689,False,0.76436079729463,True,-3.1869148074227804,True,2,0,0.2965222215450114,False,0.607222512579196,False,4,2,True,False,False,55.0,16.755872312373793,6.3941910046497545,0.6799184954189068,6.0,False,5,3,5,5,-5.363244820313284,158.3845505956459,153510289.15084228,61.99186991869918,False,0.0,0,,,,0.0,0,,,,False,False,False,False,0,,none,0,0,False,-1,0.625,risk_on,7,False
AES,14.71500015258789,-12.759817194628464,23.481408679809434,18.371844711884645,-3.6667639582050207,0.048900332613431616,False,0.7925751890721799,0.40775004413538585,-6.943797290876786,0.41464703980149675,False,True,False,True,23,38.333333333333336,False,0.3695542836467135,0.10487126723742723,False,3.0372406292398937,True,0.10204315317949852,True,2,2,0.4109114021632598,False,1.5078926146981189,True,0,2,True,False,False,,,,,,False,1,4,3,6,,,97232371.54617557,48.3739837398374,False,0.0,0,,,,0.0,0,,,,False,True,False,False,1,,power_play,6,6,True,0,0.75,risk_on,7,False
AFG,145.19000244140625,-1.0495422415144118,18.450818279313562,14.284060238081286,-7.754548432008379,0.021924113894916816,False,1.0088901744656769,3.06494722323464,15.366462248023094,2.854915468083563,False,True,False,True,27,45.0,True,0.41869642160696524,0.727810665138273,False,2.2552678367581063,True,-1.0495422415144118,True,2,1,0.5799066970840363,False,1.7896568170276528,True,3,1,False,False,False,55.0,14.417360208440739,5.813074109432809,0.8660101330179808,5.0,True,4,4,4,6,-1.9317801765608267,148.0500030517578,52833999.43923493,44.105691056910565,False,0.0,0,,,,0.0,0,,,,False,True,False,False,1,,power_play,6,6,True,0,0.75,risk_on,7,False
AFL,121.44999694824219,-6.2524167600980345,17.79754682762644,17.351772440963042,-4.686836229126623,0.06775086472444745,False,0.9740847302014453,5.969534937979208,5.909143922442062,-2.3242717345711816,False,True,False,True,26,43.333333333333336,True,0.3970563098844612,0.6790830464516524,False,0.11011388713179582,True,-4.113379569896358,True,2,0,0.506170118096531,False,1.081896661483391,False,4,1,False,False,False,55.0,15.112885978108057,7.048172419169562,0.5543697085129388,11.0,False,2,1,2,5,-6.734759783635013,130.22000122070312,254142937.74789125,47.764227642276424,False,0.0,0,,,,0.0,0,,,,False,False,False,False,0,,none,0,0,False,-1,0.625,risk_on,7,False
AFRM,76.19999694824219,-17.335651230233662,79.16764433422811,-0.8909477387729514,-22.929556408862616,0.1831265655890026,False,0.8578163135304324,7.322827329573638,34.77183536322812,3.091383351704513,False,True,False,True,25,41.66666666666667,True,0.4421812137655675,1.9825773561282494,True,0.30778035439007384,True,-0.4962194747015536,True,2,0,0.4887217435505792,False,0.4228556183709219,False,6,1,False,False,False,65.0,31.16359689023077,14.645674683805638,0.6081329054479794,20.0,False,3,2,3,5,-12.211988169165123,86.80000305175781,231177273.13480416,29.065040650406505,False,0.0,0,,,,0.0,0,,,,False,False,False,False,0,,none,0,0,False,-1,0.625,risk_on,7,False
AG,18.6200008392334,-41.7780234148862,122.98624415609333,108.51959260019508,86.48098393010542,0.17539981428458026,False,0.9065698254847121,9.881847849925474,-13.656095712869176,13.191489213683095,False,True,False,False,23,38.333333333333336,False,0.37411740400746907,1.6332360415991005,False,1.6008727126869304,True,7.754630204520074,False,0,0,0.5481471943607382,False,1.1583772114380344,False,4,1,False,False,False,45.0,29.450001716613773,27.49731286139876,0.765704740182053,39.0,False,3,1,2,3,-6.899995803833003,20.0,174431431.24821758,89.90514905149053,True,0.0,0,,,,0.0,0,,,,False,False,False,False,0,,none,0,0,False,-3,0.375,risk_on,7,False
AGCO,101.1500015258789,-27.81744505131042,1.4793262191817647,-11.421931714502719,-33.460540384592385,0.055886771741721596,False,1.14207231341333,5.200192216991894,-26.854244345575008,-13.746052339586722,False,True,False,True,23,38.333333333333336,False,0.44576873069667566,1.5870487037640786,True,-2.5696778258028554,True,-0.47229729460896985,True,2,0,0.4278038917668209,False,0.38649886930078875,False,5,1,False,False,False,25.0,20.171842418233204,7.968361282260214,0.06926744434671474,12.0,False,0,1,2,3,-18.774590446157536,124.52999877929688,95853103.42738648,19.78319783197832,False,0.0,0,,,,0.0,0,,,,False,False,False,False,0,,none,0,0,False,-3,0.375,risk_on,7,False
AGI,33.0,-40.237125380661595,30.18425188899363,29.01600293206257,6.977394261972904,0.10158832857344159,False,0.8200699612146483,6.212130459872159,-21.624076150494787,12.321310220006643,False,True,False,True,26,43.333333333333336,True,0.34305217216628475,1.1482775515742338,False,1.0165838779127883,True,6.109323457315297,False,1,1,0.5324813009484852,False,1.0194344883011865,False,2,1,False,True,True,25.0,21.57147602011072,22.545461943655305,0.799731022912787,1.0,False,2,2,2,3,-4.320097436808923,34.4900016784668,146687029.3057785,57.79132791327913,False,0.0,0,,,,0.0,0,,,,False,False,False,False,0,,none,0,0,False,-3,0.375,risk_on,7,False
AGNC,10.910099983215332,-3.4879855921254754,30.56498804550072,29.483702695440538,7.445094025350873,0.12207586485661047,True,0.9732490575825241,3.483012209104683,2.5508105274943516,4.463285668289796,False,True,False,True,31,51.66666666666667,True,0.5061973136605099,1.0672371037749424,True,1.6038948582969406,True,2.828466882647085,True,2,0,0.39472784066963496,False,0.2393390134870586,False,4,0,False,False,False,65.0,13.830463744577242,4.491257876154418,0.7356154196804583,20.0,False,5,2,5,6,-3.6565613527346885,11.324175404574905,218974414.11108392,58.46883468834688,False,0.0,0,,,,0.0,0,,,,False,True,False,False,1,,power_play,6,6,True,0,0.75,risk_on,7,False
AGQ,79.5,-80.14832577779359,59.86326308424681,49.04386908994582,27.005260419856157,0.29519175770579037,False,0.7581658084459122,9.773590279825079,-36.75920723968916,25.473483639789517,True,True,False,False,25,41.66666666666667,True,0.36843644813339343,1.5800687332189418,False,1.148990878572761,True,9.609818472370723,False,0,2,0.5741715911985428,False,1.2222242594811523,True,2,1,False,False,False,25.0,30.78400661281359,28.21383686185633,0.8521840481377909,1.0,False,3,3,4,4,-4.550367239605579,83.29000091552734,138842542.6052803,73.03523035230353,False,0.0,0,,,,0.0,0,,,,False,False,False,False,0,,none,0,0,False,-2,0.5,risk_on,7,False
AGX,575.1599731445312,-27.91540401867246,183.50914974145573,151.7885257910056,129.74991712091594,0.08535738639885934,False,0.8470177309226553,7.877807857677165,39.27224156883031,-4.506062626347996,False,True,False,True,25,41.66666666666667,True,0.518481597476564,3.679961525763024,True,-1.6532185611038235,True,-2.6587950145514627,True,2,0,0.31028786278218484,False,1.0820844064420865,False,6,1,False,True,False,25.0,29.01943630163375,16.74664646734981,0.46664810640211185,24.0,False,5,1,3,4,-15.477571302619653,680.4820708640588,173967765.49456787,93.29268292682927,True,0.0,0,,,,0.0,0,,,,False,False,False,False,0,,none,0,0,False,-2,0.5,risk_on,7,False
AHR,53.04999923706055,-8.090786356337654,34.18696965746704,33.32869625442587,11.290087584336206,0.09204998299289283,True,1.0657351384413518,9.55702123984638,3.659123169132128,-5.906352905228863,False,False,False,False,27,45.0,True,0.43157874760151493,1.1716549342923646,False,0.35860930187189666,True,-3.0341799948653936,True,1,0,0.4641428838512775,False,0.5839639842723212,False,4,1,False,False,False,35.0,16.180059305737363,9.55702123984638,0.40511865626304816,12.0,False,4,1,2,4,-9.625215421540611,58.70000076293945,146413960.71751213,62.398373983739845,False,0.0,0,,,,0.0,0,,,,False,False,False,False,0,,none,0,0,False,-2,0.5,risk_on,7,False
AIG,76.56999969482422,-10.459066460894007,7.8501808198462975,-1.8677062737717853,-23.90631494386145,0.034952873599695344,False,0.9062053132354956,4.845238473630861,-1.6072451668234566,-2.0342936192260686,False,True,False,True,19,31.666666666666664,False,0.42119540454178117,0.850640467235751,False,-0.5068633103476771,True,-4.25159619104607,True,2,0,0.4716713330832289,False,1.1266246910515563,False,5,4,True,False,False,55.0,13.070100739908872,6.503857093877224,0.45435831133396254,27.0,False,1,2,2,5,-7.1315918387591,82.44999694824219,256392056.10708696,28.116531165311653,False,0.0,0,,,,0.0,0,,,,False,False,False,False,0,,none,0,0,False,-1,0.625,risk_on,7,False
AIR,146.0500030517578,-2.261921829412794,103.61075730751415,85.62532090146706,63.5867122313774,0.03477650519185347,True,1.0233903367330655,5.080450540159032,28.996645007146917,12.806056750390638,False,True,False,True,31,51.66666666666667,True,0.4111676340737894,1.9523683910261602,False,1.80877370590012,True,-0.23906479461606178,True,2,0,0.4164118568384521,False,1.006803459233849,False,3,1,False,False,False,25.0,19.662336869673293,12.31770292177857,0.7374505525516143,5.0,False,7,2,4,5,-5.162335680676744,154.0,59020045.27243042,86.24661246612466,True,0.0,0,,,,0.0,0,,,,False,False,False,False,0,,none,0,0,False,-1,0.625,risk_on,7,False
AIT,352.82000732421875,-1.9672094171532484,47.12959549881306,28.85783347709441,6.819224807004744,0.3291848952337094,True,1.0304394997018829,4.639758170557639,26.881691872077962,2.540113082141593,False,True,False,True,33,55.00000000000001,True,0.4229604592140605,1.100628780921433,False,2.0848410501784818,True,-1.6968031751001145,True,2,0,0.46085218965302727,False,0.9250238001075377,False,3,1,False,False,False,55.0,19.022376834023195,8.080601625816545,0.8108304534065545,0.0,False,5,1,3,6,-3.5984544008218267,365.989990234375,89748490.91789246,57.655826558265574,False,0.0,0,,,,0.0,0,,,,False,True,False,False,1,,power_play,6,6,True,0,0.75,risk_on,7,False
AIZ,283.3299865722656,-6.048353718525867,39.48717694461992,34.664390871144505,12.62578220105484,0.06589063345966432,True,1.290519499371322,7.009500162481095,33.0926839254166,3.4806425143097064,False,True,False,True,28,46.666666666666664,True,0.3846382201520074,0.9148620665338262,False,1.4187264680468263,True,-4.409584208285566,True,2,0,0.3846244790925528,False,1.0596885275902417,False,4,2,True,True,True,45.0,16.993488432056772,9.024815069370327,0.6009678176981242,5.0,False,6,3,4,6,-6.78094877396529,303.94000244140625,102706721.1758194,63.482384823848236,False,0.0,0,,,,0.0,0,,,,False,True,False,False,1,,power_play,6,6,True,0,0.75,risk_on,7,False
AJG,255.25250244140625,-17.04220821824386,33.3865234880834,-12.529241492240839,-34.5678501623305,0.06515798556924376,False,1.1759467403678823,4.619538901550122,25.43832516023201,5.384788145002917,False,True,False,True,29,48.333333333333336,True,0.5179563187210448,1.7258878288221875,True,1.8616184504534352,True,1.3952875473094206,True,2,2,0.6005374984866563,True,1.6457551733811637,True,3,2,True,False,False,35.0,19.32663971374807,6.386414628016787,0.717564395140113,10.0,False,2,5,4,6,-5.458531177461545,269.989990234375,343031226.07538146,19.037940379403796,False,0.0,0,,,,0.0,0,,,,False,True,False,False,1,,power_play,6,6,True,0,0.75,risk_on,7,False
AKAM,126.3499984741211,-21.589922457057074,75.55925570524353,67.48408587639733,45.445477206307665,0.118837628985239,True,1.0259642534757851,15.29877488286147,20.781949848892634,7.6510143285317245,False,True,False,False,24,40.0,True,0.5179933811139312,3.0293190761855904,True,0.4512938348422166,True,6.5794982889691545,False,0,1,0.5817219336392649,False,1.5567138668506382,True,4,2,True,False,False,25.0,18.28654324524452,15.29877488286147,0.8026698741738801,24.0,False,4,3,3,4,-3.6084858795088826,131.0800018310547,436031536.96607816,81.84281842818429,True,0.0,0,,,,0.0,0,,,,False,False,False,False,0,,none,0,0,False,-2,0.5,risk_on,7,False
ALAB,324.06549072265625,-32.90847209358792,223.19288079388318,67.35462287962602,45.316014209536355,0.11780655048027543,False,0.8812929166938609,13.694764223073067,156.01634226169776,-0.8883110032122943,True,True,False,False,26,43.333333333333336,True,0.5028513522157263,4.4362353986072005,True,-0.9559984040164169,True,-2.2426875648095757,True,1,0,0.395503277411262,False,0.4552086652943444,False,4,2,True,True,False,,,,,,False,6,2,3,5,,,1454930847.1332092,81.63956639566395,True,0.0,0,,,,0.0,0,,,,False,False,False,False,0,,none,0,0,False,-1,0.625,risk_on,7,False
ALB,132.80999755859375,-38.248295907481946,85.46175338598196,64.81956329946048,42.78095462937082,0.153443028362894,False,0.7890665599903863,6.046230650485602,-16.01405054285531,13.60019963940655,False,True,False,True,17,28.333333333333332,False,0.4207013595995913,1.6725139926641281,False,-0.4776410546545769,True,5.892201799982355,False,1,1,0.4730289173825531,False,0.6332009564990442,False,2,1,False,False,False,35.0,22.946743275756358,13.613434352393588,0.6399757292479098,34.0,False,2,3,3,3,-8.261384513989611,144.77000427246094,278955592.87441635,80.420054200542,True,0.0,0,,,,0.0,0,,,,False,False,False,False,0,,none,0,0,False,-3,0.375,risk_on,7,False
ALC,73.76499938964844,-17.747286416390306,18.937437673647306,-14.285212760666532,-36.3238214307562,0.15236071317615382,False,1.1126281266254168,8.093260544575253,-5.631892264578631,9.753013531419864,False,False,False,False,28,46.666666666666664,True,0.4773440455612572,0.9954899503764606,True,3.1144371314602814,True,6.0756376452357985,False,0,1,0.6765305804173317,True,1.0911328962809805,False,3,1,False,False,False,65.0,17.992120497180228,10.76390548052516,0.8223925310928542,2.0,False,2,2,1,3,-3.19553498177656,76.19999694824219,163731599.23597336,17.344173441734416,False,0.0,0,,,,0.0,0,,,,False,False,False,False,0,,none,0,0,False,-3,0.375,risk_on,7,False
ALGM,44.21500015258789,-36.49095316251103,93.92544575491941,38.648482279181785,16.60987360909212,0.10054386524373463,False,0.6871475077644762,5.789884767067934,3.281940514427184,-11.693628076537744,True,True,False,True,27,45.0,True,0.41419635065260996,2.865053687962172,False,-2.0586824207266,True,4.145561760983862,True,2,0,0.36778610588329186,False,0.5073598267727866,False,4,3,True,False,False,25.0,34.7640187679454,14.180708890932097,0.29832755624614987,24.0,False,2,2,4,4,-24.392954003608956,58.47999954223633,94856738.9208912,66.39566395663957,False,0.0,0,,,,0.0,0,,,,False,False,False,False,0,,none,0,0,False,-2,0.5,risk_on,7,False
ALGN,175.4600067138672,-11.163985826654244,40.50289123390003,20.392479827439793,-1.6461288426498726,0.046553369265286124,False,0.9779897107666656,7.671267638680307,-4.568690236375128,4.2914889354283225,True,True,False,True,24,40.0,True,0.45190241475170756,1.6401539554050624,True,0.06944378898661786,True,3.7733645692690665,True,2,2,0.6277361845880016,True,1.365726212734846,True,4,2,True,False,False,65.0,20.62627592703715,7.81944642409431,0.6062453732631458,27.0,False,3,5,5,7,-8.12169157862187,190.97000122070312,156392936.67653197,49.796747967479675,False,0.0,0,,,,0.0,0,,,,False,True,False,False,1,,power_play,7,7,True,1,0.875,risk_on,7,False
ALHC,13.664999961853027,-44.36074813111283,3.522728479598203,-6.659838515061378,-28.698447185151043,0.038365629149505996,False,0.9502391112114117,10.611048761894844,-32.98185203090074,-31.67500019073486,False,True,False,False,24,40.0,True,0.4985689858492646,2.922742730504857,True,-4.545074798800281,True,2.130043684413052,True,1,0,0.4434491014056374,False,0.7848511712762704,False,6,2,True,False,False,,,,,,False,1,2,3,2,,,89609045.89238414,23.712737127371277,False,0.0,0,,,,0.0,0,,,,False,False,False,False,0,,none,0,0,False,-3,0.375,risk_on,7,False
ALK,48.34000015258789,-24.30316365397578,41.38637640899179,-16.29437203015084,-38.332980700240505,0.08286838641250903,False,0.8728573867694047,8.957388947841945,-13.198058278629631,8.022346709693618,False,True,False,False,29,48.333333333333336,True,0.4471298372113779,1.7646025708305206,True,0.1545486362752562,True,-4.636019999580077,True,1,1,0.3657104089810891,False,1.5582820938549118,True,5,2,True,False,False,65.0,34.020617905116005,14.087706944761305,0.6764069431620414,34.0,False,2,4,4,3,-11.008835743432677,54.31999969482422,125378261.49772874,16.260162601626014,False,0.0,0,,,,0.0,0,,,,False,False,False,False,0,,none,0,0,False,-2,0.5,risk_on,7,False
ALKS,49.71030044555664,-9.977726644962083,87.44456858032994,86.11120235662892,64.07259368653925,0.04042083955132684,True,0.9946399400698014,5.4717054540479095,42.68168836923554,-3.88573226549348,False,True,False,True,26,43.333333333333336,True,0.44745421262306534,1.658786312966986,True,0.3574493964545182,True,2.7709355866625263,True,2,0,0.45049975335423637,False,1.1174434690016186,False,4,2,True,False,False,55.0,34.88413653259014,6.839631817559886,0.6931154333001496,24.0,False,6,3,4,5,-10.705403124502343,55.66999816894531,83896464.5762558,86.3821138211382,True,0.0,0,,,,0.0,0,,,,False,False,False,False,0,,none,0,0,False,-1,0.625,risk_on,7,False
ALL,258.260009765625,-6.124814249982579,37.98166693297767,27.582635197848006,5.544026527758341,0.0950499031284221,True,1.1649035077897434,6.551536253832127,29.721208657866384,1.469434791129598,False,False,False,True,31,51.66666666666667,True,0.4364295791009864,1.1821151236751684,False,1.9982647637223665,True,-6.124814249982579,False,1,1,0.48319749826973846,False,1.2537529028082688,True,4,1,False,False,False,35.0,18.963280821273138,7.852556830804105,0.6393382382820527,11.0,False,3,3,3,4,-6.839330268952526,277.2200012207031,429580319.8636444,56.43631436314364,False,0.0,0,,,,0.0,0,,,,False,False,False,False,0,,none,0,0,False,-2,0.5,risk_on,7,False
ALLE,164.6699981689453,-7.673862019138844,31.59475745789202,-2.149094106330196,-24.18770277641986,0.05296216483555304,False,1.0120675941915633,3.862270408132535,-6.860428295829591,6.534250091313831,False,True,False,True,27,45.0,True,0.4885906685425554,1.2937420763552123,True,4.916744395800426,False,-2.3888552769406934,True,2,2,0.598040889335888,False,2.3157502596630426,True,2,1,False,False,False,25.0,21.209101228990253,9.333816292035452,0.828918360403937,4.0,False,3,3,5,6,-3.6284878126145226,170.8699951171875,209468799.839003,27.64227642276423,False,0.0,0,,,,0.0,0,,,,False,True,False,False,1,,power_play,6,6,True,0,0.75,risk_on,7,False
ALLY,44.66999816894531,-4.80349231377819,25.935506240436524,18.184070666774723,-3.854538003314943,0.07104704037454464,False,0.7983222377357614,3.604210155242045,10.914537539735392,2.2978099917156936,False,True,False,True,23,38.333333333333336,False,0.36401154179055933,0.8629130933546166,False,0.31026274769587897,True,1.3844683990955842,True,2,0,0.4986417004914453,False,0.9436392732316398,False,6,0,False,False,False,65.0,14.104468644829993,5.708527740288362,0.6537256561726248,32.0,False,3,2,4,6,-4.884015625022298,46.96371326279068,130465334.35147667,48.23848238482385,False,0.0,0,,,,0.0,0,,,,False,True,False,False,1,,power_play,6,6,True,0,0.75,risk_on,7,False
ALM,14.010000228881836,-40.17933312022933,245.0739021264706,196.1945068157974,174.15589814570774,0.09528550882682978,False,0.8943317168697648,14.275517254289321,9.710256277745799,-1.1988721624490717,False,True,False,False,21,35.0,False,0.45528761445163834,3.996849296253481,True,-1.0729172967122371,True,4.396424360906748,True,1,0,0.4660975392173586,False,0.7952227650671684,False,5,3,True,True,False,25.0,36.109457987326174,27.40899421737103,0.5387150942613627,24.0,False,4,2,2,4,-16.656747923957038,16.809999465942383,84463664.05029297,95.1219512195122,True,0.0,0,,,,0.0,0,,,,False,False,False,False,0,,none,0,0,False,-2,0.5,risk_on,7,False
ALNY,225.8000030517578,-54.032815746379434,9.889044065954987,-47.794319618226865,-69.83292828831654,0.07365636599436519,False,1.1429334479625728,6.984051727429376,-26.802387509716052,-15.978264770035944,False,True,False,True,25,41.66666666666667,True,0.4366325692230368,2.215713028874738,False,-3.159303517183275,True,4.478996924519407,True,2,2,0.6779702572374365,True,1.0167041976620148,False,2,1,False,True,True,25.0,38.66166282716805,15.008856922769917,0.2244947636943601,24.0,False,1,3,4,4,-29.982321966751936,322.489990234375,499157964.1040863,2.9810298102981028,False,0.0,0,,,,0.0,0,,,,False,False,False,False,0,,none,0,0,False,-2,0.5,risk_on,7,False
ALSN,122.7249984741211,-9.536783070863574,56.10831167643915,36.856480480621514,14.817871810531848,0.03578012202900023,False,1.1124207889537774,9.672027105130105,6.553635640708788,2.5785682883742833,False,True,False,False,21,35.0,False,0.48054369758143844,1.6943602568962948,True,1.0843434519684718,True,5.578975163051725,False,0,0,0.47230522463495844,False,1.0922430801581902,False,4,2,True,False,False,65.0,16.670589699184983,12.62171363321377,0.7821478600676044,2.0,False,3,2,2,5,-3.6317236399023956,127.3499984741211,102031354.52036591,65.31165311653116,False,0.0,0,,,,0.0,0,,,,False,False,False,False,0,,none,0,0,False,-1,0.625,risk_on,7,False
ALV,121.52999877929688,-7.715091103160954,22.03704018665198,4.573209380456844,-17.46539928963282,0.03455435186122642,False,0.8976309444907092,3.1514867683082244,-1.4129129490623837,5.485634706229248,False,True,False,True,28,46.666666666666664,True,0.46223747254803316,1.155372715456739,True,0.02263940648867251,True,0.7962172073505247,True,2,0,0.5111216320838075,False,0.8800995809884465,False,4,3,True,False,False,35.0,10.724980651458901,5.323789422933258,0.6054369944335133,10.0,False,3,3,4,6,-4.231680600482046,126.9000015258789,79603527.94812775,33.80758807588076,False,0.0,0,,,,0.0,0,,,,False,True,False,False,1,,power_play,6,6,True,0,0.75,risk_on,7,False
AMAT,553.8300170898438,-23.398337885222166,256.03095924455425,193.58143050217205,171.54282183208238,0.18430544071045174,False,0.8025798264335856,6.353935567868947,69.07033915611198,-1.5938114601425135,False,True,False,True,31,51.66666666666667,True,0.4265727060252794,2.44044164994336,False,-0.15780682594157266,True,4.995457192077235,True,2,0,0.44991034933621776,False,0.5459195992494245,False,6,2,True,False,False,25.0,28.952685679984334,11.75090101324109,0.6608177940742599,22.0,False,7,3,4,5,-9.82023579641167,614.1400146484375,3625250511.35553,95.05420054200542,True,0.0,0,,,,0.0,0,,,,False,False,False,False,0,,none,0,0,False,-1,0.625,risk_on,7,False
AMBA,83.69999694824219,-12.36520251684542,72.04520929710306,20.883881471115686,-1.1547271989739798,0.0392052143310192,False,0.9631579405170307,9.940262841310593,26.972086276047524,18.706558519921312,False,True,False,False,20,33.33333333333333,False,0.39853189982837556,2.874572984297354,False,1.827932447362272,True,-0.1074161192287093,True,1,2,0.428130525286028,False,2.2226065242181843,True,0,2,True,True,False,25.0,35.02299008796774,20.63321060064758,0.7611753704334827,9.0,False,1,4,4,4,-8.364352634070704,91.33999633789062,149007325.7151367,50.74525745257452,False,0.0,0,,,,0.0,0,,,,False,False,False,False,0,,none,0,0,False,-2,0.5,risk_on,7,False
AMCR,46.28499984741211,-5.746236847814867,28.252996759462977,-4.077362439841492,-26.11597110993116,0.13237600803659774,False,1.0386045608934122,5.012422388403518,-4.154499029327452,8.573771259017393,True,False,False,True,25,41.66666666666667,True,0.5411614436670169,1.4893313509838089,True,2.4457961973051243,True,-1.646837023508374,True,2,1,0.6066296101396864,True,1.1748130444026998,False,4,1,False,False,False,45.0,20.520830154418945,7.756292890619108,0.8258882824100215,1.0,False,3,2,2,4,-3.5729169845581055,48.0,176267889.0173851,25.745257452574528,False,0.0,0,,,,0.0,0,,,,False,False,False,False,0,,none,0,0,False,-2,0.5,risk_on,7,False
AMD,490.7087097167969,-15.527580450971556,224.6716366934202,166.08215735218886,144.04354868209919,0.16335969326213823,False,0.9219026328746078,7.291494540609768,138.2775099055428,-9.075819915698224,False,True,False,True,28,46.666666666666664,True,0.5305932993567946,3.235680272383145,True,-0.5992438865669838,True,0.2920027266727576,True,2,0,0.4332231537841418,False,0.667572150434653,False,7,1,False,False,False,25.0,26.152910176809552,15.249376179410074,0.4440214754964212,22.0,False,7,1,2,5,-14.540456411577207,574.2000122070312,13880355906.792791,93.97018970189703,True,0.0,0,,,,0.0,0,,,,False,False,False,False,0,,none,0,0,False,-1,0.625,risk_on,7,False
AME,257.2850036621094,-0.4777136794235193,44.17784256584696,38.51832628518865,16.479717615098984,0.06597271225501193,True,1.0575002643073734,3.758477187284827,12.85138411928839,6.695282538494518,False,True,False,True,29,48.333333333333336,True,0.37292279410820733,0.9091297142088306,False,3.340944455554548,True,2.349032804756934,True,2,0,0.4686448798565036,False,0.7541817132901494,False,3,0,False,False,False,65.0,15.886565769032227,8.142719804903855,0.9066025506905387,0.0,True,7,2,4,6,-1.483764721114611,261.1600036621094,287569910.2368042,66.32791327913279,False,0.0,0,,,,0.0,0,,,,False,True,False,False,1,,power_play,6,6,True,0,0.75,risk_on,7,False
AMG,364.29998779296875,-4.984133884907049,68.01858631177224,63.12885256934753,41.090243899257864,0.049415172106494376,True,0.9719773098444846,5.506386176552132,10.756817746799484,4.755972553532262,False,True,False,True,24,40.0,True,0.3885560074099378,1.5430667930068742,False,0.7551150251251275,True,-2.114607769048704,True,2,1,0.2852174809247925,False,1.2056952002533758,True,6,1,False,False,False,55.0,23.696936585464176,9.513966930252673,0.6927272597996739,7.0,False,5,3,5,5,-7.281422638968937,392.9093803655376,78554202.40831299,79.81029810298102,False,0.0,0,,,,0.0,0,,,,False,False,False,False,0,,none,0,0,False,-1,0.625,risk_on,7,False
AMGN,418.4849853515625,0.0,57.6794066995703,48.98689270194432,26.948284031854655,0.057312007446592136,True,1.2505300610076213,4.951193458780029,15.938500560123448,12.647371561658826,False,True,False,True,27,45.0,True,0.5398147873961168,1.6908924004396066,True,3.9275156886490294,True,3.3679088656257905,True,2,2,0.6313453932873834,True,1.5579346461650925,True,3,0,False,False,False,35.0,17.00609533966442,10.951412522325667,0.9539241225825363,2.0,True,7,4,5,6,-0.7835707642200762,421.7900085449219,1008979910.2936554,72.96747967479675,False,0.0,0,,,,0.0,0,,,,False,True,False,False,1,,power_play,6,6,True,0,0.75,risk_on,7,True
AMH,34.380001068115234,-0.7219173903814324,26.82330351611464,2.5674084704358613,-19.471200199653804,0.06662054140612422,False,1.029650611736178,3.95578990139374,11.627813938677178,3.835700496382999,False,True,False,True,25,41.66666666666667,True,0.38403562042307404,0.7284225558058821,False,1.5548172711988149,True,-0.4920352321251653,True,2,1,0.6729203084935197,True,0.5779905604467008,False,7,3,True,False,False,65.0,13.977892714415294,6.486327728199166,0.8592427538455064,5.0,True,5,5,4,6,-1.9674896855240598,35.06999969482422,74897204.52130279,31.910569105691057,False,0.0,0,,,,0.0,0,,,,False,True,False,False,1,,power_play,6,6,True,0,0.75,risk_on,7,False
AMIX,7.630000114440918,-71.16401973377853,177.4545496160334,-67.26726602637247,-89.30587469646213,0.006499978023436497,False,2.489531016458017,56.61861214766078,-4.385963706716945,118.00000326974049,False,True,False,False,11,18.333333333333332,False,0.4468331047052941,11.223206648520206,True,0.2122530768266846,True,-37.30484743953728,False,0,1,0.4153056631419263,False,6.7654272666443624,True,4,1,False,True,False,,,,,,False,1,2,2,3,,,147905482.10939944,0.7452574525745257,False,0.0,0,,,,0.0,0,,,,False,False,False,False,0,,none,0,0,False,-3,0.375,risk_on,7,False
AMKR,57.67499923706055,-38.3484795771187,152.92327138736752,133.06230618483582,111.02369751474615,0.1055006994225449,False,0.7909619758937261,8.435193633506634,12.13518058184797,-11.717438205175934,False,True,False,False,21,35.0,False,0.5431314050288213,4.187763849172231,True,-2.172428029798481,True,6.49002843344062,False,0,0,0.5163606417066606,False,0.40486438863495133,False,4,1,False,True,False,,,,,,False,4,1,2,4,,,317832312.58067495,92.14092140921409,True,0.0,0,,,,0.0,0,,,,False,False,False,False,0,,none,0,0,False,-2,0.5,risk_on,7,False
AMP,565.2000122070312,0.0,32.21106713944477,12.458067633659864,-9.580541036429802,0.04624852566297607,False,0.8602840150393132,3.3616418240699457,21.771119548958694,9.008831372833392,True,True,False,True,29,48.333333333333336,True,0.3676625029413106,0.8081783157616083,False,6.0817326252334745,False,0.9610240456620067,True,2,1,0.595729913580664,False,1.9085007533051577,True,4,0,False,False,False,35.0,22.184036590942334,4.788128223147028,0.9714701555243002,0.0,True,5,2,5,4,-0.6329071137828213,568.7999877929688,272919350.5377594,42.68292682926829,False,0.0,0,,,,0.0,0,,,,False,False,False,False,0,,none,0,0,False,-1,0.625,risk_on,7,False
AMPX,12.199999809265137,-46.748145392749805,81.00890539408965,59.061273636388734,37.02266496629907,0.1350060017950178,False,0.7551185067901415,13.401633612861533,19.725223863122366,23.107971716579144,True,True,False,False,19,31.666666666666664,False,0.47848880327855375,3.6364943160644785,True,-0.8881221473427319,True,9.02591838030471,False,0,0,0.5361595912927678,False,0.9423161060197341,False,4,2,True,True,True,25.0,33.53033334488163,28.19671831282191,0.8848413941802321,1.0,False,2,2,3,3,-3.8613064406686437,12.6899995803833,62285059.73258438,77.64227642276423,False,0.0,0,,,,0.0,0,,,,False,False,False,False,0,,none,0,0,False,-3,0.375,risk_on,7,False
AMRZ,46.41999816894531,-28.817124242527758,0.280832255015917,-9.074787142080798,-31.113395812170463,0.10582098637239246,False,0.9284333361708169,5.924170849794933,-19.710494641812538,-3.991727747848428,False,False,False,True,23,38.333333333333336,False,0.5402139422464428,1.5093338309102362,True,-3.025139942378999,True,-9.371345055371949,False,1,0,0.4677043799847289,False,0.3510795119586724,False,6,3,True,False,False,25.0,13.167326472826884,15.036621752617613,0.05587384172284419,6.0,False,0,2,2,3,-12.431617357571135,53.0099983215332,167099825.43060455,21.27371273712737,False,0.0,0,,,,0.0,0,,,,False,False,False,False,0,,none,0,0,False,-3,0.375,risk_on,7,False
AMT,172.6199951171875,-15.382171786662212,6.48324869981205,-12.178172788504005,-34.21678145859367,0.05622593192397677,False,1.0945755012300629,3.052951234811043,-6.472728559430263,4.840571828817608,False,True,False,True,23,38.333333333333336,False,0.4420787345543864,1.1520762548303733,True,-0.17622671188022343,True,0.8294381975804566,True,2,1,0.5825250292624229,False,1.3800334697357883,True,5,1,False,False,False,35.0,11.260186343852933,7.559960271635092,0.6184145282321439,11.0,False,1,3,3,5,-4.296723518213097,180.3699951171875,508874942.2027771,19.37669376693767,False,0.0,0,,,,0.0,0,,,,False,False,False,False,0,,none,0,0,False,-1,0.625,risk_on,7,False
AMX,23.399999618530273,-14.665961736656897,25.557758657391936,24.76394100378503,2.7253323336953628,0.036797835773937686,False,1.0229258346037347,4.31624036473071,-0.7535901404797873,-9.826593716524934,False,True,False,True,19,31.666666666666664,False,0.4915497809569916,1.2386192572586803,True,-3.1756754310948843,True,-2.173914950272182,True,2,0,0.41156846487872273,False,0.23290810170339046,False,5,2,True,False,False,25.0,13.37340819330168,10.726496879487925,0.09550562399743687,19.0,False,0,2,2,4,-12.096172498827972,26.6200008392334,56342669.74897623,53.86178861788618,False,0.0,0,,,,0.0,0,,,,False,False,False,False,0,,none,0,0,False,-2,0.5,risk_on,7,False
AMZN,268.5199890136719,-5.457362368693664,35.077216199294114,19.57605625801977,-2.462552412069897,0.12840897207407456,False,1.183908735799144,5.422325589113048,34.529048498331846,14.919106738512578,False,True,False,True,21,35.0,False,0.5045392721186064,1.339053177240114,True,2.080568730949291,True,-1.3736944897536407,True,2,1,0.41254002121161176,False,1.337165784480913,True,4,2,True,True,True,25.0,21.253483966052382,9.381052983777563,0.6939708293190692,8.0,False,3,4,3,5,-6.504186072211471,287.20001220703125,12210756045.953117,49.25474254742547,False,0.0,0,,,,0.0,0,,,,False,False,False,False,0,,none,0,0,False,-1,0.625,risk_on,7,False
AN,209.0225067138672,-9.112744326902478,17.0404339548776,-1.0731632563379168,-23.111771926427583,0.051122066394849314,False,1.3722732990397104,3.0618756113352275,1.1725559239033956,1.9124819569102502,False,True,False,True,25,41.66666666666667,True,0.47588439808831995,1.9139162060560526,True,1.0335741467004502,True,-1.0918918739385663,True,2,1,0.4425363858095947,False,2.330619138046297,True,4,2,True,False,False,25.0,18.19261029669645,13.778422000833816,0.37558287515463307,11.0,False,2,3,3,5,-11.359777414895412,235.80999755859375,83884194.28620224,28.72628726287263,False,0.0,0,,,,0.0,0,,,,False,False,False,False,0,,none,0,0,False,-1,0.625,risk_on,7,False
ANET,209.5,-0.47505938242280443,80.40127870048144,51.800600201910015,29.76199153182035,0.12304943148404128,True,1.1273229298650815,11.656323708327118,55.047370907839266,18.622954122633463,False,True,False,False,27,45.0,True,0.4054559246771345,2.315375321568847,False,3.113885913026681,True,8.933024137638835,False,0,1,0.5813592651990339,False,1.4971590203957312,True,3,1,False,False,False,25.0,27.01382252158644,19.78043075962112,0.9071490248701163,6.0,True,8,3,4,4,-2.5082597631149173,214.88999938964844,1388802204.3944488,73.98373983739837,False,0.0,0,,,,0.0,0,,,,False,False,False,False,0,,none,0,0,False,-2,0.5,risk_on,7,False
ANF,112.31999969482422,-13.500196830731447,71.19341358015933,10.9991076043928,-11.039501065696866,0.08159571178229048,False,1.130398858492231,10.470080607895376,22.193213590348982,23.577951863884007,False,True,False,False,28,46.666666666666664,True,0.5005436059966276,2.224395880923318,True,3.6471617817524984,True,1.6654564463996824,True,1,2,0.5729163152459571,False,1.3375932610942123,True,2,2,True,False,False,25.0,26.125752426143677,18.847932893932192,0.7574210651150399,2.0,False,2,4,3,4,-6.337557196602095,119.91999816894531,95422323.88335952,40.78590785907859,False,0.0,0,,,,0.0,0,,,,False,False,False,False,0,,none,0,0,False,-2,0.5,risk_on,7,False
AON,354.9200134277344,-6.696470797767939,15.395283267671566,-3.8424748839517853,-25.88108355404145,0.029256617682255518,False,0.998188177269495,2.9894104214275146,13.411386504106071,-0.014322946331501996,False,True,False,True,21,35.0,False,0.44298970813774036,1.043441883570804,True,0.9234932944412675,True,-1.6160738939059227,True,2,0,0.5342261406731769,False,0.8340743854339617,False,7,4,True,False,False,45.0,17.97353234135843,4.6010414944292,0.6127626503427034,12.0,False,1,3,3,5,-6.96002302784734,381.4704441876246,474469623.31655884,25.94850948509485,False,0.0,0,,,,0.0,0,,,,False,False,False,False,0,,none,0,0,False,-1,0.625,risk_on,7,False
AOS,62.72999954223633,-21.1275461501633,13.140664626951049,-12.916064105005553,-34.95467277509522,0.038073461876373636,False,1.1302579774001547,3.682450805273294,-20.28553113157142,6.084821186652811,False,True,False,True,27,45.0,True,0.4735974941782442,1.6301029023060434,True,1.3107058531600533,True,-0.4127673111641639,True,2,1,0.5902732153880124,False,1.2087252884550659,True,4,1,False,False,False,65.0,16.381034884800805,8.703967996678239,0.843531096959204,10.0,True,2,4,4,5,-2.563122559097797,64.38014147188119,104211006.32397842,18.834688346883468,False,0.0,0,,,,0.0,0,,,,False,False,False,False,0,,none,0,0,False,-1,0.625,risk_on,7,False
APA,39.40999984741211,-9.995433166190582,101.50449192312045,98.36823418565031,76.32962551556065,0.08713267767773532,True,1.1889930584208763,14.082727919934914,48.41390650369013,8.209779870379897,False,True,False,False,24,40.0,True,0.32918467700463044,1.3114066799688442,False,2.5615648675251306,True,7.883934202996623,False,0,1,0.5923880013617521,False,1.6952398083317228,True,5,0,False,False,False,65.0,23.593080363871202,17.00076322984156,0.8070720768342042,58.0,False,7,2,3,4,-4.551763995685388,41.28939569467856,200451480.02238846,88.34688346883469,True,0.0,0,,,,0.0,0,,,,False,False,False,False,0,,none,0,0,False,-2,0.5,risk_on,7,False
APD,306.0151062011719,-2.6018957244697605,35.25235836745495,6.784404401976096,-15.254204268113568,0.07478697251437127,False,0.9015748258805389,5.114134595621662,6.2938896110593445,3.984198347141721,False,True,False,True,22,36.666666666666664,False,0.4436944768626359,1.0128399230113752,True,2.070195202094039,True,2.0322394306994562,True,2,1,0.6365160206759202,True,0.41550561875501674,False,3,2,True,False,False,35.0,14.745001718290323,7.682630461441896,0.8092752683781634,28.0,True,3,5,4,6,-2.8122364954844437,314.8699951171875,303835823.78122556,36.24661246612466,False,0.0,0,,,,0.0,0,,,,False,True,False,False,1,,power_play,6,6,True,0,0.75,risk_on,7,False
APG,43.21009826660156,-12.530168154012456,28.448570304962594,20.563889739496833,-1.4747189305928323,0.03783024335214092,False,1.0442663221970305,5.878257669898867,-1.571533565598282,9.226736012640568,False,True,False,True,20,33.33333333333333,False,0.34683561715053945,1.1188120866005784,False,1.3471170410484539,True,4.751753373579537,True,2,0,0.5359571673038208,False,0.8587256042209058,False,5,1,False,False,False,55.0,15.433213446945668,11.629220744137069,0.8377337129440372,45.0,True,1,3,4,4,-2.5042902433780267,44.31999969482422,113003864.79710236,50.135501355013545,False,0.0,0,,,,0.0,0,,,,False,False,False,False,0,,none,0,0,False,-2,0.5,risk_on,7,False
APGE,134.5500030517578,-0.2150647389563276,273.54248012719614,260.1445418993843,238.10593322929464,0.14096801339646217,True,0.09793860032859299,0.3047221499888465,94.12784272284966,0.2160051815785824,False,True,True,True,29,48.333333333333336,True,0.3156677915329832,0.056521261938370516,False,51.735198666972444,False,0.044611165248853446,True,3,2,0.5844285355269585,False,1.7890798349029655,True,0,1,False,False,False,45.0,39.50919826198236,0.631739936258976,0.9938074352009814,4.0,True,11,4,6,7,-0.24466327039460722,134.8800048828125,148158030.39647904,96.81571815718158,True,0.0,0,,,,0.0,0,,,,True,True,False,False,2,sepa_vcp,power_play,7,7,True,1,0.875,risk_on,7,True
APH,168.52000427246094,-4.423776501673515,56.160782389892816,54.48299776377101,32.444389093681345,0.06861438882849762,True,1.0824674739785807,3.5248055369156837,17.656583515398516,7.0444083799959145,False,True,False,True,29,48.333333333333336,True,0.3943588723652701,1.4805707941724406,False,1.2288967708965555,True,-1.2250139677707828,True,2,0,0.3656885563356628,False,0.7606904125687824,False,3,3,True,False,False,25.0,20.79056500959721,12.443627278099935,0.7869613535618405,5.0,False,6,3,4,6,-4.429193828329147,176.3300018310547,1050629863.3565216,75.47425474254743,False,0.0,0,,,,0.0,0,,,,False,True,False,False,1,,power_play,6,6,True,0,0.75,risk_on,7,False
APLD,31.813499450683594,-35.92447437468547,129.03886727387365,114.95607459923933,92.91746592914967,0.21617286097500502,False,0.8387404748186233,15.936635986972222,-12.04450909262722,6.435262965248856,False,True,False,False,16,26.666666666666668,False,0.5022012294741046,4.60369955837629,True,-0.9729683485997092,True,10.233883499200847,False,0,0,0.4325159598617157,False,0.8654690194713246,False,4,1,False,False,False,25.0,30.59927460716355,21.814640495038322,0.8786843332543478,1.0,False,3,1,2,4,-3.712171400901354,33.040000915527344,556635915.7966557,90.37940379403794,True,0.0,0,,,,0.0,0,,,,False,False,False,False,0,,none,0,0,False,-2,0.5,risk_on,7,False
APLE,15.845000267028809,-6.727098615257276,49.799329131600125,36.21444123275286,14.175832562663196,0.04369370841092996,False,1.134596246055542,5.8693612464682605,34.0716923854075,-4.143983007635976,False,True,False,True,29,48.333333333333336,True,0.343309105847223,0.9180149399395839,False,-1.1520544011488945,True,-0.9068136720755904,True,2,0,0.3748534869712956,False,0.655241440552962,False,4,1,False,False,False,65.0,22.576688337666077,11.012942946201756,0.6321692481069702,5.0,False,4,2,3,5,-8.30440024649831,17.280000686645508,50933718.574542806,65.10840108401084,False,0.0,0,,,,0.0,0,,,,False,False,False,False,0,,none,0,0,False,-1,0.625,risk_on,7,False
APO,139.9199981689453,-7.607068850479537,40.08977707739827,0.02621246561453905,-22.012396204475127,0.040081600749615656,False,1.0840572527088044,10.620360516159737,6.534793732687705,17.579830394071692,False,True,False,False,26,43.333333333333336,True,0.548145024946602,2.152790842145489,True,2.746941874203669,True,9.321041100316197,False,0,3,0.6285135089601717,True,1.7524981422226142,True,1,0,False,False,False,45.0,19.544202203669368,15.51601414949535,0.9346571206496609,36.0,True,3,5,4,5,-1.2770744465929962,141.72999572753906,480526378.53593445,29.6070460704607,False,0.0,0,,,,0.0,0,,,,False,False,False,False,0,,none,0,0,False,-1,0.625,risk_on,7,False
APP,315.8345947265625,-56.947300267519694,3.975041010254765,-29.248521719334676,-51.28713038942434,0.2109827041088354,False,0.8343625713033949,15.12183277116797,-13.920418747312945,-20.815673086840214,False,True,False,False,21,35.0,False,0.528303187364791,2.307251171572746,True,-5.7101488850211375,True,-5.90920186722077,False,0,0,0.39980861766689857,False,0.4591516977221466,False,8,2,True,False,False,,,,,,False,0,2,2,2,,,2745428576.5395126,8.604336043360433,False,0.0,0,,,,0.0,0,,,,False,False,False,False,0,,none,0,0,False,-4,0.25,risk_on,7,False
APPF,198.97000122070312,-30.541783440671132,38.80982719692396,-29.781898818973108,-51.82050748906278,0.07397239772083426,False,1.1894749526860657,4.849974286214297,8.259431138308692,11.10056691570016,True,False,False,True,31,51.66666666666667,True,0.47437447083334155,2.1511803056801138,True,2.5539332034898656,True,2.5037353021843067,True,2,2,0.6612423152243404,True,2.026158152554234,True,3,0,False,False,False,25.0,23.753734012994315,15.366636558607416,0.8959968185135808,4.0,True,2,4,4,4,-2.470463909533571,204.00999450683594,84228255.26275253,8.333333333333332,False,0.0,0,,,,0.0,0,,,,False,False,False,False,0,,none,0,0,False,-2,0.5,risk_on,7,False
APTV,48.54999923706055,-45.246419037297215,4.859611311179024,-35.024092018338315,-57.06270068842798,0.13876702874078667,False,1.0013668126751516,6.941295540355609,-41.5060250155897,-13.458109523021388,False,True,False,True,24,40.0,True,0.4206620804130153,1.5962581323027396,False,-4.3148894770746,True,4.859611311179024,True,2,0,0.45058520317212175,False,0.36388716837711116,False,6,2,True,True,True,25.0,25.234858126815634,23.954688467301757,0.15340173997185252,23.0,False,1,2,2,3,-21.363786982219267,61.7400016784668,203476107.5727951,6.571815718157181,False,0.0,0,,,,0.0,0,,,,False,False,False,False,0,,none,0,0,False,-3,0.375,risk_on,7,False
AR,36.849998474121094,-18.383173358256588,23.367919112073366,13.80480932228101,-8.233799347808656,0.07298384131672994,False,1.1302071662901783,9.633648260673958,8.991413715917783,5.075559722800849,False,True,False,False,20,33.33333333333333,False,0.4772629013542173,1.4670976261356934,True,1.5834076004558995,True,5.587383561562986,False,0,0,0.5599450428640302,False,1.161118719734094,False,4,1,False,False,False,65.0,16.824091513783358,10.746266617225704,0.6479512922511241,59.0,False,1,2,3,5,-5.9228996764762565,39.16999816894531,161075003.50705338,43.766937669376695,False,0.0,0,,,,0.0,0,,,,False,False,False,False,0,,none,0,0,False,-1,0.625,risk_on,7,False
ARCB,144.52999877929688,-16.488659834171425,143.14173049769914,92.6605107113927,70.62190204130303,0.38332176550731345,False,1.0860786518846144,7.648936572297184,42.53473862887376,-7.855054902207992,False,True,False,True,27,45.0,True,0.4514107463380058,2.2371435226724863,True,-0.6265437712422557,True,6.95627164734296,False,1,0,0.4328137227471921,False,0.6497083233493802,False,6,2,True,False,False,25.0,17.042057894726987,8.496484761153289,0.37704497386139973,17.0,False,4,2,2,4,-10.616435621265186,161.69639215426267,54656201.79433365,87.33062330623305,True,0.0,0,,,,0.0,0,,,,False,False,False,False,0,,none,0,0,False,-2,0.5,risk_on,7,False
ARCC,20.05500030517578,-2.5893694654345767,17.86582799918124,-2.5893694654345767,-24.62797813552424,0.12241923045439466,False,1.0938946901048103,2.8920464466727966,8.519987486953106,7.764640770728715,False,True,False,True,29,48.333333333333336,True,0.48464912327793275,0.8824784338226535,True,3.645466848706767,True,2.2171225654207483,True,2,3,0.6607918289396156,True,1.6886213601040185,True,2,1,False,False,False,45.0,12.01588952151497,7.130392836776609,0.9648764124822565,2.0,True,4,5,4,7,-0.42204114721247077,20.139999389648438,85561849.27320194,27.168021680216803,False,0.0,0,,,,0.0,0,,,,False,True,False,False,1,,power_play,7,7,True,1,0.875,risk_on,7,False
ARE,48.59000015258789,-41.05207082649795,21.82032464310566,-31.248379387689763,-53.286988057779425,0.09815453912976524,False,1.0545691050760018,5.474377112695766,-0.7829666317315742,-3.0526712128948974,False,True,False,True,23,38.333333333333336,False,0.4991324942571231,1.7903267501475792,True,-1.013661404990377,True,0.22689895088743306,True,2,0,0.48386292191400937,False,0.9001505760654782,False,4,1,False,False,False,65.0,20.650122908758295,11.998357301392565,0.37882135632881,11.0,False,0,1,2,4,-12.82741534010584,55.7400016784668,88195352.04825974,7.926829268292683,False,0.0,0,,,,0.0,0,,,,False,False,False,False,0,,none,0,0,False,-2,0.5,risk_on,7,False
ARES,145.50999450683594,-20.9786321503591,54.38012638226299,-20.9786321503591,-43.01724082044876,0.048601800050741994,False,0.9989224012329737,7.834519679497255,11.226525822280742,19.978558683557026,False,True,False,True,25,41.66666666666667,True,0.4567344313095717,1.9382747545894456,True,3.60347366415588,True,5.312293866368689,False,1,1,0.6766056669432264,True,1.1002964986985126,False,5,0,False,False,False,25.0,19.566409594212804,16.974782152490793,0.9831958359775133,6.0,True,2,3,3,3,-0.3287971561523051,145.99000549316406,299025795.15991974,13.550135501355012,False,0.0,0,,,,0.0,0,,,,False,False,False,False,0,,none,0,0,False,-3,0.375,risk_on,7,False
ARGX,867.880126953125,-7.640884799324388,36.12524786318077,31.133388414341123,9.094779744251458,0.06970862925233487,False,0.8758557317923591,4.406144360486852,4.78606891554858,2.5632688225031064,False,False,False,True,24,40.0,True,0.5015908603169231,1.4303603209374636,True,-0.3717678242223743,True,-0.8476934700470617,True,2,0,0.44113704117576136,False,0.5578327587132897,False,5,2,True,False,False,65.0,18.662306128830018,7.787368309714342,0.5184317849214098,26.0,False,2,2,2,5,-8.987173451710905,953.5800170898438,246829973.75021973,60.70460704607046,False,0.0,0,,,,0.0,0,,,,False,False,False,False,0,,none,0,0,False,-1,0.625,risk_on,7,False
ARM,286.5150146484375,-34.8029353708015,174.0459170590338,102.34110331816146,80.30249464807179,0.2796015142732813,False,0.7774392786987963,11.837078970027664,134.48318923295707,1.2277437813050796,False,True,False,False,23,38.333333333333336,False,0.557240491607023,4.433808234933518,True,-1.1913132001318942,True,-0.057547799483281814,True,1,0,0.49982938301921076,False,0.8931667410851084,False,3,1,False,True,False,25.0,33.17005995661289,27.885102067161995,0.6164422337068846,24.0,False,6,1,2,5,-12.722634104767149,328.281005859375,1408526045.1423965,89.02439024390245,True,0.0,0,,,,0.0,0,,,,False,False,False,False,0,,none,0,0,False,-1,0.625,risk_on,7,False
ARMK,60.80500030517578,0.0,70.17078501406661,50.53889141366348,28.500282743573813,0.08061716740267039,True,1.1101388139385324,10.360988743427873,56.11264321480471,6.6754391318873285,False,False,False,False,26,43.333333333333336,True,0.3886501654681289,0.70258830771265,False,3.6913813668727244,True,7.982594250151864,False,0,0,0.4253062379689621,False,0.5372522230816739,False,6,1,False,True,True,55.0,14.921976978004537,10.360988743427873,0.9221132757278051,2.0,True,8,2,3,6,-1.162223906481874,61.52000045776367,146918937.41050988,73.57723577235772,False,0.0,0,,,,0.0,0,,,,False,True,False,False,1,,power_play,6,6,True,0,0.75,risk_on,7,False
AROC,33.36000061035156,-19.952526892182842,47.628822679787255,42.83405033812153,20.795441668031863,0.03708441140733328,False,0.8779723749874849,3.747002329526717,6.334180792780897,-12.529525242600847,False,True,False,True,27,45.0,True,0.3413952076353154,1.399275952384083,False,-2.537427190753644,True,0.029991414357133372,True,2,0,0.42463618681735504,False,0.474776375718659,False,6,2,True,False,False,25.0,17.159498277294453,9.93201036711127,0.11406299108131608,14.0,False,2,2,3,3,-15.202234578331552,39.34066003327377,58916387.16485653,69.37669376693766,False,0.0,0,,,,0.0,0,,,,False,False,False,False,0,,none,0,0,False,-3,0.375,risk_on,7,False
ARR,16.704999923706055,-5.058570964298936,36.78031564840796,28.630503130567675,6.591894460478009,0.28775915166737936,True,0.8931891887729454,2.933252160167961,0.0705777180990852,3.5647910282478046,False,True,False,True,24,40.0,True,0.39780926794424026,0.7606324075863962,False,0.23193786939563643,True,0.9365600833286747,True,2,0,0.4867674507054824,False,0.4270048636580926,False,6,1,False,False,False,65.0,10.961280951204234,4.250219022540054,0.536073403640004,21.0,False,4,1,3,6,-5.085229763437837,17.600000381469727,57978476.87486973,57.52032520325203,False,0.0,0,,,,0.0,0,,,,False,True,False,False,1,,power_play,6,6,True,0,0.75,risk_on,7,False
ARW,209.65199279785156,-10.721802511127654,105.8034623984398,64.56200179500368,42.523393124914016,0.03557083836736763,False,1.1349785443204243,8.256538527293758,34.70315704190079,-2.537310119015146,False,True,False,False,22,36.666666666666664,False,0.4056265037499012,1.410813748819167,False,-0.5444224935342048,True,-5.685366354756938,False,0,0,0.510243976309303,False,0.8246023639048765,False,4,0,False,False,False,35.0,18.49053081171022,17.171313050533005,0.4595308993192531,34.0,False,3,1,2,4,-9.99356055891466,232.92999267578125,121392455.71696548,80.35230352303523,True,0.0,0,,,,0.0,0,,,,False,False,False,False,0,,none,0,0,False,-2,0.5,risk_on,7,False
ARWR,87.1500015258789,-2.7235125703200413,364.0574991450955,335.9679966169608,313.92938794687115,0.04675390468414542,True,0.7820568784302274,5.404473897885174,39.708239874373064,0.426368693001522,False,True,False,True,24,40.0,True,0.38135023924505856,1.581591973290442,False,2.006887287340463,True,1.5379234144984322,True,2,1,0.4600335334183742,False,1.0311836959486567,False,2,2,True,False,False,25.0,26.819563496993666,10.740103782525054,0.67434610936637,16.0,False,9,4,5,6,-8.733895197891673,95.48999786376953,161062539.27303657,97.96747967479675,True,0.0,0,,,,0.0,0,,,,False,True,False,False,1,,power_play,6,6,True,0,0.75,risk_on,7,True
ARX,19.53499984741211,-34.99167938972967,108.70727098238953,-32.17013762183024,-54.20874629191991,14.695954313538504,False,1.2626641494435906,39.57000540716499,78.40182819805108,41.86637035584171,False,False,False,False,26,43.333333333333336,True,0.4848275819283489,3.517441416681486,True,4.968348053906163,False,58.95036540314778,False,0,1,0.6556581555023913,True,0.3484553557982211,False,3,0,False,True,True,,,,,,False,4,1,1,2,,,60695975.70424185,7.6558265582655824,False,0.0,0,,,,0.0,0,,,,False,False,False,False,0,,none,0,0,False,-4,0.25,risk_on,7,False
AS,32.56999969482422,-22.378454705741923,10.257273816481828,-16.65814184035512,-38.69675051044479,0.22806445201243203,False,0.9854300794995602,14.458089278205863,-15.446523084711528,-2.1921908677520086,False,False,False,False,24,40.0,True,0.4199617651563204,1.4954712462906417,False,-1.8399827016955907,True,-9.803380935176554,False,0,0,0.2189840351461462,False,0.7377741720543965,False,4,2,True,False,False,25.0,13.505112423874522,15.60945557698907,0.001770037666761709,5.0,False,1,2,2,3,-13.481207866190415,37.64500045776367,151217352.62438506,15.582655826558264,False,0.0,0,,,,0.0,0,,,,False,False,False,False,0,,none,0,0,False,-3,0.375,risk_on,7,False
ASB,32.38999938964844,0.0,38.01473750101285,32.39276764517649,10.354158975086825,0.10678044578442984,True,0.8516496201758642,4.631053167388307,19.63565616664027,7.0389925467799985,False,True,False,True,30,50.0,True,0.5059843570248452,0.9452820553817086,True,3.84620078116425,True,3.947366971307864,True,2,1,0.6463496174603388,True,0.9276945490918778,False,3,0,False,False,False,65.0,17.253318344308152,5.6190114904949375,0.9946368744822033,0.0,True,7,3,4,6,-0.0925317118790292,32.41999816894531,55086369.60485516,61.517615176151764,False,0.0,0,,,,0.0,0,,,,False,True,False,False,1,,power_play,6,6,True,0,0.75,risk_on,7,False
ASH,74.95999908447266,-1.9489835490487772,61.329461597592626,40.636429434813046,18.59782076472338,0.023324870874551342,True,1.2089708486036232,8.524545714638453,24.552388686488325,12.62019506308465,True,True,False,False,25,41.66666666666667,True,0.3722479818456078,1.1844498733911741,False,2.753514473176675,True,3.4501794529220753,True,1,0,0.5024253952691067,False,0.6469504674311393,False,4,1,False,True,True,25.0,16.664537911217053,9.711844808179656,0.7476993340077311,4.0,False,6,2,5,5,-4.204474013453474,78.25,59641756.29672241,68.02168021680217,False,0.0,0,,,,0.0,0,,,,False,False,False,False,0,,none,0,0,False,-1,0.625,risk_on,7,False
ASML,1851.6650390625,-6.804939310446345,156.78327019627054,146.68280174707712,124.64419307698745,0.14551038340742803,True,0.887784660399504,7.308020916563166,32.07399809161551,2.831938341132312,False,True,False,True,30,50.0,True,0.416456372598509,1.4879355918324333,False,1.0250264258403246,True,8.642198839881887,False,1,0,0.4342335564757489,False,1.1152882236842105,False,3,0,False,False,False,35.0,23.367487800167808,14.766712550201596,0.6878074307312385,31.0,False,8,2,4,5,-7.295156053690821,1997.3767930992992,2723243246.0348635,92.88617886178862,True,0.0,0,,,,0.0,0,,,,False,False,False,False,0,,none,0,0,False,-1,0.625,risk_on,7,False
ASND,246.39999389648438,-11.104697161638356,29.86190933011312,28.951220188045323,6.912611517955657,0.1770687160037926,False,0.872648754950165,5.497164676645569,12.975693260428823,-2.4776417616128588,True,True,False,True,21,35.0,False,0.37832030218459245,1.1664218855548052,False,-0.13672289182547373,True,-1.380833349110211,True,2,1,0.435669405358467,False,0.692236494380173,False,1,3,True,False,False,35.0,16.530214566213953,7.704957929956954,0.23349055600685598,25.0,False,1,3,3,5,-12.670565576236026,282.1499938964844,120890336.91892853,57.72357723577236,False,0.0,0,,,,0.0,0,,,,False,False,False,False,0,,none,0,0,False,-1,0.625,risk_on,7,False
ASO,50.5,-16.985294947607375,22.020146828569096,-7.42215295227262,-29.460761622362284,0.14204162371493048,False,0.9459887524248801,7.267323106822402,-12.009879576050276,7.309814123085356,False,True,False,True,27,45.0,True,0.4273259447828857,1.5823546134950321,False,0.933478923920788,True,6.652590554148641,False,1,0,0.5785189760811009,False,0.8093005358979448,False,5,1,False,False,False,35.0,15.736720371910387,7.267323106822402,0.8303736909603556,12.0,True,2,3,5,5,-2.6693617930761415,51.8849983215332,51878009.74446793,22.899728997289973,False,0.0,0,,,,0.0,0,,,,False,False,False,False,0,,none,0,0,False,-1,0.625,risk_on,7,False
ASTS,73.70500183105469,-44.620178932208056,99.68843710581159,47.26274316599452,25.224134495904856,0.1464749449210144,False,0.7566848342228097,10.854080186223262,-10.356360086631023,24.543767237203905,False,True,False,False,18,30.0,False,0.4575443939096067,3.8581798165035015,True,-0.04094398304819116,True,9.41953854395907,False,0,2,0.6276753569904983,True,2.1259433143055624,True,4,2,True,False,False,25.0,29.67501605038408,26.23973905721989,0.9382854649949346,1.0,True,2,5,4,4,-1.8313798168173023,75.08000183105469,863384124.402655,72.22222222222221,False,0.0,0,,,,0.0,0,,,,False,False,False,False,0,,none,0,0,False,-2,0.5,risk_on,7,False
ASX,39.724998474121094,-11.07132981695006,316.66267388960875,300.04602173239937,278.0074130623097,0.099602521151553,True,0.860880398915642,8.48308041257309,71.0341794242187,0.6715646117506191,False,True,False,False,27,45.0,True,0.44799750353856665,2.324540672199446,True,0.4825577588623679,True,6.644291205694208,False,0,0,0.5202887386082562,False,0.7588342281109594,False,4,2,True,False,False,25.0,27.711959603374265,13.76942038685689,0.7212907619882793,24.0,False,9,3,5,5,-7.723579144868031,43.04999923706055,309803923.08566093,97.5609756097561,True,0.0,0,,,,0.0,0,,,,False,False,False,False,0,,none,0,0,False,-1,0.625,risk_on,7,False
ATAI,7.235000133514404,-0.2068947101461438,115.9701593874507,78.64197019214537,56.6033615220557,0.035509786350027495,True,0.13376636996293337,0.8293077886586574,102.09498010336979,0.9065558790629202,False,True,True,True,25,41.66666666666667,True,0.4757205838193618,0.3803338966610752,True,40.66532719418099,False,0.7660209817652364,True,3,2,0.591666633554391,False,6.3642052201840205,True,1,2,True,False,False,25.0,33.74655935072383,1.3821752539643886,0.9897958806334655,3.0,True,11,5,7,7,-0.3443539198246248,7.260000228881836,81780921.65819685,85.09485094850947,True,0.0,0,,,,0.0,0,,,,True,True,False,False,2,power_play,sepa_vcp,7,7,True,1,0.875,risk_on,7,True
ATI,227.89500427246094,-1.1001121745844444,219.44913929217523,212.01396688922202,189.97535821913235,0.06695351764401318,True,1.300698229263585,9.539483132843358,67.9898261244949,22.366300231249635,False,True,False,False,29,48.333333333333336,True,0.41921796983057696,1.9710276194774161,False,2.830227530456725,True,1.9983940129107314,True,1,1,0.47937675727200635,False,1.600622719134993,True,3,0,False,True,True,25.0,28.246500383020212,30.08842056153173,0.7721656634235088,1.0,False,10,2,3,4,-6.435522675373018,243.57000732421875,310443337.865033,95.79945799457995,True,0.0,0,,,,0.0,0,,,,False,False,False,False,0,,none,0,0,False,-2,0.5,risk_on,7,False
ATKR,93.86000061035156,-0.01065530620838473,70.48381349161284,61.841435643411316,39.80282697332165,0.17989237029120023,True,0.9820144402136196,0.35158941925075216,44.07936158451462,28.48733290791148,False,True,False,True,26,43.333333333333336,True,0.44235209757608374,1.3571087247635198,True,5.109888312562296,False,0.21353506344470308,True,2,1,0.49604528733701425,False,4.371724900253877,True,4,0,False,True,True,25.0,26.631197046114156,24.48327637705043,0.9952052602218584,1.0,True,8,2,5,4,-0.12768965981653224,93.9800033569336,120539374.47792053,79.20054200542005,False,0.0,0,,,,0.0,0,,,,False,False,False,False,0,,none,0,0,False,-1,0.625,risk_on,7,False
ATO,170.69000244140625,-10.730981393090634,6.870404036379929,4.505248178874366,-17.533360491215298,0.08062030798370311,False,1.0645526387718751,3.0171709424172697,-2.9030885791862193,-4.128280791897243,False,True,False,True,25,41.66666666666667,True,0.40758085092546414,0.745334418129259,False,-0.8063993507766659,True,-0.7500833342131807,True,2,1,0.47869007056769536,False,0.9876714638029532,False,2,0,False,False,False,55.0,8.930134479357733,4.55211445387857,0.26732073960699493,12.0,False,2,2,2,5,-6.542924325545895,182.63999938964844,174865567.28931504,33.739837398373986,False,0.0,0,,,,0.0,0,,,,False,False,False,False,0,,none,0,0,False,-1,0.625,risk_on,7,False
ATR,132.72999572753906,-8.23132527171614,18.991706372892914,-4.270259056865511,-26.308867726955178,0.032106562209587,False,0.9292437939673219,4.075935039149435,-3.4265044532023503,2.5319951568781196,True,True,False,True,29,48.333333333333336,True,0.5087987084443844,1.09999568767016,True,2.5514805395639453,True,-2.2462830160393743,True,2,0,0.44148580123500103,False,0.6840325100337182,False,3,2,True,False,False,45.0,20.283317871661637,4.836885689444259,0.7881333515987763,5.0,False,2,3,5,5,-4.297358575925592,138.69000244140625,64312749.15921631,25.609756097560975,False,0.0,0,,,,0.0,0,,,,False,False,False,False,0,,none,0,0,False,-1,0.625,risk_on,7,False
AU,95.25,-23.568508306132518,92.73495317597732,80.16001482308192,58.12140615299226,0.14663779242144007,False,1.0938047016528176,9.039362709666175,-6.39642512337354,21.461364733516987,True,True,False,False,26,43.333333333333336,True,0.3553904346318289,1.300298081500615,False,2.407256068888062,True,8.745295104888285,False,0,1,0.49691918955028125,False,2.6320119520531327,True,3,3,True,False,False,65.0,29.431194155112344,29.2598373933727,0.7137731823142116,64.0,False,4,3,3,3,-8.423997043710385,104.0119648435235,219852487.7200409,85.50135501355014,True,0.0,0,,,,0.0,0,,,,False,False,False,False,0,,none,0,0,False,-3,0.375,risk_on,7,False
AUR,6.974999904632568,-16.964283078706067,85.01326100586333,7.972134109047491,-14.066474561042174,0.0595142282491466,False,1.006011299073575,7.311824502046981,65.28436614722675,16.444076313053557,False,True,False,True,21,35.0,False,0.4546505630491671,2.985293168438557,True,1.3589404685296154,True,2.8761016045710575,True,2,2,0.6051728810822881,True,1.5224608163671978,True,4,3,True,False,False,25.0,22.06896420182853,14.480290217796657,0.8281249301508027,6.0,False,3,5,5,5,-3.793104763688715,7.25,159435539.0987596,37.737127371273715,False,0.0,0,,,,0.0,0,,,,False,False,False,False,0,,none,0,0,False,-1,0.625,risk_on,7,False
AVAV,193.35000610351562,-52.821898729115546,41.46182065005035,-24.11992937637596,-46.15853804646562,0.1215171093019647,False,0.88131426988189,14.522886446675997,-17.765392089623454,21.81062893456005,False,True,False,False,24,40.0,True,0.5264575079937743,3.246849616157066,True,3.0183123106322003,True,12.990890381398401,False,0,3,0.7682989846089561,True,2.2346296296296297,True,2,3,True,False,False,35.0,32.528199593911225,27.938972106129512,0.8921448615600998,29.0,False,2,5,3,4,-3.508333470402003,200.3800048828125,197726355.48673707,11.38211382113821,False,0.0,0,,,,0.0,0,,,,False,False,False,False,0,,none,0,0,False,-2,0.5,risk_on,7,False
AVB,184.89999389648438,-5.421998006913364,17.345594690747788,0.6195135131634055,-21.41909515692626,0.2846739242128424,False,0.9985425204897431,4.840452808912916,7.670592976997659,-3.0922479354850707,False,False,False,True,28,46.666666666666664,True,0.5422301408685661,1.0545040503145615,True,-0.6853883331386941,True,-0.8844862654950769,True,2,0,0.48158258066532394,False,0.38216799131079426,False,6,2,True,False,False,45.0,12.146927797023737,6.614384062330464,0.4309380057773401,27.0,False,2,2,2,5,-6.9123549558529955,198.6300048828125,149478737.47061998,30.013550135501355,False,0.0,0,,,,0.0,0,,,,False,False,False,False,0,,none,0,0,False,-1,0.625,risk_on,7,False
AVGO,421.5,-12.335261020348199,46.611994920062315,37.36721861684875,15.328609946759087,0.16846043662338536,True,0.8809098837672557,5.0581274790554565,27.74486306865431,7.39674336611833,False,True,False,True,23,38.333333333333336,False,0.43634011248322874,1.6354379117450062,False,1.8462219658663204,True,0.22112672315797166,True,2,1,0.48982593152833226,False,0.9070113425241502,False,2,2,True,False,False,35.0,17.632245597349506,13.788855429363137,0.8528177157098294,3.0,True,3,5,5,5,-2.5951541841832015,432.7300109863281,6846682107.341341,65.65040650406505,False,0.0,0,,,,0.0,0,,,,False,False,False,False,0,,none,0,0,False,-1,0.625,risk_on,7,False
AVT,96.625,-0.7956894391557001,121.4084051521624,80.57996094772872,58.54135227763906,0.07087969955504755,True,1.2401633365737252,6.654592812601068,47.85560415780377,7.456630302034761,False,True,False,True,25,41.66666666666667,True,0.35812095644793673,1.3987313128567285,False,1.8016153791740135,True,-0.18078827090970417,True,2,0,0.45846268046910305,False,0.7474279373303114,False,3,1,False,True,False,25.0,17.5,13.661057643717658,0.8071428571428572,5.0,False,9,2,4,6,-3.3749999999999947,100.0,107727858.484198,85.56910569105692,True,0.0,0,,,,0.0,0,,,,False,True,False,False,1,,power_play,6,6,True,0,0.75,risk_on,7,False
AVTR,13.925000190734863,-10.737180447280581,87.92173383914539,6.541702493300194,-15.496906176789471,0.054932866843510904,False,1.2369946028426113,5.637348584086439,52.35229395705441,22.68722222661015,False,True,False,True,30,50.0,True,0.469832647622112,2.023675633524578,True,4.4823711430584465,False,5.6525027944538175,False,1,2,0.6627460416610679,True,0.8980841710499217,False,0,1,False,True,True,25.0,30.300959916911612,6.750452575814368,0.8431152038494857,11.0,False,4,3,5,5,-4.753759919729584,14.619999885559082,155729810.45904094,35.90785907859079,False,0.0,0,,,,0.0,0,,,,False,False,False,False,0,,none,0,0,False,-1,0.625,risk_on,7,False
AVY,180.50250244140625,-7.5414374464849,17.967785714378316,2.8736302908416,-19.164978379248065,0.08285928777453531,False,1.289997314413888,5.933431010772133,-6.643096099255241,16.303161076480066,False,True,False,True,28,46.666666666666664,True,0.5292634368468748,1.7034777088892419,True,2.7578207912810226,True,3.743029336531656,True,2,1,0.6686857092521211,True,1.0512838609519084,False,3,1,False,False,False,45.0,17.827683118051592,8.249192774754992,0.7788805605760262,10.0,False,3,3,3,5,-3.9420472972918064,187.91000366210938,135469395.42830047,32.52032520325203,False,0.0,0,,,,0.0,0,,,,False,False,False,False,0,,none,0,0,False,-1,0.625,risk_on,7,False
AWI,183.63999938964844,-9.153759828220654,21.495355123900705,-5.714848435540343,-27.75345710563001,0.0194229731412678,False,1.2511562738144837,3.904385456090641,-6.197152734336209,16.40645916353929,False,True,False,True,26,43.333333333333336,True,0.5769668012913874,1.5307315580766863,True,3.6308846801455354,True,-0.17937806645921262,True,2,2,0.618333230262075,True,2.4369828107155342,True,3,1,False,True,True,25.0,19.94449493917825,8.799359599766337,0.8753974059002614,4.0,True,3,5,5,6,-2.485135807430716,188.32000732421875,98156784.66101685,24.4579945799458,False,0.0,0,,,,0.0,0,,,,False,True,False,False,1,,power_play,6,6,True,0,0.75,risk_on,7,False
AWK,136.6649932861328,-3.9716892395157966,13.57552103609445,-2.321454141896162,-24.360062811985827,0.08568953597814408,False,1.0966714776052346,4.252405423112575,7.936553654661682,2.3540053185592935,True,True,False,True,25,41.66666666666667,True,0.47716579634077727,1.24001928344683,True,1.7139835971180915,True,2.0427399135622304,True,2,1,0.6093244025741138,True,0.7785677145245526,False,3,1,False,False,False,55.0,14.640706004116188,5.822456149667856,0.8222453080287137,10.0,True,4,4,5,6,-2.602454186003833,140.31667034724592,311183167.73140717,27.235772357723576,False,0.0,0,,,,0.0,0,,,,False,True,False,False,1,,power_play,6,6,True,0,0.75,risk_on,7,False
AXON,615.0599975585938,-26.995845987110535,77.79383512109727,-26.995845987110535,-49.0344546572002,0.13298054221281447,False,1.1922088027824584,19.131464146137453,41.794041343696534,16.603476972152563,False,False,False,False,28,46.666666666666664,True,0.5653017451355212,3.749891074261619,True,2.2239031718904756,True,17.72383946934486,False,0,2,0.7364654272475156,True,1.3939396874761019,True,3,3,True,False,False,25.0,26.96257617234587,22.75550222915364,0.7211130508420924,24.0,False,3,4,3,4,-7.519510610143232,665.0700073242188,525480729.2708374,9.959349593495935,False,0.0,0,,,,0.0,0,,,,False,False,False,False,0,,none,0,0,False,-2,0.5,risk_on,7,False
AXP,342.9400939941406,-10.173732398087099,18.02989435828275,12.949557130662214,-9.089051539427452,0.07127066910083854,False,0.7805156291270976,3.0705067630490555,0.6083705201365586,0.6161535262334761,False,True,False,True,29,48.333333333333336,True,0.4059687725561259,0.7244411947485041,False,0.6528337287858752,True,0.09926674972744465,True,2,0,0.4450655359078956,False,0.9042345643321883,False,7,0,False,False,False,55.0,17.60452311614398,4.808417132660127,0.6840260410131058,20.0,False,3,2,4,6,-5.562570865084304,363.1400146484375,937668052.8304107,43.02168021680217,False,0.0,0,,,,0.0,0,,,,False,True,False,False,1,,power_play,6,6,True,0,0.75,risk_on,7,False
AXS,99.8949966430664,-16.244655441705625,14.153706632760255,2.681333983085632,-19.357274687004033,0.04693378431117471,False,1.2467078711152464,4.775018201867088,-0.36528718578122676,-12.846803132671125,False,True,False,True,27,45.0,True,0.3712016304537591,1.0545883942451364,False,-1.9085493255900357,True,-4.360938667554882,True,2,1,0.39400538512440453,False,1.4988855199512408,True,6,2,True,False,False,25.0,18.376527889764372,7.517896179589821,0.08866188696245195,12.0,False,1,3,2,3,-16.747230251239742,119.98999786376953,76981784.51339379,32.24932249322493,False,0.0,0,,,,0.0,0,,,,False,False,False,False,0,,none,0,0,False,-3,0.375,risk_on,7,False
AXSM,215.75999450683594,-15.444607103071906,98.39999494881467,97.23923184083432,75.20062317074465,0.07033004896731315,False,0.9479109147158239,6.857155425296677,17.940303721129336,-10.669483874758278,False,False,False,True,19,31.666666666666664,False,0.444948288304394,2.0070710806148924,True,-2.2044724546487573,True,2.679288770379662,True,2,0,0.37771177988790616,False,0.6551742631628795,False,6,3,True,False,False,25.0,16.928263845539476,13.051540776349613,0.20915324753143755,24.0,False,2,2,3,4,-13.387662487175877,249.11000061035156,162246874.79854432,88.00813008130082,True,0.0,0,,,,0.0,0,,,,False,False,False,False,0,,none,0,0,False,-2,0.5,risk_on,7,False
AXTA,37.2599983215332,-2.43519334542569,46.46225447853922,21.17072624888847,-0.8678824212011946,0.09706257518876536,False,1.006448656774713,4.535701872078636,10.26930249182476,17.613629932464935,False,True,False,True,31,51.66666666666667,True,0.5041119887777455,1.1937251640876314,True,2.957821701353125,True,-0.7458779626143386,True,2,0,0.4141204726821678,False,0.6494229114230862,False,5,1,False,True,True,25.0,18.36311846803499,8.427266589096375,0.8095906544761355,4.0,False,4,2,4,5,-3.4965093692757354,38.61000061035156,56497920.13557911,50.94850948509485,False,0.0,0,,,,0.0,0,,,,False,False,False,False,0,,none,0,0,False,-1,0.625,risk_on,7,False
AXTI,78.80500030517578,-44.042463054347316,3744.146445766227,3514.9081601818457,3492.869551511756,0.21570558488974526,False,1.0703057527468307,23.830973550625615,217.89026782897722,48.8853199524161,False,True,False,False,20,33.33333333333333,False,0.5254686169310141,7.94383168862854,True,0.8036287511603024,True,4.835708693328367,True,1,1,0.5650204772380476,False,1.3625566287467965,True,3,1,False,True,False,,,,,,False,7,2,2,4,,,742433497.1602752,100.0,True,0.0,0,,,,0.0,0,,,,False,False,False,False,0,,none,0,0,False,-2,0.5,risk_on,7,False
AYI,360.8900146484375,-4.1304435944788604,40.17503559896405,10.360417026737778,-11.678191643351887,0.03863266029047113,False,0.8807494634161194,4.414085186396615,15.36114069907677,10.374044499831214,False,True,False,True,26,43.333333333333336,True,0.45279674291770583,1.4590020026863426,True,2.5366377525062784,True,1.0896399575455185,True,2,0,0.4774510023220918,False,0.9764610932046122,False,5,1,False,False,False,35.0,14.512005892488759,11.219482000303746,0.6806585619496561,31.0,False,4,2,3,5,-4.634284830702429,378.4274191283199,91690615.06063843,39.769647696476966,False,0.0,0,,,,0.0,0,,,,False,False,False,False,0,,none,0,0,False,-1,0.625,risk_on,7,False
AZN,157.52000427246094,-24.494292033715325,8.229436238216437,2.105595178326203,-19.93301349176346,0.13345395742080066,False,0.948941432702382,3.637630505410564,-22.17768691298163,-6.3885420615986455,False,True,False,True,22,36.666666666666664,False,0.4748187244279678,0.92350676149714,True,-3.8212482110378216,True,-2.2040124730434707,True,2,0,0.46585131035816885,False,0.9761036502322843,False,4,2,True,False,False,25.0,12.77575653677899,11.00177841607923,0.1829105646226998,24.0,False,0,2,2,4,-10.438935695154594,175.8800048828125,618682061.8698769,31.50406504065041,False,0.0,0,,,,0.0,0,,,,False,False,False,False,0,,none,0,0,False,-2,0.5,risk_on,7,False
AZO,3084.360107421875,-29.169095248785116,5.502312550773891,-23.586928061247846,-45.62553673133751,0.22246721676310474,False,0.9213872854487848,3.857525591206074,-18.590756768864324,5.502312550773891,False,True,False,True,24,40.0,True,0.5640694798707447,1.511653302669915,True,0.23262839416917486,True,0.480189393855035,True,2,0,0.5625505966499574,False,0.9456152032181995,False,4,4,True,False,False,25.0,8.507697225209133,5.956501974624846,0.6749919485284805,11.0,True,2,4,5,5,-2.765070097674871,3172.070068359375,426134344.4915527,11.788617886178862,False,0.0,0,,,,0.0,0,,,,False,False,False,False,0,,none,0,0,False,-1,0.625,risk_on,7,False
B,40.435001373291016,-22.71231832938685,75.10028610458764,73.338979497523,51.30037082743333,0.2316867810918353,False,1.0765913759810624,11.623594913598785,-9.768591927553317,8.81324418548668,False,False,False,False,28,46.666666666666664,True,0.4360793562553343,1.1885816277384105,False,1.2054581536746916,True,-2.2600860109598053,True,1,0,0.558474337542634,False,0.9935750342316434,False,3,0,False,True,True,25.0,22.904396805955837,19.66118583636492,0.6335313756001262,4.0,False,4,1,1,3,-8.393742790187497,44.13999938964844,380483243.9980564,84.21409214092141,True,0.0,0,,,,0.0,0,,,,False,False,False,False,0,,none,0,0,False,-3,0.375,risk_on,7,False
BA,230.76499938964844,-8.481060886170456,28.832629343626714,-1.1162513528060636,-23.15486002289573,0.05442816784929422,False,1.139904802830046,3.406062717977388,-3.586800290347303,10.292503035823032,False,True,False,True,24,40.0,True,0.508834006690681,1.7083058611562958,True,1.2694900857124227,True,-0.6137228290513552,True,2,0,0.4629329215642489,False,1.0149002921356527,False,5,2,True,True,True,25.0,15.425775853961191,12.909233794086852,0.7223717055542153,6.0,False,3,3,3,5,-4.282631840838214,241.08999633789062,1337618086.9372559,28.65853658536585,False,0.0,0,,,,0.0,0,,,,False,False,False,False,0,,none,0,0,False,-1,0.625,risk_on,7,False
BA-PA,71.27999877929688,-8.49897395933974,22.782313997084348,0.5254586411671314,-21.513150028922535,0.00043617610638618467,False,1.1565104202543757,2.707632348804621,-4.708842581307138,9.678413790245521,False,True,False,True,24,40.0,True,0.5582096280395598,1.2465456338694614,True,1.484179794090749,True,-0.07010101005779923,True,2,1,0.6024050978179532,True,0.8498299157655429,False,5,3,True,False,False,25.0,13.583417472967515,11.335570061775833,0.7447658181654986,6.0,False,3,4,3,5,-3.466952445229332,73.83999633789062,69963873.88648757,29.945799457994582,False,0.0,0,,,,0.0,0,,,,False,False,False,False,0,,none,0,0,False,-1,0.625,risk_on,7,False
BABA,122.94999694824219,-34.46753542285601,29.680413579019003,-2.192052608340078,-24.230661278429743,0.32487088591473057,False,1.0348879277698702,8.141448419644881,-21.830045842678146,7.794143064996617,False,True,False,False,21,35.0,False,0.40554196681458904,0.9505577979709671,False,2.3945750740297638,True,-3.0439245206735466,True,1,1,0.5921832606797566,False,2.4131231211746034,True,3,2,True,False,False,35.0,30.610249089905423,10.858077620884796,0.7629372071647105,3.0,False,1,4,4,5,-7.2565511386368575,132.57000732421875,1104088536.407421,27.439024390243905,False,0.0,0,,,,0.0,0,,,,False,False,False,False,0,,none,0,0,False,-1,0.625,risk_on,7,False
BAC,64.77999877929688,-0.046287271141698394,41.012215941150096,40.1166945483274,18.078085878237736,0.17019230941626196,True,0.8451098341000558,4.337754880433558,24.685256090394137,5.711488364426098,False,True,False,True,36,60.0,True,0.42897053099471033,0.7211166622125184,False,5.5776353498059015,False,2.825394887772825,True,2,3,0.6455553578806756,True,2.5339588561849564,True,2,1,False,False,False,45.0,17.070548733695972,5.649885924179034,0.9622643061464967,0.0,True,7,4,4,6,-0.6441690009260537,65.19999694824219,1808095510.1568742,67.6829268292683,False,0.0,0,,,,0.0,0,,,,False,True,False,False,1,,power_play,6,6,True,0,0.75,risk_on,7,True
BAH,78.61750030517578,-27.675110504661525,31.66555268901343,-27.675110504661525,-49.71371917475119,0.04797666652155797,False,0.9809757920225323,8.534994191402577,2.4172717300265045,19.352508011327217,False,True,False,False,25,41.66666666666667,True,0.4404587793110957,1.7138016311153712,True,3.322197348317794,True,6.340457163060265,False,0,2,0.6485640844796973,True,1.2458373765378616,True,4,0,False,False,False,55.0,28.937824978659005,17.15902669431658,0.7890177082767592,51.0,False,2,3,4,4,-6.105368631483521,83.72949460402991,165824171.21829796,9.552845528455284,False,0.0,0,,,,0.0,0,,,,False,False,False,False,0,,none,0,0,False,-2,0.5,risk_on,7,False
BALL,62.25,-7.518805429474473,35.57277661734355,15.065217517000162,-6.973391153089503,0.06527428117972471,False,1.0476681399041656,2.9076327281783385,-6.077247454378998,0.032139575623957306,False,True,False,True,21,35.0,False,0.44972671631458594,1.0938856305075473,True,0.8478454520614388,True,-1.3939506624841336,True,2,0,0.5291392730397033,False,0.8523922521043871,False,3,1,False,False,False,45.0,20.01480926966311,8.465864189178589,0.6079880638385999,12.0,False,1,2,3,5,-7.846044133701769,67.55000305175781,120099023.7522932,45.1219512195122,False,0.0,0,,,,0.0,0,,,,False,False,False,False,0,,none,0,0,False,-1,0.625,risk_on,7,False
BAM,55.002498626708984,-8.972688728934909,29.62843757211968,-7.074435384344802,-29.113044054434468,0.067605711504777,False,1.126962252967878,6.576065942716252,6.14394172902013,18.183277921591667,False,True,False,True,26,43.333333333333336,True,0.5434074680350502,1.5829513375338282,True,4.494724084019796,False,3.4464933625556693,True,2,2,0.6582551668543849,True,1.2723286917430678,True,4,1,False,False,False,25.0,18.984151348387602,15.36293981894882,0.9509011588137234,1.0,True,3,3,4,5,-0.9320998321107221,55.52000045776367,123326799.52612229,23.306233062330623,False,0.0,0,,,,0.0,0,,,,False,False,False,False,0,,none,0,0,False,-1,0.625,risk_on,7,False
BANC,19.78499984741211,-9.367842800920945,30.354489271272932,29.60436142754439,7.5657527574547245,0.03600633206071329,False,1.282858145756861,6.14101673974394,-0.807631195842673,-7.460240299173626,False,True,False,True,25,41.66666666666667,True,0.552066432172053,1.733362312218234,True,-0.4669664550499272,True,4.1315781442742505,True,2,1,0.5722677802247909,False,1.4071002978841955,True,4,1,False,False,False,65.0,17.502415985767005,6.77280850605194,0.4411557975623205,17.0,False,2,2,2,5,-9.781123702298455,21.93000030517578,67811680.97406054,58.536585365853654,False,0.0,0,,,,0.0,0,,,,False,False,False,False,0,,none,0,0,False,-1,0.625,risk_on,7,False
BAND,52.66999816894531,-32.85314057927372,310.84242919451566,264.75069043975157,242.7120817696619,0.06366031279219998,False,0.9151718364498584,16.356556224163697,310.84242919451566,-10.333679496210602,False,True,False,False,27,45.0,True,0.46970198306664507,4.450365066262692,True,-1.2719182230571875,True,17.856343225455106,False,0,0,0.5400176833516124,False,1.0097215485550903,False,4,1,False,True,False,,,,,,False,7,1,2,4,,,63298606.64366531,96.88346883468834,True,0.0,0,,,,0.0,0,,,,False,False,False,False,0,,none,0,0,False,-2,0.5,risk_on,7,False
BAP,373.20001220703125,-7.226484102857755,57.69205400980362,56.730872315792325,34.69226364570266,0.06598732628426378,False,0.8442714277368959,6.823417873781852,14.598962322870413,-3.7226201516943225,False,True,False,True,26,43.333333333333336,True,0.4144685014750351,1.1939785013877864,False,-0.5523091861475969,True,-4.934150535140103,True,2,0,0.20376285746499603,False,0.5289152987042962,False,6,2,True,False,False,55.0,27.64670296430732,11.440248104958222,0.6494530608930525,9.0,False,3,3,3,5,-9.691467100536899,413.25,99997474.79454193,76.3550135501355,False,0.0,0,,,,0.0,0,,,,False,False,False,False,0,,none,0,0,False,-1,0.625,risk_on,7,False
BAX,27.415000915527344,-3.2980580365477574,73.60284004458026,14.68224278857413,-7.356365881515536,0.09259401594870524,False,1.4844083728011372,5.325555145228435,46.674126898295086,26.51130973238058,False,True,False,True,33,55.00000000000001,True,0.602912330791072,2.457775241464565,True,3.329137478481068,True,1.499447179613278,True,2,1,0.5596088438452562,False,1.137200024184511,False,2,3,True,True,True,25.0,29.466667175292972,8.57194381047822,0.7075792941342989,10.0,False,5,4,3,5,-8.616663614908859,30.0,200843573.936584,44.71544715447154,False,0.0,0,,,,0.0,0,,,,False,False,False,False,0,,none,0,0,False,-1,0.625,risk_on,7,False
BB,8.875,-30.71819118437189,181.74602321606523,135.41114177456532,113.37253310447565,0.11515514311820269,False,0.651059229250446,6.704228360887984,160.26392306784993,2.8389325876035043,False,True,False,True,25,41.66666666666667,True,0.3845319216203076,2.4646785197810583,False,-1.4795852907714602,True,1.0820076300464665,True,2,0,0.38808568870157467,False,0.7470228065766392,False,4,3,True,False,False,25.0,32.66375400366228,12.619717020384021,0.31149733506660676,24.0,False,8,2,3,6,-22.489081678250265,11.449999809265137,119689592.2230194,92.34417344173443,True,0.0,0,,,,0.0,0,,,,False,True,False,False,1,,power_play,6,6,True,0,0.75,risk_on,7,False
BBIO,82.58000183105469,-8.417429845867108,74.62465686681794,63.91425184648987,41.8756431764002,0.02968234747036982,True,0.9688783444544864,8.779365269126933,8.572185750384985,-0.4220408450899882,False,True,False,False,29,48.333333333333336,True,0.5129696144552611,1.6980982471481294,True,1.9690603797813764,True,-0.2657019475779565,True,1,1,0.4050814543094664,False,1.9430684257679676,True,4,1,False,False,False,45.0,29.78536340509067,12.920801564977442,0.6105879794798225,25.0,False,4,3,4,4,-11.598778545504118,93.41500091552734,161372497.9570999,80.08130081300813,True,0.0,0,,,,0.0,0,,,,False,False,False,False,0,,none,0,0,False,-2,0.5,risk_on,7,False
BBWI,18.325000762939453,-40.616023326417675,25.834426421675172,-35.62427961088234,-57.662888280972005,0.11808992225289129,False,0.7550181309551078,14.215559842449366,-18.257164149427496,-5.248187081904543,False,True,False,False,23,38.333333333333336,False,0.3768856408818336,1.411408784332632,False,-2.531387480459157,True,-9.011910038298499,False,0,0,0.4487441321407042,False,0.7986675711295449,False,6,2,True,False,False,25.0,17.729357368726724,19.781718139576903,0.10090590429303983,20.0,False,0,2,2,3,-15.940360530900888,21.799999237060547,92758707.78596449,6.300813008130081,False,0.0,0,,,,0.0,0,,,,False,False,False,False,0,,none,0,0,False,-3,0.375,risk_on,7,False
BBY,84.75,-6.010866451156216,54.67904245455664,23.02677475284396,0.9881660827542937,0.11585924633778426,False,1.0885440577319643,7.764013959946533,34.40015215725192,0.3790118366310047,False,True,False,True,32,53.333333333333336,True,0.4425227910780035,1.406259479346992,True,1.5707743630438893,True,5.911026687531651,False,1,0,0.5175228781839454,False,1.1415896584575134,False,4,0,False,False,False,35.0,18.10013942223739,10.112094035190818,0.6053269995183136,11.0,False,3,2,3,5,-7.143636334911285,91.2699966430664,256429412.38218576,52.642276422764226,False,0.0,0,,,,0.0,0,,,,False,False,False,False,0,,none,0,0,False,-1,0.625,risk_on,7,False
BC,81.08000183105469,-8.151490624636736,46.43751151867359,46.051133683362735,24.01252501327307,0.05393047290948951,False,1.0142761728189507,5.2417364381116665,-5.937505144649391,2.464305124884225,False,True,False,True,22,36.666666666666664,False,0.40046773926978707,1.5305496169725454,False,-0.03329704906567498,True,-0.209228515625004,True,2,0,0.5080708234380295,False,0.7374933920131248,False,4,2,True,False,False,25.0,11.395844935169517,7.930439269813889,0.6269432222920595,6.0,False,3,3,3,6,-4.251297190773695,84.68000030517578,58225875.345846556,71.61246612466124,False,0.0,0,,,,0.0,0,,,,False,True,False,False,1,,power_play,6,6,True,0,0.75,risk_on,7,False
BCE,23.184999465942383,-10.092261884730004,11.092470213786632,-2.7675408691556713,-24.806149539245336,0.07899173812414631,False,1.0293743265193496,4.3993982370454745,-7.934199811197051,9.311647650732713,False,True,False,True,23,38.333333333333336,False,0.5044455183594815,1.1214152419470313,True,1.408776835349996,True,1.822569169238708,True,2,1,0.6987508667069422,True,1.15369689171802,False,4,1,False,False,False,45.0,15.07000621768987,9.230111478504135,0.6251380475088972,44.0,False,2,3,3,5,-5.649171954816278,24.573180698360492,89312083.90921935,27.100271002710024,False,0.0,0,,,,0.0,0,,,,False,False,False,False,0,,none,0,0,False,-1,0.625,risk_on,7,False
BCO,115.62999725341797,-14.325393640029805,25.729363379919022,4.786556881716919,-17.252051788372746,0.053824750864851924,False,1.3295042075434118,6.127301956900485,-10.01809867064658,-4.309032755591591,False,True,False,True,25,41.66666666666667,True,0.4820033500258641,1.989927343748083,True,1.6216621680612837,True,2.4634460052158413,True,2,0,0.5886297037473912,False,1.1755509213619473,False,5,1,False,False,False,25.0,17.446916261652465,10.611430367999693,0.6105204846371717,16.0,False,1,2,3,4,-6.795216490164247,124.0601532444048,67562478.13667145,34.078590785907856,False,0.0,0,,,,0.0,0,,,,False,False,False,False,0,,none,0,0,False,-2,0.5,risk_on,7,False
BCS,28.06999969482422,-0.61176375246077,48.37623865193936,44.060373002631636,22.02176433254197,0.18610219175176218,True,1.0103616619626479,1.6921994536298877,7.546396706778169,4.20440392985133,False,True,False,True,32,53.333333333333336,True,0.4428561288719681,0.7981362762329126,True,2.256868398847939,True,0.7284569948914132,True,2,2,0.4377338408331746,False,1.543432096741208,True,2,0,False,False,False,55.0,18.299060593443713,5.2139766285001405,0.9419579025297831,5.0,True,7,5,7,7,-1.062115858578061,28.371336155421442,137903052.97696027,70.05420054200542,False,0.0,0,,,,0.0,0,,,,True,True,False,False,2,power_play,sepa_vcp,7,7,True,1,0.875,risk_on,7,True
BDC,136.72000122070312,-9.326696162206582,37.37942708243496,7.313619746291855,-14.72498892379781,0.032688212043710765,False,1.1210218088476502,8.506440008026713,-9.326696162206582,32.69921657824577,False,True,False,False,26,43.333333333333336,True,0.46085619135634864,1.8081502505419893,True,3.915127834295024,True,5.828623451502835,False,0,2,0.5524834185452066,False,2.3903147433025445,True,1,0,False,False,False,25.0,30.124777183600713,16.215621687390808,0.9164497330343935,2.0,True,3,4,4,5,-2.5169331759692493,140.25,57584826.628649905,36.99186991869919,False,0.0,0,,,,0.0,0,,,,False,False,False,False,0,,none,0,0,False,-1,0.625,risk_on,7,False
BDX,185.08999633789062,0.0,36.00950469791178,23.09198692247758,1.0533782523879154,0.10896019892499048,False,1.1323829431340524,6.467124889262689,5.49758048152762,20.9975778655092,True,True,False,True,30,50.0,True,0.5162556909221996,1.2554204990059334,True,5.790069203319364,False,4.529275812920197,True,2,3,0.8582159794127977,True,3.1433519456197545,True,1,2,True,False,False,25.0,19.92874838802988,12.323733324275942,0.995395498987638,0.0,True,5,5,5,5,-0.09176194212778821,185.25999450683594,307578370.1764984,52.710027100271006,False,0.0,0,,,,0.0,0,,,,False,False,False,False,0,,none,0,0,False,-1,0.625,risk_on,7,False
BE,243.52999877929688,-29.585081832727678,465.03481995601857,452.4727510508591,430.4341423807694,0.2124961849774254,False,0.9080684350402394,17.776041351425086,75.1636344080593,12.07086762962053,False,True,False,False,23,38.333333333333336,False,0.5014843143662355,6.04421869904023,True,-0.18985795312643672,True,6.363553301095903,False,0,0,0.34417947037578295,False,0.9481771300751778,False,6,1,False,True,False,25.0,37.88875245739334,25.586169207459008,0.8980995353967633,0.0,False,6,1,2,3,-3.860881478645406,253.30999755859375,3514575210.658065,98.71273712737127,True,0.0,0,,,,0.0,0,,,,False,False,False,False,0,,none,0,0,False,-3,0.375,risk_on,7,False
BELFB,293.1050109863281,-11.968997062506226,129.66432408361848,118.09404929994835,96.05544062985868,0.09317960024578018,True,1.001361002409167,5.963736657898176,26.691267642791196,2.512939710815232,False,True,False,True,23,38.333333333333336,False,0.41341041080205987,2.1540516329858477,False,0.5641479398805359,True,1.2802409011691163,True,2,0,0.39745571567950433,False,1.1373490373274415,False,5,1,False,False,False,25.0,23.034738551275847,15.919210492203364,0.8127126709558216,6.0,False,5,1,3,6,-4.314114658499424,306.32000732421875,70334932.20120545,90.71815718157181,True,0.0,0,,,,0.0,0,,,,False,True,False,False,1,,power_play,6,6,True,0,0.75,risk_on,7,False
BEN,33.915000915527344,-5.1859086343224,66.34995311556715,37.234157090460165,15.1955484203705,0.056341317981759995,True,0.9960634593241202,2.6831780122272773,28.29833464677318,5.032517664682334,False,True,False,True,25,41.66666666666667,True,0.43134835492208673,1.180394890062359,False,0.9630663965788885,True,-0.24999730727252034,True,2,1,0.45795491088804674,False,1.3622310941281632,True,4,2,True,False,False,55.0,18.922878868539375,10.172480775793439,0.6555102695739141,6.0,False,5,4,4,6,-6.518737440308609,36.279998779296875,151545757.57375336,65.5149051490515,False,0.0,0,,,,0.0,0,,,,False,True,False,False,1,,power_play,6,6,True,0,0.75,risk_on,7,False
BEPC,35.06999969482422,-19.421849784789302,10.546976293290955,7.928923254790687,-14.109685415298978,0.07427860673470238,False,0.9240543298070676,6.643849548425554,-17.02715108793341,4.343942451530314,False,True,False,True,23,38.333333333333336,False,0.4373348924694918,1.5139013011452076,False,-0.4392891992408922,True,5.157425185604758,False,1,0,0.5577690525725012,False,0.8271921853307395,False,5,1,False,False,False,25.0,11.438910591268515,6.957509689026573,0.7907541404773661,24.0,True,1,3,4,5,-2.3935446786725434,35.93000030517578,70217599.63241959,37.60162601626016,False,0.0,0,,,,0.0,0,,,,False,False,False,False,0,,none,0,0,False,-1,0.625,risk_on,7,False
BF-B,28.440000534057617,-6.241286805279622,25.82421681112517,-4.486083823684939,-26.524692493774605,0.05076658417335667,False,1.1093403025215929,4.008443303761158,-1.788705782608424,7.686485037387936,False,True,False,True,29,48.333333333333336,True,0.5312828905232765,1.8813710539390527,True,1.721244759609981,True,0.6013444412494184,True,2,2,0.5570198516634296,False,1.4310926308784142,True,2,2,True,True,True,55.0,17.65951632141022,7.700416967596066,0.7615919019156631,10.0,False,3,5,4,7,-4.210171699276721,29.690000534057617,61159762.41460314,25.406504065040654,False,0.0,0,,,,0.0,0,,,,False,True,False,False,1,,power_play,7,7,True,1,0.875,risk_on,7,False
BFAM,72.66999816894531,-41.07678821857692,22.794859402171586,-39.22897051664616,-61.26757918673582,0.03371041007095216,False,1.0565396362444863,6.591442185523951,-11.193942878091356,-2.220131233388334,False,True,False,True,24,40.0,True,0.4716070205861608,1.7595512207457882,True,0.5124537636815525,True,-1.7574733409548182,True,2,0,0.4095898856152827,False,1.0862898463966477,False,6,2,True,False,False,35.0,20.4986112167814,12.715020952226572,0.3913041919093438,11.0,False,1,2,3,4,-12.477418719334942,83.02999877929688,58053720.284124754,4.878048780487805,False,0.0,0,,,,0.0,0,,,,False,False,False,False,0,,none,0,0,False,-2,0.5,risk_on,7,False
BFH,111.38500213623047,-0.9470830065935076,107.8498123693905,84.05956894287303,62.02096027278336,0.031091118492430438,True,0.9341951863113964,4.295913785822827,54.97486288193309,7.535238624446272,False,True,False,True,32,53.333333333333336,True,0.43238894491012436,1.4451596134553713,False,2.644438125638783,True,1.305143454131974,True,2,2,0.41529520672003145,False,3.7854963670158837,True,2,0,False,False,False,25.0,16.894502229819526,6.248596266093495,0.8581431690230856,6.0,True,9,5,7,7,-2.3966005472546126,114.12000274658203,60163729.80842056,86.04336043360433,True,0.0,0,,,,0.0,0,,,,True,True,False,False,2,power_play,sepa_vcp,7,7,True,1,0.875,risk_on,7,True
BFLY,9.645000457763672,-0.5670036348756513,598.913079064525,579.2254048771543,557.1867962070647,0.12368492391673752,True,1.0228499569172627,17.625709990472156,216.2295281493004,45.694873481846265,True,True,False,False,32,53.333333333333336,True,0.4682997368697504,4.291266068043411,True,3.151454046957656,True,16.204822121934505,False,0,1,0.5434283046269969,False,1.5090954475576053,True,4,1,False,False,False,25.0,36.81592254608453,31.1041975906302,0.8905406211744292,3.0,False,12,2,4,5,-4.0298480127847425,10.050000190734863,55135500.584273145,99.25474254742548,True,0.0,0,,,,0.0,0,,,,False,False,False,False,0,,none,0,0,False,-1,0.625,risk_on,7,False
BG,112.67990112304688,-14.253178614333395,48.880086409678846,39.68245020971028,17.643841539620617,0.06811073286847272,False,1.037308198458439,5.59106192760871,-3.9117005547992356,-6.481946119339332,False,True,False,True,24,40.0,True,0.46182267535224286,1.3987191758879338,True,-0.8332432900509322,True,3.376056076189804,True,2,0,0.4562323804483862,False,0.4142935073556179,False,3,0,False,False,False,25.0,18.242546673086483,9.8420426861884,0.4302485838727787,14.0,False,2,1,2,4,-10.393716800757957,125.75,152550182.17598113,67.20867208672087,False,0.0,0,,,,0.0,0,,,,False,False,False,False,0,,none,0,0,False,-2,0.5,risk_on,7,False
BH,394.5,-17.281726727163893,59.18169595500791,43.329463013013324,21.29085434292366,0.15313951303320716,True,1.0316296817479316,8.314326567945976,-3.28037773919726,3.1669198691540723,True,False,False,False,27,45.0,True,0.43512060147766685,2.281588563167987,False,1.295036991696939,True,1.0942236356653368,True,1,0,0.5715926850062498,False,0.7090101757118209,False,7,1,False,False,False,45.0,34.586907724763684,10.141954313212928,0.6834616915963928,29.0,False,4,2,5,4,-10.948081264108357,443.0,78490100.73782349,69.579945799458,False,0.0,0,,,,0.0,0,,,,False,False,False,False,0,,none,0,0,False,-1,0.625,risk_on,7,False
BH-A,1974.0,-19.853511064730046,47.9937661626437,41.93473866589663,19.896129995806966,0.09044741817103458,True,1.0055506527840858,7.389057008691109,-2.84381323094659,1.8197589043290163,False,True,False,True,29,48.333333333333336,True,0.3842042476881696,2.2131200625713983,False,0.7588682630304336,True,1.787733120765278,True,2,0,0.4827398755063122,False,1.0267519054224912,False,5,1,False,False,False,25.0,15.446941893597636,11.423505572441742,0.6348445270460422,24.0,False,4,2,4,5,-5.640535372848953,2092.0,60383727.47385254,68.69918699186992,False,0.0,0,,,,0.0,0,,,,False,False,False,False,0,,none,0,0,False,-1,0.625,risk_on,7,False
BHP,88.6500015258789,-4.830917795261458,73.37118905634685,65.16670460773216,43.12809593764249,0.2944447536992023,True,0.9201321663830757,3.8691486138040148,24.238227072768794,5.977286202981302,True,True,False,True,29,48.333333333333336,True,0.3854821235152995,0.8096832029530701,False,1.5877310758905185,True,0.8532423060074512,True,2,1,0.5349705088420791,False,1.9227229537210206,True,3,1,False,False,False,45.0,18.139192092425034,10.06203949848931,0.695652232381796,40.0,False,6,3,5,6,-5.520622619727334,93.83000183105469,205593281.54412383,80.55555555555556,True,0.0,0,,,,0.0,0,,,,False,True,False,False,1,,power_play,6,6,True,0,0.75,risk_on,7,False
BIDU,104.58499908447266,-35.64792251104154,20.545178088231708,14.840232167494483,-7.198376502595183,0.15748383901506802,False,0.7252366475019388,6.674000495325232,-24.42188510324107,-2.6119753432517157,False,True,False,True,18,30.0,False,0.37108743603113287,0.9202880190671595,False,-2.573092260296625,True,-4.340073783145437,True,2,3,0.6376439063046286,True,1.293866753797155,True,1,3,True,False,False,35.0,16.316314653599196,10.51776076520818,0.21804703077657572,30.0,False,0,5,3,5,-12.758590690165562,119.87999725341797,195705580.5515415,44.85094850948509,False,0.0,0,,,,0.0,0,,,,False,False,False,False,0,,none,0,0,False,-1,0.625,risk_on,7,False
BIIB,209.69000244140625,-3.203620128781559,63.82031440734863,60.472951235749406,38.43434256565974,0.13064483172407132,True,0.9132872990674777,6.965041517236922,8.193594284531969,4.871220626067485,True,True,False,True,23,38.333333333333336,False,0.47314311478950105,1.9802197691016938,True,1.0616142880801835,True,1.6530946685518577,True,2,0,0.5096341440174943,False,0.8266464650164779,False,4,1,False,False,False,55.0,15.84744544455147,7.642230773955112,0.7119472524544647,29.0,False,5,2,6,6,-4.564900201881028,219.72000122070312,252001834.7108841,78.5230352303523,False,0.0,0,,,,0.0,0,,,,True,True,False,False,2,power_play,sepa_vcp,6,6,True,0,0.75,risk_on,7,False
BILL,49.400001525878906,-12.271354428859349,54.56821946493498,22.24697280973269,0.2083641396430238,0.0780771230103461,False,1.0204506536405202,5.182188854690463,6.534402984233534,19.728559223177466,True,True,False,True,27,45.0,True,0.42699322799969636,1.8011762049642086,False,4.533250893205579,False,5.106386225274262,False,1,2,0.5578224099191764,False,3.128988627791729,True,1,1,False,False,False,25.0,18.467386208029836,10.890690084891684,0.9371616419152178,2.0,True,2,3,6,4,-1.160460227430149,49.97999954223633,99688554.70568733,52.03252032520326,False,0.0,0,,,,0.0,0,,,,True,False,False,False,1,,sepa_vcp,6,6,True,0,0.75,risk_on,7,False
BIO,360.07000732421875,-0.555120228288486,48.96777018854019,25.39002741757166,3.3514187474819934,0.03954837995540726,False,1.2381029718157266,6.893106012539947,23.13452937215006,13.809343753436343,True,True,False,True,33,55.00000000000001,True,0.506413811879227,1.7414678098145502,True,4.114932761726717,False,5.151422195993027,False,1,3,0.780360013190615,True,3.068092755827255,True,2,0,False,False,False,25.0,21.59614982185783,12.55033785713668,0.950006444369562,0.0,True,5,4,5,4,-1.0796683175223198,364.0,98866918.59626313,54.33604336043361,False,0.0,0,,,,0.0,0,,,,False,False,False,False,0,,none,0,0,False,-1,0.625,risk_on,7,False
BIRK,43.02000045776367,-19.438203691969637,37.928822446759504,-14.353970038184183,-36.392578708273845,1.0513631628506448,False,1.0171593627178783,18.217112313216614,9.132426321760722,5.934498426965784,False,False,False,False,25,41.66666666666667,True,0.43725063819330806,2.0627270210238753,False,0.020329652181240346,True,15.645160149089033,False,0,0,0.4069425829394039,False,0.32704100838186456,False,6,2,True,False,False,25.0,23.46612635685267,18.217112313216614,0.644121798805617,23.0,False,2,2,2,4,-8.351082836876822,46.939998626708984,63672078.168968394,17.208672086720867,False,0.0,0,,,,0.0,0,,,,False,False,False,False,0,,none,0,0,False,-2,0.5,risk_on,7,False
BJ,93.17500305175781,-13.822603880110119,11.160824852056471,-13.822603880110119,-35.86121255019978,0.07728803884281338,False,0.9567656023961699,5.2857557182177075,-7.085157373382334,-0.7826648724198915,False,False,False,True,28,46.666666666666664,True,0.4251642428714142,1.1802591822922621,False,0.9338642133711881,True,-4.121215518461641,True,2,0,0.35876584205682194,False,0.7509716178233743,False,5,3,True,False,False,35.0,17.003793922950727,8.14918386975324,0.584408883176491,10.0,False,1,2,2,4,-7.066625706675889,100.26000213623047,133684208.57011414,18.021680216802167,False,0.0,0,,,,0.0,0,,,,False,False,False,False,0,,none,0,0,False,-2,0.5,risk_on,7,False
BKD,12.925000190734863,-22.9278483129007,79.76356172285574,74.89851724289008,52.859908572800414,0.051799760138586594,False,1.0004033756632766,16.3249561254482,-20.754134801021195,-10.86206765010439,False,False,False,False,25,41.66666666666667,True,0.5043647901485855,2.5666468609956725,True,-2.142328470805343,True,-9.9930327315511,False,0,0,0.33801851946436756,False,0.4200315501313017,False,7,1,False,False,False,25.0,21.41951946538153,19.574473108782694,0.15532560781922625,19.0,False,3,1,1,2,-18.092519585225396,15.779999732971191,74439007.29431367,84.34959349593495,True,0.0,0,,,,0.0,0,,,,False,False,False,False,0,,none,0,0,False,-4,0.25,risk_on,7,False
BKH,74.11000061035156,-2.620776602069963,30.734888177967747,26.6700749640691,4.631466293979436,0.05527113743741626,True,0.9103322628655373,4.493312878471395,5.670880231859776,-0.4967813237183316,False,True,False,True,24,40.0,True,0.4689599331814695,1.0737823265726278,True,0.4511523227570207,True,1.8694166465313522,True,2,0,0.46602211873321464,False,0.38312220274503955,False,3,2,True,False,False,45.0,12.079745766376877,6.463366449977177,0.7162892981859812,16.0,False,5,3,4,6,-3.427153149113704,76.73999786376953,53497839.02155991,55.08130081300813,False,0.0,0,,,,0.0,0,,,,False,True,False,False,1,,power_play,6,6,True,0,0.75,risk_on,7,False
BKNG,213.52999877929688,-5.899049294005931,38.88717189239017,-1.4308614428273136,-23.46947011291698,0.15108407919782166,False,1.18411993418913,3.994754286545668,24.381516709628094,23.549150330986723,False,True,False,True,29,48.333333333333336,True,0.41109877520030935,1.5443816323762036,False,3.807572001260833,True,2.960605336669331,True,2,1,0.6262432714632701,True,1.095528263795424,False,3,3,True,False,False,25.0,21.039456798717552,11.857822071356509,0.9524018636029837,4.0,True,3,5,4,5,-1.0014389344244923,215.69000244140625,1181599674.2449164,28.523035230352306,False,0.0,0,,,,0.0,0,,,,False,False,False,False,0,,none,0,0,False,-1,0.625,risk_on,7,False
BKR,62.915000915527344,-9.060407199300569,49.29619971927286,49.12199723488329,27.083388564793623,0.10682874751948399,False,1.0574292584192126,5.658424075004896,3.5944327757286176,12.58059260071307,True,True,False,True,25,41.66666666666667,True,0.5301068557824711,1.3940489496305821,True,1.911653275629505,True,0.631798552257723,True,2,0,0.5357808254675079,False,0.5480184059946264,False,4,1,False,False,False,55.0,21.08996788001674,9.912651153534327,0.7785580896939114,48.0,False,4,2,4,5,-4.6702027756449604,65.9972041768423,509076065.4606651,73.17073170731707,False,0.0,0,,,,0.0,0,,,,False,False,False,False,0,,none,0,0,False,-1,0.625,risk_on,7,False
BLDR,74.76000213623047,-49.89612038581694,13.25556690930243,-41.93848607825048,-63.97709474834014,0.11295649133194748,False,1.0094264186978694,7.811669074919611,-41.78476623408874,7.198170958173877,True,True,False,True,23,38.333333333333336,False,0.5553303843717231,2.6316865003227217,True,-0.45488117764014296,True,3.1030201816471426,True,2,0,0.5732486551922663,False,0.6688777448972412,False,4,1,False,False,False,25.0,18.602322353802283,15.636706938697367,0.6485217276274886,17.0,False,1,1,3,5,-6.538312123030976,79.98999786376953,166930371.74479142,4.0650406504065035,False,0.0,0,,,,0.0,0,,,,False,False,False,False,0,,none,0,0,False,-1,0.625,risk_on,7,False
BLK,1174.54248046875,-0.7543486911688158,27.983661680587524,3.3725740456932662,-18.6660346243964,0.060400851564469595,False,0.867639953349651,4.285921255076466,12.514501578934144,13.246021998690027,False,True,False,True,29,48.333333333333336,True,0.49857521312594566,1.156088540039837,True,5.349988996738461,False,4.006236578805877,True,2,0,0.5510876946355074,False,0.988017933273657,False,3,1,False,False,False,35.0,19.478207874019997,7.368820472399701,0.992155170461886,0.0,True,5,1,4,4,-0.1528032204796359,1176.3399658203125,794228123.0914307,32.926829268292686,False,0.0,0,,,,0.0,0,,,,False,False,False,False,0,,none,0,0,False,-2,0.5,risk_on,7,False
BMI,132.94000244140625,-30.427251215716534,17.611953918841074,-30.427251215716534,-52.465859885806196,0.06623700778601498,False,0.8633136124735531,7.409350582092834,-15.582199346544556,7.905848810415117,False,True,False,True,27,45.0,True,0.48355211853666524,2.374477437302247,True,-0.8603295975673133,True,-3.083761598020285,True,2,0,0.5099185745744813,False,0.7760995948906763,False,8,2,True,False,False,25.0,22.290242280240193,8.086354597998522,0.35703982107645277,19.0,False,1,2,3,4,-14.33173816475245,155.17999267578125,68085414.99541473,8.062330623306233,False,0.0,0,,,,0.0,0,,,,False,False,False,False,0,,none,0,0,False,-2,0.5,risk_on,7,False
BMNR,18.17020034790039,-71.25033755077143,36.51540026340325,-70.50862069552642,-92.54722936561609,0.1280677303596222,False,1.0010480061713132,9.163349750136934,-7.952378122691606,9.525016159002275,False,True,False,False,24,40.0,True,0.5252897549688789,3.1794911764239515,True,1.67374559779526,True,-0.7092835768937711,True,1,2,0.5560885372997062,False,1.5728606762452075,True,2,1,False,False,False,25.0,25.80310745646847,15.272256581644852,0.7731327323269579,4.0,False,2,3,4,4,-5.853880486122898,19.299999237060547,542325389.7169666,0.6097560975609756,False,0.0,0,,,,0.0,0,,,,False,False,False,False,0,,none,0,0,False,-2,0.5,risk_on,7,False
BMO,183.6199951171875,0.0,65.63668961441087,65.19632929992684,43.15772062983718,0.14550237753580372,True,0.9913675950250265,2.4234899931193343,28.796750915587044,3.8791038013264556,False,True,False,True,34,56.666666666666664,True,0.4914267011476448,0.9197699012973274,True,3.178551058838103,True,1.5484944583307403,True,2,0,0.41967423536013754,False,0.8986591945369271,False,5,1,False,False,False,65.0,19.903585874397823,5.075703938599203,0.967378392813258,0.0,True,7,2,5,6,-0.6492869600021933,184.82000732421875,129089178.88724442,80.62330623306234,True,0.0,0,,,,0.0,0,,,,False,True,False,False,1,,power_play,6,6,True,0,0.75,risk_on,7,False
BMRN,69.12000274658203,-1.5945261264952326,39.15845640154916,18.559182935020257,-3.479425735069409,0.119206151944492,False,1.3110204609557572,12.702549544427368,15.315322539534538,17.41125191212758,False,False,False,False,25,41.66666666666667,True,0.4241371839021693,1.3961438773766053,False,4.314270437691844,False,12.46339696748322,False,0,1,0.5807883481688478,False,1.7163369121128398,True,3,0,False,True,True,25.0,19.103979355706368,17.49132448910819,0.8628318658757456,1.0,True,4,2,2,3,-2.620457202570514,70.9800033569336,133166566.09822464,48.577235772357724,False,0.0,0,,,,0.0,0,,,,False,False,False,False,0,,none,0,0,False,-3,0.375,risk_on,7,False
BMY,64.4000015258789,-2.261341444182219,56.28187045676467,41.047264244817285,19.00865557472762,0.1010371564840331,True,1.1787565754741487,3.4937887370947434,9.920628564575185,4.698428358327522,False,True,False,True,26,43.333333333333336,True,0.4277174876406518,1.0856931476538088,False,2.7930816714721036,True,0.38971160413636685,True,2,1,0.5727664595326816,False,0.9867107194451515,False,0,1,False,False,False,25.0,16.622613727555326,7.919252101370958,0.6731451371033237,8.0,False,6,3,4,6,-5.433182130904502,68.0999984741211,765674576.6386719,68.15718157181571,False,0.0,0,,,,0.0,0,,,,False,True,False,False,1,,power_play,6,6,True,0,0.75,risk_on,7,False
BN,44.75,-8.684765555520524,17.144266584116387,1.9584972787615618,-20.080111391328103,0.1815805817203188,False,0.9538152146767243,4.111732184553945,-5.811417515627182,8.59015043477922,False,True,False,True,23,38.333333333333336,False,0.4313297708713335,0.9031269880252781,False,1.1298656505983369,True,1.7507968753482928,True,2,0,0.5240225298455725,False,0.714986243553881,False,3,1,False,False,False,45.0,11.97849396736391,8.513961024790504,0.6858168589082432,41.0,False,2,2,3,5,-3.7634408602150504,46.5,186467262.83155137,31.300813008130078,False,0.0,0,,,,0.0,0,,,,False,False,False,False,0,,none,0,0,False,-1,0.625,risk_on,7,False
BNO,49.349998474121094,-17.92782704557507,81.43381283048146,68.48752793298635,46.44891926289669,0.1832141368917832,True,1.146483104279359,8.632223440623598,54.7992464656464,-7.670724472021284,True,True,False,False,23,38.333333333333336,False,0.43477932399739716,1.1248677992698963,False,1.1968761085710635,True,4.179859799202124,True,1,1,0.5970965797810012,False,2.3224611559136354,True,4,0,False,False,False,25.0,23.267781442594977,13.292809678061184,0.6003158424740933,15.0,False,4,3,6,4,-9.299763623380496,54.40999984741211,98839032.38922691,82.3170731707317,True,0.0,0,,,,0.0,0,,,,True,False,False,False,1,,sepa_vcp,6,6,True,0,0.75,risk_on,7,False
BNS,90.54499816894531,0.0,61.43371260374144,61.291258135292104,39.25264946520244,0.04074183191365366,True,0.9804925565918812,2.9819477963861214,20.500566310059696,4.543352419886082,False,True,False,True,34,56.666666666666664,True,0.4253283861217607,0.76023146056409,False,3.2925094450986743,True,2.5192464694397954,True,2,0,0.4662182593245662,False,0.6782732217731273,False,6,0,False,False,False,65.0,16.789350965241464,4.141587139913551,0.9839269230158869,0.0,True,7,2,4,6,-0.2698565305776168,90.79000091552734,195241359.80466843,78.92953929539296,False,0.0,0,,,,0.0,0,,,,False,True,False,False,1,,power_play,6,6,True,0,0.75,risk_on,7,False
BNTX,92.32859802246094,-22.63398621108683,10.05912348814939,-17.31273957158963,-39.3513482416793,0.054035288012454594,False,1.029818634112038,2.9243343948376155,-16.323544420170144,0.18293658165389193,True,True,False,True,21,35.0,False,0.4166796204349625,1.127980141509196,False,0.33995032857701685,True,1.2485969410805708,True,2,2,0.5130911365806131,False,3.2433326515387133,True,2,2,True,False,False,25.0,7.216495672770397,6.72598398207722,0.6018368377385854,24.0,True,1,6,6,6,-2.8733427375160714,95.05999755859375,83756158.40582581,15.10840108401084,False,0.0,0,,,,0.0,0,,,,True,True,False,False,2,power_play,sepa_vcp,6,6,True,0,0.75,risk_on,7,False
BNY,162.23500061035156,-0.4265587041501151,63.42746551105856,61.968147114796146,39.92953844470648,0.09109783037535903,True,0.8527747432297461,4.105158342560777,42.30900400603381,1.730519539543618,False,True,False,True,28,46.666666666666664,True,0.39755305106762767,0.7225200860639933,False,3.9070743125278975,True,2.15022864163541,True,2,0,0.48133829647533055,False,0.7864013419258961,False,3,1,False,False,False,55.0,16.317436352985254,5.880363983746406,0.9466393255142618,0.0,True,8,2,5,6,-0.870709409673398,163.66000366210938,484104814.39908296,79.26829268292683,False,0.0,0,,,,0.0,0,,,,False,True,False,False,1,,power_play,6,6,True,0,0.75,risk_on,7,False
BOIL,19.850000381469727,-77.24667484235077,5.923162347431199,-66.87249501326357,-88.91110368335325,0.3459194606718315,False,0.7707178315205252,11.284633390784403,-47.79063613236658,-13.318774182828118,True,True,False,False,28,46.666666666666664,True,0.4289823524726998,1.6894549665972112,False,-4.15994546146716,True,5.923162347431199,False,0,0,0.462329422530385,False,0.6431588233754356,False,6,2,True,False,False,25.0,22.61454754549335,13.954661987561012,0.26765803869293464,14.0,False,1,2,4,2,-16.561582103538484,23.790000915527344,82683809.75649472,0.8130081300813009,False,0.0,0,,,,0.0,0,,,,False,False,False,False,0,,none,0,0,False,-2,0.5,risk_on,7,False
BOOT,165.86000061035156,-20.251945370922186,22.713817783691436,-1.5667652164085721,-23.60537388649824,0.06786510039684109,False,0.9965554596622409,7.849996517875535,-10.827956661101313,12.249598522202332,True,True,False,True,24,40.0,True,0.41651948970821934,1.710425498276336,False,0.47925427490524924,True,1.1094900016510811,True,2,1,0.3703363918933723,False,1.741392020005972,True,5,0,False,False,False,25.0,16.386721181852913,14.078132617147268,0.7801029014707864,3.0,False,2,3,4,4,-3.60339244229666,172.05999755859375,114423225.22776031,28.387533875338754,False,0.0,0,,,,0.0,0,,,,False,False,False,False,0,,none,0,0,False,-2,0.5,risk_on,7,False
BOX,32.70000076293945,-2.6785647382538524,53.018247443889635,3.2196983836424664,-18.8189102864472,0.0458377371574439,False,1.1172556164848912,6.085626069383858,43.42106077699697,15.629419975159964,True,True,False,True,26,43.333333333333336,True,0.5102198930445525,1.86549517164916,True,3.3739886479490537,True,2.6687609773601517,True,2,2,0.645614758593633,True,1.7296925753774417,True,4,2,True,False,False,25.0,17.131883962440074,9.709477562639487,0.8008622532367382,3.0,False,5,5,6,6,-3.411604770089982,33.85499954223633,86320680.8391552,32.859078590785906,False,0.0,0,,,,0.0,0,,,,True,True,False,False,2,power_play,sepa_vcp,6,6,True,0,0.75,risk_on,7,False
BP,42.41999816894531,-9.919679720119634,34.422723133613076,30.30542857845935,8.266819908369683,0.20558982540337523,False,1.1920896946467228,4.455444298043515,16.86259632234521,-3.4372914312330693,False,True,False,True,25,41.66666666666667,True,0.4765421443382718,1.0199366937553962,True,0.9522254193289131,True,0.44991387347508294,True,2,1,0.5494280868872705,False,1.23725185337046,True,4,1,False,False,False,35.0,20.30075200655433,9.570960746205897,0.6949887844579764,9.0,False,2,3,3,5,-6.191957045936314,45.220001220703125,316392847.5653709,59.891598915989164,False,0.0,0,,,,0.0,0,,,,False,False,False,False,0,,none,0,0,False,-1,0.625,risk_on,7,False
BPOP,177.9499969482422,0.0,65.7193684432203,58.4396384296447,36.40102975955504,0.05500894156327406,True,1.045134672011039,3.3605007523925092,22.104651368541983,3.387172900560076,False,True,False,True,29,48.333333333333336,True,0.35017743512685967,0.7350866991121456,False,3.3103006447201637,True,1.0275903059303149,True,2,0,0.44265725446015597,False,1.0237052562170308,False,3,2,True,False,False,55.0,18.486031473681912,3.5459385595994415,0.9682682632830794,8.0,True,7,4,4,6,-0.5865938836635776,179.0,75566116.41660766,77.10027100271003,False,0.0,0,,,,0.0,0,,,,False,True,False,False,1,,power_play,6,6,True,0,0.75,risk_on,7,True
BR,170.08999633789062,-33.97650901369936,25.583279143452884,-33.66364385545542,-55.702252525545084,0.12489604522543277,False,1.3248826490820829,6.414253569878508,1.0054680776299119,17.79086116847246,False,True,False,True,28,46.666666666666664,True,0.37749129463038966,1.31096515100499,False,2.9367243511933157,True,3.241272435745457,True,2,2,0.5279483239751532,False,2.028494647205081,True,1,1,False,True,True,25.0,19.159041871551594,14.451174296121168,0.7979349777712361,7.0,False,2,4,4,5,-3.871372221656888,176.94000244140625,188518006.22527313,6.978319783197833,False,0.0,0,,,,0.0,0,,,,False,False,False,False,0,,none,0,0,False,-1,0.625,risk_on,7,False
BRBR,11.130000114440918,-73.92221172713724,40.88607569723399,-71.84416782661259,-93.88277649670226,0.03801761590123445,False,1.15300781612551,14.016167564260126,-36.83314651348702,-13.72092679403517,False,True,False,False,22,36.666666666666664,False,0.4747909503155441,3.2128760036131063,True,-0.4339238445210912,True,-8.092481998510815,False,0,0,0.5004752772208175,False,1.0396982703957702,False,4,2,True,False,False,25.0,28.324517032084835,27.313566312624722,0.2415940682650231,12.0,False,0,2,2,2,-21.48148173066152,14.175000190734863,50936165.39080544,0.47425474254742545,False,0.0,0,,,,0.0,0,,,,False,False,False,False,0,,none,0,0,False,-4,0.25,risk_on,7,False
BRK-A,762240.375,-3.977579788741714,8.89692698920661,6.53403611510992,-15.504572554979745,0.19411764705882353,False,1.2177912056867979,5.804976546932456,1.694422579181909,3.476413595933936,False,False,False,True,26,43.333333333333336,True,0.48741195925621356,0.7847690920632082,True,1.1596695895179223,True,-3.022853053435115,True,2,2,0.46542704349403435,False,1.70316301703163,True,1,2,True,False,False,55.0,12.84550485483865,5.968327248474604,0.5764029725344768,3.0,False,4,4,3,7,-5.441317672803603,806103.0,123007105.44375,35.84010840108401,False,0.0,0,,,,0.0,0,,,,False,True,False,False,1,,power_play,7,7,True,1,0.875,risk_on,7,False
BRK-B,507.80999755859375,-4.081822758705689,9.112592225676375,6.389977196372443,-15.648631473717224,0.1550350370197035,False,1.2031950121724848,6.021934723476402,1.5599663287990895,3.4552289384104595,False,True,False,True,27,45.0,True,0.39256412503673105,0.660864483292867,False,1.0236629746551884,True,-3.2023766725885694,True,2,2,0.5614475564851706,False,1.3582928851636749,True,2,2,True,False,False,55.0,12.976531417885273,6.11251810255315,0.5710806362945764,3.0,False,4,4,3,7,-5.565885598862785,537.739990234375,2113701309.6381392,35.77235772357724,False,0.0,0,,,,0.0,0,,,,False,True,False,False,1,,power_play,7,7,True,1,0.875,risk_on,7,False
BRKR,58.9900016784668,-8.315192670089022,101.9839229215596,71.63369539412194,49.59508672403228,0.08044122181442027,True,1.1861696075828776,14.468553321854968,57.638596731949335,-5.084472678727614,False,True,False,False,24,40.0,True,0.531094096203304,3.0252514693823245,True,0.15231198601154589,True,15.057540768042088,False,0,2,0.7025279997639279,True,1.4097562073842511,True,4,2,True,False,False,25.0,25.528332625696315,28.259029512331157,0.6214756675204539,9.0,False,6,4,4,6,-9.663095066457517,65.30000305175781,139703368.73835143,83.67208672086721,True,0.0,0,,,,0.0,0,,,,False,True,False,False,1,,power_play,6,6,True,0,0.75,risk_on,7,True
BRO,71.54000091552734,-25.495638142799283,31.860269520067753,-23.523784730123175,-45.56239340021284,0.09864983872820461,False,1.1527007035725465,3.2335336370634673,6.368624600375683,9.074557287316676,False,True,False,True,28,46.666666666666664,True,0.45092148932946713,1.6208825618098464,True,2.4403094617858323,True,0.738427596354474,True,2,2,0.6680201578847318,True,2.11296549222793,True,4,2,True,False,False,35.0,21.816734414431448,6.066465884443393,0.7621584458552809,11.0,False,2,5,5,5,-5.188926019490947,75.45532173829642,184536882.90527725,11.991869918699187,False,0.0,0,,,,0.0,0,,,,False,False,False,False,0,,none,0,0,False,-1,0.625,risk_on,7,False
BROS,52.48500061035156,-29.303607057395674,12.41165593080047,-23.735831381733018,-45.77444005182268,0.19713778693685957,False,0.936574078369581,8.478614292064586,-1.9338562005971949,-17.979372974429488,False,False,False,False,25,41.66666666666667,True,0.4414166702048249,1.873322387682746,True,-3.7679677898203083,True,-1.5844762641861965,True,1,0,0.3427324213295807,False,0.4247483522325605,False,3,2,True,False,False,25.0,29.15414619413123,35.62922116943637,0.14653903818704336,17.0,False,1,2,2,2,-24.88192565167879,69.87000274658203,219679651.46299934,11.653116531165312,False,0.0,0,,,,0.0,0,,,,False,False,False,False,0,,none,0,0,False,-4,0.25,risk_on,7,False
BRX,29.940000534057617,-8.074913065426104,25.380596402752253,22.3027063044257,0.2640976343360357,0.050004046910077656,False,1.0301057967788934,3.5404123147446267,8.615524898799908,-7.678075077664315,False,True,False,True,28,46.666666666666664,True,0.39429041670189674,0.8527678643338169,False,-2.0295824724082925,True,-0.6965143851729638,True,2,0,0.44477847391897835,False,1.0769580531102485,False,4,3,True,False,False,65.0,11.920634656749945,7.882427057135029,0.27320863183586497,16.0,False,2,2,2,5,-8.663814371564094,32.779998779296875,70947649.55894661,52.1680216802168,False,0.0,0,,,,0.0,0,,,,False,False,False,False,0,,none,0,0,False,-1,0.625,risk_on,7,False
BRZE,27.969999313354492,-22.71345572057568,77.1374248317103,16.009948590982816,-6.028660079106849,0.040744548197645086,False,1.0779166976653305,12.209513762472012,57.93337526413171,31.80961460141041,True,True,False,False,27,45.0,True,0.47044139230865617,2.931162693797213,True,2.610652168032676,True,8.790355151147189,False,0,1,0.5296349553783097,False,2.0085489623744386,True,4,1,False,False,False,25.0,29.182879076098533,18.1086902338224,0.8162317690641984,2.0,False,3,2,4,3,-5.362886061428052,29.55500030517578,52247364.95851946,46.40921409214092,False,0.0,0,,,,0.0,0,,,,False,False,False,False,0,,none,0,0,False,-2,0.5,risk_on,7,False
BSX,52.20000076293945,-51.729238896281856,22.448978313495815,-49.07316998737614,-71.1117786574658,0.11467778607905699,False,1.2135352069184768,6.05363946595116,-29.573665908496473,19.779712183816933,True,True,False,True,22,36.666666666666664,False,0.4851521861528223,1.7188739313317034,True,3.1614758216557974,True,5.882356127297617,False,1,3,0.664328615307435,True,3.1350071211310193,True,1,1,False,False,False,55.0,20.676691432799554,14.923373183277858,0.9090909090909091,54.0,True,1,6,6,4,-1.8796992211635999,53.20000076293945,915088585.0900877,2.5745257452574526,False,0.0,0,,,,0.0,0,,,,True,False,False,False,1,,sepa_vcp,6,6,True,0,0.75,risk_on,7,False
BSY,35.34000015258789,-37.43540630822481,24.349050167899698,-31.7010924529462,-53.739701123035864,0.055309950247886805,False,1.1747032880971844,5.362197084271671,4.023691906848392,17.330674528252608,False,True,False,True,24,40.0,True,0.5478121912012502,2.358652162431641,True,1.8036413687655508,True,-0.05656237957704091,True,2,2,0.6017959205357144,True,1.6593401007182953,True,3,3,True,False,False,25.0,20.97423236380706,8.135257463459485,0.7543188091699188,11.0,False,2,5,5,5,-5.152974383886944,37.2599983215332,94971372.12442322,7.791327913279132,False,0.0,0,,,,0.0,0,,,,False,False,False,False,0,,none,0,0,False,-1,0.625,risk_on,7,False
BTDR,9.069999694824219,-64.9806956431959,24.587904305335062,-35.12160234753967,-57.16021101762934,0.18013628023677233,False,0.8689479831806891,32.19404823089728,-12.536163983426851,-25.472476269809118,False,False,False,False,18,30.0,False,0.5061266086509336,6.587883044319131,True,-3.634843159247733,True,-13.78327661449259,False,0,0,0.27335129228939875,False,0.3284175819295019,False,5,1,False,False,False,,,,,,False,0,1,1,1,,,124399826.7089982,6.504065040650407,False,0.0,0,,,,0.0,0,,,,False,False,False,False,0,,none,0,0,False,-5,0.125,risk_on,7,False
BTG,5.159999847412109,-16.17095222660925,41.369855139487925,34.86486629641459,12.826257626324924,0.17012581165359617,False,1.1068991500029393,17.054266288055487,3.700879904223364,34.374999029872285,True,False,False,False,25,41.66666666666667,True,0.3289402936296029,1.6441312463051527,False,4.956261602086401,False,26.16136075562714,False,0,1,0.597596068168105,False,3.1004563102196228,True,3,2,True,True,False,65.0,34.04687531949784,30.038759654104535,0.862754053875111,64.0,False,3,2,3,2,-4.672795615820613,5.412935248385894,102583744.98454437,63.82113821138211,False,0.0,0,,,,0.0,0,,,,False,False,False,False,0,,none,0,0,False,-3,0.375,risk_on,7,False
BTI,57.36000061035156,-12.806895017659459,18.65215530081099,6.210241123123628,-15.828367546966039,0.3307407338023024,False,1.01534124363325,7.775451598701301,-2.6506349832904896,-4.144384251190669,False,True,False,True,21,35.0,False,0.5078241261362808,1.1638491992517117,True,-1.8638886309507388,True,-2.3327072068160204,True,2,0,0.23921060475001993,False,0.5297229236117442,False,6,4,True,False,False,25.0,12.596194241730188,10.756621518989025,0.21321693269672573,19.0,False,0,2,2,4,-9.910472341856325,63.66999816894531,231794287.464386,35.56910569105691,False,0.0,0,,,,0.0,0,,,,False,False,False,False,0,,none,0,0,False,-2,0.5,risk_on,7,False
BTSG,60.400001525878906,-17.158142240955332,169.76330135052896,169.76330135052896,147.7246926804393,0.04267477757275133,False,1.361440871635543,9.933774583481174,59.830643192870234,-13.51660267325958,False,True,False,False,32,53.333333333333336,True,0.455528592866663,2.7118070779628174,True,-1.5107858679736144,True,-0.33002797570629294,True,1,1,0.40504542860476145,False,1.2397012332387198,True,5,1,False,False,False,25.0,22.169489456435382,20.943710606462325,0.183486255656135,13.0,False,5,2,2,2,-18.101692846265895,73.75,208881121.27282602,94.17344173441734,True,0.0,0,,,,0.0,0,,,,False,False,False,False,0,,none,0,0,False,-4,0.25,risk_on,7,False
BTU,24.510000228881836,-37.56153082930934,54.87273734387745,41.37215370018976,19.333545030100098,0.12625234217244452,False,0.91961812245204,10.273165074770285,-31.261157766254644,2.954525843748801,False,True,False,False,23,38.333333333333336,False,0.5028736170957424,2.0915805000896777,True,0.14636573134802422,True,4.530354013701365,True,1,2,0.5770783373470649,False,1.511617192486744,True,2,1,False,False,False,25.0,21.196471447219032,18.123310947572747,0.8387286504503693,0.0,False,2,3,3,5,-3.4183835559832287,25.377500534057617,55462874.965185165,68.36043360433605,False,0.0,0,,,,0.0,0,,,,False,False,False,False,0,,none,0,0,False,-1,0.625,risk_on,7,False
BUD,80.45999908447266,-6.96115175622074,40.953823286414234,33.55340111478411,11.514792444694443,0.09915744739331983,False,1.070666259318382,7.382553453884595,1.8136564579664505,-0.02485620231924557,False,True,False,True,29,48.333333333333336,True,0.5095563737985432,0.9166667125245634,True,-0.6660149340670469,True,-4.180066791954584,True,2,0,0.5184065158323452,False,0.9820831861581015,False,6,3,True,False,False,55.0,10.415700695147097,9.706683628462704,0.3192902799616669,9.0,False,3,2,2,5,-7.09006870419665,86.5999984741211,151337496.5071705,62.601626016260155,False,0.0,0,,,,0.0,0,,,,False,False,False,False,0,,none,0,0,False,-1,0.625,risk_on,7,False
BULL,8.024999618530273,-49.859418685868306,73.32612138605332,-46.553450316109846,-68.5920589861995,0.39668413633777366,False,0.7894847779777021,12.087231316360583,36.71209156703314,2.359687019665646,False,True,False,False,23,38.333333333333336,False,0.486931801003009,2.2865600617328807,True,2.991347281146127,True,11.14958243395261,False,0,2,0.49870614569152794,False,1.4324467825881413,True,1,1,False,False,False,25.0,17.365272094120225,14.82866779594387,0.7758615870255594,16.0,False,2,4,4,5,-3.8922245280454515,8.350000381469727,62693635.080700874,3.116531165311653,False,0.0,0,,,,0.0,0,,,,False,False,False,False,0,,none,0,0,False,-1,0.625,risk_on,7,False
BURL,354.57000732421875,-4.734139821491146,46.2566588443577,23.401671908351872,1.3630632382622068,0.09524518950652339,True,0.89432871488259,7.4569201836718,20.70468334441489,4.445032358178613,False,False,False,True,26,43.333333333333336,True,0.4500950571480294,1.4223290318327781,True,1.3851370134970837,True,-4.467193006849368,True,2,0,0.3195196502254758,False,0.853819628197082,False,4,1,False,False,False,35.0,19.313821108569034,7.832027232313843,0.6748325333273192,11.0,False,4,2,4,4,-6.280226281642742,378.3299865722656,234633795.17674255,53.04878048780488,False,0.0,0,,,,0.0,0,,,,False,False,False,False,0,,none,0,0,False,-2,0.5,risk_on,7,False
BWA,68.49500274658203,-11.080093688134351,80.33190491704887,80.09794096881578,58.05933229872611,0.05003464683327944,True,0.8966596838815662,6.48222828435146,30.566665842545305,11.157098237370878,True,True,False,True,23,38.333333333333336,False,0.4079858019249142,1.377395580102543,False,0.22185539779986554,True,4.0957440271003565,True,2,0,0.5159881830633314,False,0.9704706615391056,False,4,0,False,False,False,35.0,18.67045870778758,15.285794022284135,0.6109501444826867,34.0,False,6,1,4,5,-7.263739262706725,73.86000061035156,144421939.5676422,85.43360433604336,True,0.0,0,,,,0.0,0,,,,False,False,False,False,0,,none,0,0,False,-1,0.625,risk_on,7,False
BWET,355.70001220703125,0.0,3067.4089644370333,2915.68469611061,2893.64608744052,0.4992863017696532,True,0.9438797879553107,22.232222202965822,802.1050201725214,57.92044198730344,False,False,False,False,27,45.0,True,0.4719091275765176,2.795892867840613,True,7.243410220079504,False,32.72388515187734,False,0,0,0.454175447821991,False,0.5036434164368445,False,4,0,False,True,True,,,,,,False,12,0,2,4,,,52652029.625622556,99.93224932249322,True,0.0,0,,,,0.0,0,,,,False,False,False,False,0,,none,0,0,False,-2,0.5,risk_on,7,False
BWXT,170.3699951171875,-28.446397223414387,8.212647659601856,-3.0756262983227867,-25.114234968412454,0.15345719465744082,False,0.9476381788152728,5.88131980961129,-13.238431038870468,-3.565972217723845,True,True,False,True,21,35.0,False,0.410604361417875,1.5678103500238385,False,-1.8447731304450674,True,2.201558629952949,True,2,0,0.3513057767217294,False,0.768484479748083,False,4,0,False,False,False,25.0,16.732915869941447,8.235017421727614,0.42033551944420683,24.0,False,0,1,4,4,-9.699476985933398,188.6699981689453,146452798.12527084,26.897018970189702,False,0.0,0,,,,0.0,0,,,,False,False,False,False,0,,none,0,0,False,-2,0.5,risk_on,7,False
BX,148.64999389648438,-18.019931523990927,48.411454459297644,-12.422159681272493,-34.46076835136216,0.09319596898063162,False,1.0442909371719487,9.660276622918301,16.789527177448306,20.61554758846931,False,True,False,False,29,48.333333333333336,True,0.5324906449284337,1.9190718198965124,True,5.021476265823642,False,11.390031694146408,False,0,2,0.6326793812179855,True,1.7653941686973622,True,3,0,False,False,False,25.0,20.345371169885855,15.52259695607362,0.9891126352027599,0.0,True,2,3,4,3,-0.22150747786180425,148.97999572753906,681394364.0412903,19.10569105691057,False,0.0,0,,,,0.0,0,,,,False,False,False,False,0,,none,0,0,False,-2,0.5,risk_on,7,False
BXP,69.4000015258789,-8.157473576485296,38.23117258030215,10.673740181495317,-11.364868488594349,0.06108544996625459,False,1.1298077792036803,4.466856492741027,20.35262468012884,2.2995360734077375,False,True,False,True,26,43.333333333333336,True,0.5419993456156786,1.5864334138282894,True,1.0785439324132942,True,0.8574393085579501,True,2,0,0.4610736992169839,False,0.7322391598310608,False,3,2,True,False,False,55.0,22.329727585267268,7.608067238050406,0.6689354277222344,11.0,False,3,3,4,6,-7.392581712095536,74.94000244140625,99612381.8872284,40.176151761517616,False,0.0,0,,,,0.0,0,,,,False,True,False,False,1,,power_play,6,6,True,0,0.75,risk_on,7,False
BYD,83.12000274658203,-8.919569580435983,8.959929063615313,-0.5450134776794902,-22.583622147769155,0.03297050897345234,False,0.9677194204728862,3.657363829493318,1.6369733135781939,-3.97411611487527,False,True,False,True,24,40.0,True,0.5784076633367577,1.4764718379332207,True,-1.715840748568822,True,-1.1887778974669971,True,2,0,0.37636534417432144,False,1.0937882424871495,False,4,3,True,False,False,65.0,15.60749493525634,8.301252764531027,0.4189310762232297,12.0,False,2,2,2,5,-9.069030284880796,91.41000366210938,86191754.2561245,29.268292682926827,False,0.0,0,,,,0.0,0,,,,False,False,False,False,0,,none,0,0,False,-1,0.625,risk_on,7,False
C,138.1649932861328,-4.669827991994813,52.379145311543795,49.062701354750146,27.02409268466048,0.10731928937520652,True,0.9253081549481965,4.617659996415154,25.527984094505808,5.2983381648084915,False,True,False,True,29,48.333333333333336,True,0.3979221750764405,1.1027161837743436,False,0.5601464778938547,True,3.2468881513263215,True,2,0,0.48105478044382866,False,0.8176563556275305,False,3,0,False,False,False,65.0,19.059204886345984,5.8480818034141295,0.6775694047790999,38.0,False,6,2,5,6,-6.145270775941625,147.21154110017517,1294680128.4979317,73.1029810298103,False,0.0,0,,,,0.0,0,,,,False,True,False,False,1,,power_play,6,6,True,0,0.75,risk_on,7,False
CACC,583.5,-11.214243888938679,41.95698420345626,19.54272961241155,-2.495879057678117,0.14170258620689655,False,0.9481532603055639,4.611831050503428,20.274556289247812,-1.5306220720105013,False,True,False,True,22,36.666666666666664,False,0.405015060716926,1.5980069694238448,False,-0.49866353938247243,True,0.37846417568045965,True,2,0,0.5340403528413828,False,0.7330133837103506,False,5,2,True,False,False,25.0,14.779236454309011,12.222794742796701,0.38038542228577416,18.0,False,1,2,2,5,-9.157430354575368,642.3200073242188,72668808.19570923,49.1869918699187,False,0.0,0,,,,0.0,0,,,,False,False,False,False,0,,none,0,0,False,-1,0.625,risk_on,7,False
CACI,668.2650146484375,-1.7372959276122035,50.76140412526375,35.03303660777295,12.994427937683284,0.08122349802277383,False,1.3321954565227112,10.382109397019999,4.863714621313298,48.06572453200755,False,False,False,False,31,51.66666666666667,True,0.5923266332685074,2.4219881880653222,True,5.290876712775408,False,6.277936672104079,False,0,3,0.7233569898963934,True,2.7912934060133634,True,1,1,False,True,False,25.0,34.14302405484778,31.656605339700395,0.9351776501427327,0.0,True,5,4,3,3,-2.213231050468434,683.3900146484375,166921232.42383423,63.956639566395665,False,0.0,0,,,,0.0,0,,,,False,False,False,False,0,,none,0,0,False,-3,0.375,risk_on,7,False
CAG,15.395000457763672,-20.26256385533599,23.774238229801735,-14.892742518990776,-36.931351189080445,0.08213886928701775,False,0.8879898873410071,5.358887550558055,-19.94265843592582,8.356297398414302,False,True,False,True,31,51.66666666666667,True,0.5634993605953816,1.793651420763522,True,3.1537278802392796,True,3.670034089521046,True,2,2,0.629245687606949,True,1.803802759521629,True,3,1,False,False,False,45.0,18.34394844622454,5.878536276295578,0.9551389545859068,11.0,True,2,5,6,5,-0.8229287043198585,15.52274155370651,184891779.15507144,16.802168021680217,False,0.0,0,,,,0.0,0,,,,True,False,False,False,1,,sepa_vcp,6,6,True,0,0.75,risk_on,7,False
CAH,232.3300018310547,-3.30058805339547,60.74105041349229,58.48383038022431,36.445221710134646,0.12429538434788488,True,1.1265268084590991,12.086250742891474,8.527929158663628,2.8099859383888814,True,True,False,False,28,46.666666666666664,True,0.49156288167475687,1.2379949580333185,True,0.6035645044046549,True,-2.2427003908628063,True,1,0,0.4762470291070781,False,0.9397086303832254,False,3,3,True,False,False,45.0,18.31563746567042,14.1651909542237,0.45105947848095773,2.0,False,6,2,4,5,-10.054195582358826,258.29998779296875,452431853.85597384,77.30352303523034,False,0.0,0,,,,0.0,0,,,,False,False,False,False,0,,none,0,0,False,-1,0.625,risk_on,7,False
CAI,22.940000534057617,-41.62849623563143,57.663231844253396,-33.08050947798738,-55.11911814807704,0.08206973165026307,False,0.999848350286792,15.431555910049308,11.089593016129706,46.58147663400367,False,True,False,False,25,41.66666666666667,True,0.4768710922061375,2.7117688858872024,True,4.752868418602362,False,14.700002670288082,False,0,2,0.6403108574297744,True,1.6438549662794895,True,3,2,True,True,False,25.0,36.13694102229695,36.748038835745774,0.9157895558722077,2.0,False,2,3,3,3,-3.0431078529074673,23.65999984741211,89542700.5868744,7.181571815718158,False,0.0,0,,,,0.0,0,,,,False,False,False,False,0,,none,0,0,False,-3,0.375,risk_on,7,False
CAKE,116.86499786376953,-0.36235233049738413,174.2729302081399,94.06142283188616,72.0228141617965,0.11121944090690829,True,1.3370514470870092,11.02606769808672,95.34645596388565,38.74160101655064,False,False,False,False,38,63.33333333333333,True,0.4838855335433105,1.9076983265181506,True,7.783574042222283,False,9.198733876808273,False,0,3,0.6652798359483846,True,3.202959480709928,True,2,1,False,True,False,25.0,36.36159556198207,15.514845684157663,0.9629706266236575,0.0,True,10,4,4,4,-1.3464470986241928,118.45999908447266,192250037.1201477,87.8048780487805,True,0.0,0,,,,0.0,0,,,,False,False,False,False,0,,none,0,0,False,-2,0.5,risk_on,7,False
CALM,82.93000030517578,-26.914967133993606,16.00829597235729,-22.149273729668828,-44.18788239975849,0.05984958546163916,False,1.0272120070597717,6.01712027662696,0.12343870896429632,-5.9110496035294275,False,True,False,True,26,43.333333333333336,True,0.4223865661770083,1.727337218624633,False,-0.06406216568590482,True,-2.262814618118003,True,2,1,0.4739490434578646,False,1.7361327241272235,True,4,3,True,False,False,35.0,20.25196946512057,11.395148816431874,0.3613271586261395,11.0,False,1,3,3,4,-12.93438288170522,95.25,81190784.47186661,12.940379403794038,False,0.0,0,,,,0.0,0,,,,False,False,False,False,0,,none,0,0,False,-2,0.5,risk_on,7,False
CAMT,174.02000427246094,-16.11877053851991,126.79525173868753,101.10944958674479,79.07084091665513,0.08979039422543032,False,0.9236581162583972,17.130213094306452,9.854176030225915,10.989228728956157,False,False,False,False,23,38.333333333333336,False,0.4357523635418738,3.080204650390303,False,1.2392300625069044,True,16.269129686251272,False,0,3,0.6087531963308959,True,1.2505751211631664,True,2,0,False,False,False,35.0,29.627361891086938,29.059877286089137,0.8964092074839495,33.0,False,3,4,2,3,-3.0691218984575275,179.52999877929688,82227798.32566528,88.75338753387534,True,0.0,0,,,,0.0,0,,,,False,False,False,False,0,,none,0,0,False,-3,0.375,risk_on,7,False
CAR,140.13499450683594,-80.37242457566815,59.80726491651429,-13.094577050024226,-35.13318572011389,0.03231824840027754,False,0.9663612164599057,5.523238689674645,20.287548932906386,-11.886946414342725,False,True,False,True,25,41.66666666666667,True,0.32281201920265545,1.7835386362489425,False,-2.6349968036290097,True,1.2901975602261695,True,2,2,0.5262608910942072,False,2.0331111244810782,True,2,2,True,False,False,25.0,21.894738269828213,13.722479381551626,0.1756142232771508,21.0,False,1,4,4,5,-18.049710814715823,171.0,66634533.47892761,18.56368563685637,False,0.0,0,,,,0.0,0,,,,False,False,False,False,0,,none,0,0,False,-1,0.625,risk_on,7,False
CARR,62.96500015258789,-16.85339256495636,26.466492951015887,-4.648140430723203,-26.686749100812868,0.04315597652770506,False,0.9792918271697341,3.4889288355549533,-2.27076531242999,-8.944325722070046,False,True,False,True,22,36.666666666666664,False,0.45241491371991877,1.6082234115202976,True,-2.2503617646698912,True,-1.555658139661098,True,2,0,0.4150275356423706,False,0.8274000183257795,False,5,2,True,False,False,25.0,16.385871194513072,7.980626560313565,0.33647335371066717,22.0,False,0,2,2,4,-10.872462160224238,70.64595486277186,454504079.2658386,25.203252032520325,False,0.0,0,,,,0.0,0,,,,False,False,False,False,0,,none,0,0,False,-2,0.5,risk_on,7,False
CART,48.85499954223633,-3.3722345426109412,48.360155145694094,8.30192613880254,-13.736682531287126,0.09115124359164546,False,1.0180940728920802,9.63463468739276,46.97652549724474,14.871857381802677,False,True,False,False,26,43.333333333333336,True,0.38877254406773515,1.3876656354620491,False,1.788170011218176,True,8.494339033155928,False,0,1,0.5964115051734302,False,2.4586414464413466,True,6,3,True,True,True,25.0,17.54798797137677,14.891007254210475,0.7539061252693384,4.0,False,5,4,3,4,-4.318452353603153,51.060001373291016,186446919.81164473,38.143631436314365,False,0.0,0,,,,0.0,0,,,,False,False,False,False,0,,none,0,0,False,-2,0.5,risk_on,7,False
CASY,848.0549926757812,-7.3764674190523465,72.08763623649588,65.21534662559945,43.176737955509786,0.05101875613578822,True,0.8290092771642589,4.900625303491668,27.926696597947,-3.0344570385637093,True,True,False,True,20,33.33333333333333,False,0.4912050555419877,1.5263410250843819,True,0.5920864743288411,True,1.8782597831162873,True,2,0,0.5092093963021198,False,0.9187471213006565,False,5,0,False,False,False,35.0,13.804784220113623,8.073765415505509,0.6989605547247139,11.0,False,3,2,5,5,-4.15578458376803,884.8264749133274,238589581.7082184,80.6910569105691,True,0.0,0,,,,0.0,0,,,,False,False,False,False,0,,none,0,0,False,-1,0.625,risk_on,7,False
CAT,852.5999755859375,-19.787624656790438,110.96022253746871,107.94652369081983,85.90791502073017,0.0877715494712199,False,0.9807109703506119,4.14497160068317,12.860235396316511,-4.6884436103004745,True,True,False,True,25,41.66666666666667,True,0.4507226446295552,1.816669263744326,True,-1.504786010703033,True,-0.5087806052705091,True,2,0,0.18562628465550818,False,0.3164225453980138,False,3,1,False,False,False,25.0,19.40541080538453,15.297911847363713,0.40996799588183364,22.0,False,3,1,3,4,-11.449813428237354,962.8437935531342,2579561669.126526,89.76964769647697,True,0.0,0,,,,0.0,0,,,,False,False,False,False,0,,none,0,0,False,-2,0.5,risk_on,7,False
CAVA,72.38500213623047,-25.67511798965648,66.05873338574202,2.746636297812599,-19.291972372277066,0.19129830805927353,False,0.9181392151797305,17.586510122056605,13.795003052477428,14.515113407131231,False,False,False,False,23,38.333333333333336,False,0.38564471134493983,1.9335290953535405,False,-0.04803139100312964,True,16.318500190734863,False,0,0,0.34959119669620586,False,1.0068979942957506,False,7,1,False,True,True,25.0,19.164092775729646,17.586510122056605,0.8579943041709669,21.0,True,1,2,2,3,-2.721410329549634,74.41000366210938,252780660.27941704,32.38482384823848,False,0.0,0,,,,0.0,0,,,,False,False,False,False,0,,none,0,0,False,-3,0.375,risk_on,7,False
CB,345.04998779296875,-5.075656728206668,29.43636683343911,28.68308827630004,6.644479606210375,0.08391792368254217,False,0.8445925577341572,2.8517596539648795,5.49376419835883,-2.3213056495488327,False,True,False,True,26,43.333333333333336,True,0.433222737673007,0.8654041259919117,False,0.4812482907685661,True,-2.536511317484791,True,2,1,0.4609415829809026,False,1.7248800804184283,True,3,2,True,False,False,55.0,15.921925235710766,4.239966787534146,0.6419490986770272,11.0,False,2,4,4,5,-5.700859681443227,365.9100036621094,636308746.8667908,57.58807588075881,False,0.0,0,,,,0.0,0,,,,False,False,False,False,0,,none,0,0,False,-1,0.625,risk_on,7,False
CBRE,149.69000244140625,-12.773147305509125,20.097884446747095,-6.2445202254929,-28.283128895582564,0.06761165459680166,False,1.1424513151946156,6.1193155940356885,9.840037996937934,10.431574379418706,True,True,False,True,29,48.333333333333336,True,0.46731489920885866,1.2874887889666966,True,2.1423982950628906,True,1.5191627938455188,True,2,1,0.5357637132758188,False,1.5264504114270299,True,5,1,False,False,False,45.0,16.024300029973332,6.172760600215044,0.8618018932593845,11.0,True,2,4,5,4,-2.2145279259858985,153.0800018310547,244574748.01747894,24.1869918699187,False,0.0,0,,,,0.0,0,,,,False,False,False,False,0,,none,0,0,False,-1,0.625,risk_on,7,False
CBSH,60.20000076293945,-0.21548328223043312,27.431658097373955,3.9587826737349507,-18.079825996354714,0.05104835069521273,False,0.9368676017987929,3.5382077095030757,12.87962232378792,2.6427948793430467,False,True,False,True,30,50.0,True,0.41904441221589084,0.6550027000831611,False,2.8490552109043206,True,1.8095715804091084,True,2,1,0.44183155561401294,False,1.1549574454604972,False,2,2,True,False,False,65.0,18.97596972768769,3.5382077095030757,0.9377173516257837,11.0,True,5,5,3,6,-1.181873650109344,60.91999816894531,60458841.65635929,33.265582655826556,False,0.0,0,,,,0.0,0,,,,False,True,False,False,1,,power_play,6,6,True,0,0.75,risk_on,7,False
CBZ,54.79999923706055,-17.66826735710244,117.97931808870614,-15.731200575530657,-37.76980924562032,0.06125949533919628,False,0.711316955014732,0.9124087718268732,95.43508362267804,36.14906642747962,False,True,False,True,29,48.333333333333336,True,0.3699164886015716,1.0177871621427366,False,11.46132993806923,False,0.5689072289316144,True,2,2,0.4342952772538958,False,5.2657372592739655,True,2,1,False,True,True,25.0,33.29733539008403,1.8248175436537464,0.9589188034470016,10.0,True,4,4,6,5,-1.3678943798511534,55.560001373291016,109552600.11646271,16.463414634146343,False,0.0,0,,,,0.0,0,,,,True,False,False,False,1,,sepa_vcp,6,6,True,0,0.75,risk_on,7,False
CCC,6.980000019073486,-30.408771636070643,65.40285227730998,-27.743269882727674,-49.78187855281734,0.04984627728330035,False,1.0817363778589781,7.879652040039839,40.72580575384781,21.602792637633982,False,True,False,True,30,50.0,True,0.39843502276124604,2.145990233069259,False,4.2952465739936185,False,7.384615678053641,False,1,2,0.7476150643738599,True,1.122990062291262,False,2,1,False,False,False,25.0,23.672318309550295,18.83954231557452,0.9403341899900052,0.0,True,3,3,4,3,-1.4124280467537442,7.079999923706055,58562471.86506639,9.417344173441734,False,0.0,0,,,,0.0,0,,,,False,False,False,False,0,,none,0,0,False,-2,0.5,risk_on,7,False
CCEP,107.19000244140625,-4.046188058464207,27.670702536501434,16.137763565682572,-5.900845104407093,0.07686216481033414,False,1.1261669627232995,3.6197380026545933,12.090033226646701,0.9892623495343811,False,True,False,True,30,50.0,True,0.42926682938550753,0.917002165255334,False,1.7815884088372882,True,-0.9792125252598205,True,2,2,0.6829626800719324,True,1.732162874251497,True,5,4,True,False,False,45.0,18.509722226137487,8.648198583191787,0.6920154255907432,11.0,False,3,5,4,6,-5.700708922250519,113.66999816894531,208580837.40341035,46.612466124661246,False,0.0,0,,,,0.0,0,,,,False,True,False,False,1,,power_play,6,6,True,0,0.75,risk_on,7,False
CCI,74.5,-24.76744805087193,1.2090740147654433,-23.3118556417658,-45.35046431185546,0.06798655521907368,False,1.0313223404862544,3.986578819735738,-13.094898844257308,-0.09387112124271679,True,True,False,True,19,31.666666666666664,False,0.39283302030541395,1.4307944439205993,False,-2.065298954825638,True,-0.5605955408570784,True,2,0,0.49348512939367345,False,0.691638345832069,False,6,2,True,False,False,25.0,13.73422236579388,12.05368554032089,0.43063057985468406,23.0,False,0,2,3,4,-7.819846224558891,80.81999969482422,325499323.4729172,12.195121951219512,False,0.0,0,,,,0.0,0,,,,False,False,False,False,0,,none,0,0,False,-2,0.5,risk_on,7,False
CCJ,98.9000015258789,-26.243564600700843,40.616659950242415,31.074824968424487,9.036216298334821,0.09189311544797042,False,0.8427075141667925,5.3993895404474,-15.027062424166548,10.713085747970187,False,True,False,True,19,31.666666666666664,False,0.37498568774188473,1.4108849254653208,False,0.4762640114656393,True,5.639819081814368,False,1,0,0.48553097214455976,False,0.8418083723628239,False,4,2,True,False,False,35.0,23.094710124295194,16.390292046892466,0.6307568774542694,34.0,False,1,2,2,3,-8.52756288058325,108.12000274658203,308293042.52145994,60.56910569105691,False,0.0,0,,,,0.0,0,,,,False,False,False,False,0,,none,0,0,False,-3,0.375,risk_on,7,False
CCK,120.31999969482422,-1.2069966414752775,35.02987200720178,18.4580842888624,-3.580524381227267,0.07576047701535872,False,0.9890994827425893,3.490688961847511,10.054637281141021,5.3941639454213375,False,True,False,True,29,48.333333333333336,True,0.37382481517269295,1.05829787144399,False,3.3127380969776903,True,-0.6440947887076609,True,2,1,0.6485656501734017,True,0.8782860891572898,False,5,2,True,False,False,45.0,23.196878477078112,6.019290141557624,0.9091586352119926,5.0,True,4,5,5,6,-2.1072360996793327,122.91000366210938,126851786.60525398,48.509485094850945,False,0.0,0,,,,0.0,0,,,,False,True,False,False,1,,power_play,6,6,True,0,0.75,risk_on,7,False
CCL,28.520000457763672,-14.744619188070274,20.589334468416197,-5.423279176674233,-27.4618878467639,0.2190276789350407,False,0.8604982260216509,6.276300444588781,-11.109490167151826,13.45220273859935,False,True,False,True,23,38.333333333333336,False,0.37895819425888383,1.1831701727868316,False,0.7807402388126886,True,-0.4189973247172296,True,2,1,0.403988760525439,False,1.4097887675915644,True,4,2,True,False,False,25.0,16.94241973273016,10.25484013498069,0.6971430372779915,6.0,False,1,4,4,4,-5.131129781416077,30.062548855121573,493857310.26967734,24.661246612466126,False,0.0,0,,,,0.0,0,,,,False,False,False,False,0,,none,0,0,False,-2,0.5,risk_on,7,False
CDE,18.274999618530273,-32.61317758079431,62.4824292110667,54.65360422379939,32.614995553709726,0.07695538319440617,False,0.9964742381406176,13.898774109696083,-12.628835896524947,19.91469746058552,False,True,False,False,28,46.666666666666664,True,0.41794986806760537,2.024180967532914,False,1.8166995145341247,True,16.773163348144028,False,0,2,0.6129856840155103,True,1.2363353320040562,True,3,3,True,False,False,45.0,28.45402775324609,25.608757334421,0.7842960453494597,39.0,False,3,4,3,4,-6.137646312111411,19.469999313354492,585502017.5773287,75.67750677506776,False,0.0,0,,,,0.0,0,,,,False,False,False,False,0,,none,0,0,False,-2,0.5,risk_on,7,False
CDNA,47.20500183105469,-1.347955409894619,307.9948407619372,289.1591210692285,267.1205123991388,0.04224965019199181,True,1.291790821726264,7.888992435093177,147.146601509242,25.511834791255627,False,True,False,True,24,40.0,True,0.47156156142185535,2.57540206506985,True,5.9518584166936215,False,5.344789967337982,False,1,2,0.5051322527500034,False,1.7063575492423444,True,2,1,False,True,True,,,,,,False,11,2,5,5,,,50023982.66689644,97.22222222222221,True,0.0,0,,,,0.0,0,,,,False,False,False,False,0,,none,0,0,False,-1,0.625,risk_on,7,False
CDNS,325.5849914550781,-21.807685102637976,22.557022873938838,-6.741236248645532,-28.779844918735197,0.12050656437836128,False,0.8418738286188872,8.292765547740325,12.920960919018064,-1.4752164032125203,False,True,False,False,17,28.333333333333332,False,0.44635733897894286,1.6992905183388862,True,-3.005973138430391,True,-3.792630891611559,True,1,0,0.3726063115623464,False,0.44469339781242784,False,4,2,True,False,False,25.0,18.1406630884351,8.596830618415302,0.0777524982424317,23.0,False,0,2,3,4,-16.730181213535012,391.0,827381982.0789185,23.6449864498645,False,0.0,0,,,,0.0,0,,,,False,False,False,False,0,,none,0,0,False,-2,0.5,risk_on,7,False
CDW,138.92999267578125,-17.383040800360195,40.73893336216665,-15.443643573978017,-37.48225224406768,0.07752369653903422,False,1.289265528889382,6.506880458864201,10.745630266129492,6.721462968424219,False,True,False,True,27,45.0,True,0.46610068520087594,2.4439854891249153,True,0.3648018369244629,True,-2.1413034576198586,True,2,3,0.6335087502420291,True,1.4532400043788194,True,1,0,False,False,False,25.0,26.860841423948216,29.871159711962196,0.6248191006212349,7.0,False,2,4,3,6,-10.077674643507283,154.5,279945126.1928078,16.53116531165312,False,0.0,0,,,,0.0,0,,,,False,True,False,False,1,,power_play,6,6,True,0,0.75,risk_on,7,False
CE,43.91999816894531,-36.525570405543185,23.825509743704455,5.323763594093411,-16.714845075996255,0.0600419549621594,False,0.9683801527579377,7.377044623969155,-25.203669497334268,-7.181212452528918,True,True,False,True,17,28.333333333333332,False,0.44092799382995085,2.0024051346627187,True,-1.7651091127115697,True,-0.06826528662871034,True,2,0,0.5071950173435481,False,0.6185707935096688,False,5,2,True,False,False,25.0,17.161101314074383,11.725860486995808,0.3299496109027705,15.0,False,0,2,3,4,-11.498802612832515,49.62644513927631,92649568.4815216,34.89159891598916,False,0.0,0,,,,0.0,0,,,,False,False,False,False,0,,none,0,0,False,-2,0.5,risk_on,7,False
CECO,78.87999725341797,-20.858835454463755,76.82133193047792,71.2920707063469,49.25346203625724,0.07042419889816014,False,1.06764099642452,17.754814580462114,5.005317318105429,-0.8920707590667987,False,False,False,False,24,40.0,True,0.44572961732242256,3.0798601189501817,True,-0.5637601203227904,True,14.9686584342005,False,0,0,0.5620398606899564,False,1.0571915483961116,False,6,1,False,False,False,25.0,30.65438185576449,19.78321028258261,0.7393453033721892,22.0,False,3,1,1,3,-7.990208602927362,85.7300033569336,73296782.83145905,83.53658536585365,True,0.0,0,,,,0.0,0,,,,False,False,False,False,0,,none,0,0,False,-3,0.375,risk_on,7,False
CEG,279.6700134277344,-30.486018432733687,18.253705466272475,-14.189706465651074,-36.22831513574074,0.13701709580727658,False,1.0966848543651162,8.628027219317024,1.5789910055383771,1.476780563890867,True,True,False,False,26,43.333333333333336,True,0.511102470408978,1.9885751604546378,True,1.8025835595453719,True,7.1122201800548845,False,0,0,0.40127251118560225,False,0.7866346681745409,False,4,0,False,False,False,55.0,23.995210685017724,8.876536995427983,0.7071212763096811,54.0,False,2,2,4,5,-7.027686680108292,300.80999755859375,725226215.2725723,17.479674796747968,False,0.0,0,,,,0.0,0,,,,False,False,False,False,0,,none,0,0,False,-1,0.625,risk_on,7,False
CELC,89.3499984741211,-38.370809003169946,97.5895534324176,70.61294690942137,48.5743382393317,0.08661518016097891,False,0.7142155226096797,8.421938057512572,-14.799278979676366,1.1433124044598397,True,True,False,False,24,40.0,True,0.4579276435838441,2.4801905070420833,True,-1.0021365663912463,True,-4.182307266358077,True,1,0,0.5042583450373538,False,1.0295408595675315,False,3,2,True,False,False,25.0,30.888950888851607,13.180750563366969,0.30600621992112165,22.0,False,3,2,4,4,-21.43673979002495,113.7300033569336,90267686.47807351,83.26558265582655,True,0.0,0,,,,0.0,0,,,,False,False,False,False,0,,none,0,0,False,-2,0.5,risk_on,7,False
CELH,28.19029998779297,-56.536694846571066,18.596127239810613,-49.723024538565866,-71.76163320865552,0.08693872512814078,False,1.1360798163132406,15.5727303063444,-36.4940293412871,3.755244418969439,False,True,False,False,21,35.0,False,0.5751483249672743,3.3482435402344843,True,-0.5217067029013037,True,18.596127239810613,False,0,1,0.6256714968824411,True,0.8493942771549792,False,6,0,False,True,False,25.0,24.728434376297592,23.554205878874434,0.5982300592732016,24.0,False,0,2,2,3,-9.935141613631604,31.299999237060547,331417876.88859195,2.3712737127371275,False,0.0,0,,,,0.0,0,,,,False,False,False,False,0,,none,0,0,False,-3,0.375,risk_on,7,False
CENX,48.599998474121094,-29.32964832561019,124.06637748952298,104.03022290836236,81.99161423827269,0.1405332184271985,False,0.9857209727318729,17.18106735860777,-2.2132842493608473,4.831746838392781,True,False,False,False,24,40.0,True,0.4228168319950817,2.3745991683242558,False,-0.17901123859980728,True,5.7671331168267725,False,0,0,0.45436990180044134,False,0.6361973721131675,False,7,3,True,False,False,25.0,27.272723527013515,25.51439938374584,0.5412540057474781,2.0,False,4,2,3,4,-12.511252670373963,55.54999923706055,93774339.37007427,89.22764227642277,True,0.0,0,,,,0.0,0,,,,False,False,False,False,0,,none,0,0,False,-2,0.5,risk_on,7,False
CF,117.9749984741211,-13.912319299434472,56.51075731793571,39.44219403499216,17.403585364902497,0.07545923518780916,True,1.1394437288479498,8.230556651884708,26.475173822177254,-6.89369479399039,False,True,False,False,24,40.0,True,0.4729032456155296,1.7164210688263022,True,0.6190811408983923,True,1.0665596516609366,True,1,1,0.54579401842847,False,1.2091541828674834,True,4,0,False,False,False,25.0,15.855441955180579,15.35918879503679,0.4144033477571544,15.0,False,3,2,3,3,-9.284893728784505,130.0500030517578,273621602.5504395,67.07317073170732,False,0.0,0,,,,0.0,0,,,,False,False,False,False,0,,none,0,0,False,-3,0.375,risk_on,7,False
CFG,74.41000366210938,0.0,63.32511745452387,63.32511745452387,41.286508784434204,0.11093178296435993,True,0.9218779005639004,4.159388614946599,11.668261589294037,4.307953690714372,False,True,False,True,30,50.0,True,0.4339140008965509,0.962217200395035,False,3.4713398410059386,True,2.733678515243776,True,2,2,0.5644209998017761,False,1.5599043245685018,True,2,1,False,False,False,55.0,19.814974234397045,4.629753427331789,0.9814178410083731,0.0,True,7,4,6,7,-0.3682050016385552,74.68499755859375,260304284.4879097,79.94579945799458,False,0.0,0,,,,0.0,0,,,,True,True,False,False,2,sepa_vcp,power_play,7,7,True,1,0.875,risk_on,7,True
CFR,168.75999450683594,-0.10655139811114323,44.029007770375685,38.70364693163382,16.665038261544154,0.025387591042340354,True,1.1091026304297922,4.550837239728731,18.821624272073723,4.521235903269516,False,True,False,True,30,50.0,True,0.4973309800487594,1.129874822452854,True,3.527183919563177,True,2.4277738124311776,True,2,2,0.5141549114887852,False,1.690070108919625,True,2,1,False,False,False,45.0,18.257089414321076,4.722674935611724,0.9507880682046848,7.0,True,7,5,6,7,-0.8984666390385421,170.2899932861328,106051017.63632202,66.59891598915989,False,0.0,0,,,,0.0,0,,,,True,True,False,False,2,sepa_vcp,power_play,7,7,True,1,0.875,risk_on,7,True
CG,49.09000015258789,-27.750791428042398,21.150048366256115,-23.000238802104978,-45.03884747219465,0.05563929906042791,False,1.0486825453011757,4.990834702228649,-8.594405859152566,10.538167802872668,False,False,False,True,27,45.0,True,0.48941699310481923,1.780427533801528,True,2.240563758648889,True,0.42962168552331814,True,2,0,0.5592338305248538,False,0.9147076912826322,False,3,1,False,True,True,25.0,17.177912405452588,14.931753908277395,0.6573660704782421,6.0,False,2,2,2,4,-5.885735628460775,52.15999984741211,177298371.48881856,12.466124661246612,False,0.0,0,,,,0.0,0,,,,False,False,False,False,0,,none,0,0,False,-2,0.5,risk_on,7,False
CGNX,61.04499816894531,-15.706987417292916,75.91268574483934,45.6528496253912,23.614240955301533,0.10452864380273653,False,1.0336909082696648,15.881726571590333,42.26728602227012,-3.7752214842503906,False,False,False,False,22,36.666666666666664,False,0.6094725757160734,2.9156246953048064,True,-1.0789322984964296,True,-9.401898697986821,False,0,0,0.35839661459664285,False,0.5438055816759222,False,7,4,True,False,False,25.0,21.361759877862518,20.075350349756103,0.24951708336035308,6.0,False,2,2,2,3,-16.03163585769405,72.69999694824219,139894119.9593727,71.27371273712737,False,0.0,0,,,,0.0,0,,,,False,False,False,False,0,,none,0,0,False,-3,0.375,risk_on,7,False
CGON,76.47000122070312,-0.726986326714385,200.82612506369398,188.67497878983662,166.63637011974694,0.10395874038478464,True,0.9801983111795142,7.689286203157593,48.140261144927976,7.522494751841391,False,True,False,True,24,40.0,True,0.5563784042943657,2.700222235428367,True,2.317854551474748,True,2.164332370884603,True,2,1,0.5561340747045593,False,1.4629959022801404,True,3,1,False,False,False,35.0,17.04244726453674,14.79011034137624,0.7841834122399634,1.0,False,10,2,3,6,-3.67804281571269,79.38999938964844,57632015.93668556,94.85094850948511,True,0.0,0,,,,0.0,0,,,,False,True,False,False,1,,power_play,6,6,True,0,0.75,risk_on,7,False
CHD,102.16500091552734,-2.6234638038247216,26.129012994773237,10.474190307240349,-11.564418362849317,0.046419836651163775,False,1.0627339828467253,3.5628708328918046,2.815212691897906,6.2116626702039435,True,True,False,True,26,43.333333333333336,True,0.39181979547079554,0.9363786522250549,False,1.5579654558972498,True,-1.15615294869158,True,2,2,0.6191715355212949,True,1.7689606564115055,True,3,2,True,False,False,65.0,13.426153527718077,9.230167102893434,0.8468386898794951,5.0,True,4,6,6,7,-2.0563672641843445,104.30999755859375,181824499.65905076,39.90514905149051,False,0.0,0,,,,0.0,0,,,,True,True,False,False,2,sepa_vcp,power_play,7,7,True,1,0.875,risk_on,7,False
CHDN,88.54000091552734,-24.70447855010486,7.791577274695549,-14.180070243711395,-36.21867891380106,0.10596309881071468,False,1.0642883537276369,4.856556785520867,-2.5319193252806405,5.719404078241608,False,True,False,True,23,38.333333333333336,False,0.47565713007165866,1.6158928488447695,True,0.5809075069479376,True,1.910685675170254,True,2,0,0.5122983742477785,False,0.6955520912789168,False,5,1,False,False,False,25.0,11.777776082356771,9.419467191837393,0.8622642174867188,11.0,True,1,3,4,5,-1.6222212049696205,90.0,90741417.4958847,17.547425474254744,False,0.0,0,,,,0.0,0,,,,False,False,False,False,0,,none,0,0,False,-1,0.625,risk_on,7,False
CHE,542.9199829101562,-1.7730475308322946,47.49785370185131,21.036563918312034,-1.0020447517776319,0.08359763994819398,False,1.0424743686961768,5.466734253672289,17.3293127902417,7.934230406891318,False,True,False,True,30,50.0,True,0.38650713223252414,0.9912040582622659,False,4.229638387288342,False,-1.1812654577836867,True,2,2,0.6558583585797877,True,1.4280209310718153,True,4,1,False,False,False,35.0,19.296231774924262,6.3563712613127015,0.8689987378989495,3.0,True,4,4,5,6,-2.527830716309465,557.0,81180925.85820007,50.81300813008131,False,0.0,0,,,,0.0,0,,,,False,True,False,False,1,,power_play,6,6,True,0,0.75,risk_on,7,False
CHEF,110.0,-4.638056822620051,101.46520709544889,72.7386926395153,50.70008396942564,0.09778512001315623,True,1.2461867650661709,4.027273004705256,62.2418806029067,16.426752848889947,False,True,False,True,28,46.666666666666664,True,0.5103012633484347,2.4006718693829936,True,2.711980413745684,True,0.7879793065429741,True,2,1,0.4191608710351657,False,1.3099230232102452,True,4,3,True,True,True,25.0,22.466547514682343,8.900000832297584,0.7219270993424712,8.0,False,9,4,4,5,-6.247338035167916,117.33000183105469,60529528.12604523,84.07859078590786,True,0.0,0,,,,0.0,0,,,,False,False,False,False,0,,none,0,0,False,-1,0.625,risk_on,7,False
CHH,104.91000366210938,-14.544989470041825,25.35317091260607,-12.145876509904863,-34.184485179994525,0.0402118050147952,False,0.9789086065506942,7.282438997571335,-2.1083758823816634,-4.592574994915932,False,True,False,True,23,38.333333333333336,False,0.48267656156082545,1.5837141737702398,True,-1.1441874524153721,True,-4.39259960573003,True,2,1,0.3661633846839226,False,1.326045184667239,True,5,2,True,False,False,25.0,12.524834085212373,13.564009970645996,0.25103496683054954,10.0,False,0,3,2,4,-9.380662776072946,115.7699966430664,61285793.795878604,19.444444444444446,False,0.0,0,,,,0.0,0,,,,False,False,False,False,0,,none,0,0,False,-2,0.5,risk_on,7,False
CHKP,131.48500061035156,-36.453048048333734,16.90672995755975,-30.105781403808628,-52.14439007389829,0.06731293660577534,False,1.006429346679113,5.879000130091664,-20.055329461625536,4.344891977862231,False,True,False,True,26,43.333333333333336,True,0.5056593896816012,1.8095830597503593,True,0.2772323872085146,True,4.95290700152855,True,2,2,0.7063533166139516,True,1.7798250437115806,True,5,1,False,False,False,65.0,20.14074702131484,7.6054302419136315,0.6291053642742306,27.0,False,2,4,5,6,-7.47009502971544,142.10000610351562,164722545.62073213,8.26558265582656,False,0.0,0,,,,0.0,0,,,,False,True,False,False,1,,power_play,6,6,True,0,0.75,risk_on,7,False
CHRD,133.9149932861328,-9.7303663292453,62.91909710968022,38.40147903643114,16.362870366341475,0.051443409764370424,True,1.122209702230834,7.982677801107147,37.27925245655675,-3.5819757544663156,False,True,False,True,19,31.666666666666664,False,0.5373338883657495,1.7956744326761789,True,0.9423801075796158,True,1.0679194612323029,True,2,1,0.5260611637662348,False,2.917716210197185,True,4,0,False,False,False,25.0,18.020303312547213,9.401483753943738,0.6899450779057966,15.0,False,4,3,4,5,-5.587283739685745,141.83999633789062,98352995.79040527,66.19241192411924,False,0.0,0,,,,0.0,0,,,,False,False,False,False,0,,none,0,0,False,-1,0.625,risk_on,7,False
CHRW,148.5500030517578,-28.752996138245656,29.816760695204447,29.216478418456205,7.17786974836654,0.06570713672485975,False,1.3613540843161593,5.614278980373942,-25.33143213811445,-27.818269752698633,False,True,False,True,34,56.666666666666664,True,0.5716052508741336,2.4215885429365986,True,-3.541807454923072,True,1.2886944923326205,True,2,0,0.43149330789062673,False,0.5533825530381017,False,4,2,True,False,False,25.0,31.740806475727478,14.210703585779406,0.08096740321601309,14.0,False,1,2,2,3,-29.170835799405815,209.72999572753906,409020540.97855073,57.994579945799465,False,0.0,0,,,,0.0,0,,,,False,False,False,False,0,,none,0,0,False,-3,0.375,risk_on,7,False
CHTR,154.10000610351562,-45.49762629058037,24.969596265129468,-42.71375237787524,-64.75236104796491,0.03654282934473442,False,1.0204360529014118,6.904606728244443,-35.27385546104481,21.81818664309536,False,True,False,True,27,45.0,True,0.5112574715237435,2.716083800925115,True,2.1943052582052784,True,-2.1214407304990135,True,2,2,0.685738124138238,True,1.9098252463192416,True,5,1,False,False,False,35.0,33.644635865351965,12.881239492873522,0.7522985305591257,32.0,False,2,4,4,5,-8.333825742650824,168.11000061035156,411121493.20801544,3.861788617886179,False,0.0,0,,,,0.0,0,,,,False,False,False,False,0,,none,0,0,False,-1,0.625,risk_on,7,False
CHWY,22.40999984741211,-47.058826179942685,27.98400659326079,-43.13625999954507,-65.17486866963473,0.07402313064316678,False,0.9804983744710241,9.906288837439934,-7.739814727275074,9.530795944264403,False,True,False,False,20,33.33333333333333,False,0.3836477260599211,1.7100026957113403,False,1.6208871777627065,True,-4.353394982834679,True,1,0,0.4563962691110676,False,0.9524071777095645,False,4,1,False,False,False,35.0,25.81175793809419,10.754127013929518,0.6942675372031651,6.0,False,0,2,3,3,-7.891492323529292,24.329999923706055,157020312.37758455,3.7262872628726287,False,0.0,0,,,,0.0,0,,,,False,False,False,False,0,,none,0,0,False,-3,0.375,risk_on,7,False
CHYM,32.08000183105469,0.0,95.13382475016807,6.933339436848951,-15.105269233240715,0.09379950817300738,False,1.3361404958281329,11.658352735808448,65.87384476706974,54.52794545938482,False,False,False,False,26,43.333333333333336,True,0.5047068388207142,2.9183830637506807,True,6.043453998335102,False,2.656005859374999,True,1,3,0.6560005197215848,True,2.536917069675051,True,2,1,False,True,False,25.0,39.44926778021726,34.69450911936149,0.8990896824308015,5.0,False,7,3,2,3,-3.980838139574072,33.40999984741211,226998627.3639984,36.31436314363143,False,0.0,0,,,,0.0,0,,,,False,False,False,False,0,,none,0,0,False,-3,0.375,risk_on,7,False
CI,279.9200134277344,-8.4618795374642,16.47786123297461,-0.3408703716902717,-22.379479041779938,0.05538514031424432,False,1.0954272244137984,5.297937218088271,-1.5704230271764597,-2.225014819610094,False,True,False,True,25,41.66666666666667,True,0.5150558917139479,1.4687616010564957,True,-0.6646032389990345,True,1.6966442970878681,True,2,1,0.5687426996148888,False,1.670806669639622,True,5,1,False,False,False,25.0,13.85870113655597,8.659624031566809,0.3971183862386181,22.0,False,2,2,2,5,-8.355156105843564,305.44000244140625,539563739.5667236,29.40379403794038,False,0.0,0,,,,0.0,0,,,,False,False,False,False,0,,none,0,0,False,-1,0.625,risk_on,7,False
CIEN,449.4800109863281,-28.312597928815286,418.79041338039417,374.83624931048524,352.79764064039557,0.19927900451946687,False,0.9776911777996535,15.24897781935384,53.4270972475948,10.293723733881443,False,False,False,False,26,43.333333333333336,True,0.43567390834984493,2.8847238456214153,False,0.5351364717869665,True,11.323558578087688,False,0,1,0.46632089094013784,False,1.3721259964799668,True,4,0,False,False,False,25.0,30.72258046374084,21.74314924587677,0.8801702360264524,22.0,False,6,2,1,2,-3.681479565628387,466.6600036621094,796872100.3675842,98.3739837398374,True,0.0,0,,,,0.0,0,,,,False,False,False,False,0,,none,0,0,False,-4,0.25,risk_on,7,False
CIFR,17.485000610351562,-40.07881964535082,256.83674020501076,256.83674020501076,234.79813153492108,0.15921967825603425,False,1.0168284079411292,16.700028449328343,8.60248568985067,-32.28117421761031,False,True,False,False,22,36.666666666666664,False,0.5465602065636145,6.726611855429445,True,-1.8048010154696017,True,-3.9813207609619705,True,1,1,0.2257762408942765,False,1.2967905009985057,True,5,2,True,False,False,25.0,39.90313312568532,51.587064544195506,0.12651739720843258,15.0,False,3,3,2,2,-34.85469258216203,26.84000015258789,666245401.0041558,96.68021680216802,True,0.0,0,,,,0.0,0,,,,False,False,False,False,0,,none,0,0,False,-4,0.25,risk_on,7,False
CINF,173.1999969482422,-9.805760532601116,18.218703301839835,17.950948900133756,-4.087659769955909,0.02772996724856516,False,1.0718726094176874,5.028872325251843,3.839453509830948,-3.969840118584711,False,True,False,True,30,50.0,True,0.48609475848281714,1.2414372202283828,True,-0.3911982602800807,True,-3.261839006303713,True,2,0,0.43010624704631056,False,1.1735447912989296,False,6,1,False,False,False,45.0,17.223835537066574,6.35103937287433,0.3559587736475658,24.0,False,2,1,3,5,-11.09286016178499,194.80999755859375,131004843.17383346,48.1029810298103,False,0.0,0,,,,0.0,0,,,,False,False,False,False,0,,none,0,0,False,-1,0.625,risk_on,7,False
CL,93.41999816894531,-4.640435194413717,26.858337065604786,12.694018119770135,-9.34459055031953,0.05596165600599179,False,1.0838567308171565,2.7617151062178014,-0.8084381245674233,3.70781113454548,False,True,False,True,27,45.0,True,0.4697388686816045,1.2023116436494605,True,1.0105912294876302,True,0.4516109343497998,True,2,2,0.6079828747884547,True,1.7501576596599113,True,4,1,False,False,False,55.0,12.196645162739161,5.330767988164067,0.8245566558660782,26.0,True,4,5,5,7,-2.1398202145657796,95.4627289401835,413167032.23638,42.81842818428184,False,0.0,0,,,,0.0,0,,,,False,True,False,False,1,,power_play,7,7,True,1,0.875,risk_on,7,False
CLBK,11.539999961853027,-0.9442030925244205,85.74641153980704,68.78213771670228,46.743529046612615,0.05264084923312016,True,0.8240752253757511,8.479302009187565,40.20330148241244,5.288497848908857,False,True,False,False,27,45.0,True,0.45019216107558097,1.3961410782274026,True,7.263433104376434,False,6.939708361683539,False,0,2,0.5954538645509605,False,4.770814518437365,True,2,1,False,False,False,25.0,20.795760182517608,10.635912046278552,0.9382977702513433,1.0,True,8,3,6,6,-1.2831447725796696,11.6899995803833,123054185.92317542,82.45257452574526,True,0.0,0,,,,0.0,0,,,,True,True,False,False,2,power_play,sepa_vcp,6,6,True,0,0.75,risk_on,7,False
CLF,12.305000305175781,-23.949319696616044,57.35294162482807,15.757292311402393,-6.281316358687272,0.05339649993137533,False,0.9285608141888061,6.9890336369177115,14.358736463098577,12.271900203900099,True,True,False,True,23,38.333333333333336,False,0.459488959074646,2.446088558995809,True,1.5485652268457832,True,0.6132523773237919,True,2,2,0.5270526929044036,False,1.47505847131417,True,2,2,True,False,False,25.0,31.259717040521593,16.172285426771765,0.861940442794361,6.0,False,1,4,4,5,-4.315702692987977,12.859999656677246,286749564.7944288,46.00271002710027,False,0.0,0,,,,0.0,0,,,,False,False,False,False,0,,none,0,0,False,-1,0.625,risk_on,7,False
CLH,318.2850036621094,-2.468282394488097,57.77772785559965,27.0954010984525,5.056792428362833,0.06564730670394912,True,1.2230663541172018,3.877027254162039,19.248060880115013,3.8551905225130634,False,True,False,True,25,41.66666666666667,True,0.35798784214338997,0.9075557520458268,False,1.9233417253720084,True,3.460209500326772,True,2,0,0.41127434517342865,False,0.38022055893904033,False,3,2,True,True,True,55.0,18.31874980582448,4.841573899117345,0.7131134818350018,11.0,False,5,3,4,6,-5.255402348928728,335.94000244140625,151268196.0748352,55.758807588075875,False,0.0,0,,,,0.0,0,,,,False,True,False,False,1,,power_play,6,6,True,0,0.75,risk_on,7,False
CLMT,46.834999084472656,-0.7522770768537468,254.00605219186514,225.92205607140468,203.883447401315,0.07265255198746885,True,1.2617230898077139,19.718161184747988,81.81288302925462,7.815378833083719,False,False,False,False,29,48.333333333333336,True,0.4912610135559104,2.673900669206273,True,3.8582273782754393,True,11.831418075416057,False,0,1,0.490551578269963,False,1.512109631663452,True,4,1,False,True,False,25.0,23.163722057272512,19.718161184747988,0.9079837129447813,0.0,True,11,3,3,4,-2.131439698089288,47.85499954223633,55502934.87358551,96.34146341463415,True,0.0,0,,,,0.0,0,,,,False,False,False,False,0,,none,0,0,False,-2,0.5,risk_on,7,False
CLS,348.1099853515625,-26.3103323773872,91.96536471906039,70.45832106099914,48.419712390909474,0.12300043021509266,False,1.0671313633338526,12.8177866176763,26.682184405061626,3.991033712191938,False,True,False,False,24,40.0,True,0.5297208375492494,4.014574114298161,True,-0.14680770160696846,True,10.676242871138154,False,0,1,0.5093406086414468,False,2.9505532512751595,True,3,1,False,True,True,25.0,25.5362941695231,21.0393247296278,0.6809257566407582,6.0,False,3,2,2,4,-8.147973740339598,378.989990234375,1070203975.374147,83.130081300813,True,0.0,0,,,,0.0,0,,,,False,False,False,False,0,,none,0,0,False,-2,0.5,risk_on,7,False
CLSK,12.475000381469727,-46.22844839989075,52.506111443251946,25.125376603299145,3.0867679332094795,0.23731382096405784,False,0.9242628789881628,20.28056600626283,33.99570160259275,-20.08327574732848,False,True,False,False,22,36.666666666666664,False,0.6150847747387008,5.593236518970722,True,-1.5948130367343882,True,-2.1568597531786193,True,1,0,0.32188258469656483,False,0.8580895378653701,False,6,2,True,False,False,25.0,28.695656706634505,29.09819642036158,0.21536810789811459,15.0,False,1,2,2,2,-22.515527416832793,16.100000381469727,286594094.06405306,54.20054200542005,False,0.0,0,,,,0.0,0,,,,False,False,False,False,0,,none,0,0,False,-4,0.25,risk_on,7,False
CLX,106.05000305175781,-14.563285938104077,24.58069745614997,-9.681294895592973,-31.71990356568264,0.2526030007513497,False,1.0306602262713631,4.147672893234365,-12.835901797098991,14.380487772766038,False,True,False,True,28,46.666666666666664,True,0.4378063644902098,1.4115267797589397,False,3.0883349913466347,True,1.5993422882818686,True,2,2,0.6003691547279033,True,1.2091067938107822,True,4,1,False,True,True,55.0,19.05155600905991,13.421707171556122,0.936631504074637,2.0,True,2,4,4,5,-1.207268449331933,107.34595692130215,259918937.34962654,21.00271002710027,False,0.0,0,,,,0.0,0,,,,False,False,False,False,0,,none,0,0,False,-1,0.625,risk_on,7,False
CM,122.11000061035156,0.0,70.71510754702712,68.96957519758529,46.93096652749562,0.10767235324769478,True,1.0328066657546275,3.922693384313425,30.051589323309624,4.788468110793498,False,True,False,True,31,51.66666666666667,True,0.40937020462160656,0.7972258337719406,False,2.977970476104181,True,3.0986137228094845,True,2,0,0.4883681003526969,False,0.9743045549341169,False,4,1,False,False,False,55.0,14.156436524004649,4.258452970477973,0.9775108059042431,19.0,True,8,3,6,6,-0.31836684869259724,122.5,105954725.21655273,82.58807588075881,True,0.0,0,,,,0.0,0,,,,True,True,False,False,2,power_play,sepa_vcp,6,6,True,0,0.75,risk_on,7,False
CMC,72.37000274658203,-12.461229845725953,32.304196350158755,25.48042754997839,3.441818879888725,0.045056923069840674,False,0.991126801461324,5.734411688522943,-8.674764263501133,6.3639061916393125,False,True,False,True,25,41.66666666666667,True,0.49278008870865203,1.5915922307188086,True,1.0954427978946875,True,-1.79128735390367,True,2,2,0.4976475536178179,False,1.4193246353605626,True,2,2,True,False,False,25.0,21.173864417590423,12.836801068895317,0.725261554174105,5.0,False,2,5,4,6,-5.817274602217015,76.83999633789062,74560962.28473663,54.40379403794038,False,0.0,0,,,,0.0,0,,,,False,True,False,False,1,,power_play,6,6,True,0,0.75,risk_on,7,False
CMCSA,26.040000915527344,-17.79027809458111,18.795624201156368,-11.564415657856763,-33.60302432794643,0.08027883419878593,False,0.9618547204241665,4.838710386260059,-16.085115296715667,18.795624201156368,False,True,False,True,26,43.333333333333336,True,0.5416433623662326,1.9848452679223496,True,2.9476089559916976,True,3.4564991521505606,True,2,2,0.8009630566305372,True,1.5413665512579389,True,3,1,False,False,False,35.0,20.406111935539688,10.599078847328613,0.8724786158317441,32.0,True,2,5,6,5,-2.602215639512384,26.73572205621062,749988207.8340298,19.647696476964768,False,0.0,0,,,,0.0,0,,,,True,False,False,False,1,,sepa_vcp,6,6,True,0,0.75,risk_on,7,False
CME,264.4549865722656,-16.62656099203842,20.9877318862266,0.3006475003836995,-21.737961169705965,0.08862227716441451,False,0.8063884291472846,4.424197992513208,-9.766309966204256,3.9851285609340037,True,True,False,True,24,40.0,True,0.39210739045750503,0.9202293435039458,False,2.441118027112723,True,0.05106660271891883,True,2,1,0.47793643154458254,False,2.2639218619995036,True,4,1,False,False,False,35.0,19.14444534866898,4.980058647574605,0.8927256110304892,8.0,True,2,4,5,5,-2.053708676938659,270.0,573910249.3932374,29.81029810298103,False,0.0,0,,,,0.0,0,,,,False,False,False,False,0,,none,0,0,False,-1,0.625,risk_on,7,False
CMG,33.244998931884766,-24.511811442393828,17.973735173376504,-23.539560069243603,-45.578168739333265,0.27483360438176185,False,1.1728114497234594,5.444432039235445,-7.240516768010529,3.8581714311455517,False,True,False,True,28,46.666666666666664,True,0.5208678589818372,2.1302259402719654,True,0.09846576365169052,True,-1.3794131273117571,True,2,0,0.3306127667696905,False,0.4636985780280479,False,4,1,False,True,False,25.0,19.49347866331213,20.484288139831005,0.23293955682934614,10.0,False,1,1,2,4,-14.952676382417884,39.09000015258789,648891251.5832436,11.924119241192411,False,0.0,0,,,,0.0,0,,,,False,False,False,False,0,,none,0,0,False,-2,0.5,risk_on,7,False
CMI,631.8499755859375,-13.158516160990397,62.882560774165874,57.80935842667931,35.770749756589645,0.04056167567225192,False,1.035364961281731,3.37580405381256,8.012250437198887,-4.989256462000402,False,True,False,True,24,40.0,True,0.458158991511603,1.7660444924058536,True,-1.256498248261317,True,-1.883599684881998,True,2,0,0.37161185603126856,False,0.9836603555331341,False,4,1,False,False,False,25.0,15.783031978973705,13.181932781632558,0.4999537740656724,22.0,False,2,1,2,4,-7.892245574886603,685.989990234375,625432935.9441497,76.76151761517616,False,0.0,0,,,,0.0,0,,,,False,False,False,False,0,,none,0,0,False,-2,0.5,risk_on,7,False
CMS,70.53500366210938,-10.362163401108482,4.369982257982219,-0.9820012141137036,-23.02060988420337,0.07960677113034904,False,0.9531964762509425,3.7853628123849394,-3.3952745505661075,-4.1075668937688325,False,True,False,True,24,40.0,True,0.40182907657658073,0.8213197698602367,False,-1.8175376689639418,True,-0.1344946835659111,True,2,0,0.5620533016852001,False,0.6664117414712474,False,5,3,True,False,False,25.0,9.288201239717587,4.592205094814018,0.25502837520175564,12.0,False,2,2,3,5,-6.9194463690054775,75.77845308240862,278945997.93850553,28.997289972899733,False,0.0,0,,,,0.0,0,,,,False,False,False,False,0,,none,0,0,False,-1,0.625,risk_on,7,False
CNC,67.1500015258789,-2.2846328098597657,149.35016994029922,148.06059210528167,126.021983435192,0.06171590690644907,True,1.1546600663414055,5.82278445057851,71.38846606136502,5.349858421111575,False,True,False,True,29,48.333333333333336,True,0.5828908372777376,2.679855618811759,True,0.7781319998066137,True,4.59502292502445,True,2,1,0.5341396844165963,False,1.2304292336880485,True,3,2,True,False,False,25.0,18.295851109771103,11.749806992797238,0.8258472293699769,22.0,False,10,4,4,6,-3.186273161801023,69.36000061035156,323915355.30838317,93.08943089430895,True,0.0,0,,,,0.0,0,,,,False,True,False,False,1,,power_play,6,6,True,0,0.75,risk_on,7,True
CNH,10.420000076293945,-19.62888603580324,14.106061295956618,-18.000161205420284,-40.03876987550995,0.11268971623662546,False,1.172264578161492,7.149710941499861,-17.095514854941683,-1.8832373956716664,False,True,False,True,22,36.666666666666664,False,0.5004842175669137,2.1546632230330163,True,-0.45291278763996573,True,-3.963136313895077,True,2,0,0.382254804876035,False,0.7559124835644893,False,4,2,True,True,True,45.0,17.054909423158765,18.330141910764276,0.21951208165684383,8.0,False,0,2,2,4,-13.311150753212264,12.020000457763672,156668915.33983564,14.83739837398374,False,0.0,0,,,,0.0,0,,,,False,False,False,False,0,,none,0,0,False,-2,0.5,risk_on,7,False
CNI,127.62999725341797,-2.2591549519607512,42.04487773100703,38.45713339342707,16.418524723337406,0.0854023897647066,True,0.9595485865375523,2.601275088666383,20.347621912915457,-2.2591549519607512,True,True,False,True,29,48.333333333333336,True,0.44412937196701646,0.8516168814172276,True,2.1279746081255935,True,0.9730978739642238,True,2,2,0.5445207805524565,False,1.2735306387781635,True,2,1,False,False,False,65.0,17.34976259758721,3.047866366815056,0.828247799354948,14.0,True,6,5,8,7,-2.979859906804816,131.5500030517578,203443311.73961943,66.26016260162602,False,0.0,0,,,,0.0,0,,,,True,True,False,False,2,power_play,sepa_vcp,8,8,True,2,1.0,risk_on,7,True
CNK,37.7599983215332,-0.814293080577988,73.30257552038401,47.22200656259676,25.183397892507095,0.08933368475820143,True,1.1095358658495913,4.740468737008839,52.87712678836327,15.509329788352556,False,True,False,True,32,53.333333333333336,True,0.44577186458450846,1.4916600224960275,True,3.4243557503781257,True,-0.5006651846811039,True,2,2,0.5675994170863458,False,1.6912439018386787,True,1,0,False,False,False,25.0,26.88558149130003,9.95762311617744,0.8835876646953756,8.0,False,8,4,5,6,-3.129813327425024,38.97999954223633,96550333.18074569,72.15447154471545,False,0.0,0,,,,0.0,0,,,,False,True,False,False,1,,power_play,6,6,True,0,0.75,risk_on,7,True
CNM,46.04999923706055,-31.24813835606718,8.685391545777144,-28.001876334860764,-50.040485004950426,0.04243184839982627,False,0.8184965954775729,4.495121702098896,-18.811709721451773,5.06501782628932,False,True,False,True,23,38.333333333333336,False,0.4435144103585761,1.3728662747503653,True,-0.6606431444516964,True,1.2310343766349652,True,2,0,0.5879645884277533,False,0.8107347935456362,False,7,2,True,False,False,25.0,11.35690408095879,10.836051598565275,0.7781915994206497,4.0,True,1,4,4,5,-2.519056729730562,47.2400016784668,80045430.53526211,9.214092140921409,False,0.0,0,,,,0.0,0,,,,False,False,False,False,0,,none,0,0,False,-1,0.625,risk_on,7,False
CNP,40.71500015258789,-9.60257698717859,10.91535782572004,7.937538334426386,-14.10107033566328,0.062219830128583224,False,1.1297059276028096,4.6174654576189145,0.4727963032553628,-7.947093434382424,False,True,False,True,24,40.0,True,0.5331564932019172,1.405881978044089,True,-1.9850508763759704,True,0.11065155069749366,True,2,0,0.457601331728581,False,0.5182928907869047,False,3,0,False,False,False,25.0,12.063630771004625,6.60690760487513,0.1675826133615034,12.0,False,2,1,2,5,-10.041975999771424,45.2599983215332,272135764.6036261,37.669376693766935,False,0.0,0,,,,0.0,0,,,,False,False,False,False,0,,none,0,0,False,-1,0.625,risk_on,7,False
CNQ,46.88999938964844,-5.397257906033836,63.15825801447035,59.72506138670111,37.68645271661144,0.14638577945514172,True,1.1291372328641596,6.90978440167095,19.58410728929094,-0.2552625742805015,False,True,False,True,26,43.333333333333336,True,0.43278320098476675,1.0131002005501084,False,2.297727933808725,True,3.1683137569563646,True,2,1,0.5202561790570607,False,1.7746014270476849,True,4,1,False,False,False,65.0,21.115408404187868,6.90978440167095,0.7754614178725324,58.0,False,5,3,5,6,-4.74122386411876,49.22381043691188,284568924.27435875,78.04878048780488,False,0.0,0,,,,0.0,0,,,,False,True,False,False,1,,power_play,6,6,True,0,0.75,risk_on,7,False
CNX,35.45000076293945,-16.803566638937518,26.11170399578333,21.98899316734675,-0.04961550274291682,0.05302207529728798,False,1.0761344688200034,4.315934404425694,-9.6815267186256,2.8729010585287096,True,True,False,True,25,41.66666666666667,True,0.4718853995143276,1.4387434948334819,True,1.6271780888847938,True,0.9109014662531889,True,2,1,0.6198039965769391,True,1.1859729079084473,False,4,2,True,False,False,65.0,16.125601591331645,7.44710672166861,0.6485147548805767,59.0,False,2,4,5,5,-5.667911028027362,37.58000183105469,52875782.159449,51.69376693766937,False,0.0,0,,,,0.0,0,,,,False,False,False,False,0,,none,0,0,False,-1,0.625,risk_on,7,False
COCO,66.5250015258789,-20.822418253013875,101.16420362801128,100.135373545948,78.09676487585833,0.07780043848467853,False,0.725907591706271,11.49943259784175,16.282123038758158,-4.10119807994862,False,True,False,False,21,35.0,False,0.44725573417482906,2.398782101837548,True,-2.1903319378969957,True,3.7507777234539796,True,1,0,0.39893319908251285,False,0.7874892597384602,False,5,2,True,False,False,25.0,24.92811496340914,11.89026631489071,0.32472430966696775,15.0,False,2,2,3,4,-16.8333500406173,79.98999786376953,75992887.80418205,88.68563685636856,True,0.0,0,,,,0.0,0,,,,False,False,False,False,0,,none,0,0,False,-2,0.5,risk_on,7,False
COF,223.6425018310547,-12.591346166748519,27.54258298393204,4.5929188181169645,-17.445689851972702,0.0716977337979025,False,0.8545391682670616,4.046638263148396,8.976700622016164,11.843615884188274,False,True,False,True,28,46.666666666666664,True,0.4010289158005752,1.0305709498753703,False,4.218092640732779,False,1.6556826504793953,True,2,2,0.5976803440768732,False,1.520296293427085,True,2,0,False,False,False,35.0,15.13081823378603,8.316847625665783,0.9455598348544422,0.0,True,2,3,4,4,-0.8237242434347314,225.5,783380418.6664444,33.87533875338754,False,0.0,0,,,,0.0,0,,,,False,False,False,False,0,,none,0,0,False,-2,0.5,risk_on,7,False
COGT,38.709999084472656,-9.640525334745476,230.57215165131845,223.12187448753934,201.08326581744967,0.07388911620294598,True,1.1897807262320506,13.200715361690662,5.419383980432846,-3.8021931664403374,False,True,False,False,29,48.333333333333336,True,0.48552804436203345,2.5456134013626928,True,0.4689446096300362,True,-7.392344997576572,False,0,1,0.4900675541896325,False,2.2219688021544064,True,3,2,True,False,False,45.0,28.71629237092186,15.474032563778174,0.624398021745613,7.0,False,6,3,3,4,-10.785896222649615,43.38999938964844,77813335.46667786,96.13821138211382,True,0.0,0,,,,0.0,0,,,,False,False,False,False,0,,none,0,0,False,-2,0.5,risk_on,7,False
COHR,345.79998779296875,-18.995531418613744,299.53781120744355,203.30671108993806,181.2681024198484,0.7369471055870144,True,1.0791311948109816,21.969347571575547,60.018499780756414,10.401630306267995,False,False,False,False,22,36.666666666666664,False,0.4531944267719596,4.597563891261715,True,0.17091137110860272,True,3.4647796451352297,True,1,0,0.48856555447014116,False,0.9758532226865597,False,3,2,True,True,True,,,,,,False,7,2,3,3,,,1936913292.9122193,95.39295392953929,True,0.0,0,,,,0.0,0,,,,False,False,False,False,0,,none,0,0,False,-3,0.375,risk_on,7,False
COHU,57.16999816894531,-22.649174216921296,205.06936428598544,170.56318239281546,148.5245737227258,0.04860316674682368,True,1.005818592875786,17.56166037623045,74.29877895957154,4.879838432064898,False,True,False,False,24,40.0,True,0.4842872984615443,4.308433691673576,True,0.19470873721250523,True,10.388100324989512,False,0,1,0.5360425356469372,False,1.3535223990517946,True,5,2,True,True,True,25.0,34.062236736965104,24.33094331454432,0.8874072793089314,1.0,False,8,3,3,4,-3.835159907038166,59.45000076293945,50454072.45168457,94.24119241192412,True,0.0,0,,,,0.0,0,,,,False,False,False,False,0,,none,0,0,False,-2,0.5,risk_on,7,False
COIN,151.4553985595703,-60.891521972743554,7.346659926800214,-53.684782105562576,-75.72339077565223,0.17984972619934297,False,0.8912687293828996,6.490350734113518,7.346659926800214,-6.021720577076861,True,True,False,True,22,36.666666666666664,False,0.4442736404837011,2.3247062985080635,True,-0.7777968243909313,True,4.157482116229549,True,2,0,0.43753231601205844,False,0.9419459582700914,False,3,2,True,False,False,25.0,23.351150807259614,10.75563726421125,0.2913024192270801,17.0,False,0,2,4,4,-16.5489040853685,181.49000549316406,1164549603.4881592,1.8970189701897018,False,0.0,0,,,,0.0,0,,,,False,False,False,False,0,,none,0,0,False,-2,0.5,risk_on,7,False
COKE,188.40499877929688,-12.90653032264263,69.42289263356176,65.46049614255698,43.42188747246731,0.042149455883504265,True,1.0893088828514526,8.667499236675843,20.735258973415238,2.3374489962528777,False,True,False,False,24,40.0,True,0.4557215624760278,1.864378483068978,True,0.6039446185562719,True,0.09297298822188438,True,1,1,0.5838174403592957,False,1.7980740273232785,True,4,1,False,False,False,25.0,16.67107772023445,9.829881974292377,0.6519596387164647,11.0,False,4,3,4,5,-5.80220791273629,200.00999450683594,87705923.6348404,80.96205962059621,True,0.0,0,,,,0.0,0,,,,False,False,False,False,0,,none,0,0,False,-1,0.625,risk_on,7,False
COLB,32.595001220703125,-3.019932672467218,42.537244776889985,42.537244776889985,20.49863610680032,0.21453567568926085,True,0.8987290746862003,5.645031987513962,3.057644231189638,-0.6249939668467874,False,True,False,True,31,51.66666666666667,True,0.4958120711896649,0.9476410169778161,True,2.0692989773352646,True,5.04350789373702,False,1,2,0.5872292333062272,False,2.7645877932574985,True,2,2,True,False,False,65.0,16.465687942293634,5.645031987513962,0.8043511026782999,17.0,False,6,5,5,7,-3.2214936895529678,33.68000030517578,90983090.75995636,69.3089430894309,False,0.0,0,,,,0.0,0,,,,False,True,False,False,1,,power_play,7,7,True,1,0.875,risk_on,7,True
COLD,15.055000305175781,-7.3538442758413485,56.708258489064846,7.853095591166559,-14.185513078923107,0.06063697588309286,False,1.0270207238520301,4.915315242724203,26.303540629676235,6.773048921056191,True,True,False,True,25,41.66666666666667,True,0.4594845602827468,1.7838294819237404,True,0.3336369837655883,True,4.4036076665891155,True,2,0,0.49112898725055454,False,0.6634183723832944,False,5,1,False,False,False,25.0,14.763231987067574,11.225503461479795,0.538783951402201,20.0,False,3,1,3,6,-6.80903952160794,16.155000686645508,60474520.962070085,37.39837398373984,False,0.0,0,,,,0.0,0,,,,False,True,False,False,1,,power_play,6,6,True,0,0.75,risk_on,7,False
COMP,13.03499984741211,-4.0132553708086665,95.13473326920779,53.8960972428004,31.857488572710736,0.14865250929268387,True,1.0280023111676109,7.825089909503732,16.38392919104319,15.763761833480338,True,True,False,True,35,58.333333333333336,True,0.35314543082209837,1.6504511899220986,False,3.1293310927532816,True,3.6168515617288843,True,2,1,0.5500677278796599,False,0.8778741773647384,False,2,1,False,True,True,25.0,20.7390644987334,16.263904183934258,0.918181679465554,0.0,True,6,3,5,5,-1.6968354267419161,13.260000228881836,135375943.68391737,75.13550135501355,False,0.0,0,,,,0.0,0,,,,False,False,False,False,0,,none,0,0,False,-1,0.625,risk_on,7,False
COO,77.55000305175781,-8.02893342927985,31.485255431755753,4.416327665200748,-17.62228100488892,0.0783620747988181,False,0.8808750242645502,6.421657680935683,-5.079552082619343,10.422895265462827,False,True,False,True,34,56.666666666666664,True,0.47296926083215385,1.0943338350304002,True,4.110962015500138,False,5.7692353717129,False,1,2,0.7139810001914068,True,2.715086399081006,True,3,1,False,False,False,45.0,16.346767050095433,8.355893581608546,0.9936962778279123,0.0,True,3,3,5,5,-0.10304547789563578,77.62999725341797,137953933.23041838,33.67208672086721,False,0.0,0,,,,0.0,0,,,,False,False,False,False,0,,none,0,0,False,-1,0.625,risk_on,7,False
COP,124.98999786376953,-5.8902191409934135,49.51697879981849,34.68171335688479,12.643104686795127,0.1180861248462775,False,1.1887747814401013,9.960794592389565,14.49860220013699,3.985025821248489,True,True,False,False,23,38.333333333333336,False,0.5023688640208848,1.3187658100929427,True,2.8107692691271544,True,7.048643008704869,False,0,2,0.685672396152562,True,1.3050063353508448,True,5,0,False,False,False,35.0,19.357621018832756,10.104806359932732,0.904665352697866,1.0,True,3,4,5,7,-1.845451972438794,127.33999633789062,741431379.0017548,63.55013550135501,False,0.0,0,,,,0.0,0,,,,False,True,False,False,1,,power_play,7,7,True,1,0.875,risk_on,7,False
COR,313.5199890136719,-16.00265464179669,24.334126369973006,8.537284450426498,-13.501324219663168,0.1857019430151294,False,1.2176327454558955,7.352009159946009,-10.334389295241431,2.7732221604876983,False,True,False,True,27,45.0,True,0.468424007945623,1.1124226155108388,True,1.6607581648522542,True,-3.535282116461258,True,2,1,0.5297082199067017,False,1.3884436129814597,True,5,1,False,False,False,45.0,19.359192109860718,10.436336555011898,0.6839904798409404,2.0,False,2,2,2,5,-6.117689009304139,333.95001220703125,479369014.60404664,38.482384823848236,False,0.0,0,,,,0.0,0,,,,False,False,False,False,0,,none,0,0,False,-1,0.625,risk_on,7,False
CORT,111.2300033569336,-5.992221396363617,245.97200024205233,52.78845974477999,30.749851074690326,0.03688140171838067,False,1.3175023453873524,5.960619485142436,190.11477025105265,15.07345245480851,False,True,False,True,30,50.0,True,0.5366223303967216,2.397505592478531,True,3.218137272939946,True,3.0384497465655746,True,2,0,0.4485038150830508,False,1.0651722772910661,False,4,1,False,True,False,25.0,30.54578357802937,10.078215181294315,0.7058667241102344,10.0,False,7,2,3,6,-8.984531388425587,122.20999908447266,134938540.16946182,74.52574525745257,False,0.0,0,,,,0.0,0,,,,False,True,False,False,1,,power_play,6,6,True,0,0.75,risk_on,7,False
CORZ,20.860000610351562,-28.46364636657278,53.94834182080002,50.613718670078136,28.57510999998847,0.1448724288906904,False,1.0396320162412962,10.690313887765246,19.336391056236877,-12.938224509908503,False,True,False,False,23,38.333333333333336,False,0.5312429008738779,4.672996250417964,True,-1.6484689285163836,True,-0.9026063353697156,True,1,0,0.29478558302115704,False,0.49850761013622796,False,5,2,True,True,False,25.0,27.35198286139732,19.990412053126335,0.43661974220673344,17.0,False,1,2,2,2,-15.409567155611036,24.65999984741211,286375951.7802647,73.6449864498645,False,0.0,0,,,,0.0,0,,,,False,False,False,False,0,,none,0,0,False,-4,0.25,risk_on,7,False
COST,951.8800048828125,-12.878005201756027,12.48014003399156,-2.187889967223078,-24.226498637312744,0.10901329198732923,False,0.9836058171084191,2.2009089485612674,-4.413346458548528,2.9515828714718806,True,True,False,True,23,38.333333333333336,False,0.4567824099410803,0.8549546411066375,True,0.13560973408196594,True,0.2876237052656938,True,2,0,0.5915359649988284,False,0.7801521879925056,False,4,2,True,False,False,25.0,8.281108239577453,3.459468893858666,0.5638304410655525,12.0,False,1,2,4,5,-3.6119673283449227,987.5499877929688,1723596823.8824463,27.506775067750677,False,0.0,0,,,,0.0,0,,,,False,False,False,False,0,,none,0,0,False,-1,0.625,risk_on,7,False
CP,93.66000366210938,-0.0533512142265824,36.55645407625809,24.64420488705601,2.605596216966344,0.09365433326070378,True,1.073028128359328,4.121290262038657,12.364204815416313,1.4514774390324003,False,True,False,True,29,48.333333333333336,True,0.501288802496377,1.1105184359893052,True,1.9609124887804952,True,3.778397409539469,True,2,2,0.6551156961419302,True,1.4107448450055362,True,3,1,False,False,False,65.0,10.646810368381068,6.9826959538958455,0.9710084353746313,19.0,True,6,5,6,7,-0.30866769084896273,93.94999694824219,246846572.4080391,53.794037940379404,False,0.0,0,,,,0.0,0,,,,True,True,False,False,2,sepa_vcp,power_play,7,7,True,1,0.875,risk_on,7,True
CPAY,414.489990234375,0.0,62.545094209558826,30.923274591404827,8.884665921315161,0.053285150556971306,True,1.0193560343831998,6.1559969630411056,28.996010452640665,13.621163405741754,False,True,False,True,36,60.0,True,0.47103965253968727,1.4174761747863738,True,4.320517107017259,False,4.069998871336922,True,2,3,0.6174069793871896,True,2.349260029717682,True,2,0,False,False,False,25.0,16.01264627164961,8.795385778008672,0.9751484753115142,0.0,True,6,4,5,5,-0.39793867414789075,416.14599609375,218206710.74005738,60.36585365853659,False,0.0,0,,,,0.0,0,,,,False,False,False,False,0,,none,0,0,False,-1,0.625,risk_on,7,False
CPB,23.260000228881836,-27.308218510144233,18.26520418572666,-23.979673702545657,-46.018282372635326,0.1247006604096974,False,0.8899170042810685,4.965600893944611,-17.048465569193215,8.640823889091909,True,True,False,True,25,41.66666666666667,True,0.5274004471955468,1.643425904220876,True,1.6520756721933718,True,3.102840334709267,True,2,1,0.6457659311756634,True,1.1439136240895438,False,4,1,False,False,False,65.0,18.736916894774637,6.70679041526981,0.9075541744220955,27.0,True,2,4,6,4,-1.7321497511220252,23.670000076293945,113859994.02519378,11.585365853658537,False,0.0,0,,,,0.0,0,,,,True,False,False,False,1,,sepa_vcp,6,6,True,0,0.75,risk_on,7,False
CPNG,16.19499969482422,-51.69996932769399,7.109787152127267,-43.11555993881745,-65.15416860890711,0.0981698099036282,False,0.7743190862048662,4.78543122450489,-5.458257511674858,3.61484053900476,False,True,False,True,23,38.333333333333336,False,0.44253326947310384,1.637412354872387,True,-1.1994949394665395,True,-0.9480164099639921,True,2,0,0.45696469771430126,False,0.9359697092702461,False,4,2,True,False,False,25.0,22.567286364115624,7.317070010943554,0.28325682429489885,24.0,False,1,2,3,5,-16.174948495662655,19.31999969482422,312720931.77284336,3.7940379403794036,False,0.0,0,,,,0.0,0,,,,False,False,False,False,0,,none,0,0,False,-1,0.625,risk_on,7,False
CPRI,15.524999618530273,-43.87201842308468,3.4999974568684866,-29.52792040564274,-51.566529075732404,0.1284400204796766,False,0.8604701449153792,6.570051419171846,-22.258386818529953,-0.0965273060461791,False,True,False,True,21,35.0,False,0.3720319910099452,1.5049857798261725,False,-3.2628214048645146,True,3.4999974568684866,True,2,1,0.5648038099901087,False,1.4421837852457908,True,3,1,False,False,False,25.0,19.71754559765076,14.041864122814335,0.20523412178289277,24.0,False,0,2,2,4,-15.670832443202764,18.40999984741211,60570832.40956783,8.401084010840108,False,0.0,0,,,,0.0,0,,,,False,False,False,False,0,,none,0,0,False,-2,0.5,risk_on,7,False
CPRT,29.44499969482422,-41.07464683706106,8.373204314103887,-38.20566893616463,-60.24427760625429,0.10944624825104222,False,1.0766473569951045,4.0074726351014345,-19.81209500008726,8.253672312184722,False,True,False,True,22,36.666666666666664,False,0.47085611704925434,1.5481523945757751,True,0.1368002022529975,True,1.4994810841445716,True,2,2,0.6745528697710299,True,2.061574167039064,True,4,2,True,True,True,25.0,14.672185229654913,5.162168359712547,0.5715834880726597,11.0,False,1,4,4,5,-6.285806418440599,31.420000076293945,306092843.76216733,5.2168021680216805,False,0.0,0,,,,0.0,0,,,,False,False,False,False,0,,none,0,0,False,-1,0.625,risk_on,7,False
CPT,110.70500183105469,-5.847082746161525,16.908581154889024,7.6773725945946,-14.361236075495064,0.05300807097347828,False,1.0296328682084352,4.308752263732737,5.082839047123566,-1.8920547466546034,False,True,False,True,26,43.333333333333336,True,0.47428941180390066,0.9010137855679896,True,-0.7593255541135083,True,-0.03160198066636255,True,2,0,0.5516799688931471,False,0.6557808710132861,False,4,1,False,False,False,65.0,15.216415992080801,5.293347647737204,0.5005703586143121,27.0,False,2,1,2,5,-7.599529182100362,119.80999755859375,108460202.13715363,37.262872628726285,False,0.0,0,,,,0.0,0,,,,False,False,False,False,0,,none,0,0,False,-1,0.625,risk_on,7,False
CR,219.78500366210938,-2.9389678093732274,36.82350101502691,11.318618761071896,-10.71998990901777,0.12952994991916086,False,1.0936747074512143,3.3032256004132234,10.184742920141288,0.7725802436676643,False,True,False,True,34,56.666666666666664,True,0.34404715720747636,1.2262594965089797,False,0.7423876820604861,True,0.5650883519132677,True,2,0,0.41682333636354924,False,0.7739371715374771,False,4,1,False,False,False,45.0,15.132323159571584,8.180719989058465,0.6928040470782573,13.0,False,4,2,3,6,-4.64858843292435,230.5,105903650.57569885,41.19241192411924,False,0.0,0,,,,0.0,0,,,,False,True,False,False,1,,power_play,6,6,True,0,0.75,risk_on,7,False
CRBG,33.849998474121094,-1.855619522179608,53.092878216998265,2.6482649771112587,-19.390343692978405,0.13607649897396598,False,1.181609077972032,6.676520644331134,13.426347659242154,9.760046389885058,False,False,False,True,30,50.0,True,0.39635921191697904,1.2553879784748014,False,3.2941265281265433,True,-0.47044944224771124,True,2,2,0.6165523357470901,True,2.7102251495633514,True,3,1,False,True,True,35.0,20.19534734071996,11.698674063010012,0.8634419906965891,3.0,True,4,5,4,6,-2.7578364300396507,34.810001373291016,153113984.78195,32.113821138211385,False,0.0,0,,,,0.0,0,,,,False,True,False,False,1,,power_play,6,6,True,0,0.75,risk_on,7,False
CRCL,73.09500122070312,-52.27539862041263,45.5206089724141,-52.27539862041263,-74.3140072905023,0.18740890084667605,False,0.8054487686652233,12.189621059320459,29.074695112196093,17.553877230551883,True,True,False,False,19,31.666666666666664,False,0.4504116923798823,2.979365428611607,True,0.6568362441537128,True,15.510433992956063,False,0,3,0.7224968996370601,True,2.765313695111372,True,2,1,False,False,False,35.0,24.044650041232792,21.301051028796618,0.8331512792985291,32.0,False,1,4,4,4,-4.011819099094261,76.1500015258789,724965619.4524117,2.0325203252032518,False,0.0,0,,,,0.0,0,,,,False,False,False,False,0,,none,0,0,False,-2,0.5,risk_on,7,False
CRDO,277.0799865722656,-8.409362476955707,215.54492002733065,128.74596949967915,106.70736082958948,0.15888662350997154,True,0.8670241200521621,17.510931666196186,127.52503641786079,17.158556690175743,True,True,False,False,26,43.333333333333336,True,0.5084870290936199,4.458180560273748,True,1.7537723830203604,True,20.244757791630754,False,0,1,0.6310023290807691,True,1.045410680657798,False,5,0,False,False,False,35.0,39.05588111982902,30.453043095452685,0.8823062067748328,34.0,False,10,2,4,5,-4.596634796743871,290.42999267578125,1111533658.9488876,91.80216802168022,True,0.0,0,,,,0.0,0,,,,False,False,False,False,0,,none,0,0,False,-1,0.625,risk_on,7,False
CRGY,11.899999618530273,-13.71748455264078,56.56265775943847,30.233263485550154,8.194654815460488,0.10652804383860648,False,1.1716036168623385,11.344533370347651,23.560148766646716,4.477605441921706,True,True,False,False,23,38.333333333333336,False,0.5570132841205608,2.10165464076756,True,2.1637624224060574,True,5.030888779015741,False,0,0,0.5807504142407873,False,1.1188881173638636,False,4,0,False,False,False,25.0,25.040065021028212,13.151257399591316,0.8144000244140625,2.0,False,1,1,3,4,-4.647435456573124,12.479999542236328,63999487.227440074,59.68834688346883,False,0.0,0,,,,0.0,0,,,,False,False,False,False,0,,none,0,0,False,-2,0.5,risk_on,7,False
CRH,98.29000091552734,-24.649904325820472,3.452266819859484,-7.843076381404213,-29.88168505149388,0.14224417009602194,False,0.8912263269485464,5.066635142082239,-23.348840391732217,0.2754583571800584,True,True,False,True,23,38.333333333333336,False,0.4313049550889542,1.5284415110607323,False,-1.8994739924371866,True,0.6450923917611817,True,2,0,0.5242865197312174,False,0.7134861846428827,False,8,4,True,False,False,25.0,11.52471782606859,8.301959463534576,0.3401305087551386,22.0,False,0,2,3,4,-7.604809688628467,106.37999725341797,442895036.27736396,22.493224932249323,False,0.0,0,,,,0.0,0,,,,False,False,False,False,0,,none,0,0,False,-2,0.5,risk_on,7,False
CRL,284.4200134277344,0.0,95.383663610227,90.97564454119944,68.93703587110977,0.06892222015195744,True,1.2055498895492986,9.563314958623371,56.93004017176661,30.050305165319948,False,False,False,False,30,50.0,True,0.3590996444547116,1.3566466560569015,False,5.8188082975720405,False,7.122143409509074,False,0,2,0.7355715808123858,True,0.9488349303101334,False,2,0,False,True,True,25.0,24.887159020195195,21.32057565149747,0.9497771211805127,1.0,True,9,3,4,4,-1.2499047716325706,288.0199890136719,222590677.547583,87.1951219512195,True,0.0,0,,,,0.0,0,,,,False,False,False,False,0,,none,0,0,False,-2,0.5,risk_on,7,False
CRM,196.28500366210938,-25.8972385896727,30.752071706959683,-16.48891738146053,-38.5275260515502,0.14710852357854842,False,1.1091857554204936,4.783859803071177,6.392595306007864,25.078068452877545,True,True,False,True,26,43.333333333333336,True,0.5179222232430265,2.0979025225297376,True,2.939818191022522,True,5.09450081489955,False,1,2,0.6476063906872737,True,2.323737207077303,True,3,1,False,False,False,55.0,30.58689351510293,11.39159904892312,0.7749403162443211,51.0,False,2,4,6,5,-6.883876581577686,210.79593571576444,2154472448.16635,15.921409214092142,False,0.0,0,,,,0.0,0,,,,True,False,False,False,1,,sepa_vcp,6,6,True,0,0.75,risk_on,7,False
CRNX,84.53500366210938,0.0,190.59815475658914,180.9405225437958,158.90191387370612,0.10504440755846793,True,0.15200578111149987,1.0054988316065852,91.7763161310802,1.0579822116998594,True,True,True,True,34,56.666666666666664,True,0.41045427842047894,0.110414247981064,False,82.33181008131956,False,0.7328473624677034,True,3,1,0.4344378829522679,False,0.9294255395951104,False,2,2,True,False,False,,,,,,False,11,2,5,6,,,228062680.66212767,94.579945799458,True,0.0,0,,,,0.0,0,,,,False,True,False,False,1,,power_play,6,6,True,0,0.75,risk_on,7,False
CROX,131.6300048828125,-6.7710159312173275,79.35686875258203,74.94684824572087,52.90823957563121,0.05828152015295925,True,1.2224096739812556,8.52389334080179,56.53467786334119,-2.777158227185439,False,True,False,False,29,48.333333333333336,True,0.4005270795522679,1.6019852739381044,False,0.5561777965436915,True,-1.900423261409978,True,1,0,0.49171170890069416,False,0.9267352488948684,False,4,2,True,False,False,25.0,20.016986851390755,21.48446230361685,0.6587696494686941,7.0,False,6,2,3,4,-6.830403439880605,141.27999877929688,133827866.9991211,84.41734417344173,True,0.0,0,,,,0.0,0,,,,False,False,False,False,0,,none,0,0,False,-2,0.5,risk_on,7,False
CRS,524.8099975585938,-15.250706894050259,126.24423995265927,110.33942709480962,88.30081842471995,0.0681323114158935,False,1.2529126819026157,10.392328324738992,42.68576890462765,-12.755591194516114,False,True,False,False,33,55.00000000000001,True,0.5117548977381471,2.480641723641181,True,-1.251828535066853,True,-5.819753291959751,False,0,0,0.3678042249890559,False,0.991163959775113,False,6,2,True,False,False,25.0,22.926664387734082,16.472624776893888,0.3738343031951024,14.0,False,4,2,2,2,-14.355890781757541,612.780029296875,382697410.8142212,90.04065040650406,True,0.0,0,,,,0.0,0,,,,False,False,False,False,0,,none,0,0,False,-4,0.25,risk_on,7,False
CRSP,53.7599983215332,-29.98176715779114,21.244921372413472,-6.227112149833691,-28.265720819923356,0.08144711090094706,False,0.6829360010391927,5.282738544004656,9.871240519584678,13.107510419188117,False,True,False,True,28,46.666666666666664,True,0.4509863610708605,1.7213309982627898,True,0.8194146352407324,True,4.1053426741707755,True,2,2,0.4647526443081308,False,1.5146755721870748,True,2,1,False,False,False,25.0,18.99382497159347,14.341516601916387,0.7314123949274464,24.0,False,2,4,5,5,-5.101505960287556,56.650001525878906,70312969.53318176,24.254742547425472,False,0.0,0,,,,0.0,0,,,,False,False,False,False,0,,none,0,0,False,-1,0.625,risk_on,7,False
CRUS,122.13999938964844,-31.72721992359517,10.374114718622485,10.374114718622485,-11.66449395146718,0.07829735140718448,False,0.822837573699634,4.7077124846353335,-14.01619375879556,-8.529917991292901,False,True,False,True,20,33.33333333333333,False,0.39005276266952554,1.3776575546551035,False,-4.78929053269244,True,-1.1092241299380246,True,2,0,0.3198092816396526,False,0.6090213528827992,False,6,2,True,False,False,25.0,21.260105651646303,11.8961900125266,0.0707663885176227,24.0,False,0,2,2,4,-19.755604755176194,152.2100067138672,97847029.97964402,39.83739837398374,False,0.0,0,,,,0.0,0,,,,False,False,False,False,0,,none,0,0,False,-2,0.5,risk_on,7,False
CRWD,225.0449981689453,-0.05107723010017162,157.01070454697538,108.31713478837277,86.27852611828311,0.1591747369072556,True,0.9396566006404371,8.309447932810205,118.73450308234652,22.693817694655017,False,True,False,False,26,43.333333333333336,True,0.4746752622850221,2.1058257088184145,True,4.004114466722069,False,8.512946058756832,False,0,2,0.7052871994150258,True,1.2433663074305161,True,3,2,True,False,False,25.0,23.252532360536748,18.99175301922921,0.9648408657946559,3.0,True,11,4,6,5,-0.8175389058782234,226.89999389648438,1474211359.693344,89.83739837398373,True,0.0,0,,,,0.0,0,,,,True,False,False,False,1,,sepa_vcp,6,6,True,0,0.75,risk_on,7,True
CRWV,111.83999633789062,-21.83394261488163,83.88687421747588,-5.027178745709682,-27.06578741579935,0.6641318760448801,False,1.1150852441110157,28.528254000998153,16.865203661790606,37.903820520512866,False,False,False,False,24,40.0,True,0.5271337725368067,4.827846105090844,True,2.3428693065633857,True,31.06761272468177,False,0,0,0.42010028364869534,False,0.7510565966449193,False,4,1,False,True,True,,,,,,False,2,1,1,3,,,2582370660.6954565,24.864498644986448,False,0.0,0,,,,0.0,0,,,,False,False,False,False,0,,none,0,0,False,-3,0.375,risk_on,7,False
CSCO,115.86499786376953,-10.539658269916785,78.64677569224395,67.98882733473461,45.95021866464494,1.0096827255309544,False,1.1272988253632428,11.41845766319737,55.90483256354417,2.7536321999956925,False,False,False,False,23,38.333333333333336,False,0.4243488434812849,1.2359477188823087,False,-0.3673951177242921,True,-4.148742143941964,True,1,3,0.6121093065654131,True,1.5848119227193547,True,0,0,False,False,False,25.0,13.775960573569455,11.41845766319737,0.48515709757942144,3.0,False,3,4,2,5,-7.092455525327956,124.70999908447266,2370212607.1341605,82.18157181571816,True,0.0,0,,,,0.0,0,,,,False,False,False,False,0,,none,0,0,False,-1,0.625,risk_on,7,False
CSGP,31.729999542236328,-65.21596237927373,16.912307501151158,-63.76199128945485,-85.80059995954451,0.09991367493677998,False,1.0707924470484422,5.436490699676562,-29.535864085289276,16.912307501151158,True,True,False,True,25,41.66666666666667,True,0.4975023244806238,2.5796016294057753,True,0.9269259659178428,True,7.268423340350383,False,1,1,0.5702035765398659,False,1.582842632246485,True,6,1,False,False,False,45.0,25.53926071672642,10.66813828464134,0.6576575957357875,44.0,False,2,3,5,4,-8.743171916894676,34.77000045776367,210531827.81419945,1.084010840108401,False,0.0,0,,,,0.0,0,,,,False,False,False,False,0,,none,0,0,False,-1,0.625,risk_on,7,False
CSL,380.54998779296875,-8.571156659521161,29.59924704810284,5.111652231847685,-16.92695643824198,0.08465171068269545,False,0.9789226932064171,4.057286279511353,-4.6951422186620295,16.265922407348455,True,True,False,True,27,45.0,True,0.507597464657079,1.711678599735466,True,1.792031521747605,True,-0.5955643129503141,True,2,1,0.5846185709468986,False,1.4549641834645313,True,5,2,True,False,False,35.0,19.73581722772621,9.651814911825007,0.766065332585057,29.0,False,3,4,5,5,-4.616891839330228,398.9700012207031,158101704.0722351,34.485094850948514,False,0.0,0,,,,0.0,0,,,,False,False,False,False,0,,none,0,0,False,-1,0.625,risk_on,7,False
CSW,350.04998779296875,-0.3529906122549331,51.61345517373055,22.63445092494598,0.5958422548563149,0.02474163625727736,True,1.3388890146855559,3.683189778803565,11.879184458224046,20.70184971941311,False,True,False,True,27,45.0,True,0.5017899427172156,2.4295412560227865,True,3.463796432830333,True,0.6700755102053257,True,2,2,0.6017363621097679,True,1.2301365715390067,True,4,1,False,False,False,25.0,24.254608572974654,12.674764468453603,0.9369873551967727,2.0,True,6,4,5,6,-1.5283470348501638,355.4830017089844,54118588.02638092,52.4390243902439,False,0.0,0,,,,0.0,0,,,,False,True,False,False,1,,power_play,6,6,True,0,0.75,risk_on,7,True
CSX,50.56999969482422,-4.997181796519612,59.37657061540984,42.14056695084511,20.101958280755447,0.06832958780290134,True,1.0328962528650376,2.3136286151932217,25.041945944722286,-4.241623973143261,False,True,False,True,26,43.333333333333336,True,0.44735793007394054,1.1255897584626704,True,1.5607576601268423,True,-0.2564123592878942,True,2,0,0.4985341672861944,False,0.8216948160017629,False,4,2,True,False,False,65.0,17.733529275567932,4.291085617437082,0.681226287769324,13.0,False,5,3,5,5,-5.652982958124165,53.599998474121094,681388693.6339611,69.03794037940379,False,0.0,0,,,,0.0,0,,,,False,False,False,False,0,,none,0,0,False,-1,0.625,risk_on,7,False
CTAS,203.42999267578125,-8.769195985731526,24.722181371585993,-8.272043127865603,-30.310651797955266,0.07387294003951383,False,0.9979390731049053,3.382001243925512,2.5800459009955423,0.08855728205718894,False,True,False,True,25,41.66666666666667,True,0.4662842521997287,1.217213874634661,True,3.089411858893999,True,0.633192588644027,True,2,2,0.5246937185109221,False,1.7794791183766139,True,1,1,False,False,False,25.0,19.560156716404922,4.615838238078222,0.6328433103354015,11.0,False,2,4,5,6,-7.181642389315989,219.1699981689453,459513009.0618561,22.086720867208673,False,0.0,0,,,,0.0,0,,,,False,True,False,False,1,,power_play,6,6,True,0,0.75,risk_on,7,False
CTRE,39.27000045776367,-9.202311080315207,24.25975399830311,24.146428072031355,2.10781940194169,0.04197690457622871,False,0.9278953078299,7.461166974844077,4.344196950983736,-7.4911666620087525,False,False,False,True,23,38.333333333333336,False,0.5116261075035773,1.226119913975872,True,-0.5481369508265796,True,-4.522247901893373,True,2,0,0.4143324556972763,False,0.9055176338417749,False,8,3,True,False,False,45.0,18.15086266365181,10.091666387388477,0.450577825720716,11.0,False,1,2,2,5,-9.97248642970825,43.619998931884766,84382183.96899204,53.45528455284553,False,0.0,0,,,,0.0,0,,,,False,False,False,False,0,,none,0,0,False,-1,0.625,risk_on,7,False
CTRI,23.21500015258789,-44.461721109303035,19.850279539309845,12.63949279520129,-9.399115874888375,0.03099809387605588,False,1.2386088422660462,11.600261795203258,-25.3776930339779,-16.16107004391586,False,True,False,False,25,41.66666666666667,True,0.5653081395613752,3.1120665626438004,True,-2.553031736378514,True,3.8702449948740503,True,1,1,0.39787961315092,False,1.554879825794614,True,5,3,True,False,False,25.0,25.453907693914225,31.40210622555632,0.2558299073876149,8.0,False,1,3,2,2,-18.942036845927245,28.639999389648438,54225577.82786484,42.75067750677507,False,0.0,0,,,,0.0,0,,,,False,False,False,False,0,,none,0,0,False,-4,0.25,risk_on,7,False
CTSH,59.310001373291016,-30.758763439744452,53.13710837670298,-12.417944074831876,-34.45655274492154,0.06172199030517514,False,1.2073589527022086,5.243636045087134,-19.495578298640158,37.89817179229491,False,True,False,True,29,48.333333333333336,True,0.5077696166317721,2.385000469731275,True,3.588400599140658,True,4.253826699957597,True,2,3,0.7136852295423923,True,8.051075906567862,True,2,0,False,False,False,25.0,30.919501987362164,12.089026838012238,0.9961873805829422,0.0,True,2,5,4,5,-0.11788429364277819,59.380001068115234,501206809.8215027,19.17344173441734,False,0.0,0,,,,0.0,0,,,,False,False,False,False,0,,none,0,0,False,-1,0.625,risk_on,7,False
CTVA,75.3499984741211,-16.74953408938319,24.419986388006066,5.185648672036214,-16.85295999805345,0.04203700708946075,False,1.2329586288631913,3.344388446048738,2.1369778410502915,-15.12728147086616,False,True,False,True,25,41.66666666666667,True,0.4210980738370146,1.2252112936055235,False,-2.3782716709394647,True,-1.9646137447819623,True,2,0,0.32631837766553884,False,0.6231954062268834,False,5,1,False,False,False,25.0,18.09387585313856,12.773722886412134,0.05103258715749417,11.0,False,1,1,2,3,-17.170498556646386,90.97000122070312,376721291.0110439,34.62059620596206,False,0.0,0,,,,0.0,0,,,,False,False,False,False,0,,none,0,0,False,-3,0.375,risk_on,7,False
CUBE,41.88999938964844,-1.4352955537683787,23.64689713195631,12.007946178472007,-10.030662491617658,0.057143344899256966,False,1.0303610388581053,4.60730564167234,11.747758804125663,2.1458207854965217,False,True,False,True,27,45.0,True,0.40944805627462133,0.9192761085981059,False,1.1232038765732943,True,0.09558164154312987,True,2,0,0.5325243890406219,False,0.5780146293450783,False,6,1,False,False,False,65.0,12.7822669705113,4.60730564167234,0.7522430498273659,12.0,False,4,2,4,6,-3.1668954809062733,43.2599983215332,92880547.49892807,42.27642276422765,False,0.0,0,,,,0.0,0,,,,False,True,False,False,1,,power_play,6,6,True,0,0.75,risk_on,7,False
CUZ,29.969999313354492,-7.213622225206273,43.95159395251467,11.453305283418791,-10.585303386670875,0.026639470776438818,False,1.0728578686998351,4.270939993232317,41.23802440744952,-4.977810896003909,False,True,False,True,33,55.00000000000001,True,0.44286355069399663,1.1184440596944394,True,-0.0010510000355932754,True,0.4693241367968559,True,2,0,0.32983812365657783,False,0.6352673387432071,False,4,1,False,False,False,65.0,23.617591459082107,11.21121986880725,0.6170646665893157,11.0,False,3,2,3,5,-9.044010259740931,32.95000076293945,51090741.07607403,41.32791327913279,False,0.0,0,,,,0.0,0,,,,False,False,False,False,0,,none,0,0,False,-1,0.625,risk_on,7,False
CVCO,600.5999755859375,-13.92456329108388,31.779875969108517,21.203555196551793,-0.8350534735378723,0.10888760806916427,False,0.9469168024080397,4.087577221264137,4.679734306917216,6.84931536598401,False,True,False,True,30,50.0,True,0.3524237976203534,1.2162805713621008,False,1.0259728768586063,True,3.8794806611858856,True,2,1,0.525307070357579,False,1.3455923047763456,True,4,0,False,False,False,55.0,18.20676018007734,11.958043663613553,0.7396984876528604,34.0,False,2,3,3,5,-4.739247209815812,630.47998046875,70759556.49451904,51.016260162601625,False,0.0,0,,,,0.0,0,,,,False,False,False,False,0,,none,0,0,False,-1,0.625,risk_on,7,False
CVE,29.954999923706055,-5.275822348759329,103.97771590710359,101.40258107439521,79.36397240430554,0.11303486073699064,True,1.1437607497866562,8.512766628460264,42.105426981419214,0.7907153963020663,False,True,False,False,27,45.0,True,0.41331888887050755,1.2847070939577976,False,2.2719536528240414,True,6.035397960021438,False,0,0,0.5270446253046306,False,0.6639873911318163,False,5,1,False,False,False,25.0,15.404613911606882,10.248705400244901,0.8280589507570042,9.0,True,7,3,5,6,-2.648685479144941,30.770000457763672,209284596.82373267,88.88888888888889,True,0.0,0,,,,0.0,0,,,,False,True,False,False,1,,power_play,6,6,True,0,0.75,risk_on,7,False
CVLT,144.83009338378906,-25.883992288224867,92.64444372956223,-24.347006092356803,-46.385614762446465,0.05671599478369337,False,1.175766902067251,7.7784901046558605,65.89929933670588,2.6144920009198103,False,True,False,True,27,45.0,True,0.4305608224943529,1.8891972362026381,False,1.1986862965346123,True,8.600849370832385,False,1,2,0.7714068705269389,True,1.1932657135497167,False,2,2,True,False,False,25.0,26.403472823755443,21.926106124530307,0.7684777286467779,24.0,False,4,4,3,5,-6.112991999768935,154.25999450683594,89930644.5796547,11.246612466124661,False,0.0,0,,,,0.0,0,,,,False,False,False,False,0,,none,0,0,False,-1,0.625,risk_on,7,False
CVNA,74.41500091552734,-22.233254240855725,32.279223957025515,6.346645831407094,-15.69196283868257,0.17874988175893272,False,1.0440462991242352,7.330513692053793,8.117332696035561,23.63349827774559,False,True,False,True,29,48.333333333333336,True,0.4213546244366342,2.1163940064999585,False,1.787982879949689,True,8.88938382085993,False,1,2,0.6812014886541906,True,2.236104931846966,True,5,0,False,False,False,25.0,24.95319624500743,20.278169679413697,0.9804395569799454,3.0,True,2,4,4,4,-0.4880955733187031,74.77999877929688,678852598.3881108,35.704607046070464,False,0.0,0,,,,0.0,0,,,,False,False,False,False,0,,none,0,0,False,-2,0.5,risk_on,7,False
CVS,96.03500366210938,-12.631509100066019,50.35378379705207,50.35378379705207,28.3151751269624,0.10237060815241716,False,1.1487993820996374,3.488309831181728,25.08364580644098,-10.155295901882377,False,True,False,True,28,46.666666666666664,True,0.45749932271934024,1.3838565935745601,True,-1.8643690340986758,True,-0.19226518005275306,True,2,1,0.5514147506075169,False,1.4842739509253873,True,7,1,False,False,False,55.0,19.209265143525638,13.286816285998013,0.33909750730141136,11.0,False,2,2,2,4,-12.695451216264209,110.0,813960036.0962368,73.50948509485094,False,0.0,0,,,,0.0,0,,,,False,False,False,False,0,,none,0,0,False,-2,0.5,risk_on,7,False
CVX,195.5749969482422,-6.5279122471655455,35.80717741803036,30.7283310029306,8.689722332840933,0.12484480195855556,False,1.1758657196371174,5.926121323037483,9.263714714802518,0.5940740614004181,False,True,False,True,23,38.333333333333336,False,0.4268632749471487,0.9004032040647383,False,2.4306034453415717,True,3.3530631316183612,True,2,3,0.6547644932234077,True,1.7487594624556833,True,2,0,False,False,False,35.0,16.6472776851038,5.972137602876384,0.9357336597443423,15.0,True,2,6,5,7,-1.0698596120413018,197.69000244140625,1440263378.394616,60.16260162601627,False,0.0,0,,,,0.0,0,,,,False,True,False,False,1,,power_play,7,7,True,1,0.875,risk_on,7,False
CW,710.9500122070312,-10.320774664586507,48.98758844463493,43.33445598529568,21.295847315206018,0.11034175622035047,False,1.1386891059822735,6.651660062644845,6.016918538881755,-5.210460323365962,True,False,False,True,26,43.333333333333336,True,0.4663112020909884,2.0512957053718277,True,-0.9217618757296804,True,-0.4327440921233938,True,2,0,0.39426884132133094,False,0.5288278927113061,False,5,1,False,False,False,25.0,12.969697421169924,12.577534478488317,0.4070480350092081,6.0,False,3,1,2,4,-7.690407571218715,770.1799926757812,182779645.0581665,69.64769647696477,False,0.0,0,,,,0.0,0,,,,False,False,False,False,0,,none,0,0,False,-2,0.5,risk_on,7,False
CWST,91.2249984741211,-15.013041190202648,21.68200211917446,-8.325799903779618,-30.364408573869284,0.023537219495474732,False,0.871945394349181,7.706219673208501,-11.017361040568485,1.3273350116928206,False,True,False,True,26,43.333333333333336,True,0.3560770609126423,1.2628277678561168,False,-0.07195236323792022,True,0.8456769814181309,True,2,1,0.6175432953483527,True,0.4763781433797712,False,6,2,True,False,False,45.0,16.765229932703267,7.706219673208501,0.3982951602015667,20.0,False,2,3,2,5,-10.087719990841116,101.45999908447266,58560566.98128853,21.883468834688347,False,0.0,0,,,,0.0,0,,,,False,False,False,False,0,,none,0,0,False,-1,0.625,risk_on,7,False
CX,11.180000305175781,-17.293247935414247,32.1267276356217,29.237891898858017,7.199283228768351,0.054021919253281134,False,0.7504859758015423,3.756708987740423,-8.46967144560561,-8.809134612916358,False,False,False,True,20,33.33333333333333,False,0.4333090315770657,1.3392403190196847,False,-3.6942662692097645,True,-1.061945871978598,True,2,0,0.30262058976128886,False,0.16548557458829488,False,8,2,True,False,False,25.0,16.490168389881095,8.855096101024646,0.0642203319836073,20.0,False,0,2,2,4,-15.431164301417343,13.220000267028809,87015719.7679152,58.19783197831978,False,0.0,0,,,,0.0,0,,,,False,False,False,False,0,,none,0,0,False,-2,0.5,risk_on,7,False
CYTK,75.27999877929688,-13.729089002576911,126.542280518583,120.69773506967105,98.6591263995814,0.06573950842545884,False,0.9505158041490108,8.63443159590964,18.81312824198089,-4.84136240867824,False,True,False,False,22,36.666666666666664,False,0.5419860748916973,1.9548952113573819,True,-1.0640144991702603,True,-7.484335457443459,False,0,0,0.47490530984322266,False,0.6015068393714175,False,7,2,True,False,False,25.0,14.829979381632933,9.139210102259023,0.029907926554211116,24.0,False,2,2,2,4,-14.386445447486595,87.93000030517578,140243895.29185408,91.12466124661248,True,0.0,0,,,,0.0,0,,,,False,False,False,False,0,,none,0,0,False,-2,0.5,risk_on,7,False
CZR,29.84000015258789,-1.8743824323719127,64.49835257225003,15.928517552164756,-6.1100911179249096,0.32533113110218564,False,0.8399687037165042,2.111263622297928,57.05263238204152,-0.2006671127353421,False,False,False,True,27,45.0,True,0.4394023715823121,0.39340999007900823,False,0.21932609143721246,True,-0.6988322456050633,True,2,0,0.5388080321247277,False,1.1891766855432693,False,3,0,False,False,False,65.0,18.26143099156331,2.205096992896149,0.8241563199481255,34.0,False,4,2,1,4,-3.2111572285698387,30.829999923706055,120041796.29971552,46.070460704607044,False,0.0,0,,,,0.0,0,,,,False,False,False,False,0,,none,0,0,False,-2,0.5,risk_on,7,False
D,68.30999755859375,-4.714750687273373,22.160593709407415,15.997559699333607,-6.041048970756059,0.137092685143717,False,1.0651697538608682,3.7994408461111644,9.310654022637198,-4.408062645166422,False,True,False,True,26,43.333333333333336,True,0.44938741103782914,0.9496941036643199,True,-0.2916534238852727,True,2.2604707153470738,True,2,0,0.5335605404661233,False,0.4244814666849525,False,4,0,False,False,False,65.0,17.20118055098504,5.958131811281541,0.6272443147296075,17.0,False,3,2,3,5,-6.411837843742174,72.98999786376953,240888638.8030258,46.205962059620596,False,0.0,0,,,,0.0,0,,,,False,False,False,False,0,,none,0,0,False,-1,0.625,risk_on,7,False
DAL,91.79000091552734,-1.7546021477928164,66.23799237116074,56.166588958278375,34.12798028818871,0.11329578400721578,True,0.9429924362466412,4.292409197198029,33.10999523812897,11.979992129540173,False,True,False,True,25,41.66666666666667,True,0.38424698519049955,0.9690254377462802,False,1.9367926737518444,True,-0.20656929166325,True,2,0,0.39632239027915656,False,0.6687790822228887,False,6,1,False,False,False,45.0,20.15050304825997,8.377821510736467,0.8099917811997386,29.0,False,7,2,5,5,-3.8287611921291154,95.44433663676071,443634978.8736664,76.15176151761518,False,0.0,0,,,,0.0,0,,,,False,False,False,False,0,,none,0,0,False,-1,0.625,risk_on,7,False
DAR,63.43000030517578,-2.1745775946179102,112.06954406141168,97.90952204401124,75.87091337392158,0.05053729105662334,True,1.1601194373815253,8.341160589312087,26.078311615491256,0.04731668544932788,True,True,False,False,25,41.66666666666667,True,0.42111618728835265,1.4818117020081087,False,1.9131286627329085,True,4.825652065178554,True,1,0,0.44188689524096325,False,0.5886785033589089,False,5,2,True,False,False,35.0,21.022988065206988,9.933470429089992,0.8363503322598226,15.0,False,7,3,5,6,-3.440405011776837,65.69000244140625,129030584.62199593,88.14363143631437,True,0.0,0,,,,0.0,0,,,,False,True,False,False,1,,power_play,6,6,True,0,0.75,risk_on,7,False
DASH,215.2917022705078,-23.584968505390346,46.85654386568603,-15.306174329206035,-37.3447829992957,0.08919859704213329,False,1.0067181028995045,7.496805134351622,33.60537612384902,26.813746158002026,False,True,False,True,29,48.333333333333336,True,0.41135476374886826,1.8308839909316577,False,3.7475013529621792,True,0.9526905261205698,True,2,0,0.5632280023987175,False,1.180348141802309,False,4,2,True,False,False,25.0,25.095551828663538,13.40042639788617,0.8728131619843152,4.0,False,3,3,3,4,-3.1918238853464453,222.38999938964844,794813381.5291687,16.59891598915989,False,0.0,0,,,,0.0,0,,,,False,False,False,False,0,,none,0,0,False,-2,0.5,risk_on,7,False
DAVE,326.1499938964844,-26.29878317940989,109.1777820206798,62.67643521392634,40.637826543836674,0.22690487687107677,False,1.0512130164743427,19.320860128809166,91.71761301298844,-20.17670603301581,False,True,False,False,31,51.66666666666667,True,0.39941500022772364,2.8973323207661834,False,-1.132771239435317,True,-10.707445333048149,False,0,0,0.46975045269305166,False,0.5357755661129798,False,3,1,False,False,False,25.0,34.0611001538632,41.71853594594622,0.15366618614618993,17.0,False,4,1,2,3,-28.82706079727564,458.25,177120100.29605865,79.60704607046071,False,0.0,0,,,,0.0,0,,,,False,False,False,False,0,,none,0,0,False,-3,0.375,risk_on,7,False
DB,38.31999969482422,-1.5187531708703905,39.99819939046858,9.807822935538923,-12.230785734550743,0.13204569778729125,False,0.7920438360889968,1.6962461666373663,8.310581194675425,12.24370351466144,False,True,False,True,29,48.333333333333336,True,0.4564658875803349,0.6886681763393415,True,4.432008841124773,False,1.8336396681466915,True,2,0,0.463694716248438,False,1.1546418119654231,False,4,1,False,False,False,45.0,19.76141226102619,6.132573871433951,0.968503720205503,2.0,True,4,1,4,4,-0.6224109697076874,38.560001373291016,66983223.35584412,39.02439024390244,False,0.0,0,,,,0.0,0,,,,False,False,False,False,0,,none,0,0,False,-2,0.5,risk_on,7,False
DBRG,15.935700416564941,-0.02697091550523112,74.1178026248662,52.3369377434709,30.298329073381232,0.07950025268643546,True,0.9723321204648678,0.25100849543737613,3.611381941211511,0.7950663732575025,False,True,False,True,22,36.666666666666664,False,0.43179560869094075,0.13962717512659018,False,3.313598582624434,True,-0.02697091550523112,True,2,3,0.6118361422892786,True,2.545151564403865,True,0,3,True,False,False,,,,,,False,6,5,3,7,,,52125239.391351365,74.25474254742548,False,0.0,0,,,,0.0,0,,,,False,True,False,False,1,,power_play,7,7,True,1,0.875,risk_on,7,True
DBX,34.22999954223633,-2.2000013078962044,55.16772606945326,27.391136855702868,5.3525281856132025,0.046664766471617235,False,1.2765467481902832,7.902430228539709,37.029624377534695,20.400981972570143,False,False,False,True,26,43.333333333333336,True,0.442081585200137,1.7107626653145296,True,3.363339754595186,True,-0.8975140853330288,True,2,2,0.6464288536321676,True,2.4534772118395147,True,4,2,True,False,False,25.0,21.934492508584135,12.211511425871004,0.809827506081727,4.0,False,5,5,4,6,-4.171337143189124,35.720001220703125,139961351.63534468,56.16531165311653,False,0.0,0,,,,0.0,0,,,,False,True,False,False,1,,power_play,6,6,True,0,0.75,risk_on,7,False
DCI,95.69000244140625,-12.899496582551716,31.663740287890164,27.594886023239408,5.556277353149742,0.027723436201693902,False,1.0933797913695602,3.72557461641743,-12.638049800493633,4.992322890309997,False,True,False,True,27,45.0,True,0.4839636374200058,1.0773823442748547,True,2.426922988245861,True,-2.694726454309748,True,2,2,0.5040051766951008,False,1.5092957169414651,True,2,1,False,False,False,45.0,16.422864135511187,7.806459431618494,0.7674294328899915,6.0,False,2,4,4,6,-3.81947482556646,99.48999786376953,60197588.826005556,56.50406504065041,False,0.0,0,,,,0.0,0,,,,False,True,False,False,1,,power_play,6,6,True,0,0.75,risk_on,7,False
DCO,200.6999969482422,-0.3772509382988565,132.2647707932557,117.30185753782689,95.26324886773722,0.0637162915819172,True,1.155238539452256,5.321371618423829,67.02728930719056,14.352460389613375,False,True,False,True,31,51.66666666666667,True,0.41499374557614177,1.8009750527107369,False,2.934199090950354,True,-0.3772509382988565,True,2,2,0.4149853362923953,False,1.6929611143936014,True,1,0,False,False,False,25.0,23.061934698997014,17.085198708286846,0.8002885080761191,5.0,False,10,3,4,6,-4.605733385387811,210.38999938964844,52988664.9305954,90.58265582655827,True,0.0,0,,,,0.0,0,,,,False,True,False,False,1,,power_play,6,6,True,0,0.75,risk_on,7,False
DD,143.7899932861328,-6.242397397071731,59.65174332067398,57.688216315207065,35.6496076451174,0.03310959321002266,True,1.0795105409629877,4.20057641487099,-2.2591614847563,4.650654784208053,True,True,False,True,20,33.33333333333333,False,0.4297349031620281,1.4853142055262734,False,0.910774627657197,True,-0.18049965992127381,True,2,0,0.5518158153937616,False,0.7080490975679627,False,4,0,False,False,False,25.0,12.869760382272396,13.373667588447974,0.7072279701679896,5.0,False,4,2,5,6,-3.767905870569477,149.4199981689453,191930484.25166473,76.69376693766937,False,0.0,0,,,,0.0,0,,,,False,True,False,False,1,,power_play,6,6,True,0,0.75,risk_on,7,False
DDOG,247.09860229492188,-14.246535648482395,140.8016444369731,91.98087903471419,69.94227036462453,0.1023729141365158,False,1.2995259592365684,13.448071101542597,95.90787891516092,1.1083116788894953,False,False,False,False,26,43.333333333333336,True,0.41299697394987805,2.2635498125965055,False,-0.0800111802053565,True,7.76684963593921,False,0,1,0.37973685170065596,False,1.3075707243964112,True,7,1,False,True,False,25.0,23.04591638171118,27.30084512309423,0.32372673606029684,6.0,False,5,2,1,3,-15.585337091941298,292.7200012207031,1305360430.8951416,87.26287262872629,True,0.0,0,,,,0.0,0,,,,False,False,False,False,0,,none,0,0,False,-3,0.375,risk_on,7,False
DDS,586.9149780273438,-16.09686469235754,31.234284084387774,30.217414398873753,8.178805728784088,0.2307631332420552,False,1.1546674727761457,14.339380710200638,-9.343916270714715,5.562148300535497,False,False,False,False,32,53.333333333333336,True,0.47425419426900833,1.8899087450941803,True,0.4285013860730679,True,-4.886808455921443,True,1,3,0.6245950513541424,True,4.249371253577182,True,1,0,False,False,False,25.0,22.82698603024661,14.339380710200638,0.5635415816392453,2.0,False,1,4,2,3,-9.963030218704471,651.8599853515625,81280963.5756897,59.62059620596206,False,0.0,0,,,,0.0,0,,,,False,False,False,False,0,,none,0,0,False,-3,0.375,risk_on,7,False
DE,616.1099853515625,-6.487102860568383,41.571947331543015,21.47595811569738,-0.5626505543922846,0.04039796278651338,False,0.97441284590137,4.020389235716707,3.5785394756770117,0.9983222886672083,False,True,False,True,22,36.666666666666664,False,0.43349752779177325,1.2222655208279296,False,0.8559738926126637,True,0.20655104427549364,True,2,1,0.4536079238534903,False,1.3012066352106681,True,4,2,True,False,False,55.0,19.0780503409246,6.045998423275763,0.7730763617029482,12.0,False,2,4,4,6,-4.329260594976914,643.989990234375,598045020.7285248,51.15176151761518,False,0.0,0,,,,0.0,0,,,,False,True,False,False,1,,power_play,6,6,True,0,0.75,risk_on,7,False
DECK,91.93499755859375,-25.805023935523707,15.583349887347975,-13.659847238718859,-35.698455908808526,0.15182281187378313,False,0.9049233071506521,8.157937889996635,-20.759351647431746,-4.463270963847865,False,False,False,False,21,35.0,False,0.4302761501578913,1.5534795673946658,False,-3.4263527003271115,True,-6.06417188252869,False,0,0,0.24022306228623572,False,0.5015629481090712,False,8,0,False,False,False,25.0,17.782990761256283,11.519004317307138,0.04340080507552327,23.0,False,0,1,1,3,-17.011194645567173,110.77999877929688,236423756.09987488,18.29268292682927,False,0.0,0,,,,0.0,0,,,,False,False,False,False,0,,none,0,0,False,-3,0.375,risk_on,7,False
DELL,501.4100036621094,0.0,353.5811278350023,264.955771594264,242.9171629241743,0.5486466940068596,True,1.1369992365086559,19.485054445158102,346.5454409068756,14.12801198197342,True,True,False,False,29,48.333333333333336,True,0.4300916657439187,3.0714146947136975,False,2.1553034796608856,True,14.568721730796108,False,0,1,0.5522562280672687,False,1.0071077083834314,False,2,0,False,False,False,25.0,30.178987376884724,24.708325271452825,0.9188370504500123,0.0,True,12,3,5,5,-2.4494156299398107,514.0,2488855098.0957947,96.95121951219512,True,0.0,0,,,,0.0,0,,,,False,False,False,False,0,,none,0,0,False,-1,0.625,risk_on,7,False
DEO,95.08000183105469,-14.544341323271837,32.52368604851972,-11.186793332755606,-33.22540200284527,0.1842456502163999,False,1.1635585445166792,4.1754243950928585,-4.0080778378458355,15.584730563941719,True,True,False,True,25,41.66666666666667,True,0.48562576545262764,0.9436872343766353,True,4.340925649149683,False,2.456895155515504,True,2,2,0.5995401078240481,False,1.2730374704451222,True,2,3,True,False,False,25.0,17.203747098720974,10.55952957738387,0.8773192379006061,3.0,True,2,5,6,4,-2.110568805036328,97.12999725341797,119593383.69000931,19.986449864498645,False,0.0,0,,,,0.0,0,,,,True,False,False,False,1,,sepa_vcp,6,6,True,0,0.75,risk_on,7,False
DFNS,35.0005989074707,-58.813135414385734,83234.76042702116,690.0812700617402,668.0426613916505,0.003111170587841698,False,3.39502400469456,29.628061392033327,1658.8240572731745,797.4512320921671,False,True,False,False,14,23.333333333333332,False,0.5061784734391048,20.391381927214308,True,1.0887976442259422,True,-23.911741505498473,False,0,0,0.4518704217002637,False,1.066185467493233,False,3,2,True,True,False,,,,,,False,7,2,3,4,,,260247942.66951305,99.66124661246613,True,0.0,0,,,,0.0,0,,,,False,False,False,False,0,,none,0,0,False,-2,0.5,risk_on,7,False
DFTX,43.880001068115234,-9.432403762354369,394.14414980419065,340.12036000869693,318.08175133860726,0.20796749639030498,True,0.995256875105801,20.69280221064657,170.36353854430865,2.212906490068023,False,False,False,False,27,45.0,True,0.46304082272743813,3.2385797725790484,True,1.6184537111540465,True,-4.898132534523258,True,1,0,0.4412364843305577,False,0.3311923792227355,False,4,2,True,False,False,25.0,18.933601011992348,20.69280221064657,0.38150905534554225,4.0,False,10,2,3,6,-11.710260775617742,49.70000076293945,86218697.04259872,98.1029810298103,True,0.0,0,,,,0.0,0,,,,False,True,False,False,1,,power_play,6,6,True,0,0.75,risk_on,7,False
DG,122.5916976928711,-20.762135988399997,29.590611024421687,8.586923863845097,-13.451684806244568,0.1930537433417806,False,0.8990202290040197,8.140847663221445,-15.873037563247028,6.453363836777082,False,True,False,False,26,43.333333333333336,True,0.43888056651926904,1.483479343210345,False,1.2797090806772353,True,-3.811925752610301,True,1,0,0.5101853094472816,False,0.5944785912124836,False,4,3,True,False,False,45.0,19.458404249207963,10.808235997510383,0.6609793036815433,8.0,False,1,3,3,4,-6.596801757812498,131.25,240931476.4508354,38.550135501355015,False,0.0,0,,,,0.0,0,,,,False,False,False,False,0,,none,0,0,False,-2,0.5,risk_on,7,False
DGX,238.13499450683594,-0.15304213549856005,39.053028261157195,35.34088849459596,13.302279824506293,0.047405448580544136,True,0.8580063287245923,3.2418591970032837,16.09114705432313,4.491005214769972,False,True,False,True,25,41.66666666666667,True,0.33545276850869615,0.8052881510285756,False,5.138386821578608,False,-0.15304213549856005,True,2,3,0.6119664361991431,True,1.3996861969043748,True,1,1,False,False,False,25.0,16.29534172620727,4.300084292260586,0.9490158413741253,12.0,True,7,5,7,6,-0.8308042874317856,240.1300048828125,242004271.28199464,64.15989159891599,False,0.0,0,,,,0.0,0,,,,True,True,False,False,2,power_play,sepa_vcp,7,7,True,1,0.875,risk_on,7,True
DHI,148.6999969482422,-18.23253210155803,12.875901062771945,-9.100073091533057,-31.13868176162272,0.08656577562306335,False,0.9444197917824617,4.149292734076448,-9.110865366850096,4.941709298460162,False,True,False,True,24,40.0,True,0.6109950858256096,1.9084683736754104,True,-0.4934042063726529,True,1.8423413071769534,True,2,0,0.5640252978790293,False,0.601280414102363,False,7,2,True,False,False,25.0,11.702603931284525,6.108233935149262,0.5604971479540115,19.0,False,2,2,3,5,-5.143327804164144,156.76282279990212,380228988.41592866,21.205962059620596,False,0.0,0,,,,0.0,0,,,,False,False,False,False,0,,none,0,0,False,-1,0.625,risk_on,7,False
DHR,205.41000366210938,-14.780043346376747,27.129976619057985,-1.0589141826323756,-23.09752285272204,0.03311648728805656,False,1.0266299797552718,5.321061526176017,-4.031397757107524,6.706495408887991,False,True,False,True,31,51.66666666666667,True,0.404764903452237,1.492094924549875,False,1.9937860051406715,True,2.715275552844987,True,2,2,0.6454646114998208,True,1.9096230445713809,True,5,0,False,False,False,25.0,21.033823335058155,8.15442271621446,0.8983014528857606,12.0,True,2,5,6,6,-2.139109273433004,209.89999389648438,1250449487.5408325,28.929539295392953,False,0.0,0,,,,0.0,0,,,,True,True,False,False,2,power_play,sepa_vcp,6,6,True,0,0.75,risk_on,7,False
DIA,539.2299194335938,-0.6595453549312236,22.11944707516107,21.792134825264895,-0.24647384482477008,0.1725391847942363,False,0.9978252652642176,0.9012825839981988,9.815839012133365,4.449290906416858,False,True,False,True,31,51.66666666666667,True,0.4016169256423849,0.3852616018379931,False,2.8037194446085922,True,0.19322488107733626,True,2,1,0.47901058231747723,False,1.4546054945195985,True,3,3,True,False,False,65.0,10.194724319880454,5.099865383746873,0.8650856282324094,6.0,True,5,5,3,6,-1.3754148269604527,546.75,2018315089.1502838,51.490514905149055,False,0.0,0,,,,0.0,0,,,,False,True,False,False,1,,power_play,6,6,True,0,0.75,risk_on,7,False
DINO,88.3949966430664,-3.783076643789962,107.1591719682985,104.76850207223207,82.72989340214241,0.0856961443587924,True,1.3236188902853414,9.79232286576396,57.633149506819414,-0.16508021745643697,False,True,False,False,28,46.666666666666664,True,0.5628056851624283,2.3528341831273765,True,2.5267732989023646,True,7.263541709581101,False,0,0,0.5088893360033431,False,0.9453748094868847,False,4,2,True,False,False,25.0,19.136062044641264,14.71729961227976,0.7073171273325886,12.0,False,8,3,4,5,-5.600797610767428,93.63955881596408,255560111.29076728,89.29539295392954,True,0.0,0,,,,0.0,0,,,,False,False,False,False,0,,none,0,0,False,-1,0.625,risk_on,7,False
DIS,104.76000213623047,-10.586449771463524,14.220651414679253,-8.884645880719077,-30.923254550808743,0.1020411896574937,False,1.0137422668054175,3.0736933515100717,3.108737789861138,12.851448960313183,False,True,False,True,23,38.333333333333336,False,0.4866921302920653,1.034376508164887,True,2.6580485047966715,True,0.07642513452565947,True,2,2,0.6581333386081788,True,1.2698540866407926,True,3,1,False,False,False,25.0,12.123517469102584,9.211532387456419,0.9615989199266478,4.0,True,2,5,5,6,-0.4655561651016882,105.25,1122893450.2701218,21.341463414634145,False,0.0,0,,,,0.0,0,,,,False,True,False,False,1,,power_play,6,6,True,0,0.75,risk_on,7,False
DK,65.81999969482422,-2.791315042392095,224.02456862465615,224.02456862465615,201.98595995456648,0.2403600424657639,True,1.273408407513547,17.730176295580037,98.47498926490263,-2.038997911596674,False,True,False,False,34,56.666666666666664,True,0.5966269350402768,3.1944094350063783,True,2.965306410222247,True,12.148579374596324,False,0,1,0.5189567601188025,False,1.9001435339953385,True,6,1,False,False,False,25.0,22.618703416359573,18.71772039903287,0.8171279141715365,9.0,False,10,2,3,6,-4.136329472485068,68.66000366210938,79716758.93166733,96.2059620596206,True,0.0,0,,,,0.0,0,,,,False,True,False,False,1,,power_play,6,6,True,0,0.75,risk_on,7,False
DKNG,25.757200241088867,-46.595064305292844,24.310816093935816,-40.32159329900165,-62.360201969091314,0.062484911143006444,False,0.952684951126102,15.393754427792084,2.373610482108912,12.920652539018906,True,True,False,False,23,38.333333333333336,False,0.46741457190413194,2.075808408009914,True,0.3802159443431801,True,16.180424684033557,False,0,2,0.6236840618412383,True,1.320459846933457,True,3,0,False,True,False,25.0,22.529072165005616,17.626142876681765,0.7156774193945338,23.0,False,1,3,4,4,-6.405523936601176,27.520000457763672,325717889.46567804,4.471544715447155,False,0.0,0,,,,0.0,0,,,,False,False,False,False,0,,none,0,0,False,-2,0.5,risk_on,7,False
DKS,203.3800048828125,-14.964248676730518,9.62798634559643,-7.903080079411384,-29.94168874950105,0.15191423356234673,False,0.8049290054806704,8.91926391687359,3.28086757493391,-0.4795438073067926,False,False,False,False,28,46.666666666666664,True,0.4892111496133864,1.6017742950130625,True,-2.074567805964849,True,2.3965410747375016,True,1,0,0.49203959332167824,False,0.7218513926040804,False,4,2,True,False,False,25.0,13.430326060672263,10.24683405268266,0.27080609000766465,23.0,False,1,2,2,4,-9.793311972653562,225.4600067138672,251227735.65171584,22.35772357723577,False,0.0,0,,,,0.0,0,,,,False,False,False,False,0,,none,0,0,False,-2,0.5,risk_on,7,False
DLB,62.060001373291016,-16.032165999789004,28.678349231338473,-11.131606001378746,-33.170214671468415,0.027853081740276862,False,1.154473706796618,3.6255236065275707,-7.883089630867768,26.97694526475045,True,True,False,True,27,45.0,True,0.38677579386213673,1.1624719970903203,False,4.536677252651632,False,2.4653097636527788,True,2,3,0.6911420013927486,True,4.140948244861829,True,2,1,False,True,True,25.0,23.120922868696336,13.078598744721209,0.9757446913983686,2.0,True,2,4,5,4,-0.5608051193347396,62.40999984741211,51116526.44786835,20.05420054200542,False,0.0,0,,,,0.0,0,,,,False,False,False,False,0,,none,0,0,False,-1,0.625,risk_on,7,False
DLR,198.39999389648438,-2.0534560728988738,35.93096619786249,21.086509108721696,-0.9520995613679695,0.04100097509086074,False,1.0137273443621355,4.586496801883845,11.52053503747188,10.627856556148929,False,True,False,True,23,38.333333333333336,False,0.4452972701513002,1.3395886501160823,True,2.272074757416348,True,3.0328190755785522,True,2,1,0.4882599698958522,False,1.1329166451715311,False,2,2,True,False,False,25.0,17.56398622788939,7.111695723739615,0.7510975105228689,14.0,False,3,4,4,5,-4.371719897263715,207.47000122070312,511397912.62138367,50.88075880758808,False,0.0,0,,,,0.0,0,,,,False,False,False,False,0,,none,0,0,False,-1,0.625,risk_on,7,False
DLTR,131.42999267578125,-6.925864721402575,54.55078934716193,13.890806705325343,-8.147801964764323,0.0565127357759234,False,0.8147083687798269,3.6064869187484243,2.335902959656333,11.712699508015923,False,True,False,True,31,51.66666666666667,True,0.41374504870647366,1.260764068588965,False,2.900128120675705,True,1.349475708543002,True,2,0,0.5224003185478121,False,0.7058488570932913,False,4,1,False,False,False,45.0,21.041568694267372,4.215178310622198,0.9347360103698842,19.0,True,3,3,5,5,-1.3732567210640312,133.25999450683594,260550655.56810912,43.834688346883475,False,0.0,0,,,,0.0,0,,,,False,False,False,False,0,,none,0,0,False,-1,0.625,risk_on,7,False
DNTH,110.68000030517578,-1.7400560148198796,446.5679027416088,430.83932028865456,408.8007116185649,0.06642689267146215,True,0.9643688006113766,6.6949797991307545,133.10868022801733,5.620764708644721,False,True,False,True,29,48.333333333333336,True,0.5614590597916249,3.3081892532742505,True,2.509415371602119,True,0.6914138909121403,True,2,1,0.5266309442174735,False,1.339012803796785,True,3,1,False,False,False,25.0,20.54997842722983,10.381284298412448,0.8355988701755181,9.0,False,11,3,4,7,-3.378439671305311,114.55000305175781,84092471.86748353,98.6449864498645,True,0.0,0,,,,0.0,0,,,,False,True,False,False,1,,power_play,7,7,True,1,0.875,risk_on,7,False
DOC,20.860000610351562,-8.588953158124724,37.41264900460888,30.23698249168978,8.198373821600114,0.04439444998180581,False,1.0751727445387396,4.506234451360234,32.41823740047502,-5.525359228125026,False,True,False,True,26,43.333333333333336,True,0.5399678264746866,1.2725401524758448,True,-0.6284134428083731,True,-1.1374396529818753,True,2,0,0.29893647383566535,False,0.5812420576380349,False,4,2,True,False,False,55.0,18.42438227689325,9.443917368466098,0.5057226864974756,12.0,False,3,2,2,5,-9.10675417476632,22.950000762939453,131301452.79283686,59.756097560975604,False,0.0,0,,,,0.0,0,,,,False,False,False,False,0,,none,0,0,False,-1,0.625,risk_on,7,False
DOCN,134.47000122070312,-25.826021181176262,348.3828017571521,323.5275628998524,301.4889542297627,0.08348507959023525,False,0.9238488253288005,12.303858123560445,110.83412322728421,2.5314582376871453,False,True,False,False,24,40.0,True,0.48216279177660887,4.276348550251322,True,-0.6013821824002977,True,10.013906183105092,False,0,1,0.47380636732267395,False,1.2925074348180337,True,4,1,False,False,False,25.0,26.460008554297353,17.148804453973195,0.7371861504163646,16.0,False,8,2,2,5,-6.954056708170809,144.52000427246094,421986091.62040937,97.69647696476966,True,0.0,0,,,,0.0,0,,,,False,False,False,False,0,,none,0,0,False,-1,0.625,risk_on,7,False
DOCS,25.670000076293945,-65.82800966755565,42.531925319623866,-61.44487928758095,-83.48348795767062,0.055621360970308314,False,1.8305044117595566,60.90767503861694,-6.654545177112925,18.131618118074442,False,True,False,False,31,51.66666666666667,True,0.4519169137456006,3.6711049554540285,True,1.5769998390773268,True,24.24975927339803,False,0,0,0.5141723865213202,False,0.3221502316030753,False,4,4,True,True,False,,,,,,False,2,2,2,3,,,187010433.97851878,1.2195121951219512,False,0.0,0,,,,0.0,0,,,,False,False,False,False,0,,none,0,0,False,-3,0.375,risk_on,7,False
DOCU,59.130001068115234,-30.443477729411118,41.628745073329895,-16.37674751278606,-38.415356182875726,0.04878072367905479,False,1.1158608533601944,5.225773882581775,35.18518243959039,25.701530436401686,True,True,False,True,25,41.66666666666667,True,0.521182170301761,2.4347787216645878,True,3.4290763760180876,True,3.9191555051577565,True,2,2,0.6145450452708932,True,1.4520922905693778,True,3,2,True,False,False,25.0,23.139132567182962,13.360394695035508,0.8958631214834111,3.0,True,3,6,7,5,-2.4096370371279763,60.59000015258789,153487192.40182266,16.056910569105693,False,0.0,0,,,,0.0,0,,,,True,False,False,False,1,,sepa_vcp,7,7,True,1,0.875,risk_on,7,False
DOV,206.91000366210938,-10.89388259369527,29.35947567264514,14.354541181216995,-7.684067488872671,0.05707090305770921,False,0.7539629184664696,3.9582438241027655,-9.834982717110641,4.6056625226480685,False,True,False,True,26,43.333333333333336,True,0.46058325848777815,1.0640662516469848,True,-1.6776428161794434,True,-1.8639692392533824,True,2,0,0.38240084743620073,False,0.5865111002339511,False,4,2,True,False,False,25.0,11.400216531350853,5.470981162759381,0.5278783605457665,19.0,False,2,2,3,5,-5.3822889189146235,218.67999267578125,251493974.80459595,44.3089430894309,False,0.0,0,,,,0.0,0,,,,False,False,False,False,0,,none,0,0,False,-1,0.625,risk_on,7,False
DOW,30.344999313354492,-26.788717077740586,52.432969862487134,39.32062024157752,17.282011571487857,0.07792914980064246,False,0.9398838336354031,7.16757684503221,-5.002659826810607,-1.7961175146518626,False,True,False,True,23,38.333333333333336,False,0.4415862276670291,1.6075726752956845,True,-0.19460732145494447,True,0.14851510701989756,True,2,0,0.500330559359915,False,0.8214706027369599,False,4,1,False,False,False,35.0,18.11793580236208,9.062448713880036,0.5978077392677068,15.0,False,2,1,2,5,-7.286893560154562,32.72999954223633,288467796.97363865,66.93766937669376,False,0.0,0,,,,0.0,0,,,,False,False,False,False,0,,none,0,0,False,-1,0.625,risk_on,7,False
DOX,57.96500015258789,-32.38567438441422,17.53202333256141,-32.38567438441422,-54.42428305450389,0.05051643192488263,False,1.0936872228422767,5.3825565835791185,-13.460014550166466,13.99213744733505,True,True,False,True,24,40.0,True,0.5404005051805412,1.689994928993275,True,1.8815176807721086,True,-1.9536515564345769,True,2,1,0.5304820968091175,False,1.3137166862990504,True,4,2,True,False,False,35.0,17.958938418857024,10.316569527291456,0.808455021373402,5.0,False,2,4,4,4,-3.439944475596357,60.029998779296875,69236523.67358017,7.588075880758807,False,0.0,0,,,,0.0,0,,,,False,False,False,False,0,,none,0,0,False,-2,0.5,risk_on,7,False
DPZ,355.2749938964844,-22.50703062428642,25.52556104610071,-17.70642878243499,-39.745037452524656,0.0371859246517455,False,1.1094026872031957,5.7673692502893275,-8.385121713251154,7.996167607432825,False,True,False,True,30,50.0,True,0.5097788076620429,1.910052774436673,True,2.7878950057433083,True,-0.8802273369323599,True,2,1,0.5844887665048019,False,1.4805756009722804,True,3,1,False,False,False,25.0,20.74914027860246,8.765045439001735,0.7813389083306822,7.0,False,2,3,4,5,-4.537029664519032,372.1600036621094,321726868.1439026,14.905149051490515,False,0.0,0,,,,0.0,0,,,,False,False,False,False,0,,none,0,0,False,-1,0.625,risk_on,7,False
DRI,229.10000610351562,0.0,38.56613933086821,14.231055150958284,-7.807553519131382,0.07878606266831217,False,1.006364513899533,8.356261478225623,9.335225313187422,18.019787691222213,False,True,False,False,31,51.66666666666667,True,0.4724347972140725,1.2697201320509892,True,4.081648339435074,False,8.60908478805662,False,0,3,0.7330251969617448,True,1.6768441715880906,True,2,2,True,False,False,65.0,17.961498990192865,12.070794119045726,0.9853559944876872,0.0,True,5,5,4,4,-0.26302829022178953,229.70419311523438,247445580.8577362,44.03794037940379,False,0.0,0,,,,0.0,0,,,,False,False,False,False,0,,none,0,0,False,-2,0.5,risk_on,7,False
DT,48.2400016784668,-5.318938260829009,49.07293191779305,0.9205072142869586,-21.11810145580271,0.25476329917482815,False,1.1925302776220232,6.301825890865026,31.947483223314734,18.67158639036186,False,True,False,True,21,35.0,False,0.4828852160610618,1.872498107723801,True,1.9517199375019445,True,-1.289128846301102,True,2,0,0.40089892681763617,False,0.5511262680608282,False,3,2,True,True,True,25.0,24.181286212688217,20.491289339953806,0.6084595400750505,6.0,False,3,2,2,5,-9.467951925292784,53.28499984741211,248067107.8336729,30.149051490514907,False,0.0,0,,,,0.0,0,,,,False,False,False,False,0,,none,0,0,False,-1,0.625,risk_on,7,False
DTE,139.4199981689453,-9.719610968543357,10.96260819715602,1.8184514907992666,-20.2201571792904,0.10794139930646618,False,1.0428524682996867,4.009476165611383,0.5128592688028899,-5.879974634955143,False,True,False,True,24,40.0,True,0.44380800118586256,0.9107681092391253,True,-2.3294672481857734,True,-0.39294352144112477,True,2,0,0.549698969120304,False,0.9329638780092576,False,6,3,True,False,False,25.0,10.63718000058054,5.4368110246777155,0.22648532380540515,19.0,False,2,2,2,5,-8.22801484377268,151.9199981689453,182344067.2364258,31.16531165311653,False,0.0,0,,,,0.0,0,,,,False,False,False,False,0,,none,0,0,False,-1,0.625,risk_on,7,False
DTM,135.7100067138672,-9.970809494217825,38.302460333578296,34.33192384280406,12.293315172714394,0.04014973641075621,False,1.0792393991717435,4.870680335524687,4.5041561297596955,-7.168749950421205,False,True,False,True,23,38.333333333333336,False,0.5676242889655896,1.4135741727395537,True,-1.7461745758605511,True,2.099013378991854,True,2,0,0.3765559460549986,False,0.7383064458888067,False,3,1,False,False,False,25.0,12.640298700393132,5.9907187978804775,0.2616285774887676,22.0,False,2,1,2,5,-9.333235332376155,149.67999267578125,117971578.6757431,63.27913279132791,False,0.0,0,,,,0.0,0,,,,False,False,False,False,0,,none,0,0,False,-1,0.625,risk_on,7,False
DUK,124.40499877929688,-5.979310158724516,11.007654117124233,2.5423774645903396,-19.496231205499328,0.0809587767110196,False,1.0340775494409549,3.7538669786334022,2.352582354505617,-3.7559925219417423,False,False,False,True,24,40.0,True,0.48745894975742354,0.9716346555438493,True,-0.3562042835969221,True,0.4075845417261581,True,2,1,0.6172835773929974,True,0.5052229352843943,False,7,2,True,False,False,55.0,9.717295403958198,4.541613240564278,0.36035683571103455,12.0,False,2,3,2,5,-6.215601580518437,132.64999389648438,575041474.5121098,31.842818428184284,False,0.0,0,,,,0.0,0,,,,False,False,False,False,0,,none,0,0,False,-1,0.625,risk_on,7,False
DUOL,137.889892578125,-62.650697021512826,53.15994051733108,-57.3003760240489,-79.33898469413856,0.13531553635889737,False,1.071322447066006,11.763004008519875,26.15726324621306,15.379374205803398,False,True,False,False,31,51.66666666666667,True,0.47151462756430906,2.9201142070000916,True,1.273524767997088,True,12.489713263482493,False,0,2,0.6258619644467351,True,1.2188063577344974,True,3,1,False,False,False,25.0,22.099442735877474,19.74691238622018,0.8140246515468016,10.0,False,2,3,3,4,-4.109951563426318,143.8000030517578,164606593.72245255,1.4905149051490514,False,0.0,0,,,,0.0,0,,,,False,False,False,False,0,,none,0,0,False,-2,0.5,risk_on,7,False
DV,13.3100004196167,-18.19299296168445,54.58769977179381,-13.515268858382468,-35.553877528472135,0.07193671810831224,False,0.9984746255891421,1.1645358984568317,42.658097839830546,28.227362937111057,False,False,False,True,33,55.00000000000001,True,0.4735816415194669,1.5802015136829457,True,4.529057003143185,False,13.663538652924846,False,1,1,0.5006619301905643,False,0.46146643018066597,False,2,1,False,True,True,25.0,22.500930466249997,18.44477720742817,0.9850252461940291,4.0,True,3,2,2,2,-0.33694589413736376,13.354999542236328,60008721.64143868,18.360433604336045,False,0.0,0,,,,0.0,0,,,,False,False,False,False,0,,none,0,0,False,-4,0.25,risk_on,7,False
DVA,182.52000427246094,-24.252988385247686,75.71964902876348,35.511174522297615,13.47256585220795,0.03891968358450257,False,1.3401368465159988,5.681574694955897,21.7043427264201,-22.08989587066966,False,True,False,True,28,46.666666666666664,True,0.412252321035814,1.584133569810165,False,-3.5639865608739454,True,1.0239697361294375,True,2,0,0.4846829615329492,False,0.5264184827838857,False,5,2,True,False,False,25.0,28.647625189548016,38.8450621825736,0.0836390291795787,8.0,False,2,2,2,3,-26.25156563039378,247.49000549316406,210552915.35565948,64.36314363143632,False,0.0,0,,,,0.0,0,,,,False,False,False,False,0,,none,0,0,False,-3,0.375,risk_on,7,False
DVN,43.904998779296875,-15.081082385228195,40.940072593230006,33.98365761074045,11.945048940650786,0.16377899688501998,False,1.0376142298025093,7.5162353798171795,1.110629008551256,-3.0580748691387827,False,True,False,True,19,31.666666666666664,False,0.3988041450504902,1.0468509943152746,False,0.28710436778916604,True,1.8441154202962773,True,2,1,0.5914457212351328,False,1.41024017622451,True,7,0,False,False,False,35.0,13.438647927953154,8.381734215902227,0.6288243727862775,15.0,False,1,3,3,4,-4.9880985735624055,46.209999084472656,429799516.4419104,63.143631436314365,False,0.0,0,,,,0.0,0,,,,False,False,False,False,0,,none,0,0,False,-2,0.5,risk_on,7,False
DX,13.029999732971191,-4.435008444767408,24.904901670933178,20.48537379452413,-1.5532348755655363,0.09015102736641234,False,0.9487576941939503,3.223331426716568,-0.09731465940893136,3.4126931625640733,False,True,False,True,27,45.0,True,0.40227391046106653,0.7737675780210789,False,1.0019640806074424,True,1.7174028582980672,True,2,0,0.5070704453516706,False,0.390097277402495,False,5,0,False,False,False,65.0,8.840354611293417,3.76055089148057,0.6781470020443073,20.0,True,4,3,4,6,-2.8452946346362196,13.411599246758112,73914370.77401976,49.86449864498645,False,0.0,0,,,,0.0,0,,,,False,True,False,False,1,,power_play,6,6,True,0,0.75,risk_on,7,False
DXCM,91.30000305175781,0.0,66.48432311765661,14.182096169492397,-7.856512500597269,0.14781710730724062,False,1.13093373599967,10.394310159862968,40.2888759726364,29.540293279194362,False,True,False,False,26,43.333333333333336,True,0.526711994863392,2.051443073461154,True,4.809708324353191,False,9.97350848409475,False,0,3,0.7075839537048916,True,2.3330763148368083,True,1,1,False,True,True,25.0,23.79340519748535,13.231107806432993,0.9871501254000705,0.0,True,6,4,4,4,-0.3057422730930015,91.58000183105469,426144710.5774765,43.97018970189702,False,0.0,0,,,,0.0,0,,,,False,False,False,False,0,,none,0,0,False,-2,0.5,risk_on,7,False
DY,410.45001220703125,-23.309042816640112,67.31890925439873,47.04618100062405,25.007572330534387,0.09697790466429974,False,0.9819922957826206,7.58923705387793,-1.1630674692889698,0.0658295226660277,False,True,False,True,23,38.333333333333336,False,0.4451395273765067,2.196717165901787,True,-1.4543730752847803,True,2.7229283187875097,True,2,0,0.3928209181235064,False,0.6622149963142597,False,6,2,True,False,False,25.0,17.67999945746528,8.790348519728356,0.5028910381270277,13.0,False,1,2,2,4,-8.788886176215282,450.0,167731234.63461304,72.08672086720867,False,0.0,0,,,,0.0,0,,,,False,False,False,False,0,,none,0,0,False,-2,0.5,risk_on,7,False
DYN,26.100000381469727,-2.2837840655619557,132.20641381626362,132.20641381626362,110.16780514617395,0.13960473221821118,False,0.9622092462144038,7.892718144958055,52.27538687797508,9.525809756740621,False,True,False,True,30,50.0,True,0.42055563151974035,2.3573851242448374,False,3.147755418778692,True,0.85008202410084,True,2,1,0.5829193502131875,False,2.4458544423294777,True,4,1,False,False,False,25.0,22.065554115332525,12.854404188508306,0.8,1.0,False,8,2,2,5,-4.413110823066502,27.30500030517578,65590446.26469316,92.00542005420054,True,0.0,0,,,,0.0,0,,,,False,False,False,False,0,,none,0,0,False,-1,0.625,risk_on,7,False
EA,209.6999969482422,0.0,42.449243208864075,37.92303029451496,15.884421624425293,0.0,True,0.8274559285334714,0.2384358642234073,2.988671837296031,2.1879977035601295,False,True,False,True,24,40.0,True,0.5266105262511463,0.18413198479231618,True,7.468618246676615,False,0.38295982533835815,True,2,1,0.4752079169297052,False,0.2021200149435531,False,0,1,False,False,False,,,,,,False,7,1,3,5,,,843995912.1797249,66.05691056910568,False,0.0,0,,,,0.0,0,,,,False,False,False,False,0,,none,0,0,False,-1,0.625,risk_on,7,False
EAT,246.125,0.0,140.61491621576369,56.38898993761523,34.35038126752556,0.21638617123739037,True,1.2179379030460333,13.830169631237304,51.42427105107939,33.04054054054053,True,False,False,False,31,51.66666666666667,True,0.4614829491382841,1.933981667365366,True,6.05599551963227,False,8.296297519726759,False,0,1,0.5714584943805814,False,2.00693096606136,True,4,0,False,True,True,25.0,29.990799360995236,18.717929419676864,0.9003213009580472,0.0,True,8,2,4,3,-2.9894438635322373,253.70950317382812,240930779.33932954,76.28726287262873,False,0.0,0,,,,0.0,0,,,,False,False,False,False,0,,none,0,0,False,-2,0.5,risk_on,7,False
EBAY,104.62000274658203,-11.810658259470031,32.55353178925455,5.153576601117216,-16.88503206897245,0.10035987862396226,False,1.2755258273807615,12.703116580602014,32.55353178925455,-4.29930201368699,False,True,False,False,24,40.0,True,0.5342176682336315,1.7011216424694522,True,-1.447461912225012,True,-5.011800139509726,False,0,0,0.49659174289743346,False,0.9379799024645284,False,4,2,True,False,False,25.0,13.756031810565222,12.703116580602014,0.16861572265625,23.0,False,3,2,2,4,-11.436548565944404,118.12999725341797,475865105.7002106,34.552845528455286,False,0.0,0,,,,0.0,0,,,,False,False,False,False,0,,none,0,0,False,-2,0.5,risk_on,7,False
EBC,23.59000015258789,0.0,59.3214334757115,59.3214334757115,37.282824805621836,0.04058146155117633,True,0.8434745889494123,4.069525161558654,8.910473813397136,4.150112803042116,True,True,False,True,33,55.00000000000001,True,0.4788444162252115,0.9791471915130014,True,4.1091301651812095,False,2.5206428419676685,True,2,1,0.5380557264608842,False,0.8768871403721955,False,2,2,True,False,False,45.0,16.54736970600329,4.069525161558654,0.9592875737944878,10.0,True,7,4,7,5,-0.6736835680509867,23.75,62127808.67021322,77.710027100271,False,0.0,0,,,,0.0,0,,,,True,False,False,False,1,,sepa_vcp,7,7,True,1,0.875,risk_on,7,True
ECG,136.2949981689453,-19.428354682948967,83.76028250464687,72.17659406726898,50.137985397179314,0.11072921816216579,False,1.0733685732555542,8.987857342215475,34.58576349056979,-1.214034237108108,False,True,False,False,25,41.66666666666667,True,0.47735038212601505,2.959299984691289,True,-0.5840739258993668,True,-2.3184982718078895,True,1,0,0.3646329650159554,False,0.6552042641785425,False,5,2,True,False,False,25.0,30.876983684081356,24.86518762561954,0.5910930378876631,6.0,False,5,2,2,4,-12.625813597449898,155.99000549316406,79381345.40755463,83.80758807588076,True,0.0,0,,,,0.0,0,,,,False,False,False,False,0,,none,0,0,False,-2,0.5,risk_on,7,False
ECHO,92.76499938964844,-34.580396760789434,237.44998240091,231.3035692487444,209.26496057865472,0.1063923922872083,False,0.7046864602830817,7.039291567144184,-15.714154599847053,1.3714317824511157,False,True,False,True,16,26.666666666666668,False,0.48815790774583123,2.277294050276382,True,-1.6630510999224608,True,6.589682512687611,False,1,1,0.500018595923087,False,1.3584550892552179,True,4,2,True,False,False,25.0,16.678447179640376,11.415939640562703,0.6229557513454264,24.0,False,4,4,3,5,-6.288512585572503,98.98999786376953,462167099.0447998,96.4769647696477,True,0.0,0,,,,0.0,0,,,,False,False,False,False,0,,none,0,0,False,-1,0.625,risk_on,7,False
ECL,277.9849853515625,-9.359610420974251,13.434505637783388,2.723239216160356,-19.31536945392931,0.0740289904076449,False,0.9492370803302268,4.1333132506577,-6.7186258972265716,5.641472173268025,False,True,False,True,32,53.333333333333336,True,0.4410711915268416,0.9870501913388766,True,0.8245045452561782,True,-1.9314916632188206,True,2,2,0.6063670178973575,True,1.6481815281140717,True,3,4,True,False,False,65.0,15.933748099894443,5.633399099704776,0.7723058679523899,5.0,False,3,5,4,7,-3.6280209438707245,288.45001220703125,334592756.3900436,32.31707317073171,False,0.0,0,,,,0.0,0,,,,False,True,False,False,1,,power_play,7,7,True,1,0.875,risk_on,7,False
ED,108.2699966430664,-5.441788140228643,16.094003717484597,7.033604661485171,-15.005004008604494,0.05752350625040342,False,1.001283660602851,2.595361268789419,-1.5085718679937354,-4.007451224196846,False,True,False,True,23,38.333333333333336,False,0.3878374185288146,0.7573505837550795,False,-0.5572821670741129,True,-0.6241398111271335,True,2,1,0.6096796284168287,True,0.3250949548072898,False,3,1,False,False,False,55.0,10.792991680412175,3.731413171504947,0.43810256259291425,27.0,False,1,2,3,5,-6.064554367179598,115.26000213623047,247118651.22430953,36.517615176151764,False,0.0,0,,,,0.0,0,,,,False,False,False,False,0,,none,0,0,False,-1,0.625,risk_on,7,False
EEFT,72.79000091552734,-25.966231548555253,14.216226954915644,-25.5116659780537,-47.550274648143365,0.03340830287695624,False,1.1503779235547726,6.017306221085156,7.201766244121077,-5.822227903604493,False,True,False,True,27,45.0,True,0.5169523840131466,1.958060816239562,True,-0.12745138146187585,True,-0.3831925283512838,True,2,0,0.4801605324508678,False,0.5244119192768552,False,5,0,False,False,False,25.0,18.149336241776844,12.117048473539397,0.266404076620358,11.0,False,1,1,2,4,-13.314279079013891,83.97000122070312,55344751.11821709,10.772357723577237,False,0.0,0,,,,0.0,0,,,,False,False,False,False,0,,none,0,0,False,-2,0.5,risk_on,7,False
EFX,184.5500030517578,-29.05058342020157,21.47042187093875,-26.37182121651447,-48.410429886604135,0.03269546841981686,False,0.924542002509147,4.784612129525827,-1.325239524341193,10.694578755101736,False,True,False,True,27,45.0,True,0.44001763225402146,1.916687444512732,True,2.190313354385159,True,4.983224358718963,True,2,1,0.5669299426071716,False,2.151351215038973,True,5,0,False,False,False,25.0,18.48540364172699,7.483073741001098,0.8406830208500644,11.0,True,2,4,5,4,-2.945038666567157,190.14999389648438,303430669.1918167,10.16260162601626,False,0.0,0,,,,0.0,0,,,,False,False,False,False,0,,none,0,0,False,-1,0.625,risk_on,7,False
EG,364.739990234375,-8.517687718309364,21.0892541620062,11.950661453829925,-10.08794721625974,0.08767979099518663,False,1.0931279984282805,3.350332167539617,14.619780970131902,-3.759993764264724,False,True,False,True,24,40.0,True,0.5195024742589744,1.0958111837636182,True,0.8126634683374425,True,-1.5147875730215588,True,2,0,0.3871084616489403,False,0.943702603080264,False,5,3,True,False,False,35.0,16.211638453106474,7.169489114610352,0.4412487515113284,11.0,False,2,2,2,5,-9.058273225720203,401.07000732421875,134771050.7540558,42.073170731707314,False,0.0,0,,,,0.0,0,,,,False,False,False,False,0,,none,0,0,False,-1,0.625,risk_on,7,False
EGO,38.775001525878906,-21.693041230541287,76.61701172369119,71.9363547013177,49.89774603122803,0.14598669606072387,False,1.1402238619702416,8.484840674046897,-13.784303886453442,21.209758684920367,False,True,False,False,27,45.0,True,0.42483907396146375,2.2062604984737746,False,3.344284962008342,True,7.918177557859063,False,0,1,0.4716020564227706,False,1.6655448056705233,True,6,2,True,True,False,25.0,32.97871999063785,27.646671783755323,0.8765943820060732,1.0,False,3,3,2,3,-4.069759321093336,40.41999816894531,85578279.92754555,83.73983739837398,True,0.0,0,,,,0.0,0,,,,False,False,False,False,0,,none,0,0,False,-3,0.375,risk_on,7,False
EGP,205.4499969482422,-8.026684368628512,31.909709782142382,29.435111671237713,7.396503001148048,0.05302216826296147,False,0.9671152926258654,2.986132809323213,11.399944483583567,-4.0177556556428184,False,True,False,True,25,41.66666666666667,True,0.4669808447862254,1.0625085440477708,True,-0.2904660366210803,True,2.4075376077211885,True,2,0,0.5009086175151862,False,0.34467520325819184,False,7,1,False,False,False,55.0,15.646766491266092,6.658558353747085,0.4006670311294829,19.0,False,2,1,2,5,-9.377623014434233,226.7100067138672,112495711.44854736,58.333333333333336,False,0.0,0,,,,0.0,0,,,,False,False,False,False,0,,none,0,0,False,-1,0.625,risk_on,7,False
EHC,125.08000183105469,-1.0950111893735515,33.81879640441823,5.746501145252125,-16.29210752483754,0.05685173116510981,False,1.1348366608286158,4.3572088810835545,12.049073770379204,12.62381107568833,True,False,False,True,24,40.0,True,0.35285971890640616,0.8019558786175579,False,4.307276228678812,False,0.20830166388892124,True,2,2,0.5753225317178423,False,1.3952007301491351,True,2,2,True,True,True,25.0,16.799998563878678,14.758553577099033,0.8870215510823982,2.0,True,4,4,5,5,-1.898037779564954,127.5,112272388.92750892,35.230352303523034,False,0.0,0,,,,0.0,0,,,,False,False,False,False,0,,none,0,0,False,-1,0.625,risk_on,7,False
EIX,70.62000274658203,-11.492665827455584,40.802029453822186,33.15199116875789,11.113382498668223,0.09665428547057592,False,1.3596095841946387,5.0693770354369265,7.84550172895484,-11.325962722494475,False,True,False,True,29,48.333333333333336,True,0.4760878150317604,1.3820222915169065,True,-1.1155236455374953,True,5.04239062974674,False,1,0,0.45081571974644197,False,0.5173797995068574,False,3,0,False,False,False,25.0,18.426856664320766,14.514301332983301,0.2686170657979438,12.0,False,3,1,2,4,-13.477088495271639,81.62000274658203,230678828.75221863,62.19512195121951,False,0.0,0,,,,0.0,0,,,,False,False,False,False,0,,none,0,0,False,-2,0.5,risk_on,7,False
EL,88.60679626464844,-25.400482300851134,32.30610968520271,-5.620333836659263,-27.65894250674893,0.0696729886239785,False,0.9221573041410952,4.311181371928565,-16.15439949591004,10.869367235644622,True,False,False,True,23,38.333333333333336,False,0.38665565516152955,1.1112031144119319,False,1.770767131505638,True,3.645804747644976,True,2,1,0.555111409675101,False,2.242333353053407,True,4,3,True,False,False,35.0,13.547879535753033,6.47806459001177,0.9781389981794644,4.0,True,1,5,6,4,-0.2961702191954907,88.87000274658203,185987628.6106308,24.525745257452574,False,0.0,0,,,,0.0,0,,,,True,False,False,False,1,,sepa_vcp,6,6,True,0,0.75,risk_on,7,False
ELAN,22.499000549316406,-16.173619890434054,29.677233744305575,26.327912543403965,4.289303873314299,0.03713784970898154,False,1.1900187466772656,13.733944073714754,-9.241630825337966,-9.205004334638222,False,False,False,False,28,46.666666666666664,True,0.4112233394650682,1.975861010791434,False,-1.6615912114462463,True,-7.028926280977665,False,0,0,0.4686132419913382,False,0.3443781301031482,False,6,0,False,False,False,25.0,23.802716069951025,29.60131421310829,0.1770271593850433,6.0,False,1,1,1,2,-19.58898885843887,27.979999542236328,193941665.0836234,54.87804878048781,False,0.0,0,,,,0.0,0,,,,False,False,False,False,0,,none,0,0,False,-4,0.25,risk_on,7,False
ELF,92.94000244140625,-36.63325587939866,87.49244101994708,-24.38984394250768,-46.42845261259735,0.09294309465014572,False,1.1254257687717006,9.672904699391683,25.036997379134206,22.048589073004045,False,True,False,False,29,48.333333333333336,True,0.47978609920473564,2.7191445289068157,True,3.872156436484139,True,0.6824882455582326,True,1,1,0.4786301163569161,False,1.5720292495711419,True,5,2,True,True,True,25.0,27.841991700684787,18.947708357823355,0.7635380453433972,4.0,False,2,3,2,3,-6.583571779076836,99.48999786376953,228386901.2559372,11.178861788617885,False,0.0,0,,,,0.0,0,,,,False,False,False,False,0,,none,0,0,False,-3,0.375,risk_on,7,False
ELS,64.91000366210938,-4.0502554352809135,13.668237464308675,11.684009232303083,-10.354599437786582,0.08648315727487953,False,1.0212867894792055,3.5433663646565936,0.6185737702203653,-0.5363139176588927,False,True,False,True,21,35.0,False,0.48336766742094733,1.1424429670315286,True,0.6880932214559711,True,0.3866377758133366,True,2,0,0.5081759902307246,False,0.7878374572182012,False,3,3,True,False,False,55.0,11.34992319384426,5.992917863008005,0.6269331342211479,10.0,False,2,3,4,5,-4.234280272758173,67.77999877929688,101488682.81265259,41.734417344173444,False,0.0,0,,,,0.0,0,,,,False,False,False,False,0,,none,0,0,False,-1,0.625,risk_on,7,False
ELV,404.17999267578125,-5.297690999427607,45.44642881656073,40.368863100992854,18.33025443090319,0.05854295394966342,True,0.8721497987162422,4.658691333620755,24.679773188149092,5.7426107470766485,False,True,False,True,29,48.333333333333336,True,0.49923095696376796,1.690164559326679,True,0.6817907588073054,True,3.2652015785868516,True,2,1,0.7000028556269391,True,0.6749359689034863,False,3,1,False,False,False,25.0,16.79350377957947,8.901848888982851,0.562380471743739,19.0,False,5,2,4,6,-7.34916520178931,436.239990234375,429944382.843335,67.81842818428184,False,0.0,0,,,,0.0,0,,,,False,True,False,False,1,,power_play,6,6,True,0,0.75,risk_on,7,False
ELVN,58.029998779296875,-5.0400945840163525,283.2892831134581,190.36776085580541,168.32915218571574,0.04727979213080179,True,0.9987704713464247,7.539204018664999,113.65979052030868,9.884486404588323,False,True,False,True,28,46.666666666666664,True,0.4183316093568588,2.2072488798205105,False,2.7656070809583957,True,-3.716611351341459,True,2,1,0.5145395906726622,False,1.4250998889470294,True,3,2,True,True,True,25.0,20.555201277311475,16.525935471860247,0.6651053508493731,6.0,False,10,3,3,6,-6.883826919985747,62.31999969482422,57736369.11104126,94.91869918699187,True,0.0,0,,,,0.0,0,,,,False,True,False,False,1,,power_play,6,6,True,0,0.75,risk_on,7,False
EMBJ,74.20999908447266,-6.773196855486308,38.36394221287074,26.858942970063527,4.820334299973862,0.10638339991368968,False,1.1698837640697453,11.64263508454379,4.239170086346111,13.349622270979488,True,False,False,False,27,45.0,True,0.39464881291551085,1.4041229576854901,False,3.6461480543817544,True,3.169746655948247,True,1,1,0.47463136817968393,False,1.0310976899688484,False,2,1,False,False,False,25.0,21.351557344377717,17.558279126866623,0.6741043918739569,3.0,False,3,2,2,3,-6.958378765184059,79.76000213623047,85366324.70922431,55.420054200542005,False,0.0,0,,,,0.0,0,,,,False,False,False,False,0,,none,0,0,False,-3,0.375,risk_on,7,False
EME,834.469970703125,-11.533667041597228,43.714609953172776,35.57838319084434,13.539774520754676,0.08279228263593084,True,1.1639594211414996,5.1505797707365355,6.691128501106558,8.50377244673064,False,True,False,True,19,31.666666666666664,False,0.46164380463003746,1.8347968899223992,True,0.95758216405776,True,3.221055411508833,True,2,0,0.3271900213628013,False,0.8287012613579726,False,6,0,False,False,False,35.0,23.656565881192403,8.332238635057047,0.7992857667954063,34.0,False,4,2,4,5,-4.748209481097487,876.0674903402747,367627424.79677737,64.43089430894308,False,0.0,0,,,,0.0,0,,,,False,False,False,False,0,,none,0,0,False,-1,0.625,risk_on,7,False
EMN,73.0999984741211,-8.043477155077971,34.45718214609306,15.314680046080786,-6.723928624008879,0.03620451914453123,False,0.9969722659780142,3.6525283511333413,-6.257571461584865,7.626620207337109,True,True,False,True,26,43.333333333333336,True,0.3734894036746471,1.0940681476565417,False,1.297198565387606,True,-0.5442197631005508,True,2,0,0.5890348541820783,False,1.1876044962531225,False,5,2,True,False,False,35.0,12.432005313953571,10.957595490328464,0.7577370750196435,5.0,False,3,3,4,6,-3.0118139707297265,75.37000274658203,83271158.98494339,45.46070460704607,False,0.0,0,,,,0.0,0,,,,False,True,False,False,1,,power_play,6,6,True,0,0.75,risk_on,7,False
EMR,161.38499450683594,-1.8220040680201444,31.474226754144375,21.48902328542284,-0.5495853846668268,0.11049609101344729,False,1.1339608484760086,5.849368133792879,12.194723249479322,11.376812494642575,True,True,False,True,29,48.333333333333336,True,0.5197777116029377,1.871743623474771,True,3.1491824863968105,True,2.851947447763137,True,2,2,0.5937941665796181,False,3.0391615239571816,True,1,0,False,False,False,25.0,19.717464291132732,11.401313493550386,0.8486277093070697,1.0,True,4,4,5,6,-2.984677736404817,166.35000610351562,473582878.27453613,51.21951219512195,False,0.0,0,,,,0.0,0,,,,False,True,False,False,1,,power_play,6,6,True,0,0.75,risk_on,7,False
ENB,51.3849983215332,-11.466234474530722,16.59586516212821,13.048716981432928,-8.989891688656737,0.10612111513194254,False,1.0303056210540011,2.1796223965534764,2.301284861770325,-8.891849412529872,False,True,False,True,24,40.0,True,0.4767811037722798,0.872729247078341,True,-3.5285488398546803,True,-0.6092890459530875,True,2,0,0.2992620591723793,False,0.28560546055409086,False,4,0,False,False,False,25.0,10.770574212832857,9.04932930441107,0.07073133666421658,18.0,False,2,1,2,5,-10.008757102118048,57.099998474121094,217121644.82119218,43.22493224932249,False,0.0,0,,,,0.0,0,,,,False,False,False,False,0,,none,0,0,False,-1,0.625,risk_on,7,False
ENPH,40.35499954223633,-44.20710836355873,54.498461889868445,17.928106670614397,-4.110501999475268,0.1220874236935353,False,0.6830529744927185,8.251760758594932,-8.574988445287012,3.7670356790435955,True,True,False,False,19,31.666666666666664,False,0.5082382340226618,3.139937932308761,True,-2.1353986381379,True,1.7267491931150403,True,1,0,0.5371015378316236,False,0.8953589980185579,False,4,2,True,False,False,25.0,24.962440502308592,16.503530970039098,0.463886497186538,21.0,False,1,2,3,4,-13.382701416465292,46.59000015258789,179715584.7306385,48.03523035230352,False,0.0,0,,,,0.0,0,,,,False,False,False,False,0,,none,0,0,False,-2,0.5,risk_on,7,False
ENS,204.2449951171875,-15.968929333645043,110.69353011536718,104.83918691449557,82.8005782444059,0.981131174926418,False,1.0089872639303363,15.192538138568889,13.0593928811791,2.0969717577781433,False,False,False,False,17,28.333333333333332,False,0.4735189665100229,2.0677629525328056,True,-0.3502269219189521,True,8.959721761736095,False,0,0,0.2662674573811433,False,0.38405466475641364,False,4,1,False,False,False,25.0,19.011387769552947,17.204827648034428,0.6937908972043068,0.0,False,3,1,1,3,-5.821459991815825,216.8699951171875,83597163.80496292,89.36314363143632,True,0.0,0,,,,0.0,0,,,,False,False,False,False,0,,none,0,0,False,-3,0.375,risk_on,7,False
ENSG,182.42999267578125,-15.412970971622242,24.043347668428726,9.880587196051271,-12.158021474038394,0.03147527667783531,False,0.8795786935189309,3.88093343009027,-14.85276412454879,8.900422649864637,False,True,False,True,26,43.333333333333336,True,0.4011911521454001,0.993642017199136,False,2.9373056282955456,True,0.4238627095395575,True,2,1,0.6571993055505547,True,0.886662791890321,False,4,1,False,False,False,35.0,15.844086677797378,6.692973713361925,0.8788596139687037,13.0,True,2,4,4,4,-1.9193587764616882,186.0,75701934.43580322,39.15989159891599,False,0.0,0,,,,0.0,0,,,,False,False,False,False,0,,none,0,0,False,-2,0.5,risk_on,7,False
ENTG,161.63999938964844,-12.07775991835609,135.49901355194774,103.05485913231229,81.01625046222262,0.04876338578852372,True,0.8756480755517192,11.556550361980882,23.673632262714083,19.569035196839746,False,True,False,False,27,45.0,True,0.4006059919852476,2.762572289915715,False,1.5795678921184684,True,13.312307259504252,False,0,1,0.6198353089138278,True,0.6670307839462212,False,3,3,True,False,False,25.0,34.294143414230575,28.83568944304948,0.9808242425501974,1.0,True,5,4,4,3,-0.6576161760600274,162.7100067138672,371141005.5420319,89.09214092140921,True,0.0,0,,,,0.0,0,,,,False,False,False,False,0,,none,0,0,False,-2,0.5,risk_on,7,False
ENVA,263.7099914550781,0.0,153.54291514163748,139.14936019149664,117.11075152140697,0.026650993499412256,True,0.9896149576017513,7.0873261492638395,77.65426240758278,21.078965913701243,False,True,False,True,33,55.00000000000001,True,0.39742768435436315,1.3236575840204554,False,4.509284205753434,False,3.0278108055664,True,2,0,0.4837159200330764,False,0.9261567164179104,False,6,1,False,False,False,25.0,19.174517581740023,7.390696645820529,0.9640581245924278,6.0,True,11,2,5,4,-0.6891681219232004,265.5400085449219,81448227.0091919,92.61517615176152,True,0.0,0,,,,0.0,0,,,,False,False,False,False,0,,none,0,0,False,-1,0.625,risk_on,7,False
EOG,141.19000244140625,-5.044051299249586,42.17788884682141,22.288542597366167,0.24993392727650132,0.17291604836000612,True,1.1698145434538152,7.06140735767794,21.631065949852225,-2.9555315756447986,False,True,False,True,24,40.0,True,0.4694123442198269,1.2912980804037315,True,0.8381826565531133,True,3.6637339243556166,True,2,2,0.6736738310914095,True,1.737866437866438,True,4,0,False,False,False,35.0,15.01633737946154,10.793969282271707,0.6640957663785214,9.0,False,3,4,5,6,-5.044051299249586,148.69000244140625,419781896.6303215,52.10027100271003,False,0.0,0,,,,0.0,0,,,,False,True,False,False,1,,power_play,6,6,True,0,0.75,risk_on,7,False
EPAM,102.1521987915039,-53.86079421516823,34.34008095947361,-35.34670962563043,-57.3853182957201,0.0766192128044366,False,1.2455655716926173,9.280273424444442,-46.38524146014752,14.26420251450844,False,True,False,False,27,45.0,True,0.39498660584451695,2.185076086074717,False,1.472535227615816,True,9.758460434576289,False,0,2,0.7114737470690911,True,2.981612196140286,True,4,0,False,False,False,25.0,27.725665337216537,25.452217678707907,0.6537567642992086,6.0,False,2,3,3,4,-9.599824078315123,113.0,168063402.76566237,6.436314363143632,False,0.0,0,,,,0.0,0,,,,False,False,False,False,0,,none,0,0,False,-2,0.5,risk_on,7,False
EPD,37.974998474121094,-3.1628508819159684,33.93188575832207,27.391422551615552,5.352813881525886,0.11259664454354906,True,1.0428245410575445,1.342984442463514,10.376961216842018,-0.6670479699789511,False,True,False,True,23,38.333333333333336,False,0.46471024832540675,0.8316216368100577,True,1.192632789658889,True,-0.1971110760664696,True,2,0,0.5627274131506923,False,1.0162845741324922,False,3,1,False,False,False,45.0,8.401222825477225,2.738636320258992,0.7761176818042334,11.0,True,4,3,6,6,-1.88088524184703,38.70295667436773,121157484.77400398,56.233062330623305,False,0.0,0,,,,0.0,0,,,,True,True,False,False,2,power_play,sepa_vcp,6,6,True,0,0.75,risk_on,7,False
EQH,52.09000015258789,-2.107286766309935,49.41461659101878,-2.0535072311411606,-24.092115901230827,0.07745227482238945,False,1.1912682962105008,6.2199997202506525,22.002063882063872,10.497544306784356,False,True,False,True,31,51.66666666666667,True,0.40813198370029774,1.30945688723486,False,3.448779245546387,True,-0.15334103731106108,True,2,1,0.5781928927949713,False,2.4525651018856673,True,4,1,False,True,True,35.0,19.24756084550995,12.545593834265794,0.8801497041690687,3.0,True,4,4,4,5,-2.3068258613582193,53.31999969482422,151455556.39392528,27.91327913279133,False,0.0,0,,,,0.0,0,,,,False,False,False,False,0,,none,0,0,False,-1,0.625,risk_on,7,False
EQIX,1072.0450439453125,-3.9334462216329857,49.18524511869453,39.850395850569754,17.81178718048009,0.051738953535682315,True,1.1357027339959418,4.579095449166284,13.086245360340198,3.7245409799781415,False,True,False,True,28,46.666666666666664,True,0.52065037730104,1.5358239121817563,True,0.6361735050757806,True,1.8221851775802822,True,2,0,0.5314289520904861,False,0.7024001727357294,False,3,0,False,False,False,25.0,10.051675427454338,7.134026774405891,0.7033857556802476,14.0,True,6,3,5,6,-2.9814701110617903,1104.989990234375,603146737.2898926,67.34417344173443,False,0.0,0,,,,0.0,0,,,,False,True,False,False,1,,power_play,6,6,True,0,0.75,risk_on,7,False
EQNR,39.97999954223633,-4.742862497560751,82.6324736757773,71.60421146392211,49.56560279383245,0.0842719500966641,True,1.1652168518280501,5.977987536301883,48.235923939486526,-2.4640207242563994,False,True,False,True,21,35.0,False,0.3880324790296578,0.9541197053515286,False,2.6646279417766268,True,1.317791357902709,True,2,1,0.5570826607411306,False,1.0409569595981767,False,2,1,False,False,False,25.0,19.697334980901317,7.978986151160291,0.7987803204438446,15.0,False,6,3,5,6,-3.9634914329672144,41.630001068115234,144817129.1389475,83.60433604336043,True,0.0,0,,,,0.0,0,,,,False,True,False,False,1,,power_play,6,6,True,0,0.75,risk_on,7,False
EQR,66.27999877929688,-5.516753617110548,16.901571159069164,8.250692169653039,-13.787916500436626,0.24164914841143656,False,1.022816687146366,4.737476535122151,7.5012397513629425,-2.929115459513476,False,False,False,True,28,46.666666666666664,True,0.5070095017483771,0.9907763909378139,True,-0.7429140063045382,True,-0.6296824410220281,True,2,0,0.47569268161802114,False,0.3288335798573448,False,5,1,False,False,False,45.0,11.935752883520834,6.3518394116019286,0.38833343156290095,27.0,False,2,1,1,4,-7.300701007976396,71.5,203747495.27088928,38.00813008130081,False,0.0,0,,,,0.0,0,,,,False,False,False,False,0,,none,0,0,False,-2,0.5,risk_on,7,False
EQT,53.7599983215332,-20.38777237220002,10.578833685847865,5.659928221315691,-16.378680448773974,0.13223607957814268,False,0.9956385257523878,6.454615567413883,-5.153851755347427,1.0088441128529357,True,True,False,True,19,31.666666666666664,False,0.46042505468534933,1.30373513899356,True,1.458523183730128,True,4.1860463397017655,True,2,0,0.5943027916176502,False,1.1682895999106124,False,5,1,False,False,False,55.0,14.575911542845779,6.770832409402179,0.7321054618884637,54.0,False,1,2,5,5,-3.9048070903252796,55.94452406382622,355034227.66702807,35.16260162601626,False,0.0,0,,,,0.0,0,,,,False,False,False,False,0,,none,0,0,False,-1,0.625,risk_on,7,False
EQX,11.295000076293945,-39.662917925295446,66.704508418611,66.704508418611,44.66589974852133,0.12581108522937573,False,1.0501991120731569,7.87958728319424,-24.839066409387843,21.582347929751666,True,True,False,True,21,35.0,False,0.4253904793456077,2.1087686871582965,False,2.1148340265639245,True,5.1676007169784155,False,1,1,0.5617272179600656,False,2.8344245143693523,True,4,2,True,True,True,25.0,29.701740917891406,28.72952513182996,0.7838215870896175,1.0,False,2,3,3,3,-6.420875212305132,12.069999694824219,158034083.7475605,81.23306233062331,True,0.0,0,,,,0.0,0,,,,False,False,False,False,0,,none,0,0,False,-3,0.375,risk_on,7,False
ERAS,18.059999465942383,-19.626168144968005,1162.937071914632,1014.8147785669057,992.7761698968161,0.05698497600880988,True,0.885634447887696,9.634550512581479,46.709982537147,-6.618410943881148,True,True,False,False,29,48.333333333333336,True,0.33192140270035797,2.0299939478645825,False,0.9496482392930545,True,-1.1494306872447346,True,1,1,0.4539116773021522,False,1.2811577500289903,True,6,2,True,False,False,25.0,20.925927675637006,11.849387889983367,0.21681403605901303,21.0,False,6,3,4,4,-16.388892838003144,21.600000381469727,83397033.24823818,99.79674796747967,True,0.0,0,,,,0.0,0,,,,False,False,False,False,0,,none,0,0,False,-2,0.5,risk_on,7,False
ERIC,10.305000305175781,-24.99999652956939,39.934750240145924,39.38527726194574,17.346668591856073,0.08199688456393057,False,0.6968132566997822,3.78456456185214,-4.680052561230874,10.687431156958493,False,True,False,True,20,33.33333333333333,False,0.46420478309616636,0.9523165071265379,True,-2.181909905375567,True,1.4271698813125955,True,2,1,0.45144557826993925,False,0.7955906668894253,False,2,1,False,False,False,25.0,21.55536946052667,6.21057128282657,0.4019609786418108,23.0,False,2,2,3,4,-12.890952057187565,11.829999923706055,133920536.85515365,67.00542005420054,False,0.0,0,,,,0.0,0,,,,False,False,False,False,0,,none,0,0,False,-2,0.5,risk_on,7,False
ERIE,257.8500061035156,-28.633838333714124,25.13293255052702,-28.633838333714124,-50.67244700380379,0.07349224340647256,False,1.1484389985661627,5.394604643808329,-7.81583567333366,20.198583333991294,True,True,False,True,30,50.0,True,0.5056139544674062,2.1234458934074185,True,2.090530579850712,True,1.4917769744714704,True,2,2,0.6409665552070368,True,1.9993077775814685,True,3,1,False,False,False,35.0,21.72059770306154,12.065148192811439,0.9150016646677284,27.0,True,2,5,7,5,-1.8462146471821983,262.70001220703125,64092189.98699188,8.807588075880759,False,0.0,0,,,,0.0,0,,,,True,False,False,False,1,,sepa_vcp,7,7,True,1,0.875,risk_on,7,False
ES,72.2300033569336,-4.191532110754648,20.167850861006762,14.990868280664827,-7.047740389424838,0.05098668412082471,False,1.0271926690488744,3.3642533465873328,6.5803014022018935,-3.202893730472167,False,True,False,True,29,48.333333333333336,True,0.4236086432393392,0.883287539614543,False,0.12959405086590253,True,0.23592257021880503,True,2,0,0.5222866775068968,False,0.581729051113132,False,7,1,False,False,False,65.0,14.38963618048781,3.5165454762276718,0.6061046045129831,12.0,False,3,2,3,5,-5.668011434227537,76.56999969482422,166419765.01981354,45.05420054200542,False,0.0,0,,,,0.0,0,,,,False,False,False,False,0,,none,0,0,False,-1,0.625,risk_on,7,False
ESAB,84.9574966430664,-36.84115269564665,2.588587349714211,-23.241404943216605,-45.28001361330627,0.12262113094090892,False,0.9836703997587236,13.90107483699277,-35.8852767494914,2.3707661524784873,False,False,False,False,23,38.333333333333336,False,0.4981472503160726,2.5045856839041742,True,-1.4074359322926013,True,-10.107401626543933,False,0,1,0.38756427005405947,False,1.3471819102700406,True,3,2,True,False,False,25.0,17.60936674879334,18.64461285204708,0.15107982629786482,5.0,False,0,3,2,3,-14.94894667917025,99.88999938964844,54353728.7017292,12.330623306233063,False,0.0,0,,,,0.0,0,,,,False,False,False,False,0,,none,0,0,False,-3,0.375,risk_on,7,False
ESE,299.54998779296875,-15.57607512273982,61.93586166863994,55.19901425545921,33.160405585369546,0.1370278874315548,False,1.0893199218815393,5.478218771770073,11.438353606042217,-6.778078514125429,False,False,False,True,28,46.666666666666664,True,0.36413085853562976,1.305891580951214,False,-1.5717499472710552,True,-8.682136113255257,False,1,0,0.5137918770376915,False,0.7593718576090367,False,4,3,True,False,False,25.0,13.136017156488997,14.05774897933444,0.10973932672301735,22.0,False,2,2,2,3,-11.694479477913887,339.2200012207031,60274872.604537964,75.8130081300813,False,0.0,0,,,,0.0,0,,,,False,False,False,False,0,,none,0,0,False,-3,0.375,risk_on,7,False
ESI,38.790000915527344,-20.981868415247007,69.95510429854008,53.70427389883019,31.665665228740522,0.030950686345954055,False,0.7836204646006565,4.795051730991371,21.270500153935078,1.2793777760513603,True,True,False,True,24,40.0,True,0.45504170953462986,1.9059912745465424,True,-1.3177703877301492,True,0.9367697306603473,True,2,0,0.4816179645551344,False,0.9908706375494388,False,6,1,False,False,False,25.0,17.17269858942366,9.564318115258336,0.6633667105869454,22.0,False,3,2,5,5,-5.780902014256606,41.16999816894531,166215546.6753235,74.93224932249322,False,0.0,0,,,,0.0,0,,,,False,False,False,False,0,,none,0,0,False,-1,0.625,risk_on,7,False
ESLT,777.75,-23.141587235718564,73.40274620047833,69.3424258615178,47.30381719142813,0.19291917973462003,False,0.9546950190769714,13.204758882292673,15.108884851783944,-3.815233306627619,False,False,False,False,23,38.333333333333336,False,0.434531539988181,1.144026122798406,False,-0.6385861453908891,True,-9.24737456242707,False,0,1,0.5349381394046476,False,1.4906500695449372,True,3,2,True,False,False,25.0,17.479610282668272,14.970105133498071,0.3534285742729997,5.0,False,1,3,2,3,-11.30181654161716,876.8499755859375,64151905.472912595,82.65582655826557,True,0.0,0,,,,0.0,0,,,,False,False,False,False,0,,none,0,0,False,-3,0.375,risk_on,7,False
ESS,287.2950134277344,-3.698915174877404,22.264986306351343,15.467441234502143,-6.5711674355875225,0.06967072600574392,False,1.1052066048835831,3.073491066522358,16.5496218268008,-2.01398312873442,False,True,False,True,22,36.666666666666664,False,0.40909897387740185,0.7719630722287156,False,0.003195522767458703,True,0.7628431354500087,True,2,0,0.5458146005939604,False,1.1424900554865844,False,3,2,True,False,False,65.0,13.33483144892869,3.9854439354316296,0.6031023082784792,27.0,False,2,3,3,5,-5.292563821575335,303.3500061035156,122188102.25461578,45.73170731707317,False,0.0,0,,,,0.0,0,,,,False,False,False,False,0,,none,0,0,False,-1,0.625,risk_on,7,False
ESTC,78.41500091552734,-16.99481327164133,81.09700299581483,2.664314919202626,-19.37429375088704,0.12335637777397092,False,1.0681661576854613,9.749415524073674,29.869161193068972,36.778298292415656,False,True,False,False,24,40.0,True,0.5227200277721346,2.298510340877199,True,4.742465247666979,False,12.101507271756763,False,0,2,0.7236091207459925,True,2.59273802688737,True,3,1,False,False,False,25.0,28.907489713064923,19.96429562101072,0.9806974159632892,0.0,True,2,3,4,3,-0.5579892494767869,78.8550033569336,111219815.44018173,32.18157181571816,False,0.0,0,,,,0.0,0,,,,False,False,False,False,0,,none,0,0,False,-2,0.5,risk_on,7,False
ET,20.9950008392334,0.0,38.535598221320754,29.03059314259537,6.991984472505706,0.16197770779175347,True,1.0149616554169696,4.786849824214142,18.918795992547732,4.535369371992548,False,True,False,True,26,43.333333333333336,True,0.43972959338246925,0.7000454680353795,False,4.44422210443463,False,3.2710325529903717,True,2,1,0.5058654274008956,False,0.5942903511069546,False,2,0,False,False,False,45.0,14.012070920891166,6.128182271258822,0.959441305030297,0.0,True,6,2,4,5,-0.5683113103742699,21.114999771118164,195048395.20503312,57.859078590785906,False,0.0,0,,,,0.0,0,,,,False,False,False,False,0,,none,0,0,False,-1,0.625,risk_on,7,False
ETHA,14.265000343322754,-61.01393745877359,21.50767139209322,-60.26462468799709,-82.30323335808676,0.10920613162737314,False,0.7353568256186912,4.4093981676751275,-1.3485456038021426,1.098516586938092,False,True,False,True,24,40.0,True,0.42345495629707325,0.9474253089784483,False,1.987792364734961,True,-0.937494991554022,True,2,0,0.5571189526609689,False,0.9198351206509697,False,3,1,False,False,False,35.0,22.74433940474435,5.25762342761572,0.8075450156401998,13.0,False,1,2,4,4,-4.377261484414063,14.918000221252441,390587766.78642976,1.2872628726287263,False,0.0,0,,,,0.0,0,,,,False,False,False,False,0,,none,0,0,False,-2,0.5,risk_on,7,False
ETN,454.1000061035156,-1.2740206671072674,44.987210778510914,28.440767757320696,6.4021590872310306,0.07610257767830463,True,1.0901939807780807,7.47192077069619,17.31064888699958,9.656552731054436,False,True,False,True,26,43.333333333333336,True,0.5296253958108053,2.079136546711518,True,2.195377945974051,True,1.5679191713176222,True,2,0,0.4637377703226416,False,0.9267970517206706,False,3,0,False,True,False,25.0,25.261291812377785,18.621011312909598,0.8020687635355237,1.0,False,5,1,3,5,-4.999998723113885,478.0,997960012.6723206,57.3170731707317,False,0.0,0,,,,0.0,0,,,,False,False,False,False,0,,none,0,0,False,-1,0.625,risk_on,7,False
ETR,107.08999633789062,-8.750855674037105,25.65453556341599,19.922874806721392,-2.1157338633682734,0.07914261089694814,False,1.1378818097119474,2.773369429701136,5.604593350277409,-7.52159454605038,False,True,False,True,26,43.333333333333336,True,0.4494522094677733,1.1681917469699552,True,-1.7328498371512824,True,0.563431764632627,True,2,0,0.46727467753254015,False,0.44627781750202866,False,5,4,True,False,False,55.0,10.262550216951324,4.015317208705874,0.17999966939290366,27.0,False,2,2,2,5,-8.415294570772014,116.93000030517578,286374338.47421724,49.390243902439025,False,0.0,0,,,,0.0,0,,,,False,False,False,False,0,,none,0,0,False,-1,0.625,risk_on,7,False
ETSY,80.11000061035156,-7.355152677884802,81.86152553426763,14.29591210728045,-7.742696562809215,0.0660191311421483,False,1.1002670642259667,10.410680657032671,73.24826492741556,-0.9887566624007693,False,False,False,False,37,61.66666666666667,True,0.4337515719282101,1.5690043062915284,False,0.5982784404001464,True,-2.613665779291252,True,1,1,0.5118378739305046,False,1.4149719597071848,True,5,2,True,False,False,45.0,23.55695916235016,12.637623857424133,0.6205366346431369,6.0,False,4,4,3,4,-8.939003001319579,87.9739990234375,257517660.98133928,44.173441734417345,False,0.0,0,,,,0.0,0,,,,False,False,False,False,0,,none,0,0,False,-2,0.5,risk_on,7,False
EVR,300.8299865722656,-21.07417649329871,12.879870090088863,2.7856594692214243,-19.25294920086824,0.09592904577260775,False,1.0131231675088483,6.857685498808685,-15.923644835971484,-9.804219208680376,False,False,False,True,21,35.0,False,0.4388099402998789,1.6596795874903019,False,-2.812216851642456,True,-3.0612575036437106,True,2,0,0.3141815215459346,False,0.7069090854292087,False,5,3,True,False,False,25.0,17.283703744884303,9.975727350184837,0.09226485326122995,18.0,False,0,2,2,4,-15.689025355051978,356.80999755859375,171119903.12774354,32.45257452574526,False,0.0,0,,,,0.0,0,,,,False,False,False,False,0,,none,0,0,False,-2,0.5,risk_on,7,False
EVRG,83.55999755859375,-5.18552120418565,21.177872210858183,18.13109901509744,-3.907509654992225,0.06717786573527093,False,1.0434517467286926,3.0516939885920644,5.3047970207226625,-3.5660749138732517,False,True,False,True,26,43.333333333333336,True,0.46725042804452355,0.9287152602766077,True,-0.6245596634707936,True,0.6504468048210255,True,2,0,0.5065398549246615,False,0.530746469652269,False,6,2,True,False,False,65.0,9.984568710920314,3.961222660726768,0.4281397721794612,27.0,False,2,2,2,5,-5.709777737716715,88.62000274658203,155434417.39011842,48.170731707317074,False,0.0,0,,,,0.0,0,,,,False,False,False,False,0,,none,0,0,False,-1,0.625,risk_on,7,False
EW,93.17500305175781,-2.1065320939161025,28.251894142861957,19.947222818882526,-2.0913858512071393,0.03531524412860897,False,0.9298428749251361,5.688224178338596,21.892988063650943,11.160824852056471,False,True,False,True,26,43.333333333333336,True,0.4805672059730222,1.3318345712207222,True,2.0741975171541194,True,4.315946451080177,True,2,1,0.7272885771218162,True,1.0282788074293936,False,4,0,False,False,False,65.0,19.669749985797395,9.305077021058684,0.8355333969250403,27.0,False,4,3,3,5,-3.2350169634978387,96.29000091552734,385472247.9053974,49.457994579945805,False,0.0,0,,,,0.0,0,,,,False,False,False,False,0,,none,0,0,False,-1,0.625,risk_on,7,False
EWBC,136.02999877929688,0.0,47.953881488683045,35.62919150514523,13.590582835055564,0.08691010571295349,True,0.8145369942579758,4.509817426226003,17.486885644613338,4.773650740707702,False,True,False,True,31,51.66666666666667,True,0.38144287609792943,0.6519308657794575,False,2.7746418432744493,True,3.146795376730549,True,2,0,0.5834406688874422,False,0.5678087608069164,False,5,0,False,False,False,65.0,14.033211194000723,5.11634192053816,0.98303067759299,0.0,True,7,2,4,6,-0.23813408515666046,136.35470581054688,89480589.27459183,64.49864498644986,False,0.0,0,,,,0.0,0,,,,False,True,False,False,1,,power_play,6,6,True,0,0.75,risk_on,7,False
EXC,45.630001068115234,-8.412960187963659,9.663311695812716,3.6018741760508455,-18.43673449403882,0.05905190125956585,False,1.048169981441363,3.3968862607448767,-2.3059671889181677,-3.4898429648524965,False,True,False,True,25,41.66666666666667,True,0.4882662688030421,1.0452912224811166,True,-0.5677848770943725,True,0.6840277479666979,True,2,2,0.6115145041069476,True,0.9310255796082932,False,2,2,True,False,False,65.0,11.687546459021709,4.229674030238853,0.4870561398136432,27.0,False,2,4,4,6,-5.995055196797983,48.540000915527344,365886405.3555824,33.13008130081301,False,0.0,0,,,,0.0,0,,,,False,True,False,False,1,,power_play,6,6,True,0,0.75,risk_on,7,False
EXE,94.5,-22.214460884900888,8.683155050887503,1.113717486913135,-20.92489118317653,0.06429591561333273,False,1.1616590706017815,7.703702411954365,-7.588322572255379,3.0197280515601665,True,True,False,True,24,40.0,True,0.4850368944145868,1.349047041772149,True,1.5017832654982375,True,2.762071488489415,True,2,0,0.5181316332388894,False,1.0316792368170027,False,3,1,False,False,False,25.0,14.052383726766438,8.846561492435516,0.6847788188848837,2.0,False,2,1,3,5,-4.429608995834156,98.87999725341797,313027264.0036148,30.42005420054201,False,0.0,0,,,,0.0,0,,,,False,False,False,False,0,,none,0,0,False,-1,0.625,risk_on,7,False
EXEL,50.400001525878906,-11.733795319239393,45.91777704100104,33.61611849104658,11.577509820956912,0.07135364585142381,False,1.1670647838576689,8.27380564027194,14.67576939925419,-9.238244851772937,False,True,False,False,23,38.333333333333336,False,0.41873549345850464,1.310593238043661,False,-1.7790349277404929,True,-3.448274350100189,True,1,1,0.5653337561427688,False,1.5980836392845161,True,5,3,True,False,False,55.0,16.449541898390034,13.849205021655218,0.24287251903723014,24.0,False,2,3,2,4,-12.45440022051959,57.56999969482422,143863240.28815708,62.66937669376694,False,0.0,0,,,,0.0,0,,,,False,False,False,False,0,,none,0,0,False,-2,0.5,risk_on,7,False
EXK,10.279999732971191,-27.19546872316313,93.5969838747321,87.24954756924215,65.2109388991525,0.15733708516448677,False,1.0033135841366871,17.315182226478917,-6.545456972989172,29.96207245610083,False,False,False,False,23,38.333333333333336,False,0.36359369277376724,1.909607229671045,False,3.482201540390327,True,16.421289035034945,False,0,3,0.656711507564123,True,1.4780065545012266,True,2,0,False,True,True,65.0,38.1034517911894,36.18677396554396,0.7013573567171945,63.0,False,3,4,2,4,-11.379315561119752,11.600000381469727,62156862.618824385,86.58536585365853,True,0.0,0,,,,0.0,0,,,,False,False,False,False,0,,none,0,0,False,-2,0.5,risk_on,7,False
EXLS,34.86000061035156,-22.498886249169615,38.2236382214828,-19.324227380327883,-41.36283605041755,0.038930029917300844,False,1.3187731674040146,3.8726398886449838,17.413270405176995,29.687506319689106,False,True,False,True,25,41.66666666666667,True,0.5172518451860354,2.424933096789222,True,3.4779546838177287,True,0.5770362487591996,True,2,2,0.5505808137569667,False,2.150819947329664,True,1,2,True,True,False,25.0,27.54143925574204,6.310960196271971,0.8655967915224199,11.0,False,2,5,5,5,-3.7016578020621083,36.20000076293945,82409536.6791214,14.227642276422763,False,0.0,0,,,,0.0,0,,,,False,False,False,False,0,,none,0,0,False,-1,0.625,risk_on,7,False
EXP,212.35000610351562,-11.935107514691701,22.838693345003524,-11.555424437768224,-33.59403310785789,0.03434099864729753,False,0.970804847042401,5.071810079638876,-8.504607323591928,2.5300591365563285,False,True,False,True,26,43.333333333333336,True,0.48927523474210977,1.9297300557393988,True,-0.2959869334170856,True,0.4779075343647632,True,2,2,0.6032418263827644,True,1.4399111092714116,True,3,2,True,False,False,25.0,12.175308649838072,8.966332939797665,0.5309994780183395,12.0,False,3,4,4,7,-5.7102261120618785,225.2100067138672,103405287.24025878,19.715447154471544,False,0.0,0,,,,0.0,0,,,,False,True,False,False,1,,power_play,7,7,True,1,0.875,risk_on,7,False
EXPD,186.01499938964844,0.0,66.1440915112662,53.74953288095568,31.71092421086601,0.07719202445730547,True,1.2822895427347425,5.816739166046452,33.02049252595227,5.582362993944634,False,True,False,True,26,43.333333333333336,True,0.496773654040378,1.3888204414456742,True,3.0975441896633304,True,4.175068286841999,True,2,1,0.5349671344352661,False,1.0470162971927615,False,2,2,True,True,True,55.0,16.75189692490789,11.810876162025101,0.9451508606050726,6.0,True,8,5,5,6,-0.9188271295637263,187.74000549316406,221186989.12089843,75.06775067750678,False,0.0,0,,,,0.0,0,,,,False,True,False,False,1,,power_play,6,6,True,0,0.75,risk_on,7,True
EXPE,324.8500061035156,-0.22115096738198892,73.06559534619427,67.6778436038461,45.639234933756434,0.06163358919050431,False,1.3458645491404448,7.714328794135289,37.976725638286,22.547918575118686,False,True,False,True,30,50.0,True,0.41783210023918893,2.0009774952825445,False,3.9366599133971327,True,5.962748586806321,False,1,2,0.5407731691719974,False,1.2683745887211322,True,2,2,True,False,False,25.0,24.203918696182498,13.590885967973687,0.9194414358598086,5.0,True,7,6,5,5,-1.949832936730389,331.30999755859375,475142705.1206955,81.97831978319783,True,0.0,0,,,,0.0,0,,,,False,False,False,False,0,,none,0,0,False,-1,0.625,risk_on,7,False
EXR,149.06500244140625,-2.4762862355046544,21.786520376761743,12.878135220026966,-9.1604734500627,0.05817351911855066,False,1.0799406227978243,4.092178582235214,5.60669405408023,2.5065357711160585,False,True,False,True,29,48.333333333333336,True,0.42219882837874906,1.0464500292555114,False,0.5835775379292402,True,-0.3176346569828348,True,2,0,0.5675733515712569,False,0.8348982037678491,False,3,2,True,False,False,65.0,14.891974181839071,4.930738928075844,0.5851712070108112,11.0,False,4,2,3,6,-6.177619675078461,158.8800048828125,178273273.71664733,42.953929539295395,False,0.0,0,,,,0.0,0,,,,False,True,False,False,1,,power_play,6,6,True,0,0.75,risk_on,7,False
F,13.970000267028809,-19.029245769442348,29.049700400030453,27.80884016974976,5.770231499660095,0.07207619508394314,False,1.0141636433601642,4.0617675084374865,3.2440388341631765,-0.20282213743234578,True,True,False,True,25,41.66666666666667,True,0.4698000782787528,1.4339672802217838,True,-0.29779457314714064,True,2.4024644360520098,True,2,0,0.39564842828548147,False,0.6881601897803732,False,4,1,False,False,False,35.0,18.845919045065234,9.276771072483639,0.29358286093350305,11.0,False,1,1,3,4,-13.313080214893791,16.11546505708121,739769434.1130244,56.77506775067751,False,0.0,0,,,,0.0,0,,,,False,False,False,False,0,,none,0,0,False,-2,0.5,risk_on,7,False
FA,21.989999771118164,-8.830849892221359,145.69832670112325,27.552204542122926,5.51359587203326,0.1868437330056582,True,1.3945021908420576,23.146885882523456,109.4285692487444,14.65067477180433,False,False,False,False,31,51.66666666666667,True,0.4914665480299633,2.6253539544622404,True,1.9604515869995822,True,-8.830849892221359,False,0,2,0.6295862826738607,True,1.2958906114910005,True,7,1,False,True,False,35.0,34.572563923292584,26.102773219020786,0.6365727477491311,4.0,False,7,3,3,5,-12.56461190990974,25.149999618530273,50354619.605855465,56.36856368563685,False,0.0,0,,,,0.0,0,,,,False,False,False,False,0,,none,0,0,False,-1,0.625,risk_on,7,False
FAF,73.1050033569336,-7.649065216092277,29.65682145484625,14.35858589957375,-7.680022770515915,0.057572555603814315,False,0.9546033144471789,5.430546526781047,12.359443973121497,6.010737133832489,False,True,False,True,22,36.666666666666664,False,0.5382484489330146,1.6488604054005596,True,1.4380156877030739,True,-2.721221726444134,True,2,0,0.38329427670861776,False,0.6479896159940662,False,5,4,True,False,False,35.0,18.517591595,7.413990725754144,0.5425964184663319,11.0,False,1,2,3,5,-8.470012716930754,79.87000274658203,54237612.39173126,44.37669376693767,False,0.0,0,,,,0.0,0,,,,False,False,False,False,0,,none,0,0,False,-1,0.625,risk_on,7,False
FANG,197.8350067138672,-6.91043119921797,49.77373913849097,44.978152608358045,22.93954393826838,0.07909222190599668,True,1.1004053486255512,9.376501843572639,19.527034763498953,-3.7252414106103693,False,True,False,False,22,36.666666666666664,False,0.38935447472821805,1.1984182958139176,False,0.959371223061055,True,4.326847872057593,True,1,2,0.6592910517472663,True,1.7353567660169065,True,5,0,False,False,False,35.0,19.21158696839282,9.598902919057501,0.6856613770784679,14.0,False,4,4,5,7,-6.038943791781848,210.5500030517578,359733478.2219864,70.73170731707317,False,0.0,0,,,,0.0,0,,,,False,True,False,False,1,,power_play,7,7,True,1,0.875,risk_on,7,False
FAST,52.080101013183594,-0.5725468667739264,35.21374638678589,8.131222848362674,-13.907385821726992,0.07271907484899551,False,0.9933939500814755,5.222719144337522,15.601507372382017,13.46888942080733,False,True,False,True,27,45.0,True,0.44510106223769874,1.2256699022409046,True,3.8946623621663816,True,2.5198854239138813,True,2,3,0.6490596122516961,True,2.266585148735933,True,1,0,False,False,False,55.0,18.700102280406618,12.557573763488936,0.9151284159122223,2.0,True,5,5,4,6,-1.5871073031415772,52.91999816894531,385921131.7392853,37.94037940379404,False,0.0,0,,,,0.0,0,,,,False,True,False,False,1,,power_play,6,6,True,0,0.75,risk_on,7,False
FBIN,49.61000061035156,-22.083959394396867,49.64898843677879,-16.30071431311304,-38.339322983202706,0.02624684974186234,False,1.0230271580794383,8.445874975124882,-19.407546845693744,-0.38152335265014825,False,True,False,False,29,48.333333333333336,True,0.37746475003177554,1.5896638852657838,False,0.8042510781892784,True,-1.4697078176673095,True,1,0,0.48596304759762277,False,1.0583835329185658,False,7,4,True,False,False,45.0,27.1260244519667,12.29590485602267,0.6296791549529219,30.0,False,1,3,3,3,-10.045332297820009,55.150001525878906,120674684.35292053,16.19241192411924,False,0.0,0,,,,0.0,0,,,,False,False,False,False,0,,none,0,0,False,-3,0.375,risk_on,7,False
FBRX,76.8102035522461,-0.2205765098504675,654.8914212521373,654.8914212521373,632.8528125820477,0.19753191128450873,True,0.7427178688404151,0.1822666562173739,157.66590046404048,61.739736444511095,False,True,False,True,25,41.66666666666667,True,0.4126015063690016,1.8092270088292666,False,17.448371614996713,False,-0.025768942257908822,True,2,2,0.4901732483270266,False,2.10229613514009,True,1,1,False,True,True,,,,,,False,12,2,5,6,,,164048739.74801636,99.39024390243902,True,95.71,8,77.28,76.5,1.01,0.0,0,,,,False,True,True,False,2,power_play,qm_breakout,8,8,True,2,1.0,risk_on,7,False
FCEL,21.190000534057617,-41.15523043113708,440.56122759291145,397.4178261868207,375.37921751673105,0.2118884491181955,False,0.7735132320336012,18.876828217021526,202.2824513864193,-9.05578872142968,False,True,False,False,24,40.0,True,0.49871767717494786,6.373815910851212,True,-0.1731050058720547,True,4.281500257379434,True,1,1,0.3135887957162324,False,1.5250679711989215,True,4,3,True,False,False,25.0,35.758755880311135,33.081642530470994,0.5092491875089634,9.0,False,8,3,3,5,-17.548638501931325,25.700000762939453,178230177.61035958,98.50948509485094,True,0.0,0,,,,0.0,0,,,,False,False,False,False,0,,none,0,0,False,-1,0.625,risk_on,7,False
FCFS,215.1699981689453,-7.48157964783589,61.6276557493866,61.6276557493866,39.58904707929693,0.020779526212263748,False,0.8728605549389025,6.655199231905017,17.937439395710953,2.628061819418792,False,True,False,True,23,38.333333333333336,False,0.5124875238524099,2.1090416089994712,True,-0.020901363531626513,True,4.624134171688743,True,2,0,0.5369133963773572,False,0.5214546094181898,False,5,1,False,False,False,25.0,16.771666770749185,8.611794830591416,0.6895191738852309,24.0,False,3,2,4,6,-5.207280954303828,226.99000549316406,93588180.73425217,79.0650406504065,False,0.0,0,,,,0.0,0,,,,False,True,False,False,1,,power_play,6,6,True,0,0.75,risk_on,7,False
FCN,154.27999877929688,-17.510559917527647,9.886043793595967,-8.753254608162365,-30.79186327825203,0.05994848231690337,False,1.065624667777389,3.4742031713516135,-4.120318645156873,-2.013336443561431,False,True,False,True,25,41.66666666666667,True,0.40749702365129115,1.1650148858210383,False,-0.22233710679514365,True,2.2602265344150663,True,2,0,0.5079371116717848,False,1.1224034824986675,False,5,1,False,False,False,35.0,20.142857142857142,9.579983728441817,0.4121985469304078,11.0,False,1,1,2,4,-11.840000697544639,175.0,66015503.70248489,21.476964769647697,False,0.0,0,,,,0.0,0,,,,False,False,False,False,0,,none,0,0,False,-2,0.5,risk_on,7,False
FCNCA,2287.574951171875,0.0,40.04712774614481,20.602309615072745,-1.4362990550169208,0.10022902352696232,False,0.8303318969467707,3.8687256981312625,14.40363370059259,3.3806012816673725,False,True,False,True,28,46.666666666666664,True,0.5023744730825814,1.2649705511987999,True,3.630744285225469,True,2.2375292708296746,True,2,3,0.6846610947679326,True,1.2764589506874753,True,2,0,False,False,False,65.0,17.823217890135034,6.167233036571227,0.9786815539365479,0.0,True,5,5,5,7,-0.3799633092679944,2296.300048828125,154818646.5321533,50.20325203252033,False,0.0,0,,,,0.0,0,,,,False,True,False,False,1,,power_play,7,7,True,1,0.875,risk_on,7,False
FCUV,5.519999980926514,-97.17213111310133,208.37989377453115,-93.97379904707527,-116.01240771716493,0.002404715154067005,False,2.1836662202493105,41.123188202357596,-72.50996014990166,138.96104405459394,False,True,False,False,15,25.0,False,0.5393674992753494,10.671788823162125,True,0.5140309847655098,True,-32.76492137297971,False,0,1,0.3674246254826058,False,6.746719362195669,True,7,4,True,True,False,,,,,,False,1,3,2,3,,,68600629.52773681,0.06775067750677506,False,0.0,0,,,,0.0,0,,,,False,False,False,False,0,,none,0,0,False,-3,0.375,risk_on,7,False
FCX,67.93000030517578,-5.054543096926956,94.28482712112644,60.64636205509293,38.607753385003264,0.11995780718958338,True,0.926073060215947,5.682320908303393,10.001329347925193,6.976378433347685,False,True,False,True,23,38.333333333333336,False,0.38931841116554494,1.3626692158091274,False,1.4361465210373723,True,-0.3666764430639402,True,2,1,0.5236549238580117,False,2.02392747704727,True,5,2,True,False,False,25.0,21.37040292029479,15.089062202196137,0.7838370136887969,3.0,False,4,3,3,6,-4.619490113924574,71.22000122070312,855091334.6796612,78.59078590785907,False,0.0,0,,,,0.0,0,,,,False,True,False,False,1,,power_play,6,6,True,0,0.75,risk_on,7,False
FDS,280.4150085449219,-26.42665552734159,49.02520001771051,-25.42433064104238,-47.46293931113205,0.05149552138927437,False,0.9278044432668915,4.814292954593167,39.3747139854498,9.627044022493457,False,True,False,True,29,48.333333333333336,True,0.41777653900008405,1.7738813232885076,False,2.3767480147402296,True,2.125071839902848,True,2,0,0.5581888652096009,False,1.1616917536820595,False,3,3,True,False,False,25.0,20.089313323487065,9.250564746313355,0.7446113055363615,10.0,False,3,3,3,4,-5.130583502356345,295.5799865722656,233239262.01293486,10.907859078590786,False,0.0,0,,,,0.0,0,,,,False,False,False,False,0,,none,0,0,False,-2,0.5,risk_on,7,False
FDX,331.125,-1.883964988477338,86.8727387525139,81.81201851012325,59.77340984003359,0.1924215812592473,True,0.7665786409872453,5.53869274077482,12.795776545456361,4.912554693201732,False,True,False,True,22,36.666666666666664,False,0.5526208678835453,1.142812773221232,True,1.8173925240227162,True,4.829520093275375,True,2,1,0.6240431449695368,True,0.8360409625055861,False,6,1,False,False,False,65.0,15.747433702352884,7.471495729520574,0.7609364776475875,40.0,False,6,3,4,6,-3.764636968895574,344.07829884008066,461825996.0292923,85.84010840108401,True,0.0,0,,,,0.0,0,,,,False,True,False,False,1,,power_play,6,6,True,0,0.75,risk_on,7,False
FE,47.22990036010742,-7.166109734881676,14.703234360808048,11.78020648177105,-10.258402188318616,0.03905757471363362,False,1.0244458048598657,2.51958741736858,-1.3307284060466884,-3.6206942855663837,False,True,False,True,26,43.333333333333336,True,0.42804714508740366,0.8084946528586178,False,-0.12527411178487516,True,0.6926800751862583,True,2,0,0.4205662394810366,False,0.6679653353711774,False,4,2,True,False,False,65.0,13.320123454894631,4.359309063531171,0.590494232874985,12.0,False,2,2,2,5,-5.454667373596534,49.95476672205142,213258229.397501,41.86991869918699,False,0.0,0,,,,0.0,0,,,,False,False,False,False,0,,none,0,0,False,-1,0.625,risk_on,7,False
FER,64.9000015258789,-11.890473542820867,26.09808453813425,26.09808453813425,4.059475868044583,0.1283644693963153,False,0.9706017872346184,3.1586985734443234,-10.884057345483411,2.2852651623392672,False,True,False,True,26,43.333333333333336,True,0.44175483849401687,0.6235682695826238,True,-1.0540788394511622,True,-0.7493467936124487,True,2,0,0.3621982292723705,False,0.9165877179884563,False,5,3,True,False,False,25.0,9.266952052894721,3.6825875708114184,0.6012812986954282,24.0,False,3,3,3,6,-3.6949070875819223,67.38999938964844,98863427.479562,54.74254742547425,False,0.0,0,,,,0.0,0,,,,False,True,False,False,1,,power_play,6,6,True,0,0.75,risk_on,7,False
FERG,243.5749969482422,-8.664964729178404,16.875203496474867,11.094979623799572,-10.943629046290093,0.03092279980601806,False,1.258635127758245,10.14061264814087,-6.994191700114838,6.518126076287811,False,True,False,False,28,46.666666666666664,True,0.4650968366319991,1.422586411787994,True,0.9507306064927641,True,-3.8658871838454956,True,1,1,0.36860101312087357,False,2.3871405866949598,True,3,2,True,True,True,25.0,18.406512741123223,16.84901726380951,0.5078093734766359,3.0,False,3,3,2,5,-9.059513038163725,267.8399963378906,1067597167.9312057,40.989159891598916,False,0.0,0,,,,0.0,0,,,,False,False,False,False,0,,none,0,0,False,-1,0.625,risk_on,7,False
FFIV,422.6400146484375,-1.9987930533768128,88.68699686751694,29.727739821143516,7.68913115105385,0.06381987370332297,True,1.1550539595855807,6.042962602248759,61.30067642525727,8.905387876717086,True,True,False,True,24,40.0,True,0.45074632722447994,1.7607264710650457,True,1.0612608368649072,True,2.3168003376016655,True,2,1,0.5911620300353686,False,1.8645035055931936,True,4,1,False,False,False,65.0,19.602296324982042,7.860110153260854,0.855048822047101,21.0,True,7,4,6,5,-2.841375942887936,435.0,294312110.527771,58.87533875338753,False,0.0,0,,,,0.0,0,,,,True,False,False,False,1,,sepa_vcp,6,6,True,0,0.75,risk_on,7,True
FHB,27.954999923706055,-7.860910405033083,26.597269591260986,21.803476207366423,-0.23513246272324295,0.04930272143721417,False,0.8269079200699868,3.2910036802174276,4.8424030972151755,-3.1358304487384525,False,True,False,True,27,45.0,True,0.49548446725791573,1.154462815836501,True,-0.8301332126021966,True,1.3964462573211822,True,2,0,0.39558293688060475,False,0.6315901969939974,False,6,3,True,False,False,65.0,15.522727637693832,5.043819893615591,0.44700170748375256,24.0,False,2,2,3,5,-8.584041878839454,30.579999923706055,59172636.25926981,51.55826558265583,False,0.0,0,,,,0.0,0,,,,False,False,False,False,0,,none,0,0,False,-1,0.625,risk_on,7,False
FHN,26.010000228881836,-0.6113864996012963,33.18341398688807,20.527991425966107,-1.5106172441235586,0.031562267130157376,False,0.9100728069648819,3.6524442698180377,7.5846505224707705,1.9200617646113693,False,True,False,True,30,50.0,True,0.45398038148815134,0.9813699751477923,True,1.4489516077209852,True,2.0400175066022097,True,2,0,0.5092904091088479,False,1.065030764032837,False,3,1,False,False,False,65.0,12.667789803144522,4.882739125674621,0.8745555786191687,6.0,True,5,3,4,6,-1.5891035620294591,26.43000030517578,162846193.7134367,50.0,False,0.0,0,,,,0.0,0,,,,False,True,False,False,1,,power_play,6,6,True,0,0.75,risk_on,7,False
FICO,1077.2149658203125,-42.687614703745616,16.78772851706347,-18.44717447169758,-40.485783141787245,0.08727931315756729,False,1.1914691611983415,6.003448336429811,-21.52925797975217,-14.765830588233019,False,False,False,True,30,50.0,True,0.39759841489772835,1.896895934762382,False,-1.5176837476960021,True,4.392420754969417,True,2,1,0.5227860730193898,False,1.2527476605356567,True,4,2,True,False,False,25.0,28.02286473478921,20.757228842960178,0.1574384667399597,10.0,False,1,3,2,3,-23.610987877282707,1410.1700439453125,400358996.5820923,14.634146341463413,False,0.0,0,,,,0.0,0,,,,False,False,False,False,0,,none,0,0,False,-3,0.375,risk_on,7,False
FIG,24.184999465942383,-70.4736926081593,43.61638507601644,-70.4736926081593,-92.51230127824897,0.12813484579093282,False,1.1901172853678577,11.655986381601439,9.831966226937073,20.924997329711914,False,True,False,False,25,41.66666666666667,True,0.5270159321758121,3.91851178883629,True,1.1465389704880382,True,0.8969551887642702,True,1,2,0.6042195299649669,True,2.827586476441438,True,3,1,False,False,False,25.0,30.126404710722582,26.214597033652854,0.4994172360739651,6.0,False,2,3,3,4,-15.080758937247829,28.479999542236328,567099868.9433029,0.6775067750677507,False,0.0,0,,,,0.0,0,,,,False,False,False,False,0,,none,0,0,False,-2,0.5,risk_on,7,False
FIGR,31.489999771118164,-57.39413041422728,26.41509419515171,,,0.8056935111338767,False,0.9120457157874043,17.116543121070485,-7.586209637397223,7.694938500726112,True,False,False,False,19,31.666666666666664,False,0.42913329395642225,3.188195437253974,False,1.1641594739391092,True,10.104892836018632,False,0,1,0.573188425377987,False,1.238335100082854,True,3,3,True,True,True,25.0,28.179920078852987,28.040641729238992,0.7801268366801324,24.0,False,1,3,3,4,-6.196008169838462,33.56999969482422,90668659.56894875,,False,0.0,0,,,,0.0,0,,,,False,False,False,False,0,,none,0,0,False,-2,0.5,risk_on,7,False
FIS,43.20000076293945,-38.713666947068916,14.528100119012088,-38.713666947068916,-60.75227561715858,0.0767423227327839,False,1.2178626429196542,4.050925854384,-6.136390668028735,7.8921073305637135,False,True,False,True,24,40.0,True,0.5279795457079149,2.0991456590520476,True,1.087240906074615,True,0.9110006473668442,True,2,0,0.5922181365622221,False,1.1075103835533795,False,5,2,True,False,False,45.0,20.38298261926529,17.17592138403572,0.6033404477291008,11.0,False,2,2,2,5,-8.085104759703288,47.0,276552783.6128103,5.08130081300813,False,0.0,0,,,,0.0,0,,,,False,False,False,False,0,,none,0,0,False,-1,0.625,risk_on,7,False
FISV,53.4473991394043,-61.82328632899693,13.284016095143958,-59.60746963348926,-81.64607830357892,0.1447542466507253,False,1.0561281419759543,5.856219954228543,-9.133969029742573,6.958971050135676,False,True,False,True,23,38.333333333333336,False,0.5343980225723973,2.1245170168466143,True,0.7885705016835393,True,-1.2245453030368392,True,2,1,0.6313469894752687,True,0.9815997180065691,False,3,0,False,False,False,45.0,16.934486971054312,13.227958345332908,0.6681332765305429,6.0,False,1,3,3,5,-5.6199927047200005,56.630001068115234,425212200.1694225,1.3550135501355014,False,0.0,0,,,,0.0,0,,,,False,False,False,False,0,,none,0,0,False,-1,0.625,risk_on,7,False
FITB,58.22999954223633,-1.9201607043253577,47.856992374508735,40.0780197196631,18.03941104957343,0.08841692944076522,True,0.8382171691149478,3.6063858674734988,11.31089363396991,1.8897602581311679,False,True,False,True,34,56.666666666666664,True,0.3933066215329911,0.8428962250595609,False,2.305703871813615,True,2.2296356709561094,True,2,0,0.5731439221712472,False,1.1224586797345768,False,3,1,False,False,False,55.0,19.495521795476325,3.9670296950895354,0.8905156490164533,20.0,True,6,3,6,6,-2.1344545508633184,59.5,303187182.40715253,67.61517615176152,False,0.0,0,,,,0.0,0,,,,True,True,False,False,2,power_play,sepa_vcp,6,6,True,0,0.75,risk_on,7,False
FIVE,245.22000122070312,-1.005209892889103,85.85720530784728,83.65787400688451,61.61926533679485,0.2586826869081967,False,1.0292442345493307,8.24973314853369,17.089246906639776,20.123445651943996,True,True,False,False,32,53.333333333333336,True,0.45813969171847946,1.7871566970500057,True,5.112241405824631,False,6.100729664850646,False,0,3,0.6546672834704959,True,1.976245574743402,True,1,0,False,False,False,25.0,30.48192525963228,16.35674105321112,0.9501976405366752,0.0,True,6,4,5,4,-1.518071798914411,249.0,214012213.03382415,85.97560975609755,True,0.0,0,,,,0.0,0,,,,False,False,False,False,0,,none,0,0,False,-1,0.625,risk_on,7,False
FIVN,31.579999923706055,-8.410671859139429,132.03527347785413,20.534347343900627,-1.504261326189038,0.04733875830043103,False,1.2321120266114762,23.068403332363957,90.5853983423448,45.22878227131575,False,True,False,False,27,45.0,True,0.4838581154144239,3.7198070301425217,True,3.422634769666389,True,11.314765560505347,False,0,1,0.5527446866583409,False,2.007651468769133,True,6,1,False,True,False,25.0,39.9653003770571,24.192531081236563,0.7829231867182304,3.0,False,5,2,2,5,-8.67554004770026,34.58000183105469,101736762.72764215,50.06775067750677,False,0.0,0,,,,0.0,0,,,,False,False,False,False,0,,none,0,0,False,-1,0.625,risk_on,7,False
FIX,1720.0799560546875,-16.764015275697997,153.01972611501395,145.5401955048436,123.50158683475394,0.05091084775627362,False,1.0052910810723144,7.7519632358342045,32.43241465160223,-6.065590851569658,False,True,False,True,22,36.666666666666664,False,0.41595559971174495,2.344560906250899,False,-0.6909293331539708,True,0.37815012611297494,True,2,0,0.24711247210344628,False,0.6233714263923422,False,4,1,False,False,False,25.0,20.67830158774065,9.741411031733612,0.5886558606310289,15.0,False,5,1,3,5,-8.505898170221204,1879.989990234375,868942125.7876953,92.75067750677508,True,0.0,0,,,,0.0,0,,,,False,False,False,False,0,,none,0,0,False,-1,0.625,risk_on,7,False
FLEX,125.48999786376953,-22.570499048149873,156.10203645667252,149.23535584269962,127.19674717260995,0.055960975649398476,False,0.8942845396509321,8.598301640450565,100.46326025973822,-1.9149636789781765,False,True,False,False,29,48.333333333333336,True,0.46275883851814537,2.7836828052040112,True,-1.1557417982122689,True,2.315528987002402,True,1,1,0.38600704993867546,False,1.716124787506843,True,4,3,True,False,False,25.0,28.79633885167735,18.551284409107975,0.6458746102354457,24.0,False,8,3,2,5,-10.19751471964242,139.74000549316406,552818986.9604057,93.22493224932249,True,0.0,0,,,,0.0,0,,,,False,False,False,False,0,,none,0,0,False,-1,0.625,risk_on,7,False
FLG,14.335000038146973,-6.67317474896355,34.0269988219513,20.023362150218517,-2.0152465198711482,0.0586892782258887,False,0.7762471902981218,3.9762863409954816,3.881268535248217,-2.549286193253053,False,True,False,True,31,51.66666666666667,True,0.4183118312661551,0.9255266499501532,False,-0.8599655936017864,True,1.2358770665301,True,2,0,0.375424463156963,False,0.941315160334702,False,4,2,True,False,False,65.0,15.280285697876081,4.604114723793366,0.5316361799439532,20.0,False,3,2,3,6,-7.156732981005021,15.4399995803833,63766205.02231979,49.52574525745258,False,0.0,0,,,,0.0,0,,,,False,True,False,False,1,,power_play,6,6,True,0,0.75,risk_on,7,False
FLNC,13.350000381469727,-58.578961926527484,97.77778342918113,76.82119263854392,54.782583968454254,0.10928903811038464,False,0.6455682693759806,8.389512011652684,-23.451835019160427,-7.420247497663102,False,True,True,False,18,30.0,False,0.4796622171494677,3.9485739591095053,True,-3.4002002519006957,True,1.059805775310152,True,2,0,0.3995712409092997,False,0.6965096265705593,False,5,2,True,False,False,25.0,30.760234570414347,24.494384751498195,0.2870722743681001,24.0,False,2,2,2,4,-21.92982407218924,17.100000381469727,110689910.00827551,84.82384823848238,True,0.0,0,,,,0.0,0,,,,False,False,False,False,0,,none,0,0,False,-2,0.5,risk_on,7,False
FLR,51.369998931884766,-9.87719485634252,29.624016016530152,22.630698687904392,0.5920900178147264,0.05408338925684941,False,1.2035911376168225,13.27623094535656,6.466319029812984,3.798741543053863,False,False,False,False,23,38.333333333333336,False,0.5079933315161044,2.361012132401523,True,0.21426769262392623,True,5.374356783353362,False,0,0,0.4174450918237006,False,0.8376608056005753,False,6,3,True,True,False,25.0,19.264629360644097,19.894883070281104,0.41218624883653443,3.0,False,2,2,2,5,-11.324014049254039,57.93000030517578,138068826.98506165,52.371273712737135,False,0.0,0,,,,0.0,0,,,,False,False,False,False,0,,none,0,0,False,-1,0.625,risk_on,7,False
FLS,80.12000274658203,-12.430379514616218,64.6712878377625,55.64776007202062,33.60915140193095,0.027740285572209988,False,0.9645575728023658,4.081373603305208,-5.85320004873423,20.04795521588707,True,True,False,True,22,36.666666666666664,False,0.4827719066357035,1.6636550818788205,True,1.9014954725657987,True,1.8819981795783258,True,2,2,0.4873858524162623,False,1.2610869318384679,True,2,1,False,False,False,25.0,19.443763928695457,11.158255748303883,0.8613370173012426,5.0,True,2,5,6,5,-2.696130301243427,82.33999633789062,137459143.02991486,76.01626016260163,False,0.0,0,,,,0.0,0,,,,True,False,False,False,1,,sepa_vcp,6,6,True,0,0.75,risk_on,7,False
FLUT,98.5,-68.08165973692186,6.624813735156931,-66.46466035999147,-88.50326903008113,0.028621772519632077,False,1.0631241337661619,8.695433950666244,-30.324677511413057,-2.3011304323018344,False,True,False,False,24,40.0,True,0.3152377286714153,1.4386702142960728,False,-1.0171687172185442,True,5.902588686890264,False,0,1,0.6038973046087702,True,0.7652969760809293,False,6,1,False,False,False,25.0,23.468692927612526,18.720814661326145,0.3195201829501488,23.0,False,1,2,2,3,-15.969971869780908,117.22000122070312,350162970.30601233,0.9485094850948509,False,0.0,0,,,,0.0,0,,,,False,False,False,False,0,,none,0,0,False,-3,0.375,risk_on,7,False
FLY,27.356000900268555,-53.48410089870789,63.0274122815742,-46.09654995020974,-68.1351586202994,0.25774663432829487,False,0.7801737908886012,12.757711859425704,43.00053371864503,32.15458885028531,True,False,False,False,18,30.0,False,0.5385811299065387,4.687271878461006,True,0.46316134891120825,True,13.699091884818015,False,0,3,0.6546141120274747,True,1.6048572312294205,True,2,1,False,False,False,25.0,36.15717652993049,30.52346873328168,0.9617149706319675,1.0,True,2,5,4,3,-1.3842785653135237,27.739999771118164,73460501.98458043,3.1842818428184283,False,0.0,0,,,,0.0,0,,,,False,False,False,False,0,,none,0,0,False,-2,0.5,risk_on,7,False
FMX,117.7249984741211,-10.915623222550174,44.90983171792862,41.41130590211362,19.372697232023953,0.08688302704003369,False,1.2496926004631292,5.495860101561516,7.4304916141568755,-7.361507099575359,False,True,False,True,19,31.666666666666664,False,0.46571914485978916,1.4211895294259214,True,-1.7522056917260953,True,-3.646261106504489,True,2,0,0.2931155161184297,False,0.3018911853272569,False,7,3,True,False,False,55.0,18.194548227123303,9.989383978472178,0.07749954209123124,12.0,False,2,2,2,5,-16.78447907096442,141.47000122070312,60791895.2020813,68.42818428184282,False,0.0,0,,,,0.0,0,,,,False,False,False,False,0,,none,0,0,False,-1,0.625,risk_on,7,False
FN,581.2050170898438,-22.139531407755452,109.79100460704818,72.30589703730416,50.2672883672145,0.14285787337402922,False,1.0222007916982596,12.043942832857423,25.78834161776127,12.260259018344621,False,True,False,False,20,33.33333333333333,False,0.41017582968956295,3.038972323374024,False,1.0758418755246322,True,6.848975833579529,False,0,0,0.4526463055685433,False,1.1611345355660512,False,5,1,False,False,False,45.0,37.99142557805521,30.889272029725923,0.7181246219085353,41.0,False,3,1,2,3,-10.708847449048054,650.9099731445312,373315862.2340881,83.87533875338752,True,0.0,0,,,,0.0,0,,,,False,False,False,False,0,,none,0,0,False,-3,0.375,risk_on,7,False
FNB,19.454999923706055,-0.17957849062664177,35.72414422627133,26.2773310108261,4.238722340736434,0.035768521118812846,True,0.8513503050263178,3.44383537174377,10.28042627397121,3.100153992872956,False,True,False,True,25,41.66666666666667,True,0.5591624590080954,1.0445178673335753,True,2.1438120986615274,True,2.55667173382621,True,2,1,0.5783781605981159,False,1.9200472862850695,True,3,2,True,False,False,65.0,13.917083260918591,3.649442751256541,0.9504832833332081,29.0,True,6,5,5,6,-0.6891282686590561,19.59000015258789,101977542.26172829,54.81029810298102,False,0.0,0,,,,0.0,0,,,,False,True,False,False,1,,power_play,6,6,True,0,0.75,risk_on,7,True
FND,60.625,-32.95177922175449,39.39985665720784,-29.44017540504077,-51.478784075130434,0.05781218294327257,False,1.0858896617038634,8.41236861710696,-12.543277168354393,14.300525930519292,False,True,False,False,27,45.0,True,0.49092709049362415,2.3891803012405335,True,1.722145910791881,True,1.0585069240982126,True,1,0,0.552531022162494,False,1.0863999886445208,False,5,2,True,True,True,25.0,17.913046373208992,13.88865677351804,0.768314247504791,4.0,False,2,3,3,3,-4.150197628458496,63.25,147549003.81142807,8.468834688346885,False,0.0,0,,,,0.0,0,,,,False,False,False,False,0,,none,0,0,False,-3,0.375,risk_on,7,False
FNF,48.564998626708984,-14.2036188202591,13.491008677486693,-14.2036188202591,-36.24222749034877,0.050196573163001156,False,1.1307424927168181,10.35725880001945,-12.920773299892485,-0.09257762410518344,False,True,False,False,24,40.0,True,0.5138534019901939,1.5955067573658637,True,-0.301566826678192,True,-7.565668480305665,False,0,0,0.45692614700641226,False,0.9928077528519327,False,5,2,True,False,False,55.0,18.19407613254514,11.489760092335077,0.3746459883110463,11.0,False,1,2,2,4,-11.377738498461342,54.79999923706055,78127274.59112377,17.411924119241192,False,0.0,0,,,,0.0,0,,,,False,False,False,False,0,,none,0,0,False,-2,0.5,risk_on,7,False
FNGU,33.915000915527344,-6.182574041529653,147.01385321388952,29.79334865976455,7.754739989674885,0.2576329635594322,False,0.9469909582392328,7.076519124550902,89.78734931599621,33.26129626257108,False,True,False,True,28,46.666666666666664,True,0.5302421736406957,2.9468685726462227,True,3.168806580708434,True,5.852059757873884,False,1,0,0.5575427946296081,False,1.0848040581622664,False,5,1,False,True,True,25.0,32.521737140157946,27.303552937963566,0.9478610409738291,3.0,True,5,2,3,5,-1.695649520210596,34.5,109575361.03546295,59.078590785907856,False,0.0,0,,,,0.0,0,,,,False,False,False,False,0,,none,0,0,False,-1,0.625,risk_on,7,False
FNV,231.42999267578125,-17.276492936893085,33.97011035688067,29.67744362573679,7.638834955647123,0.18222388400212933,False,1.0106717012028252,6.57649675650999,-2.972104616659743,8.033792996456611,False,True,False,True,23,38.333333333333336,False,0.4464628240299395,1.3214246849388187,True,1.9209319845230153,True,0.15145873375164154,True,2,1,0.4983989656262424,False,1.3171877728220627,True,3,2,True,False,False,25.0,20.54599510941488,15.24435029850341,0.7156435522702661,4.0,False,1,3,2,4,-5.8423861843856955,245.7899932861328,168326914.08904725,58.80758807588076,False,0.0,0,,,,0.0,0,,,,False,False,False,False,0,,none,0,0,False,-2,0.5,risk_on,7,False
FORM,130.6300048828125,-18.32050843169065,369.04848507552794,327.4542119295297,305.41560325944005,0.10949037887616178,True,0.8936731987046029,14.537240414868974,39.44278870331648,15.858097457039921,False,True,False,False,25,41.66666666666667,True,0.5101307156626373,3.7406591559418354,True,0.8373256533160937,True,13.384259978193214,False,0,0,0.52364215157907,False,1.1359448618012544,False,6,2,True,False,False,25.0,37.331610685449334,23.455560165626128,0.9845057194790796,0.0,True,7,3,4,3,-0.5784264482581403,131.38999938964844,143035475.7933197,97.76422764227642,True,0.0,0,,,,0.0,0,,,,False,False,False,False,0,,none,0,0,False,-2,0.5,risk_on,7,False
FOUR,46.66059875488281,-49.02152367838013,30.958735212160015,-48.20668148339351,-70.24529015348318,0.41442756233001277,False,1.3048491668585775,18.345245457004026,-14.494046150217565,0.7135698483968778,False,False,False,False,20,33.33333333333333,False,0.558804368391453,3.792672451543648,True,0.0860445486615669,True,7.612080484480632,False,0,0,0.5190954752458404,False,0.9052337877196183,False,4,2,True,False,False,25.0,31.306091623334048,37.57989423630021,0.4030392721646862,11.0,False,0,2,2,3,-18.688507241144514,57.3849983215332,71682002.13318825,2.913279132791328,False,0.0,0,,,,0.0,0,,,,False,False,False,False,0,,none,0,0,False,-3,0.375,risk_on,7,False
FOX,57.29999923706055,-14.982375407277571,29.08312688650918,17.705676469562626,-4.33293220052704,0.05992146821011943,False,0.8293018630874806,4.904016423570143,1.5117980843335488,11.154219369737994,True,True,False,True,30,50.0,True,0.5312234943185944,1.4826469811481582,True,3.0767107994368486,True,3.485642662825472,True,2,2,0.7269189674490121,True,2.92760200657674,True,3,2,True,False,False,45.0,28.85732330150848,10.645721737070689,0.7393735702883681,39.0,False,2,5,5,5,-7.520981143106442,61.959999084472656,57743633.16238785,47.89972899728998,False,0.0,0,,,,0.0,0,,,,False,False,False,False,0,,none,0,0,False,-1,0.625,risk_on,7,False
FOXA,64.62999725341797,-14.666885191010193,32.46566107943969,19.717943213569455,-2.32066545652021,0.09172918075741196,False,0.8461307403655349,5.059564880135396,2.4886131936327605,14.490693321387592,True,True,False,True,31,51.66666666666667,True,0.4855940473902396,1.4319985882816497,True,3.4370242816126972,True,4.596206984643292,True,2,2,0.7099072393008174,True,2.2236938331061102,True,3,2,True,False,False,45.0,30.119265601738892,11.666404798479741,0.7818572034601964,41.0,False,2,5,5,5,-6.570300828088438,69.17500305175781,269432856.5223713,49.32249322493225,False,0.0,0,,,,0.0,0,,,,False,False,False,False,0,,none,0,0,False,-1,0.625,risk_on,7,False
FR,63.83000183105469,-7.304674317038462,36.03038923401909,34.58737410172341,12.548765431633747,0.023938956834701385,False,0.9431125335334543,2.5066618250352666,11.865541948779313,-3.7690335157348653,False,True,False,True,28,46.666666666666664,True,0.5673555955274128,1.1410692181721147,True,-0.10773743095536534,True,0.694119649223568,True,2,0,0.4504156365180597,False,0.32800998644224727,False,7,2,True,False,False,55.0,16.079543235825938,8.647971642510702,0.4615709802810195,19.0,False,3,2,2,5,-8.657692701994723,69.87999725341797,66161060.632063486,63.41463414634146,False,0.0,0,,,,0.0,0,,,,False,False,False,False,0,,none,0,0,False,-1,0.625,risk_on,7,False
FRO,40.959999084472656,-4.477616454795886,138.50887665181847,134.20230413203637,112.1636954619467,0.43063895089285714,True,0.8393738984447944,9.252932129493328,48.535837008427364,5.431147215506549,True,True,False,False,31,51.66666666666667,True,0.410620018453288,1.3614287986841769,False,2.2836536232185463,True,3.538922301774372,True,1,0,0.5706255501084548,False,0.8490689042489811,False,4,1,False,False,False,45.0,20.812059683463314,9.252932129493328,0.7614269778700714,35.0,False,9,2,5,6,-4.965195975432291,43.099998474121094,67840971.69440155,92.27642276422763,True,0.0,0,,,,0.0,0,,,,False,True,False,False,1,,power_play,6,6,True,0,0.75,risk_on,7,False
FROG,88.0999984741211,-10.19368007700634,153.52517546509668,101.97157412061037,79.9329654505207,0.17882717878273674,True,0.9853128325898952,13.013616953987128,71.90243604706555,-2.576580585194721,False,True,False,False,25,41.66666666666667,True,0.510886596275702,3.237144191438917,True,0.5234530566572168,True,6.093445933052255,False,0,0,0.5510835517881645,False,0.6773948618072906,False,6,4,True,False,False,55.0,29.107039435095704,25.942106836985467,0.6149584187501321,24.0,False,8,2,3,5,-11.207420489591513,99.22000122070312,189980070.09096068,88.95663956639567,True,0.0,0,,,,0.0,0,,,,False,False,False,False,0,,none,0,0,False,-1,0.625,risk_on,7,False
FRPT,73.47000122070312,-14.070174010873536,55.03271189480419,14.403612307964275,-7.63499636212539,0.027172715728027277,False,1.1800400175080856,10.221851615703654,8.219180853175123,29.668198762021003,False,True,False,False,28,46.666666666666664,True,0.36436194423670387,1.859389945095757,False,4.225878259418816,False,10.100400906197793,False,0,2,0.5447806323099521,False,2.1799106200376337,True,2,1,False,True,True,25.0,27.768775147299145,22.417314478092102,0.9722762812864064,6.0,True,2,3,4,3,-0.7698537112047488,74.04000091552734,89567326.7489769,44.44444444444444,False,0.0,0,,,,0.0,0,,,,False,False,False,False,0,,none,0,0,False,-2,0.5,risk_on,7,False
FRSH,11.854999542236328,-15.139589723446056,72.31103699188948,-10.663156493709769,-32.701765163799436,0.042738608872825296,False,1.1253388459379112,4.597217185477313,68.39488077377666,21.340828933286527,False,True,False,True,26,43.333333333333336,True,0.48678264455651027,2.417699473943384,True,2.5660571833039834,True,2.2864485432234183,True,2,3,0.6071200278458582,True,2.0995129541525954,True,1,0,False,False,False,25.0,19.959012327960473,11.202025474005515,0.8583160810282608,6.0,True,4,6,5,5,-2.8278710854306888,12.199999809265137,117766670.03851776,20.460704607046072,False,0.0,0,,,,0.0,0,,,,False,False,False,False,0,,none,0,0,False,-1,0.625,risk_on,7,False
FRT,118.56999969482422,-6.733263386713095,31.978395269052395,30.792291462039056,8.753682791949391,0.03949529769390966,False,1.053831663179412,2.9602784391199473,15.46758361908227,-5.014821793163771,False,True,False,True,28,46.666666666666664,True,0.5534573747127586,0.9117879237673268,True,-1.7663087212586195,True,0.559745579014792,True,2,0,0.47732460202117055,False,0.6072901749278496,False,4,2,True,False,False,65.0,12.925215146892684,8.771191323814168,0.4182751097978162,12.0,False,2,2,2,5,-7.518919362165755,128.2100067138672,117266511.77640228,60.23035230352304,False,0.0,0,,,,0.0,0,,,,False,False,False,False,0,,none,0,0,False,-1,0.625,risk_on,7,False
FSLR,223.01010131835938,-29.92612684419187,23.860093051068752,20.6503493490084,-1.3882593210812644,0.17304442135613632,False,1.099518425070245,21.286038703568,1.1613084171274712,8.299389715122585,True,True,False,False,22,36.666666666666664,False,0.4259799539987255,2.4956040816988527,False,-0.9540604369419419,True,-8.654828427997852,False,0,0,0.3745084381327342,False,1.0780271705274602,False,3,2,True,True,False,25.0,27.385989071607113,28.38885433579721,0.3678594522455371,4.0,False,1,2,3,3,-17.31179413252345,269.70001220703125,575455596.299228,50.271002710027105,False,0.0,0,,,,0.0,0,,,,False,False,False,False,0,,none,0,0,False,-3,0.375,risk_on,7,False
FSLY,28.420000076293945,-15.164178876734491,311.28799860882236,292.5414499274865,270.5028412573968,0.11231973189818863,True,1.3509968453333734,29.415906361396928,77.1820352502741,46.26865481172122,False,False,False,False,22,36.666666666666664,False,0.3541951290729223,3.30740043127732,False,3.734718880965429,True,25.308640625583422,False,0,2,0.5752934331566006,False,2.392265879864119,True,2,1,False,True,False,25.0,38.31867065571215,33.12808195022035,0.8069727539470033,1.0,False,7,3,3,3,-7.396547469083892,30.690000534057617,154980482.9247015,97.42547425474255,True,0.0,0,,,,0.0,0,,,,False,False,False,False,0,,none,0,0,False,-3,0.375,risk_on,7,False
FSS,126.36000061035156,-5.602868643211423,20.7644543583535,-2.0867343602813837,-24.12534303037105,0.0760679454018162,False,1.1479593334008213,4.503009191138068,6.1518397592373875,7.266551219725126,False,True,False,True,27,45.0,True,0.48903579294818333,1.7658517101459186,True,1.3495966813134652,True,-1.1499657354663406,True,2,1,0.4288830638539866,False,1.2278093991908092,True,4,2,True,False,False,25.0,16.811181095069625,8.990187207565539,0.6700756392290003,6.0,False,3,4,4,6,-5.546418176596357,133.77999877929688,53567142.1128128,27.77777777777778,False,0.0,0,,,,0.0,0,,,,False,True,False,False,1,,power_play,6,6,True,0,0.75,risk_on,7,False
FTAI,221.86500549316406,-28.038107747753816,59.25059868975522,53.14233563957351,31.103726969483844,0.11029679400612533,False,0.9325377376880389,10.087220004730867,-18.81866705377233,2.5588459014395326,False,True,False,False,23,38.333333333333336,False,0.47178796216458546,3.0595425258242126,True,-0.7245067791493671,True,0.5098022002026026,True,1,0,0.41185432502765285,False,0.7868770341972312,False,5,1,False,False,False,25.0,23.6203805264081,15.515412572824369,0.7807914699420301,1.0,False,2,1,3,4,-5.177788894603818,233.97999572753906,353634055.10919034,74.7289972899729,False,0.0,0,,,,0.0,0,,,,False,False,False,False,0,,none,0,0,False,-2,0.5,risk_on,7,False
FTI,74.70500183105469,-2.9018287219869543,115.48402146536193,114.18987402550202,92.15126535541236,0.056250659603153015,True,1.169661059100164,11.75289279712868,22.566490873104694,-1.7298011971586424,False,True,False,False,27,45.0,True,0.44292471955124973,1.5809978864899696,True,1.6795056438323348,True,7.303934047492278,False,0,0,0.519302442026702,False,0.8187832644275314,False,6,1,False,False,False,35.0,17.697640194533896,11.75289279712868,0.7668603245507704,14.0,False,7,2,4,6,-4.126022091170878,77.91999816894531,234474144.55825043,90.31165311653116,True,0.0,0,,,,0.0,0,,,,False,True,False,False,1,,power_play,6,6,True,0,0.75,risk_on,7,False
FTNT,163.6875,-2.734858559479225,117.58273653581286,106.33744639083389,84.29883772074422,0.08402894030057514,True,1.121487623559309,5.272244296487209,94.26477076911557,8.016040155769755,False,True,False,True,28,46.666666666666664,True,0.4683376960628492,2.1311177559004517,True,1.2333683816814605,True,2.234400959347149,True,2,0,0.5041432645668928,False,0.6281330458542222,False,4,2,True,False,False,25.0,16.456501056473215,11.289802659054029,0.7033015998564639,6.0,False,9,3,4,6,-4.882617535416012,172.08999633789062,856062671.3827255,89.49864498644986,True,0.0,0,,,,0.0,0,,,,False,True,False,False,1,,power_play,6,6,True,0,0.75,risk_on,7,False
FTV,61.63999938964844,-3.8227447156112926,31.645384402619946,27.052789647669062,5.014180977579397,0.06716338588111868,True,1.0816031383223452,3.585332748792652,10.30031466386012,1.6826137837939958,False,True,False,True,29,48.333333333333336,True,0.47255914008465116,1.300023146392749,True,0.2674905537030933,True,1.2649917385826104,True,2,1,0.6092922404120753,True,1.0799449292470555,False,3,1,False,False,False,65.0,11.208809826791063,8.135949771749406,0.5964851026892536,12.0,False,5,2,4,6,-4.522921746233277,64.55999755859375,170867251.46275082,55.62330623306233,False,0.0,0,,,,0.0,0,,,,False,True,False,False,1,,power_play,6,6,True,0,0.75,risk_on,7,False
FUTU,105.0,-46.400751683096686,16.978606841652578,-39.548989329394445,-61.58759799948411,0.06112588722242332,False,0.8154467013304662,7.695239839099702,-27.662094282699666,6.103477133595736,True,True,False,True,26,43.333333333333336,True,0.501791305272042,1.7617515705577835,True,1.5212506895743552,True,0.45924547679885297,True,2,2,0.46865439315883073,False,2.772007757665312,True,2,2,True,False,False,35.0,18.22309346303598,9.466668991815476,0.641914929460717,3.0,False,2,5,5,6,-6.5254177081551905,112.33000183105469,127163126.32493515,4.67479674796748,False,0.0,0,,,,0.0,0,,,,False,True,False,False,1,,power_play,6,6,True,0,0.75,risk_on,7,False
FWONK,104.12000274658203,-3.8862725129815257,27.880133981991186,4.0679655878858245,-17.970643082203843,0.06469160449474178,False,1.0348756214608656,5.176718447431443,22.783017688138795,7.918738727012475,False,False,False,True,28,46.666666666666664,True,0.4405787749523649,1.289523903135949,True,2.9598496279246778,True,4.443775901981306,True,2,0,0.5579242881657164,False,1.0217544181617075,False,5,2,True,False,False,55.0,18.91608821263244,9.681131325163218,0.9561936006822661,0.0,True,4,3,3,6,-0.8286457137720582,104.98999786376953,216570421.957592,33.40108401084011,False,0.0,0,,,,0.0,0,,,,False,True,False,False,1,,power_play,6,6,True,0,0.75,risk_on,7,False
G,34.40999984741211,-28.288398713919417,25.127272172407665,-21.035337755987626,-43.07394642607729,0.05226563929080352,False,1.205498463855469,7.149081939498081,-4.213374421468052,13.302597617842826,False,True,False,True,25,41.66666666666667,True,0.4839841041782471,1.882984851988408,True,1.995744330176899,True,-4.8396017903336475,True,2,1,0.5917951548385262,False,1.505571660837168,True,5,1,False,False,False,25.0,21.755519807461525,9.59023322201128,0.6621287663349186,11.0,False,2,3,3,4,-7.350564316372143,37.13999938964844,70622214.81629868,13.414634146341465,False,0.0,0,,,,0.0,0,,,,False,False,False,False,0,,none,0,0,False,-2,0.5,risk_on,7,False
GAP,20.459999084472656,-28.607411751692513,11.498630295036172,-0.2862964318405048,-22.32490510193017,0.1320238570198294,False,0.9325768505725424,8.064514625430645,-23.513569457598894,8.368644035691265,False,True,False,False,26,43.333333333333336,True,0.44984500291014584,1.4162371220204626,True,0.3764148842435957,True,-0.29240434674705496,True,1,0,0.592432358237129,False,0.8334414730738067,False,7,2,True,False,False,35.0,17.08035679046245,8.21114555401302,0.6807521824265362,3.0,False,2,3,3,4,-5.452866628731224,21.639999389648438,113519068.5768032,29.471544715447155,False,0.0,0,,,,0.0,0,,,,False,False,False,False,0,,none,0,0,False,-2,0.5,risk_on,7,False
GBCI,49.869998931884766,-8.512198738805477,26.770420340951382,16.93006022830712,-5.1085484417825455,0.03966452398785175,False,0.954535131396321,3.9302168166270324,-5.008462909755751,-4.646272161805021,False,True,False,True,32,53.333333333333336,True,0.5457052974836972,1.3214739490703318,True,0.11380563644991042,True,2.824740065741782,True,2,0,0.5419339347975908,False,1.1285551833408782,False,5,1,False,False,False,65.0,17.268978881982665,6.897932024036188,0.500286629028856,17.0,False,2,1,2,5,-8.629539650345052,54.58000183105469,59264870.79784393,47.08672086720867,False,0.0,0,,,,0.0,0,,,,False,False,False,False,0,,none,0,0,False,-1,0.625,risk_on,7,False
GBTC,49.380001068115234,-49.83236725082214,8.479790359257834,-48.88198566447802,-70.92059433456768,0.3197439109985766,False,0.6731292725021839,3.392059944976585,-3.0814517592043345,-1.61386248407408,True,False,False,True,27,45.0,True,0.4266417167491842,0.7382203379868943,False,0.2546577406498299,True,-1.0024057523920438,True,2,0,0.5367714356303341,False,1.1280010738937833,False,4,1,False,False,False,35.0,13.299925566346134,4.627379096772718,0.6376812395441382,17.0,False,1,2,4,3,-4.818812545353756,51.880001068115234,74876685.4068222,2.642276422764228,False,0.0,0,,,,0.0,0,,,,False,False,False,False,0,,none,0,0,False,-2,0.5,risk_on,7,False
GD,391.8855895996094,-1.0314952164311109,27.176217694809136,25.609995033823708,3.5713863637340424,0.051725120932179985,False,0.9662933379154173,3.557161276496232,16.04948301783258,2.6442758659829257,False,True,False,True,27,45.0,True,0.40247536159193914,0.8787054913515729,False,3.0774877472282545,True,1.2833598675562996,True,2,2,0.537395884300141,False,1.9929940742219525,True,2,1,False,False,False,65.0,17.04260455350557,5.200498671980975,0.8809687454914054,11.0,True,4,5,6,7,-2.028602600097651,400.0,417967930.8450928,54.47154471544715,False,0.0,0,,,,0.0,0,,,,True,True,False,False,2,sepa_vcp,power_play,7,7,True,1,0.875,risk_on,7,False
GDDY,93.69000244140625,-37.07012401352875,24.936665035793236,-34.628804316580464,-56.66741298667013,0.059571135506764246,False,1.272346580171469,5.294053746636031,6.152277559198915,6.927641525394734,False,True,False,True,27,45.0,True,0.5007720987021153,2.3575051125090685,True,1.1196243910900596,True,3.696739373207447,True,2,2,0.6895955050290661,True,4.4416410561056106,True,4,1,False,True,True,25.0,31.037737288565005,21.976735436806237,0.6258359578217407,11.0,False,2,3,3,6,-11.61320524395637,106.0,188701271.8987213,6.707317073170732,False,0.0,0,,,,0.0,0,,,,False,True,False,False,1,,power_play,6,6,True,0,0.75,risk_on,7,False
GDS,34.90999984741211,-26.53619631498,20.296344923291333,2.918637181334427,-19.11997148875524,0.5332318331311666,False,0.9700241008945261,11.758807104493966,-25.469684599300013,7.3493215129333045,False,True,False,False,25,41.66666666666667,True,0.42732678970932947,2.051297299689971,False,1.5799371943418028,True,9.641958794320837,False,0,0,0.5819038719606382,False,1.0315180460326765,False,7,2,True,False,False,45.0,20.173958332887356,11.758807104493966,0.8984701416319374,44.0,True,2,4,4,5,-2.0482591322612542,35.63999938964844,50981069.54332352,32.58807588075881,False,0.0,0,,,,0.0,0,,,,False,False,False,False,0,,none,0,0,False,-1,0.625,risk_on,7,False
GDXU,123.80999755859375,-76.41714332217262,83.31358584588058,32.658304006801295,10.61969533671163,0.4696611540973804,False,0.956017170883839,18.39916554227428,-58.45302095349203,55.52065897421301,True,True,False,False,29,48.333333333333336,True,0.42162313148290514,3.458536120827112,False,2.2559447593986475,True,15.097144101368754,False,0,3,0.6083696880765378,True,2.5229519759244563,True,2,4,True,True,False,,,,,,False,3,5,4,4,,,145294461.52394408,61.78861788617886,False,0.0,0,,,,0.0,0,,,,False,False,False,False,0,,none,0,0,False,-2,0.5,risk_on,7,False
GE,361.44000244140625,-5.188604668159968,36.60571139626416,35.11700259962678,13.078393929537114,0.09158253115872601,True,0.9299519142675116,4.714477763895064,15.829103636035203,3.564470613583448,False,True,False,True,32,53.333333333333336,True,0.4539564184924928,1.3174777816796577,True,0.661984339264254,True,-3.500196443420789,True,2,1,0.4093968339184892,False,1.4802782037203166,True,3,2,True,False,False,45.0,18.255892879897925,9.700087793762506,0.6140096413213697,5.0,False,5,4,4,6,-7.046598640710455,388.8399963378906,1194223274.0962982,64.09214092140921,False,0.0,0,,,,0.0,0,,,,False,True,False,False,1,,power_play,6,6,True,0,0.75,risk_on,7,False
GEHC,73.82499694824219,-16.138850647631408,24.17702829116337,-1.8113632429275217,-23.849971913017185,0.06921167792769538,False,1.2001498693903563,5.783954553299319,-6.036056384639243,19.159058617342684,False,True,False,True,26,43.333333333333336,True,0.5112067080667284,1.706680430377105,True,3.338238524440128,True,4.999288169110194,True,2,1,0.6826928044676348,True,0.9955286661532096,False,3,2,True,True,True,25.0,18.582636225032665,9.190658913086388,0.9916298777936615,0.0,True,2,4,4,4,-0.15553893611945924,73.94000244140625,337089980.23347855,28.184281842818425,False,0.0,0,,,,0.0,0,,,,False,False,False,False,0,,none,0,0,False,-2,0.5,risk_on,7,False
GEN,29.110000610351562,-7.716267210508166,63.588628518055714,-3.547453604957229,-25.586062275046896,0.08560912892725218,False,0.979192158128299,7.660602551797847,16.893809623925282,16.1148821886959,False,True,False,True,30,50.0,True,0.36677989577166903,1.1186335643481493,False,2.995833675232184,True,3.5943068155538827,True,2,3,0.6477351972071146,True,2.7886511913325123,True,1,3,True,False,False,25.0,16.404423797145977,10.924081891104352,0.8448979607724681,3.0,True,3,7,5,6,-2.54435958328999,29.8700008392334,128940176.4322029,26.355013550135503,False,0.0,0,,,,0.0,0,,,,False,True,False,False,1,,power_play,6,6,True,0,0.75,risk_on,7,False
GENI,7.820000171661377,-42.287822423733324,99.48979641486584,-39.52049507275657,-61.55910374284623,0.08376836364585236,False,1.1484152779965342,6.905370204593014,29.470202335270535,21.61742426798634,False,True,False,True,26,43.333333333333336,True,0.3903405013856633,2.591826328021143,False,2.148616915314759,True,-0.12771075532711507,True,2,2,0.5838401048885793,False,3.119124923823619,True,2,1,False,True,True,25.0,30.38416865136021,26.08695546127622,0.7049808653114139,6.0,False,2,3,3,5,-8.963911143756354,8.59000015258789,53732018.59157348,4.742547425474255,False,0.0,0,,,,0.0,0,,,,False,False,False,False,0,,none,0,0,False,-1,0.625,risk_on,7,False
GEV,1030.5899658203125,-12.279762808338301,88.42611082859595,62.843127714765636,40.80451904467597,0.11016377490735761,True,0.8996094928064984,8.680467008181017,26.352019058329024,-0.0581828392467898,False,True,False,False,26,43.333333333333336,True,0.43605405272810627,2.242447951426668,False,0.11010178389864456,True,3.0280894128744906,True,1,0,0.3901590073280781,False,0.35365250157270756,False,5,2,True,False,False,25.0,21.324463811344614,9.163197846917411,0.5462577554484745,17.0,False,4,2,4,5,-9.675810073617285,1140.989990234375,2616510113.48053,79.74254742547426,False,0.0,0,,,,0.0,0,,,,False,False,False,False,0,,none,0,0,False,-1,0.625,risk_on,7,False
GFI,39.619998931884766,-33.71159829151146,39.11291240723591,34.83463838701286,12.796029716923194,0.16851669015730464,False,1.0549820082379824,7.7107531235121405,-21.81400861720151,22.73853912688335,False,True,False,True,23,38.333333333333336,False,0.39101871383478376,1.1971642481806897,False,2.6183425708893098,True,6.106049196517893,False,1,1,0.5074305116001805,False,1.6248764260884547,True,4,2,True,True,True,25.0,26.67923547821271,26.627969280228612,0.7517666564447155,1.0,False,2,3,2,3,-6.6226758262555085,42.43000030517578,122208094.04540558,63.75338753387534,False,0.0,0,,,,0.0,0,,,,False,False,False,False,0,,none,0,0,False,-3,0.375,risk_on,7,False
GFL,41.209999084472656,-19.177133981884165,22.92077760267621,-18.28035351632369,-40.31896218641336,0.06283315646102162,False,1.0182378173439703,4.282939647803739,-0.20831360754071104,5.856662628881981,False,True,False,True,21,35.0,False,0.4030753652942245,1.0081459774294523,False,2.2862057563140397,True,-0.8182915976677752,True,2,1,0.43511968288254826,False,0.6001224979769041,False,2,2,True,False,False,35.0,16.150669362703116,4.816793628853738,0.737426605753539,10.0,False,1,4,3,5,-4.240736073917284,43.03499984741211,84611015.56812267,14.70189701897019,False,0.0,0,,,,0.0,0,,,,False,False,False,False,0,,none,0,0,False,-1,0.625,risk_on,7,False
GFS,53.38750076293945,-40.56865441073242,68.81729632629843,59.78612618561898,37.74751751552932,0.09276659385554216,False,0.7879819928417802,10.339499656060969,9.783235731416639,-6.189596018129029,False,True,False,False,20,33.33333333333333,False,0.48355865360384764,2.8384616026823557,True,-3.8412236859053763,True,6.011715877472779,False,0,0,0.468912976012086,False,0.627360832873547,False,6,2,True,False,False,25.0,33.605270407810615,14.984780867572361,0.2980196070212515,24.0,False,2,2,3,4,-23.590240927032003,69.87000274658203,229405301.26564902,78.18428184281842,False,0.0,0,,,,0.0,0,,,,False,False,False,False,0,,none,0,0,False,-2,0.5,risk_on,7,False
GGG,82.2750015258789,-12.591474824012916,12.859243429246003,-4.662042848178361,-26.700651518268025,0.04822455613903476,False,1.0081659253046147,3.378919911435041,-12.090828928547293,5.819937653863549,True,True,False,True,23,38.333333333333336,False,0.4152456141521692,0.9836020386208316,False,3.5063653410799556,True,-0.9331745904884725,True,2,2,0.623212805592906,True,1.639578380087604,True,4,2,True,False,False,35.0,14.325943502759934,6.429657632839325,0.8323226003263369,2.0,True,1,5,6,6,-2.402136954414591,84.30000305175781,107600426.88213348,25.135501355013552,False,0.0,0,,,,0.0,0,,,,True,True,False,False,2,power_play,sepa_vcp,6,6,True,0,0.75,risk_on,7,False
GH,163.52000427246094,-4.245476265511328,198.44862482219781,179.18730600046607,157.1486973303764,0.0467764872014161,True,1.074746100472486,7.289626869801157,59.12806624476323,8.868180822139916,False,True,False,True,26,43.333333333333336,True,0.3914197437912102,1.8494662438798022,False,1.7416586793075435,True,3.769515403213841,True,2,0,0.38018456382082255,False,0.8020713311666857,False,4,4,True,False,False,25.0,20.228791964153856,13.166584036668121,0.6343785802833556,9.0,False,9,3,5,5,-7.396079637086583,176.5800018310547,292364926.6259155,94.51219512195121,True,0.0,0,,,,0.0,0,,,,False,False,False,False,0,,none,0,0,False,-1,0.625,risk_on,7,False
GIL,57.084999084472656,-20.651217739100368,15.090727501245539,5.280750026910286,-16.75785864317938,0.09273482065525789,False,0.9053977949625253,5.640713448971532,-20.266730064724413,15.090727501245539,False,True,False,True,26,43.333333333333336,True,0.48557699828920403,1.7434955044885003,True,1.392824637021843,True,-1.8652211081758185,True,2,0,0.5112706700385095,False,0.8837533547268329,False,3,1,False,True,True,25.0,16.998988376840522,11.263905418761349,0.791749410068145,5.0,False,2,2,3,4,-3.540049357721786,59.18000030517578,88065169.91579533,34.756097560975604,False,0.0,0,,,,0.0,0,,,,False,False,False,False,0,,none,0,0,False,-2,0.5,risk_on,7,False
GILD,137.36000061035156,-10.75227827921511,26.597627883183716,17.311741534359548,-4.726867135730117,0.077839454214272,False,1.0704934235396328,5.3290676264507155,-8.406596660278954,4.967140432281059,False,True,False,True,29,48.333333333333336,True,0.4387955348185913,1.3576049435733901,False,1.8269755199685038,True,4.967140432281059,True,2,1,0.6526524342740128,True,0.9254203483823462,False,3,1,False,False,False,45.0,14.232686575833819,6.661334533063394,0.8376021537761342,19.0,True,3,4,4,6,-2.3113576458947405,140.61000061035156,885885224.6757294,47.62872628726287,False,0.0,0,,,,0.0,0,,,,False,True,False,False,1,,power_play,6,6,True,0,0.75,risk_on,7,False
GIS,39.084999084472656,-18.76972406642524,23.59825534850357,-16.515597178124132,-38.5542058482138,0.13705082047051131,False,0.9954595818313048,8.315210633562817,-16.77093013432458,9.943740993746374,False,True,False,False,29,48.333333333333336,True,0.5600300660943718,1.6622331821907057,True,3.0970236067413452,True,8.358745259654299,False,0,1,0.6782699629427986,True,0.9216956409271918,False,4,2,True,False,False,45.0,17.852694495682627,9.51772114069455,0.9327432881384276,19.0,True,2,5,4,4,-1.2007135296488114,39.560001373291016,304413520.6108624,15.718157181571815,False,0.0,0,,,,0.0,0,,,,False,False,False,False,0,,none,0,0,False,-2,0.5,risk_on,7,False
GKOS,187.42250061035156,0.0,151.00107835317874,121.40873860829574,99.37012993820608,0.07476170363352017,True,1.2105865812014245,8.886339006820934,65.46526544090283,20.559946298801556,False,True,False,False,26,43.333333333333336,True,0.39867065093587445,1.9526793036427335,False,5.048817332384333,False,9.610207959110472,False,0,1,0.6229134988546806,True,1.1428293585320735,False,5,1,False,True,False,25.0,24.228302901391718,12.322427214178127,0.9683676861757555,0.0,True,10,2,4,3,-0.7663972808056752,188.8699951171875,144029501.6462021,91.26016260162602,True,0.0,0,,,,0.0,0,,,,False,False,False,False,0,,none,0,0,False,-2,0.5,risk_on,7,False
GL,181.0,-2.698636790217579,39.690009186648886,31.271358403303307,9.232749733213641,0.15938526596612718,True,0.9755246435465309,5.90607869690953,26.133691750174393,5.798455729934782,False,True,False,True,30,50.0,True,0.5336352067715756,1.0936550836322774,True,1.376784457425724,True,-2.698636790217579,True,2,1,0.515725941765465,False,1.974365182239603,True,3,2,True,False,False,45.0,16.722631008474703,5.90607869690953,0.6706438214184834,19.0,False,4,4,5,5,-5.50770184478,191.5500030517578,121895110.05723953,61.043360433604335,False,0.0,0,,,,0.0,0,,,,False,False,False,False,0,,none,0,0,False,-1,0.625,risk_on,7,False
GLBE,41.915000915527344,-0.9569914513643196,52.196802912578065,34.948492067707804,12.909883397618138,0.12066727812743494,False,1.0552427537534899,10.354288578770243,28.21964722042287,21.492756276890844,False,False,False,False,28,46.666666666666664,True,0.4364128476030191,1.5807688288731674,False,3.160293158067584,True,2.18186359769843,True,1,0,0.5722440762883452,False,0.8722608351604874,False,5,1,False,False,False,25.0,23.01659380239626,12.16748700327255,0.795061653043017,1.0,False,6,1,1,3,-4.716982686443427,43.9900016784668,66453548.28386059,63.888888888888886,False,0.0,0,,,,0.0,0,,,,False,False,False,False,0,,none,0,0,False,-3,0.375,risk_on,7,False
GLD,401.1499938964844,-19.10667496797316,31.40826426882022,29.733839456078258,7.695230785988592,0.2694354799926091,False,0.9302998801877631,2.8493064563602433,-11.130069146762644,7.9753460806982535,True,False,False,True,27,45.0,True,0.361770368049529,0.4417252064383921,False,2.742879257125862,True,2.9460774689246128,True,2,1,0.5471431322362231,False,1.9160113455248622,True,3,1,False,False,False,55.0,13.86847446404689,9.65224262551443,0.6466664371327457,52.0,False,2,3,3,4,-4.9001974939152255,421.82000732421875,2898026761.0304017,58.94308943089431,False,0.0,0,,,,0.0,0,,,,False,False,False,False,0,,none,0,0,False,-2,0.5,risk_on,7,False
GLDM,86.53500366210938,-18.951946817609155,31.81264531730088,30.147400274263482,8.108791604173817,0.19921333043781675,False,0.9316678081293668,2.8023289070768262,-11.017991092946655,8.020225942836401,True,False,False,True,27,45.0,True,0.3611401700931429,0.4370145138951635,False,2.778393729010327,True,2.981084040464932,True,2,1,0.5502925184394883,False,1.2456476427452479,True,3,2,True,False,False,55.0,13.837863078095927,9.608822395708248,0.6522258057864522,52.0,False,2,4,4,4,-4.812451681622221,90.91000366210938,330940911.5619621,59.48509485094851,False,0.0,0,,,,0.0,0,,,,False,False,False,False,0,,none,0,0,False,-2,0.5,risk_on,7,False
GLNG,52.119998931884766,-8.676374249641682,49.05994649399514,32.643216271639794,10.604607601550128,0.5427131201350465,True,1.1032333157674303,10.667692799758765,20.786425966277623,4.595619138434226,False,True,False,False,20,33.33333333333333,False,0.42794157597331023,1.3296067553029942,False,1.3187350859178337,True,2.1560142380471214,True,1,1,0.5549659443905736,False,0.8396989347274462,False,2,1,False,False,False,25.0,14.846849871111345,14.428243691239334,0.5898057791725905,0.0,False,4,2,3,5,-6.090092014622039,55.5,54109817.828183174,61.65311653116531,False,0.0,0,,,,0.0,0,,,,False,False,False,False,0,,none,0,0,False,-1,0.625,risk_on,7,False
GLOB,39.3849983215332,-50.56483089404018,42.03028839414449,-50.56483089404018,-72.60343956412984,0.0679881002658187,False,1.0831000390207541,8.251872891976506,-20.07914103666878,28.66709420519955,False,True,False,False,26,43.333333333333336,True,0.4173981259825976,2.5941686040313954,False,2.147487675919765,True,5.731539118209938,False,0,2,0.7645348646448988,True,6.075676253534726,True,4,1,False,False,False,55.0,38.261649097752304,14.90415893549166,0.6923301468624953,51.0,False,2,4,4,4,-11.771955958704194,44.63999938964844,54675094.08159371,2.2357723577235773,False,0.0,0,,,,0.0,0,,,,False,False,False,False,0,,none,0,0,False,-2,0.5,risk_on,7,False
GLPI,43.33000183105469,-10.06046829494326,8.414883669255913,0.2975894565279358,-21.741019213561728,0.13441547978506527,False,0.9844549197245217,4.015697218871878,-3.0132600999641324,-2.4538414741598458,False,True,False,True,23,38.333333333333336,False,0.4326434949493874,0.8361081992659567,False,-1.6022893018577713,True,-1.2083875328806726,True,2,0,0.5099376427207855,False,1.0854467892953812,False,5,2,True,False,False,25.0,8.94274477401621,5.8619912489985655,0.20863365293223837,12.0,False,1,2,2,5,-7.076987264572521,46.630001068115234,91210260.27978897,29.742547425474253,False,0.0,0,,,,0.0,0,,,,False,False,False,False,0,,none,0,0,False,-1,0.625,risk_on,7,False
GLW,165.8350067138672,-35.14216233312845,159.83850112634644,155.01643690972017,132.9778282396305,0.082534303164511,False,0.7697527242480332,7.688364629790702,26.539283990272878,6.263622522231138,False,True,False,True,26,43.333333333333336,True,0.41772531756867337,2.806702029919433,False,-0.9659918146063158,True,5.506434941716054,False,1,1,0.39331211052549414,False,1.5341846710436704,True,3,2,True,False,False,,,,,,False,5,3,2,4,,,1950366438.6253083,93.4959349593496,True,0.0,0,,,,0.0,0,,,,False,False,False,False,0,,none,0,0,False,-2,0.5,risk_on,7,False
GLXY,21.93269920349121,-48.82711411302682,30.241680550820526,-22.608683537750764,-44.64729220784043,0.1760276140438414,False,0.8548019894098546,14.248132302396085,8.847144509727611,-9.816202801355601,True,True,False,False,19,31.666666666666664,False,0.5792872550918724,4.7206950295234344,True,-1.8242203030646111,True,12.245128842663068,False,0,0,0.34957576279073055,False,0.8353960004854054,False,5,1,False,False,False,25.0,31.657916663029873,18.214816161785873,0.4398933240768173,24.0,False,1,1,3,4,-17.731810468782793,26.65999984741211,138149674.679022,12.737127371273713,False,0.0,0,,,,0.0,0,,,,False,False,False,False,0,,none,0,0,False,-2,0.5,risk_on,7,False
GM,87.28500366210938,-3.3388696431386755,58.72874048494274,58.48069577012458,36.44208710003492,0.06754951505462112,True,1.0221072549044277,3.9296559102566118,9.697637342580666,8.200081372644142,False,True,False,True,26,43.333333333333336,True,0.4969879877060161,1.6042194081436403,True,2.145065652542158,True,0.39682678975727637,True,2,1,0.5804068273867778,False,1.5992061382988678,True,3,3,True,False,False,25.0,18.562869576059,4.892025082556715,0.7322582969128464,11.0,False,6,4,5,5,-4.970054314478745,91.8499984741211,590250041.6773224,77.23577235772358,False,0.0,0,,,,0.0,0,,,,False,False,False,False,0,,none,0,0,False,-1,0.625,risk_on,7,False
GMAB,31.190000534057617,-11.74306621565302,37.582710317998846,37.582710317998846,15.54410164790918,0.24980890251944685,False,1.0171902949523506,4.071819288290513,5.407233434332359,6.924924417142186,False,True,False,True,20,33.33333333333333,False,0.46097780494955004,1.0354819556530048,True,4.296363174078922,False,4.55917067995284,True,2,3,0.6093409424591003,True,1.4113789369461074,True,2,2,True,False,False,35.0,20.305132573625816,11.862778773919139,0.9070487666505136,4.0,True,3,6,5,6,-1.8873871160433486,31.790000915527344,58784132.504787445,65.71815718157181,False,0.0,0,,,,0.0,0,,,,False,True,False,False,1,,power_play,6,6,True,0,0.75,risk_on,7,False
GME,18.5,-33.188878139436206,0.0,-19.63510151121334,-41.67371018130301,0.18657455572591272,False,1.0389504953666824,6.945945121146538,-21.343538945836325,-13.348947684063383,False,True,False,True,19,31.666666666666664,False,0.4806714518065106,1.385281345549339,True,-4.348021180837518,True,-3.7961495559735936,True,2,0,0.4723240497718256,False,0.444621458696119,False,6,2,True,False,False,25.0,18.98762120664671,19.810805449614655,0.04074487402839574,21.0,False,0,2,2,3,-18.213972972482996,22.6200008392334,125805154.42924003,13.88888888888889,False,0.0,0,,,,0.0,0,,,,False,False,False,False,0,,none,0,0,False,-3,0.375,risk_on,7,False
GMED,85.63999938964844,-11.547201343126467,55.426500474171725,46.01875048862596,23.980141818536296,0.05835385364398504,False,0.9402543628270279,8.652503170154208,-2.226278147928906,12.669381637640797,False,True,False,False,29,48.333333333333336,True,0.502433002469801,2.0978610485985802,True,2.0057301009367277,True,5.624071849548495,False,0,1,0.6394356655386578,True,1.0484958807705722,False,3,2,True,False,False,25.0,15.581029197671182,10.894444065330566,0.8193734340435392,4.0,True,4,5,4,5,-2.8143477980426934,88.12000274658203,133702890.39493294,71.4769647696477,False,0.0,0,,,,0.0,0,,,,False,False,False,False,0,,none,0,0,False,-1,0.625,risk_on,7,False
GNRC,223.44500732421875,-24.394328732566418,63.85203147672232,10.15282257876462,-11.885786091325045,0.06339206102836763,False,0.8662118428695894,8.619568070675072,3.5762349925707815,6.1496471849020296,False,True,False,False,22,36.666666666666664,False,0.42013605517295743,2.206985925874585,False,-1.4064033926658868,True,5.807848789571479,False,0,0,0.4219722116146789,False,0.5501399347682538,False,5,1,False,True,True,25.0,20.754635356072264,15.990509770350265,0.7307615602734654,24.0,False,1,1,2,4,-5.587945640362069,236.6699981689453,251843581.97777253,39.56639566395664,False,0.0,0,,,,0.0,0,,,,False,False,False,False,0,,none,0,0,False,-2,0.5,risk_on,7,False
GNTX,23.520000457763672,-17.42334260289843,14.838353748671885,-13.804681278910591,-35.84328994900026,0.12458311597555094,False,0.9692503424939529,4.591836320945137,-2.6554364725538737,-1.1764654969436794,False,True,False,True,26,43.333333333333336,True,0.46219018640199894,1.286656656511856,True,-1.3596154576411248,True,-0.08496370852083546,True,2,0,0.5061667565023121,False,0.42356355385428124,False,6,1,False,False,False,25.0,11.035312967819921,4.804418107031126,0.4909092296253551,20.0,False,1,1,3,4,-5.617975980112755,24.920000076293945,58249544.05592613,18.089430894308943,False,0.0,0,,,,0.0,0,,,,False,False,False,False,0,,none,0,0,False,-2,0.5,risk_on,7,False
GOOG,345.1700134277344,-13.447837514246764,72.9135731088141,70.4948474836157,48.456238813526035,0.16197715573459093,False,0.9862477455909182,5.136593498572259,11.717697988593079,8.42810121206572,False,True,False,True,20,33.33333333333333,False,0.4642299442014253,1.5634730325050767,True,-0.6495863192837746,True,-3.2106953749720613,True,2,1,0.524843888804252,False,1.268928356395248,True,5,2,True,False,False,25.0,17.527037882209072,12.356228014405337,0.4524806711315129,6.0,False,1,3,3,3,-9.596392018319655,381.80999755859375,7100301859.929415,83.19783197831978,True,0.0,0,,,,0.0,0,,,,False,False,False,False,0,,none,0,0,False,-3,0.375,risk_on,7,False
GOOGL,347.4700927734375,-13.646210437675578,74.82507550395275,72.5397787543567,50.50117008426704,0.12611518225179558,False,1.0075191526568397,5.1860546816676765,12.596233244166676,9.373946332328732,False,True,False,True,20,33.33333333333333,False,0.4991590168847259,1.666086030160891,True,-0.562485073141285,True,-2.8734890919811296,True,2,0,0.5288497905229879,False,1.0248328167922915,False,5,2,True,False,False,25.0,18.097174131717857,12.801104875328257,0.46809558604875967,6.0,False,3,2,3,4,-9.625966800704933,384.4800109863281,10780231386.687775,83.94308943089432,True,0.0,0,,,,0.0,0,,,,False,False,False,False,0,,none,0,0,False,-2,0.5,risk_on,7,False
GPC,134.85000610351562,-7.833370391058425,47.419930606525654,1.1824133827098127,-20.856195287379855,0.05799207654164347,False,0.9271615384429576,4.034113604140523,-6.8031320790492344,12.328198813436941,True,True,False,True,32,53.333333333333336,True,0.4550049747699727,1.4848361633294092,True,4.2242632730430145,False,1.5513313664712314,True,2,2,0.6559436379307422,True,1.6425794327877454,True,4,2,True,False,False,25.0,20.166231352872504,10.255840715675081,0.9164859995388162,2.0,True,3,4,6,5,-1.68416265450414,137.16000366210938,185159418.3824463,30.48780487804878,False,0.0,0,,,,0.0,0,,,,True,False,False,False,1,,sepa_vcp,6,6,True,0,0.75,risk_on,7,False
GPI,263.0799865722656,-45.86514396380629,0.0,-37.2410236391813,-59.279632309270966,0.07806387719732608,False,1.1664609802595416,4.7780173201300835,-21.990572199716908,-14.01210129900442,False,True,False,True,25,41.66666666666667,True,0.4758919892092418,2.515222532971681,True,-2.684010044529981,True,-2.857994440081002,True,2,1,0.3308938067241157,False,1.9163055710295993,True,3,2,True,False,False,25.0,30.936260072071846,29.302873754220265,0.01667078455247539,10.0,False,1,3,2,3,-30.42052834555099,378.1000061035156,62944941.61224671,5.623306233062331,False,0.0,0,,,,0.0,0,,,,False,False,False,False,0,,none,0,0,False,-3,0.375,risk_on,7,False
GPK,11.835000038146973,-47.039830560191795,34.20799968507902,-47.039830560191795,-69.07843923028146,0.03337796168090764,False,1.0843628737344946,5.238697790964744,-0.9549743642050745,7.688810597152851,True,True,False,True,27,45.0,True,0.3675968049699495,1.5637590912929429,False,1.90984721775333,True,-0.2948597114536655,True,2,1,0.5945713318299553,False,1.4550836318702947,True,5,1,False,False,False,25.0,18.04081663793447,13.941695084173544,0.8122172150725419,4.0,False,2,3,4,5,-3.3877547906369543,12.25,55989477.41864109,3.048780487804878,False,0.0,0,,,,0.0,0,,,,False,False,False,False,0,,none,0,0,False,-1,0.625,risk_on,7,False
GPN,91.36000061035156,0.0,46.80704547023233,7.055357189633016,-14.98325148045665,0.10220120696769415,False,1.0225352887702375,8.515768779241768,33.407924570678894,17.33881311863894,False,True,False,False,28,46.666666666666664,True,0.5000834093515734,1.7795061136930697,True,4.677901735944407,False,4.185195651462759,True,1,1,0.5918335858781154,False,1.6107043881307508,True,4,1,False,False,False,25.0,18.797564997288074,8.876970836439178,0.96414096508085,0.0,True,6,2,3,4,-0.6740625396327471,91.9800033569336,273878614.3573521,36.65311653116532,False,0.0,0,,,,0.0,0,,,,False,False,False,False,0,,none,0,0,False,-2,0.5,risk_on,7,False
GPOR,168.42999267578125,-24.29772640688068,12.14461011909962,-0.047476015466518806,-22.086084685556184,0.04143212540838653,False,1.086746673227515,9.20857043358771,-15.573938508380325,6.601261187203322,False,True,False,False,16,26.666666666666668,False,0.388953992940368,1.1557785699896377,False,1.3225486240337059,True,6.2985143071975225,False,0,2,0.7098930674901808,True,1.7154479491228818,True,5,1,False,False,False,35.0,13.113377610288616,11.304395959206495,0.8549850089187445,31.0,True,1,5,5,6,-1.9016363372011402,171.69500732421875,50693624.81743469,29.539295392953928,False,0.0,0,,,,0.0,0,,,,False,True,False,False,1,,power_play,6,6,True,0,0.75,risk_on,7,False
GRMN,311.3599853515625,-0.5747918921629069,68.51088442727877,33.7665108843628,11.727902214273136,0.050710998827032394,True,1.463224172102554,3.5071987222135754,54.48170812491908,29.679290894030295,False,True,False,True,30,50.0,True,0.5410852179458769,1.9549742827984062,True,4.932697651689442,False,3.143734186198577,True,2,2,0.5709269899111873,False,2.1384130826614194,True,2,1,False,True,False,25.0,24.98409207631492,8.430755792322069,0.9628118534277958,3.0,True,8,4,6,5,-0.9291120781074413,314.2799987792969,296297838.70770264,62.87262872628726,False,0.0,0,,,,0.0,0,,,,True,False,False,False,1,,sepa_vcp,6,6,True,0,0.75,risk_on,7,True
GS,1054.52001953125,-8.467361471586942,50.254621150374845,44.45582381951525,22.417215149425587,0.13730889966977863,False,0.9096395591327538,2.7368003344975618,17.709542636698284,-1.8795548349826774,False,True,False,True,27,45.0,True,0.45425984998934105,1.482974893440993,True,-0.007167166521308976,True,2.124781073650883,True,2,0,0.42034498090660055,False,0.5747824939220921,False,5,1,False,False,False,55.0,15.931302004650465,6.832491224300896,0.4589484098103942,21.0,False,4,1,3,6,-8.619656283406984,1153.989990234375,1926911309.6853516,70.32520325203252,False,0.0,0,,,,0.0,0,,,,False,True,False,False,1,,power_play,6,6,True,0,0.75,risk_on,7,False
GSAT,83.37999725341797,-1.2436373895091002,234.59067816270283,203.4206646374365,181.38205596734682,0.08971028607316119,True,1.0081353896228538,1.4272037426308126,41.3220292430813,5.291065390624228,False,True,False,True,24,40.0,True,0.41237479939900223,0.5343692962849943,False,2.265412585447801,True,0.1681876420486672,True,2,1,0.582564745531581,False,1.2656533350846084,True,5,3,True,False,False,25.0,7.648789605752267,4.6174125700912905,0.7734974261071148,8.0,True,9,5,4,6,-1.7324705328680357,84.8499984741211,84163132.04903182,95.46070460704607,True,0.0,0,,,,0.0,0,,,,False,True,False,False,1,,power_play,6,6,True,0,0.75,risk_on,7,True
GSK,50.36000061035156,-16.265298553826536,33.520387955953225,33.520387955953225,11.48177928586356,0.09427754899026729,False,1.0637842187159599,6.41381950573765,-12.489090611396403,-0.7489181228712893,False,True,False,True,25,41.66666666666667,True,0.5034894394512696,1.0393925594809625,True,-1.1553882323968205,True,-3.4694223157384907,True,2,0,0.48995425519067715,False,0.5678603929070734,False,4,1,False,False,False,55.0,12.941389321063216,6.41381950573765,0.2479225225606019,12.0,False,2,1,2,4,-9.732927435146388,55.790000915527344,232201047.47556955,62.46612466124661,False,0.0,0,,,,0.0,0,,,,False,False,False,False,0,,none,0,0,False,-2,0.5,risk_on,7,False
GT,6.199999809265137,-41.17647218496649,11.11110921211802,-27.738929319394423,-49.77753798948409,0.1429917338079071,False,0.9978021771002928,15.967738735067883,-33.61884680968378,-11.806548730755162,False,True,False,False,25,41.66666666666667,True,0.5712439241070707,2.9283352436048364,True,-1.1816744733864486,True,-8.28402959550385,False,0,0,0.4451580402327474,False,0.5194296350850092,False,5,3,True,False,False,25.0,21.69312009124998,21.612906351794162,0.17073155839409374,16.0,False,1,2,2,3,-17.989419891640644,7.559999942779541,58077279.02397318,9.48509485094851,False,0.0,0,,,,0.0,0,,,,False,False,False,False,0,,none,0,0,False,-3,0.375,risk_on,7,False
GTES,27.690000534057617,-7.205092518552869,31.60646068994526,17.181555300399353,-4.857053369690313,0.018869177472782595,False,1.127943090667498,6.4644307728550325,2.5175871877581635,7.74318954102069,False,True,False,True,19,31.666666666666664,False,0.45590690317277743,2.020820760070757,True,0.4962058591319636,True,-3.1479524789327695,True,2,1,0.3042282943061598,False,0.48976719032717775,False,2,2,True,False,False,55.0,22.709292534597257,19.068257799963977,0.6153846366791202,7.0,False,2,3,2,6,-8.734342798954264,30.34000015258789,56956824.87805939,47.289972899729,False,0.0,0,,,,0.0,0,,,,False,True,False,False,1,,power_play,6,6,True,0,0.75,risk_on,7,False
GTLB,41.084999084472656,-19.504313582459567,111.56024162237385,-1.0715138644455169,-23.110122534535183,0.08236067791959256,False,1.093437923576348,11.585733059763314,38.89452058972538,35.953011310350426,False,True,False,False,27,45.0,True,0.5418249051685141,2.9117883271942415,True,4.304192259574159,False,15.148539050076248,False,0,3,0.6420235302296563,True,2.150005038562859,True,1,1,False,True,True,25.0,29.399240200341985,21.832779860997757,0.9038616372602982,2.0,True,3,4,4,3,-2.8263948186521004,42.279998779296875,141683741.87073898,28.794037940379404,False,0.0,0,,,,0.0,0,,,,False,False,False,False,0,,none,0,0,False,-2,0.5,risk_on,7,False
GTX,28.850000381469727,-20.369857173647276,133.59416148530195,133.37020538315468,111.33159671306501,0.06885504804285274,False,0.983141461728207,6.724438504006655,39.58995239398235,-9.475997421518468,False,True,False,True,22,36.666666666666664,False,0.39612456335403373,1.4909553003046674,False,-2.53515368396392,True,-5.316701570041538,False,1,0,0.2355080648862994,False,0.5434526594227888,False,5,3,True,False,False,25.0,13.472597699216596,12.616988730908416,0.060674275775251696,24.0,False,4,2,2,3,-12.655157591005306,33.029998779296875,66685907.02651348,92.20867208672087,True,0.0,0,,,,0.0,0,,,,False,False,False,False,0,,none,0,0,False,-3,0.375,risk_on,7,False
GVA,124.41999816894531,-22.363088349858252,26.700396510311464,12.273195172218564,-9.765413497871101,0.02907937978660258,False,1.0052471853348801,4.58929978934237,-3.528125777534896,-1.8072771936496368,True,True,False,True,26,43.333333333333336,True,0.49172395224283044,1.6964325007525718,True,-1.8872683188686254,True,2.3190787255020995,True,2,0,0.3549644429829303,False,1.1974488858676111,False,5,1,False,True,True,25.0,16.08857681906947,10.352037511946607,0.7718958598982185,3.0,False,2,2,5,5,-3.6698709807752916,129.16000366210938,121421880.38342056,42.54742547425474,False,0.0,0,,,,0.0,0,,,,False,False,False,False,0,,none,0,0,False,-1,0.625,risk_on,7,False
GWRE,178.5800018310547,-31.808462463193155,73.90203290037938,-14.5182142067789,-36.556822876868566,0.07655363223609535,False,1.053561777457108,8.92037617383433,34.02881602268983,33.29849981628406,True,True,False,False,31,51.66666666666667,True,0.5746009559172605,3.083402204272628,True,4.2330280812267755,False,11.591578574802575,False,0,3,0.632939745449884,True,2.6284700329912023,True,1,1,False,False,False,25.0,27.76906474936939,15.600851340962842,1.0,0.0,True,3,4,6,3,0.0,178.5800018310547,175903163.33057404,17.14092140921409,False,0.0,0,,,,0.0,0,,,,True,False,False,False,1,,sepa_vcp,6,6,True,0,0.75,risk_on,7,False
GWW,1309.35498046875,-6.427681861816115,43.441430017808756,34.42773937959942,12.389130709509757,0.05474595654304852,False,1.121860734091584,3.8063719296716507,17.729294873455316,-4.062127305307017,False,True,False,True,29,48.333333333333336,True,0.5161388659823261,1.192096459081979,True,-0.8427429299856124,True,2.286958671103645,True,2,0,0.5508108036155647,False,0.9475989264833378,False,6,0,False,False,False,55.0,14.079060464570642,9.999146747832862,0.4597667506209062,19.0,False,3,1,2,5,-7.605976582979734,1417.1425077561332,393213862.15075684,63.34688346883469,False,0.0,0,,,,0.0,0,,,,False,False,False,False,0,,none,0,0,False,-1,0.625,risk_on,7,False
GXO,48.68000030517578,-25.781364501992087,6.942003109916839,-9.51672677414801,-31.555335444237677,0.058546060939284265,False,1.127509409963686,4.7350047056813755,-24.28060411892362,-7.399656481320904,False,True,False,True,23,38.333333333333336,False,0.44137558990392545,1.7214250312096138,True,-0.8378418331538935,True,3.5524399984452337,True,2,0,0.5643528022175011,False,0.5124990061335757,False,5,1,False,False,False,65.0,17.123032972689607,14.030406302870349,0.34968014282751303,19.0,False,0,1,2,4,-11.135448357159294,54.779998779296875,84416449.90282783,21.138211382113823,False,0.0,0,,,,0.0,0,,,,False,False,False,False,0,,none,0,0,False,-2,0.5,risk_on,7,False
H,179.0,-11.425600849279338,32.536790687243425,23.705979294993828,1.6673706249041622,0.0662835002307585,False,1.1219086650528933,6.2067042515930515,6.0575025892944945,-2.516063195753271,False,True,False,True,26,43.333333333333336,True,0.4065462079824613,1.2059754103101685,False,-1.4846956879298496,True,0.06708134722275272,True,2,1,0.49152005126208403,False,1.6565979922381637,True,6,2,True,False,False,25.0,15.07237883360068,7.441344873865223,0.48291183072032307,20.0,False,2,3,2,5,-7.793748777756326,194.1300048828125,156353950.0192627,53.18428184281843,False,0.0,0,,,,0.0,0,,,,False,False,False,False,0,,none,0,0,False,-1,0.625,risk_on,7,False
HAE,92.1050033569336,0.0,93.2137757390046,70.94469474953094,48.90608607944127,0.04765049028957009,False,1.068266537127271,8.001739838194386,59.79355366453165,18.99871000149531,False,True,False,False,28,46.666666666666664,True,0.3785805779180967,1.3011262633531346,False,4.318334247504759,False,8.333341559176578,False,0,2,0.5579765316179931,False,1.736985385661476,True,2,0,False,False,False,25.0,20.628724964007453,12.398890128356555,0.9923806278314558,0.0,True,7,3,4,4,-0.15717793286331716,92.25,59957631.089674376,83.46883468834689,True,0.0,0,,,,0.0,0,,,,False,False,False,False,0,,none,0,0,False,-2,0.5,risk_on,7,False
HAL,32.77000045776367,-23.43087130834407,58.91137649393454,58.161794184320456,36.12318551423079,0.08263567287248492,False,0.8596839117152726,6.652426837727762,-3.5612619889454966,0.1834343472039368,True,True,False,True,19,31.666666666666664,False,0.4651063762212169,1.3567359933451901,True,-2.19984718164557,True,0.799760534156202,True,2,0,0.5262216695157587,False,0.5331643201064902,False,4,1,False,False,False,25.0,14.419892570961535,8.391821670995695,0.3429119725926489,22.0,False,2,1,3,5,-9.475138764879032,36.20000076293945,400277889.0697609,76.96476964769647,False,0.0,0,,,,0.0,0,,,,False,False,False,False,0,,none,0,0,False,-1,0.625,risk_on,7,False
HALO,100.5,-2.5407318432881576,63.06993064777742,54.306777580473245,32.26816891038358,0.10177419840563062,True,1.2486848117218565,14.706466447061567,30.655229319252086,24.31964937249076,False,False,False,False,27,45.0,True,0.45860724830960276,1.744790090817459,True,6.406936453244566,False,17.187497080929326,False,0,1,0.5183533959501705,False,1.2113651389558049,True,3,1,False,True,False,25.0,29.480816710747938,23.164177889847636,0.8614438697356807,2.0,False,7,1,2,2,-4.084747880472916,104.77999877929688,204074819.73040694,75.33875338753387,False,0.0,0,,,,0.0,0,,,,False,False,False,False,0,,none,0,0,False,-4,0.25,risk_on,7,False
HAS,95.76000213623047,-8.24060982581627,38.28485184082626,23.230352191773296,1.1917435216836303,0.025618334604123764,False,1.095677250181895,6.4954063094677075,-4.292702886243216,9.627937961099086,True,True,False,True,24,40.0,True,0.47268730627973016,1.4606114796138594,True,3.8073362654097016,True,4.438869654764299,True,2,2,0.5314845814755949,False,1.290302342585295,True,1,1,False,False,False,25.0,21.156399237512584,9.179198746280811,0.8971512627919459,2.0,True,3,4,5,6,-2.175908945447602,97.88999938964844,218079691.54798737,52.77777777777778,False,0.0,0,,,,0.0,0,,,,False,True,False,False,1,,power_play,6,6,True,0,0.75,risk_on,7,False
HBAN,17.9950008392334,-4.814587176826269,22.056802187473057,11.661702510924643,-10.376906159165022,0.06049673949293616,False,0.8102830990601416,4.667963953391376,5.840904833008187,3.4195473203888715,False,True,False,True,33,55.00000000000001,True,0.4689481952621982,0.9398260419951007,True,1.7106720107088902,True,3.6578352912222334,True,2,2,0.6239276162741818,True,1.1558380447876162,False,2,1,False,False,False,65.0,19.083741046484075,6.057238687154879,0.8350144291775081,20.0,False,4,4,5,7,-3.148541909982794,18.579999923706055,471379104.5254555,41.66666666666667,False,0.0,0,,,,0.0,0,,,,False,True,False,False,1,,power_play,7,7,True,1,0.875,risk_on,7,False
HBM,26.875,-15.650433333279457,148.52657032736775,137.33956480851538,115.3009561384257,0.12542606263688003,True,0.9033924991310428,6.8837223496547955,5.910104072756672,18.75828986592678,True,True,False,True,26,43.333333333333336,True,0.477050266486177,2.0538828133661196,True,1.8294106173964926,True,2.1474745173940324,True,2,2,0.5936307413021903,False,1.8852952419755482,True,2,2,True,False,False,45.0,34.377080404591716,24.037212992823402,0.6952518846157543,41.0,False,6,4,5,5,-10.476350465712015,30.020000457763672,120071473.52399492,92.47967479674797,True,0.0,0,,,,0.0,0,,,,False,False,False,False,0,,none,0,0,False,-1,0.625,risk_on,7,False
HCA,410.3699951171875,-24.45764798251926,13.802840931739224,5.812226828549538,-16.226381841540128,0.1225344267054681,False,1.0181947150489332,4.327796734499372,-23.058924933180812,8.99601463935924,False,True,False,True,28,46.666666666666664,True,0.49113828511599184,1.5162036551295615,True,1.5036534585675838,True,0.36195074854603604,True,2,2,0.5768922501221796,False,1.633189238678341,True,2,1,False,False,False,25.0,15.978734830486951,6.810922343742888,0.8374925542013344,11.0,True,2,5,6,5,-2.5966633843966136,421.30999755859375,552483497.7031403,35.298102981029814,False,0.0,0,,,,0.0,0,,,,True,False,False,False,1,,sepa_vcp,6,6,True,0,0.75,risk_on,7,False
HCC,95.22560119628906,-13.575888070152942,73.30435534209685,57.38076869172532,35.34216002163566,0.0602254944063121,False,0.9811780597157904,13.57817746552673,1.5779755647927551,20.643677298768438,False,True,False,False,26,43.333333333333336,True,0.44679101735685933,1.7725783427935609,True,1.746031803803752,True,6.347359573227185,False,0,1,0.6994372520709515,True,1.1788543924602057,False,3,1,False,False,False,45.0,27.404723133592007,23.04301332096373,0.6730046465749714,44.0,False,3,2,2,3,-8.961217126583975,104.59893925503657,57316503.80461426,76.55826558265582,False,0.0,0,,,,0.0,0,,,,False,False,False,False,0,,none,0,0,False,-3,0.375,risk_on,7,False
HD,345.2799987792969,-16.75865115897517,16.927098673760344,-12.947560879620779,-34.986169549710446,0.09890511667855187,False,0.9741583216370121,4.662875244108365,-10.256894308487807,6.334885856773664,True,True,False,True,30,50.0,True,0.41449739766247945,1.0689578741404364,False,0.9373473351475596,True,-1.2130894849075813,True,2,0,0.5613123230663721,False,0.6173081843453139,False,4,2,True,False,False,65.0,20.036868348942615,8.561167071101767,0.8112715907180881,28.0,False,2,3,4,5,-3.781526290487025,358.8500061035156,1249422256.8845413,18.766937669376695,False,0.0,0,,,,0.0,0,,,,False,False,False,False,0,,none,0,0,False,-1,0.625,risk_on,7,False
HDB,23.184999465942383,-38.54207977808927,0.7605355728805607,-37.3378392812368,-59.37644795132647,0.0750155473613458,False,0.6390587710375137,2.976056254487123,-29.443094840848417,0.2377877525783667,False,True,True,True,28,46.666666666666664,True,0.42306961209902144,0.9302571008683803,False,-3.8349388721344773,True,-2.461089526947058,True,3,0,0.4685596939463384,False,0.5598587989605704,False,6,3,True,False,False,25.0,15.699402697578583,5.822723766304911,0.12440751278533962,24.0,False,1,2,3,4,-13.746279055757382,26.8799991607666,217553973.86266652,5.555555555555555,False,0.0,0,,,,0.0,0,,,,False,False,False,False,0,,none,0,0,False,-2,0.5,risk_on,7,False
HEI,365.70001220703125,-1.9833808028486777,40.17147504637677,16.776822497301858,-5.261786172787808,0.1469537900993799,False,1.0378397330114546,3.9335546309693075,13.440277105257303,7.419812473410059,True,True,False,True,29,48.333333333333336,True,0.4416028590061615,1.195763386965263,True,1.7717297801472396,True,0.6633828636692041,True,2,1,0.4540299515792271,False,1.422155309872935,True,3,2,True,False,False,45.0,16.445088407994465,7.7276396786249615,0.8199277006888378,5.0,True,4,5,5,6,-2.961304882002902,376.8599853515625,142320706.91685486,46.95121951219512,False,0.0,0,,,,0.0,0,,,,False,True,False,False,1,,power_play,6,6,True,0,0.75,risk_on,7,False
HEI-A,268.80999755859375,-2.601831756963191,33.617628117150545,10.000033717955304,-12.038574952134361,0.07147840085859941,False,0.9115369926723151,3.705216154732898,7.432120430208244,8.012216350957434,False,False,False,True,28,46.666666666666664,True,0.5448606511888386,1.3841219056128546,True,2.1100887146224774,True,1.8489770083869317,True,2,1,0.519852382115273,False,2.3451930757326145,True,4,2,True,False,False,55.0,16.431380033745757,7.295110125987045,0.9123062019328922,5.0,True,4,5,5,5,-1.4409301226432025,272.739990234375,55474210.62779236,39.363143631436316,False,0.0,0,,,,0.0,0,,,,False,False,False,False,0,,none,0,0,False,-1,0.625,risk_on,7,False
HGV,45.029998779296875,-17.663192704295383,21.73559539336396,-2.087416534319042,-24.12602520440871,0.037014461280292184,False,1.1427091800457354,8.44991470936462,-0.6398961109447265,-7.192913531616352,False,True,False,False,21,35.0,False,0.46101798807160793,1.8168296655966107,True,-2.1115172290840616,True,-3.0361754718080003,True,1,0,0.407538736756685,False,0.6886413254959445,False,6,3,True,False,False,25.0,20.385979897252625,12.402840852486168,0.2334556748194154,11.0,False,0,2,2,3,-15.626757203484477,53.369998931884766,54381492.73456192,27.710027100271002,False,0.0,0,,,,0.0,0,,,,False,False,False,False,0,,none,0,0,False,-3,0.375,risk_on,7,False
HIG,138.02499389648438,-5.254667191213757,14.32279561363532,9.425991159770653,-12.612617510319012,0.06726560880264656,False,0.9211113059375686,5.187468921374643,-1.6642897000978096,-2.922351240214005,False,True,False,True,24,40.0,True,0.3912419561355244,0.8597864758831529,False,0.850392751081885,True,-4.4875793072186365,True,2,1,0.43056253520545446,False,1.6970341425005444,True,5,1,False,False,False,55.0,14.020681837079973,5.636659390205588,0.6071772894504306,10.0,False,2,3,3,5,-5.50764224299487,146.07000732421875,232067475.78302306,38.88888888888889,False,0.0,0,,,,0.0,0,,,,False,False,False,False,0,,none,0,0,False,-1,0.625,risk_on,7,False
HII,326.6600036621094,-27.69469937186092,25.16064570482115,23.28856979433236,1.2499611242426951,0.0766736179086692,False,1.4134611884284107,4.2858017030090165,-19.09332019959712,13.783136935794449,False,True,False,True,20,33.33333333333333,False,0.40405841626440714,1.617308896855107,False,2.4488315189746337,True,1.5228722488085378,True,2,1,0.4792526570846797,False,1.205916682333772,True,3,2,True,True,True,25.0,21.196904289857603,7.05014342775758,0.8890143179982261,8.0,True,1,5,5,4,-2.352552878936176,334.5299987792969,171564696.6119339,52.913279132791324,False,0.0,0,,,,0.0,0,,,,False,False,False,False,0,,none,0,0,False,-1,0.625,risk_on,7,False
HIMS,29.809999465942383,-52.50159295221897,105.30302015247753,-38.31988757180675,-60.35849624189642,0.25301491077629124,False,0.8977621934770478,12.579671476627622,88.67088041823567,-8.949303794481745,True,False,False,False,28,46.666666666666664,True,0.4722945446524456,4.802735174058264,True,-0.8330644474704582,True,0.5057303415440195,True,1,2,0.596688745187125,False,1.868269586028585,True,2,2,True,False,False,25.0,35.70291968018469,18.634687704447334,0.413818668974001,20.0,False,3,4,5,5,-20.928384979645,37.70000076293945,447390770.56634057,5.149051490514905,False,0.0,0,,,,0.0,0,,,,False,False,False,False,0,,none,0,0,False,-1,0.625,risk_on,7,False
HL,17.475000381469727,-45.040956843818606,135.17204332746746,125.18405404063566,103.14544537054599,0.06933512388136566,False,1.012392336820088,12.875536199620758,-16.31177007472623,14.066584396692662,True,True,False,False,24,40.0,True,0.38916975662428027,1.7856755422835269,False,2.07486345299574,True,10.182854727317391,False,0,1,0.5805371364372062,False,1.7584366918047123,True,4,1,False,False,False,25.0,25.87412791896672,27.525037565762595,0.7681913359984662,1.0,False,5,2,3,3,-5.997847025100467,18.59000015258789,647981561.1935428,91.66666666666666,True,0.0,0,,,,0.0,0,,,,False,False,False,False,0,,none,0,0,False,-3,0.375,risk_on,7,False
HLI,124.33000183105469,-39.84543964792404,0.7618141227457631,-35.79336505752884,-57.831973727618504,0.03991059095361278,False,1.2714861289638173,6.370142405135142,-24.367129437881772,-9.781580412413593,False,True,False,True,19,31.666666666666664,False,0.39541129859935087,1.4605888545795138,False,-1.928420101482981,True,-2.547421189336363,True,2,0,0.42955266844520945,False,1.0408064378049824,False,5,1,False,False,False,25.0,23.24750989192578,10.078017047183199,0.3365032618309742,12.0,False,0,1,2,4,-15.424646983844914,147.0050048828125,125351858.77388191,6.233062330623306,False,0.0,0,,,,0.0,0,,,,False,False,False,False,0,,none,0,0,False,-2,0.5,risk_on,7,False
HLN,9.84000015258789,-11.530766459300757,14.34039434294756,3.5242430420550974,-18.514365628034568,0.0638835498968818,False,1.129039539748261,2.947154038171008,-10.65875692399768,1.3388271259546336,False,True,False,True,26,43.333333333333336,True,0.38896599578063223,0.7630648714743867,False,1.22802322752176,True,-1.894312915669616,True,2,2,0.6039606317161887,True,1.5103335962575697,True,3,2,True,False,False,55.0,16.141541731319748,4.82722988241506,0.7147150518449445,12.0,False,2,5,4,6,-4.604938895962219,10.3149995803833,107939149.45514469,33.06233062330624,False,0.0,0,,,,0.0,0,,,,False,True,False,False,1,,power_play,6,6,True,0,0.75,risk_on,7,False
HLNE,105.6449966430664,-32.98043006048028,43.1697998811597,-30.230943114372856,-52.26955178446252,0.053493836259299155,False,1.0560185160220883,7.0329883489692175,-20.1897667969719,24.875884809126703,False,True,False,True,25,41.66666666666667,True,0.49230803629190206,1.982919925485742,True,4.740613010859234,False,7.319173123699119,False,1,2,0.5898201745031296,False,2.962054903368022,True,1,1,False,False,False,25.0,26.195171475423273,19.584460314111958,0.9704193404198164,6.0,True,2,3,4,3,-0.7748704500590287,106.47000122070312,71756780.26352692,8.130081300813007,False,0.0,0,,,,0.0,0,,,,False,False,False,False,0,,none,0,0,False,-2,0.5,risk_on,7,False
HLT,323.4800109863281,-7.635197915930525,26.179975442040295,18.798997137560725,-3.23961153252894,0.06223497206112248,False,1.0360823256640854,4.725941346213082,0.5007309674683214,1.030675990391594,True,True,False,True,26,43.333333333333336,True,0.4490387721542124,1.031033802524419,True,-0.9337488985840215,True,0.46586742928700353,True,2,0,0.357731589467371,False,1.0987926727549455,False,6,2,True,False,False,25.0,8.744855653295925,4.961662930587418,0.4379831522452731,24.0,False,3,2,3,6,-4.91475620833548,340.20001220703125,631009941.5697021,48.71273712737128,False,0.0,0,,,,0.0,0,,,,False,True,False,False,1,,power_play,6,6,True,0,0.75,risk_on,7,False
HNGE,88.05000305175781,-3.8440500762231267,182.48316598087987,51.679593813921244,29.64098514383158,0.035325092204273004,True,1.1297339721282662,14.503118910240026,123.08082170915443,14.812883359902074,False,True,False,False,26,43.333333333333336,True,0.44786070895145197,2.5688219782140247,True,2.1524797239154676,True,9.9525487493338,False,0,1,0.466629940390067,False,1.459283382144809,True,3,2,True,False,False,25.0,23.328678799040038,20.953999214965226,0.7661790165293029,2.0,False,9,3,3,5,-5.454734619863544,93.12999725341797,143596025.7707855,73.84823848238482,False,0.0,0,,,,0.0,0,,,,False,False,False,False,0,,none,0,0,False,-1,0.625,risk_on,7,False
HOG,27.0049991607666,-10.135855568923159,58.312433204380554,1.6211557858591297,-20.417452884230535,0.04161262879289158,False,0.9816764109683745,5.776706218931422,39.59969986610321,1.828803524250877,False,True,False,True,24,40.0,True,0.547744733280941,2.182621278662595,True,1.4622435555126374,True,5.077814626795707,False,1,1,0.5501811202699625,False,0.9521161942399766,False,2,1,False,False,False,55.0,19.151685478860255,10.960930110944057,0.6796695976694712,16.0,False,4,3,3,6,-6.134867114751053,28.770000457763672,61246224.1738224,30.962059620596204,False,0.0,0,,,,0.0,0,,,,False,True,False,False,1,,power_play,6,6,True,0,0.75,risk_on,7,False
HON,232.91839599609375,-9.970879582408,19.28186791422668,10.953138349394953,-11.085470320694712,0.0668555392599278,False,0.8403932601371731,7.801014639157159,-7.53320288044722,-5.421532482533131,False,True,False,True,26,43.333333333333336,True,0.4407283309535882,1.3884132453138769,True,-0.16656880337934196,True,-3.248986175375168,True,2,0,0.46164268245564255,False,1.130037378565284,False,3,4,True,False,False,45.0,14.467166718982515,9.702971724008716,0.4766034547054887,31.0,False,2,2,2,5,-7.572065080915181,252.0,814136240.1238105,40.71815718157182,False,0.0,0,,,,0.0,0,,,,False,False,False,False,0,,none,0,0,False,-1,0.625,risk_on,7,False
HOOD,99.5999984741211,-34.67139309455255,52.854501038094035,-8.30418343249837,-30.342792102588035,0.2930034501287467,False,0.7773489801199575,7.9818251886609115,40.044986821809125,-1.9492058685199543,False,True,False,True,23,38.333333333333336,False,0.3755902089720823,2.1010358471092845,False,0.153070151537983,True,9.800462440055501,False,1,0,0.49193561412021375,False,0.726581636493252,False,5,1,False,False,False,25.0,29.933852389390548,16.73684662871528,0.4453146340963724,24.0,False,2,1,3,4,-16.603869865514277,119.43000030517578,1700873689.9650955,21.951219512195124,False,0.0,0,,,,0.0,0,,,,False,False,False,False,0,,none,0,0,False,-2,0.5,risk_on,7,False
HPE,61.70000076293945,0.0,212.95749684851896,192.1391145779618,170.10050590787213,0.6105716873187785,True,1.1508578753022833,20.680710151947984,180.53841126546368,29.513017534475615,False,True,False,False,27,45.0,True,0.3702398004514306,2.0406574796358017,False,3.8516583429120677,True,17.680717916853705,False,0,3,0.6450736490545402,True,1.2362574353945834,True,2,0,False,False,False,25.0,31.714241694911934,27.730956886193113,0.9149677258790117,0.0,True,12,5,5,6,-2.6967340933410244,63.40999984741211,787967769.3462477,94.98644986449864,True,0.0,0,,,,0.0,0,,,,False,True,False,False,1,,power_play,6,6,True,0,0.75,risk_on,7,True
HPQ,30.281400680541992,0.0,71.13946300357226,17.2997403859382,-4.738868284151465,0.5614426416315608,False,1.3459199907423218,13.506634941980671,65.06296257096142,23.547125245879496,False,True,False,False,25,41.66666666666667,True,0.5382733154819652,2.5414998688138817,True,3.257331898229702,True,7.4570629971932645,False,0,1,0.5165589826984707,False,1.4971054196514528,True,3,0,False,False,False,25.0,27.741530844358802,20.276470875384025,0.786271188286955,0.0,False,7,2,2,4,-5.929164422465593,32.189998626708984,395235302.74052745,47.5609756097561,False,0.0,0,,,,0.0,0,,,,False,False,False,False,0,,none,0,0,False,-2,0.5,risk_on,7,False
HQY,106.66999816894531,-0.1123726430875771,45.70413809985867,19.491432934012963,-2.547175736076703,0.029242700729927008,False,1.109400324684331,4.69673031051858,45.70413809985867,13.081730200738884,True,True,False,True,27,45.0,True,0.5003074715224227,1.4801819150764493,True,3.642541106617987,True,3.1225789359089484,True,2,1,0.5385892524161313,False,1.2329086376975569,True,3,2,True,False,False,25.0,13.5105004129812,6.9466614693039705,0.9346626879079352,3.0,True,6,5,5,5,-0.8827397820029281,107.62000274658203,63870360.6972065,49.11924119241192,False,0.0,0,,,,0.0,0,,,,False,False,False,False,0,,none,0,0,False,-1,0.625,risk_on,7,False
HR,19.354999542236328,-10.404930645361944,24.838282253450682,23.92647964067698,1.887870970587315,0.03431768241860935,False,1.040394711966666,4.661231967793524,14.872145854068041,-7.311055370889807,False,True,False,True,22,36.666666666666664,False,0.5147941607483266,1.0141977690566526,True,-2.22492081347544,True,-2.9978106720251363,True,2,0,0.22450252282089656,False,0.47208662821634834,False,3,2,True,False,False,55.0,12.20508613539967,11.704041463850748,0.09087081807950241,12.0,False,1,2,2,5,-11.095999973545112,21.770673464047647,77774822.68505517,53.31978319783198,False,0.0,0,,,,0.0,0,,,,False,False,False,False,0,,none,0,0,False,-1,0.625,risk_on,7,False
HRB,53.5,-1.2550762298737417,93.43601542914082,11.826279291728037,-10.212329378361629,0.20361328480069163,False,1.5873017493753274,25.046724693797458,93.43601542914082,33.917394188464,False,False,False,False,27,45.0,True,0.4461254414171525,1.894293057641995,True,4.803693198311853,False,16.43090122242159,False,0,2,0.647166195042024,True,1.394586199986311,True,4,1,False,True,True,25.0,33.71399249466254,30.97196204640041,0.7386249500502198,1.0,False,6,2,2,5,-8.811996472298933,58.66999816894531,111878928.0652481,41.93766937669376,False,0.0,0,,,,0.0,0,,,,False,False,False,False,0,,none,0,0,False,-1,0.625,risk_on,7,False
HRI,167.71499633789062,-6.490208431081712,85.16608624867588,32.19006586189508,10.151457191805413,0.10754818622572428,False,1.0459352625126914,7.017860375913103,-3.0482967470803923,2.7350666694582637,False,True,False,True,24,40.0,True,0.44976133423088316,2.6184084141512156,True,1.9561746452080582,True,-0.2527673684433074,True,2,0,0.5747297310395786,False,0.939150965342899,False,4,1,False,False,False,25.0,20.904601054945076,19.861081921543903,0.7750745519624067,2.0,False,4,1,2,6,-4.7019767583306615,175.99000549316406,83602688.8484375,61.44986449864499,False,0.0,0,,,,0.0,0,,,,False,True,False,False,1,,power_play,6,6,True,0,0.75,risk_on,7,False
HRL,24.600000381469727,-11.484436718830803,26.11426322441226,-10.62891126727693,-32.66751993736659,0.06425327039008569,False,0.9606551730019968,5.975606872192524,7.719444537012143,-1.6786573485597978,True,True,False,True,29,48.333333333333336,True,0.48143665145731646,1.0537716181930974,True,-0.1736725403726181,True,-1.9529683863617753,True,2,0,0.4138781392238184,False,0.676995170459129,False,7,2,True,False,False,55.0,21.8600935553604,6.300809809044167,0.6832607476904509,12.0,False,2,3,4,5,-6.923949688141651,26.43000030517578,78560564.36964016,20.528455284552845,False,0.0,0,,,,0.0,0,,,,False,False,False,False,0,,none,0,0,False,-1,0.625,risk_on,7,False
HSBC,103.875,-3.6946046614143246,69.39621627855965,67.72504488443136,45.68643621434169,0.12092347387223908,True,0.9207757960896766,1.357396902733905,23.737361436116757,2.0884520884520974,False,True,False,True,33,55.00000000000001,True,0.41911989516173537,0.5617205336164273,False,2.9562219389972757,True,1.2821786980396155,True,2,1,0.4499129203519214,False,1.3693029996846773,True,4,0,False,False,False,45.0,20.200144359005716,5.959080444776625,0.8144495863152431,8.0,False,6,3,4,6,-3.7481451423053147,107.91999816894531,139220596.8421585,82.04607046070461,True,0.0,0,,,,0.0,0,,,,False,True,False,False,1,,power_play,6,6,True,0,0.75,risk_on,7,False
HSIC,90.38999938964844,-0.38571576191411827,45.71981487740573,37.07915687441512,15.040548204325454,0.04920522411627238,True,1.1424626632120034,4.502710169605687,12.846443335266567,4.860791867454584,False,True,False,True,33,55.00000000000001,True,0.4009999442758595,0.9470237942625739,False,2.8746604590430413,True,2.448142299141254,True,2,2,0.5176910084745745,False,1.3613790471379086,True,2,1,False,False,False,45.0,17.411589280344824,9.525390716329166,0.8884734844127459,7.0,True,7,5,6,7,-1.941853883273248,92.18000030517578,119757194.68261528,65.4471544715447,False,0.0,0,,,,0.0,0,,,,True,True,False,False,2,sepa_vcp,power_play,7,7,True,1,0.875,risk_on,7,True
HST,22.78499984741211,-10.787004578532722,56.870810063293796,53.168279673776844,31.12967100368718,0.045736107014967185,False,1.1620114332857263,6.012723024180175,22.36768769985682,-4.904003680960112,False,True,False,True,24,40.0,True,0.45200490943540056,1.11478848305114,True,-1.5764870105966835,True,-2.5449073340983897,True,2,0,0.3019159199153595,False,0.8170151851571689,False,4,2,True,False,False,65.0,20.81077397196932,14.175991063713733,0.45331713263863177,10.0,False,3,2,2,5,-11.37689358700552,25.709999084472656,236630964.95743322,74.79674796747967,False,0.0,0,,,,0.0,0,,,,False,False,False,False,0,,none,0,0,False,-1,0.625,risk_on,7,False
HSY,186.3350067138672,-20.531769068560422,17.341215367641528,6.583983457190268,-15.454625212899398,0.06515753218691195,False,0.9028220434467332,4.016958886230863,-16.467570336630533,8.246199241634455,False,True,False,True,28,46.666666666666664,True,0.4609660438021449,1.0981733930080684,True,1.9470643077240355,True,1.811278747688827,True,2,3,0.6967151726189713,True,3.7624746783886387,True,2,1,False,False,False,45.0,10.935919402615598,7.027665628505106,0.9012141112751391,11.0,True,2,6,5,5,-1.0803145172108342,188.3699951171875,271892210.8231468,35.97560975609756,False,0.0,0,,,,0.0,0,,,,False,False,False,False,0,,none,0,0,False,-1,0.625,risk_on,7,False
HTHT,41.022499084472656,-24.906795145400974,30.88255277524743,30.88255277524743,8.843944105157764,0.07087710641913886,False,0.9099460678534116,5.046010703935222,-21.047916222029915,0.9908915883105829,False,True,False,True,20,33.33333333333333,False,0.41505452564476314,1.0503683257986967,False,-1.4011100741118527,True,-4.153037813722094,True,2,0,0.5478942036376135,False,0.6874515266195828,False,5,3,True,False,False,25.0,8.787185550450767,5.046010703935222,0.3027339656061345,11.0,False,0,2,2,4,-6.127006022245885,43.70000076293945,58989236.53080368,60.298102981029814,False,0.0,0,,,,0.0,0,,,,False,False,False,False,0,,none,0,0,False,-2,0.5,risk_on,7,False
HUBB,508.6474914550781,-8.546003486007958,25.997373820146752,15.95611141981208,-6.082497250277585,0.07011077846023087,False,1.0759543727870156,5.323926205234289,-0.8639525061361675,4.149941924245826,False,True,False,True,24,40.0,True,0.5924851197493479,1.979528416886684,True,0.7863929190555464,True,0.1807024302084681,True,2,2,0.4837224860151471,False,1.3879698464775367,True,1,1,False,False,False,25.0,14.038800367924187,12.452637223133284,0.7209025679603238,1.0,False,3,3,3,7,-3.9181931316052965,529.3900146484375,299130102.0218369,46.138211382113816,False,0.0,0,,,,0.0,0,,,,False,True,False,False,1,,power_play,7,7,True,1,0.875,risk_on,7,False
HUBS,215.9199981689453,-58.71273490547762,26.80291268312922,-48.686994989355945,-70.72560365944561,0.09442144128398812,False,1.2576383954543509,10.44831314834572,-6.91097175693166,-1.2079060299864275,False,True,False,False,25,41.66666666666667,True,0.5100196531698007,3.474928400585845,True,0.40836244610660105,True,6.66403496579191,False,0,2,0.639845409575792,True,2.312560617422822,True,3,0,False,False,False,25.0,28.266851891262924,33.77176675959838,0.4233405909537476,6.0,False,1,3,3,4,-16.300346107213628,257.9700012207031,475302702.02126694,2.7777777777777777,False,0.0,0,,,,0.0,0,,,,False,False,False,False,0,,none,0,0,False,-2,0.5,risk_on,7,False
HUM,386.7900085449219,-5.527332358120507,138.08370786131664,39.143651318783256,17.10504264869359,0.0583674202236187,True,1.1382636322802846,7.678588265183143,117.90057298393144,-1.9543704575609944,False,True,False,True,28,46.666666666666664,True,0.5146954574582222,2.4916232505743383,True,0.4473666372349205,True,5.323499300299495,False,1,1,0.5076947107455745,False,1.4127728527937544,True,4,1,False,False,False,55.0,29.740469304900742,10.287237949762256,0.6700141850042407,20.0,False,8,3,4,7,-9.813933001934029,428.8800048828125,579296267.2928925,66.80216802168022,False,0.0,0,,,,0.0,0,,,,False,True,False,False,1,,power_play,7,7,True,1,0.875,risk_on,7,False
HURN,152.72000122070312,-17.70664957761242,69.38774957579687,11.474453445768695,-10.56415522432097,0.045746297488731484,False,1.5471908522830424,8.132538847865519,21.757156062448992,39.866286112280314,False,True,False,False,25,41.66666666666667,True,0.43794429308180194,2.8260127262412205,False,3.4121107384663922,True,1.745499673984452,True,1,0,0.5285505233288189,False,1.1162373872228,False,4,1,False,True,False,,,,,,False,2,1,2,3,,,54936121.06503906,41.46341463414634,False,0.0,0,,,,0.0,0,,,,False,False,False,False,0,,none,0,0,False,-3,0.375,risk_on,7,False
HUT,89.71499633789062,-32.55525976819994,319.81746754629023,301.22984744623426,279.1912387761446,0.17570021798176746,False,0.98214256048647,13.046873219467708,76.0152917191808,-23.757119287890315,False,True,False,False,26,43.333333333333336,True,0.4883215478562224,4.959610209551946,True,-1.6233322909440842,True,-1.031445308604162,True,1,0,0.21631546470940907,False,0.6035381723935453,False,6,1,False,False,False,25.0,30.80245476630241,35.306252404515845,0.17300416098354185,15.0,False,6,1,2,2,-25.473501923224763,120.37999725341797,457663633.97999537,97.62872628726286,True,0.0,0,,,,0.0,0,,,,False,False,False,False,0,,none,0,0,False,-4,0.25,risk_on,7,False
HWC,79.62000274658203,0.0,49.27803803488797,33.80179987053118,11.763191200441511,0.06294494351548965,True,1.0238066184920136,4.508912602423564,14.445672933937036,5.206134283190256,False,True,False,True,31,51.66666666666667,True,0.4746993961190538,1.1018033091490111,True,3.048495561723863,True,2.9347179279136215,True,2,1,0.6498596789606248,True,0.8473333549615019,False,5,0,False,False,False,55.0,16.93458279598035,7.799546433373167,0.9962943795644249,0.0,True,7,3,4,6,-0.06275313607672084,79.66999816894531,65878414.50618172,62.94037940379403,False,0.0,0,,,,0.0,0,,,,False,True,False,False,1,,power_play,6,6,True,0,0.75,risk_on,7,False
HWM,277.4849853515625,-4.73573798563528,62.6097745831937,53.71073711649985,31.672128446410184,0.1719685054048323,True,0.992452897441279,6.645053553274146,20.31249979325198,-3.2989149317880107,False,True,False,True,23,38.333333333333336,False,0.42234492401106205,1.3693234718986622,False,0.4440533947103112,True,-4.176749438663341,True,2,0,0.34896998775918475,False,0.6522416889925238,False,3,2,True,False,False,35.0,16.583873174976464,12.104882288747449,0.37014446616927665,5.0,False,4,2,3,5,-10.44544429160581,309.85021717387974,583244950.0666794,75.0,False,0.0,0,,,,0.0,0,,,,False,False,False,False,0,,none,0,0,False,-1,0.625,risk_on,7,False
HXL,101.31999969482422,-7.964599378050352,68.20619922270488,59.81169240670285,37.77308373661319,0.04152224958985403,True,1.1385593276249382,3.681401242374464,14.32839611393053,-7.6379661625204704,False,True,False,True,23,38.333333333333336,False,0.32117205066159216,1.2665438744043698,False,0.3259054044738372,True,-1.4404380367253111,True,2,0,0.42284053258788346,False,0.9988213104191666,False,5,1,False,False,False,55.0,23.026664890535113,7.197740429208036,0.6018902814354715,13.0,False,3,2,4,5,-9.167139079050646,111.54553392631955,113859088.84989624,78.2520325203252,False,0.0,0,,,,0.0,0,,,,False,False,False,False,0,,none,0,0,False,-1,0.625,risk_on,7,False
IAG,17.639999389648438,-28.205129797521387,121.6080314712523,119.13042200857547,97.09181333848579,0.1734750921747164,False,0.9637321906392423,9.6938835090026,-21.565141977894264,16.435642467426838,True,True,False,False,26,43.333333333333336,True,0.48350497450119095,1.9981469107388332,True,2.1293636826929303,True,10.04365960098934,False,0,0,0.5729418540487009,False,1.1151635045554928,False,4,2,True,True,True,45.0,28.012685884581817,27.777781982691135,0.7584904451733555,38.0,False,4,2,3,3,-6.7653312974839785,18.920000076293945,90765009.17939214,90.78590785907859,True,0.0,0,,,,0.0,0,,,,False,False,False,False,0,,none,0,0,False,-3,0.375,risk_on,7,False
IAU,82.24500274658203,-19.026284342134293,31.61305894943276,29.949441549785693,7.910832879696027,0.09879815377687719,False,0.9289077662810045,2.8086783165555307,-11.06725804371871,8.003941035551776,True,True,False,True,27,45.0,True,0.363020049490741,0.43854611430116464,False,2.787181046818785,True,2.9735819686091514,True,2,1,0.5645765848977994,False,1.5399515076876171,True,3,2,True,False,False,55.0,13.882461431134566,9.59328728331319,0.6504166920979818,52.0,False,2,4,4,4,-4.853076788918209,86.44000244140625,413858519.8995365,59.2140921409214,False,0.0,0,,,,0.0,0,,,,False,False,False,False,0,,none,0,0,False,-2,0.5,risk_on,7,False
IAUM,43.59510040283203,-18.953151773887388,31.866601911433246,30.173479301025385,8.134870630935719,0.3029978739297822,False,0.928749957772482,2.7870107910313737,-10.975905011002407,8.042384266240354,True,True,False,True,27,45.0,True,0.34936783770734126,0.43000879344406456,False,2.8145504461221726,True,2.9886570211514307,True,2,1,0.5672658165331137,False,1.9076942804904993,True,3,1,False,False,False,55.0,13.84581792056266,9.58823415143285,0.6538011892950211,52.0,False,2,3,4,4,-4.793405697336473,45.790000915527344,88885350.21265678,59.552845528455286,False,0.0,0,,,,0.0,0,,,,False,False,False,False,0,,none,0,0,False,-2,0.5,risk_on,7,False
IBIT,36.117801666259766,-49.33679169248949,8.494444797126643,-48.28493190131425,-70.32354057140392,0.186827320876523,False,0.678051621183697,3.4608972371862676,-2.5160528744851307,-1.4521141540563054,True,True,False,True,27,45.0,True,0.4272558580557823,0.7513403423765247,False,0.2857265162259141,True,-1.0200054674885717,True,2,1,0.5607785247419216,False,1.3464075402230538,True,5,1,False,False,False,35.0,13.419457188597303,4.762187416330581,0.6439688438919504,17.0,False,1,3,5,4,-4.7777448571987735,37.93000030517578,1254632158.974678,2.8455284552845526,False,0.0,0,,,,0.0,0,,,,False,False,False,False,0,,none,0,0,False,-1,0.625,risk_on,7,False
IBKR,91.9800033569336,-5.574376451120022,53.40029495449174,45.5400338510872,23.501425180997536,0.05897556838039502,True,0.905236785974338,8.034354337834852,26.15941372303494,0.2397572096570988,False,True,False,False,25,41.66666666666667,True,0.3881948696592634,1.4847733033889956,False,0.2576108369554218,True,6.928629326269098,False,0,0,0.4263037970589707,False,1.062318741734666,False,6,0,False,False,False,55.0,19.215094417669196,8.034354337834852,0.6882990361304424,37.0,False,5,2,4,6,-5.989363450832041,97.83999633789062,431954064.84321135,71.13821138211382,False,0.0,0,,,,0.0,0,,,,False,True,False,False,1,,power_play,6,6,True,0,0.75,risk_on,7,False
IBM,239.16000366210938,-26.836676649515734,17.060606999845774,2.210775034746648,-19.82783363534302,0.0831171980150209,False,0.6008007958950143,4.4896830546011195,-6.501049370336043,16.5621231609137,False,True,True,True,28,46.666666666666664,True,0.3560962398932801,1.351501096973192,False,-1.8513457742540382,True,3.1896604336699497,True,3,1,0.6890629391899047,True,1.0124688624057552,False,4,0,False,False,False,25.0,33.32998210698236,11.18608804218207,0.4186144333015731,24.0,False,2,2,3,4,-19.37757053531637,296.6420204031095,1896086201.0846786,31.70731707317073,False,0.0,0,,,,0.0,0,,,,False,False,False,False,0,,none,0,0,False,-2,0.5,risk_on,7,False
IBN,29.579999923706055,-10.508104303925913,18.36368892875957,-8.672224304278476,-30.71083297436814,0.06015835147944153,False,0.8463768619233252,2.7552353915181276,-4.58204853244909,2.0097549822408967,False,True,False,True,31,51.66666666666667,True,0.5210490496694408,0.5378224172089903,True,1.8445373388729582,True,-2.9527546983166397,True,2,0,0.4733218856463789,False,0.48914322923978787,False,3,1,False,False,False,55.0,18.323208198278053,3.9722759976036275,0.8060404064540693,5.0,False,2,2,4,5,-3.55396201459548,30.670000076293945,175762243.3941207,21.81571815718157,False,0.0,0,,,,0.0,0,,,,False,False,False,False,0,,none,0,0,False,-1,0.625,risk_on,7,False
IBP,246.29249572753906,-27.726179855637067,26.121750080540117,-3.2683280644688284,-25.306936734558494,0.06895441685004715,False,1.1957421887203248,8.067641305307438,-23.338384256242893,9.84902027225447,False,True,False,False,27,45.0,True,0.41959131332706207,1.8678396124314822,False,1.9827579876618295,True,1.786376197474726,True,1,0,0.48405508475414516,False,0.636675182015583,False,3,1,False,False,False,35.0,17.636382163967312,12.249661963846782,0.838570785983071,5.0,True,2,3,4,3,-2.8470273108314292,253.50999450683594,86632979.67169341,26.693766937669377,False,0.0,0,,,,0.0,0,,,,False,False,False,False,0,,none,0,0,False,-2,0.5,risk_on,7,False
IBRX,7.710000038146973,-33.246754018828916,289.39393756949363,173.40426314411383,151.36565447402415,0.21662073666299558,False,0.7983349757808614,9.143967836808143,16.465259387173493,4.189188361951612,True,True,False,False,26,43.333333333333336,True,0.43064770864804686,2.5526430809054723,False,0.1719852305472291,True,5.327866903547895,False,0,1,0.43700007891445747,False,1.4991310962351745,True,5,2,True,False,False,25.0,25.44843006178142,16.277563012081977,0.4669603311392522,24.0,False,5,3,4,4,-13.56502273315786,8.920000076293945,63891026.25092447,94.37669376693766,True,0.0,0,,,,0.0,0,,,,False,False,False,False,0,,none,0,0,False,-2,0.5,risk_on,7,False
ICE,152.77870178222656,-15.299094925282631,24.301275103879185,-14.706129646788568,-36.744738316878234,0.044274434136234504,False,0.9485759172135231,2.552717826358139,2.6773628138823558,6.681582724507207,False,True,False,True,22,36.666666666666664,False,0.42453355583892344,1.049554794174634,False,3.2664778034706865,True,2.0225053637572987,True,2,2,0.5192565602925113,False,1.6882710131137502,True,2,1,False,False,False,25.0,15.376855511540906,5.380331894965345,0.7632772717941528,10.0,False,1,4,5,6,-3.64005118791908,158.5500030517578,610951801.2186584,16.93766937669377,False,0.0,0,,,,0.0,0,,,,False,True,False,False,1,,power_play,6,6,True,0,0.75,risk_on,7,False
ICHR,70.5999984741211,-37.12148268464453,395.4385857833059,271.1882059671732,249.14959729708352,0.06369589522440505,False,0.8883986287553503,10.45042282083793,60.71021621596275,-24.909592645334822,True,True,False,False,25,41.66666666666667,True,0.550573631309493,5.0909336471461675,True,-1.726435972506886,True,8.06673273436418,False,0,0,0.38239727972735044,False,0.6072168394535413,False,5,1,False,False,False,25.0,38.86138613861386,28.541079265412485,0.22547766813047374,24.0,False,6,1,3,2,-30.09901141176129,101.0,74451278.62518997,97.08672086720867,True,0.0,0,,,,0.0,0,,,,False,False,False,False,0,,none,0,0,False,-3,0.375,risk_on,7,False
ICLR,166.13499450683594,-18.127835597299413,107.46127710802509,4.856723016193731,-17.181885653895932,0.07710965431531579,False,1.0867943418998915,4.708755827496461,7.482038322194695,-0.027077970230204862,False,True,False,True,22,36.666666666666664,False,0.3870852591615943,1.655117817869807,False,0.7236044493013849,True,3.080595888997961,True,2,1,0.6492368539292379,True,0.9959990683123284,False,4,2,True,True,False,55.0,39.76103693053727,13.308454775578186,0.7236894605069081,11.0,False,0,4,3,4,-10.98639356508151,186.63999938964844,142887550.45011598,34.146341463414636,False,0.0,0,,,,0.0,0,,,,False,False,False,False,0,,none,0,0,False,-2,0.5,risk_on,7,False
ICUI,181.05999755859375,-1.8964022790956214,67.49306208541633,60.44306602282734,38.40445735273767,0.0350365578118641,True,1.2220757481766942,8.742959264611644,19.228234446781478,15.07563351518324,False,True,False,False,31,51.66666666666667,True,0.37584411844250576,1.2019438608028323,False,4.155991198356896,False,8.829718622675276,False,0,1,0.4180686038082834,False,1.3586741208661284,True,4,2,True,True,True,25.0,21.752663147189036,15.88424287718099,0.7189510103897956,4.0,False,6,2,3,3,-6.113563998848603,192.85000610351562,58946868.22023316,78.45528455284553,False,0.0,0,,,,0.0,0,,,,False,False,False,False,0,,none,0,0,False,-3,0.375,risk_on,7,False
IDA,142.08749389648438,-7.5006933589326525,17.920420255471868,14.863222370031837,-7.175386300057829,0.46373644756239085,False,1.1135971846396735,3.5224809344999906,1.7193164593577004,-4.286507946705043,False,True,False,True,29,48.333333333333336,True,0.46578497607637265,1.1446470635581403,True,-0.8412254317939045,True,0.8356328179499162,True,2,0,0.5102195067741395,False,0.7102083762208651,False,5,4,True,False,False,55.0,13.097925143360179,4.6661424598301995,0.4109255416478828,28.0,False,2,2,2,5,-7.715653159361469,153.96705807740997,67519693.1945633,44.918699186991866,False,0.0,0,,,,0.0,0,,,,False,False,False,False,0,,none,0,0,False,-1,0.625,risk_on,7,False
IDCC,350.239990234375,-11.056241350068918,40.032091067815315,28.000924372850157,5.962315702760492,0.04149727698090051,False,1.1841356058024766,6.261418823449044,-1.378396914205804,36.78043957421744,True,True,False,True,27,45.0,True,0.3945235897798117,1.4570467840297903,False,4.653041483114459,False,6.647174668505462,False,1,3,0.6507514739721648,True,1.292352957607471,True,2,2,True,True,False,25.0,28.145271422218254,17.01118896571338,0.9723200779726496,0.0,True,3,5,5,4,-0.7790589184056174,352.989990234375,72964846.8563919,57.113821138211385,False,0.0,0,,,,0.0,0,,,,False,False,False,False,0,,none,0,0,False,-1,0.625,risk_on,7,False
IDXX,570.02001953125,-25.650854988164028,8.27824954177836,-14.143265121696613,-36.18187379178628,0.13482638075938738,False,1.1231493817151055,6.403283875891831,-7.644198273274716,5.682560151942306,False,True,False,True,23,38.333333333333336,False,0.37068153697629114,1.0655400531892494,False,0.41658597472741216,True,-3.3864373675847492,True,2,0,0.3785590541611984,False,0.45468824778196365,False,4,2,True,False,False,35.0,16.919015058956155,13.125856068309005,0.4874054345545562,7.0,False,1,2,2,5,-8.672595171910547,624.1500244140625,338571722.6285645,17.615176151761517,False,0.0,0,,,,0.0,0,,,,False,False,False,False,0,,none,0,0,False,-1,0.625,risk_on,7,False
IESC,754.3699951171875,-3.7830227250717496,134.57508122378914,116.56762960333981,94.52902093325014,0.06808798488488722,True,1.227136247625616,9.490041666403712,52.24727239401101,13.66128992655089,True,True,False,False,24,40.0,True,0.4884648331845963,3.6265943598929975,True,1.070413125513688,True,-1.8297044223423486,True,1,0,0.4388708043363687,False,1.1077174957709335,False,6,2,True,False,False,25.0,39.608822891827444,19.856309242420345,0.8078599488426468,1.0,False,8,2,4,4,-7.6104412567182695,816.510009765625,137091246.5128662,90.5149051490515,True,0.0,0,,,,0.0,0,,,,False,False,False,False,0,,none,0,0,False,-2,0.5,risk_on,7,False
IEX,239.6999969482422,-0.34093102846025625,52.72675320513693,43.5181012207323,21.479492550642632,0.03135755009805322,True,1.168804752342561,4.13433616532303,17.647077766702136,7.866076694949875,False,True,False,True,29,48.333333333333336,True,0.42177257738857776,0.989288302660017,False,2.346519610375626,True,2.5630011819342435,True,2,1,0.5169008041540554,False,0.717461730775245,False,2,1,False,False,False,65.0,17.117948371707463,5.7488522965114415,0.9017575726612972,11.0,True,7,4,5,6,-1.6817087990951385,243.8000030517578,160777795.55674744,69.78319783197831,False,0.0,0,,,,0.0,0,,,,False,True,False,False,1,,power_play,6,6,True,0,0.75,risk_on,7,True
IFF,84.58000183105469,-3.962754486048481,44.50986554514718,30.245502881220055,8.20689421113039,0.056772714086394345,True,1.065837467866331,3.0267173128078753,4.94400923153091,14.653660946051161,True,True,False,True,25,41.66666666666667,True,0.4414871236294082,1.3479852147863038,True,2.4497318556962577,True,0.03548051828987653,True,2,2,0.605314459109302,True,1.5839862287902058,True,5,1,False,False,False,25.0,19.26780020518732,13.230080632721966,0.7245788427701841,6.0,False,5,4,6,6,-5.3067598297855785,89.31999969482422,141688101.97015,59.82384823848238,False,0.0,0,,,,0.0,0,,,,True,True,False,False,2,power_play,sepa_vcp,6,6,True,0,0.75,risk_on,7,False
ILMN,191.88999938964844,-6.440763686374529,110.86813119741588,89.7834024639526,67.74479379386293,0.08995208308626305,True,1.0800371187822573,4.898636680589546,67.67738141905136,-2.524637409983721,False,True,False,True,26,43.333333333333336,True,0.4925416040137102,2.0107676806868935,True,1.1008142583848448,True,-0.94466333859341,True,2,2,0.6257595389672022,True,1.2819761531922378,True,6,1,False,False,False,45.0,23.8502391870471,10.610245804946253,0.6939436478677873,8.0,False,7,4,5,6,-7.299517203068384,207.0,378733753.21132815,86.92411924119241,True,0.0,0,,,,0.0,0,,,,False,True,False,False,1,,power_play,6,6,True,0,0.75,risk_on,7,True
IMAX,51.875,0.0,105.03953187481221,101.29995761940988,79.26134894932022,0.05020978386591976,True,1.1216121851569996,8.231326183640814,46.82988200244711,18.005007007206796,False,True,False,False,28,46.666666666666664,True,0.49873771131772093,2.237615678734922,True,4.3323434520188,False,4.313292735789975,True,1,2,0.5158046303629755,False,1.712190323832453,True,2,0,False,True,True,25.0,29.608510704314778,11.31566059158509,0.952182347449429,2.0,True,9,3,6,5,-1.4158094773987884,52.619998931884766,75644350.31710815,88.8211382113821,True,0.0,0,,,,0.0,0,,,,True,False,False,False,1,,sepa_vcp,6,6,True,0,0.75,risk_on,7,False
IMO,129.28500366210938,-6.073053929256322,60.018939025516495,54.879435351786434,32.84082668169677,0.07331163203618762,True,0.9456073444063055,5.6928494426060166,14.24274065368769,5.315250417345152,True,True,False,True,26,43.333333333333336,True,0.4156737088022125,0.9778232304967491,False,2.534022312045272,True,2.3715280108243197,True,2,2,0.5408617256905814,False,1.4848161358106613,True,2,0,False,False,False,55.0,18.613883782248546,6.358046941149005,0.7848342629146352,54.0,False,5,4,7,7,-4.005070024028823,134.6789915826504,59522102.441682436,75.74525745257452,False,0.0,0,,,,0.0,0,,,,True,True,False,False,2,power_play,sepa_vcp,7,7,True,1,0.875,risk_on,7,False
INCY,120.60649871826172,-7.175782716146816,47.69347698942572,40.48514951880604,18.446540848716374,0.05429989987296544,True,1.0754494741637477,4.402752127306605,19.70868359132676,3.3563254734029657,False,True,False,True,26,43.333333333333336,True,0.4441276869413958,1.6296773242820048,True,1.6387114909161635,True,1.8808088498916353,True,2,1,0.4823212527811891,False,1.1220811969986044,False,1,0,False,True,False,45.0,27.533942748934017,7.2964584373805,0.67150084422749,12.0,False,5,3,4,6,-9.044876948113444,132.60000610351562,227078663.46860427,67.95392953929539,False,0.0,0,,,,0.0,0,,,,False,True,False,False,1,,power_play,6,6,True,0,0.75,risk_on,7,False
INDV,38.25,-8.558454875316034,69.92447628198018,66.52155482548008,44.482946155390415,0.04996509007596567,False,1.1166350670761456,3.7516375772314134,13.29976866617002,-5.57886550277119,False,True,False,True,21,35.0,False,0.4648005882493505,2.0629615361609472,True,-0.7118786714240146,True,-1.0861085824477756,True,2,0,0.44664105338019394,False,0.7499855147161016,False,5,2,True,True,True,25.0,14.539726582378185,14.169939826516545,0.40927026086520346,20.0,False,2,2,2,5,-8.589048891099537,41.84400177001953,89348463.5374012,81.09756097560977,True,0.0,0,,,,0.0,0,,,,False,False,False,False,0,,none,0,0,False,-1,0.625,risk_on,7,False
INFY,12.404999732971191,-37.32360861006813,18.255481445533928,-21.46661548470796,-43.50522415479763,0.06349618338298382,False,0.9862693330177188,4.7561480474661515,-10.815164977325297,16.260540246217793,False,True,False,True,23,38.333333333333336,False,0.46442002848282304,1.5892623121156413,True,1.956098419143455,True,0.3640782972808232,True,2,2,0.6456985458627476,True,2.0273600328244537,True,6,1,False,True,True,55.0,22.399257840855388,7.496979646875265,0.708022434076536,51.0,False,1,4,5,5,-6.5400807828650205,13.27306917968837,298282885.039871,13.279132791327914,False,0.0,0,,,,0.0,0,,,,False,False,False,False,0,,none,0,0,False,-1,0.625,risk_on,7,False
ING,35.68000030517578,0.0,57.50417470433546,52.4774555578976,30.438846887807934,0.09960552912591625,True,1.0253955506852201,2.203478460392928,21.346431532201258,12.248308918433848,False,True,False,True,32,53.333333333333336,True,0.4430481380349801,0.5698782010176741,True,5.902759174206532,False,1.215225756436067,True,2,0,0.46923220152494133,False,1.0324047381989623,False,4,1,False,False,False,35.0,15.566815457474018,5.219198325018482,0.965973340025602,0.0,True,7,1,4,4,-0.5296867364556701,35.869998931884766,78133100.60981902,74.39024390243902,False,0.0,0,,,,0.0,0,,,,False,False,False,False,0,,none,0,0,False,-2,0.5,risk_on,7,False
INGR,105.5199966430664,-16.044701238431248,12.386832813953763,-13.850050924251335,-35.888659594341,0.04705142677507395,False,0.9439020784959685,2.805154642380435,-10.116532456095372,2.926258386883096,False,True,False,True,22,36.666666666666664,False,0.40618993074145543,0.8606743938267932,False,2.4566184099773274,True,2.5162696300510934,True,2,0,0.5391552269542559,False,0.8877053617761321,False,5,1,False,False,False,35.0,12.058668810694266,6.880214525393008,0.926777735491121,6.0,True,1,3,4,5,-0.8829630372816255,106.45999908447266,68694737.51333961,17.88617886178862,False,0.0,0,,,,0.0,0,,,,False,False,False,False,0,,none,0,0,False,-1,0.625,risk_on,7,False
INOD,62.119998931884766,-48.87242886264629,80.31929624428943,43.8628960001159,21.824287330026237,0.1787012681360062,False,0.7744652551231485,30.891826740770377,42.80459524571209,3.5160817686516133,False,True,False,False,20,33.33333333333333,False,0.4439732880178703,3.610245572258334,True,-2.5844592224723533,True,-5.13134430786959,False,0,0,0.38723423399563617,False,0.620756812821954,False,5,4,True,True,False,25.0,31.570998313542752,30.891826740770377,0.30940979884317943,4.0,False,3,2,2,4,-21.80262207607113,79.44000244140625,87717684.0113739,69.98644986449864,False,0.0,0,,,,0.0,0,,,,False,False,False,False,0,,none,0,0,False,-2,0.5,risk_on,7,False
INSM,129.11000061035156,-38.929095892404206,40.52024866114004,5.078536440370596,-16.96007222971907,0.05106352658351766,False,1.2396595939045931,7.017270169439804,-11.671340064515546,20.202957088155472,False,True,False,True,25,41.66666666666667,True,0.391978672193138,1.5449787335689389,False,3.3286940318221023,True,-2.5952488586990063,True,2,0,0.4166209627984994,False,0.7886754472379185,False,5,3,True,True,True,25.0,29.978213285518766,31.972735329680724,0.7919089972890513,5.0,False,2,2,2,4,-6.238196462066281,137.6999969482422,354938213.7286285,34.417344173441734,False,0.0,0,,,,0.0,0,,,,False,False,False,False,0,,none,0,0,False,-2,0.5,risk_on,7,False
INTC,105.09500122070312,-25.4328087127749,372.97481758939455,372.97481758939455,350.9362089193049,0.2603910668209388,False,0.7829578596707987,10.295446566580123,126.10800829548934,4.853833882898884,False,False,False,False,22,36.666666666666664,False,0.3887328314085249,2.756563643610295,False,-0.6478167315085764,True,5.295064413769568,False,0,0,0.5849613647144507,False,0.7924654379297245,False,5,0,False,False,False,25.0,26.215604834111083,19.553732512174943,0.8019615369266927,24.0,False,7,1,1,4,-5.191698089884522,110.8499984741211,11121424378.261425,98.30623306233063,True,0.0,0,,,,0.0,0,,,,False,False,False,False,0,,none,0,0,False,-2,0.5,risk_on,7,False
INTU,347.2300109863281,-51.042118285823356,36.734275108251154,-50.663782239290626,-72.70239090938028,0.12713360339203822,False,1.0590563882242923,7.3741041179964935,-12.090177075428388,23.33677138916064,False,True,False,True,26,43.333333333333336,True,0.5198893221122555,2.2202816192454375,True,3.859503585548508,True,7.865554669371422,False,1,3,0.7210005014691474,True,1.8163755354013889,True,0,0,False,False,False,55.0,30.38163315291299,11.650809942280885,0.8693866671824889,51.0,False,2,5,4,5,-3.9682463625409503,361.5783299107477,1087016434.212349,2.168021680216802,False,0.0,0,,,,0.0,0,,,,False,False,False,False,0,,none,0,0,False,-1,0.625,risk_on,7,False
INVH,30.2549991607666,-1.0951323640086663,26.843968880618686,3.4517002812415765,-18.586908388848087,0.037169716887267466,False,0.9959816752175438,3.857213185475302,15.265431197167189,2.7683376763738554,True,True,False,True,23,38.333333333333336,False,0.4023295236469817,0.7649953882320105,False,0.9710762564510056,True,-0.3786686706910847,True,2,1,0.6404565919633576,True,0.8401711586590669,False,8,3,True,False,False,65.0,11.034934147021476,5.133034339904477,0.8128494163520474,5.0,True,3,5,5,6,-2.065194366131795,30.89299964904785,118355034.5480772,32.99457994579946,False,0.0,0,,,,0.0,0,,,,False,True,False,False,1,,power_play,6,6,True,0,0.75,risk_on,7,False
IONQ,47.20500183105469,-42.496036134836466,77.52915216309401,14.547446929793463,-7.491161740296203,0.2637965437180388,False,0.7930292378513284,15.528019376608752,50.81470601175584,38.55298577600483,True,True,False,False,21,35.0,False,0.455133951061056,3.2506267888112337,True,0.19931111741901902,True,18.844411833628506,False,0,0,0.577445794530773,False,1.0911688771123875,False,3,1,False,False,False,25.0,32.79104535113106,25.217673300627386,0.9919458775160377,0.0,True,2,2,4,3,-0.26410309563517087,47.33000183105469,790210177.9375839,44.64769647696477,False,0.0,0,,,,0.0,0,,,,False,False,False,False,0,,none,0,0,False,-2,0.5,risk_on,7,False
IONS,56.084999084472656,-35.16185076939578,34.110472247119404,30.127612691560213,8.089004021470547,0.029684805439323645,False,0.6754920266416209,5.812602968260984,-31.419662604995136,0.38482218847009086,False,True,False,True,24,40.0,True,0.5301005542084543,1.9982814768918573,True,-5.483169121097797,True,2.9271377443105706,True,2,1,0.5083439586184327,False,1.4393062657668916,True,3,3,True,False,False,25.0,22.392929194864486,11.375592711530528,0.42099785367163844,24.0,False,2,3,3,5,-12.96555406640556,64.44000244140625,155718719.61312294,59.417344173441734,False,0.0,0,,,,0.0,0,,,,False,False,False,False,0,,none,0,0,False,-1,0.625,risk_on,7,False
IOT,40.25,-10.99071447708786,65.97938144329898,21.969696969696972,-0.06891170039269312,0.06630297588899274,False,1.0038993124602082,6.683226401761452,50.918634738875966,27.81835596237854,True,True,False,True,27,45.0,True,0.5805497355080957,3.3337165661283343,True,2.1860545032477634,True,5.311351947831078,False,1,2,0.6430608589923893,True,2.152321507543356,True,3,1,False,False,False,25.0,23.930384032231935,14.472051584942742,0.8868687903999094,4.0,True,4,5,7,5,-2.707273291761092,41.369998931884766,198419443.13033086,51.6260162601626,False,0.0,0,,,,0.0,0,,,,True,False,False,False,1,,sepa_vcp,7,7,True,1,0.875,risk_on,7,False
IOVA,6.599899768829346,-2.078635119383332,264.63535787156746,169.38365879090642,147.34505012081675,0.15630015877330958,True,1.2506185297497958,15.75781448628722,161.90078645964113,28.65301406623111,False,True,False,False,25,41.66666666666667,True,0.4497344005358122,3.6392574890790153,True,3.8592320798003525,True,6.278578555350811,False,0,1,0.5340080746418782,False,1.2392209211759635,True,4,2,True,True,False,,,,,,False,11,3,3,5,,,95788939.6929872,94.10569105691057,True,0.0,0,,,,0.0,0,,,,False,False,False,False,0,,none,0,0,False,-1,0.625,risk_on,7,False
IP,41.279998779296875,-13.978871400475413,42.59973184729462,-8.276956311272532,-30.315564981362197,0.08367709291628335,False,1.039789204114609,5.038764274619768,-11.846270601618247,8.889472290817778,False,True,False,True,25,41.66666666666667,True,0.5200395988167434,2.3476779905385423,True,2.03414411362202,True,1.8504811808262467,True,2,0,0.4913417233446661,False,0.841365603880872,False,3,1,False,False,False,25.0,19.96876578286321,9.593030562675256,0.6044692051663357,12.0,False,2,2,4,4,-7.898261801943162,44.81999969482422,213460035.42912865,22.018970189701896,False,0.0,0,,,,0.0,0,,,,False,False,False,False,0,,none,0,0,False,-2,0.5,risk_on,7,False
IQV,243.8000030517578,-1.5188215155584661,55.623641869430514,28.160652119734863,6.122043449645197,0.06451516905017773,False,1.2922606786679385,6.070550806603489,44.38850710037472,17.59598419774777,False,True,False,True,26,43.333333333333336,True,0.5089347173018911,1.7081842151921531,True,3.915834881164812,True,4.891799997531598,True,2,2,0.6323573025044126,True,1.2614152589481487,True,3,0,False,True,True,25.0,21.387648940283295,7.444630405283571,0.859375031044089,11.0,False,5,4,4,6,-3.0076374682672657,251.36000061035156,336102581.5015472,57.18157181571816,False,0.0,0,,,,0.0,0,,,,False,True,False,False,1,,power_play,6,6,True,0,0.75,risk_on,7,False
IR,83.87999725341797,-15.024465890470074,22.381085691546065,9.828945930443144,-12.209662739646522,0.057247244588245025,False,1.0782487747680223,7.594176592474714,-14.190352806032191,-0.5100229126171474,False,True,False,True,26,43.333333333333336,True,0.4846772336675197,1.7238272344798615,True,1.3116522833922128,True,-4.941070620925004,True,2,1,0.5010886590986853,False,1.2501414480173203,True,6,1,False,False,False,45.0,23.9049931719495,14.580348268955994,0.639927044357587,5.0,False,1,3,3,4,-8.607541546035558,91.77999877929688,377808852.9869919,39.09214092140921,False,0.0,0,,,,0.0,0,,,,False,False,False,False,0,,none,0,0,False,-2,0.5,risk_on,7,False
IRDM,50.43040084838867,-9.49318064686091,223.91908458987504,117.782318286396,95.74370961630635,0.31410538676060473,True,0.6411543070151993,4.342623505988301,150.60500987205424,6.75359664810542,False,True,True,True,21,35.0,False,0.4608138253738963,1.6349595979059333,True,1.386458217075894,True,4.389152173094235,True,3,0,0.569967674195312,False,0.7262681667133764,False,5,3,True,False,False,25.0,14.487430498910006,12.095883011434092,0.8304940413830897,24.0,True,8,4,6,7,-2.455705794613605,51.70000076293945,61008245.923727036,90.65040650406505,True,0.0,0,,,,0.0,0,,,,True,True,False,False,2,sepa_vcp,power_play,7,7,True,1,0.875,risk_on,7,True
IREN,48.31999969482422,-36.762207330209286,172.53243622323015,172.53243622323015,150.49382755314048,0.5857762523857484,False,0.942148223182878,24.596444973702113,20.709470817707974,19.073429064870908,False,True,False,False,22,36.666666666666664,False,0.5047426884113234,5.2679905337755715,True,0.6820571629936925,True,27.392563422232975,False,0,0,0.4626842778281439,False,1.070664897848778,False,6,1,False,False,False,,,,,,False,4,1,2,3,,,1800054103.005497,94.3089430894309,True,0.0,0,,,,0.0,0,,,,False,False,False,False,0,,none,0,0,False,-3,0.375,risk_on,7,False
IRM,125.30999755859375,-5.824440209077297,61.292569180595756,37.89470988779695,15.856101217707284,0.05082063973656688,True,1.0614572337100163,4.109802886299066,19.995584355790452,0.6101922827895123,True,True,False,True,25,41.66666666666667,True,0.4491897184677238,1.513686202997603,True,0.1685819779244602,True,2.746800999728438,True,2,1,0.5196084986785638,False,1.3263332546884066,True,3,0,False,False,False,35.0,14.494057220627287,7.645035821807149,0.5665631042888367,32.0,False,5,2,4,6,-6.282259167968663,133.7100067138672,226309666.11561775,65.92140921409214,False,0.0,0,,,,0.0,0,,,,False,True,False,False,1,,power_play,6,6,True,0,0.75,risk_on,7,False
IRTC,125.45999908447266,-33.706737603977466,23.253755728510473,-24.8112198096867,-46.84982847977636,0.035997804740573736,False,1.079032439533166,13.307036064122672,-15.463920228644323,16.522709406582315,False,False,False,False,26,43.333333333333336,True,0.4289686663669719,1.9589761966654426,False,1.5392293643133905,True,-2.0761755651659386,True,1,0,0.565588672577192,False,0.9600549943172839,False,3,3,True,False,False,25.0,22.9854816305153,16.096769864171115,0.6424250106172888,4.0,False,2,2,2,3,-8.219033349988013,136.69500732421875,80394493.1882782,11.043360433604336,False,0.0,0,,,,0.0,0,,,,False,False,False,False,0,,none,0,0,False,-3,0.375,risk_on,7,False
ISRG,400.7699890136719,-32.39942556840375,20.70658462589403,-16.91303328652516,-38.95164195661482,0.0637166444059223,False,0.8589683394716148,8.071963218386603,-16.262017571518793,20.70658462589403,False,True,False,False,27,45.0,True,0.5742668188723871,1.9465285678251936,True,0.7727033120593354,True,7.240908238292709,False,0,1,0.6792793475956458,True,1.0922215792850678,False,3,1,False,False,False,25.0,20.99973445429477,13.99805565321455,0.8266542788728133,24.0,False,2,3,4,3,-3.6402141124591614,415.9100036621094,1423375091.90569,15.447154471544716,False,0.0,0,,,,0.0,0,,,,False,False,False,False,0,,none,0,0,False,-2,0.5,risk_on,7,False
IT,179.1699981689453,-32.155704247234794,42.503772675724406,-26.164182203495876,-48.20279087358554,0.07539041713902321,False,1.422889707114291,9.739352082700815,16.624352323372293,34.018995360159465,False,True,False,False,26,43.333333333333336,True,0.5417952323886203,3.190462146416749,True,2.6119643406196524,True,-3.0570332925925925,True,1,2,0.4720065555832509,False,1.2464228340492365,True,2,1,False,True,False,25.0,33.79941418423405,26.276721723612116,0.7663878234167063,4.0,False,2,3,3,4,-7.895954714819164,194.52999877929688,239359212.0460205,10.433604336043361,False,0.0,0,,,,0.0,0,,,,False,False,False,False,0,,none,0,0,False,-2,0.5,risk_on,7,False
ITGR,125.4000015258789,-0.531449330187328,98.041696352265,14.436940527902852,-7.6016681421868135,0.06379186898326335,False,1.1181818792713003,0.4784676768901566,46.90721723199205,28.61538618038861,False,True,False,True,22,36.666666666666664,False,0.4114910023737024,1.578467484599639,False,8.06253274683939,False,-0.531449330187328,True,2,1,0.5643815528936773,False,0.7336001478930755,False,0,0,False,True,False,25.0,27.081018073572427,21.228072107390236,0.9783372965541085,5.0,True,5,2,4,4,-0.586648063540629,126.13999938964844,190301166.950737,44.51219512195122,False,0.0,0,,,,0.0,0,,,,False,False,False,False,0,,none,0,0,False,-2,0.5,risk_on,7,False
ITRI,102.05500030517578,-26.143431962228703,30.806209556848717,-20.5797662994741,-42.61837496956377,0.010863257242243783,False,1.5476869259404495,3.0375837482197396,6.5959918344598245,21.595377021441852,False,True,False,True,26,43.333333333333336,True,0.45194625488023155,2.056497170589663,True,2.839979819235642,True,-0.7440180820064146,True,2,1,0.5215210672544169,False,1.5688795944149745,True,3,2,True,True,True,25.0,25.01848471194804,9.249916626503106,0.7729960579112481,12.0,False,2,4,3,4,-5.679294654699374,108.19999694824219,108236794.74621506,13.753387533875339,False,0.0,0,,,,0.0,0,,,,False,False,False,False,0,,none,0,0,False,-2,0.5,risk_on,7,False
ITT,214.81500244140625,-2.9054132855170445,31.31829780129014,26.79697519922759,4.758366529137923,0.03747753248863698,False,1.2260330439445433,6.093613662509955,8.324822515495867,10.048671004008792,False,True,False,True,29,48.333333333333336,True,0.4222134768320459,1.3157265181586946,False,2.438514073912472,True,0.18888987098526488,True,2,1,0.4679346306308346,False,1.0439991168024605,False,2,1,False,True,True,25.0,18.33970308697642,18.03877734776443,0.6329308033512978,5.0,False,4,2,2,5,-6.7319400789121575,230.32000732421875,201214846.03737107,55.35230352303523,False,0.0,0,,,,0.0,0,,,,False,False,False,False,0,,none,0,0,False,-1,0.625,risk_on,7,False
ITUB,7.40500020980835,-21.047753837794115,25.257428700573858,18.824841256080525,-3.2137674140091406,0.18737152313533645,False,1.0525551163736195,11.073594484684577,-18.580485796710466,-11.286017643383916,False,False,False,False,27,45.0,True,0.538493456060088,1.3618714737239654,True,-3.129686744209799,True,-9.474328440758873,False,0,0,0.16128309130641522,False,0.45467497098481324,False,6,2,True,False,False,55.0,15.582524012921873,16.02932977584769,0.06559728150063888,23.0,False,1,2,2,3,-14.56035279875577,8.666936782131883,161383950.80493498,48.78048780487805,False,0.0,0,,,,0.0,0,,,,False,False,False,False,0,,none,0,0,False,-3,0.375,risk_on,7,False
ITW,290.75,-2.2097427560784144,22.894690829228324,11.513678289697605,-10.52493038039206,0.04260603269474484,False,1.2159621702593455,2.7652651917186155,-1.390039492439965,4.998012406506791,False,True,False,True,30,50.0,True,0.5173687344845048,1.408259960498117,True,2.4225947399174834,True,-1.3403502013621615,True,2,0,0.5294857891139688,False,0.6416822552125158,False,6,2,True,False,False,45.0,17.65881977849618,6.4178860402783755,0.7904922374651899,12.0,False,4,3,3,6,-3.6996598207981846,301.9200134277344,399804532.59962463,41.53116531165312,False,0.0,0,,,,0.0,0,,,,False,True,False,False,1,,power_play,6,6,True,0,0.75,risk_on,7,False
IVZ,32.04999923706055,0.0,58.92010485072694,54.14729363431909,32.108684964229425,0.03371733713609563,True,0.9978285438444352,3.588142420922395,24.136944153619446,7.550335763773464,False,True,False,True,26,43.333333333333336,True,0.42373117483150646,1.254899148206128,False,3.2031764488498013,True,1.1360009370023016,True,2,1,0.49410730734791,False,0.569330910367504,False,2,0,False,False,False,35.0,21.013825846115694,10.17160186938024,0.9269005864260359,5.0,True,7,4,5,6,-1.5360983462964661,32.54999923706055,152451399.39476776,75.2710027100271,False,0.0,0,,,,0.0,0,,,,False,True,False,False,1,,power_play,6,6,True,0,0.75,risk_on,7,True
J,144.41000366210938,-11.461100547957614,35.0492461743638,-4.119912642635248,-26.158521312724915,0.037406045282151475,False,1.1603787132428183,4.064811971698386,10.433889288090548,9.40151792584043,False,True,False,True,33,55.00000000000001,True,0.4918929953830463,1.226512297587772,True,3.1519246682584203,True,0.263837315860016,True,2,2,0.5590874684067825,False,1.8122859103324387,True,2,1,False,False,False,25.0,18.10106282418527,14.500382182941898,0.7248275689932026,6.0,False,3,4,4,6,-4.980913461137826,151.97999572753906,115794440.38217163,25.677506775067748,False,0.0,0,,,,0.0,0,,,,False,True,False,False,1,,power_play,6,6,True,0,0.75,risk_on,7,False
JAZZ,246.64999389648438,-5.722040172807741,111.40824356517092,110.59595979533263,88.55735112524297,0.04808125023054507,True,1.0055146221360287,6.863974496138255,48.325217304012554,-3.225174158662192,False,True,False,True,19,31.666666666666664,False,0.5104602867949728,1.5727640341446303,True,0.5425291072218437,True,-3.8963569989537317,True,2,0,0.377036827892962,False,0.5742901900985025,False,5,1,False,False,False,45.0,16.71759454462429,8.392451733909478,0.5847438220130934,6.0,False,5,1,3,5,-6.942084415735438,265.04998779296875,201952201.0454956,90.10840108401084,True,0.0,0,,,,0.0,0,,,,False,False,False,False,0,,none,0,0,False,-1,0.625,risk_on,7,False
JBHT,281.3399963378906,-5.561301288262022,117.10116183557587,94.47558857985942,72.43697990976975,0.1290464625590861,True,0.9323223445939497,7.737964490312291,29.087011344009195,-2.6110091684968806,False,True,False,True,22,36.666666666666664,False,0.39997252629068736,1.2247154895193377,False,0.22740859787544013,True,5.449778564534502,False,1,0,0.44589451604361485,False,0.5637200435729848,False,4,2,True,False,False,65.0,22.77822583285304,7.737964490312291,0.737178056054328,20.0,False,5,3,4,6,-5.986617593023958,299.2552646600815,256061623.44241944,87.87262872628726,True,0.0,0,,,,0.0,0,,,,False,True,False,False,1,,power_play,6,6,True,0,0.75,risk_on,7,False
JBL,370.7699890136719,-3.8534387057501895,92.72183990531886,69.4604541070416,47.42184543695193,0.08601965601965601,True,0.955580126375541,9.744587197827446,47.72042283716582,15.131654196920241,False,True,False,False,23,38.333333333333336,False,0.4614346762353694,1.9060702785752355,True,1.5278861417508678,True,7.572453236176235,False,0,1,0.4849711231667694,False,2.147665722039794,True,5,1,False,False,False,35.0,26.031372177333367,19.313865197029216,0.8448000276715316,31.0,False,6,2,3,4,-4.040068241594197,386.3800048828125,338010224.45852965,82.79132791327913,True,0.0,0,,,,0.0,0,,,,False,False,False,False,0,,none,0,0,False,-2,0.5,risk_on,7,False
JBLU,5.860099792480469,-9.286381457028337,45.41189795022744,14.455076630154483,-7.583532039935182,0.08385208309583732,False,1.0587427443888708,8.361636581412455,4.087027946044741,17.43687497539368,False,True,False,False,25,41.66666666666667,True,0.392723497061724,2.131987587645108,False,0.818144328500897,True,-5.329568040232424,False,0,0,0.32405869409186633,False,0.7267192720157929,False,6,2,True,True,False,45.0,31.11782444699494,16.723265025810612,0.6311164494241265,7.0,False,3,2,3,4,-11.478853568204206,6.619999885559082,205446712.71897614,44.579945799457995,False,0.0,0,,,,0.0,0,,,,False,False,False,False,0,,none,0,0,False,-2,0.5,risk_on,7,False
JBS,13.46500015258789,-21.042746854309414,16.072840967581413,1.7769530325569827,-20.261655637532684,0.18676555118311094,False,1.3439128480756397,12.2168617833065,-9.94472400046612,11.928515806062112,False,False,False,False,24,40.0,True,0.4127443224466969,1.471306084864216,False,1.7116611374059236,True,-1.643531297968892,True,1,0,0.555186106750672,False,0.997324930262104,False,3,2,True,True,True,25.0,18.71732568585603,12.2168617833065,0.6722532674439792,4.0,False,2,3,3,3,-6.13454233572619,14.345000267028809,77210184.95382476,31.097560975609756,False,0.0,0,,,,0.0,0,,,,False,False,False,False,0,,none,0,0,False,-3,0.375,risk_on,7,False
JBTM,116.62999725341797,-30.704888812251554,1.1074115453085343,-13.83757558623081,-35.87618425632048,0.26651128225915416,False,1.156285589050272,9.071424230651457,-29.813764776965833,-12.36757046914615,False,True,False,False,23,38.333333333333336,False,0.4784493647613569,2.0065461136292857,True,-2.665454662178229,True,-4.4799355356769155,True,1,0,0.4059544183703358,False,1.1247269427754545,False,5,2,True,False,False,25.0,21.943936353254063,24.504846526708736,0.05041748101146934,24.0,False,0,2,2,2,-20.837578358846987,147.3300018310547,73868506.554813,17.953929539295395,False,0.0,0,,,,0.0,0,,,,False,False,False,False,0,,none,0,0,False,-4,0.25,risk_on,7,False
JCI,151.5850067138672,-2.0515558966555214,47.2884675388332,44.15526720624479,22.11665853615512,0.08492597804672108,True,1.0194981180826055,4.505723870136472,10.033201771204169,5.788969095120433,False,True,False,True,20,33.33333333333333,False,0.3937974667913841,1.1812032757082145,False,1.3427382572818143,True,-1.9184705786758682,True,2,0,0.48236347657729484,False,0.844098024523569,False,4,2,True,False,False,55.0,16.619349755386597,8.806933570894705,0.7902491240216768,6.0,False,5,3,4,6,-3.4859231693824655,157.05999755859375,499978864.21720886,70.1219512195122,False,0.0,0,,,,0.0,0,,,,False,True,False,False,1,,power_play,6,6,True,0,0.75,risk_on,7,False
JD,29.364999771118164,-15.919597429001653,19.731817884526357,-6.453763849985683,-28.49237252007535,0.9837997322068878,False,1.1591673946724528,14.098421008907867,10.508285007799811,-2.4094396071559054,False,False,False,False,26,43.333333333333336,True,0.5234303473387916,1.0754942037080357,True,0.1714867853073946,True,-10.49985205114089,False,0,2,0.6724291458053251,True,2.0851533278788987,True,3,1,False,False,False,25.0,15.945063578094732,14.098421008907867,0.2275280306918708,3.0,False,1,3,2,3,-12.317114662914165,33.4900016784668,243637407.66797352,23.983739837398375,False,0.0,0,,,,0.0,0,,,,False,False,False,False,0,,none,0,0,False,-3,0.375,risk_on,7,False
JEF,55.10499954223633,-19.907508080803492,54.165109855131945,-9.938460155339989,-31.977068825429654,0.029660269676208596,False,0.9048435797087213,4.282734107533551,3.4520258068508225,-0.8546280553610175,False,True,False,True,27,45.0,True,0.3780706650246956,1.1802336765429549,False,-0.34264426805107434,True,-2.1573156235289326,True,2,0,0.47035464376461816,False,0.8053563881115854,False,4,2,True,False,False,35.0,19.415628479616924,10.398329715699308,0.7564558573608884,12.0,False,1,3,4,4,-4.728562591867824,57.84000015258789,100191548.80407639,20.867208672086722,False,0.0,0,,,,0.0,0,,,,False,False,False,False,0,,none,0,0,False,-2,0.5,risk_on,7,False
JHX,31.2450008392334,0.0,87.20790796546018,5.343900876518659,-16.694707793571006,0.0758781126301013,False,0.9986352824259958,5.648901719446208,21.33980908440154,20.823666286868757,False,True,False,True,32,53.333333333333336,True,0.38478584390022774,1.2252764613714626,False,5.422662875994566,False,11.589288711547852,False,1,0,0.5927627047186441,False,0.8597117971932556,False,4,1,False,False,False,25.0,23.265827404868286,17.682827556825345,0.9849213568399561,0.0,True,5,1,3,3,-0.35081710926118115,31.354999542236328,207290704.8578995,35.02710027100271,False,0.0,0,,,,0.0,0,,,,False,False,False,False,0,,none,0,0,False,-3,0.375,risk_on,7,False
JKHY,154.02999877929688,-19.37449461847549,24.801491706757762,-4.288573103281013,-26.32718177337068,0.04322150196922871,False,0.9999196044820022,4.706875321338034,-1.3877310027601064,3.9128403284978575,False,True,False,True,30,50.0,True,0.492167804395868,1.4961393221842958,True,2.3267754113799684,True,-1.8542141052889538,True,2,2,0.6332864115667279,True,1.3628624339358293,True,4,2,True,False,False,35.0,23.1467889641955,6.15464247397843,0.7632554125302865,11.0,False,2,5,5,6,-5.4798770045769825,162.9600067138672,130862587.49912643,25.5420054200542,False,0.0,0,,,,0.0,0,,,,False,True,False,False,1,,power_play,6,6,True,0,0.75,risk_on,7,False
JLL,367.70001220703125,-1.4842937981712323,31.246433252656814,23.838069371677296,1.7994607015876305,0.04476648802362463,False,1.0780790911950886,4.7212443004669185,31.246433252656814,15.129315105981167,True,True,False,True,29,48.333333333333336,True,0.4830063808703398,1.3083954038348524,True,3.943314271610331,True,1.1025900461124394,True,2,1,0.5473115887727622,False,1.3971230585424135,True,5,2,True,True,True,35.0,19.748720708615387,5.259721429381231,0.9241725956954981,6.0,True,5,5,5,5,-1.497494229668872,373.2900085449219,121683315.63945618,53.2520325203252,False,0.0,0,,,,0.0,0,,,,False,False,False,False,0,,none,0,0,False,-1,0.625,risk_on,7,False
JNJ,260.4200134277344,-2.552004586087342,53.03687005363993,53.03687005363993,30.998261383550265,0.07593301340841177,True,0.9925025348036719,3.4674749687787214,7.671271299790261,0.4435624880602118,False,True,False,True,26,43.333333333333336,True,0.4625590766243482,0.9530722402994084,True,1.6690615826117496,True,1.3386264667835546,True,2,2,0.6230255579965025,True,1.6834331115242922,True,3,0,False,False,False,45.0,17.242631847541325,5.264569060811679,0.6945151406480673,12.0,False,6,4,6,7,-5.267362964803313,274.8999938964844,1888830796.951387,74.66124661246613,False,0.0,0,,,,0.0,0,,,,True,True,False,False,2,sepa_vcp,power_play,7,7,True,1,0.875,risk_on,7,True
JOBY,8.104999542236328,-58.5845699099326,21.879690616583414,-54.44070193856945,-76.47931060865912,0.07048338575073083,False,0.9254188662411178,15.114126759032079,-17.965592627981785,7.4933631729680705,False,True,False,False,25,41.66666666666667,True,0.501244597991259,3.003451879496694,True,-0.6525130879171844,True,-1.518833620324045,True,1,1,0.49740128097883646,False,2.383853165829302,True,5,2,True,False,False,25.0,26.942145963771726,26.440466009656998,0.6032718249077139,3.0,False,2,3,2,4,-10.688708401277157,9.074999809265137,332127253.1208353,1.7615176151761516,False,0.0,0,,,,0.0,0,,,,False,False,False,False,0,,none,0,0,False,-2,0.5,risk_on,7,False
JPM,364.6400146484375,-0.1478662681893339,30.16448068632498,27.909623631626168,5.871014961536503,0.13880632658190656,True,0.8689075169338661,3.6117850204761694,21.648565092465354,4.212638184930606,False,True,False,True,30,50.0,True,0.44114964304736987,0.8654368632508227,True,4.300109998954834,False,2.3407317264110494,True,2,2,0.5521921299093746,False,2.0229140211975962,True,2,1,False,False,False,55.0,19.81551743894574,4.607280363666676,0.9743887882130902,0.0,True,6,3,6,6,-0.507499413796042,366.5,2326232031.4403076,56.91056910569105,False,0.0,0,,,,0.0,0,,,,True,True,False,False,2,power_play,sepa_vcp,6,6,True,0,0.75,risk_on,7,False
JXN,133.19500732421875,-1.014410121240239,52.0685137443762,52.0685137443762,30.029905074286532,0.04960870203413138,True,1.105524946950255,3.641282207905815,13.90794915744138,8.271021751589224,False,True,False,True,26,43.333333333333336,True,0.5250229376775642,1.5149137061047222,True,4.582887534294448,False,-0.10873632642411923,True,2,0,0.45641957117123794,False,0.9636870634165228,False,4,1,False,False,False,25.0,22.233500045834973,13.499006995935877,0.8437093569476461,7.0,False,6,1,4,4,-3.474888019468092,137.99000549316406,72636634.73227005,74.11924119241192,False,0.0,0,,,,0.0,0,,,,False,False,False,False,0,,none,0,0,False,-2,0.5,risk_on,7,False
KBH,56.625,-15.222967208483972,26.25692327307625,-9.554310812369494,-31.59291948245916,0.04541826538358947,False,0.9334263307030074,6.0044177057464125,-10.641356487910503,2.240418618125428,False,True,False,True,27,45.0,True,0.4994820563496701,1.7233997842480624,True,0.2431597511213146,True,-0.5706773636269147,True,2,0,0.5203070687629807,False,0.782330448763418,False,5,1,False,False,False,65.0,30.803081999918202,7.8781588897585495,0.6549040793777253,34.0,False,2,2,3,5,-10.63001794076519,63.3602007019188,53984165.858580016,21.070460704607047,False,0.0,0,,,,0.0,0,,,,False,False,False,False,0,,none,0,0,False,-1,0.625,risk_on,7,False
KBR,37.95500183105469,-25.252643024897914,26.848127440750602,-23.549126472303517,-45.587735142393186,0.04340383292554442,False,1.178187202720543,4.926884051299761,-4.601922981042494,4.415415197544648,True,True,False,True,25,41.66666666666667,True,0.5656472027639062,2.007664922503701,True,1.590444624864101,True,1.0247594872445642,True,2,2,0.6164785457751025,True,1.4666563871658558,True,6,3,True,True,True,45.0,18.045110551055128,12.830980626906847,0.9116382263409265,3.0,True,2,6,7,6,-1.5944979741652876,38.56999969482422,56697542.52304573,11.856368563685638,False,0.0,0,,,,0.0,0,,,,True,True,False,False,2,power_play,sepa_vcp,7,7,True,1,0.875,risk_on,7,False
KD,13.520899772644043,-59.200663784962494,27.676105550762674,-55.74173449981077,-77.78034316990043,0.08375559098872981,False,1.188078007350596,12.90594498074475,19.231918789334856,15.959690819764049,False,True,False,False,26,43.333333333333336,True,0.4293994688878329,2.1262533623800284,False,1.5791226382014796,True,-3.3531094077825507,True,1,1,0.5132989574066719,False,1.397743036262509,True,4,3,True,False,False,25.0,25.900750576045866,15.346610389519705,0.6879002271546842,7.0,False,2,3,2,3,-8.0836183713071,14.710000038146973,56762774.30283713,1.5582655826558265,False,0.0,0,,,,0.0,0,,,,False,False,False,False,0,,none,0,0,False,-3,0.375,risk_on,7,False
KDP,30.7549991607666,-9.68661892588506,24.531049126833327,-8.701000431681338,-30.739609101771002,0.1257838466391104,False,1.1244443675926525,6.811898457233682,4.472230315708159,3.656889388886664,False,True,False,True,24,40.0,True,0.5267003481635084,1.570739163950375,True,-0.23758245043961534,True,1.267692824808364,True,2,0,0.5606882534096267,False,1.0330727265789859,False,5,3,True,False,False,65.0,16.972238937814595,14.566736024988595,0.46602881941547364,32.0,False,3,2,2,6,-9.062686462787529,33.81999969482422,372647644.2192966,21.680216802168022,False,0.0,0,,,,0.0,0,,,,False,True,False,False,1,,power_play,6,6,True,0,0.75,risk_on,7,False
KEX,136.22999572753906,-10.721542042719811,70.39399740781886,36.91456857039101,14.875959900301346,0.0350689830139899,False,1.1667927386161514,4.954855914038232,12.234304506629012,-8.631797350190118,False,True,False,True,25,41.66666666666667,True,0.49994319179632735,1.5060472201038348,True,-0.6574749451793808,True,2.482512024059602,True,2,0,0.4333843407454726,False,0.7480900314918916,False,4,0,False,False,False,35.0,15.13991670707446,5.916463195604734,0.33347833837525176,15.0,False,3,1,3,5,-10.091082440459553,151.52000427246094,81738196.75629883,65.37940379403794,False,0.0,0,,,,0.0,0,,,,False,False,False,False,0,,none,0,0,False,-1,0.625,risk_on,7,False
KEY,23.09000015258789,-3.7515615969858973,41.905609134053904,32.08891100225371,10.050302332164044,0.07632215196044155,True,0.8664134905406256,2.9016893541200464,8.22427074193255,1.6285248697869292,False,True,False,True,26,43.333333333333336,True,0.40892811062702417,0.7816935602533912,False,0.7228726648255257,True,1.8976183056986562,True,2,0,0.5498237302420019,False,0.949139918955968,False,7,1,False,False,False,65.0,14.885498142166437,3.9844091390828043,0.726481683198367,19.0,False,6,2,5,6,-4.071456396599194,24.06999969482422,221377505.20732117,61.382113821138205,False,0.0,0,,,,0.0,0,,,,False,True,False,False,1,,power_play,6,6,True,0,0.75,risk_on,7,False
KEYS,353.0150146484375,-5.444094361392249,122.7083634358547,107.38750564966027,85.34889697957061,0.06765668238471585,True,0.9544604400255695,6.2150337892160135,53.83258724981468,8.576572247054127,False,True,False,True,24,40.0,True,0.4003297464799839,1.3514321070938053,False,1.5133196214635167,True,4.764667497773178,True,2,1,0.4643366297167485,False,1.3584120955616195,True,3,0,False,False,False,35.0,20.44499971218414,12.900303572151033,0.7882426422461325,34.0,False,7,3,4,5,-4.32937911833069,368.989990234375,343095721.8584778,89.63414634146342,True,0.0,0,,,,0.0,0,,,,False,False,False,False,0,,none,0,0,False,-1,0.625,risk_on,7,False
KGC,26.920000076293945,-29.10270103118262,44.56206568259371,41.90608448891035,19.867475818820687,0.17057174481736798,False,0.9550716412901459,4.59472632275017,-16.592709830558395,13.730460454264847,False,True,False,True,26,43.333333333333336,True,0.3429184511262643,1.0013240552677205,False,1.9163022355314876,True,5.074157667745993,False,1,0,0.5573416608520612,False,0.9203555031812375,False,4,2,True,True,True,45.0,23.27021858544193,21.062407355960637,0.6849112885158962,39.0,False,3,2,2,3,-7.332183190040342,29.049999237060547,190037892.78611985,68.56368563685636,False,0.0,0,,,,0.0,0,,,,False,False,False,False,0,,none,0,0,False,-3,0.375,risk_on,7,False
KGS,62.564998626708984,-17.969055486517217,95.3978966510684,84.70420594385529,62.66559727376562,0.08448186834901157,False,1.007205147231606,15.104286990598585,26.602913272694884,-4.159007664456227,False,True,False,False,23,38.333333333333336,False,0.4786838229352214,2.8029150377718266,True,-1.0464489453548291,True,10.03341180991617,False,0,0,0.5447960722105891,False,0.7235149514602918,False,5,1,False,False,False,25.0,22.834641799099742,15.104286990598585,0.5432601102651012,21.0,False,3,1,2,4,-10.429491777456724,69.8499984741211,104387447.52288818,86.11111111111111,True,0.0,0,,,,0.0,0,,,,False,False,False,False,0,,none,0,0,False,-2,0.5,risk_on,7,False
KHC,25.275100708007812,-8.489862635683643,21.325755855601148,-3.744570781680323,-25.78317945176999,0.13563176842876437,False,1.1891099561168406,5.736866777869743,7.586907024755152,-0.3347787866735952,False,True,False,True,28,46.666666666666664,True,0.5252175798973804,1.5843552184389178,True,0.6264189569361938,True,1.2624264226482884,True,2,0,0.5667879041740961,False,0.7753776044633723,False,5,3,True,False,False,35.0,18.3339252066747,11.671561232023828,0.45341754309034205,11.0,False,2,2,2,5,-10.021001884262171,28.09000015258789,382689117.8592693,26.21951219512195,False,0.0,0,,,,0.0,0,,,,False,False,False,False,0,,none,0,0,False,-1,0.625,risk_on,7,False
KIM,24.334999084472656,-7.752085448643042,26.81578427889766,18.33619298637281,-3.702415683716854,0.05829883690684107,False,1.0549340904489093,3.2874430538647506,11.453918474759494,-5.458433174587684,False,True,False,True,29,48.333333333333336,True,0.4306732718108779,0.8902603848918993,False,-1.6958118816314953,True,-0.38887114005887735,True,2,0,0.3951744605153893,False,0.29628635443395224,False,6,3,True,False,False,65.0,14.890442568166593,7.437844808045554,0.4166270570516801,12.0,False,2,2,2,5,-8.686681302794286,26.649999618530273,114164241.44246483,48.30623306233062,False,0.0,0,,,,0.0,0,,,,False,False,False,False,0,,none,0,0,False,-1,0.625,risk_on,7,False
KKR,113.82499694824219,-23.228790735628703,36.22447092875942,-22.250025509701555,-44.28863417979122,0.1803196453569762,False,1.115512164448252,11.790027260046907,13.205352416703487,18.83014756845851,False,False,False,False,28,46.666666666666664,True,0.5035990369475907,1.9045193598879246,True,3.7413512118080985,True,10.344749544361864,False,0,3,0.6498421609193162,True,1.3983655513714728,True,2,1,False,True,True,25.0,17.996451720503224,13.729868873341777,0.9638673282025629,1.0,True,2,5,3,4,-0.6502598835353646,114.56999969482422,458848276.21155626,12.804878048780488,False,0.0,0,,,,0.0,0,,,,False,False,False,False,0,,none,0,0,False,-2,0.5,risk_on,7,False
KLAC,209.86000061035156,-30.443138592048314,149.73799852572816,122.45079143877136,100.4121827686817,0.07797057604488919,False,0.7324893259179291,8.481846469069252,45.01905186787598,-4.05522575341537,False,True,False,False,29,48.333333333333336,True,0.433056068622249,2.24409272952026,False,-0.9794541880309231,True,8.611944562944917,False,0,0,0.5477355969866446,False,0.5920764866844483,False,5,3,True,False,False,25.0,28.56722333560003,16.997044727534348,0.5897511543517093,22.0,False,6,2,2,4,-11.719670396806825,237.72000122070312,2260597135.9915085,91.39566395663957,True,0.0,0,,,,0.0,0,,,,False,False,False,False,0,,none,0,0,False,-2,0.5,risk_on,7,False
KLAR,19.75,-56.57431794461962,60.96168918643734,,,0.15636114849371094,False,0.8091165804476816,9.468358679662776,10.955060935505244,12.343572728733477,False,True,False,False,29,48.333333333333336,True,0.4160365476350328,1.8419549828451582,False,1.322782552477747,True,-2.517276520830436,True,1,2,0.5768402866853736,False,2.53826901910356,True,2,3,True,False,False,25.0,17.49103933504492,11.898726451246045,0.6789619437029872,6.0,False,2,5,5,5,-5.615289270737412,20.924999237060547,61870796.77381611,,False,0.0,0,,,,0.0,0,,,,False,False,False,False,0,,none,0,0,False,-1,0.625,risk_on,7,False
KLIC,95.41000366210938,-28.697402733057743,172.90637814056916,156.53082206674048,134.4922133966508,0.041404567825284525,False,0.8801556838389724,10.659257707359435,33.01497729171092,-10.058444555778367,False,True,False,False,23,38.333333333333336,False,0.4098547480908958,2.7167199812688096,False,-1.5591429040870566,True,5.239355623349962,False,0,0,0.47673656344127835,False,1.0526262003166573,False,5,2,True,False,False,25.0,28.983493529630387,16.06749946823738,0.40977234856818495,21.0,False,5,2,2,4,-17.10685931628295,115.0999984741211,93061182.06755829,93.63143631436314,True,0.0,0,,,,0.0,0,,,,False,False,False,False,0,,none,0,0,False,-2,0.5,risk_on,7,False
KMB,110.82499694824219,-13.766723886184373,20.738542099576087,-13.766723886184373,-35.80533255627404,0.07041502946609324,False,1.1648398059084872,3.3837131543088024,5.0571682880699464,3.2755563038096014,True,True,False,True,26,43.333333333333336,True,0.4456922767853261,1.2067662017481342,True,1.0168981201359688,True,1.9924472788212855,True,2,2,0.677833857934089,True,1.3152195422571178,True,5,0,False,False,False,55.0,21.198782034103456,6.253102184529949,0.7579186814473715,27.0,False,2,4,5,6,-5.131829106525531,116.81999969482422,373249950.36312103,18.157181571815716,False,0.0,0,,,,0.0,0,,,,False,True,False,False,1,,power_play,6,6,True,0,0.75,risk_on,7,False
KMI,31.704999923706055,-6.728809114170775,27.531125439836224,22.737438529018927,0.6988298589292619,0.0587600403876004,False,0.9422342262071438,3.4379440315749368,1.916102688688448,-2.3456075426969702,False,True,False,True,27,45.0,True,0.43267660152646165,0.8666526755329411,False,0.0007359590158730703,True,1.358693183283699,True,2,0,0.5489748031276916,False,0.36683696911483654,False,5,1,False,False,False,55.0,7.558489714256096,4.1036811658578065,0.4687883171458465,33.0,False,3,1,2,6,-4.015158040945788,33.03125709914797,306340873.65029067,52.50677506775068,False,0.0,0,,,,0.0,0,,,,False,True,False,False,1,,power_play,6,6,True,0,0.75,risk_on,7,False
KMX,59.7400016784668,-3.9086320766409943,93.45855991591854,1.9106154332814818,-20.127993236808184,0.038686665371627904,False,0.8344169815801346,4.419148502635583,45.849616732812294,2.312043676879516,True,True,False,True,29,48.333333333333336,True,0.38330825128377666,1.3278830871294116,False,2.9162800017178565,True,2.893558845054778,True,2,0,0.47081996444644253,False,0.7514264038163113,False,3,1,False,False,False,35.0,19.26410842199047,6.193499906739786,0.8803056420266854,11.0,True,5,3,6,6,-2.3058050894984694,61.150001525878906,132638916.9990181,31.233062330623305,False,0.0,0,,,,0.0,0,,,,True,True,False,False,2,power_play,sepa_vcp,6,6,True,0,0.75,risk_on,7,False
KNF,67.13999938964844,-29.004970279889953,12.030700897309977,-29.004970279889953,-51.04357894997962,0.03808552631578947,False,1.0616622597633334,5.66726294275545,-17.589298657593677,-13.535095852802703,False,True,False,True,29,48.333333333333336,True,0.3867147622208329,1.894754904291656,False,-2.9153863850728374,True,-0.5480710041089742,True,2,0,0.4861129269116935,False,0.29617199622903934,False,3,2,True,False,False,25.0,23.9899427422925,21.15728620820452,0.1043138899983711,20.0,False,1,2,2,3,-21.48745849400577,85.51499938964844,52427136.87048187,8.672086720867208,False,0.0,0,,,,0.0,0,,,,False,False,False,False,0,,none,0,0,False,-3,0.375,risk_on,7,False
KNSA,78.17890167236328,-3.38741542091876,136.61894523623528,132.32956352836695,110.29095485827727,0.07956881952398687,True,1.4332729999157818,6.12569550402969,74.85775726511712,23.995087420096304,False,True,False,True,25,41.66666666666667,True,0.4164758969935499,2.0443002450315584,False,3.499708280963018,True,2.1812828251674077,True,2,2,0.47919131089462497,False,1.2118041745205528,True,2,2,True,True,False,25.0,27.58018222974798,10.711330512688267,0.7918644819641977,11.0,False,10,5,5,6,-5.740415515910424,82.94000244140625,50939474.694322206,92.07317073170732,True,0.0,0,,,,0.0,0,,,,False,True,False,False,1,,power_play,6,6,True,0,0.75,risk_on,7,True
KNSL,377.20001220703125,-21.098568045191037,29.979323342665264,-13.853509377562679,-35.892118047652346,0.04682096958116313,False,1.1604308099489922,4.072114361626817,-3.244767975441254,7.73141603024825,False,True,False,True,31,51.66666666666667,True,0.47728206311234633,1.8992145440263095,True,3.0432182162434445,True,0.22053221580145,True,2,1,0.582109198877349,False,4.361048896581567,True,4,1,False,False,False,25.0,16.21777665337194,8.541887639976732,0.93946276613349,0.0,True,2,3,3,5,-0.9817793380600071,380.94000244140625,110038319.97341919,17.818428184281842,False,0.0,0,,,,0.0,0,,,,False,False,False,False,0,,none,0,0,False,-1,0.625,risk_on,7,False
KNTK,51.14500045776367,-0.2438072925374235,70.19699396424093,33.12714909706893,11.088540426979264,0.07352706220689266,True,1.1226910751195935,7.605825310063022,25.085190863453064,1.6609258489357348,False,False,False,True,26,43.333333333333336,True,0.3957076753552492,1.1450735103021603,False,2.0302031696761738,True,1.943397098670574,True,2,0,0.47719660101751515,False,0.7664526213693126,False,3,0,False,False,False,45.0,17.371095915391756,10.343136286016145,0.831199952876924,2.0,True,7,2,3,5,-2.932241809097602,52.689998626708984,50399250.29567222,62.12737127371274,False,0.0,0,,,,0.0,0,,,,False,False,False,False,0,,none,0,0,False,-1,0.625,risk_on,7,False
KNX,73.1500015258789,-11.279558237220233,89.62209539766894,68.15921244402976,46.1206037739401,0.07120254722907166,False,0.9050420831950444,8.161313870364125,22.834516849280174,1.1336923462818893,False,True,False,False,25,41.66666666666667,True,0.4560067324580793,1.7144421873230298,True,-0.6787738894236479,True,5.5860317765168865,False,0,0,0.4238217619083068,False,0.6623770371868639,False,4,1,False,False,False,25.0,15.810525169515874,8.161313870364125,0.4577075270451449,15.0,False,4,1,2,6,-8.573928792891738,80.01000213623047,275914080.34804267,82.24932249322492,True,0.0,0,,,,0.0,0,,,,False,True,False,False,1,,power_play,6,6,True,0,0.75,risk_on,7,False
KO,87.49500274658203,-1.7792984417296043,35.96492320058899,27.693621579370188,5.655012909280522,0.07094083666916544,True,1.0356856766809575,2.3029879723355435,12.234677904346292,7.7922936064037,False,True,False,True,27,45.0,True,0.4536293195791162,0.8916645503650251,True,2.3687389222131805,True,0.7426646906080636,True,2,0,0.5720163923760497,False,0.7422772941689855,False,5,1,False,False,False,55.0,16.06107233195616,3.7945020750958416,0.7654550756353113,11.0,False,5,2,4,6,-3.7670429953144513,90.91999816894531,1419251320.6692002,56.639566395663955,False,0.0,0,,,,0.0,0,,,,False,True,False,False,1,,power_play,6,6,True,0,0.75,risk_on,7,False
KOLD,29.75,-39.76513389827,119.07216617922533,-17.567193476814857,-39.60580214690452,0.3357487433462189,False,1.0834956044561868,12.235292066045169,44.4174730538401,12.348944540380113,False,True,False,False,24,40.0,True,0.433415658516544,1.6490644308573383,False,2.5524942962507966,True,-6.798245836802308,False,0,1,0.5363166814490148,False,1.867020462718861,True,6,1,False,False,False,25.0,21.325115296136293,15.126050420168067,0.609826483645726,5.0,False,3,2,3,3,-8.32049522175381,32.45000076293945,56581349.895643994,14.972899728997291,False,0.0,0,,,,0.0,0,,,,False,False,False,False,0,,none,0,0,False,-3,0.375,risk_on,7,False
KR,56.94499969482422,-24.279119774993006,2.5481738639167695,-17.34276049606116,-39.381369166150826,0.18645122282351306,False,0.8859210885061878,4.205813452627616,-17.975381058837993,2.125181866860637,False,True,False,True,20,33.33333333333333,False,0.4014971059784274,1.033121570355412,False,-1.296359979506444,True,-0.6542219155556972,True,2,1,0.5199911746193833,False,1.6806207314313102,True,4,2,True,False,False,35.0,11.635113243224804,6.427254134737962,0.39200550429461245,24.0,False,0,3,3,4,-7.074084808789538,61.279998779296875,347073168.70012474,15.040650406504067,False,0.0,0,,,,0.0,0,,,,False,False,False,False,0,,none,0,0,False,-2,0.5,risk_on,7,False
KRC,37.08000183105469,-11.360796838194954,37.032813764267544,4.182129607786744,-17.85647906230292,0.05596299417626896,False,1.1477153548052257,7.52427394216228,11.00689626188962,-6.458117048463596,False,True,False,True,23,38.333333333333336,False,0.507023184326949,1.3231456037807046,True,-0.5632827456139633,True,-0.5364725182160024,True,2,1,0.4817496465904053,False,1.5080953862003945,True,6,4,True,False,False,55.0,18.783847959583923,12.055018878018169,0.5086801002761273,16.0,False,1,3,2,5,-9.228878295931242,40.849998474121094,50119320.031814575,33.46883468834688,False,0.0,0,,,,0.0,0,,,,False,False,False,False,0,,none,0,0,False,-1,0.625,risk_on,7,False
KRG,26.454999923706055,-11.314113337686837,30.154522167214036,28.355988363780394,6.317379693690729,0.0287873019792642,False,1.1133562618866415,3.137402858059736,10.086769083848889,-8.46020666815691,False,True,False,True,24,40.0,True,0.44468291269466664,1.0113923987595288,True,-2.95778610011262,True,-0.9546955054552608,True,2,0,0.268278570120374,False,0.33869412156481876,False,7,3,True,False,False,65.0,14.477154671643214,10.886407745500932,0.20005808488868554,18.0,False,2,2,2,5,-11.580882833396988,29.920000076293945,81373974.73043442,57.24932249322493,False,0.0,0,,,,0.0,0,,,,False,False,False,False,0,,none,0,0,False,-1,0.625,risk_on,7,False
KRMN,61.404998779296875,-46.73866051550459,36.94245889906169,34.13062563703279,12.092016966943127,0.058328684730517395,False,0.9955664865981184,19.851801757251934,-37.00113059375427,36.82040400601001,False,True,False,False,22,36.666666666666664,False,0.4340375126822232,3.125508095581514,False,2.7841229765547264,True,11.361986686609548,False,0,1,0.6396380053523278,True,0.844930667399015,False,4,2,True,False,False,55.0,34.81481481481482,30.86068095376069,0.7406382459275266,53.0,False,2,3,2,3,-9.0296314380787,67.5,162602076.37761766,63.21138211382114,False,0.0,0,,,,0.0,0,,,,False,False,False,False,0,,none,0,0,False,-3,0.375,risk_on,7,False
KRYS,331.3699951171875,-12.370752223812687,141.06647674400148,138.98022960152176,116.94162093143208,0.030549574699751943,False,1.0698816459277969,4.810333668191395,21.554606552598244,-2.314134212389285,False,True,False,True,30,50.0,True,0.46104785505472684,2.265593140891165,True,-0.4920035545758876,True,2.6898858378351376,True,2,0,0.5738836440859665,False,0.4914350502317527,False,3,0,False,False,False,25.0,22.272528925134065,21.631416316981284,0.40359534365884575,22.0,False,4,1,2,4,-13.283439959443,382.1300048828125,199115601.6565155,92.54742547425474,True,0.0,0,,,,0.0,0,,,,False,False,False,False,0,,none,0,0,False,-2,0.5,risk_on,7,False
KSS,19.34000015258789,-19.90532146152193,66.31232777850676,42.43838532941089,20.399776659321226,0.11633300678256875,False,0.9408425963069093,7.083768502711611,4.047120029347395,6.263732647582132,False,True,False,True,29,48.333333333333336,True,0.508127101542638,2.4296623801660906,True,1.6699051894132888,True,4.823844730869498,True,2,2,0.45088702685787074,False,1.6023215003635431,True,1,0,False,False,False,25.0,22.092453414748196,11.995861822750705,0.733480319644813,8.0,False,3,4,4,6,-5.888073622360546,20.549999237060547,57491092.39007473,69.17344173441734,False,0.0,0,,,,0.0,0,,,,False,True,False,False,1,,power_play,6,6,True,0,0.75,risk_on,7,False
KTB,83.55999755859375,-5.22853658397292,47.55226511289443,21.57705513894075,-0.4615535311489154,0.1573796705150586,False,1.0131156307572162,12.278605117282314,26.13482027268923,0.22789349376566292,False,False,False,False,26,43.333333333333336,True,0.5347563325514946,2.0726832238699577,True,0.7178245387510372,True,6.040601932095679,False,0,0,0.3177427646306872,False,0.6357187651648064,False,6,2,True,False,False,45.0,16.636685672972895,15.856869778758508,0.6351349191825204,19.0,False,3,2,2,5,-6.070145662604265,88.95999908447266,54042217.16734314,51.355013550135496,False,0.0,0,,,,0.0,0,,,,False,False,False,False,0,,none,0,0,False,-1,0.625,risk_on,7,False
KTOS,63.7400016784668,-51.23928925700484,45.25979974230798,-7.287270285866477,-29.325878955956142,0.11124660443833786,False,1.1024500163402082,13.327584755072083,-26.777714596323975,28.923955196132468,False,True,False,False,24,40.0,True,0.44459059837994147,3.142832689530222,True,2.8371030440328986,True,11.025956885349174,False,0,3,0.7450376416639183,True,1.3687443919844413,True,2,2,True,False,False,55.0,35.52297026488371,31.761848467947836,0.8698399353783258,53.0,False,2,5,3,4,-4.623672105231069,66.83000183105469,201328518.18167457,23.035230352303522,False,0.0,0,,,,0.0,0,,,,False,False,False,False,0,,none,0,0,False,-2,0.5,risk_on,7,False
KVUE,19.2450008392334,-7.088458815977483,42.95603891154227,-7.088458815977483,-29.127067486067148,0.05185134490090693,False,1.171918734531266,3.1436711657759924,6.167092495707505,2.960404636457703,True,True,False,True,24,40.0,True,0.40735179990870374,0.9157668943761275,False,1.1606711059247499,True,1.4573264613988668,True,2,2,0.7138115136936881,True,2.3479708164732536,True,5,0,False,False,False,55.0,17.213104642351436,5.2159597697309,0.8064982501663125,27.0,False,3,4,5,7,-3.3307658683653707,19.908092799232747,375870532.9613844,23.238482384823847,False,0.0,0,,,,0.0,0,,,,False,True,False,False,1,,power_play,7,7,True,1,0.875,risk_on,7,False
KVYO,17.34000015258789,-51.72605502085128,34.83670774115855,-44.91740659232531,-66.95601526241498,0.10150568350889722,False,1.3884791269212822,16.40714699146005,-6.320907951520994,10.657307390957648,False,False,False,False,24,40.0,True,0.4590293562909669,3.2967523386480644,True,0.6726458051060046,True,3.6461483983401433,True,1,1,0.5315061232591202,False,1.5919250266450076,True,4,1,False,False,False,45.0,36.71717062736938,24.509803705888164,0.6616232115161887,11.0,False,1,2,1,1,-12.424238279101374,19.799999237060547,109309672.40311508,3.387533875338753,False,0.0,0,,,,0.0,0,,,,False,False,False,False,0,,none,0,0,False,-5,0.125,risk_on,7,False
KYMR,113.0999984741211,-5.236698852036604,177.95527719650025,177.68229743493686,155.64368876484718,0.05308490544740347,True,0.7048973587311592,9.03625230644155,34.61081051287385,2.4642156988447406,False,False,False,False,27,45.0,True,0.4502679925659354,1.8311201267398687,True,2.5176466349278432,True,6.28699800937409,False,0,2,0.6194978803515512,True,2.125603409729706,True,3,3,True,False,False,25.0,17.479272054533343,13.687005805287999,0.644212554623637,24.0,False,8,5,5,6,-6.218905551320864,120.5999984741211,68582472.91842651,94.44444444444444,True,0.0,0,,,,0.0,0,,,,False,True,False,False,1,,power_play,6,6,True,0,0.75,risk_on,7,True
L,113.07499694824219,-5.297323699167478,20.992840743879505,20.87671501012338,-1.1618936599662852,0.027773570744064172,False,1.0716160501449783,3.5463207998722894,2.0789622290443344,-1.3221044053279951,False,True,False,True,29,48.333333333333336,True,0.3940636032039682,0.7436525601033671,False,0.3490101690468823,True,-2.5047476501195765,True,2,0,0.4896287609262481,False,0.8142928066864927,False,4,2,True,False,False,55.0,15.568964246505413,5.819148360504976,0.5788214693708627,11.0,False,2,2,2,5,-6.55731348476073,121.01000213623047,80818672.00074844,50.67750677506775,False,0.0,0,,,,0.0,0,,,,False,False,False,False,0,,none,0,0,False,-1,0.625,risk_on,7,False
LAD,380.94500732421875,-10.71958146051102,57.368200035576386,31.49325590177723,9.454647231687563,0.026953591424098495,False,1.4874108097375978,3.651446637879336,15.751026549430813,17.367600228251234,False,True,False,True,28,46.666666666666664,True,0.3989433241905635,2.011216511350114,False,2.9465459950694064,True,1.5636637429741196,True,2,2,0.471371904004782,False,1.5563706591581836,True,1,1,False,True,False,35.0,35.525268122190404,14.148867218102604,0.6295776070205976,10.0,False,3,4,4,6,-13.159354829056646,438.67132328915716,137478755.9533844,61.17886178861789,False,0.0,0,,,,0.0,0,,,,False,True,False,False,1,,power_play,6,6,True,0,0.75,risk_on,7,False
LAMR,156.25,-4.916936494263302,39.594244245758944,35.07215873933356,13.033550069243894,0.06937470173864115,True,1.2649164392313512,5.203203125,21.699336322652506,-0.9383096225372256,False,True,False,True,28,46.666666666666664,True,0.37089255870656496,0.9263291172593372,False,0.01414605845163704,True,-2.34375,True,2,0,0.4966794445171116,False,0.9796176675977654,False,4,2,True,False,False,65.0,14.256352202046246,7.001601562499999,0.5749093010284702,11.0,False,5,2,3,5,-6.060242722352149,166.3300018310547,109795337.47326584,64.02439024390245,False,0.0,0,,,,0.0,0,,,,False,False,False,False,0,,none,0,0,False,-1,0.625,risk_on,7,False
LASR,52.900001525878906,-37.728071305159084,103.77505158511258,90.97472949045975,68.93612082037009,0.12048585253473126,False,1.0786494473301915,24.574668478299277,-3.537561308007098,-27.534244485097393,False,False,False,False,20,33.33333333333333,False,0.5146920101176493,4.307985159380834,True,-1.989643616668334,True,-29.8780490271511,False,0,0,0.3841220081803201,False,0.47042165590919205,False,5,2,True,False,False,25.0,38.88888677225838,58.88468206554385,0.12680581230096066,6.0,False,2,2,2,2,-33.95754989562207,80.0999984741211,80660200.03948632,87.12737127371274,True,0.0,0,,,,0.0,0,,,,False,False,False,False,0,,none,0,0,False,-4,0.25,risk_on,7,False
LAZ,43.96500015258789,-21.12732896109958,14.951219473272449,-17.29612110233366,-39.33472977242333,0.030809811993286647,False,0.7870700836729599,5.345157434243218,-13.526794014472078,3.3446988496842023,False,True,False,True,24,40.0,True,0.49977955699723303,2.2487602843051966,True,0.754292849261702,True,1.48892073478184,True,2,1,0.4327242546068043,False,1.4950098870772641,True,4,2,True,False,False,35.0,14.423495399515836,8.323930144712833,0.8282515350956289,13.0,True,2,5,5,5,-2.477213193422101,45.081771750212596,73528244.97755508,15.176151761517614,False,0.0,0,,,,0.0,0,,,,False,False,False,False,0,,none,0,0,False,-1,0.625,risk_on,7,False
LBRDK,36.275001525878906,-44.38055681243388,25.56248630062825,-40.87204168198867,-62.910650352078335,0.02496737422799527,False,1.0151022983927482,6.781537686262904,-34.59249526739543,22.09694595661338,False,True,False,True,26,43.333333333333336,True,0.5677609215684088,2.8038930188826243,True,2.2733911435428555,True,-2.065333074351372,True,2,1,0.682730674654988,True,1.1944952356833074,False,6,0,False,False,False,35.0,33.71211865789697,12.942807200633824,0.7509365297166379,32.0,False,2,3,3,4,-8.396457263540302,39.599998474121094,58811697.247592546,4.336043360433604,False,0.0,0,,,,0.0,0,,,,False,False,False,False,0,,none,0,0,False,-2,0.5,risk_on,7,False
LBRT,21.453899383544922,-36.586368824638996,116.44530841086964,93.07227545564916,71.03366678555949,0.05108904182246238,False,0.8990264655107938,11.28000105262952,-12.854049102246613,9.347086981996156,False,True,False,False,20,33.33333333333333,False,0.4689024094377199,4.545252643734146,True,-2.1332164328866776,True,7.055381254608939,False,0,2,0.6589429952745045,True,1.1478083821659295,False,2,0,False,True,False,25.0,39.77963311076101,20.22942344885172,0.5352339416992529,22.0,False,3,3,4,4,-18.488223281538286,26.31999969482422,114562005.84504604,87.60162601626016,True,0.0,0,,,,0.0,0,,,,False,False,False,False,0,,none,0,0,False,-2,0.5,risk_on,7,False
LCID,6.349999904632568,-74.36415104044826,37.44588878629664,-72.86324782841427,-94.90185649850395,0.09634806402866193,False,1.0988763570461528,15.669289771692618,-35.98790467948372,-1.5503861641813277,False,True,False,False,21,35.0,False,0.42996671923209473,4.901978619074954,False,0.23099375316850945,True,-9.025789580506949,False,0,1,0.5268759482242104,False,2.195110969031147,True,4,4,True,False,False,,,,,,False,0,3,3,3,,,104173525.11574706,0.40650406504065045,False,0.0,0,,,,0.0,0,,,,False,False,False,False,0,,none,0,0,False,-3,0.375,risk_on,7,False
LDOS,140.89500427246094,-28.807198220136588,40.89500427246093,-21.750482741064182,-43.78909141115385,0.11132480477297695,False,1.226019754633857,7.41686832844273,-17.3219392504808,27.703255627793432,False,True,False,True,27,45.0,True,0.52820508326084,1.8162313815796731,True,5.002008378962908,False,4.166057958356784,True,2,3,0.7035218172562003,True,3.5044713798119966,True,1,1,False,False,False,25.0,27.423862204483545,22.82551026430914,0.9423077109932652,2.0,True,2,4,4,4,-1.5821453839819366,143.16000366210938,197377486.70293808,13.075880758807587,False,0.0,0,,,,0.0,0,,,,False,False,False,False,0,,none,0,0,False,-2,0.5,risk_on,7,False
LEA,122.12000274658203,-17.863862817855537,30.98441543265451,30.683900016222697,8.645291346133032,0.058110857134403,False,1.1735235634182108,3.3327870973521843,-11.284493518643735,-12.871004883117198,False,True,False,True,22,36.666666666666664,False,0.4398831842543009,1.3340035225977178,False,-2.9196886774471698,True,2.552906339252803,True,2,0,0.4372868235214743,False,0.7943604049861194,False,5,1,False,False,False,25.0,20.806666056315105,25.39305718865814,0.10669663341039323,10.0,False,0,1,2,3,-18.586664835611977,150.0,96745106.88570862,60.09485094850948,False,0.0,0,,,,0.0,0,,,,False,False,False,False,0,,none,0,0,False,-3,0.375,risk_on,7,False
LECO,281.1481018066406,-5.34447843022019,28.638383193537088,16.006728461547226,-6.0318802085424394,0.230153369266002,False,1.209871610229276,4.232642447171344,-4.468692410016006,12.288559918444285,False,True,False,True,25,41.66666666666667,True,0.48309690273808287,1.7432360195713001,True,1.8800113347509226,True,0.8024445574360328,True,2,2,0.610765069375591,True,1.9283683604246669,True,4,2,True,False,False,25.0,15.70334175994186,13.946388562435978,0.8396577503785216,0.0,True,3,5,4,6,-2.5179091443639834,288.4100036621094,100452833.88427734,46.34146341463415,False,0.0,0,,,,0.0,0,,,,False,True,False,False,1,,power_play,6,6,True,0,0.75,risk_on,7,False
LEGN,20.635000228881836,-45.27976470469225,23.933938148061817,-44.12401825518042,-66.16262692527008,0.0767276133643271,False,0.6969891576627345,12.188036196272689,14.258033439011996,-12.30344400035115,True,False,False,False,22,36.666666666666664,False,0.3773758620295692,1.8106224662245873,False,-5.257448883454277,True,7.028005674164128,False,0,1,0.4149104912467571,False,0.4408591030875733,False,2,2,True,True,True,25.0,33.41809129486244,19.481465535130294,0.25054349065502907,24.0,False,0,3,3,2,-25.045406050819164,27.530000686645508,55674432.00436058,3.523035230352303,False,0.0,0,,,,0.0,0,,,,False,False,False,False,0,,none,0,0,False,-3,0.375,risk_on,7,False
LEN,87.38009643554688,-37.40199354577912,6.805760884982703,-31.897350979201043,-53.93595964929071,0.09223354736353703,False,0.9279506669160481,3.7880452112286958,-26.86653396782892,6.392425858641326,True,True,False,True,22,36.666666666666664,False,0.5949190221023097,1.830253649859986,True,0.14438629075760234,True,3.0182701602613493,True,2,0,0.598510223586461,False,0.7071306962722212,False,6,3,True,False,False,25.0,9.653688004046446,7.335770871845522,0.8851225890930947,12.0,True,1,4,6,5,-1.1089906836079022,88.36000061035156,190221732.9528347,7.723577235772358,False,0.0,0,,,,0.0,0,,,,True,False,False,False,1,,sepa_vcp,6,6,True,0,0.75,risk_on,7,False
LEU,186.8000030517578,-57.15596260280784,27.412865612230686,-0.3414422648914006,-22.380050934981067,0.06742630884293885,False,0.9902176451155131,10.192715725415317,0.8639341954000068,9.380492087462766,True,True,False,False,21,35.0,False,0.5050670632487451,3.6685468956951093,True,1.2716705559479258,True,4.926138478118558,True,1,1,0.43317289009425924,False,1.4030524851492594,True,5,1,False,False,False,25.0,30.0472438201076,16.17237203508378,0.7316954480061345,5.0,False,1,2,3,3,-8.061812291804415,203.17999267578125,111426449.61110535,29.336043360433607,False,0.0,0,,,,0.0,0,,,,False,False,False,False,0,,none,0,0,False,-3,0.375,risk_on,7,False
LFUS,456.4750061035156,-6.670414964806826,95.04465864156597,84.93530813313517,62.8966994630455,0.02518886063387707,True,1.0179887745352676,5.3014910708967165,31.41700395610019,13.6499472277251,False,True,False,True,21,35.0,False,0.32268394949148205,1.214523064165439,False,0.5717445535066398,True,-0.6020782574810757,True,2,0,0.3839784571694339,False,0.36663264505846654,False,7,1,False,True,True,25.0,20.136011622341744,11.759678395975124,0.806618650308941,5.0,False,6,2,4,5,-3.8939291049232994,474.9700012207031,157189014.7991806,86.1788617886179,True,0.0,0,,,,0.0,0,,,,False,False,False,False,0,,none,0,0,False,-1,0.625,risk_on,7,False
LGN,63.69499969482422,-37.718781866076704,114.31696220195833,,,0.25473485508104454,False,0.9769540396034546,12.512758079737862,32.25705958603089,-14.925875039143065,False,True,False,False,22,36.666666666666664,False,0.4870003093594799,3.603162718810049,True,-2.1293123030312753,True,0.1966336331604257,True,1,1,0.3032748631081302,False,1.2689531874142828,True,5,1,False,False,False,25.0,30.70533628128718,13.753045259755762,0.47810217722767945,14.0,False,1,2,2,2,-16.02504815269572,75.8499984741211,90915841.60328826,,False,0.0,0,,,,0.0,0,,,,False,False,False,False,0,,none,0,0,False,-4,0.25,risk_on,7,False
LGND,290.5,-9.953190170654768,92.28223224729095,86.20601899147627,64.1674103213866,0.06738076331750832,True,1.0104023073223378,6.1790059232465575,59.92293408253304,-3.8556988687134086,True,True,False,True,27,45.0,True,0.4621220975214725,1.7347560139417806,True,0.19900798135894748,True,-3.211839201023936,True,2,0,0.41616428159615265,False,0.6130796941311911,False,7,4,True,False,False,55.0,31.80051092159852,11.607573569949441,0.6521613432786488,26.0,False,6,3,5,5,-11.061447002021485,326.6300048828125,92577352.61343995,86.44986449864498,True,0.0,0,,,,0.0,0,,,,False,False,False,False,0,,none,0,0,False,-1,0.625,risk_on,7,False
LH,324.2950134277344,0.0,32.53097201652506,23.272216726184737,1.233608056095072,0.046857699336988565,True,1.1289205624653962,3.7805019320097806,18.974553785202673,15.210672435097305,True,True,False,True,28,46.666666666666664,True,0.4685552067440423,1.5496709736123826,True,4.932010783125809,False,2.4531686343738146,True,2,2,0.7646085665687967,True,3.5650267938627622,True,4,1,False,False,False,25.0,19.494441869391547,9.633200925347097,0.9797546380996113,0.0,True,6,3,7,5,-0.3946720306919227,325.5799865722656,231411123.26013184,52.84552845528455,False,0.0,0,,,,0.0,0,,,,True,False,False,False,1,,sepa_vcp,7,7,True,1,0.875,risk_on,7,False
LHX,289.8999938964844,-22.82592765424508,9.02214599150839,9.02214599150839,-13.016462678581275,0.08821986718402527,False,1.0676609738475935,4.187656055202395,-14.066369077638353,-3.2602593164050564,False,True,False,True,27,45.0,True,0.4106475706444381,1.1774250524138896,False,-0.4048830049231423,True,0.12779163428573437,True,2,1,0.49460708715729274,False,1.2234387363834576,True,5,2,True,False,False,25.0,14.960024533408788,8.268368998055992,0.5890497355056432,12.0,False,2,3,3,5,-6.1478260388464046,308.8900146484375,452933960.6099396,38.75338753387534,False,0.0,0,,,,0.0,0,,,,False,False,False,False,0,,none,0,0,False,-1,0.625,risk_on,7,False
LII,421.6000061035156,-30.5534814022427,0.9941295424914731,-26.822249274498834,-48.8608579445885,0.0721182510765154,False,1.1055081201979449,6.15986737303953,-19.92074843177283,-20.986545110341538,False,True,False,True,22,36.666666666666664,False,0.5218520434167333,2.2366304597965962,True,-4.1435093878280105,True,-3.242834903849634,True,2,0,0.44828421081119263,False,0.8769526861653429,False,5,3,True,False,False,25.0,27.316576441507053,10.694970513548727,0.06590351023143973,24.0,False,0,2,2,3,-25.51631816650629,566.030029296875,277566721.5582611,10.02710027100271,False,0.0,0,,,,0.0,0,,,,False,False,False,False,0,,none,0,0,False,-3,0.375,risk_on,7,False
LIN,481.43499755859375,-11.928328578686154,24.449021627188472,2.5830064903869188,-19.455602179702748,0.1019153055878266,False,0.9988113221140855,3.7222019589415645,2.4784585028379436,-4.914877825416452,False,True,False,True,24,40.0,True,0.41002027461434887,0.759749595821879,False,-2.6348202484569136,True,-1.7700083761293062,True,2,0,0.4803316775647287,False,0.8241906450647927,False,7,3,True,False,False,25.0,12.357570605875098,6.709106724015766,0.22109963386333062,24.0,False,2,2,2,5,-9.625316269475858,532.7100219726562,1043590162.1715225,31.978319783197833,False,0.0,0,,,,0.0,0,,,,False,False,False,False,0,,none,0,0,False,-1,0.625,risk_on,7,False
LITE,930.1900024414062,-11.670414434456456,711.5424709053625,673.6754358060681,651.6368271359785,0.25070966682603385,True,1.10520355104384,19.30680456132134,59.426518940658354,11.581736252630082,False,False,False,False,21,35.0,False,0.4240544090541532,4.33615529803998,False,1.3407385477097047,True,10.993246921604927,False,0,1,0.516629360195917,False,1.4405269590048884,True,4,0,False,True,False,25.0,38.4605791558306,31.778451156225763,0.9020605278517267,1.0,False,7,2,2,3,-3.766808821038936,966.5999755859375,3997150711.305847,99.52574525745257,True,0.0,0,,,,0.0,0,,,,False,False,False,False,0,,none,0,0,False,-3,0.375,risk_on,7,False
LIVN,81.98999786376953,-3.9085838895437153,65.40245787479881,54.523173278772475,32.48456460868281,0.20511950765707743,True,1.199250771041652,8.940117114326373,28.2897794703868,4.299703889040396,False,True,False,False,28,46.666666666666664,True,0.5464439429832284,1.7068528746168825,True,0.6970160611666149,True,8.194773270660471,False,0,2,0.7142247779566704,True,1.2833565285114452,True,3,1,False,False,False,55.0,17.204995936653606,13.526044952107148,0.7444931870641086,7.0,False,6,4,5,6,-4.39599367834933,85.76000213623047,53756272.4735714,75.54200542005421,False,0.0,0,,,,0.0,0,,,,False,True,False,False,1,,power_play,6,6,True,0,0.75,risk_on,7,True
LKQ,24.905000686645508,-26.885220474433837,10.935411315258303,-18.164722554983793,-40.203331225073455,0.059799109896339374,False,1.2287550860614724,3.934950874190583,-25.25282298486944,0.34246975369227606,False,True,False,True,27,45.0,True,0.3984880815976365,1.3942253199894974,False,-0.4191420999989196,True,1.777692625653704,True,2,1,0.6544422737269546,True,1.0253797086320302,False,4,0,False,False,False,25.0,22.397362377423313,12.56775376217902,0.6112930011862396,12.0,False,2,3,3,5,-8.706011511072443,27.280000686645508,84296726.85262375,14.769647696476964,False,0.0,0,,,,0.0,0,,,,False,False,False,False,0,,none,0,0,False,-1,0.625,risk_on,7,False
LLY,1222.699951171875,-1.040832238985756,86.42964989107955,86.42964989107955,64.39104122098988,0.1330639671490371,True,1.0619862768916561,6.44475766541092,18.16279930124114,3.1057330235468195,False,True,False,True,26,43.333333333333336,True,0.3950472216374821,1.2673421388933848,False,1.3102117596738119,True,2.580667758254185,True,2,0,0.5146169174356218,False,0.569750305838013,False,3,1,False,False,False,55.0,15.790942772278505,10.701724119685018,0.8644196151535531,27.0,True,7,3,5,6,-2.140942098153742,1249.449951171875,3071182150.1669374,86.51761517615176,True,0.0,0,,,,0.0,0,,,,False,True,False,False,1,,power_play,6,6,True,0,0.75,risk_on,7,False
LMND,52.5,-45.63529029107598,10.806244863785608,-12.060302631367914,-34.098911301457576,0.10427937819731657,False,0.9060141443894166,6.304764520554315,-15.2679135317214,-13.523306223492382,False,True,False,True,23,38.333333333333336,False,0.42571210075442806,2.495929416265104,False,-2.0420782768582613,True,1.2340905941306435,True,2,0,0.4354697917284739,False,1.0256317006926485,False,5,3,True,False,False,25.0,36.479976592130896,13.71428716750372,0.23915505673337278,23.0,False,0,2,3,3,-27.755605720607722,72.66999816894531,84695111.97476959,19.51219512195122,False,0.0,0,,,,0.0,0,,,,False,False,False,False,0,,none,0,0,False,-3,0.375,risk_on,7,False
LMT,600.9349975585938,-10.614889246362868,41.11933645932717,39.44530315737338,17.406694487283715,0.0802640071787283,False,0.9521374049986471,5.551346732524054,-4.608067581968333,5.688627864615503,False,True,False,True,22,36.666666666666664,False,0.4676239249484937,1.3551807994077438,True,4.211959658480305,False,3.1028605524904496,True,2,2,0.6071308224702975,True,1.4518924844150702,True,3,2,True,False,False,25.0,20.186446427039307,6.568093198678532,0.92350467943661,1.0,True,3,4,5,6,-1.5441686904720697,610.3599853515625,703304425.3031921,67.14092140921409,False,0.0,0,,,,0.0,0,,,,False,True,False,False,1,,power_play,6,6,True,0,0.75,risk_on,7,False
LNC,44.7599983215332,-4.765961018014464,40.740651446825304,15.420409886507258,-6.618198783582407,0.07185847138475297,False,1.308891086637685,6.76943452394903,12.779407066284909,9.625266505595453,False,True,False,True,28,46.666666666666664,True,0.5397017147305911,1.603888963123485,True,3.069042462080851,True,-4.092564650416131,True,2,0,0.4852127907913893,False,0.8940213811691694,False,5,2,True,True,True,25.0,17.26452665902927,8.958888453764905,0.6464155517290128,6.0,False,4,3,3,5,-6.104468133392615,47.66999816894531,92149190.27855301,45.59620596205962,False,0.0,0,,,,0.0,0,,,,False,False,False,False,0,,none,0,0,False,-1,0.625,risk_on,7,False
LNG,267.8800048828125,-9.371970381676931,42.87713790360785,16.95992394446799,-5.078684725621674,0.11160740244097805,False,1.1127100851735676,5.810257960772708,23.608656767995196,-1.2972076818658973,False,True,False,True,22,36.666666666666664,False,0.3852401150499207,1.1167917223649362,False,2.0343754838953974,True,1.0127986792914712,True,2,0,0.4961427284207417,False,0.6550705156795497,False,6,0,False,False,False,35.0,18.26651385704028,7.728596553852614,0.8331696832288413,14.0,False,2,2,3,6,-3.0474082930747937,276.29999380787893,424984832.90122986,47.15447154471545,False,0.0,0,,,,0.0,0,,,,False,True,False,False,1,,power_play,6,6,True,0,0.75,risk_on,7,False
LNT,70.54499816894531,-8.904982896176506,14.333192577749942,11.272408655192168,-10.766200014897498,0.1845385904982794,False,1.0431240973980744,4.578631811434283,2.774925226349456,-4.486103006550202,False,False,False,True,26,43.333333333333336,True,0.5156887855953443,1.1763886910692527,True,-1.7407914407140932,True,1.4743981233795722,True,2,0,0.5751141980967016,False,0.6826769752682502,False,7,1,False,False,False,25.0,12.13221678271734,5.797712728116685,0.3222348628239695,22.0,False,2,1,1,4,-8.222793571987753,76.8654886268292,191044851.36764526,41.12466124661246,False,0.0,0,,,,0.0,0,,,,False,False,False,False,0,,none,0,0,False,-2,0.5,risk_on,7,False
LNTH,100.91000366210938,-9.040921722166262,101.37697551986005,76.4160879653172,54.37747929522754,0.04762685871549123,False,0.611998782146582,0.6837800181998591,54.746212358308945,-3.3429097823379106,False,False,True,True,24,40.0,True,0.40551465590515245,1.0566378122294628,False,-1.3898940314936978,True,-0.1583021996615641,True,3,0,0.44525395336059886,False,0.41272455146257697,False,3,2,True,False,False,55.0,16.35079636664581,2.8738493911756993,0.401312389276801,28.0,False,5,2,3,5,-9.789019210168748,111.86000061035156,190665609.06046295,84.68834688346884,True,0.0,0,,,,0.0,0,,,,False,False,False,False,0,,none,0,0,False,-1,0.625,risk_on,7,False
LOGI,105.48999786376953,-16.733762861392055,22.891428662847236,8.89184619951151,-13.146762470578155,0.23757631270113228,False,1.1182374513033855,6.427148465821954,15.038169437792636,3.645116063046472,True,True,False,True,26,43.333333333333336,True,0.44914613554128296,1.286125734479817,True,-0.08211228777168356,True,2.4473114627483694,True,2,1,0.48262681979582284,False,1.5988228241321052,True,5,1,False,False,False,35.0,18.40600322654135,8.977155571595278,0.6878640397350748,11.0,False,2,3,4,5,-5.745175491755794,111.91999816894531,124444890.2400589,38.68563685636857,False,0.0,0,,,,0.0,0,,,,False,False,False,False,0,,none,0,0,False,-1,0.625,risk_on,7,False
LOW,218.36500549316406,-23.181325702050604,8.144318281173568,-13.060893410181507,-35.09950208027117,0.10164382413345069,False,0.9820952740204506,4.446686268222204,-22.680911272387693,8.144318281173568,True,True,False,True,22,36.666666666666664,False,0.4368749784114471,1.2427798416629479,False,0.7008411362494582,True,-0.016020331638333385,True,2,2,0.652526447843273,True,1.5679331194926815,True,4,1,False,False,False,35.0,12.31488339459469,8.192704389260982,0.6772102951468999,28.0,False,1,4,5,5,-3.9751175762415603,227.40460595360884,589046731.0285981,18.631436314363143,False,0.0,0,,,,0.0,0,,,,False,False,False,False,0,,none,0,0,False,-1,0.625,risk_on,7,False
LPLA,373.20001220703125,-4.906917158175905,40.374645591560764,1.2782121394872892,-20.760396530602378,0.056283628779979146,False,0.9991364119561185,6.449626617607398,-4.906917158175905,13.794371853479515,False,True,False,True,27,45.0,True,0.4321380943487109,1.1651528338324482,False,5.807534343945968,False,3.9409622323177906,True,2,2,0.583563076588188,False,2.1338182830722725,True,2,0,False,False,False,25.0,21.108179419525065,11.897104084727,0.9275001525878906,0.0,True,4,3,4,5,-1.5303397870629953,379.0,237483352.11871642,30.691056910569102,False,0.0,0,,,,0.0,0,,,,False,False,False,False,0,,none,0,0,False,-1,0.625,risk_on,7,False
LPX,74.625,-26.321096437220813,11.347364574540574,-26.321096437220813,-48.359705107310475,0.08619911484121787,False,1.0731107913291675,9.16583446202366,-19.890009421141574,3.444691754056417,False,True,False,False,22,36.666666666666664,False,0.5662258901807371,2.4737049258621653,True,-0.10934336847645028,True,-1.6927988408868777,True,1,1,0.5531891284037277,False,1.264710444775651,True,4,1,False,False,False,25.0,12.657278262571534,12.368513711133794,0.5173955414326722,4.0,False,1,2,2,4,-6.10845892284434,79.4800033569336,85971935.28606263,10.29810298102981,False,0.0,0,,,,0.0,0,,,,False,False,False,False,0,,none,0,0,False,-2,0.5,risk_on,7,False
LQDA,77.69000244140625,-14.654505675907536,256.3761704602782,208.2936511480649,186.25504247797522,0.3610335058105013,False,0.9926205538832095,21.251128352946445,99.0010261769914,-12.737275629984213,False,False,False,False,25,41.66666666666667,True,0.4037950872268996,2.7155949907064674,False,-0.04064912888233484,True,-13.117866213078022,False,0,1,0.42346864882431434,False,1.2063997405908926,True,3,2,True,False,False,25.0,25.53146177763832,21.251128352946445,0.33389133252953357,2.0,False,6,3,2,3,-17.006727983275805,93.61000061035156,122067080.49691772,95.59620596205963,True,0.0,0,,,,0.0,0,,,,False,False,False,False,0,,none,0,0,False,-3,0.375,risk_on,7,False
LRCX,330.6199951171875,-23.70248878171033,242.62580491521294,211.45755659148685,189.41894792139718,0.07603440397600661,False,0.8930391604321848,8.662517413166771,43.21816508334146,3.3898293762181453,False,True,False,False,30,50.0,True,0.4902045175267731,2.9859572093210107,True,-0.29601678279948207,True,8.127025867932547,False,0,0,0.4652786277547431,False,0.411558861955885,False,6,3,True,False,False,25.0,29.881035689293213,16.825965066962926,0.7505385959455504,21.0,False,6,2,2,4,-7.454165117652201,357.25,3158921547.3542633,95.73170731707317,True,0.0,0,,,,0.0,0,,,,False,False,False,False,0,,none,0,0,False,-2,0.5,risk_on,7,False
LRN,81.1050033569336,-52.23779251928442,32.915442065707936,-48.78118078257976,-70.81978945266943,0.033946529722738934,False,1.1776779499135521,6.6333728262623115,-3.9609161778403346,-5.768556239682654,False,True,False,True,27,45.0,True,0.5134616349104193,2.3497048873101276,True,-1.4329087141520804,True,1.3812541961669922,True,2,0,0.4805472564340184,False,0.5782349208976428,False,4,2,True,False,False,25.0,21.517182042604823,13.032487833465577,0.18549167238450714,11.0,False,1,2,2,4,-17.525923960520174,98.33999633789062,95240591.63428536,2.710027100271003,False,0.0,0,,,,0.0,0,,,,False,False,False,False,0,,none,0,0,False,-2,0.5,risk_on,7,False
LSCC,129.5500030517578,-16.564694089639364,110.9934850688155,98.6353888791926,76.59678020910295,0.05012770910082567,False,0.9277054954722718,8.683899734151973,29.809618326936516,-6.211540959789175,False,True,False,False,24,40.0,True,0.5845620709088051,3.446707374793255,True,-0.7526777797222443,True,0.6604554185478895,True,1,0,0.3648523354144937,False,0.9654146900132342,False,4,1,False,True,False,25.0,19.59565188812532,14.666145830204721,0.6197595530169354,16.0,False,4,2,3,4,-7.4510594328653035,139.97999572753906,253764438.529142,88.48238482384824,True,0.0,0,,,,0.0,0,,,,False,False,False,False,0,,none,0,0,False,-2,0.5,risk_on,7,False
LSTR,188.77000427246094,-16.23995724262024,59.8398891852588,45.63898780968749,23.600379139597827,0.06737560084857273,False,1.0995376710388405,7.342373608576221,38.11806568652418,-9.232099262175153,False,True,False,True,31,51.66666666666667,True,0.46781480741963416,1.7713512357833725,True,-1.9958955214306777,True,6.613581201474972,False,1,0,0.5743198322164591,False,0.6482942985207055,False,7,1,False,False,False,25.0,22.574385538356637,10.441386148233752,0.4336881329656983,20.0,False,3,1,2,4,-12.784142421378885,216.44000244140625,100041914.05752258,71.2059620596206,False,0.0,0,,,,0.0,0,,,,False,False,False,False,0,,none,0,0,False,-2,0.5,risk_on,7,False
LTH,44.45000076293945,-2.7352297136364445,80.76454041120233,58.86347923573534,36.824870565645675,0.12287623380702639,True,1.2579121985279744,5.151857989250363,51.706491195795664,6.010017742481644,False,False,False,True,30,50.0,True,0.36653819704368845,1.341067867461901,False,2.350580072436536,True,2.230913594561712,True,2,0,0.43862663819478975,False,0.7233901998233745,False,5,1,False,False,False,35.0,16.33322759161169,9.786273114640618,0.6390149329448919,10.0,False,7,2,3,5,-5.896051257384283,47.23500061035156,132915725.58604965,77.57452574525745,False,0.0,0,,,,0.0,0,,,,False,False,False,False,0,,none,0,0,False,-1,0.625,risk_on,7,False
LULU,121.06999969482422,-43.91791877133531,14.8344867157139,-39.612950083463275,-61.65155875355294,0.17878284003990688,False,0.8457195532304828,7.169406398823056,-28.584910890939398,9.436864051882377,False,True,False,True,30,50.0,True,0.42782890393119855,1.4208746602332054,False,0.8122183366813053,True,-2.934341027503806,True,2,1,0.557268735505741,False,1.655083922149047,True,6,2,True,False,False,45.0,18.950797806362583,9.077391502000108,0.6809991195890499,4.0,False,2,4,3,4,-6.045321184719565,128.86000061035156,279965119.9646622,4.607046070460704,False,0.0,0,,,,0.0,0,,,,False,False,False,False,0,,none,0,0,False,-2,0.5,risk_on,7,False
LUMN,6.239999771118164,-47.25274884732779,44.77957897822977,44.77957897822977,22.740970308140106,0.12479516130409299,False,0.9304290309025608,10.256408492959162,-22.00000286102295,-4.441047923009133,False,True,False,False,17,28.333333333333332,False,0.4051535211491465,2.247735756569121,False,-2.466134955999005,True,5.762706275508256,False,0,1,0.3724644468828888,False,1.5821237684718679,True,4,1,False,False,False,25.0,16.1572005119024,17.78845668897103,0.4324321537838973,7.0,False,1,2,2,3,-9.170307495422158,6.869999885559082,83256000.6440432,70.46070460704607,False,0.0,0,,,,0.0,0,,,,False,False,False,False,0,,none,0,0,False,-3,0.375,risk_on,7,False
LUNR,16.8700008392334,-63.08533794836569,109.56522285117339,60.819839917262165,38.7812312471725,1.1324781531604176,False,0.7067348997484729,18.52400619170334,7.315525144211388,23.04887521731567,False,False,False,False,15,25.0,False,0.4929116385728204,4.368573744157884,True,-1.5001444641969803,True,12.99397518019525,False,0,3,0.6904854421561254,True,2.4448790960493025,True,2,2,True,False,False,25.0,34.75874161945965,32.157675879412615,0.9276808909204344,1.0,True,2,6,4,4,-2.5137212266461373,17.30500030517578,135449784.39509964,78.72628726287263,False,0.0,0,,,,0.0,0,,,,False,False,False,False,0,,none,0,0,False,-2,0.5,risk_on,7,False
LUV,45.28799819946289,-16.63823804126443,54.638848813660346,48.97921370772047,26.940605037630803,0.0955980694413859,False,0.9397795603060546,5.961846118805655,-10.127401770732835,1.292773712426598,False,True,False,True,25,41.66666666666667,True,0.3729710789295498,1.20383278653816,False,-1.0712221871355978,True,-3.519387463948709,True,2,0,0.4127858406865137,False,0.8899804127152746,False,3,3,True,False,False,25.0,11.84919671821898,11.393746803923221,0.18484833694680491,20.0,False,2,2,2,4,-9.658892410700659,50.130001068115234,242812035.59892082,72.89972899728997,False,0.0,0,,,,0.0,0,,,,False,False,False,False,0,,none,0,0,False,-2,0.5,risk_on,7,False
LVS,45.7400016784668,-33.02419346730356,2.7960816928680687,-13.987239187580503,-36.02584785767017,0.0729763621273482,False,1.0145554408222393,2.5579320638637344,-18.529092236763578,0.004528802684644617,False,True,False,True,17,28.333333333333332,False,0.46172797994800585,1.2901659324091501,True,-1.1032550748195877,True,-0.8024266471202357,True,2,0,0.4175364279153905,False,0.8143224560976599,False,6,2,True,False,False,25.0,11.721252324614358,10.280355334218083,0.31040600132745966,9.0,False,0,2,2,4,-8.082905259980622,49.76223607571472,259803916.0292673,17.750677506775066,False,0.0,0,,,,0.0,0,,,,False,False,False,False,0,,none,0,0,False,-2,0.5,risk_on,7,False
LW,54.04010009765625,-16.310792923461083,42.73013027612671,8.073521457490497,-13.965087212599169,0.0600040424561549,False,1.2350843056538785,5.421900218321129,8.414039539325469,16.818735741205003,False,True,False,True,30,50.0,True,0.4273439449185037,1.6708443274411025,False,3.7069809992856753,True,4.586998282758636,True,2,2,0.6485338889792946,True,1.684221437708585,True,5,1,False,True,True,25.0,19.734245115762945,5.421900218321129,0.8860355388012061,10.0,True,2,5,6,5,-2.2490026117828577,55.283425787500164,99172586.9096466,37.80487804878049,False,0.0,0,,,,0.0,0,,,,True,False,False,False,1,,sepa_vcp,6,6,True,0,0.75,risk_on,7,False
LXP,60.689998626708984,-0.7522532914005731,57.86349167887393,55.57008086661901,33.53147219652934,0.20792665134303603,True,0.23626036228531463,0.3954487876094808,29.348932424399933,-0.21374723572433751,False,True,True,True,27,45.0,True,0.4982426552907402,0.41810988675212246,True,19.882194809221076,False,0.23121286773319927,True,3,1,0.41621084519142204,False,1.0616756226124862,False,1,2,True,False,False,45.0,16.63502203958564,0.5767050531194563,0.9102335252796229,18.0,True,7,4,6,5,-1.493267285389377,61.61000061035156,58018723.55068779,75.94850948509485,False,0.0,0,,,,0.0,0,,,,True,False,False,False,1,,sepa_vcp,6,6,True,0,0.75,risk_on,7,True
LYB,62.16999816894531,-23.743192681663714,54.34717529140827,33.2277157274343,11.189107057344636,0.060941547839338195,False,1.05381656305056,8.3159052938943,6.916235754171329,0.7290941985452326,True,True,False,False,22,36.666666666666664,False,0.4593086868345455,1.6993411560026188,True,0.9627392204870091,True,1.1881503231658375,True,1,1,0.5006372631356052,False,1.3515155896288824,True,3,1,False,False,False,25.0,17.297631729450273,10.487368240463011,0.7499995757677161,15.0,False,2,3,4,5,-4.324415270576376,64.9800033569336,264605938.80863494,62.262872628726285,False,0.0,0,,,,0.0,0,,,,False,False,False,False,0,,none,0,0,False,-1,0.625,risk_on,7,False
LYFT,16.78499984741211,-31.684981457496942,32.68774983063798,15.123456345983112,-6.915152324106554,0.10047832702226121,False,1.034804547010996,8.31098339646466,28.620686606035385,19.721820965542847,False,True,False,False,29,48.333333333333336,True,0.4797500167117997,2.177569414310317,True,2.407796176292502,True,2.9754640064573623,True,1,1,0.6979883921101792,True,1.1460557732376457,False,7,2,True,True,True,25.0,24.021400119651084,14.26868946000386,0.7725675375924382,2.0,False,2,3,2,3,-5.46324617968954,17.7549991607666,199887389.2713378,45.18970189701897,False,0.0,0,,,,0.0,0,,,,False,False,False,False,0,,none,0,0,False,-3,0.375,risk_on,7,False
LYG,6.215000152587891,0.0,51.14016093647575,41.83923276355905,19.800624093469388,0.08070066688010463,True,0.9774426689502316,2.654866577667296,10.888066758465076,5.162904954802827,True,True,False,True,31,51.66666666666667,True,0.35297494964832665,0.6550109085672489,False,3.201094140670074,True,1.7650661885181052,True,2,0,0.37051114771852267,False,0.600602793921383,False,7,1,False,False,False,45.0,18.637075645992073,3.8046380786041305,0.9742244947924175,0.0,True,7,2,6,6,-0.4803800403673786,6.244999885559082,90431491.95684555,68.4959349593496,False,0.0,0,,,,0.0,0,,,,True,True,False,False,2,power_play,sepa_vcp,6,6,True,0,0.75,risk_on,7,False
LYV,187.19500732421875,0.0,49.028744856794425,22.245805103627838,0.2071964335381722,0.06240489774951974,True,0.9065512278412255,4.5727702255263525,26.56007213133018,3.502712978264033,False,True,False,True,27,45.0,True,0.4102157310174275,0.9809029991115544,False,2.430475038289848,True,2.984542512100119,True,2,0,0.5497385840305439,False,0.8442340938147849,False,3,2,True,False,False,45.0,15.987023579611876,7.088858406724741,0.9702364732346966,0.0,True,6,3,4,6,-0.47583020420931543,188.08999633789062,360962157.45586395,51.96476964769647,False,0.0,0,,,,0.0,0,,,,False,True,False,False,1,,power_play,6,6,True,0,0.75,risk_on,7,False
M,23.68000030517578,-9.652799952960311,91.86216863775843,86.05258267744856,64.01397400735888,0.17350500303148877,False,0.9327090472040168,10.895269807670312,10.537836412079349,1.5002159563407558,False,True,False,False,27,45.0,True,0.4585137013929413,1.6228195017812013,True,-0.37593760018080347,True,-5.769991659429041,False,0,0,0.4130049883321563,False,1.138295882006654,False,6,3,True,False,False,65.0,33.07895177286538,14.527029095120959,0.6691562860065579,7.0,False,4,3,3,4,-10.943963259544741,26.59000015258789,110020156.07694435,86.31436314363144,True,0.0,0,,,,0.0,0,,,,False,False,False,False,0,,none,0,0,False,-2,0.5,risk_on,7,False
MA,563.35498046875,-5.358372567363656,19.669042131828874,-1.9094066672001642,-23.94801533728983,0.08304714155938239,False,0.9708976277378703,3.005208662874398,7.168137256837093,6.235268213894352,False,True,False,True,30,50.0,True,0.504762773087516,0.9418913629730824,True,3.1730189984285,True,-2.186827236971012,True,2,1,0.4703433717340887,False,1.2869602433798595,True,4,3,True,False,False,45.0,17.367962404676586,4.9080997546264316,0.799217447080872,8.0,False,3,4,4,6,-3.4871838306144043,583.7100219726562,1629051583.6571412,28.04878048780488,False,0.0,0,,,,0.0,0,,,,False,True,False,False,1,,power_play,6,6,True,0,0.75,risk_on,7,False
MAA,135.1199951171875,-3.872019605921073,14.754859755095605,1.262136854917606,-20.77647181517206,0.060050681026290784,False,1.013001504338914,3.4931922670730855,3.6870073454912333,1.7853070562617646,False,True,False,True,27,45.0,True,0.5040632801544872,0.9482334652998649,True,0.1577584886290119,True,1.1150117338404986,True,2,2,0.6070869280711825,True,1.218830841042538,True,5,0,False,False,False,65.0,13.337029691737746,4.795734133885263,0.5988772855247906,27.0,False,4,3,3,7,-5.349785552986308,142.7571991322104,140281743.1471756,30.62330623306233,False,0.0,0,,,,0.0,0,,,,False,True,False,False,1,,power_play,7,7,True,1,0.875,risk_on,7,False
MAC,24.940000534057617,-5.9222922718565325,57.843482001976575,44.4189579563145,22.380349286224835,0.19830454653562085,True,1.001669743718877,5.813948775224475,42.26732616927033,-1.4229198176242908,False,False,False,True,27,45.0,True,0.4303641261314572,1.299706762827157,False,0.038278682399085856,True,6.172842814252744,False,1,1,0.646115092993659,True,1.0437910237684238,False,6,1,False,False,False,55.0,17.608035009258483,10.184446115222668,0.6296157865128296,12.0,False,5,3,3,4,-6.52173819795877,26.68000030517578,95512590.15982437,70.25745257452574,False,0.0,0,,,,0.0,0,,,,False,False,False,False,0,,none,0,0,False,-2,0.5,risk_on,7,False
MAN,57.68000030517578,0.0,129.2177359640109,44.93451740162273,22.895908731533062,0.05327089374820388,True,0.9734109753084718,5.9639365612144495,102.0663048383633,15.475474322658322,False,True,False,True,35,58.333333333333336,True,0.5306154410112571,2.582230535286668,True,6.478117645698002,False,4.228406480187674,True,2,3,0.7691731307531027,True,1.2715392405517068,True,1,1,False,False,False,25.0,34.74283350110145,13.020107978153582,0.9870840359161471,4.0,True,10,5,7,6,-0.4487371896715109,57.939998626708984,78295217.8110157,70.59620596205963,False,0.0,0,,,,0.0,0,,,,True,True,False,False,2,power_play,sepa_vcp,7,7,True,1,0.875,risk_on,7,True
MANH,197.92999267578125,-10.109455251742638,63.74089772754743,-3.824106054069054,-25.86271472415872,0.21456334999843438,False,1.3380197091877153,5.875817366326589,33.384994601993824,19.587939849521476,True,True,False,True,29,48.333333333333336,True,0.4043624750549479,1.8648726587989422,False,3.497137866312721,True,3.829401251632092,True,2,2,0.5986293597055704,False,1.950680551849701,True,2,1,False,True,True,25.0,32.15813925099928,7.320773015385991,0.7531095245167958,10.0,False,4,4,6,6,-7.939538290334303,215.0,173647020.22970504,26.01626016260163,False,0.0,0,,,,0.0,0,,,,True,True,False,False,2,power_play,sepa_vcp,6,6,True,0,0.75,risk_on,7,False
MAR,354.6300048828125,-11.901923447383943,37.76166440946733,32.65382280039877,10.615214130309106,0.046709484254584294,False,1.049953118725924,4.303079140375522,0.2637544416725923,-2.699809670187936,False,True,False,True,26,43.333333333333336,True,0.44196822258972596,1.0751818594266203,True,-2.092516556845755,True,-1.4012868342538454,True,2,0,0.42850337211898754,False,0.9990607438204269,False,5,0,False,False,False,25.0,11.300526295765941,10.467246032792348,0.3182865741674615,12.0,False,3,1,2,5,-7.703720494797284,384.2300109863281,622746266.5576859,61.72086720867209,False,0.0,0,,,,0.0,0,,,,False,False,False,False,0,,none,0,0,False,-1,0.625,risk_on,7,False
MARA,9.559800148010254,-58.14448299411645,42.047550087917294,-39.72383130547254,-61.7624399755622,0.10076070615867476,False,0.803501471156539,16.10912297338724,31.859312386348336,-25.138607632560728,False,True,False,False,20,33.33333333333333,False,0.561107676167819,4.598568907392664,True,-3.154466855112403,True,-10.23661511332965,False,0,0,0.3005856612917407,False,0.9228955217479411,False,4,3,True,False,False,25.0,31.286554028995045,27.929454956751066,0.03733656631845676,24.0,False,1,2,2,2,-30.118421529615492,13.680000305175781,505807638.6533518,4.539295392953929,False,0.0,0,,,,0.0,0,,,,False,False,False,False,0,,none,0,0,False,-4,0.25,risk_on,7,False
MAS,75.86499786376953,-8.342393450942954,30.082357034236274,11.038618498528564,-10.999990171561102,0.06112150774014368,False,1.174498652399999,5.298881903727326,6.904883697478192,-2.097044837782569,False,True,False,True,32,53.333333333333336,True,0.58719937059198,1.8908287136537236,True,0.0190790794379793,True,0.5233823196998388,True,2,1,0.6356538249882011,True,1.0985533796588756,False,4,1,False,False,False,65.0,24.73865827745833,9.12146360482541,0.624240196244887,11.0,False,2,3,3,5,-9.295793379502538,83.63999938964844,216916460.57131615,40.921409214092144,False,0.0,0,,,,0.0,0,,,,False,False,False,False,0,,none,0,0,False,-1,0.625,risk_on,7,False
MAT,14.861000061035156,-32.937724894566486,13.877393439320041,-18.659005535382413,-40.69761420547208,0.08840761280508762,False,1.0485482350785913,5.517796187715653,-6.239749505563497,4.360957162208079,False,True,False,True,22,36.666666666666664,False,0.5047233042740442,1.8564188484209387,True,1.2583413920201436,True,2.560388514680856,True,2,0,0.5341264632935502,False,0.9251149216308391,False,4,0,False,False,False,35.0,18.658147907150997,9.824372735015487,0.7297946791506551,6.0,False,1,2,3,5,-5.041530841706265,15.649999618530273,59317919.55795779,14.498644986449866,False,0.0,0,,,,0.0,0,,,,False,False,False,False,0,,none,0,0,False,-1,0.625,risk_on,7,False
MATX,216.78500366210938,-2.8465243198217527,148.5090390317692,99.08308586712941,77.04447719703975,0.10730062281634513,True,1.0363899165282073,7.306776792817062,37.555609086758125,1.6838807980360082,False,True,False,True,25,41.66666666666667,True,0.45876062196696565,1.7400346819330625,True,1.9224297548205878,True,5.102787469978631,False,1,0,0.47741989674802915,False,0.3848791629752048,False,6,2,True,False,False,35.0,17.88159814574114,12.533001308476932,0.6715121796746967,20.0,False,8,3,4,5,-5.873887198827488,230.31335004775522,63666477.073581696,88.55013550135502,True,0.0,0,,,,0.0,0,,,,False,False,False,False,0,,none,0,0,False,-1,0.625,risk_on,7,False
MBLY,9.012999534606934,-42.00128985372146,37.393286786951265,-36.75088045889871,-58.78948912898838,0.07965463667876559,False,0.733683635048173,5.214693124349593,-4.117022336473763,20.65595432065863,False,True,False,True,23,38.333333333333336,False,0.47408129516308234,2.759031796886577,True,0.20172844465655854,True,7.042748847266012,False,1,0,0.5731486125138686,False,0.6130704219233706,False,3,2,True,False,False,25.0,31.40096963335232,15.865970289334836,0.588615184400238,21.0,False,1,2,3,3,-12.917882102270372,10.350000381469727,57803415.679822065,5.826558265582656,False,0.0,0,,,,0.0,0,,,,False,False,False,False,0,,none,0,0,False,-3,0.375,risk_on,7,False
MC,66.44000244140625,-11.966405719276684,31.902330383194876,-7.8744860507732,-29.913094720862865,0.04852780640870064,False,0.9183745876222885,6.863295414011004,5.594130862444269,2.3250436223275717,False,True,False,True,25,41.66666666666667,True,0.4379659910161635,1.573713519722263,False,-0.05142568700807944,True,-0.2904808608950482,True,2,0,0.43457110657944503,False,0.7052169022261734,False,8,2,True,False,False,35.0,15.58156032928635,9.59079201796307,0.5092343132698578,27.0,False,2,2,3,5,-7.646895155329359,71.9412764228687,62572306.28027954,22.425474254742547,False,0.0,0,,,,0.0,0,,,,False,False,False,False,0,,none,0,0,False,-1,0.625,risk_on,7,False
MCD,276.0050048828125,-18.070373478234202,5.024740374130654,-7.332121072648857,-29.370729742738522,0.12445673000331538,False,0.9972815342771684,3.481815612598312,-15.854849314553599,5.024740374130654,True,True,False,True,23,38.333333333333336,False,0.47160560597399986,1.019974899448428,True,0.39864843891725904,True,-0.09230611518070697,True,2,1,0.6131888626057401,True,0.6527425461298688,False,4,1,False,False,False,25.0,6.365274479706523,5.094109639266653,0.8480831921280567,12.0,True,1,4,5,5,-0.9669921801857551,278.70001220703125,1195314748.2445374,22.96747967479675,False,0.0,0,,,,0.0,0,,,,False,False,False,False,0,,none,0,0,False,-1,0.625,risk_on,7,False
MCHP,79.54499816894531,-22.553793322961234,65.5248322842358,24.26263278283065,2.2240241127409845,0.061887026503560295,False,0.9172919328604164,8.690047939205009,1.8942671218920015,-2.2188080381464137,True,True,False,False,22,36.666666666666664,False,0.5179309167559524,2.561323745156868,True,-1.470581662600331,True,6.972831516991618,False,0,0,0.3559768190711732,False,0.8442654606505772,False,7,2,True,False,False,25.0,20.357741426206395,16.83323866726286,0.4560681341416051,24.0,False,1,2,3,4,-11.073224278619186,89.44999694824219,863877177.8175018,53.5230352303523,False,0.0,0,,,,0.0,0,,,,False,False,False,False,0,,none,0,0,False,-2,0.5,risk_on,7,False
MCK,866.4000244140625,-12.888749299110602,31.176981615850828,31.176981615850828,9.138372945761162,0.1241239310086671,False,1.3229681627658656,4.8430239791229335,-5.231555864794302,5.08314651191506,False,True,False,True,27,45.0,True,0.5768291946558304,1.8688608358198628,True,1.7700891929720093,True,-0.5715050197209526,True,2,1,0.5076742704650687,False,1.2762838560826046,True,5,2,True,False,False,35.0,18.40218990796233,11.728992642389647,0.7254646243585983,5.0,False,2,4,3,5,-5.052052119006845,912.5,842472519.0138855,60.77235772357723,False,0.0,0,,,,0.0,0,,,,False,False,False,False,0,,none,0,0,False,-1,0.625,risk_on,7,False
MCO,483.44000244140625,-10.001486211299703,17.80824994381536,-6.456387209861103,-28.494995879950768,0.09260385674931129,False,0.827192710343122,2.362240064964111,16.996549120108707,2.3716780532442083,False,True,False,True,26,43.333333333333336,True,0.39293820209957775,0.8218747509691757,False,1.0083212993568715,True,2.1791045700319422,True,2,0,0.5346862259679231,False,0.4531701948924731,False,6,2,True,False,False,65.0,18.554968671823165,4.2549245449980875,0.589392455087148,19.0,False,2,2,3,5,-7.618810132272191,523.3099975585938,419063107.8867127,23.9159891598916,False,0.0,0,,,,0.0,0,,,,False,False,False,False,0,,none,0,0,False,-1,0.625,risk_on,7,False
MDB,456.375,0.0,123.3082208267954,120.0139883885194,97.97537971842974,0.36202374084369154,False,1.0180526774077134,17.65434288123117,27.92930775721716,52.562337919369284,True,True,False,False,27,45.0,True,0.5196178653034439,2.7120618621984587,True,5.229491133604452,False,23.344594594594593,False,0,3,0.7553067155493037,True,2.5083299514003707,True,2,2,True,False,False,25.0,36.70498730045079,29.800054779512465,0.9726670986729065,0.0,True,7,5,5,4,-1.003253796095449,461.0,499557397.84480286,90.98915989159892,True,0.0,0,,,,0.0,0,,,,False,False,False,False,0,,none,0,0,False,-1,0.625,risk_on,7,False
MDGL,530.969970703125,-11.92044927252005,43.56748214382522,42.1758643099506,20.137255639860932,0.02903990819839347,False,1.1707901075542944,8.151119868791131,12.06862979947827,-2.2784587170473602,False,True,False,False,28,46.666666666666664,True,0.4663703581179116,1.88265367857196,True,0.4879673107837587,True,4.038323133300747,True,1,1,0.5643183537162682,False,0.922920462303519,False,2,1,False,False,False,25.0,21.04807383725374,15.89167175896486,0.7045395064023671,13.0,False,4,2,2,5,-6.21887428523441,566.1799926757812,195925081.48237914,69.10569105691057,False,0.0,0,,,,0.0,0,,,,False,False,False,False,0,,none,0,0,False,-1,0.625,risk_on,7,False
MDLZ,63.29499816894531,-2.608093169009229,24.98185803545536,5.312282475801511,-16.726326194288156,0.061257206779041916,False,1.1013552870808878,3.862863994873799,4.070727232950189,5.403828431494939,False,True,False,True,25,41.66666666666667,True,0.420238806234512,1.0208197850856475,False,1.3145562732345897,True,0.8685229783989001,True,2,2,0.6292819314458713,True,1.2451099197581403,True,3,2,True,False,False,35.0,13.308330897994026,5.087285724238633,0.6217584759794565,11.0,False,4,5,4,7,-5.033763361026944,66.6500015258789,558281088.717112,34.823848238482384,False,0.0,0,,,,0.0,0,,,,False,True,False,False,1,,power_play,7,7,True,1,0.875,risk_on,7,False
MDT,91.5,-10.997835110395126,25.18720271128043,1.6845271081007196,-20.354081561988945,0.11645711989218643,False,1.0192698640944349,7.169396238900274,-7.7325807768670485,11.571756635251962,False,True,False,True,26,43.333333333333336,True,0.39416064883887775,0.9539909889975101,False,3.8493632962036353,True,6.494415677340548,False,1,3,0.7621285056546294,True,2.0275450148672958,True,1,0,False,False,False,45.0,15.946315007290538,8.393442956476264,0.9986298101055666,0.0,True,3,5,4,6,-0.02184947967643902,91.5199966430664,566917520.5268936,31.029810298102984,False,0.0,0,,,,0.0,0,,,,False,True,False,False,1,,power_play,6,6,True,0,0.75,risk_on,7,False
MDY,714.2999877929688,0.0,26.974884600007275,26.974884600007275,4.93627592991761,0.09127444659359553,False,0.8452555190223774,1.4881709456074468,9.533915893619183,3.50223620754766,False,True,False,True,28,46.666666666666664,True,0.4177584857906814,0.4800651052222459,False,2.884940034931111,True,2.105576327534475,True,2,0,0.561779749909111,False,0.9023383989549055,False,3,2,True,False,False,65.0,9.427193051639406,5.049700117686857,0.9869476916617607,0.0,True,5,3,3,6,-0.12304663047409958,715.1799926757812,407272366.8963684,55.487804878048784,False,0.0,0,,,,0.0,0,,,,False,True,False,False,1,,power_play,6,6,True,0,0.75,risk_on,7,False
MEDP,591.6500244140625,-4.663304466564721,50.386356621570336,26.420945387620186,4.382336717530521,0.0684097775336446,False,0.8450634130254723,4.412233481204185,42.209886612426395,-2.3389757252722854,False,True,False,True,25,41.66666666666667,True,0.4301704774208144,1.5633440201511324,False,3.5258874795064292,True,1.1350258179509964,True,2,1,0.6296816959475988,True,0.45037386732444046,False,4,2,True,False,False,45.0,34.35536379166692,7.561055270109311,0.6296614664684707,15.0,False,5,4,4,6,-12.723115045548127,677.9000244140625,203295833.96138915,55.013550135501355,False,0.0,0,,,,0.0,0,,,,False,True,False,False,1,,power_play,6,6,True,0,0.75,risk_on,7,False
MELI,1852.699951171875,-26.215766305915654,19.775530348969816,-20.392733540964237,-42.4313422110539,0.14512001811594202,False,1.1140079086038304,7.87985070880112,-7.688094112014198,3.0021683141103317,False,False,False,True,29,48.333333333333336,True,0.2947923851160513,1.0159727863390828,False,1.3544789190498336,True,1.2404344902663844,True,2,2,0.5704557281173235,False,1.5672896214236394,True,2,1,False,True,True,35.0,17.776975406282116,9.712849134478173,0.7302998652053325,2.0,False,2,3,2,6,-4.794452663315774,1946.0,793243389.3362061,13.821138211382115,False,0.0,0,,,,0.0,0,,,,False,True,False,False,1,,power_play,6,6,True,0,0.75,risk_on,7,False
MET,97.49849700927734,-2.4527263770046104,46.01814948640137,29.63002260530587,7.591413935216206,0.04069988625290211,True,0.9266312328263946,3.2820987465454943,27.78474509292583,6.0109484085901554,False,True,False,True,30,50.0,True,0.3821553981083143,0.7661571832869034,False,3.9324219460002023,True,-2.4527263770046104,True,2,2,0.43186195774432257,False,1.565224125904196,True,2,1,False,False,False,45.0,17.10920286249607,7.200107548733216,0.8012832983342264,5.0,False,5,4,5,7,-3.3998843609658325,100.93000030517578,384478025.53161466,58.60433604336044,False,0.0,0,,,,0.0,0,,,,False,True,False,False,1,,power_play,7,7,True,1,0.875,risk_on,7,False
META,590.1851196289062,-24.59286230092691,12.36631099934693,-24.095026664804674,-46.133635334894336,0.16414668493989823,False,0.9131042106714983,5.798175786716152,-9.01373131856602,-2.6257806629419234,False,True,False,True,22,36.666666666666664,False,0.5094930770936975,1.618331671106064,True,-0.3442268517985374,True,0.048329412280834205,True,2,0,0.518837828111655,False,0.8724271539597724,False,6,3,True,False,False,25.0,23.552650249294196,12.235147849552716,0.4065543565587192,21.0,False,0,2,3,4,-13.977217681939836,686.0800170898438,9453875115.25235,11.449864498644986,False,0.0,0,,,,0.0,0,,,,False,False,False,False,0,,none,0,0,False,-2,0.5,risk_on,7,False
MFC,44.189998626708984,-1.2955144630875437,50.65402795895639,49.70273699076142,27.664128320671757,0.06244727121974756,True,1.1247070360828717,3.0323607020389853,18.54092696755403,3.97646735696231,False,False,False,True,31,51.66666666666667,True,0.5351974244691555,0.9549186081287898,True,3.064221204036989,True,-0.8748389150446956,True,2,1,0.4830913766188565,False,1.2690499237804878,True,4,1,False,False,False,55.0,18.729321278452858,8.259790991875704,0.8657240307458248,5.0,True,6,4,4,5,-2.514897768137103,45.33000183105469,91484188.91878891,73.30623306233063,False,0.0,0,,,,0.0,0,,,,False,False,False,False,0,,none,0,0,False,-1,0.625,risk_on,7,False
MGA,70.08999633789062,-2.3272097946283155,63.50823349043717,59.76034998001438,37.72174130992472,0.07465495242608727,True,1.0923346537507883,3.7523256102536284,23.126050248977204,6.584540847018228,False,True,False,True,29,48.333333333333336,True,0.4442046287919159,1.3776962818586211,True,1.618250715634937,True,3.347090317429835,True,2,0,0.5656399758630659,False,0.7559274271763486,False,5,1,False,False,False,65.0,19.232907627390798,8.617493552731322,0.8648841961007951,6.0,True,6,3,5,6,-2.598669775394058,71.95999908447266,84579569.30464402,78.11653116531166,False,0.0,0,,,,0.0,0,,,,False,True,False,False,1,,power_play,6,6,True,0,0.75,risk_on,7,False
MGM,44.33000183105469,-12.546847441229092,44.30339460256336,21.61865817058426,-0.4199504995054042,0.053741657291337196,False,0.9158320089800389,3.5867360408589946,29.657805240227187,-1.466992271147216,False,True,False,True,19,31.666666666666664,False,0.4714310406364952,1.0240447256173166,True,-2.0876947522676335,True,-0.827738088522656,True,2,0,0.4915126551429826,False,0.5420470103882427,False,6,3,True,False,False,25.0,10.279790848647991,6.4290511085081254,0.20967764263970948,23.0,False,0,2,2,4,-8.12434853667422,48.25,109078673.76670781,51.42276422764228,False,0.0,0,,,,0.0,0,,,,False,False,False,False,0,,none,0,0,False,-2,0.5,risk_on,7,False
MGNI,24.530000686645508,-7.503769746488054,119.01786700347263,7.399301763428978,-14.639306906660687,0.0680311060406949,False,1.141600380549679,6.2372631219633945,119.01786700347263,36.88616396322351,False,True,False,True,33,55.00000000000001,True,0.3752274514738843,1.8214882022898626,False,4.829174949238404,False,0.863490931153188,True,2,2,0.4440957834687914,False,2.7127564392993384,True,2,2,True,True,True,25.0,30.333992099305036,26.5389321102872,0.8808290245049789,4.0,False,6,3,3,6,-3.6149314291324397,25.450000762939453,57936365.025705814,37.12737127371274,False,0.0,0,,,,0.0,0,,,,False,True,False,False,1,,power_play,6,6,True,0,0.75,risk_on,7,False
MGY,25.719999313354492,-19.47359890961676,23.432069686686717,10.356518342481102,-11.682090327608563,0.031787282382623676,False,1.0766777617234846,8.534264296191074,0.3015513220400834,0.5664892300000446,False,True,False,False,21,35.0,False,0.4710607728117511,1.8691684893497644,True,-0.23562678043139113,True,4.670411343694991,True,1,1,0.5032474544880914,False,1.556759850267151,True,3,1,False,False,False,25.0,15.431881191217522,11.371458611211304,0.5868683640273501,19.0,False,1,2,3,5,-6.375398322663262,27.471411202361793,185944270.8832222,39.701897018970186,False,0.0,0,,,,0.0,0,,,,False,False,False,False,0,,none,0,0,False,-1,0.625,risk_on,7,False
MHK,139.51499938964844,-0.16815786071667782,47.90098238259362,15.674486927806486,-6.36412174228318,0.14037220611615076,False,1.0927028956685387,5.250329341137264,5.581201781493084,29.18055499041523,True,True,False,True,33,55.00000000000001,True,0.397967667231462,1.514127844305493,False,4.783897389826093,False,5.357952966931112,False,1,2,0.6807979090456715,True,2.358891342116693,True,4,1,False,True,True,25.0,24.233446678115524,18.68974451658627,0.983502796770414,0.0,True,5,3,5,4,-0.39978409480220245,140.0749969482422,115279981.06555176,45.9349593495935,False,0.0,0,,,,0.0,0,,,,False,False,False,False,0,,none,0,0,False,-1,0.625,risk_on,7,False
MIAX,44.029998779296875,-22.536948168371506,43.23356898871991,,,0.020283918039036862,False,0.8908408508800809,9.311829633865294,6.532777228704245,4.733581875433623,False,False,False,False,22,36.666666666666664,False,0.42618518920412524,1.6093666736129382,False,1.153490574636122,True,-3.1456232599534117,True,1,0,0.30499175910762044,False,0.9845762632270991,False,4,2,True,False,False,35.0,25.410525673314144,12.877579664188804,0.7125102478510328,5.0,False,1,3,3,4,-7.305265727796051,47.5,55057589.74891815,,False,0.0,0,,,,0.0,0,,,,False,False,False,False,0,,none,0,0,False,-2,0.5,risk_on,7,False
MIDD,118.52999877929688,-17.78304559273026,31.924056877945773,6.778366333945707,-15.260242336143959,0.10213269273087361,False,0.9752581448338042,16.333418383307276,-10.184840673689255,-9.61567841165244,False,False,False,False,28,46.666666666666664,True,0.4110916807189606,1.3308009659316404,False,-3.2355826822900435,True,-11.06692687206957,False,0,0,0.49502368813359227,False,0.8735915181542623,False,5,2,True,False,False,25.0,16.64866540229476,19.51403852377619,0.11802840260263733,7.0,False,1,2,2,3,-14.683650019396111,138.92999267578125,68104088.9549408,36.17886178861789,False,0.0,0,,,,0.0,0,,,,False,False,False,False,0,,none,0,0,False,-3,0.375,risk_on,7,False
MIR,15.300000190734863,-48.57142793030298,5.010298635558419,-30.86307830567103,-52.9016869757607,0.14268403735888602,False,1.0324619037167455,5.816995635475263,-28.770947314731888,-9.36018393711806,True,True,False,True,21,35.0,False,0.454888362085049,2.65526615754317,True,-1.5696547233014122,True,1.864179257241383,True,2,0,0.47968192473305715,False,1.0708801883632177,False,8,2,True,False,False,25.0,20.05665744115073,10.777778740455544,0.33615834657656507,11.0,False,0,2,3,4,-13.31444463788094,17.649999618530273,66535020.876325086,7.994579945799458,False,0.0,0,,,,0.0,0,,,,False,False,False,False,0,,none,0,0,False,-2,0.5,risk_on,7,False
MIRM,99.54499816894531,-22.575256670928102,55.29641269669347,52.817008138879814,30.77839946879015,0.0572937703899332,False,1.0236197626492198,7.4237777141813925,-2.416433600298562,-12.954706507814794,False,True,False,True,25,41.66666666666667,True,0.44824438170477066,2.1112490842331226,True,-1.9534823359351148,True,5.769537723451523,False,1,0,0.4379505000968428,False,1.0975556266542568,False,6,4,True,False,False,25.0,30.295666407048266,24.69235248700102,0.2760807550472892,24.0,False,2,2,2,2,-21.931615950729586,127.51000213623047,75892912.62462616,74.59349593495935,False,0.0,0,,,,0.0,0,,,,False,False,False,False,0,,none,0,0,False,-4,0.25,risk_on,7,False
MKC,54.43000030517578,-22.661838060365024,20.44568412541952,-19.35090255670421,-41.38951122679387,0.0593243459483096,False,0.9464622105364586,5.070729939479264,-19.645015467287795,8.447901563022665,False,True,False,True,31,51.66666666666667,True,0.45518786687475776,1.3884700264641119,True,2.769190060909143,True,4.112474323029858,True,2,3,0.6178955430808878,True,1.6556090745850305,True,2,2,True,False,False,55.0,17.46639075678425,7.844932241641692,0.9748663742033564,0.0,True,2,6,4,5,-0.4389937292989643,54.66999816894531,150654284.88065338,14.159891598915989,False,0.0,0,,,,0.0,0,,,,False,False,False,False,0,,none,0,0,False,-1,0.625,risk_on,7,False
MKL,1848.7125244140625,-15.657073462283789,5.55807907913608,-3.2300498378259546,-25.26865850791562,0.08565586662472476,False,1.1158509473905958,3.4440208039101328,-10.967633803515731,-6.542888232174882,False,True,False,True,27,45.0,True,0.3735275792182368,0.8337295209611792,False,-1.0978422557574503,True,-1.2086287384780126,True,2,0,0.3247930140098897,False,1.1670703370794417,False,4,2,True,False,False,55.0,14.280295197689757,8.059663037509015,0.2989824773393784,11.0,False,1,2,2,4,-10.01073716234685,2054.3701171875,117592332.58291015,26.82926829268293,False,0.0,0,,,,0.0,0,,,,False,False,False,False,0,,none,0,0,False,-2,0.5,risk_on,7,False
MKSI,310.54998779296875,-30.182105144860383,218.03302794269993,214.19242611179655,192.15381744170688,0.08381565394846191,False,0.9403265902967016,8.44952222373557,24.135841260444344,-4.233998716545173,True,True,False,False,26,43.333333333333336,True,0.46651325580812786,2.8598602231224466,True,-1.366549466127501,True,6.604644672555415,False,0,0,0.3631029233708502,False,0.5913442580105588,False,7,1,False,True,True,25.0,32.678054228092144,14.35195912934049,0.4374295136944997,22.0,False,4,1,3,3,-18.38370885861531,380.5,460102363.1115753,96.00271002710026,True,0.0,0,,,,0.0,0,,,,False,False,False,False,0,,none,0,0,False,-3,0.375,risk_on,7,False
MKTX,162.66000366210938,-15.521278639323466,49.106250914422375,-12.339137241512532,-34.3777459116022,0.21294866470001456,False,0.9347031661100629,0.1967244917161081,-7.426947555009966,42.29726807467744,True,True,False,True,20,33.33333333333333,False,0.4070893083433318,0.783836504862713,False,9.56489867741172,False,0.02460247578599528,True,2,1,0.3982172253285951,False,0.2901024762799177,False,1,1,False,True,True,25.0,31.74332081282416,0.5901922367230433,0.9754035596314727,10.0,True,1,3,6,3,-0.7807726974716656,163.94000244140625,218383605.94447327,19.241192411924118,False,75.07,6,164.1,162.0,1.28,0.0,0,,,,True,False,True,False,2,qm_breakout,sepa_vcp,6,6,True,0,0.75,risk_on,7,False
MLI,67.04499816894531,-4.533892735199185,49.479081749596766,44.58307982232237,22.544471152232703,0.058978844036973926,True,0.9045245382545534,4.8549555846213615,13.479844648564555,6.201484293665582,False,True,False,True,24,40.0,True,0.40390326890500866,1.1719535252179394,False,1.5294780685865512,True,-3.4768225559438592,True,2,2,0.35701463039420905,False,1.3478285084111181,True,1,1,False,False,False,25.0,21.316089815305798,7.8156546144723285,0.7312002906818744,5.0,False,6,4,5,7,-5.729758746153257,71.12000274658203,81357781.84100342,70.39295392953929,False,0.0,0,,,,0.0,0,,,,False,True,False,False,1,,power_play,7,7,True,1,0.875,risk_on,7,True
MLM,549.989990234375,-22.12333243395115,4.732066666558188,-10.828870588973405,-32.867479259063074,0.12195645015577639,False,0.9427624445125972,4.21281193416606,-16.4554635970809,0.5705186141212515,False,True,False,True,27,45.0,True,0.4838876819131331,1.4713420348631587,True,-1.3356551242132118,True,2.175440347061741,True,2,0,0.5237772000637458,False,0.714710099842977,False,7,2,True,False,False,25.0,10.972792437287415,6.981949689247719,0.4108803741571248,11.0,False,1,2,2,4,-6.464287375106292,588.0,316313485.9199066,20.32520325203252,False,0.0,0,,,,0.0,0,,,,False,False,False,False,0,,none,0,0,False,-2,0.5,risk_on,7,False
MMM,182.42999267578125,-0.7345772730888211,29.86789588436849,16.006545260061912,-6.032063410027753,0.06999166050756285,False,0.9065639027532743,2.971001691908116,5.490117844349873,7.571199136244,False,True,False,True,32,53.333333333333336,True,0.43439861609160163,1.0065067029780892,False,4.204757710528426,False,0.9517934248308935,True,2,1,0.5391657742939173,False,1.1295495759014424,False,2,2,True,False,False,45.0,17.94483167714811,5.295183933530795,0.9255575115751599,12.0,True,5,4,5,5,-1.3358579244117985,184.89999389648438,636098325.2257531,46.27371273712737,False,0.0,0,,,,0.0,0,,,,False,False,False,False,0,,none,0,0,False,-1,0.625,risk_on,7,False
MMSI,91.25,-2.0712602477514497,51.30160491160447,5.919905262670344,-16.11870340741932,0.05270517165808123,False,1.2401050084447478,5.128767457726884,15.71138637300753,24.81192619095671,True,True,False,True,33,55.00000000000001,True,0.4370082615024264,1.4567276398826186,False,5.879721836271128,False,4.059753061328175,True,2,2,0.5911233897221966,False,2.729520688637363,True,1,0,False,False,False,25.0,23.47260393342267,10.279457405821917,0.9583910622880136,0.0,True,4,3,5,5,-0.9766701150039081,92.1500015258789,93025181.43354225,35.36585365853659,False,0.0,0,,,,0.0,0,,,,False,False,False,False,0,,none,0,0,False,-1,0.625,risk_on,7,False
MNDY,85.79499816894531,-60.85101503152648,45.88504704220213,-50.729342581317695,-72.76795125140737,0.08228207787717706,False,1.1712495715927145,16.527770391990554,15.767099530912176,17.785560794043633,False,False,False,False,27,45.0,True,0.45703712834091914,2.8716569717670923,True,0.6986790076009526,True,-2.0269516182079172,True,1,2,0.6973253410181218,True,2.4507026885181404,True,6,0,False,True,False,25.0,25.450448776399675,17.763270807185425,0.6021814511646486,6.0,False,2,3,2,3,-10.124660599435764,95.45999908447266,154499774.56059876,2.100271002710027,False,0.0,0,,,,0.0,0,,,,False,False,False,False,0,,none,0,0,False,-3,0.375,risk_on,7,False
MNST,46.709999084472656,-53.26195923213207,2.5916985214424093,-27.049820435767955,-49.08842910585762,0.10272822813401933,False,1.8166855855383404,107.36458722786084,-42.18344033278099,-51.17591723793424,False,True,False,False,27,45.0,True,0.5152440701235617,1.3007378478349572,True,-8.421803490395394,True,-50.55049805505361,False,0,0,0.5572381227671634,False,0.9716774883026091,False,5,2,True,False,False,,,,,,False,1,2,2,2,,,542621394.1538715,9.823848238482384,False,0.0,0,,,,0.0,0,,,,False,False,False,False,0,,none,0,0,False,-4,0.25,risk_on,7,False
MO,65.69940185546875,-12.307256458661453,23.902161436722878,7.108126650835556,-14.93048201925411,0.19890917098900912,False,1.1817537304633383,6.392759232232057,1.177825772584673,-8.85210850929382,False,True,False,True,22,36.666666666666664,False,0.43635670861331527,1.1836592652666313,False,-2.367768136986354,True,-3.026713128459413,True,2,1,0.4883078046116676,False,1.226408383986482,True,4,2,True,False,False,25.0,16.50662032662443,8.264915892417358,0.10687149269809433,12.0,False,0,3,2,4,-14.742533172917371,77.05999755859375,627343455.0636349,36.78861788617886,False,0.0,0,,,,0.0,0,,,,False,False,False,False,0,,none,0,0,False,-2,0.5,risk_on,7,False
MOD,201.18499755859375,-34.44394149185197,68.10243737097746,41.95949465544013,19.920885985350466,0.08160181838271274,False,0.9220314053954588,11.153914413956615,-6.621025570529637,-19.403492711333193,False,True,False,False,24,40.0,True,0.4062712743607272,3.018494989265001,False,-2.6226886340055606,True,4.500827495240345,True,1,1,0.3472763486951712,False,1.2585962153186696,True,4,2,True,True,False,25.0,33.459732336505326,11.153914413956615,0.36189966316208333,15.0,False,2,3,2,3,-21.35066647443058,255.8000030517578,314733176.6644562,68.76693766937669,False,0.0,0,,,,0.0,0,,,,False,False,False,False,0,,none,0,0,False,-3,0.375,risk_on,7,False
MOG-A,426.3999938964844,-0.5643424715266798,124.58714720383495,119.82022985959597,97.7816211895063,0.09461263881544156,True,1.266639235133173,10.17821364094251,32.21625164273472,4.088856401699981,False,True,False,False,30,50.0,True,0.4352974104623438,2.083616617696545,False,1.078772316219371,True,3.7141509576817278,True,1,2,0.5525137481179488,False,1.2335844193518746,True,2,1,False,True,False,25.0,15.611427631497415,15.867709446027936,0.8965427499233226,0.0,True,9,4,5,6,-1.6151153725257772,433.39990234375,119334814.31393433,90.92140921409214,True,0.0,0,,,,0.0,0,,,,False,True,False,False,1,,power_play,6,6,True,0,0.75,risk_on,7,True
MOH,208.7050018310547,-14.070735492716647,70.16306500984295,29.461567606957995,7.42295893686833,0.036002099607867356,False,0.7992173020748579,9.170838849919917,64.71075948151426,4.201412365569479,False,True,False,False,27,45.0,True,0.4665991858221859,2.2447685627069838,True,-0.13487567307741677,True,8.768499332964774,False,0,0,0.5297315293733811,False,0.41929414255255876,False,4,1,False,False,False,25.0,24.02711277901935,10.3830829341005,0.38502719560347687,22.0,False,4,1,3,5,-14.776020927265066,244.88999938964844,298101447.2501022,58.40108401084011,False,0.0,0,,,,0.0,0,,,,False,False,False,False,0,,none,0,0,False,-1,0.625,risk_on,7,False
MORN,198.8300018310547,-24.24222005222717,40.60373662901882,-23.0465685993703,-45.08517726945996,0.02479161793132318,False,1.1140927457622842,7.488809159847229,29.875769792028706,18.654886400018643,False,True,False,True,28,46.666666666666664,True,0.45073266670029366,1.7352083721486462,True,2.750927333669246,True,1.1497148204854701,True,2,2,0.6325972952330507,True,1.4455100521221147,True,3,1,False,False,False,25.0,20.315167654613138,10.345524887987995,0.852545641699149,3.0,True,2,5,5,5,-2.995560010285181,204.97000122070312,74339238.7626648,12.398373983739837,False,0.0,0,,,,0.0,0,,,,False,False,False,False,0,,none,0,0,False,-1,0.625,risk_on,7,False
MOS,22.485000610351562,-35.66609237774713,13.446018953387174,-27.74618490003593,-49.7847935701256,0.1359275273080461,False,0.9850925618518579,5.648211800265612,-23.05972382442635,0.9201073491390543,False,True,False,True,24,40.0,True,0.4561151475051247,1.9655103327627348,True,0.35017871582058296,True,-4.1560038881945705,True,2,0,0.46214555909509575,False,1.006392842016065,False,3,1,False,False,False,45.0,18.484979453403685,11.162998268838344,0.5979956279677526,41.0,False,1,1,2,4,-7.431042557194544,24.290000915527344,162024594.3232418,9.34959349593496,False,0.0,0,,,,0.0,0,,,,False,False,False,False,0,,none,0,0,False,-2,0.5,risk_on,7,False
MP,54.81999969482422,-44.429803500364606,43.8845193971857,-27.29443158431659,-49.33304025440626,0.25239268946212945,False,0.9947798341396372,14.301350230266596,-4.32809698997747,22.777150775797473,False,False,False,False,20,33.33333333333333,False,0.45254865864638316,2.9555674923150215,True,0.8704184171204258,True,15.434823662432162,False,0,1,0.5510204762593494,False,1.535669574431159,True,7,0,False,True,True,35.0,34.19769931129643,28.01896548916708,0.865648870373854,29.0,False,1,2,1,3,-4.594499533087948,57.459999084472656,322845211.1075264,9.688346883468835,False,0.0,0,,,,0.0,0,,,,False,False,False,False,0,,none,0,0,False,-3,0.375,risk_on,7,False
MPC,348.42498779296875,0.0,119.6525230713557,119.6525230713557,97.61391440126604,0.13680246099758295,True,1.2635806859994865,17.073982302125128,77.51112768842208,11.578121513852535,False,False,False,False,33,55.00000000000001,True,0.5500081071320878,2.1283914588395008,True,5.085436299356786,False,16.43274445880325,False,0,2,0.6813376055579013,True,1.5583583540464867,True,4,1,False,False,False,25.0,20.666004587450065,17.073982302125128,0.9802902081652862,0.0,True,10,3,4,3,-0.40732264847388455,349.8500061035156,691917843.7354126,90.85365853658537,True,0.0,0,,,,0.0,0,,,,False,False,False,False,0,,none,0,0,False,-2,0.5,risk_on,7,False
MPLX,59.619998931884766,-0.5338667036299038,34.82648095166001,29.672128087216798,7.6335194171271326,0.09182552388661076,True,1.1117916414533158,3.1365296299673204,12.214921853909022,5.5503925159495315,True,True,False,True,30,50.0,True,0.5145307286979109,1.0562983566495796,True,2.7354537031910557,True,0.466778616224528,True,2,1,0.6168901779503819,True,0.965296135360703,False,4,0,False,False,False,65.0,12.312826367545705,6.032464637224619,0.927099767325394,1.0,True,6,3,5,6,-0.8976079070761034,60.15999984741211,93714040.09998779,58.739837398373986,False,0.0,0,,,,0.0,0,,,,False,True,False,False,1,,power_play,6,6,True,0,0.75,risk_on,7,False
MPWR,1414.260009765625,-16.18283191853739,73.52096061830974,65.25366510866758,43.21505643857791,0.06848810793780642,True,0.9205724033054586,6.649416543856357,22.779911077537875,1.2246347960189974,False,True,False,True,23,38.333333333333336,False,0.4215491758474207,2.24740156620236,False,0.09486887779338861,True,4.0601035623482495,True,2,0,0.2901009484419147,False,0.5382108920600115,False,4,1,False,False,False,25.0,21.50285799332066,18.61043580066251,0.5434596571706588,9.0,False,3,1,4,5,-9.816922160081255,1568.2099609375,1161356999.5151124,80.75880758807588,True,0.0,0,,,,0.0,0,,,,False,False,False,False,0,,none,0,0,False,-1,0.625,risk_on,7,False
MRCY,109.6500015258789,-13.1209869889232,70.7412012482649,60.33046133127413,38.291852661184464,0.09855940640396184,True,0.886744671624926,6.081716276284968,36.63551592009833,3.112662499508545,False,True,False,True,24,40.0,True,0.5023961877833202,3.0416655279432514,True,0.19012541602307792,True,0.7534684195789731,True,2,2,0.501415325644666,False,1.2584586568910041,True,2,2,True,False,False,25.0,22.03918759844327,18.951207013337353,0.7761606915077209,6.0,False,5,4,5,6,-4.933236511767158,115.33999633789062,59063298.607543945,78.38753387533876,False,0.0,0,,,,0.0,0,,,,False,True,False,False,1,,power_play,6,6,True,0,0.75,risk_on,7,False
MRK,134.1699981689453,0.0,76.93211015672428,67.64061811265616,45.60200944256649,0.09801340421355403,True,0.9548998473417161,5.72781194966658,14.169537309001745,2.8280215835625233,False,True,False,True,27,45.0,True,0.4414389424082093,1.1455309172208212,True,2.866327459736187,True,4.518192157336354,True,2,0,0.5550514165900019,False,0.7556643240330021,False,4,0,False,False,False,65.0,18.43916567044356,6.070659896860729,0.964661410006036,12.0,True,7,3,6,6,-0.6516141154585875,135.0500030517578,1049671324.3208526,81.91056910569105,True,0.0,0,,,,0.0,0,,,,True,True,False,False,2,power_play,sepa_vcp,6,6,True,0,0.75,risk_on,7,False
MRNA,63.755001068115234,-22.059903802478896,185.1296928793457,137.09558391681605,115.05697524672638,0.19688975726065502,True,0.8498209405700775,15.371341969848483,58.95038668152348,11.81164601242044,False,True,False,False,28,46.666666666666664,True,0.39909710850753877,2.645119061448274,False,0.879790301414464,True,18.37170506058612,False,0,1,0.4951341937376809,False,1.4178901070916643,True,5,2,True,False,False,25.0,31.362582096887202,18.44560916714429,0.46110053586809413,24.0,False,7,3,4,3,-16.901278685805423,76.72200012207031,291876962.90102446,92.41192411924119,True,0.0,0,,,,0.0,0,,,,False,False,False,False,0,,none,0,0,False,-2,0.5,risk_on,7,False
MRSH,190.4199981689453,-8.510268302158163,21.039911838111735,-5.466718198007003,-27.505326868096667,0.04794571136595002,False,1.0102486813833589,2.8725980849185833,10.635718768487322,7.94784850201764,False,True,False,True,27,45.0,True,0.44199447373234185,1.0953046165171867,True,3.046252341026583,True,-1.4848130875243837,True,2,2,0.5979870369864118,False,3.079443812819245,True,2,1,False,False,False,35.0,18.378764661571076,3.2402129435271743,0.7787827605851543,11.0,False,3,4,5,7,-4.065699582287873,198.49000549316406,459608372.23073804,24.59349593495935,False,0.0,0,,,,0.0,0,,,,False,True,False,False,1,,power_play,7,7,True,1,0.875,risk_on,7,False
MRVL,226.58999633789062,-28.37408154813601,264.4242578253791,186.27426712810453,164.23565845801485,0.1925039574261552,False,0.7369243501758042,10.847787734812895,189.862381851445,8.250519973908732,False,True,False,False,25,41.66666666666667,True,0.5108049648696367,3.7300297698080063,True,-0.7675020793276376,True,7.623256181045468,False,0,0,0.4841586184002698,False,1.1333028842484691,False,4,1,False,False,False,25.0,32.38980980914544,23.18284109107987,0.8161198804167815,24.0,False,8,1,2,4,-5.955842100983366,240.94000244140625,4324468348.223433,94.71544715447155,True,0.0,0,,,,0.0,0,,,,False,False,False,False,0,,none,0,0,False,-2,0.5,risk_on,7,False
MS,220.9199981689453,-2.806343313315096,56.85096474166122,53.39000917910961,31.351400509019946,0.07430867047369702,True,0.8756385966646963,4.304730148672354,26.40360238855466,3.2326944641693833,True,True,False,True,29,48.333333333333336,True,0.4141733829057476,1.3380950540620484,False,0.9584211188344111,True,3.3543851082785014,True,2,0,0.5149742238706734,False,0.6862121495069105,False,3,1,False,False,False,65.0,19.720134305205253,6.024811211162593,0.7791726628087995,20.0,False,6,2,6,6,-4.354744747671324,230.9785232797176,1091742499.8767066,74.86449864498645,False,0.0,0,,,,0.0,0,,,,True,True,False,False,2,power_play,sepa_vcp,6,6,True,0,0.75,risk_on,7,False
MSA,190.3426971435547,-5.735424404101053,25.168362161971245,10.616421258806685,-11.42218741128298,0.06715512137359385,False,1.3042634596527887,3.8299306437981,-1.6327515184892727,11.22695711596502,False,True,False,True,30,50.0,True,0.3650071623383834,0.9414777275736416,False,3.0133548844324984,True,-1.8649770288205914,True,2,0,0.40899646135278217,False,0.7386805491197885,False,3,2,True,False,False,35.0,17.36365756345641,12.792710836897529,0.8178347633882107,2.0,False,3,2,2,5,-3.163054788493125,196.55999755859375,55868326.652720645,40.10840108401084,False,0.0,0,,,,0.0,0,,,,False,False,False,False,0,,none,0,0,False,-1,0.625,risk_on,7,False
MSCI,565.469970703125,-12.17092156419043,11.313828928936642,4.364370622576308,-17.674238047513356,0.11922972056128693,False,0.7382017149404716,2.8860961978097417,10.489222850629965,0.6640047946726568,True,False,False,True,24,40.0,True,0.3401181017741106,0.8003920463081035,False,-1.9481283397127356,True,-0.3102815130065162,True,2,0,0.43305371898041595,False,0.976677161913819,False,6,0,False,False,False,35.0,15.887835869893651,5.358372568448275,0.22588786667119484,17.0,False,1,1,3,3,-12.298966519221288,644.77001953125,462066139.24336547,33.60433604336043,False,0.0,0,,,,0.0,0,,,,False,False,False,False,0,,none,0,0,False,-3,0.375,risk_on,7,False
MSFT,501.125,-6.967959796863166,42.030161571134215,-2.9682816338667095,-25.006890303956375,0.12151884294153595,False,1.282247132973914,4.43202623199364,25.262958274678216,31.32895267951752,False,True,False,True,25,41.66666666666667,True,0.47618299050704366,1.417740582676566,True,5.153229641995918,False,0.2530737977651354,True,2,1,0.5670288920143022,False,1.4824875869834062,True,4,2,True,True,False,25.0,26.539227026600603,12.8510838406554,0.9075474282767345,3.0,True,3,4,4,4,-2.4536197901568135,513.72998046875,16848051222.128422,26.964769647696478,False,0.0,0,,,,0.0,0,,,,False,False,False,False,0,,none,0,0,False,-2,0.5,risk_on,7,False
MSGS,430.0,0.0,123.20270626691516,121.05695586851115,99.01834719842148,0.6363041231193293,True,1.0431472405854387,12.574420307957848,54.56505432501637,9.054023158067137,True,False,False,False,25,41.66666666666667,True,0.4381878351134502,1.287498415078336,False,3.37737186765657,True,9.817142374369858,False,0,0,0.45027992331163347,False,0.9765469709255183,False,4,3,True,True,True,45.0,18.444852893632127,13.088371809138808,0.88969869542617,0.0,True,9,3,5,4,-2.0344913368400053,438.92999267578125,67875005.55588989,91.19241192411924,True,0.0,0,,,,0.0,0,,,,False,False,False,False,0,,none,0,0,False,-1,0.625,risk_on,7,False
MSI,467.95001220703125,-3.481542491468592,29.465070623362678,0.6443983069136516,-21.394210363176015,0.04000084156931638,False,1.2971048510677463,4.880862430191735,3.7827773278776844,14.969786457173907,False,True,False,True,27,45.0,True,0.522167974191481,1.2657541109808546,True,3.3748434971691172,True,-1.2909475441676754,True,2,0,0.4583343128644325,False,0.8122332894446469,False,4,0,False,True,True,25.0,18.63768450004829,14.26862224371724,0.7214915823720636,5.0,False,4,2,3,5,-5.19075201835717,493.57000732421875,399802416.18223876,30.081300813008134,False,0.0,0,,,,0.0,0,,,,False,False,False,False,0,,none,0,0,False,-1,0.625,risk_on,7,False
MSM,120.81500244140625,-5.0793497799296095,53.13079723542946,41.14643377489286,19.107825104803197,0.061605728897094605,True,1.0570277821553624,5.702933617859256,33.502045973773,-3.9855354976325974,False,True,False,True,26,43.333333333333336,True,0.4050805737403094,1.0851628216543956,False,0.09094261187071431,True,-2.4977815585760843,True,2,0,0.4786470834603012,False,0.5707450499569562,False,6,2,True,False,False,55.0,19.307332523228506,10.545052547876084,0.617084671921462,6.0,False,5,3,4,5,-7.3930735674534676,130.4600067138672,79872058.50856094,68.22493224932249,False,0.0,0,,,,0.0,0,,,,False,False,False,False,0,,none,0,0,False,-1,0.625,risk_on,7,False
MSTR,98.53759765625,-74.72746878718573,19.715223641094592,-74.72746878718573,-96.7660774572754,0.26489998052931824,False,0.7101092232797552,11.345923354228091,-19.888131986788615,5.24148301483891,False,True,False,False,20,33.33333333333333,False,0.4481467996269116,2.1897175413999994,True,-0.6813131736762993,True,1.7424875670801754,True,1,0,0.5430231801945642,False,1.045605210009717,False,3,2,True,False,False,35.0,22.454978617446685,16.531761787368996,0.7061037726369813,4.0,False,1,2,2,4,-6.599433501184837,105.5,1427755351.5964234,0.20325203252032523,False,0.0,0,,,,0.0,0,,,,False,False,False,False,0,,none,0,0,False,-2,0.5,risk_on,7,False
MT,73.87000274658203,-1.7629084778656545,130.8260103730332,120.36481555808365,98.32620688799398,0.1390304294220142,True,0.9124359436236316,4.155949073612655,20.75704500042468,11.950452361370644,True,True,False,True,27,45.0,True,0.49090029205663765,1.2916298209890555,True,3.4666552148756624,True,1.0948447449008025,True,2,2,0.5259070190899573,False,1.5538598958087,True,2,0,False,False,False,25.0,15.186364903871857,9.240545400726424,0.8574102615982625,6.0,True,7,5,7,6,-2.1654197989164126,75.50500303139633,98567932.16526031,91.05691056910568,True,0.0,0,,,,0.0,0,,,,True,True,False,False,2,power_play,sepa_vcp,7,7,True,1,0.875,risk_on,7,True
MTB,255.4600067138672,0.0,46.16533354100398,36.14813414869087,14.109525478601206,0.0651717667770854,True,0.8678591837036332,3.431065199753886,11.943068785587684,3.858196302828376,False,True,False,True,34,56.666666666666664,True,0.512994148886799,0.8292359411361485,True,3.906343986066562,True,2.1268119202046076,True,2,2,0.6001492690845854,True,0.8235821182238973,False,2,1,False,False,False,55.0,17.96616681736965,3.9321216256744265,0.9953195526435725,0.0,True,7,4,6,7,-0.08408969798548993,255.6750030517578,249060900.09534913,64.97289972899729,False,0.0,0,,,,0.0,0,,,,True,True,False,False,2,sepa_vcp,power_play,7,7,True,1,0.875,risk_on,7,True
MTCH,36.92499923706055,-10.463148074165328,29.254471150090566,4.685474217719543,-17.35313445237012,0.07646337419701828,False,1.0534613406960078,3.493570594938855,14.619646838561785,-5.4175246641082975,False,True,False,True,26,43.333333333333336,True,0.3477177020232293,1.0028261721432512,False,-0.14570906892125712,True,0.8604168846146232,True,2,2,0.6216779718611565,True,1.8268069744326025,True,3,2,True,False,False,35.0,17.56560384038089,14.082602221749985,0.3846392089712601,7.0,False,2,4,3,6,-10.80918387411426,41.400001525878906,109289024.84009895,33.94308943089431,False,0.0,0,,,,0.0,0,,,,False,True,False,False,1,,power_play,6,6,True,0,0.75,risk_on,7,False
MTD,1431.8599853515625,-4.924239599601732,39.62145860646089,14.004316882669542,-8.034291787420123,0.07290223720502605,False,1.0411203998448524,2.6538907706586907,3.6918472487460274,12.411185959494464,False,True,False,True,31,51.66666666666667,True,0.3617641459545547,0.8720263223691339,False,4.332534312454768,False,0.7472344706143552,True,2,2,0.6470102169645965,True,1.565112593437448,True,4,1,False,False,False,25.0,15.546839316216102,8.074112450539426,0.8153062224504187,6.0,True,4,4,5,5,-2.8714044822683027,1474.18994140625,231870599.1312256,43.90243902439025,False,0.0,0,,,,0.0,0,,,,False,False,False,False,0,,none,0,0,False,-1,0.625,risk_on,7,False
MTDR,51.1349983215332,-20.734968525745124,41.91173792778693,10.723501843184469,-11.315106826905197,0.07340236819593896,False,1.1376173411253325,10.512416368714256,11.601240367801058,-0.35027890583393395,False,True,False,False,25,41.66666666666667,True,0.5268297424362897,2.2821395800814064,True,0.05653034586561953,True,5.895741373828112,False,0,1,0.6312401858908763,True,1.1511003886597522,False,3,1,False,True,True,25.0,19.145910828941812,12.317227633663457,0.5658801100964354,15.0,False,2,2,2,4,-8.31162070116369,55.77042446662834,107828921.466815,40.31165311653117,False,0.0,0,,,,0.0,0,,,,False,False,False,False,0,,none,0,0,False,-2,0.5,risk_on,7,False
MTH,74.12000274658203,-12.984265694962339,26.976299682698347,5.4099451719598735,-16.628663498129793,0.12027137011806942,False,1.0514896420556525,5.018889750209391,-0.3791006731216018,4.1303771126739885,False,True,False,True,27,45.0,True,0.5859845712891966,2.468809200854101,True,-0.03523430249658783,True,2.5740389639692163,True,2,0,0.5594548715169262,False,0.7531017307051133,False,4,2,True,False,False,25.0,14.156217184508,12.048030186544453,0.437719721513752,24.0,False,2,2,3,5,-7.9597617408169725,80.52999877929688,62825756.076231,35.09485094850949,False,0.0,0,,,,0.0,0,,,,False,False,False,False,0,,none,0,0,False,-1,0.625,risk_on,7,False
MTN,147.27499389648438,-7.958878224827071,25.673949633228,1.325178731842458,-20.71342993824721,0.19963032014915222,False,0.9162341812317671,6.140887091276313,11.103917892944736,2.231706505883424,False,True,False,True,26,43.333333333333336,True,0.5556839741495092,1.753561035615319,True,0.914774198192512,True,0.3851047350294845,True,2,1,0.5180806006944179,False,1.6274635845471817,True,5,4,True,True,False,55.0,22.876692171399505,8.972323751783861,0.6400631361507284,11.0,False,2,4,3,5,-8.234164835418722,160.49000549316406,86917565.26699829,30.758807588075882,False,0.0,0,,,,0.0,0,,,,False,False,False,False,0,,none,0,0,False,-1,0.625,risk_on,7,False
MTRN,283.2950134277344,-4.739567748219676,161.52805820436257,153.03365748433788,130.9950488142482,0.08884809314841127,True,1.401684097310723,7.695154083087911,78.45257406912044,13.951575854643483,True,True,False,True,26,43.333333333333336,True,0.5213697302253065,3.795808815384235,True,1.3963395595740842,True,1.8094600321297616,True,2,0,0.4251635630125735,False,0.7879109446525177,False,3,4,True,True,False,25.0,38.10821366553923,35.22476166407645,0.8166195003051889,6.0,False,10,2,4,5,-6.988303264463214,304.5799865722656,94838766.75036621,93.42818428184282,True,0.0,0,,,,0.0,0,,,,False,False,False,False,0,,none,0,0,False,-1,0.625,risk_on,7,False
MTSI,313.8999938964844,-23.379222928051725,159.421482559078,149.14675705915812,127.10814838906845,0.06675638600118325,False,0.9299360975830613,7.30806081154982,31.344402142985437,10.989316797745573,False,True,False,True,22,36.666666666666664,False,0.4614471340822519,2.8980067573284285,True,-0.3374324371363061,True,4.064440608894659,True,2,0,0.4679161563590455,False,1.1123630627632017,False,5,3,True,False,False,25.0,28.69695794750565,25.77891526000462,0.9358176487499084,1.0,True,5,3,3,4,-1.8418382347959117,319.7900085449219,398667483.7293762,93.15718157181571,True,0.0,0,,,,0.0,0,,,,False,False,False,False,0,,none,0,0,False,-2,0.5,risk_on,7,False
MTZ,287.0282897949219,-34.39503476761971,66.38357134928086,58.06393280653999,36.02532413645032,0.14692659092467142,False,1.0901397065953482,12.70954711593187,8.194157544504366,-20.016635592923414,True,True,False,False,26,43.333333333333336,True,0.37573623883746027,2.2373300699297207,False,-2.5998262975229225,True,10.98027466881768,False,0,0,0.33275362681696086,False,0.5524959352026414,False,5,0,False,True,False,25.0,34.25439092525292,13.538735376264322,0.26289279370613594,24.0,False,2,1,3,2,-25.24915839821107,383.9800109863281,461793162.0652145,76.8970189701897,False,0.0,0,,,,0.0,0,,,,False,False,False,False,0,,none,0,0,False,-3,0.375,risk_on,7,False
MU,934.9099731445312,-22.949525425416915,708.7144919319292,653.5290856749833,631.4904770048937,0.18983783031165233,False,0.8714873742459688,10.365707604309172,125.96964798304779,-5.584678765213713,True,True,False,False,28,46.666666666666664,True,0.45624067081352415,3.7518663493279614,True,-0.36444759938865756,True,6.062600453510458,False,0,0,0.5118815160603712,False,0.9241044925049152,False,6,0,False,False,False,25.0,27.07038253370365,18.336530643088505,0.7193762376281752,15.0,False,8,1,3,5,-7.5965925954524565,1011.77001953125,36938536710.42619,99.32249322493224,True,0.0,0,,,,0.0,0,,,,False,False,False,False,0,,none,0,0,False,-1,0.625,risk_on,7,False
MUFG,23.149999618530273,0.0,58.34473187237646,54.02528296621525,31.986674296125585,0.16130110087014152,True,1.0798761571943034,5.032401445893874,18.112240652897093,2.3430537561148768,False,True,False,True,33,55.00000000000001,True,0.4587007180275662,0.6553256111503869,True,3.6054671403808385,True,2.7975095380134096,True,2,0,0.30679227619564414,False,0.6501817719499424,False,4,0,False,False,False,55.0,20.04301009639617,6.155512604279036,0.978540689969065,13.0,True,7,3,5,6,-0.43010916761172524,23.25,68991720.53459969,75.20325203252033,False,0.0,0,,,,0.0,0,,,,False,True,False,False,1,,power_play,6,6,True,0,0.75,risk_on,7,False
MUR,34.369998931884766,-18.884950524161827,60.01405512578752,58.58423892620426,36.54563025611459,0.12646724391727315,False,1.111544840035823,10.503348043466461,8.127424158808383,-11.326108306897332,False,True,False,False,26,43.333333333333336,True,0.4385172009938832,1.734115993023764,False,-1.013800763880334,True,4.025417613509763,True,1,0,0.4499066519439577,False,1.1283456868961994,False,5,1,False,False,False,25.0,19.07485288132506,20.162934304740045,0.23859171489333766,14.0,False,2,1,2,3,-14.523751021031595,40.209999084472656,60225262.07446003,77.37127371273714,False,0.0,0,,,,0.0,0,,,,False,False,False,False,0,,none,0,0,False,-3,0.375,risk_on,7,False
MUSA,550.3800048828125,-11.625296414177388,54.95307465165129,46.50229897177043,24.463690301680764,0.06785252478366102,False,1.1116399479175483,7.8273223423180855,49.574333745996555,-11.625296414177388,False,True,False,True,24,40.0,True,0.3996344968485439,1.3536302496424477,False,-0.8516320527188442,True,2.6483666680971796,True,2,0,0.4824133049624112,False,0.8072896876070639,False,4,1,False,False,False,25.0,18.4788271047685,18.874233068283566,0.3029809669006853,15.0,False,4,1,2,5,-12.880094201375147,631.75,170987205.18868408,71.88346883468834,False,0.0,0,,,,0.0,0,,,,False,False,False,False,0,,none,0,0,False,-1,0.625,risk_on,7,False
MXL,77.03510284423828,-39.83042757265475,490.30729286066264,382.07199656438513,360.03338789429546,0.1034260803343768,False,0.682087750333633,12.435891531715153,308.24112039291174,-15.56871476557966,False,True,False,False,25,41.66666666666667,True,0.543927774575518,5.712068271289158,True,-0.8370076203001469,True,9.736618508738037,False,0,1,0.45461863581243167,False,1.2278672006881035,True,3,2,True,False,False,,,,,,False,8,3,3,4,,,276590614.68381727,98.44173441734418,True,0.0,0,,,,0.0,0,,,,False,False,False,False,0,,none,0,0,False,-2,0.5,risk_on,7,False
MYRG,330.55499267578125,-34.03807605711408,90.18180617852354,77.11781815755789,55.079209487468226,0.12343397066776954,False,0.8716464788385865,5.826567497806885,23.428921880879237,-18.862298078538643,True,True,False,True,22,36.666666666666664,False,0.42708400255782064,2.5119320521136728,False,-3.873074768337083,True,-0.17365149595390816,True,2,0,0.2659709605789856,False,0.1464559428645141,False,6,2,True,False,False,25.0,26.2498266857615,8.60673180554794,0.13499908659314466,24.0,False,2,2,4,3,-22.706124059955346,427.6600036621094,105362307.86839446,84.95934959349594,True,0.0,0,,,,0.0,0,,,,False,False,False,False,0,,none,0,0,False,-2,0.5,risk_on,7,False
NBIS,266.6697998046875,-6.9832231561023805,316.2813143425001,277.55884209917997,255.5202334290903,0.43596220010914744,True,1.0081879734801942,34.31172492937934,197.1913404972379,20.6814492155158,False,False,False,False,23,38.333333333333336,False,0.5695930692290232,6.906523502088703,True,1.6885879604822922,True,40.44122232315459,False,0,0,0.5128300003751368,False,1.158297109373072,False,4,1,False,True,False,,,,,,False,9,1,2,4,,,5106685939.667798,97.15447154471545,True,0.0,0,,,,0.0,0,,,,False,False,False,False,0,,none,0,0,False,-2,0.5,risk_on,7,False
NBIX,151.1199951171875,-18.533695354615897,22.761979683498488,14.815378151806069,-7.2232305182835965,0.3608526881951457,False,1.1958164159177973,9.958975342797714,22.761979683498488,-13.224231746448423,False,True,False,False,24,40.0,True,0.5244538813795566,2.030374733736916,True,-2.6266690327341733,True,-5.44363146560366,False,0,0,0.30687423336956277,False,0.6510687261202079,False,5,3,True,False,False,25.0,19.186542226478082,23.253044286031624,0.019882151357310418,10.0,False,1,2,2,2,-18.805072489907815,186.1199951171875,233481847.585318,44.78319783197832,False,0.0,0,,,,0.0,0,,,,False,False,False,False,0,,none,0,0,False,-4,0.25,risk_on,7,False
NCLH,19.385000228881836,-28.043801616205354,31.068291270320625,-21.70840044553075,-43.747009115620415,0.11270502074431979,False,0.9712265301865862,5.880832479691928,-16.62365492954049,3.6077027121255156,False,True,False,True,27,45.0,True,0.402653220638856,1.5398664328690066,False,-0.2817069869275312,True,0.07743618481448333,True,2,0,0.4481526196675925,False,0.8823778907053142,False,4,1,False,False,False,65.0,33.80410374516363,11.86484971499971,0.6543126444729632,32.0,False,1,2,3,4,-11.685651229627215,21.950000762939453,282784345.4829942,13.143631436314362,False,0.0,0,,,,0.0,0,,,,False,False,False,False,0,,none,0,0,False,-2,0.5,risk_on,7,False
NDAQ,96.41000366210938,-3.879775289872789,25.45218682675059,2.153652637297254,-19.88495603279241,0.05074479678131772,False,0.7812474540283602,2.7901615079690414,22.847993756424124,6.624646775564003,False,True,False,True,25,41.66666666666667,True,0.2972405581536827,0.7949910672306757,False,3.894903373956691,True,1.8057093653358613,True,2,2,0.4425601452655397,False,1.3386147213778592,True,2,0,False,False,False,35.0,20.976565622675373,3.682185756163895,0.977362249439904,11.0,True,4,5,6,7,-0.4748622601736141,96.87000274658203,300893627.10991824,31.571815718157183,False,0.0,0,,,,0.0,0,,,,True,True,False,False,2,sepa_vcp,power_play,7,7,True,1,0.875,risk_on,7,False
NDSN,308.364990234375,-0.9619075212268458,46.37103336575963,40.99391847542162,18.955309805331957,0.07249607179304424,True,0.9015368366852093,2.4645742136377993,5.26670871985544,5.568292978773615,False,True,False,True,31,51.66666666666667,True,0.46954950151598673,0.9552688936252777,True,2.3382574294012906,True,-0.19904871839114824,True,2,1,0.5350170456851068,False,1.1526992414228747,False,2,2,True,False,False,65.0,14.629878952333966,7.364646498234846,0.8416103917002923,5.0,True,7,5,5,6,-2.317220796732311,315.67999267578125,86768911.15697022,68.08943089430895,False,0.0,0,,,,0.0,0,,,,False,True,False,False,1,,power_play,6,6,True,0,0.75,risk_on,7,True
NE,43.57500076293945,-18.9863819916105,72.93837983243353,67.03776258298844,44.99915391289877,0.06389989196975153,False,1.0697812148396582,10.051637387096562,4.590589202404316,1.0786363859995651,False,True,False,False,17,28.333333333333332,False,0.43318529669385425,1.5933710314367615,False,1.0199748716963097,True,7.090199640205319,False,0,1,0.5482999454805573,False,3.102709218097623,True,3,1,False,False,False,45.0,22.233979340916836,12.048192560136743,0.6484301670989505,43.0,False,2,3,3,4,-7.816796401611514,47.27000045776367,66903126.172896765,81.43631436314364,True,0.0,0,,,,0.0,0,,,,False,False,False,False,0,,none,0,0,False,-2,0.5,risk_on,7,False
NEE,85.86000061035156,-11.637838505871756,25.653252001838254,22.193901011995564,0.15529234190589847,0.1717232316279434,False,1.1016097822001032,3.086421508316893,-5.277260230435199,-4.376879680481405,False,True,False,True,25,41.66666666666667,True,0.46279888545673614,0.9496909954143252,True,-0.6794395713940515,True,1.4893642540855456,True,2,0,0.5858471827900054,False,0.5548199207240556,False,5,0,False,False,False,55.0,8.822572181983103,5.380855711320632,0.3609596846176053,12.0,False,2,1,2,5,-5.637979309658425,90.98999786376953,885349618.2668152,51.8970189701897,False,0.0,0,,,,0.0,0,,,,False,False,False,False,0,,none,0,0,False,-1,0.625,risk_on,7,False
NEM,115.16110229492188,-12.342842342627469,72.73011587398928,69.75721890672877,47.7186102366391,0.20500421862418314,False,1.0223220184255988,8.848475950942323,-2.0795769720353463,21.58055406543946,True,True,False,False,26,43.333333333333336,True,0.42734352502060957,1.2238960714525142,False,3.9791706742522295,True,9.229917444350399,False,0,2,0.6350692011234459,True,1.0878769103793722,False,2,1,False,False,False,65.0,26.262242879587188,24.60900721035807,0.835557372734958,63.0,False,3,3,4,4,-4.318632216991958,120.35896325822928,734251832.4379822,82.92682926829268,True,0.0,0,,,,0.0,0,,,,False,False,False,False,0,,none,0,0,False,-2,0.5,risk_on,7,False
NESR,34.790000915527344,-3.3879407466573697,423.15790100158034,423.15790100158034,401.11929233149067,0.05780806279659977,True,1.2076984612227994,22.76516202320397,66.14135639081556,27.763501653992794,False,False,False,False,25,41.66666666666667,True,0.5102961674415118,2.9282600395510983,True,3.793364678976371,True,20.589256344942243,False,0,1,0.5411101204816189,False,1.4464779466104292,True,3,2,True,True,False,25.0,33.72314241000266,33.371659398749344,0.8403226126493212,2.0,False,10,3,3,4,-5.3848232732841,36.77000045776367,63190112.15610409,98.57723577235772,True,0.0,0,,,,0.0,0,,,,False,False,False,False,0,,none,0,0,False,-2,0.5,risk_on,7,False
NET,324.6050109863281,0.0,102.63749674706513,62.83988007911239,40.801271409022725,0.22170673490041817,True,1.2598582985705282,10.600576854175142,75.30108235469397,23.743901312539695,True,False,False,False,29,48.333333333333336,True,0.4358011370692846,2.4378982597248267,False,3.370209403602407,True,14.12474751083721,False,0,0,0.5060486768730442,False,0.9864382785517483,False,4,1,False,True,True,25.0,22.840871914181076,15.360201988275076,0.9960250243346974,0.0,True,9,2,4,4,-0.09079191003316112,324.8999938964844,1106766918.9251404,79.67479674796748,False,0.0,0,,,,0.0,0,,,,False,False,False,False,0,,none,0,0,False,-2,0.5,risk_on,7,False
NEU,952.7000122070312,0.0,64.38163155201526,25.211780195408195,3.17317152531853,0.11297805642633228,False,1.2408887171748044,8.200903105041009,60.94880274955874,23.727274312601466,False,True,False,False,34,56.666666666666664,True,0.42814596954299267,1.3800674605766625,False,4.719483823798839,False,6.651887533736467,False,0,2,0.6500168043661735,True,1.54764229991332,True,5,0,False,False,False,25.0,24.24106032656791,12.816203843965518,0.9775204703448102,0.0,True,7,3,4,4,-0.5449276344843268,957.9199829101562,111028203.19689026,54.268292682926834,False,0.0,0,,,,0.0,0,,,,False,False,False,False,0,,none,0,0,False,-2,0.5,risk_on,7,False
NFG,81.69999694824219,-14.272624176656045,8.421584766481537,-4.852076032102948,-26.890684702192615,0.019888901890870544,False,1.135807679049381,2.900860263291629,-3.344026470094197,-0.43870414460408513,True,True,False,True,25,41.66666666666667,True,0.4598023581183031,1.0831947189529587,True,1.4171329973507656,True,1.3270491520187333,True,2,2,0.634077509319997,True,1.9442110860317736,True,4,1,False,False,False,45.0,10.825468254823964,5.9118751670389225,0.7792717791665518,15.0,True,2,5,6,6,-2.389486347576264,83.69999694824219,55269749.73894195,24.932249322493224,False,0.0,0,,,,0.0,0,,,,True,True,False,False,2,power_play,sepa_vcp,6,6,True,0,0.75,risk_on,7,False
NFLX,77.65499877929688,-38.52760684323337,14.874261142217438,-35.52605474586548,-57.564663415955145,0.231283839093797,False,0.9150270073763485,5.907148827772078,2.366198463621383,12.723181110908065,False,True,False,True,20,33.33333333333333,False,0.4675936197803405,1.4605394195976942,True,1.2263209992130018,True,5.380643515439343,False,1,2,0.6097019034554381,True,1.9711887688545278,True,3,0,False,False,False,35.0,17.03212671408485,8.444012199957635,0.9412422435444247,29.0,True,1,5,6,5,-1.0007695533866934,78.44000244140625,3036705704.949341,6.368563685636857,False,0.0,0,,,,0.0,0,,,,True,False,False,False,1,,sepa_vcp,6,6,True,0,0.75,risk_on,7,False
NGG,80.9000015258789,-11.607530926912935,23.87592880150318,19.39722654353404,-2.6413821265556265,0.16335005611824047,False,0.8990638780749631,2.9666272937104647,-8.98153411980569,-1.784631749043042,False,True,False,True,30,50.0,True,0.48490540978585794,0.6357548352131447,True,-0.6026080353444686,True,0.6093742587409245,True,2,0,0.4945631058343623,False,0.5278032378580324,False,4,2,True,False,False,65.0,9.836617736138134,2.9666272937104647,0.4102702219272935,55.0,False,2,2,2,5,-5.800946394518791,85.88196847995884,57172419.90022049,49.05149051490515,False,0.0,0,,,,0.0,0,,,,False,False,False,False,0,,none,0,0,False,-1,0.625,risk_on,7,False
NI,42.26499938964844,-13.308453546167765,10.228464441460016,2.958351248838076,-19.080257421251588,0.10772431288205624,False,1.0028601454033728,4.4954490791836035,-4.281672984093044,-8.987783294060014,False,False,False,True,19,31.666666666666664,False,0.5001311864428407,0.9652865042549353,True,-3.70740733727644,True,-2.570312704040789,True,2,0,0.48444575049870886,False,0.6344099596475977,False,5,2,True,False,False,25.0,12.69636798665542,8.541347835049834,0.14197551855649065,24.0,False,0,2,2,4,-10.893794557965997,47.432161632270336,249137393.80179787,32.65582655826558,False,0.0,0,,,,0.0,0,,,,False,False,False,False,0,,none,0,0,False,-2,0.5,risk_on,7,False
NICE,100.05999755859375,-34.788845173015815,20.336735685388916,-32.38732762719189,-54.42593629728155,0.14255344034014683,False,1.166898639814344,5.8764715139781245,-5.326903919728576,15.249940002659134,False,True,False,True,27,45.0,True,0.546146761379261,2.4161428106718486,True,1.0650873878558902,True,3.0377890327473844,True,2,2,0.576301213880439,False,2.9948088587953166,True,2,1,False,False,False,25.0,18.735822834265385,10.303815520839242,0.7085224170759981,11.0,False,2,4,4,5,-5.461072353823992,105.83999633789062,69519311.09097481,7.520325203252034,False,0.0,0,,,,0.0,0,,,,False,False,False,False,0,,none,0,0,False,-1,0.625,risk_on,7,False
NKE,40.915000915527344,-46.90192034096445,0.9997595921371838,-45.546953573156536,-67.5855622432462,0.24437536184835507,False,0.8378374344565176,4.692650925046585,-31.988351247207405,-0.1829733102422737,False,False,False,True,19,31.666666666666664,False,0.3946383579196252,1.0092896779671487,False,-1.7477153547239037,True,-2.5833311535063297,True,2,0,0.5245790461629808,False,0.7149122255468178,False,7,2,True,False,False,35.0,11.190055091206327,6.745688035621616,0.18154776772130918,29.0,False,0,2,2,4,-9.158525568719345,45.040000915527344,819712398.055068,3.3197831978319785,False,0.0,0,,,,0.0,0,,,,False,False,False,False,0,,none,0,0,False,-2,0.5,risk_on,7,False
NLY,23.28499984741211,-0.5764313767807616,29.272044835035803,27.28897198693916,5.250363316849494,0.07967194938559566,False,0.9646033373781182,3.1780188246341794,8.521376043729823,4.370239376106322,False,True,False,True,30,50.0,True,0.4790504621413925,0.8892368441777198,True,2.5921850230140535,True,2.758164184504075,True,2,0,0.5426824881275728,False,0.42769833070574925,False,4,0,False,False,False,55.0,13.954247008517678,3.9510417965332043,0.9404845884241207,19.0,True,5,3,4,6,-0.8304927539434126,23.479999542236328,172455995.9336114,55.96205962059621,False,0.0,0,,,,0.0,0,,,,False,True,False,False,1,,power_play,6,6,True,0,0.75,risk_on,7,False
NNN,46.189998626708984,-5.640969812341467,23.27124042208004,17.41209412065419,-4.626514549435477,0.052393985901728536,False,0.9753946305777597,3.875299780789105,8.748070279935494,-3.7980157577181872,False,True,False,True,23,38.333333333333336,False,0.508208171425549,0.9043280761284989,True,-0.32512627499116586,True,-1.7234071772149306,True,2,0,0.4759117005803092,False,0.40651657191078705,False,7,3,True,False,False,55.0,13.580003102222655,5.888715061431163,0.5276353382519139,19.0,False,1,2,2,5,-6.4147135719193615,49.35604771825488,61811749.4121748,47.8319783197832,False,0.0,0,,,,0.0,0,,,,False,False,False,False,0,,none,0,0,False,-1,0.625,risk_on,7,False
NOC,574.7999877929688,-24.828812856089456,15.882424201482227,0.29580133566948774,-21.742807334420178,0.03975821928040358,False,0.8460166697553662,3.6621519267858433,-16.672111243499465,7.745371679723068,False,True,False,True,27,45.0,True,0.3954078537324118,1.082619765258767,False,2.9425298485920073,True,1.2435265579370691,True,2,3,0.6579473045955206,True,2.7597910705009165,True,1,1,False,False,False,25.0,17.636141114105904,8.961379759837062,0.9338009500106367,3.0,True,2,6,6,6,-1.1674957872321645,581.5900268554688,436677557.2914063,29.67479674796748,False,0.0,0,,,,0.0,0,,,,True,True,False,False,2,power_play,sepa_vcp,6,6,True,0,0.75,risk_on,7,False
NOG,23.649999618530273,-20.255155749078902,36.1542802295802,2.606417839800601,-19.432190830289066,0.07430379771127875,False,1.1332999311939265,15.47569477292107,-2.0822333513331626,8.486240578966076,False,True,False,False,21,35.0,False,0.5301507043529297,2.0388897106426307,True,3.5412365629153633,True,16.617351172497386,False,0,2,0.75136177528018,True,2.0185507654278685,True,5,2,True,False,False,65.0,30.07559117751934,19.5771718511468,0.8755797279555723,59.0,False,1,4,3,4,-3.742013236203945,24.569389422785395,53090259.68386002,32.046070460704605,False,0.0,0,,,,0.0,0,,,,False,False,False,False,0,,none,0,0,False,-2,0.5,risk_on,7,False
NOK,10.6899995803833,-36.557867428066636,158.8377550645762,155.13125141756626,133.0926427474766,0.3236439785805978,False,0.7387262249565862,15.341444412516525,53.37159113586378,9.86639345644129,True,True,False,False,18,30.0,False,0.4579062186195525,2.2943278183156135,True,-2.0543784985846716,True,13.36160375854869,False,0,0,0.40190867788191076,False,0.4099761451458519,False,3,0,False,False,False,25.0,33.676703950395634,18.615527120973102,0.5458822811351103,24.0,False,5,1,3,3,-15.293187976841882,12.619999885559082,850922992.0929865,93.56368563685636,True,0.0,0,,,,0.0,0,,,,False,False,False,False,0,,none,0,0,False,-3,0.375,risk_on,7,False
NOV,20.575000762939453,-3.6687531897280357,73.1476522708761,70.76229830441989,48.72368963433022,0.10439115942546708,True,1.0784765468321917,7.193202404399426,9.77326957316016,2.2106389504484403,False,True,False,True,22,36.666666666666664,False,0.4969404524079656,1.9591444514796126,True,1.2587845470137797,True,3.3919656148165833,True,2,1,0.6109269138684309,True,0.6778775551810806,False,4,0,False,False,False,35.0,16.367929697291185,10.15795905267953,0.8198847895870894,11.0,True,5,4,5,6,-2.948113101451333,21.200000762939453,69926454.3363185,83.40108401084011,True,0.0,0,,,,0.0,0,,,,False,True,False,False,1,,power_play,6,6,True,0,0.75,risk_on,7,False
NOVT,167.78500366210938,-0.47748543405141675,69.1040128984594,45.054903015599535,23.01629434550987,0.0459432476205267,True,0.9618708961880408,4.881239088035803,16.39612262668395,16.882619362685404,False,True,False,True,26,43.333333333333336,True,0.48421853421665206,2.1735765675441563,True,1.5912983967940413,True,2.7338942797294985,True,2,0,0.4242127203500872,False,0.6365332930696059,False,4,2,True,True,True,25.0,22.950453490021836,23.214239268647624,0.7876729523713313,5.0,False,7,2,3,5,-4.8730020312754085,176.3800048828125,65877563.42288132,70.79945799457995,False,0.0,0,,,,0.0,0,,,,False,False,False,False,0,,none,0,0,False,-1,0.625,risk_on,7,False
NOW,125.48500061035156,-34.72142568831445,51.18674772331513,-27.32248468155829,-49.36109335164795,0.10271069919162497,False,1.0402184766974416,6.383234727075185,21.488042887109415,36.485748616684766,False,True,False,True,24,40.0,True,0.48518601562664304,2.6729413546396605,True,2.7961615195849485,True,6.932255851732672,False,1,3,0.702443963949337,True,1.9290254233758029,True,2,0,False,False,False,55.0,35.78304500761898,18.265129742569876,0.7246537440248405,51.0,False,2,4,4,4,-9.85272747023851,139.1999969482422,2636648446.0972166,9.620596205962059,False,0.0,0,,,,0.0,0,,,,False,False,False,False,0,,none,0,0,False,-2,0.5,risk_on,7,False
NPO,339.25,-12.485488110031751,68.10494764027575,59.325134280681,37.28652561059133,0.056187082405345215,True,1.1102848602682347,6.0574761364683125,25.27356046976412,4.50036492494128,False,True,False,True,28,46.666666666666664,True,0.4460505191641939,2.0952336305371007,True,0.1474941633349277,True,0.8562014818857877,True,2,0,0.5042076415312112,False,0.6187507334490906,False,5,1,False,False,False,25.0,15.54348676046243,13.22034078217115,0.8360747085855316,6.0,True,4,3,5,5,-2.5479705968057376,348.1199951171875,69293133.64976807,77.77777777777779,False,0.0,0,,,,0.0,0,,,,False,False,False,False,0,,none,0,0,False,-1,0.625,risk_on,7,False
NRG,120.91000366210938,-33.863617944688365,3.3065641800320567,-21.029598510517054,-43.06820718060672,0.03475908860299407,False,1.2676938778619897,6.310482715834688,-24.77701878277673,-15.141488182447194,False,True,False,True,25,41.66666666666667,True,0.4671245778698704,2.972368825641302,True,-1.518757490430289,True,1.5623692252598298,True,2,0,0.3100337951936762,False,0.5688526794367552,False,5,0,False,False,False,25.0,21.993131210367704,23.339674440475328,0.2651486637816902,22.0,False,1,1,2,3,-16.161681857563316,144.21806918489222,402219028.5273674,13.482384823848239,False,0.0,0,,,,0.0,0,,,,False,False,False,False,0,,none,0,0,False,-3,0.375,risk_on,7,False
NSC,338.989990234375,-2.9454184491204183,26.662371618932724,22.397464522387022,0.3588558522973564,0.03183479432794895,False,0.9412889306210565,2.967638528688811,8.667888933205091,-2.3578746692015318,False,True,False,True,26,43.333333333333336,True,0.4344144988078056,0.9039374677561471,False,2.6021914275412814,True,-0.621498991007996,True,2,0,0.5957144527997027,False,0.7403582693947144,False,3,0,False,False,False,45.0,17.052424022154202,3.913819776792466,0.7012527866081433,15.0,False,4,2,4,6,-5.094364158194931,357.1863643581986,413481431.39901733,52.235772357723576,False,0.0,0,,,,0.0,0,,,,False,True,False,False,1,,power_play,6,6,True,0,0.75,risk_on,7,False
NSIT,156.47999572753906,0.0,142.86822130430554,27.085193874797508,5.046585204707842,0.04366348960567477,True,1.1794465285259836,6.288351140942634,69.58925048286288,37.03475994567289,True,True,False,True,34,56.666666666666664,True,0.4309903043841656,1.971526111123522,False,4.97684191583606,False,4.886381906854598,True,2,2,0.577361105186334,False,2.964235547667343,True,2,0,False,True,True,25.0,29.655172816984766,20.06646856633785,0.9974157973801147,0.0,True,8,3,6,5,-0.07663497528680452,156.60000610351562,62446139.42173614,55.6910569105691,False,0.0,0,,,,0.0,0,,,,True,False,False,False,1,,sepa_vcp,6,6,True,0,0.75,risk_on,7,False
NTAP,207.51499938964844,0.0,122.30518346095045,93.0042793956904,70.96567072560075,0.14383329721239327,True,1.0773718021633298,10.910054432806364,113.00287199923696,26.04166676320805,False,True,False,False,29,48.333333333333336,True,0.3757936634785736,1.5525633677618464,False,4.798635203378836,False,8.374244840137735,False,0,3,0.6435282025834645,True,1.2219123329195272,True,2,1,False,False,False,25.0,25.255909149697292,16.875890598493218,0.9707386727339616,0.0,True,11,4,5,5,-0.739021423030628,209.05999755859375,402433005.2155121,87.53387533875339,True,0.0,0,,,,0.0,0,,,,False,False,False,False,0,,none,0,0,False,-1,0.625,risk_on,7,False
NTES,122.70500183105469,-21.444549435621685,12.96823967386751,-6.819343711877668,-28.857952381967333,0.25302341770928005,False,0.9668934175086644,9.909943238872387,5.491812789434136,2.1010164082768457,False,True,False,False,29,48.333333333333336,True,0.468359688919953,0.832291467166352,True,-1.1070851642058797,True,-5.8721990974653355,False,0,1,0.6757607401871784,True,1.1919124166886872,False,5,3,True,False,False,35.0,16.50812570133372,9.909943238872387,0.3814273660502167,26.0,False,1,3,2,4,-10.211474796648112,136.66000366210938,92952066.28715897,23.577235772357724,False,0.0,0,,,,0.0,0,,,,False,False,False,False,0,,none,0,0,False,-2,0.5,risk_on,7,False
NTNX,65.69499969482422,-19.015042565944363,90.91833765225947,-6.404049850738225,-28.44265852082789,0.17341283928926007,False,0.9514971926978162,7.810336467971814,59.72525647647562,24.824241614207644,False,True,False,True,24,40.0,True,0.5250829817333881,1.69201534678011,True,5.4392707673967156,False,9.273121859592614,False,1,3,0.7508390856327748,True,2.1977825660048005,True,2,0,False,False,False,25.0,20.74242216168028,12.253595059678137,0.9777209396806855,0.0,True,3,4,5,3,-0.4621216745087642,66.0,137773201.47255096,24.05149051490515,False,0.0,0,,,,0.0,0,,,,False,False,False,False,0,,none,0,0,False,-1,0.625,risk_on,7,False
NTR,66.93990325927734,-18.946900106670363,26.838128546608274,20.823957164109363,-1.214651505980303,0.09607273383213338,False,1.1549976757933573,4.8849736612268115,-4.363269605648156,-2.2775134901060645,False,False,False,True,23,38.333333333333336,False,0.4107658041131475,1.064411688993822,False,0.5081097398656356,True,0.26947441175895204,True,2,2,0.6357990133082245,True,1.551336742046054,True,5,0,False,False,False,35.0,16.60236706042764,10.684205181544861,0.6583654920677883,9.0,False,0,4,3,4,-5.6719415011991625,70.96499633789062,166408486.69023514,50.5420054200542,False,0.0,0,,,,0.0,0,,,,False,False,False,False,0,,none,0,0,False,-2,0.5,risk_on,7,False
NTRA,312.260009765625,-3.0549506834620432,98.00888764006133,98.00888764006133,75.97027896997167,0.10876437294495148,True,1.1763167920735769,6.292830744235613,50.24418393361563,17.97196980824736,True,True,False,True,29,48.333333333333336,True,0.40505522705375663,1.7125288215226457,False,3.526760250813671,True,17.665236272609896,False,1,1,0.4869626136805237,False,1.2528286835669065,True,5,2,True,True,True,25.0,23.924791949642017,21.209892049910202,0.823466203333021,3.0,False,8,3,4,4,-4.223534357337877,326.0299987792969,346073954.31342316,88.21138211382113,True,0.0,0,,,,0.0,0,,,,False,False,False,False,0,,none,0,0,False,-2,0.5,risk_on,7,False
NTRS,192.0449981689453,0.0,59.053737339679955,55.9134347554036,33.874826085313934,0.034659193339561106,True,0.8805783063488613,5.493505768099616,34.538883887898145,7.920765081441794,False,False,False,True,31,51.66666666666667,True,0.41669359671031114,0.9113898359450482,False,3.634378736843873,True,4.292928644237448,True,2,0,0.5633773679435162,False,0.7720703733847951,False,3,0,False,False,False,65.0,17.867292598777126,7.164984580713231,0.9818445434475611,0.0,True,8,2,3,5,-0.3243888544868123,192.6699981689453,213948820.92407227,76.08401084010839,False,0.0,0,,,,0.0,0,,,,False,False,False,False,0,,none,0,0,False,-1,0.625,risk_on,7,False
NTSK,15.359999656677246,-40.44203524076079,98.70633400746469,,,0.0818524778799835,False,0.8957278980577091,13.183591561149369,33.68146181592542,37.5111866764954,False,True,False,False,34,56.666666666666664,True,0.444692026404749,2.865420567565729,True,4.752295769441987,False,13.946588859668662,False,0,3,0.7107708707947955,True,2.1317621316993836,True,2,1,False,False,False,25.0,33.595965966600176,25.03254817250603,0.9052532604747616,3.0,False,3,3,4,3,-3.183108236536236,15.864999771118164,55442553.815255925,,False,0.0,0,,,,0.0,0,,,,False,False,False,False,0,,none,0,0,False,-2,0.5,risk_on,7,False
NU,13.975000381469727,-25.506395463926456,20.474137257735904,12.97494349845827,-9.063665171631396,0.07833132301754143,False,0.9470074740428649,7.012525718497187,-17.98709136960609,-1.515145914526983,False,True,False,True,25,41.66666666666667,True,0.4559360205253095,1.5563314749246775,True,1.265381210049029,True,-1.0269086775110403,True,2,0,0.439705768207285,False,0.9880677750173283,False,3,1,False,False,False,35.0,17.615363272175045,9.803218949286364,0.6673041512720335,12.0,False,1,2,3,4,-5.860558234487723,14.845000267028809,1044769139.9210787,43.08943089430895,False,0.0,0,,,,0.0,0,,,,False,False,False,False,0,,none,0,0,False,-2,0.5,risk_on,7,False
NUE,272.0299987792969,-0.9863840545259905,108.34813262471256,89.02589482095098,66.98728615086131,0.04695899562638887,True,1.0645570198215373,3.9370626413035223,44.92250588948736,12.805310248553425,False,True,False,True,33,55.00000000000001,True,0.440774524933835,1.4318636662293518,True,2.8791966049278788,True,0.011028962976800116,True,2,1,0.5533840100024443,False,0.9257543939832475,False,1,1,False,True,True,25.0,20.431253243943225,10.609118656423314,0.8588154931019478,6.0,True,9,4,5,5,-2.884576414555351,280.1099853515625,354250164.5471802,86.78861788617887,True,0.0,0,,,,0.0,0,,,,False,False,False,False,0,,none,0,0,False,-1,0.625,risk_on,7,False
NVDA,225.72999572753906,-4.134608804655837,36.82453167689914,24.473066684123058,2.4344580140333925,0.2268820969280148,True,1.021815551205383,4.886368222241195,20.89724114394653,8.128952705135006,False,True,False,True,25,41.66666666666667,True,0.4437960625525218,1.564119316976471,True,2.571036226489386,True,3.077761571445503,True,2,1,0.5588068442818644,False,1.2777649068405341,True,5,1,False,False,False,55.0,18.193034165780432,14.300269964236179,0.8512283195744981,50.0,True,5,4,5,5,-2.706608264881727,232.00958636747916,25006352205.83116,53.65853658536586,False,0.0,0,,,,0.0,0,,,,False,False,False,False,0,,none,0,0,False,-1,0.625,risk_on,7,False
NVMI,409.5,-32.386694709346095,72.66823818380009,49.21838389719815,27.179775227108486,0.09128699385339528,False,0.7801476732807047,9.120880611359127,-7.676696816608164,-10.07312638273039,False,True,False,False,24,40.0,True,0.44512389069298586,2.5415394881797346,True,-2.456624009983696,True,7.3901164729132995,False,0,0,0.4719176093057662,False,0.5080140446319529,False,5,0,False,True,True,25.0,27.314616773150803,10.862022092490843,0.39561095407237795,21.0,False,2,1,2,4,-16.50865517140324,490.4700012207031,221232064.83370972,73.23848238482384,False,0.0,0,,,,0.0,0,,,,False,False,False,False,0,,none,0,0,False,-2,0.5,risk_on,7,False
NVO,45.98500061035156,-25.490004588770965,32.27384270872149,-5.28747459078115,-27.326083260870817,0.2042381006409514,False,1.223549813269775,4.740676908211342,-2.572058310193437,-4.555831633293739,False,True,False,True,26,43.333333333333336,True,0.42465337801430036,1.2691110728291488,False,-0.6390262685902317,True,0.03262864748778682,True,2,1,0.6172525838280011,True,0.6788712789276443,False,4,2,True,False,False,25.0,16.193397543501785,11.895185708602094,0.273104345998522,11.0,False,1,3,2,4,-11.770910297889658,52.119998931884766,588460508.0279922,24.796747967479675,False,0.0,0,,,,0.0,0,,,,False,False,False,False,0,,none,0,0,False,-2,0.5,risk_on,7,False
NVR,6363.44482421875,-25.51276104156912,14.375976256185762,-23.300937561905886,-45.339546231995556,0.058120572116027266,False,0.9483209959280171,4.461894203916643,-21.40169288392404,3.3862571368756145,False,True,False,True,26,43.333333333333336,True,0.4828826159780424,1.479294856476562,True,-0.354137284557786,True,0.9300005088191066,True,2,0,0.5698762871392561,False,0.4999224438975924,False,6,3,True,False,False,25.0,13.365378822577325,5.857208243956283,0.4864262672355206,19.0,False,2,2,3,5,-6.8641074917223595,6832.43017578125,226721315.8812744,12.262872628726287,False,0.0,0,,,,0.0,0,,,,False,False,False,False,0,,none,0,0,False,-1,0.625,risk_on,7,False
NVS,152.61000061035156,-6.7400311144779295,29.748314359526674,29.748314359526674,7.709705689437008,0.08083513343717996,False,0.8407065701072008,3.6170558886017417,-2.4351868417402223,-2.2607908243215347,False,True,False,True,25,41.66666666666667,True,0.5148785918543428,0.9374542580306819,True,-0.30219745536532505,True,-1.0375501159820333,True,2,0,0.4034710450382513,False,0.40148099587902175,False,5,1,False,False,False,55.0,11.403133824620008,3.6170558886017417,0.5652648202239232,29.0,False,2,1,3,5,-4.9573434332568445,160.57000732421875,252739286.2599762,59.010840108401084,False,0.0,0,,,,0.0,0,,,,False,False,False,False,0,,none,0,0,False,-1,0.625,risk_on,7,False
NVST,28.809999465942383,-4.791806847230262,52.03165332998903,33.627088031484355,11.58847936139469,0.04957815325225055,True,1.1403007479694476,5.536269847002302,0.13903026604893398,10.087884531723311,False,True,False,True,29,48.333333333333336,True,0.4063005413642661,1.2824710850031915,False,2.5629490982714853,True,5.222791632604795,False,1,2,0.6266391330810434,True,1.7975622077157258,True,3,1,False,True,True,45.0,17.86823161805077,7.427974416237768,0.9652509083839382,2.0,True,6,4,5,6,-0.6209048175126575,28.989999771118164,82495304.90386076,62.737127371273715,False,0.0,0,,,,0.0,0,,,,False,True,False,False,1,,power_play,6,6,True,0,0.75,risk_on,7,True
NVT,168.8249969482422,-8.295225632511027,93.10868857018413,87.56755684607684,65.52894817598718,0.07202404132947651,True,1.1033703087969013,8.114910230054551,51.29366774757194,6.467168537777557,False,True,False,False,24,40.0,True,0.39874080351187097,2.001568893489099,False,0.7859549139289106,True,3.383339738660762,True,1,0,0.4013856245453547,False,0.5060012190558758,False,5,2,True,True,True,35.0,25.815452468879435,15.19324410492841,0.830586906908361,34.0,False,7,2,3,5,-4.3734756523130525,176.54620211272564,326795991.8168144,86.65311653116531,True,0.0,0,,,,0.0,0,,,,False,False,False,False,0,,none,0,0,False,-1,0.625,risk_on,7,False
NVTS,14.180000305175781,-55.394778556770106,155.95668597139905,92.66304412965849,70.62443545956882,0.20874003622375498,False,0.6482091650605115,12.129755122266694,69.41458182861868,17.871991853100223,True,True,True,False,24,40.0,True,0.4578068104856946,4.019431297761943,True,-1.8356301586566728,True,14.354844688749147,False,1,1,0.5064156098037884,False,1.3129011615853146,True,3,3,True,False,False,25.0,35.09979023759093,29.654441701042884,0.9313726535168053,1.0,True,6,4,4,3,-2.40880546612261,14.529999732971191,170605589.98552513,87.39837398373984,True,0.0,0,,,,0.0,0,,,,False,False,False,False,0,,none,0,0,False,-2,0.5,risk_on,7,False
NWG,19.290000915527344,-0.6694086521930154,47.712835368474195,35.66074498536587,13.622136315276201,0.08390154716185057,True,0.9889045769511414,1.969928163459671,23.199560680088283,8.00672036005956,False,True,False,True,33,55.00000000000001,True,0.4225836225022982,0.6537337437554186,False,3.9302473971659544,True,1.313025146947977,True,2,0,0.40664027265425046,False,1.042373391277944,False,3,1,False,False,False,45.0,19.97940318845439,3.006738704917261,0.9664950626463232,8.0,True,7,3,6,5,-0.6694086521930154,19.420000076293945,71262110.12193736,64.56639566395664,False,0.0,0,,,,0.0,0,,,,True,False,False,False,1,,sepa_vcp,6,6,True,0,0.75,risk_on,7,False
NWL,6.340099811553955,-0.31289813746360196,115.36078428260139,30.594671354767588,8.556062684677922,0.059078400582386996,True,1.1829594387347069,8.911532531251709,45.91983917395572,26.045716642137528,False,True,False,False,25,41.66666666666667,True,0.41980685818599106,3.065588101490168,False,2.346968719560919,True,5.317272950857643,False,0,0,0.5322596104799414,False,0.5957494930973894,False,4,2,True,True,True,25.0,30.855543489353828,25.709376238375114,0.640954454471269,9.0,False,7,2,3,4,-11.078545444720532,7.130000114440918,58830194.35713706,60.02710027100271,False,0.0,0,,,,0.0,0,,,,False,False,False,False,0,,none,0,0,False,-2,0.5,risk_on,7,False
NWSA,29.084999084472656,-5.876437530997403,30.386352392413364,-1.059574804927521,-23.098183475017187,0.08760016767790459,False,1.1289124111977638,4.572810290252763,30.386352392413364,10.463346634065719,True,True,False,True,28,46.666666666666664,True,0.5279170952039658,1.406379251495807,True,2.1877253859414285,True,-1.9716919120896792,True,2,1,0.6106578742278432,True,1.0882792442345095,False,4,0,False,False,False,35.0,20.336784164410492,11.896163635500386,0.7141719068144599,5.0,False,4,3,4,5,-5.812824239239333,30.8799991607666,106145677.00006218,28.86178861788618,False,0.0,0,,,,0.0,0,,,,False,False,False,False,0,,none,0,0,False,-1,0.625,risk_on,7,False
NXPI,234.94000244140625,-29.137904832982166,29.224531684669543,3.728897873874737,-18.30971079621493,0.08719515305273849,False,0.8184740626667507,4.001025392692668,-2.15931588789513,-15.272820800773568,False,True,False,True,22,36.666666666666664,False,0.5219111492453166,2.2359875679718417,True,-3.6246839421469277,True,1.3633633957856661,True,2,0,0.42137159021895404,False,0.5677599724709995,False,6,1,False,False,False,25.0,25.743446741944748,14.2504449560006,0.22072428638528993,24.0,False,0,1,2,3,-20.061242830731274,293.8999938964844,1071341185.1336854,33.19783197831978,False,0.0,0,,,,0.0,0,,,,False,False,False,False,0,,none,0,0,False,-3,0.375,risk_on,7,False
NXST,186.3000030517578,-25.85041181607067,20.426636539681375,-8.065871373239164,-30.104480043328827,0.06701577208403466,False,1.0992071824070901,9.559856428147691,-19.42720349497136,2.8372705264652742,False,True,False,False,19,31.666666666666664,False,0.33468336469160165,1.299253447449182,False,0.7920842556669433,True,-0.8884386647337927,True,1,1,0.5562744481525781,False,1.5836955145786742,True,5,3,True,False,False,35.0,22.361280655336436,9.860445558271415,0.7154416251071356,11.0,False,0,4,3,4,-6.363089683805779,198.9600067138672,57792205.34400177,22.289972899728998,False,0.0,0,,,,0.0,0,,,,False,False,False,False,0,,none,0,0,False,-2,0.5,risk_on,7,False
NXT,104.33999633789062,-33.28644475079099,93.25799795169345,88.71404342586717,66.6754347557775,0.04158091585057376,False,0.8141078568311286,9.718228623289821,-8.665967884282166,-0.14355587036615214,False,True,False,False,20,33.33333333333333,False,0.46665307699419206,2.892348268502921,True,-1.0601673405169774,True,6.004262942589955,False,0,0,0.5760376948116794,False,0.8179786586651724,False,7,2,True,False,False,25.0,23.885542972567393,20.26068634427538,0.6241781611485444,24.0,False,3,2,2,4,-8.976708681915735,114.62999725341797,297419422.95089567,86.72086720867209,True,0.0,0,,,,0.0,0,,,,False,False,False,False,0,,none,0,0,False,-2,0.5,risk_on,7,False
NYT,64.23999786376953,-24.946368711398826,18.52337901351444,7.22111439952533,-14.817494270564335,0.057837280884808016,False,1.3022567679363222,3.0821852325368035,-10.624414206999477,-8.45090560056504,False,True,False,True,21,35.0,False,0.42598701289703106,1.5239794871504175,False,-2.7088880248919076,True,-0.818278225669189,True,2,0,0.4190543746650112,False,1.017492307209947,False,6,0,False,False,False,25.0,19.208100336508696,22.306971502001467,0.07938615700213181,11.0,False,0,1,2,4,-17.683243067481914,78.04000091552734,156602478.9020508,36.856368563685635,False,0.0,0,,,,0.0,0,,,,False,False,False,False,0,,none,0,0,False,-2,0.5,risk_on,7,False
O,63.08000183105469,-4.586858040209119,16.94883728298644,14.93851229952108,-7.100096370568586,0.16893830568484852,False,1.050764784068645,3.059607243425332,-0.08719990893313323,-2.12231127105702,False,False,False,True,25,41.66666666666667,True,0.4497564723776889,0.8636088632151626,True,0.37805321469306424,True,1.1545882194613277,True,2,0,0.5808252551708544,False,0.40757267857535695,False,7,1,False,False,False,55.0,11.802976914421325,5.833856029894453,0.5200980376798261,19.0,False,3,1,1,4,-5.664271782450503,66.8675622936674,325995564.4027115,44.986449864498645,False,0.0,0,,,,0.0,0,,,,False,False,False,False,0,,none,0,0,False,-2,0.5,risk_on,7,False
OC,157.13999938964844,-1.1200596525332118,63.0668741383168,11.994626429631584,-10.043982240458082,0.053293650583875626,False,1.0381818439040578,5.6510149658289155,17.239766265618762,11.82749403064507,False,True,False,True,29,48.333333333333336,True,0.48180444319581667,1.5307026397933672,True,3.341094090557097,True,4.342624847994703,True,2,1,0.5933827053418133,False,1.9582719574159206,True,5,2,True,False,False,25.0,15.943210354445206,15.451189304825919,0.8925066730998202,1.0,True,4,4,3,5,-1.713788722468712,159.8800048828125,133364730.22934952,42.20867208672087,False,0.0,0,,,,0.0,0,,,,False,False,False,False,0,,none,0,0,False,-1,0.625,risk_on,7,False
ODFL,217.22999572753906,-12.66433503842671,72.80947518006671,42.47978580170686,20.441177131617195,0.04734770141626638,False,0.9699824268942863,5.56553507087649,17.410976540789758,-5.842837585734372,False,True,False,True,26,43.333333333333336,True,0.4377222126109136,1.4517224707807292,False,-1.069518814573197,True,2.7529407145423512,True,2,0,0.5080843292579876,False,0.5167633821783582,False,8,1,False,False,False,25.0,13.982638720731142,5.685221353595031,0.36191890191592796,19.0,False,2,1,2,4,-8.922057469036993,238.50999450683594,376798054.63894653,69.24119241192412,False,0.0,0,,,,0.0,0,,,,False,False,False,False,0,,none,0,0,False,-2,0.5,risk_on,7,False
OGE,47.099998474121094,-5.70571020077526,13.896227074741763,7.027570366590985,-15.01103830349868,0.06933233682112606,False,1.069957112404759,3.057330123264131,3.871107772215132,-5.059468061580175,False,True,False,True,24,40.0,True,0.45263848960569336,0.8884183384363951,True,-0.8423397379095309,True,0.662529498884612,True,2,0,0.47636867726212107,False,0.9052241642674625,False,3,2,True,False,False,55.0,10.599254776927884,4.755842358885758,0.3491429347864945,12.0,False,2,2,2,5,-6.898599857561516,50.59000015258789,66317279.06878357,36.449864498644985,False,0.0,0,,,,0.0,0,,,,False,False,False,False,0,,none,0,0,False,-1,0.625,risk_on,7,False
OHI,46.185001373291016,-9.48618240800383,24.296301269786902,21.250430260968734,-0.7881784091209312,0.08643295652651718,False,1.0663933956580025,7.101878307815706,0.958828272225376,-8.154316199521695,False,True,False,True,25,41.66666666666667,True,0.4781076942181852,1.177120380918136,True,-1.0453675972647039,True,-5.125305908470779,False,1,0,0.40045845591295165,False,0.4983998283519102,False,3,3,True,False,False,55.0,17.63694939768701,10.284724171832428,0.39650918152930753,10.0,False,2,2,2,5,-10.64373702733632,51.68636180255229,94749121.14148521,51.0840108401084,False,0.0,0,,,,0.0,0,,,,False,False,False,False,0,,none,0,0,False,-1,0.625,risk_on,7,False
OII,50.779998779296875,-3.6980860608153754,128.7387253790941,127.10195614121886,105.06334747112919,0.03816027366969733,True,1.1515403226203609,8.014966113948722,57.50619148761709,5.7476016143747755,False,True,False,False,25,41.66666666666667,True,0.4204432048430112,2.3813340400814265,False,3.439525863033765,True,3.106596506186543,True,1,2,0.5266962782247435,False,2.004135801635025,True,1,2,True,False,False,25.0,24.972211294090478,9.82670696814044,0.7626112113050878,13.0,False,9,5,6,7,-5.928122990137541,53.97999954223633,54395751.97407226,91.73441734417345,True,0.0,0,,,,0.0,0,,,,True,True,False,False,2,sepa_vcp,power_play,7,7,True,1,0.875,risk_on,7,True
OKE,92.44499969482422,-1.77734519392021,49.222413476943096,29.381703087384302,7.343094417294637,0.17401221575134618,True,1.0847248981469408,7.842500972398089,11.901027633672022,0.34028221097976985,False,True,False,True,29,48.333333333333336,True,0.3833310962248661,0.9235974618633994,False,1.5150925752402804,True,5.134765579413592,False,1,1,0.7111634678040262,True,0.5067830699081439,False,3,0,False,False,False,45.0,13.350016093927639,10.784784059950395,0.8177539962411,14.0,True,5,4,5,6,-2.432987083235316,94.75026131392369,336484939.05281335,58.265582655826556,False,0.0,0,,,,0.0,0,,,,False,True,False,False,1,,power_play,6,6,True,0,0.75,risk_on,7,False
OKLO,45.77000045776367,-73.71654954738422,24.239957296928715,-40.88090733626119,-62.919516006350854,0.1839376723159768,False,0.9149668356576174,12.300635813431052,-28.394865818377912,4.022728313099244,False,True,False,False,22,36.666666666666664,False,0.5501012882019415,4.21450926110156,True,-1.0291111131768438,True,8.485427702261926,False,0,1,0.46206561957383363,False,1.2107057229266023,True,3,2,True,True,True,25.0,27.719645592416818,25.060085440216646,0.6524215990101351,24.0,False,1,3,2,4,-9.634750091017995,50.650001525878906,409476591.9669777,4.2682926829268295,False,0.0,0,,,,0.0,0,,,,False,False,False,False,0,,none,0,0,False,-2,0.5,risk_on,7,False
OKTA,149.6300048828125,-3.227260633783524,137.77213436705787,64.46471681890654,42.42610814881687,0.08402867369605495,True,0.8648521263887685,5.13265550034305,76.22188014294488,9.941218348664993,False,True,False,True,31,51.66666666666667,True,0.42360689952136965,1.9006782390430939,False,2.4191960395578076,True,4.264518577265397,True,2,0,0.49451923645493867,False,0.5713436793236982,False,6,1,False,False,False,25.0,17.821653329642714,10.639576053889437,0.7365977039827191,21.0,False,8,2,5,5,-4.694264405851911,157.0,348670171.73246384,80.28455284552845,True,0.0,0,,,,0.0,0,,,,False,False,False,False,0,,none,0,0,False,-1,0.625,risk_on,7,False
OLED,91.47000122070312,-38.69544123777043,17.359505203336955,-35.84458549045906,-57.883194160548726,0.042770649190317964,False,1.0117203880486993,6.3190186198261165,-27.07406323567849,15.172504821927312,True,True,False,True,28,46.666666666666664,True,0.4341003769982608,1.6067796814539201,False,1.914267675589501,True,4.8366776168517145,True,2,1,0.5913856185824913,False,1.4461356736744546,True,4,2,True,False,False,55.0,20.790502001577103,19.66765633877814,0.7503119271004902,50.0,False,2,3,3,4,-5.1911403793871935,96.4783265896558,61525513.25670624,6.097560975609756,False,0.0,0,,,,0.0,0,,,,False,False,False,False,0,,none,0,0,False,-2,0.5,risk_on,7,False
OLLI,78.36000061035156,-43.344659103796836,26.632190138613197,-42.05856445760615,-64.09717312769581,0.10538162024011663,False,0.8685110908122048,8.16105694569908,-31.91415144345312,20.11036660972687,False,True,False,False,29,48.333333333333336,True,0.38271806556793436,1.5626693808515228,False,1.7302961887905406,True,0.5001915910511467,True,1,2,0.5703987711713747,False,2.490059326748962,True,2,2,True,False,False,25.0,22.726165371317393,11.613075590396933,0.8149541846542908,4.0,False,2,5,5,5,-4.205381800816854,81.80000305175781,95362131.03931351,3.997289972899729,False,0.0,0,,,,0.0,0,,,,False,False,False,False,0,,none,0,0,False,-1,0.625,risk_on,7,False
OLN,19.094999313354492,-36.19617431170617,6.0210909479086805,-7.665964673324077,-29.704573343413742,0.08784383211772157,False,0.9628592425727976,4.608532036715788,-24.52089520201953,-19.225889143990948,False,True,False,True,20,33.33333333333333,False,0.5624500054523244,2.6803399066183835,True,-2.438669738308661,True,1.8943412303742413,True,2,0,0.4812440233622867,False,0.6935878857490507,False,4,0,False,False,False,25.0,28.565673810489155,14.401676349245685,0.19252464622584406,15.0,False,0,1,3,3,-23.066077565921873,24.81999969482422,58263069.14001236,22.831978319783197,False,0.0,0,,,,0.0,0,,,,False,False,False,False,0,,none,0,0,False,-3,0.375,risk_on,7,False
OMC,86.59500122070312,0.0,31.40184559358714,23.489857237108946,1.451248567019281,0.06990557639727857,True,1.189382049057743,5.069584799536219,24.938549921240426,5.129292622606374,False,True,False,True,31,51.66666666666667,True,0.44524710340333584,1.420330577278901,True,2.466274526306579,True,4.9509138028235755,True,2,1,0.6617400749362377,True,0.7087949676261666,False,4,2,True,False,False,35.0,19.5858620630664,11.77897619244805,0.9523947248449499,11.0,True,6,5,5,6,-0.9323903526611277,87.41000366210938,249936483.12132913,53.116531165311656,False,0.0,0,,,,0.0,0,,,,False,True,False,False,1,,power_play,6,6,True,0,0.75,risk_on,7,True
OMF,64.9000015258789,-4.037421756452641,36.46949788912464,20.262727943557522,-1.7758807265321437,0.07165701681830713,False,0.9740880318505887,3.8520800326994196,19.923835307986558,12.225983578457678,False,True,False,True,26,43.333333333333336,True,0.39543595905672596,0.9213348081167682,False,3.804874427554411,True,1.4400028047356628,True,2,1,0.591496945770667,False,1.6659928198161984,True,4,1,False,False,False,45.0,18.10689309237787,6.066001084414333,0.9737457182253437,0.0,True,4,3,3,5,-0.47538347331086417,65.20999908447266,59326305.563489534,49.66124661246612,False,0.0,0,,,,0.0,0,,,,False,False,False,False,0,,none,0,0,False,-1,0.625,risk_on,7,False
ON,83.4000015258789,-37.728659682843215,85.74609953589834,60.72461458250935,38.68600591241969,0.07084207295861138,False,0.618954405141372,6.139082762005433,18.080142671735654,-7.466987609703768,False,True,True,True,24,40.0,True,0.4514647422152407,2.2107967402874458,True,-3.3621006738059984,True,6.472615315086294,False,2,0,0.32013333708539216,False,0.7923131666095695,False,5,2,True,False,False,25.0,21.80785118267434,13.201432020860995,0.36522969500493324,24.0,False,2,2,3,4,-13.842976346513215,96.80000305175781,813820659.2233841,78.65853658536585,False,0.0,0,,,,0.0,0,,,,False,False,False,False,0,,none,0,0,False,-2,0.5,risk_on,7,False
ONB,27.229999542236328,-0.21986577969250742,41.52453028003917,27.898421342046497,5.859812671956831,0.08380346948779986,True,0.8381526437446746,3.8193133516788103,13.112501221141937,4.289540044823781,False,True,False,True,35,58.333333333333336,True,0.4871545725399861,0.9389155587980865,True,3.106790980203177,True,2.0997355243359994,True,2,0,0.5802780018912155,False,0.9934140401569435,False,4,1,False,False,False,65.0,16.11723996119777,4.03966360617642,0.970519140168878,7.0,True,6,3,5,6,-0.47515009216062554,27.360000610351562,113205541.51453733,56.84281842818428,False,0.0,0,,,,0.0,0,,,,False,True,False,False,1,,power_play,6,6,True,0,0.75,risk_on,7,False
ONC,357.7300109863281,-5.229552062558007,37.445739457704704,16.33117610024446,-5.707432569845206,0.14486091744853827,False,1.017141757325596,7.023453226841579,3.264822215865748,9.474561010362837,False,False,False,True,30,50.0,True,0.3637001714397547,0.9410543032406599,False,6.082207228541254,False,8.468776296890713,False,1,0,0.5329779981252609,False,0.9875432239725572,False,3,1,False,False,False,25.0,19.51006226088368,15.949177011587604,0.8706706367946644,2.0,True,3,1,2,2,-2.5232239282965363,366.989990234375,137024675.917334,46.7479674796748,False,0.0,0,,,,0.0,0,,,,False,False,False,False,0,,none,0,0,False,-4,0.25,risk_on,7,False
ONDS,9.329999923706055,-33.40471255330808,165.0568174506145,165.0568174506145,143.01820878052482,0.5319447185364625,False,0.9849467459402607,15.112538681051033,4.013373979491441,17.65447825565387,False,True,False,False,24,40.0,True,0.426711504806763,3.777650936417686,False,1.2614166511220033,True,6.750574005019772,False,0,2,0.6357779352402735,True,3.0560041310272714,True,3,1,False,False,False,25.0,37.73773841142485,30.868163570785633,0.8249337265911847,1.0,False,5,3,3,4,-6.606605230564854,9.989999771118164,813160616.0729054,93.90243902439023,True,0.0,0,,,,0.0,0,,,,False,False,False,False,0,,none,0,0,False,-2,0.5,risk_on,7,False
ONON,30.71500015258789,-39.33438770568982,0.0,-36.26270797284417,-58.301316642933834,0.33678612478032266,False,1.1487588192710803,29.09978733823554,-30.61892967023593,-11.83983921335775,False,False,False,False,25,41.66666666666667,True,0.479667151020375,1.6689397876436134,True,-3.326677040496179,True,-17.742367361883492,False,0,0,0.3588572343694989,False,0.41613440842085103,False,6,1,False,False,False,25.0,23.2424168669715,29.09978733823554,0.06613299395162556,23.0,False,1,1,1,2,-21.705326252886913,39.22999954223633,238641958.92277527,5.9620596205962055,False,0.0,0,,,,0.0,0,,,,False,False,False,False,0,,none,0,0,False,-4,0.25,risk_on,7,False
ONTO,333.5400085449219,-11.86682579297721,227.16039090639003,199.24637653382763,177.20776786373796,0.11206390409472611,True,1.0079535783650275,15.750726089417762,55.34441717446976,14.512315420613376,True,True,False,False,25,41.66666666666667,True,0.4664067663549633,3.4290350150787186,True,1.2953556570153035,True,24.13099865731749,False,0,0,0.4839867276747861,False,1.1870414778484637,False,6,2,True,False,False,25.0,37.40322028943825,29.39676958716728,0.921873942505548,1.0,True,8,3,5,4,-2.9221661388103115,343.5799865722656,325169548.7111557,95.18970189701898,True,0.0,0,,,,0.0,0,,,,False,False,False,False,0,,none,0,0,False,-1,0.625,risk_on,7,False
OPCH,24.260000228881836,-33.69773127162448,24.28278514323974,-14.966702961778754,-37.00531163186842,0.0417846569520453,False,1.215558159277987,4.987638006617854,-29.538193395732016,15.085390496608264,False,True,False,True,25,41.66666666666667,True,0.39309662471091317,1.221869982637617,False,2.452061102239622,True,2.666107027042308,True,2,2,0.6493325626640766,True,1.877401133733606,True,3,1,False,True,True,45.0,17.948716773083888,9.934047092641714,0.8437502394829722,11.0,True,2,5,5,5,-2.8044826973823156,24.959999084472656,59118080.59822731,16.73441734417344,False,0.0,0,,,,0.0,0,,,,False,False,False,False,0,,none,0,0,False,-1,0.625,risk_on,7,False
ORA,113.75990295410156,-21.598967492155552,29.315130318222636,27.682258687551297,5.643650017461631,0.05401794296699776,False,1.0128500787411663,9.300290837381759,-5.324770442980043,9.553069112148282,False,True,False,False,19,31.666666666666664,False,0.48444116209240484,1.7000155679695674,True,-0.3138326009290255,True,5.941428444654306,False,0,0,0.5921748307358373,False,0.968585520110957,False,4,2,True,True,True,35.0,25.777389812671657,19.277442873719597,0.6393413376288891,34.0,False,1,2,2,3,-9.296838929256857,125.41999816894531,91578143.11563416,56.57181571815718,False,0.0,0,,,,0.0,0,,,,False,False,False,False,0,,none,0,0,False,-3,0.375,risk_on,7,False
ORCL,159.17999267578125,-50.96571319791585,38.429424848206615,-34.06737590871282,-56.105984578802484,0.1891895461601003,False,0.8326953452200894,10.616850811252279,2.435871653754851,32.60579095446432,False,True,False,False,19,31.666666666666664,False,0.5235195824337969,2.811364448847332,True,0.7266714859730244,True,10.950018346282086,False,0,2,0.6950526361995821,True,1.5689549548684694,True,3,1,False,False,False,25.0,28.09591004016311,21.07042547847876,0.9986610160589399,0.0,True,1,4,4,4,-0.03761997235325332,159.23989868164062,4254855192.9936323,6.775067750677506,False,0.0,0,,,,0.0,0,,,,False,False,False,False,0,,none,0,0,False,-2,0.5,risk_on,7,False
ORI,42.869998931884766,-3.8573698470895867,22.836238140323097,20.835039357548556,-1.2035693125411093,0.04812476042528295,False,1.0500520823954322,3.07907564196943,2.191763033888172,3.751208249052085,False,True,False,True,28,46.666666666666664,True,0.4606995907501453,1.0857780291872328,True,1.983965000745245,True,-1.3348718547075311,True,2,1,0.5457776407875121,False,2.036721827708862,True,6,3,True,False,False,55.0,18.612371239961494,4.525314881599785,0.7858108581631896,11.0,False,4,4,4,6,-3.986567823435483,44.650001525878906,51057128.33514404,50.609756097560975,False,0.0,0,,,,0.0,0,,,,False,True,False,False,1,,power_play,6,6,True,0,0.75,risk_on,7,False
ORKA,103.77999877929688,-3.3705797906434465,695.2490211684271,692.8189271929045,670.7803185228149,0.08936406087277858,True,1.021709060373935,13.412987408631787,212.02647028429817,13.16105093808444,False,True,False,False,30,50.0,True,0.40667092802239546,2.648856310459402,False,3.746494811662474,True,5.446048272781634,False,0,2,0.6102118686031519,True,1.577526873439823,True,3,1,False,False,False,25.0,26.22920620408819,19.117360350025862,0.8034843209279897,1.0,False,11,3,4,6,-5.154450268716182,109.41999816894531,81124497.822715,99.7289972899729,True,0.0,0,,,,0.0,0,,,,False,True,False,False,1,,power_play,6,6,True,0,0.75,risk_on,7,False
ORLY,93.65499877929688,-13.13763768838827,13.205602537241589,-8.753897762842078,-30.792506432931745,0.11230781502103943,False,0.9744495079056329,2.6693716647110173,-1.633232139616081,8.76204635404254,True,True,False,True,22,36.666666666666664,False,0.5340274406025164,1.443438295329231,True,1.876653124275896,True,0.3052329702595724,True,2,1,0.5848372272738801,False,0.7066401623198251,False,2,1,False,False,False,25.0,12.250325193610472,7.976083837560653,0.9596701033110759,6.0,True,1,4,6,4,-0.4940543494640348,94.12000274658203,593471089.7432816,21.40921409214092,False,0.0,0,,,,0.0,0,,,,True,False,False,False,1,,sepa_vcp,6,6,True,0,0.75,risk_on,7,False
OSCR,29.864999771118164,-7.193910851782304,175.25344443418987,100.03348399641271,77.99487532632304,0.09754575906262898,True,1.041587675785466,17.076840827747798,117.83369575507807,3.2676337909101294,False,True,False,False,22,36.666666666666664,False,0.5034739460419955,3.131235525025003,True,0.378715752508305,True,12.528254487156087,False,0,1,0.5031041658480223,False,1.26197599697074,True,4,3,True,True,False,25.0,21.501282070651513,21.09492477931692,0.6468555643724043,22.0,False,8,3,3,6,-7.593058122109975,32.319000244140625,152298102.20732212,88.6178861788618,True,0.0,0,,,,0.0,0,,,,False,True,False,False,1,,power_play,6,6,True,0,0.75,risk_on,7,False
OSK,153.77999877929688,-13.192581546961557,30.686813641027477,10.23104808203328,-11.807560588056386,0.05136976733357133,False,1.1431595235621672,4.6559945767695305,-7.241155621955098,1.1910229282456442,False,True,False,True,30,50.0,True,0.38958243895820793,1.6586587475424877,False,1.4661128320298746,True,0.22158259416116266,True,2,1,0.49916248965904186,False,0.7003549521062263,False,2,1,False,True,True,45.0,21.00447716518504,13.2982262773853,0.7955556901845726,12.0,False,2,3,3,5,-4.294245837070165,160.67999267578125,140563478.06854326,39.63414634146341,False,0.0,0,,,,0.0,0,,,,False,False,False,False,0,,none,0,0,False,-1,0.625,risk_on,7,False
OTIS,73.3949966430664,-21.128296491121635,5.847996134029132,-16.077496702213235,-38.1161053723029,0.08370632663196662,False,0.9570990885308416,3.3653536803267428,-19.15067621178862,3.709198989000062,False,True,False,True,25,41.66666666666667,True,0.4141271333568042,0.9573142183558557,False,0.6618229018447659,True,-0.5891983979408599,True,2,2,0.572050729985596,False,1.4750787050819143,True,2,1,False,False,False,55.0,8.89210864755797,5.409089723118298,0.6274063675491898,19.0,False,2,4,5,6,-3.3131430611408885,75.91000366210938,265836591.88824654,16.32791327913279,False,0.0,0,,,,0.0,0,,,,False,True,False,False,1,,power_play,6,6,True,0,0.75,risk_on,7,False
OUST,47.625,-23.824376757364575,186.3800505315516,43.83871676858395,21.800108098494285,0.22362834711456814,True,0.8114321798762734,18.918631646263943,162.10786901501137,26.359781733317945,False,True,False,False,23,38.333333333333336,False,0.4823275624271875,4.809492691820757,True,1.1330141838369334,True,4.486612739782747,True,1,0,0.5937677059234682,False,1.1138451609810875,False,3,3,True,False,False,25.0,37.733332316080734,29.583203573552332,0.8996145170495712,4.0,False,6,2,3,4,-3.7878787878787845,49.5,122588846.71895008,69.91869918699187,False,0.0,0,,,,0.0,0,,,,False,False,False,False,0,,none,0,0,False,-2,0.5,risk_on,7,False
OUT,30.149999618530273,-10.825204395442722,82.42672478858637,68.63006711904845,46.59145844895878,0.04131124091071641,False,1.0299546603154024,6.3681595376004845,22.539062842180925,-5.456255266291954,False,True,False,True,21,35.0,False,0.29975481899679035,1.0095584128520516,False,-1.8890536121099355,True,-3.2102729125079277,True,2,0,0.42759589668932885,False,0.750745393290585,False,3,2,True,False,False,25.0,12.617094511693622,12.238807896334873,0.06960540005425545,24.0,False,2,2,2,5,-11.738876600684833,34.15999984741211,58041921.62378836,82.38482384823848,True,0.0,0,,,,0.0,0,,,,False,False,False,False,0,,none,0,0,False,-1,0.625,risk_on,7,False
OVV,61.70000076293945,-2.926369682448071,74.67820799775365,58.60978336623182,36.57117469614215,0.05919903326007089,True,1.2081614061885233,8.719612644392008,32.66218474216549,6.802839318045439,False,True,False,False,25,41.66666666666667,True,0.40634304680964917,1.476741806674934,False,1.9359391638213104,True,3.073839181133753,True,1,1,0.5988994037997275,False,2.573698283592386,True,3,1,False,False,False,25.0,17.27286757775405,10.34035816730075,0.7392473219355008,13.0,False,7,3,4,6,-4.503946478752829,64.61000061035156,211786328.72440642,77.4390243902439,False,0.0,0,,,,0.0,0,,,,False,True,False,False,1,,power_play,6,6,True,0,0.75,risk_on,7,False
OWL,12.375,-33.84579901516046,53.90432905028231,-33.84579901516046,-55.884407685250125,0.11498030251926294,False,1.1099198753832256,7.353534120501894,3.4212110061208056,34.364820290378816,False,True,False,True,24,40.0,True,0.4988746512634805,2.147370447744789,True,5.312940952136828,False,7.984292834269291,False,1,2,0.651747301532404,True,2.376223757690801,True,4,1,False,True,False,25.0,27.17741926800572,18.181818181818183,0.9925817153177363,1.0,True,2,3,4,3,-0.2016098330593019,12.399999618530273,218600362.16856617,6.910569105691057,False,0.0,0,,,,0.0,0,,,,False,False,False,False,0,,none,0,0,False,-2,0.5,risk_on,7,False
OXY,57.590999603271484,-12.655481052420015,49.36206338427249,31.35637535168425,9.317766681594584,0.12047106942716677,True,1.10150107558046,7.67480717367898,27.790087549435995,-0.015623040083334594,True,True,False,True,22,36.666666666666664,False,0.4318234997785498,1.141111478304661,False,1.6621246268555556,True,2.767663566033951,True,2,1,0.5619459177704353,False,1.7023797070244155,True,3,1,False,False,False,55.0,20.67661477506148,10.227291469540413,0.7887188698219157,49.0,False,2,3,5,5,-4.3685785379318665,60.22183788841281,455487216.27992857,61.111111111111114,False,0.0,0,,,,0.0,0,,,,False,False,False,False,0,,none,0,0,False,-1,0.625,risk_on,7,False
OZK,52.69499969482422,-0.744020449478977,27.217990630923474,8.08812885494492,-13.950479815144746,0.04722459139092444,False,0.7495605715027226,3.757471399000324,9.913420674660077,5.137671224692153,False,True,False,True,33,55.00000000000001,True,0.5182292427964179,0.9571256233552172,True,2.4514817061520144,True,2.14188706913756,True,2,2,0.6323921375307446,True,0.6320098105803336,False,1,0,False,False,False,65.0,14.24621941567662,4.0041761506240405,0.9359831470220187,20.0,True,5,5,6,7,-0.9119981338254313,53.18000030517578,52890351.943489835,37.87262872628726,False,0.0,0,,,,0.0,0,,,,True,True,False,False,2,sepa_vcp,power_play,7,7,True,1,0.875,risk_on,7,False
P,116.66000366210938,0.0,110.08465014698228,95.90261151423624,73.86400284414657,0.24090887869229635,False,1.2808579441410284,26.444366111520218,64.7507522727645,55.15361068517013,False,False,False,False,31,51.66666666666667,True,0.46949400467389246,2.548995049090649,True,6.353605865276305,False,33.6924144007922,False,0,2,0.6828843430556433,True,2.755703564590854,True,3,0,False,True,False,,,,,,False,9,2,2,3,,,220932205.46247062,87.94037940379404,True,0.0,0,,,,0.0,0,,,,False,False,False,False,0,,none,0,0,False,-3,0.375,risk_on,7,False
PAA,23.309999465942383,-5.128206123450873,59.21308993746395,41.93068373824087,19.892075068151208,0.08064340969664988,True,1.0351810111629556,2.9167788014764238,22.081757092210985,-3.97208475714812,False,True,False,True,26,43.333333333333336,True,0.3678964609583296,0.7121936263424803,False,1.17426171376822,True,-0.8928613424068588,True,2,0,0.5281684925096989,False,0.8885892120790364,False,3,0,False,False,False,45.0,16.299732303418008,8.108113857996868,0.6735601154040242,9.0,False,4,2,4,5,-5.320882732073073,24.6200008392334,60563517.822416686,68.63143631436314,False,0.0,0,,,,0.0,0,,,,False,False,False,False,0,,none,0,0,False,-1,0.625,risk_on,7,False
PAAS,47.665000915527344,-30.20874549613808,56.48365647267952,51.442174370868244,29.40356570077858,0.7580926421873306,False,0.998033159700842,12.777302835817,-12.169639603005544,7.8637755076055305,False,True,False,False,22,36.666666666666664,False,0.34288300127711957,1.0865319141642071,False,0.6770726866223435,True,-0.8012452188266739,True,1,2,0.5810571717810376,False,1.4346120717526032,True,2,3,True,False,False,25.0,23.813087249470648,24.021820083946547,0.541993852768874,1.0,False,2,4,3,5,-10.906540344808702,53.5,172155726.43750304,73.71273712737127,False,0.0,0,,,,0.0,0,,,,False,False,False,False,0,,none,0,0,False,-1,0.625,risk_on,7,False
PAG,218.22999572753906,-2.3317251418458196,56.56295453945859,29.045178603862777,7.006569933773111,0.020659704270499433,True,0.7678788717236184,2.254501335869496,33.3546019340347,11.626596280071123,False,True,False,True,30,50.0,True,0.4507147177502081,1.1214002087790897,True,6.573664951034878,False,0.8456570622317416,True,2,2,0.45894957865804137,False,1.9846828398643441,True,1,1,False,False,False,25.0,20.145372567197825,4.330292413166036,0.8082220622824254,10.0,False,6,3,6,5,-3.8634380054893946,227.0,116638501.78431472,57.92682926829268,False,0.0,0,,,,0.0,0,,,,True,False,False,False,1,,sepa_vcp,6,6,True,0,0.75,risk_on,7,False
PANW,395.0199890136719,0.0,178.8310821763404,123.35179670385656,101.31318803376689,0.1590866724225894,True,0.966067508531164,10.055187667814042,142.62637119167573,21.3094564660377,False,True,False,False,30,50.0,True,0.4749145356389328,2.1321739033709846,True,4.820714457797524,False,9.883445921855172,False,0,1,0.7228932274632894,True,0.8705157722323309,False,4,1,False,False,False,25.0,22.646473206320465,20.097713112971515,0.9573784271468306,0.0,True,12,2,4,4,-0.965228307630539,398.8699951171875,2041010442.7272797,91.46341463414635,True,0.0,0,,,,0.0,0,,,,False,False,False,False,0,,none,0,0,False,-2,0.5,risk_on,7,False
PARR,77.75,-9.498316045012977,185.53066950810017,185.53066950810017,163.4920608380105,0.06431994682711817,True,1.4126719738884619,18.700955995026124,83.93659606814545,-3.2960217358029897,False,True,False,False,30,50.0,True,0.4216672195489418,2.9380249296424474,False,2.4474000531095164,True,12.779224320570016,False,0,2,0.5453546018574822,False,1.7192133068054027,True,2,0,False,False,False,25.0,26.300016493847796,27.974276527331188,0.6063129629772092,8.0,False,9,3,4,6,-10.353975567113471,86.7300033569336,84063560.95875092,94.64769647696477,True,0.0,0,,,,0.0,0,,,,False,True,False,False,1,,power_play,6,6,True,0,0.75,risk_on,7,False
PATH,15.36989974975586,-20.321933539236003,63.85820428821989,39.85350382033781,17.81489515024814,0.0334134137385725,False,1.102241464914774,12.231706769233137,37.476738195081836,50.685294482012246,False,True,False,False,26,43.333333333333336,True,0.5216817124563797,3.49266675047497,True,4.520936833512886,False,9.784998212541861,False,0,2,0.7143011096372882,True,3.6885241632323233,True,3,0,False,False,False,25.0,36.65835868140858,25.244153386080903,0.8860372374071221,2.0,False,4,2,3,3,-4.177687827453925,16.040000915527344,929357407.2883863,67.41192411924119,False,0.0,0,,,,0.0,0,,,,False,False,False,False,0,,none,0,0,False,-3,0.375,risk_on,7,False
PAYC,211.88499450683594,-8.555802014326863,87.04391016350269,-6.948511705704663,-28.987120375794326,0.052045541376938946,False,1.4686745081571313,8.528207534227585,64.61293109539044,41.5302818814246,False,True,False,False,31,51.66666666666667,True,0.4228081468189265,1.9206572313555565,False,5.37197250629111,False,-1.891469505384058,True,1,2,0.5768429863937873,False,1.9608375662115352,True,2,2,True,True,True,,,,,,False,5,3,3,4,,,174822982.00950775,23.441734417344172,False,0.0,0,,,,0.0,0,,,,False,False,False,False,0,,none,0,0,False,-2,0.5,risk_on,7,False
PAYX,122.44999694824219,-9.208681880911286,46.44890446410144,-5.294274745963678,-27.332883416053342,0.06714328231360185,False,1.0777350074627712,3.2584711826951245,32.13446792255243,11.806390584218152,False,True,False,True,30,50.0,True,0.46963105794280113,1.3138022465674235,True,4.106215940060248,False,1.931240945531787,True,2,3,0.7464072282835558,True,2.0558178148886253,True,2,1,False,False,False,25.0,17.692013988956177,7.096770133595717,0.8962345796799119,11.0,True,4,5,6,5,-1.835819267872918,124.73999786376953,349231887.87793887,24.728997289972902,False,0.0,0,,,,0.0,0,,,,True,False,False,False,1,,sepa_vcp,6,6,True,0,0.75,risk_on,7,False
PB,74.83999633789062,-0.5448553649293975,24.082873218552713,17.25266835599244,-4.785940314097225,0.06653126256687486,False,0.9398225087197306,2.7926195084973355,1.7395363704787892,2.5486337289683414,False,True,False,True,32,53.333333333333336,True,0.49153852994659514,0.9187931278190049,True,2.0602454315070315,True,1.0259104860299129,True,2,0,0.44550516222932474,False,0.7339612106557641,False,4,1,False,False,False,65.0,13.858051880464838,3.687870485414644,0.9020357440676674,7.0,True,5,3,4,6,-1.3575937411414052,75.87000274658203,69315118.97995377,47.49322493224932,False,0.0,0,,,,0.0,0,,,,False,True,False,False,1,,power_play,6,6,True,0,0.75,risk_on,7,False
PBF,70.38999938964844,-3.707249166950466,224.26630995406015,215.52158533714982,193.48297666706014,0.06088061224936808,True,1.3913037423033765,17.815026579861303,112.13516038681699,13.623887849502768,False,True,False,False,29,48.333333333333336,True,0.48375286376236126,3.2102077309447488,True,3.6366187638537273,True,14.941210745261891,False,0,1,0.5602862760388935,False,1.3239799770285603,True,3,2,True,True,False,25.0,30.826863472521982,21.551359731753998,0.8111979591367061,10.0,False,11,3,3,5,-5.8201747370262735,74.73999786376953,217530802.5570488,96.07046070460704,True,0.0,0,,,,0.0,0,,,,False,False,False,False,0,,none,0,0,False,-1,0.625,risk_on,7,False
PBR,17.679000854492188,-19.1326066783716,55.282114187594075,49.76139920749427,27.722790537404606,0.11218066227231951,False,1.1666278545878754,6.561455915747391,17.505285361338196,-6.952627081620067,False,True,False,True,21,35.0,False,0.5018491979774596,1.3137498424121847,True,-0.02275892039304924,True,-4.541034462658089,True,2,0,0.3540060930894476,False,0.7863837225823144,False,6,1,False,False,False,35.0,18.499484055309583,10.520949222819393,0.5052781908159559,9.0,False,1,1,2,4,-9.152098220814132,19.459999084472656,265046620.37615204,73.3739837398374,False,0.0,0,,,,0.0,0,,,,False,False,False,False,0,,none,0,0,False,-2,0.5,risk_on,7,False
PBR-A,15.890000343322754,-19.463592113578176,48.94014539608127,42.11645962017718,20.077850950087516,0.1191545064841443,False,1.1913027921392565,5.160476256180803,13.19450969154703,-5.864922195878163,False,True,False,True,18,30.0,False,0.47056795873676244,1.1311513392573878,True,0.18786295860167768,True,-3.5800923258612616,True,2,0,0.3728646883571489,False,0.9119667314983912,False,4,1,False,False,False,35.0,16.025641168142123,8.307109290774212,0.5381819985129617,9.0,False,1,1,2,4,-7.400929576819804,17.15999984741211,103167871.51936913,68.97018970189703,False,0.0,0,,,,0.0,0,,,,False,False,False,False,0,,none,0,0,False,-2,0.5,risk_on,7,False
PCAR,130.2949981689453,-5.47716854793271,43.55608337100576,35.367638940069355,13.32903026997969,0.03844512392266265,True,1.0866933111146833,3.2180435781265846,1.20929455249712,-0.08413092925595445,False,True,False,True,22,36.666666666666664,False,0.5713848102863868,1.652714262653359,True,1.5599062163825528,True,-1.0752647063866472,True,2,1,0.4110346500237296,False,1.0252570848070486,False,2,1,False,False,False,45.0,18.170061300231183,5.342918285370664,0.6600792206794854,12.0,False,3,3,4,5,-6.176381397476105,138.87227982639365,502583056.3642227,64.22764227642277,False,0.0,0,,,,0.0,0,,,,False,False,False,False,0,,none,0,0,False,-1,0.625,risk_on,7,False
PCG,17.635000228881836,-7.184563384466813,23.4206476533833,16.86517872784592,-5.173429942243747,0.07783114285761009,False,1.1712342639439668,4.536439659915471,1.0081567376632572,0.5416152132032837,False,True,False,True,27,45.0,True,0.44732533712857353,1.205644334670924,True,0.9858064063144888,True,3.7352954640107905,True,2,2,0.5247425648141129,False,1.5458700667360885,True,2,0,False,False,False,65.0,17.37698791570003,5.160202681882481,0.7487762947698895,12.0,False,3,4,4,7,-4.36551128992102,18.440000534057617,416355852.7778311,47.018970189701896,False,0.0,0,,,,0.0,0,,,,False,True,False,False,1,,power_play,7,7,True,1,0.875,risk_on,7,False
PCOR,58.39250183105469,-26.6425842331658,52.46084332699377,-6.3021467955747035,-28.34075546566437,0.02509901309243184,False,1.0852699437411,5.65997380063975,15.628716497137995,26.199484014176132,False,True,False,True,28,46.666666666666664,True,0.47596254194141224,2.2772557807547384,True,4.308686333697477,False,4.79630393360182,True,2,3,0.7428551735807757,True,3.6246147412579988,True,0,2,True,True,False,25.0,30.67251524671798,15.849639556278062,0.9525447442494617,2.0,True,2,5,5,4,-1.4555720555452845,59.255001068115234,191911472.83608264,24.119241192411923,False,0.0,0,,,,0.0,0,,,,False,False,False,False,0,,none,0,0,False,-1,0.625,risk_on,7,False
PCTY,145.0800018310547,-20.421258420330723,52.55520942046525,-16.49110378234061,-38.529712452430275,0.07344098470538053,False,1.311156033536346,11.138673972542804,39.232251516397135,20.29851050303837,False,True,False,False,25,41.66666666666667,True,0.4542332257503178,2.0128672258290825,True,3.3664194855437475,True,-4.231304660160317,True,1,2,0.5947620078146342,False,1.353700803810658,True,2,2,True,False,False,25.0,25.33614670322992,15.894676914497879,0.7194846330428237,4.0,False,3,4,3,4,-7.107178489737398,156.17999267578125,111090431.45513992,15.853658536585366,False,0.0,0,,,,0.0,0,,,,False,False,False,False,0,,none,0,0,False,-2,0.5,risk_on,7,False
PCVX,59.849998474121094,-5.060282987116082,97.8512346251937,89.69889040066172,67.66028173057205,0.07418717875284506,False,1.0158114300809544,6.1403497589888865,8.91719316314623,7.566497359192836,False,True,False,True,28,46.666666666666664,True,0.46327230438263683,2.1461303370659075,True,2.2273457191693873,True,1.630156383804282,True,2,1,0.5573996727323278,False,1.2506857051189129,True,4,3,True,False,False,35.0,15.0558510088074,12.76524575510548,0.7935481568652866,27.0,False,5,4,3,6,-3.108308190729925,61.77000045776367,53207071.919165805,86.85636856368563,True,0.0,0,,,,0.0,0,,,,False,True,False,False,1,,power_play,6,6,True,0,0.75,risk_on,7,False
PDD,86.43000030517578,-37.42851136615701,17.912683092450553,-25.893850346770154,-47.93245901685982,0.29371840210451544,False,0.9736471514971886,8.12218471326391,-13.759729343007276,3.7574995663243405,False,True,False,False,26,43.333333333333336,True,0.440614376351784,0.9993332196888949,True,1.0047962049559054,True,-4.865160421774095,True,1,2,0.6312988266270507,True,1.6039050378037498,True,4,2,True,False,False,35.0,22.80287524765445,8.12218471326391,0.6818822524126839,3.0,False,1,5,4,5,-7.253999312298398,93.19000244140625,486236031.4337002,10.569105691056912,False,0.0,0,,,,0.0,0,,,,False,False,False,False,0,,none,0,0,False,-1,0.625,risk_on,7,False
PEG,76.2300033569336,-10.85606953063467,2.2398147170370475,-10.17473532136547,-32.21334399145513,0.08038869107956349,False,0.9661038735516913,3.0434206908810277,-8.31481956775102,-4.437750326068879,False,True,False,True,26,43.333333333333336,True,0.4386081454446347,0.8104908635200951,False,-1.9300462044766853,True,1.5858241296476505,True,2,0,0.49461045865048164,False,0.6010191493939612,False,4,1,False,False,False,25.0,9.124316519792648,4.643842003983538,0.2724839142763805,22.0,False,2,1,2,5,-6.638087039382901,81.6500015258789,215336268.9257431,20.73170731707317,False,0.0,0,,,,0.0,0,,,,False,False,False,False,0,,none,0,0,False,-1,0.625,risk_on,7,False
PEGA,32.13999938964844,-51.664049831997836,23.662946028051014,-39.06619115202563,-61.1047998221153,0.03498039406971419,False,0.9058384357848931,7.5917877423590925,-20.682685762125853,23.567855081984092,False,True,False,True,25,41.66666666666667,True,0.4283408066093807,1.8497006139014216,False,0.5677931121411532,True,1.4840521383714833,True,2,2,0.6928056402812021,True,6.380439625034805,True,5,1,False,False,False,45.0,26.102496233300958,12.974487104803764,0.7940477078609043,44.0,False,2,4,5,5,-5.3758689298004425,33.96596515724354,104880170.08814125,4.94579945799458,False,0.0,0,,,,0.0,0,,,,False,False,False,False,0,,none,0,0,False,-1,0.625,risk_on,7,False
PEN,327.45001220703125,-8.889811416818072,45.18489933251422,27.224339884569627,5.185731214479961,0.05526952338481912,False,1.035653734357432,0.9415201397368582,-3.3272286765045678,3.004095153791231,False,True,False,True,22,36.666666666666664,False,0.41579309888704674,0.2812860570513263,False,3.5578353480106357,True,0.797274817538951,True,2,3,0.642008148940177,True,1.8855325580418993,True,1,1,False,False,False,,,,,,False,2,4,2,7,,,115935762.15700988,55.82655826558266,False,0.0,0,,,,0.0,0,,,,False,True,False,False,1,,power_play,7,7,True,1,0.875,risk_on,7,False
PENG,61.0099983215332,-25.039932695597557,275.6773348607782,152.7340508040573,130.69544213396762,0.09473527311805796,False,0.6770757087985824,10.563848036112384,226.0823159107748,4.45128998615516,False,True,False,False,21,35.0,False,0.5157619449495209,4.599899615270546,True,-0.347171893935095,True,8.442943728602925,False,0,0,0.44622514324569706,False,0.6449092367866813,False,5,3,True,False,False,,,,,,False,7,2,3,5,,,138327513.23226088,93.36043360433605,True,0.0,0,,,,0.0,0,,,,False,False,False,False,0,,none,0,0,False,-1,0.625,risk_on,7,False
PENN,19.05500030517578,-13.621936688647285,62.03231236660927,13.422626015010387,-8.615982655079279,0.07721027845289523,False,0.8761260685656259,9.761220574981271,37.28386273823392,-5.9940805384764095,False,True,False,False,24,40.0,True,0.44355449914200695,1.6860813356061604,True,-2.1431924867171617,True,-5.340282664720597,False,0,0,0.42685460637245337,False,1.0879786134796352,False,5,2,True,False,False,25.0,13.766113561890258,10.705856115747382,0.10869591565818523,18.0,False,2,2,2,4,-12.269793243226035,21.719999313354492,52011225.10600205,43.49593495934959,False,0.0,0,,,,0.0,0,,,,False,False,False,False,0,,none,0,0,False,-2,0.5,risk_on,7,False
PEP,140.39999389648438,-16.03923827672853,4.47755906463998,-2.2706549108622687,-24.309263580951935,0.10843740840015642,False,0.8617883276292269,2.6139589234250025,-14.387133097675708,4.038530619850578,True,True,False,True,22,36.666666666666664,False,0.48535640252007944,0.9045973243641932,True,0.09807138363094334,True,1.4157695900848255,True,2,1,0.6807280983372366,True,1.0670464296571622,False,7,3,True,False,False,25.0,8.045105918643571,3.433053798971314,0.5700854622827415,12.0,False,1,3,4,5,-3.458707991900034,145.42999267578125,998513818.5347488,27.303523035230352,False,0.0,0,,,,0.0,0,,,,False,False,False,False,0,,none,0,0,False,-1,0.625,risk_on,7,False
PFE,26.74139976501465,-3.123130032932153,21.25776456203767,13.739407657946723,-8.299201012142943,0.10946573671414357,False,1.074330722128956,4.300453738339588,0.6856511297893331,8.793327290550735,False,True,False,True,28,46.666666666666664,True,0.4910851635381062,0.9486318069909901,True,3.314878283486527,True,2.0664083446937154,True,2,3,0.7226199147509376,True,1.7164387573295172,True,2,3,True,False,False,35.0,14.654787418303364,9.460988238751316,0.88495001768445,2.0,True,4,6,4,6,-1.6860330333139495,27.200000762939453,992462201.24969,43.69918699186992,False,0.0,0,,,,0.0,0,,,,False,True,False,False,1,,power_play,6,6,True,0,0.75,risk_on,7,False
PFG,114.5999984741211,-0.7018500669662586,53.02861309936291,51.661242711686704,29.62263404159704,0.026545029324364238,True,0.9796597458085572,3.455496629318805,28.773912054972882,6.783450242264566,False,True,False,True,31,51.66666666666667,True,0.4139686429640208,0.8609190096530153,False,1.5979658238154433,True,-0.7018500669662586,True,2,2,0.6288051000170617,True,1.6222106099907958,True,4,1,False,False,False,65.0,16.122287441587428,4.8952885558880785,0.893086127201094,5.0,True,7,5,7,7,-1.7236961887572733,116.61000061035156,176220037.85946274,73.78048780487805,False,0.0,0,,,,0.0,0,,,,True,True,False,False,2,power_play,sepa_vcp,7,7,True,1,0.875,risk_on,7,True
PFGC,106.29499816894531,-8.876985187725284,31.179809663410275,4.961984489433613,-17.076624180656054,0.16522113412485195,False,1.0922721915690392,10.000475154924192,8.464283845862575,-3.6397420709902373,False,False,False,False,22,36.666666666666664,False,0.40448396839678036,1.006433750678842,False,-0.8760366506218374,True,-7.230758884369193,False,0,1,0.48790941829615725,False,1.7511908729222523,True,6,1,False,False,False,45.0,15.828901010626078,10.583752945852867,0.3987631314200561,11.0,False,1,2,1,4,-9.516918876690738,117.4749984741211,181371368.39008483,34.34959349593496,False,0.0,0,,,,0.0,0,,,,False,False,False,False,0,,none,0,0,False,-2,0.5,risk_on,7,False
PFSI,79.04499816894531,-50.09177103206981,4.820308089525249,-26.361979343429088,-48.40058801351876,0.04700981430487891,False,1.127344469694488,5.789228524332504,-13.01380869661587,-4.315461100431872,False,True,False,True,25,41.66666666666667,True,0.40521398159754457,1.2622184963543588,False,-0.8324993593700001,True,2.6291893198377547,True,2,1,0.6646689774415895,True,0.6754925779257064,False,3,1,False,False,False,25.0,18.276136069570057,6.636844672685503,0.4594509310432139,11.0,False,1,2,2,4,-9.879148336533628,87.70999908447266,52916400.3344635,10.230352303523036,False,0.0,0,,,,0.0,0,,,,False,False,False,False,0,,none,0,0,False,-2,0.5,risk_on,7,False
PG,145.4499969482422,-11.699035250869416,7.713309045265593,-3.656650495249647,-25.695259165339312,0.10833686341172229,False,1.0749659675524281,1.8356916354453336,-8.418086201345664,-0.2954461277321796,False,True,False,True,24,40.0,True,0.39998898345799705,0.8859438374209536,False,-0.4499507113382153,True,-1.034227570140911,True,2,2,0.6870562409064231,True,1.3366302582593146,True,6,2,True,False,False,55.0,10.312922834282848,4.840146740352265,0.480721298163386,12.0,False,2,4,4,6,-5.355281181527571,153.67999267578125,1168084091.9966552,26.287262872628723,False,0.0,0,,,,0.0,0,,,,False,True,False,False,1,,power_play,6,6,True,0,0.75,risk_on,7,False
PGR,210.4199981689453,-11.314256733804594,10.563787656298661,-10.072179836272376,-32.11078850636204,0.12406553678512536,False,0.7991608962278558,4.267660424138067,2.517590505041367,1.6178059237141662,False,True,False,True,26,43.333333333333336,True,0.4201911323112678,0.9247413418987485,False,-0.6335699476216365,True,-2.2847581743362433,True,2,1,0.580412238330885,False,1.6086345936440145,True,3,3,True,False,False,45.0,16.4879157205783,4.7951771145718105,0.26625521450717576,27.0,False,2,3,3,5,-12.097922183619492,239.3800048828125,483706095.1514267,20.799457994579946,False,0.0,0,,,,0.0,0,,,,False,False,False,False,0,,none,0,0,False,-1,0.625,risk_on,7,False
PGY,21.2450008392334,-51.50650496855378,99.67105407628982,-37.38579237208959,-59.424401042179255,0.13335927507710757,False,1.1434333765390847,11.061427576552282,71.33065720006442,30.658059902711155,False,True,False,False,23,38.333333333333336,False,0.4317476126537861,2.6771580972561186,False,2.670386263810972,True,-0.8169898993334868,True,1,0,0.5479963713955092,False,0.878661226106029,False,7,3,True,True,False,25.0,32.47200357944128,26.876906843552263,0.7380638283932407,7.0,False,3,2,2,3,-8.505592301999831,23.219999313354492,58568725.760352135,5.487804878048781,False,0.0,0,,,,0.0,0,,,,False,False,False,False,0,,none,0,0,False,-3,0.375,risk_on,7,False
PH,1055.6199951171875,-1.6994608363192443,48.22511102992213,39.727597368655346,17.68898869856568,0.07321310191044417,True,1.1575415568836112,3.510727031967916,7.716882853684837,7.117345459932634,False,True,False,True,28,46.666666666666664,True,0.3534041305516326,0.9193265386916114,False,3.0902244974339306,True,-1.3254863585462129,True,2,1,0.42673410438926773,False,0.6125878373530065,False,1,1,False,True,True,45.0,20.395655924040597,13.264238944294506,0.8024429301885468,5.0,False,6,3,4,6,-4.029306021236067,1099.93994140625,631505714.3191162,67.27642276422763,False,0.0,0,,,,0.0,0,,,,False,True,False,False,1,,power_play,6,6,True,0,0.75,risk_on,7,False
PHM,130.7899932861328,-7.865501275045695,19.033153584856223,1.4408430305149045,-20.59776563957476,0.04908268029099315,False,1.0029609840566707,3.853500684189717,-5.430961465070716,4.908955808994286,False,True,False,True,29,48.333333333333336,True,0.496143677089952,1.6026236514050707,True,0.7708888819376025,True,0.9571518372559096,True,2,0,0.5680769957789357,False,0.8952802623833802,False,5,2,True,False,False,55.0,18.08366362294481,5.864361619902716,0.632895636162118,34.0,False,3,3,4,6,-6.638591830159402,140.08999633789062,226930744.26633453,30.826558265582655,False,0.0,0,,,,0.0,0,,,,False,True,False,False,1,,power_play,6,6,True,0,0.75,risk_on,7,False
PHYS,33.1505012512207,-19.00683849487127,30.359814602414946,28.589993670532543,6.5513850004428775,0.1881630753637595,False,0.9172826543497754,3.016545639602288,-10.500808769354386,8.334970058678405,True,True,False,True,26,43.333333333333336,True,0.42029949122838267,0.5011063147200723,False,3.0220421051556206,True,2.95186480049785,True,2,2,0.5148563114774813,False,2.4578817804951396,True,2,1,False,False,False,55.0,14.281598473505976,9.924437916021542,0.6815527051284614,52.0,False,2,4,5,5,-4.547936400329478,34.72999954223633,126864389.55943528,57.38482384823848,False,0.0,0,,,,0.0,0,,,,False,False,False,False,0,,none,0,0,False,-1,0.625,risk_on,7,False
PI,180.05999755859375,-25.56736189790041,97.13160146460325,5.961281303730814,-16.07732736635885,0.06506105966179354,False,1.130051141002209,6.159056141429638,63.083046450787265,41.98075854903378,False,True,False,True,25,41.66666666666667,True,0.5045693452094631,2.960398716188812,True,3.8724323255292634,True,4.740849120393986,True,2,1,0.5666653839206687,False,1.2490026063901496,True,4,1,False,True,False,25.0,32.70810926282728,22.11707523432233,0.9183605640884879,3.0,True,4,3,3,4,-2.6702715899493246,185.0,77111711.42087403,35.43360433604336,False,0.0,0,,,,0.0,0,,,,False,False,False,False,0,,none,0,0,False,-2,0.5,risk_on,7,False
PII,68.58000183105469,-8.192764882477698,44.6266734628469,39.17834019063999,17.139731520550328,0.031308831321929756,False,1.1071985769999917,6.649176241233929,1.494588919453843,-5.796704730496893,True,True,False,True,24,40.0,True,0.4521476380838954,2.1509027114116837,True,-0.2536772453443901,True,-2.1124689967356725,True,2,0,0.5020352854554584,False,1.084590241652359,False,4,2,True,False,False,25.0,19.5434739964162,11.56313807735258,0.3832020675456656,11.0,False,3,2,3,5,-12.054374353964558,77.9800033569336,58014815.697882846,66.869918699187,False,0.0,0,,,,0.0,0,,,,False,False,False,False,0,,none,0,0,False,-1,0.625,risk_on,7,False
PINS,22.924999237060547,-39.59157107725741,48.67055203394239,-35.927892623838,-57.966501293927664,0.06840381407548497,False,1.002497479225414,6.97928215798222,23.651553964383808,4.728185821245612,False,True,False,True,26,43.333333333333336,True,0.5327245930807802,2.018727962758594,True,0.6287727083213709,True,-1.73596522918964,True,2,1,0.4726337460072932,False,1.2071894204930198,True,3,2,True,True,False,65.0,29.951408394365398,12.889858329543596,0.6365994585159713,7.0,False,1,4,3,4,-10.884358028721664,25.725000381469727,270834841.29621905,6.029810298102981,False,0.0,0,,,,0.0,0,,,,False,False,False,False,0,,none,0,0,False,-2,0.5,risk_on,7,False
PJT,172.4499969482422,-9.613297694818524,33.84379439206957,-1.7188380757222732,-23.75744674581194,0.12745750597484978,False,1.0034021326989109,6.0220322937742985,6.682845432686024,4.909351396590389,False,True,False,True,26,43.333333333333336,True,0.48574040684607733,1.8662458270583622,True,1.6981165103675746,True,-0.17366312692203012,True,2,1,0.5795428902938532,False,2.037280306994593,True,5,0,False,False,False,35.0,20.17145724982708,10.617569082410116,0.8327776590983073,11.0,False,3,3,4,6,-3.373118300714506,178.47000122070312,63431111.299137115,28.252032520325205,False,0.0,0,,,,0.0,0,,,,False,True,False,False,1,,power_play,6,6,True,0,0.75,risk_on,7,False
PK,14.895000457763672,-2.774146511270037,61.48785367543284,45.28532491281834,23.246716242728674,0.052530111678094286,True,1.0616270308253604,4.565292274437944,35.92742850697699,2.090474996476832,False,True,False,True,30,50.0,True,0.3310766790625287,1.0581547155602027,False,0.9892967475786365,True,3.7979098383698284,True,2,0,0.4596521277367279,False,0.750914431060709,False,3,1,False,False,False,55.0,23.915979496975794,6.814369332856976,0.8419858168296129,10.0,False,7,2,4,6,-3.7790639649343594,15.479999542236328,60805010.80463529,71.00271002710026,False,0.0,0,,,,0.0,0,,,,False,True,False,False,1,,power_play,6,6,True,0,0.75,risk_on,7,False
PKG,256.92999267578125,-0.1942275625318124,36.55286128901143,31.119130357995807,9.080521687906142,0.03316408735800263,True,0.902791645735231,4.405872279186733,6.148630085776685,9.846087806863778,False,True,False,True,30,50.0,True,0.4162467138204651,1.3143001609043272,False,3.3432938176983322,True,1.6538052129698277,True,2,3,0.6088738588270531,True,1.3130806120815688,True,2,1,False,False,False,45.0,18.158195430832617,6.50761567591336,0.9353914784837887,0.0,True,6,5,6,6,-1.173174160188517,259.9800109863281,175203406.80091858,60.636856368563684,False,0.0,0,,,,0.0,0,,,,True,True,False,False,2,power_play,sepa_vcp,6,6,True,0,0.75,risk_on,7,True
PL,24.690000534057617,-51.96498093170936,286.9905970404706,266.3204951409301,244.28188647084045,0.14474106970832312,False,0.5924049570131716,9.434994524001421,15.915499617007956,10.420392934280077,True,True,True,False,19,31.666666666666664,False,0.41821807624007146,3.0194397128597266,False,-1.482104870636182,True,8.670780282749323,False,1,1,0.5950976676732557,False,1.527947704499836,True,5,2,True,False,False,25.0,29.970762353846624,21.018633845541537,0.6743902648934839,24.0,False,4,3,4,3,-9.758771990976346,27.360000610351562,138254137.15912876,97.01897018970189,True,0.0,0,,,,0.0,0,,,,False,False,False,False,0,,none,0,0,False,-2,0.5,risk_on,7,False
PLD,141.86000061035156,-5.4644789295297365,38.89955754879839,37.91853894663761,15.879930276547945,0.11382207742925052,False,0.83765961992194,3.5633671606035406,5.616022662441544,-2.2464130488727085,False,True,False,True,26,43.333333333333336,True,0.4108873486295613,0.9153478109983084,False,-0.43877414385567487,True,1.9548664888850764,True,2,2,0.611554482411383,True,0.9343802047142605,False,2,1,False,False,False,35.0,11.900879865424152,6.189199733202452,0.3704106579088185,19.0,False,3,3,4,6,-7.492667124778585,153.35000610351562,770087277.3236694,65.98915989159892,False,0.0,0,,,,0.0,0,,,,False,True,False,False,1,,power_play,6,6,True,0,0.75,risk_on,7,False
PLNT,49.0,-56.2382785873008,11.338336443483321,-54.28678152443827,-76.32539019452793,0.08163095101241313,False,0.9846205355874426,7.84693348164461,-44.73268895099185,-9.644107664362068,False,False,False,True,25,41.66666666666667,True,0.43158805663385114,1.6474424675187223,False,-1.8157247359135475,True,-4.315561655892997,True,2,0,0.4183348659155882,False,0.7903476328276805,False,4,2,True,False,False,25.0,16.890242921776245,19.785713662906566,0.13357382255892813,8.0,False,1,2,2,4,-14.634148610765719,57.400001525878906,113877332.8031044,1.8292682926829267,False,0.0,0,,,,0.0,0,,,,False,False,False,False,0,,none,0,0,False,-2,0.5,risk_on,7,False
PLTR,176.14999389648438,-14.977314352866177,64.2118014439876,-4.458426771383495,-26.49703544147316,0.18293282896611107,False,1.2958592196421619,11.149588458793819,36.41290733036311,42.7818675325146,True,True,False,False,23,38.333333333333336,False,0.4371351012508602,2.3690591846607942,False,4.359532665567302,False,12.974599772390372,False,0,2,0.6205076141644633,True,1.556975097929335,True,4,2,True,True,True,25.0,34.35969076654683,34.05052820619524,0.9440931480849122,3.0,True,2,4,5,3,-1.9209421435335439,179.60000610351562,6811408609.070747,25.474254742547426,False,0.0,0,,,,0.0,0,,,,False,False,False,False,0,,none,0,0,False,-1,0.625,risk_on,7,False
PLXS,269.0199890136719,-11.454156234487334,108.99626045870727,98.18769568800398,76.14908701791433,0.07149472239978796,False,1.0565970627096208,6.070175912257478,35.131598623336544,2.7931671687240422,False,True,False,True,22,36.666666666666664,False,0.38452113465695037,1.5951659876698603,False,-0.2547332736774987,True,0.197399828140421,True,2,0,0.3872698144088965,False,0.7637257118980849,False,4,2,True,False,False,25.0,22.818791946308725,19.466953109765388,0.5738233678481158,5.0,False,5,2,2,6,-9.724835901452389,298.0,79480136.92479858,88.27913279132791,True,0.0,0,,,,0.0,0,,,,False,True,False,False,1,,power_play,6,6,True,0,0.75,risk_on,7,False
PM,190.05999755859375,-5.050707250253672,35.18318601214783,18.726344967921094,-3.312263702168572,0.08644156959167658,False,0.9554447206814168,3.9013960756507102,2.3267689706630845,-0.5546241030112031,False,True,False,True,28,46.666666666666664,True,0.42109225580230847,1.0842904440225782,False,1.163635028881805,True,1.0688617251884525,True,2,1,0.5339280074210602,False,1.4017847547345659,True,4,3,True,False,False,45.0,17.754447603285737,4.966853921218211,0.520151543951974,12.0,False,2,3,3,5,-8.519444270422238,207.75999450683594,946846879.3337768,48.6449864498645,False,0.0,0,,,,0.0,0,,,,False,False,False,False,0,,none,0,0,False,-1,0.625,risk_on,7,False
PNC,257.18499755859375,0.0,47.57634603882648,37.35674616873319,15.318137498643523,0.04275396437067058,True,0.781584095025042,3.0503398541763227,13.735127529697365,3.179412351122579,False,True,False,True,28,46.666666666666664,True,0.3635361898349003,0.5696395045227974,False,3.5299828516217935,True,1.7506738201951144,True,2,2,0.670268114267825,True,1.3427948493057118,True,5,1,False,False,False,55.0,17.290564065720503,3.872701288339351,0.9788267500937227,5.0,True,7,5,5,7,-0.36609743398400285,258.1300048828125,379270021.58477783,65.58265582655827,False,0.0,0,,,,0.0,0,,,,False,True,False,False,1,,power_play,7,7,True,1,0.875,risk_on,7,True
PNFP,107.91000366210938,-0.5600745181807532,32.728422193342155,17.734186396854334,-4.304422273235332,0.040704691973663644,False,0.893952658098902,4.207210417435546,14.560596234317247,8.62574415344759,False,True,False,True,27,45.0,True,0.527455156351199,1.4698187095654458,True,3.272589970730284,True,1.8691620421309896,True,2,1,0.5390787571165665,False,2.219929188795168,True,3,1,False,False,False,45.0,16.84945541981887,5.830491148305918,0.8972215259632141,7.0,True,5,4,4,5,-1.731761316399838,109.81167985472229,127333502.14013977,47.96747967479675,False,0.0,0,,,,0.0,0,,,,False,False,False,False,0,,none,0,0,False,-1,0.625,risk_on,7,False
PNR,65.79000091552734,-40.851412686657305,7.477932736389303,-38.90892064971483,-60.947529319804495,0.05321525473950859,False,0.8204063834842689,8.88433065718901,-33.5614538063169,6.45631347528246,False,True,False,False,26,43.333333333333336,True,0.5250558544898352,1.6026905749085247,True,-2.3458807870984755,True,-5.879829071004994,False,0,1,0.49473558086573155,False,1.0976167104950245,False,2,1,False,False,False,25.0,26.11595707005482,9.195930943253611,0.41637695117054063,23.0,False,2,2,3,5,-15.241874488324669,77.6208776661358,204667373.44136086,5.013550135501355,False,0.0,0,,,,0.0,0,,,,False,False,False,False,0,,none,0,0,False,-1,0.625,risk_on,7,False
PNW,101.0199966430664,-6.794786097197758,22.197789439722172,12.756546421566583,-9.282062248523083,0.07177908076413846,False,1.0241071799344268,3.5240598953560007,5.674488977792769,-3.3116378502690336,False,True,False,True,25,41.66666666666667,True,0.39016885490092,0.912769866068602,False,-1.20116726488953,True,0.1983703122868219,True,2,0,0.5207566346506226,False,0.4794279930898494,False,7,2,True,False,False,55.0,12.423539828394395,4.1279013432100085,0.332262551296687,19.0,False,2,2,2,5,-8.295662788876069,110.15836296869551,130461562.42859344,42.886178861788615,False,0.0,0,,,,0.0,0,,,,False,False,False,False,0,,none,0,0,False,-1,0.625,risk_on,7,False
PODD,145.05999755859375,-58.88555225120977,8.8548728336864,-52.76457353449295,-74.80318220458261,0.05251315288474099,False,1.2047870837967356,6.335300797799268,-40.9292693602133,-13.329747391683288,False,True,False,True,28,46.666666666666664,True,0.34212638809073304,1.4627502723033163,False,-1.0336341195762933,True,4.134956482876584,True,2,2,0.7029182463305672,True,14.272114966981341,True,4,2,True,False,False,25.0,26.902612269065436,31.511098754850813,0.4011177424600273,11.0,False,1,4,3,4,-16.111497169420474,172.9199981689453,254652236.9697052,1.9647696476964769,False,0.0,0,,,,0.0,0,,,,False,False,False,False,0,,none,0,0,False,-2,0.5,risk_on,7,False
POET,9.359999656677246,-54.496841052300105,124.46041931480903,79.31034545757323,57.27173678748357,0.4960968709129247,False,0.6963919343795191,11.965811182055925,65.66370794138092,23.15789176486531,False,True,False,False,22,36.666666666666664,False,0.47086993813559674,4.093717076946365,True,-0.18899370446959626,True,9.730362833398898,False,0,1,0.5071958666948864,False,1.280034741057505,True,3,2,True,False,False,25.0,33.89473463359632,30.448718046687457,0.9565216296755034,0.0,True,5,4,3,3,-1.4736878244500429,9.5,98054318.86641788,85.29810298102981,True,0.0,0,,,,0.0,0,,,,False,False,False,False,0,,none,0,0,False,-3,0.375,risk_on,7,False
POOL,200.4499969482422,-38.80622802070827,15.154826268330467,-38.03731150037003,-60.075920170459696,0.05799198500275025,False,0.9007798320317225,6.814668929945905,-24.63599309459682,9.338348849723022,True,True,False,True,27,45.0,True,0.47017345611583217,2.0335237058045257,True,0.17177935661865462,True,-0.31331056150567527,True,2,0,0.5801895006855715,False,0.9947343408531156,False,5,1,False,False,False,25.0,16.851417415018954,12.422047530843193,0.6061359069998128,23.0,False,2,2,5,4,-6.6371682359339985,214.6999969482422,167232686.84428558,5.35230352303523,False,0.0,0,,,,0.0,0,,,,False,False,False,False,0,,none,0,0,False,-1,0.625,risk_on,7,False
POR,50.310001373291016,-6.2191679185862,25.7284447144674,24.95159812177501,2.9129894516853447,0.4132302716119355,False,1.0697881389066222,5.7414035674356345,1.5559583016142575,-4.189672478698247,False,True,False,True,26,43.333333333333336,True,0.5067731965226167,1.0888973736923884,True,-0.3301098156622922,True,3.6464780065495805,True,2,0,0.42528353839540073,False,0.6283481876628735,False,5,1,False,False,False,65.0,13.883131567004769,5.7414035674356345,0.497868732069995,16.0,False,2,1,2,5,-6.9711544565791765,54.08000183105469,52040982.29385223,54.0650406504065,False,0.0,0,,,,0.0,0,,,,False,False,False,False,0,,none,0,0,False,-1,0.625,risk_on,7,False
POST,81.80999755859375,-28.618796681862435,7.31994484577525,-24.62686855672368,-46.665477226813344,0.03751963427499707,False,1.2457713504922197,12.467910099785508,-25.90345544325945,-9.261319614414344,False,True,False,False,21,35.0,False,0.4915653210041163,2.0068929135443643,True,-1.7971718769294267,True,-9.331713936695563,False,0,0,0.47274282133728207,False,0.9136452096505359,False,4,0,False,False,False,25.0,22.82497043902364,22.72337965121701,0.2874438272882629,11.0,False,0,1,2,3,-16.264073578289228,97.69999694824219,88617035.85346489,11.11111111111111,False,0.0,0,,,,0.0,0,,,,False,False,False,False,0,,none,0,0,False,-3,0.375,risk_on,7,False
POWL,207.8699951171875,-35.43190483769402,153.38515871484339,140.77032546045686,118.73171679036719,0.0561049457475469,False,0.8830576175697644,6.734978750592383,5.266424436642114,-14.269809019393588,False,True,False,True,21,35.0,False,0.45895429630922957,3.1992524944052825,True,-2.7430464264772563,True,0.24594642425481705,True,2,0,0.3608218488895547,False,1.0347525908626478,False,7,2,True,False,False,25.0,25.65940512659179,16.95289895711419,0.3650344328505534,21.0,False,3,2,2,3,-16.292838728923776,248.3300018310547,165244840.8329094,92.6829268292683,True,0.0,0,,,,0.0,0,,,,False,False,False,False,0,,none,0,0,False,-3,0.375,risk_on,7,False
PPG,115.36750030517578,-10.676961223693427,24.722599227239385,11.433236774484934,-10.605371895604732,0.05673366793987744,False,1.0231292098476843,4.505886030285248,-7.897652912552022,0.33278496192827856,False,True,False,True,26,43.333333333333336,True,0.5082706566200084,1.5319173683516472,True,-0.2948012397677403,True,-0.917525872495828,True,2,0,0.5750861716810303,False,0.6488442606902016,False,4,2,True,False,False,55.0,19.164676986315413,8.821119447348744,0.6008730090896447,31.0,False,2,3,3,5,-7.649139857317011,124.92303821202299,213556839.53493804,41.260162601626014,False,0.0,0,,,,0.0,0,,,,False,False,False,False,0,,none,0,0,False,-1,0.625,risk_on,7,False
PPL,35.685001373291016,-9.641382518552067,8.963866980017364,-1.1337489588488903,-23.172357628938556,0.05771573854660347,False,0.9547321590064958,3.9792684012768467,-1.0068830341351642,-1.5314577248089711,False,False,False,True,23,38.333333333333336,False,0.44700599555615106,0.8881552400137237,True,-0.1463993644570252,True,3.076263646055133,True,2,0,0.489081457207533,False,0.824860200945874,False,4,1,False,False,False,25.0,6.722687945970071,3.9792684012768467,0.5141136133957426,12.0,False,2,1,1,5,-3.266462554335392,36.88999938964844,278826551.8539375,28.59078590785908,False,0.0,0,,,,0.0,0,,,,False,False,False,False,0,,none,0,0,False,-1,0.625,risk_on,7,False
PR,21.045000076293945,-5.751868559469441,78.9458652494117,62.574067060227364,40.5354583901377,0.09288603572801529,True,1.2003312259688452,8.429556480947676,26.94399820335147,-1.5208270948814384,False,True,False,False,26,43.333333333333336,True,0.44959793046427293,1.355396335549663,True,1.739699829792634,True,3.772186211769668,True,1,1,0.5621592959619213,False,1.7059058560931024,True,4,1,False,False,False,35.0,18.45102962933483,8.695651779861244,0.7765431034766953,15.0,False,5,3,4,6,-4.123009818630708,21.950000762939453,174977840.59355736,79.47154471544715,False,0.0,0,,,,0.0,0,,,,False,True,False,False,1,,power_play,6,6,True,0,0.75,risk_on,7,False
PRAX,381.25,-1.3149345763548093,911.1390571157431,677.268105871733,655.2294972016434,0.07891364868643398,False,1.0248938585464273,10.527215676229508,14.516996462502064,18.253724323087628,False,True,False,False,28,46.666666666666664,True,0.49472452379414106,2.7117394805809463,True,3.5630713283538866,True,2.996000710010205,True,1,3,0.7306658154098751,True,2.621721643847681,True,2,1,False,True,True,25.0,25.78994908283666,24.946881403688526,0.9325438481455841,0.0,True,7,5,4,5,-1.7396907216494895,388.0,135313720.12597352,99.59349593495935,True,0.0,0,,,,0.0,0,,,,False,False,False,False,0,,none,0,0,False,-1,0.625,risk_on,7,False
PRI,312.8349914550781,-4.158883629401178,27.94802535101535,20.509984917114664,-1.528623752975001,0.06250937473959056,False,1.1323164699629973,5.2647567153843,26.230337573632223,1.5104805275902855,False,True,False,True,31,51.66666666666667,True,0.39845463112065294,0.8372670839865922,False,2.020882457991396,True,-4.158883629401178,True,2,0,0.4525793180161825,False,0.921893650437514,False,5,1,False,False,False,45.0,16.77768389969295,6.2045500638622055,0.7369330475170498,5.0,False,3,2,3,5,-4.413654173214487,327.2799987792969,54892266.49818115,49.93224932249323,False,0.0,0,,,,0.0,0,,,,False,False,False,False,0,,none,0,0,False,-1,0.625,risk_on,7,False
PRIM,80.9000015258789,-60.099243476486095,8.21294704949298,-27.041574720887564,-49.080183390977226,0.05229970223668721,False,0.8042829565778358,7.33003732179022,-50.17844416646056,-6.625113001161143,False,True,False,True,24,40.0,True,0.4936138471886667,2.8721689333820173,True,-2.506260547875306,True,0.8476692780207573,True,2,0,0.43740605114965375,False,0.4992353396495504,False,6,1,False,False,False,25.0,20.089903223543708,15.970331180787884,0.3324453372278344,22.0,False,1,1,2,4,-13.41110857151816,93.43000030517578,118424288.00165176,9.89159891598916,False,0.0,0,,,,0.0,0,,,,False,False,False,False,0,,none,0,0,False,-2,0.5,risk_on,7,False
PRM,34.720001220703125,-8.099517356974095,94.94667188001502,92.88889567057292,70.85028700048326,0.033740537769428196,True,1.3643088572432391,11.40552691602832,27.97641833661617,0.1442257121392121,False,True,False,False,28,46.666666666666664,True,0.5067429731091329,2.9466875771990835,True,0.2135565127248839,True,-7.0414922646924065,False,0,1,0.5185936886241065,False,1.8731647829840672,True,5,2,True,False,False,25.0,24.338484290882022,26.7569086450354,0.6286332274949775,4.0,False,6,3,3,5,-9.03850435876905,38.16999816894531,50008583.132945254,87.46612466124661,True,0.0,0,,,,0.0,0,,,,False,False,False,False,0,,none,0,0,False,-1,0.625,risk_on,7,False
PRMB,24.8700008392334,-2.0480447535065505,74.97241197782117,7.228090229521134,-14.810518440568533,0.13357237526051546,False,1.1883239531512284,7.519102437195737,33.11381893293073,2.3035844738522604,False,False,False,True,28,46.666666666666664,True,0.486642941404092,1.528569098660962,True,0.8695782700659923,True,4.015060635498902,True,2,0,0.5127745230416674,False,0.5945918715846995,False,7,2,True,True,True,55.0,15.529852215109841,16.284676720523127,0.6707923634007699,6.0,False,5,2,2,6,-5.112545944471625,26.209999084472656,93397555.60767174,36.92411924119241,False,0.0,0,,,,0.0,0,,,,False,True,False,False,1,,power_play,6,6,True,0,0.75,risk_on,7,False
PRU,124.38999938964844,0.0,37.04929431664803,27.00457547025408,4.965966800164413,0.06328330589037075,False,1.1397923852504057,3.2800079195066054,23.6771891858925,5.558387012315014,False,True,False,True,28,46.666666666666664,True,0.44456063403920965,0.9513313581039554,True,3.945579933008644,True,2.3786003206982986,True,2,2,0.6328569315158374,True,1.6807161079594293,True,3,0,False,False,False,35.0,17.640149204480913,8.111587761712645,0.8521969812925746,6.0,True,5,5,5,7,-2.607267302871663,127.72000122070312,234352749.65307045,55.55555555555556,False,0.0,0,,,,0.0,0,,,,False,True,False,False,1,,power_play,7,7,True,1,0.875,risk_on,7,False
PSA,328.239990234375,-0.6747998239146735,29.49290383204808,20.722302186696638,-1.3163064833930278,0.04910435574169503,False,1.1022999323654845,3.186690155458913,14.465050584512284,4.199860340499462,False,True,False,True,29,48.333333333333336,True,0.396462101052244,0.956178413393427,False,0.9446119705056434,True,0.37920190653670804,True,2,1,0.6393228862238096,True,0.9628000645473617,False,3,1,False,False,False,65.0,14.603462276270985,5.246161873331593,0.8508222091623358,11.0,True,5,4,5,6,-2.178512240955277,335.54998779296875,351564660.5913986,50.40650406504065,False,0.0,0,,,,0.0,0,,,,False,True,False,False,1,,power_play,6,6,True,0,0.75,risk_on,7,False
PSKY,9.930000305175781,-48.972801953982035,27.1446911386499,-32.70314841687239,-54.74175708696205,0.14935201810295698,False,0.9797525364093327,10.070493144685738,-2.1537551896795515,16.961137489735933,False,True,False,False,20,33.33333333333333,False,0.4792924645294671,2.0566969540862985,True,1.2752989386571498,True,9.60264729872815,False,0,2,0.725814031319136,True,1.4568744316257738,True,3,1,False,False,False,35.0,26.660253765475982,23.967774836828536,0.8339350317225765,29.0,False,1,3,3,4,-4.4273341958318335,10.390000343322754,104356760.5346016,7.384823848238482,False,0.0,0,,,,0.0,0,,,,False,False,False,False,0,,none,0,0,False,-2,0.5,risk_on,7,False
PSLV,21.17840003967285,-41.75357622616915,67.8161666539082,62.16232281173557,40.123714141645905,0.19203116452949479,False,0.825164276188091,5.5717160076555485,-13.203277168950523,14.292494629727859,True,True,False,True,25,41.66666666666667,True,0.4116029190872439,0.9608321577782248,False,2.1086957545119542,True,4.999504013706435,True,2,2,0.5586863000493995,False,1.3232947367612318,True,2,1,False,False,False,45.0,23.110721335613324,16.667929022177617,0.6993155664662016,41.0,False,3,3,4,5,-6.94903415335636,22.760000228881836,154407360.92223483,79.3360433604336,False,0.0,0,,,,0.0,0,,,,False,False,False,False,0,,none,0,0,False,-1,0.625,risk_on,7,False
PSN,48.2400016784668,-45.97379193208412,19.642862211279354,-41.062916826175545,-63.10152549626521,0.0653038217835979,False,1.4045399625419,6.281099686086169,-23.02536606364378,-17.482034837596082,False,True,False,True,29,48.333333333333336,True,0.4996446508328352,2.877401340387883,True,-1.3034932259134202,True,0.6887953080895626,True,2,0,0.5817123912447401,False,0.960104028124668,False,3,0,False,True,True,,,,,,False,1,1,2,3,,,93432590.47787666,4.200542005420054,False,0.0,0,,,,0.0,0,,,,False,False,False,False,0,,none,0,0,False,-3,0.375,risk_on,7,False
PSX,225.5675048828125,-0.005539918494879004,90.32464371885398,90.32464371885398,68.28603504876432,0.0987485249303613,True,1.183137012927248,11.92547388882966,46.59735250361416,8.980340873009474,False,True,False,False,32,53.333333333333336,True,0.5502317280649184,1.8021482544627838,True,4.582781013276647,False,9.754525201242359,False,0,2,0.6142248926839009,True,1.2489841903508971,True,5,1,False,False,False,25.0,18.16622632690071,12.009706961986613,0.9556405441304447,0.0,True,9,3,5,4,-0.805843915064508,227.39999389648438,519921095.3122719,86.99186991869918,True,0.0,0,,,,0.0,0,,,,False,False,False,False,0,,none,0,0,False,-1,0.625,risk_on,7,False
PTC,148.61000061035156,-31.367477278829302,32.29769268041347,-28.67975039939261,-50.718359069482275,0.03749735253220702,False,1.1364577116812526,5.342845305696865,-1.4457144192881466,31.455105350429125,False,True,False,True,22,36.666666666666664,False,0.49574849844879876,2.111730423369555,True,3.6084995741798354,True,0.6433678211305471,True,2,1,0.564809521510127,False,2.268681847836217,True,3,1,False,False,False,25.0,27.332337082235792,13.982907404583797,0.8712589461902952,3.0,False,1,3,3,4,-3.518793879049109,154.02999877929688,209716469.69608307,8.739837398373984,False,0.0,0,,,,0.0,0,,,,False,False,False,False,0,,none,0,0,False,-2,0.5,risk_on,7,False
PTCT,72.37999725341797,-19.173651829376247,67.15934995090669,59.49756621815814,37.458957548068476,0.07749519146329448,False,0.9281253668706207,5.59547279005535,-2.400224272913387,-7.217029520112961,False,True,False,True,26,43.333333333333336,True,0.48695614855654623,1.6133682057118792,True,-1.5983935196364663,True,2.15949020783075,True,2,1,0.6513343347908978,True,0.7181534936564001,False,6,4,True,False,False,25.0,27.2917379797159,13.967948319967839,0.2544353541176883,22.0,False,2,3,2,4,-20.347754962359723,90.87000274658203,83930799.37200546,77.98102981029811,False,0.0,0,,,,0.0,0,,,,False,False,False,False,0,,none,0,0,False,-2,0.5,risk_on,7,False
PTEN,10.8100004196167,-15.118289615608926,116.04418352508543,103.35725576683261,81.31864709674295,0.0636742998699315,True,1.0324664700271655,12.3034215733473,35.58961007021166,4.545457060860647,False,True,False,False,19,31.666666666666664,False,0.5149399353741909,2.7130890416447144,True,1.12402918280293,True,7.562191188637812,False,0,1,0.5840859742713718,False,1.2099959489244332,True,4,1,False,False,False,45.0,30.32786776320454,14.708595163680412,0.6243244699181464,43.0,False,5,3,4,4,-11.393437798194228,12.199999809265137,90942437.5782218,89.15989159891599,True,0.0,0,,,,0.0,0,,,,False,False,False,False,0,,none,0,0,False,-2,0.5,risk_on,7,False
PTGX,152.3300018310547,0.0,177.01399742037958,168.56487756113333,146.52626889104366,0.062122743682310466,True,0.9458891627765591,6.925755218895454,85.92701240528558,12.47877875599681,False,True,False,True,27,45.0,True,0.45752408201742106,2.0938101733451617,True,4.599133358737168,False,4.207148353683254,True,2,0,0.5521985280454119,False,1.1621645728103702,False,4,1,False,False,False,25.0,19.141239044344406,15.302312438251889,0.9103379851531973,0.0,True,11,1,4,5,-1.716242059380202,154.99000549316406,68305960.4645752,94.03794037940379,True,0.0,0,,,,0.0,0,,,,False,False,False,False,0,,none,0,0,False,-1,0.625,risk_on,7,False
PTON,5.489999771118164,-39.00000254313151,47.97842896681599,-37.04128895641895,-59.07989762650862,0.06739447685008405,False,1.0630326404167072,6.921678147238287,29.787228046411695,-8.955230844135386,False,True,False,True,26,43.333333333333336,True,0.49623993632419683,2.1298525372202253,True,-1.5034276080534623,True,-0.27248579493039937,True,2,1,0.5095681976555136,False,0.7404861050083485,False,2,2,True,False,False,25.0,19.836553259486635,23.588344813904953,0.07116088949593849,11.0,False,1,3,2,4,-18.42496648500801,6.730000019073486,52851106.254283525,5.7588075880758804,False,0.0,0,,,,0.0,0,,,,False,False,False,False,0,,none,0,0,False,-2,0.5,risk_on,7,False
PVH,83.11000061035156,-15.85618965682648,36.5902743417936,7.466898620245166,-14.5717100498445,0.05607925653165001,False,0.8512364884294008,8.771508677644452,22.06896327608563,6.825189396279563,False,True,False,False,28,46.666666666666664,True,0.4475691648177861,1.5804826089261526,True,0.8190547918714822,True,-3.97458384761592,True,1,0,0.4542316341121432,False,1.165465272870305,False,3,1,False,False,False,35.0,24.119385921209023,11.948020974913787,0.6351229207466117,6.0,False,1,2,3,4,-8.800611088316046,91.12999725341797,68558244.54518814,37.19512195121951,False,0.0,0,,,,0.0,0,,,,False,False,False,False,0,,none,0,0,False,-2,0.5,risk_on,7,False
PWR,678.6500244140625,-13.560987380714916,82.34307945082912,78.76300971323325,56.72440104314358,0.08479017807000112,True,1.162297870509993,5.606717221563589,31.597860964085832,3.800862203283306,False,True,False,True,21,35.0,False,0.4222722705976841,1.7083143363400004,False,0.14835012054530036,True,1.6186507432764508,True,2,0,0.3429137897653832,False,0.6270522998310344,False,5,2,True,True,True,25.0,21.741095807162488,7.927501047306223,0.8089517170449215,7.0,False,5,3,4,5,-4.153599023520249,708.0599975585938,713223496.7746093,85.16260162601627,True,0.0,0,,,,0.0,0,,,,False,False,False,False,0,,none,0,0,False,-1,0.625,risk_on,7,False
PYPL,60.18550109863281,-20.259108764990895,54.98137249258506,-14.049640623883219,-36.088249293972886,0.14976702293399316,False,0.868325143750688,3.8547484900427627,54.98137249258506,7.474109104701454,True,True,False,True,28,46.666666666666664,True,0.44832345120605926,1.0802813418793697,True,7.639309399323927,False,0.6783244021683954,True,2,3,0.6839135137473792,True,2.094606155672906,True,0,1,False,False,False,25.0,23.991031248079505,6.047967239955613,0.9983040507886877,0.0,True,3,4,6,5,-0.040687570523745276,60.209999084472656,711029899.8298161,17.682926829268293,False,0.0,0,,,,0.0,0,,,,True,False,False,False,1,,sepa_vcp,6,6,True,0,0.75,risk_on,7,False
QBTS,21.489999771118164,-52.00982501800864,65.56240777351864,15.227883167172408,-6.810725502917258,0.18493119676939698,False,0.9026794619705415,9.492791704302558,14.187035704512985,25.672510477868894,False,True,False,False,24,40.0,True,0.5544947517569172,4.005245305982083,True,0.13495699182678247,True,10.744648341638818,False,0,3,0.6185669650328103,True,1.3232510459480584,True,1,2,True,True,False,25.0,27.159092643044215,19.357840352343832,0.914644318607326,6.0,True,2,6,4,4,-2.3181828585537967,22.0,345042339.31227285,45.32520325203252,False,0.0,0,,,,0.0,0,,,,False,False,False,False,0,,none,0,0,False,-2,0.5,risk_on,7,False
QCOM,166.30999755859375,-33.50161162296503,34.54038297494406,8.445832464383685,-13.59277620570598,0.11987126035551517,False,0.6502367683131294,4.690029407414721,21.323014344762512,-2.8052147943639416,False,True,False,True,19,31.666666666666664,False,0.5738164843972844,2.373129458885709,True,-2.64612939623497,True,3.6910020521687237,True,2,0,0.551594854341196,False,0.8685562268764787,False,4,2,True,False,False,25.0,24.86986826046758,15.62142752024627,0.4951373500614384,24.0,False,1,2,2,5,-12.555867593602589,190.19000244140625,1909891667.9248536,38.34688346883468,False,0.0,0,,,,0.0,0,,,,False,False,False,False,0,,none,0,0,False,-1,0.625,risk_on,7,False
QGEN,43.45000076293945,-21.232576318980023,34.36084342529788,-10.944650009089152,-32.98325867917882,0.1339918317835777,False,0.9232297166493545,5.63866678922863,-13.78181361807702,4.825090381634456,False,True,False,True,27,45.0,True,0.48825892384167974,1.0342840948645553,True,3.6207467479758244,True,4.121737933311631,True,2,1,0.6117613949713556,True,0.7185109425283132,False,3,1,False,False,False,45.0,19.237875537534897,8.147297706256376,0.8876345134871229,3.0,True,2,4,5,5,-2.1616732442492848,44.40999984741211,101911734.76813278,20.257452574525743,False,0.0,0,,,,0.0,0,,,,False,False,False,False,0,,none,0,0,False,-1,0.625,risk_on,7,False
QLYS,189.77999877929688,0.0,149.05512648275086,43.57694756785187,21.538338897762202,0.0902863579984301,False,1.302242180718841,7.603537131730354,81.10506453023237,41.90219155404269,False,True,False,True,29,48.333333333333336,True,0.5020119911149025,3.096101283119133,True,4.596997752483219,False,4.400924223634184,True,2,2,0.6908267600850488,True,1.5983757282020832,True,4,0,False,True,True,25.0,35.00049401410117,33.58098647774434,0.833286140826047,6.0,False,8,2,3,5,-5.835067430085649,201.5399932861328,128356457.42611465,69.85094850948511,False,0.0,0,,,,0.0,0,,,,False,False,False,False,0,,none,0,0,False,-1,0.625,risk_on,7,False
QQQ,731.8099975585938,-1.8153953617299545,31.22701675495596,26.707530194551943,4.668921524462277,0.23685016648681173,True,0.8702006431285996,2.3312058615635145,22.126059208955585,5.758999699481526,False,True,False,True,32,53.333333333333336,True,0.5197104281187988,0.8532485534967758,True,1.3757571409330973,True,2.401171560667148,True,2,0,0.541803238631001,False,0.8177011707839702,False,5,1,False,False,False,35.0,10.368479837182212,7.1753610829046774,0.9240324393000109,31.0,True,5,3,5,6,-0.7876681213977554,737.6199951171875,27673797663.7642,55.21680216802169,False,0.0,0,,,,0.0,0,,,,False,True,False,False,1,,power_play,6,6,True,0,0.75,risk_on,7,False
QRVO,98.19000244140625,-9.276541258542004,29.16338697360612,11.465554005445288,-10.573054664644378,0.0868122567785617,False,0.8362254927316106,3.692839760185735,18.07359080979103,14.547364725995093,False,True,False,True,26,43.333333333333336,True,0.4684490017518664,1.6563226257923103,True,1.5183313132324965,True,3.000105481399329,True,2,2,0.6083738345438641,True,2.774275584280332,True,4,2,True,False,False,25.0,17.91225603924471,11.094820807523877,0.9459460039976991,4.0,True,3,6,5,6,-0.9682290163375185,99.1500015258789,112607520.62005119,41.39566395663957,False,0.0,0,,,,0.0,0,,,,False,True,False,False,1,,power_play,6,6,True,0,0.75,risk_on,7,False
QS,6.289999961853027,-65.8893721275346,28.761508027458007,-33.36864151007061,-55.407250180160275,0.07103243333590527,False,0.6779998172455951,13.593005155147953,-18.99549169342287,22.97165676075881,False,True,False,False,29,48.333333333333336,True,0.47772817040038906,2.9386341368084854,True,-0.9288098075834096,True,13.74321380127066,False,0,1,0.5783143835516409,False,0.9939636479807402,False,2,1,False,False,False,25.0,31.75965469075438,22.972975841412904,0.6846847408013915,24.0,False,2,2,3,3,-10.014303750873522,6.989999771118164,131648266.87562966,7.113821138211382,False,0.0,0,,,,0.0,0,,,,False,False,False,False,0,,none,0,0,False,-3,0.375,risk_on,7,False
QSR,77.18000030517578,-4.635000498217867,29.386323708021635,22.158711796107845,0.1201031260181793,0.1312143947655398,False,0.9853383865033175,6.342312287783371,18.421006731152723,6.6316706740841225,False,True,False,True,22,36.666666666666664,False,0.5324344333339822,1.306278575666075,True,1.959569305486503,True,5.842021726825397,False,1,1,0.6377242689501438,True,0.8537335426932536,False,6,2,True,False,False,55.0,9.71793937231747,8.298780453447794,0.9022746246761162,19.0,True,3,5,4,6,-0.9496892725344708,77.91999816894531,160979933.01542968,51.829268292682926,False,0.0,0,,,,0.0,0,,,,False,True,False,False,1,,power_play,6,6,True,0,0.75,risk_on,7,False
QTWO,63.779998779296875,-24.287748816850595,51.532427056490235,-16.507397186941642,-38.546005857031304,0.04917601365728625,False,1.126489704716945,5.174034650705785,21.601521165969295,20.612703273476196,False,True,False,True,32,53.333333333333336,True,0.49087256973884613,2.2195734727963483,True,4.090820991749236,False,0.6469936157846634,True,2,2,0.6714094843314005,True,2.001431694156132,True,4,1,False,False,False,25.0,22.230770404522236,10.95955128919784,0.9155708542360693,6.0,True,2,4,6,4,-1.8769249549278832,65.0,58200067.56853561,15.785907859078591,False,0.0,0,,,,0.0,0,,,,True,False,False,False,1,,sepa_vcp,6,6,True,0,0.75,risk_on,7,False
QUBT,9.095000267028809,-63.05848920794755,44.136297139528665,-43.191754297282614,-65.23036296737229,0.33711648156002627,False,0.7559979506949526,5.992304126363574,11.05007000016418,15.71246962513988,True,True,False,True,18,30.0,False,0.5292938080730049,3.0113395231249442,True,0.025283528564539987,True,3.6467311955522552,True,2,2,0.5595024780126463,False,1.2376428001134931,True,2,4,True,False,False,25.0,21.925134835263226,15.722927577691426,0.8756097118461691,7.0,True,1,5,5,5,-2.7272738399699903,9.350000381469727,70651036.43468007,3.6585365853658534,False,0.0,0,,,,0.0,0,,,,False,False,False,False,0,,none,0,0,False,-1,0.625,risk_on,7,False
QURE,44.65999984741211,-36.73324526942929,394.57365634624864,205.89040192145777,183.8517932513681,0.06110603033458086,False,0.8137540174748296,8.699055832527785,99.64237001317238,13.264010909859959,False,True,False,False,23,38.333333333333336,False,0.26289295255102246,1.33794098480685,False,1.9664898000864366,True,-1.5432115377434719,True,1,0,0.5107201324028541,False,0.8839038033012888,False,5,3,True,True,False,25.0,26.5357021330823,13.177336188177838,0.7301214367767316,4.0,False,6,3,3,4,-7.161417165796868,48.10499954223633,56677274.34122372,95.52845528455285,True,0.0,0,,,,0.0,0,,,,False,False,False,False,0,,none,0,0,False,-2,0.5,risk_on,7,False
QXO,15.170000076293945,-43.960102521927816,14.06014931384567,-27.96770911211832,-50.00631778220799,0.06480149984967903,False,0.8541847602266761,9.360580548137042,-41.47376531002326,9.689082863196496,False,True,False,False,19,31.666666666666664,False,0.5142596553291908,2.6680682015535337,True,-0.3866076927483673,True,-0.0658776592937671,True,1,1,0.5013337337439561,False,1.2598564788324382,True,3,4,True,False,False,25.0,18.5917240864195,19.841794421514493,0.6611294417932371,4.0,False,1,3,2,3,-6.3001879191910914,16.190000534057617,272273153.1705243,9.281842818428185,False,0.0,0,,,,0.0,0,,,,False,False,False,False,0,,none,0,0,False,-3,0.375,risk_on,7,False
R,264.5566101074219,-5.630087192925981,67.39711410088019,46.87630008914412,24.83769141905445,0.04783376681177763,False,0.8188725545855158,2.751785069335059,28.23365975088268,-1.2516865771525443,False,True,False,True,27,45.0,True,0.4563194438839119,1.14725705966312,True,-0.3178873162774315,True,0.8641585606230962,True,2,0,0.3486160110035581,False,0.7149988751968406,False,5,0,False,False,False,65.0,21.18080476078066,5.1293397351548755,0.6729022559765104,42.0,False,3,2,4,5,-6.928193453853337,284.25,91003374.1680191,72.01897018970189,False,0.0,0,,,,0.0,0,,,,False,False,False,False,0,,none,0,0,False,-1,0.625,risk_on,7,False
RACE,411.17999267578125,-17.48984051009336,32.195106300750375,-7.81998060008382,-29.858589270173486,0.152378919175942,False,1.035546303943388,2.1620663186959095,6.317696566928976,14.394611029085258,False,True,False,True,31,51.66666666666667,True,0.44040593323346383,0.795555738556998,True,3.5962515159089565,True,0.9575706904766834,True,2,0,0.4869594018370786,False,0.8805394144144144,False,3,3,True,False,False,45.0,17.162015346988007,6.35244797472024,0.953050364310641,5.0,True,2,4,5,4,-0.8057503682362688,414.5199890136719,190838695.96844786,22.5609756097561,False,0.0,0,,,,0.0,0,,,,False,False,False,False,0,,none,0,0,False,-1,0.625,risk_on,7,False
RAL,72.63999938964844,-1.344557789893952,89.58566845631088,61.72389851776832,39.68528984767865,0.03462841203426977,True,1.13153224587833,10.139038994566787,70.8496193460425,3.2845122969608065,False,True,False,False,24,40.0,True,0.3251457387548184,1.4041947918434925,False,1.457769450189012,True,10.144052692916095,False,0,0,0.5379189082734405,False,0.7994197230652289,False,4,0,False,False,False,45.0,17.88888057028735,13.924837229429047,0.794662480021627,34.0,False,8,2,4,5,-3.673258371492105,75.41000366210938,125989503.87747459,79.13279132791328,False,0.0,0,,,,0.0,0,,,,False,False,False,False,0,,none,0,0,False,-1,0.625,risk_on,7,False
RARE,26.5,-27.47673963867071,43.24324324324324,-3.7763285437691474,-25.814937213858812,0.03191170283336646,False,0.9912322803835012,8.630191155199734,10.97152818806586,-7.115319445455615,True,True,False,False,27,45.0,True,0.43088452396049154,2.6411959567065506,False,-0.7617274235223471,True,2.6336185639540988,True,1,0,0.5798239872422637,False,0.6880807634485867,False,5,2,True,False,False,25.0,34.34509043137895,16.867921937186765,0.19824839784985915,24.0,False,1,2,3,3,-27.536231279349543,36.56999969482422,50128900.59512682,26.0840108401084,False,0.0,0,,,,0.0,0,,,,False,False,False,False,0,,none,0,0,False,-3,0.375,risk_on,7,False
RBA,86.93499755859375,-26.815546692441195,0.5493852407481681,-26.121032352582862,-48.15964102267253,0.1319174230558753,False,1.3334107795211445,11.755911321921756,-13.662779926975032,-20.36002689438363,False,False,False,False,23,38.333333333333336,False,0.5048061158938766,2.148821384173063,True,-4.739697103740786,True,-6.188627089315535,False,0,0,0.4232626635781883,False,0.263229544546707,False,4,3,True,False,False,25.0,27.029789052111035,31.23023211403433,0.03762593244479079,12.0,False,0,2,2,2,-26.012768035239365,117.5,156609330.55280837,10.501355013550135,False,0.0,0,,,,0.0,0,,,,False,False,False,False,0,,none,0,0,False,-4,0.25,risk_on,7,False
RBC,549.219970703125,-15.36008286385988,48.554267776627924,33.75709074217599,11.718482072086324,0.03529045441276637,False,1.0738004681865672,4.6283792043492085,-0.21439928390151186,-7.74218928700795,True,True,False,True,23,38.333333333333336,False,0.5257240512301035,1.7036135023352612,True,-2.224622088013151,True,-3.0691331070785144,True,2,0,0.309184192462617,False,0.5523758028354478,False,6,2,True,False,False,25.0,9.58027016727066,9.051011177517832,0.01652541749584448,14.0,False,1,2,3,4,-9.421952203033523,606.3499755859375,132526819.30662842,62.80487804878049,False,0.0,0,,,,0.0,0,,,,False,False,False,False,0,,none,0,0,False,-2,0.5,risk_on,7,False
RBLX,36.287498474121094,-74.36599385423048,2.1032570043271193,-71.37758414299115,-93.41619281308081,0.08801607497077023,False,1.0163439492633581,12.45608170259289,-42.53761267250253,-23.685596095996242,False,False,False,False,23,38.333333333333336,False,0.40120380224530017,2.419952473503802,False,-3.4786999740734372,True,0.6867301673322723,True,1,0,0.3794167568555702,False,0.6107015874780274,False,4,3,True,False,False,,,,,,False,0,2,2,2,,,595126655.933419,0.5420054200542005,False,0.0,0,,,,0.0,0,,,,False,False,False,False,0,,none,0,0,False,-4,0.25,risk_on,7,False
RBRK,101.83000183105469,0.0,132.4355138987415,15.610808031514045,-6.42780063857562,0.4028477447504361,False,1.0219018235115174,14.627323975868247,91.44576886663327,40.20378036880976,False,False,False,False,28,46.666666666666664,True,0.39285271458839705,2.1287977884277725,False,4.929776705317368,False,20.366434595390935,False,0,2,0.7885376929199013,True,1.9365205970015211,True,4,1,False,True,True,25.0,33.935323013888215,31.184331053530734,0.9984092466263517,0.0,True,7,3,3,5,-0.05398272957019001,101.88500213623047,217727970.27716523,45.799457994579946,False,0.0,0,,,,0.0,0,,,,False,False,False,False,0,,none,0,0,False,-1,0.625,risk_on,7,False
RCAT,10.414999961853027,-40.005762697711624,69.62541023334501,10.915863482999267,-11.122745187090398,0.20591826652192377,False,0.8433816656911286,26.116172091378026,-7.422222561306424,29.70112463502361,False,False,False,False,22,36.666666666666664,False,0.5679441108209172,4.531573903228424,True,0.9715330657949499,True,20.126872782047258,False,0,2,0.6561528092761684,True,1.418134231366545,True,3,3,True,True,False,25.0,38.71115008332446,35.90974349319869,0.876033137876997,1.0,False,1,4,3,4,-4.798899805002366,10.9399995803833,75651655.35038213,40.582655826558266,False,0.0,0,,,,0.0,0,,,,False,False,False,False,0,,none,0,0,False,-2,0.5,risk_on,7,False
RCL,312.3125,-13.171796438364558,28.36162716016726,1.46043012332564,-20.578178546764025,0.07866154931093648,False,0.9128407283916119,7.050636631979187,-5.436917802605423,10.198121436937392,False,True,False,True,22,36.666666666666664,False,0.39077528235963016,1.389246190040963,False,0.956785394532447,True,-2.5697981926890767,True,2,1,0.3539404788405223,False,1.8168943097854595,True,4,1,False,False,False,35.0,16.826350960188996,9.929160621372823,0.6141015073073837,7.0,False,1,3,4,4,-6.49326347305389,334.0,658023017.402478,30.89430894308943,False,0.0,0,,,,0.0,0,,,,False,False,False,False,0,,none,0,0,False,-2,0.5,risk_on,7,False
RDDT,156.3498992919922,-42.24450362854929,28.32395271779029,-33.40294907924386,-55.441557749333526,0.08360834289028618,False,0.9299885356391955,7.6047374788794695,19.287320176339296,-7.364675658967601,True,True,False,True,24,40.0,True,0.42884055176857755,2.666926457485603,False,-1.6407925529138605,True,3.6322027919124755,True,2,0,0.4675943711831655,False,0.3834791728641733,False,4,2,True,True,True,25.0,35.00504775843221,18.342188836883295,0.290106803976487,24.0,False,1,2,3,4,-24.84984523018915,208.0500030517578,949261922.9052956,7.046070460704606,False,0.0,0,,,,0.0,0,,,,False,False,False,False,0,,none,0,0,False,-2,0.5,risk_on,7,False
RDNT,77.70999908447266,-8.013735799532606,49.81685113685997,13.594496308314508,-8.444112361775158,0.11799531663612299,False,1.116527348603647,14.053529466339995,19.114042962941657,27.435224119096134,False,False,False,False,25,41.66666666666667,True,0.43867272968264326,2.1465882250966315,False,4.614839696390684,False,14.01114276593296,False,0,3,0.7218489655070142,True,3.566936777293888,True,2,2,True,True,True,25.0,26.769886312240672,22.353620624400808,0.9454786143131647,3.0,True,3,5,4,4,-1.4595312964224005,78.86100006103516,54346650.05117035,43.63143631436314,False,0.0,0,,,,0.0,0,,,,False,False,False,False,0,,none,0,0,False,-2,0.5,risk_on,7,False
RDW,13.71500015258789,-47.046330677258275,171.04743691072093,41.977229495113356,19.93862082502369,0.24732713848819027,False,0.8125290729836698,10.864015709376535,73.82763478672778,47.79095417276202,False,True,False,False,22,36.666666666666664,False,0.5114745160765528,4.40180526283053,True,1.7242232512191373,True,15.934067971585497,False,0,3,0.6810395091822954,True,1.726660680549166,True,1,2,True,False,False,,,,,,False,4,5,3,4,,,183881887.19429237,68.83468834688347,False,0.0,0,,,,0.0,0,,,,False,False,False,False,0,,none,0,0,False,-2,0.5,risk_on,7,False
REG,76.19000244140625,-7.849537784004168,16.86735200675198,10.122836483669605,-11.91577218642006,0.06746355862985193,False,1.0444295972373554,3.005644890598952,2.683859241831743,-6.146831541033371,False,True,False,True,26,43.333333333333336,True,0.34569977969858795,0.7560697258795587,False,-2.232660922065481,True,-1.0005154005020778,True,2,0,0.4364540660432031,False,0.5845623339188398,False,4,2,True,False,False,55.0,10.444254307252104,7.756928038760007,0.14508023912933762,19.0,False,2,2,2,5,-8.928999394828352,83.66000366210938,112373530.48223343,39.49864498644987,False,0.0,0,,,,0.0,0,,,,False,False,False,False,0,,none,0,0,False,-1,0.625,risk_on,7,False
REGN,809.4962768554688,-0.0725790775156332,46.29767615375766,44.943866272245735,22.90525760215607,0.08754741876958601,False,1.2555254586894145,5.739374386394052,3.5769167601669816,24.17301624499,True,True,False,True,26,43.333333333333336,True,0.48138443866895714,1.54096698438633,True,5.970792617025542,False,4.842094029762256,True,2,3,0.6431767421843172,True,1.8172501769346292,True,1,0,False,True,True,25.0,21.61056205334618,10.97472951951954,0.9764902028916284,2.0,True,6,4,5,5,-0.5080599292720422,813.6300048828125,594721257.6839844,70.6639566395664,False,0.0,0,,,,0.0,0,,,,False,False,False,False,0,,none,0,0,False,-1,0.625,risk_on,7,False
RELX,34.595001220703125,-26.98747385572846,28.19978470500839,-25.58132970127239,-47.61993837136205,0.16931609515786325,False,1.1645544782623922,5.8968083351490685,23.393962862777617,6.108068656130361,False,True,False,True,24,40.0,True,0.43022351837726236,1.0410076474635646,False,1.0014749472677629,True,-2.4696214769893254,True,2,0,0.5737663331331361,False,1.0235770313310124,False,5,1,False,False,False,25.0,16.38155036148695,8.924694562065634,0.4125175984239532,11.0,False,1,1,2,4,-9.62387254790531,38.27891523570841,95976055.15207978,10.70460704607046,False,0.0,0,,,,0.0,0,,,,False,False,False,False,0,,none,0,0,False,-2,0.5,risk_on,7,False
RELY,24.579999923706055,-5.2063261302787485,101.475412360573,26.70103302593887,4.662424355849204,0.05851006802385764,True,1.2443060296793558,14.36127216274324,85.5094333864608,6.360879595546365,False,True,False,False,26,43.333333333333336,True,0.4659221839104425,2.2104160765728613,True,1.785786335464156,True,-5.2063261302787485,False,0,1,0.5080209510760707,False,0.8962640075204821,False,2,1,False,True,False,35.0,25.230204337809642,17.900730806295552,0.624817583692922,5.0,False,6,2,3,6,-9.46592902738075,27.149999618530273,70589219.6303049,55.1490514905149,False,0.0,0,,,,0.0,0,,,,False,True,False,False,1,,power_play,6,6,True,0,0.75,risk_on,7,False
REPL,15.310600280761719,0.0,800.6235206653505,200.79763893479264,178.75903026470297,0.09967927178490603,False,1.728867640817119,27.82386157801186,91.86215844820697,46.37285109870848,False,True,False,False,24,40.0,True,0.41495219177036036,5.008089760373532,False,2.305330505359437,True,19.055992919969157,False,0,0,0.5584063369947198,False,0.6504374657411912,False,4,1,False,True,False,,,,,,False,10,1,2,5,,,81574375.48263502,95.32520325203252,True,0.0,0,,,,0.0,0,,,,False,False,False,False,0,,none,0,0,False,-1,0.625,risk_on,7,False
REXR,36.959999084472656,-13.336472317398517,16.780944471798364,1.9960238903448557,-20.04258477974481,0.04691384358820221,False,0.8275258739242415,3.4902623037923415,2.8520819844989997,2.72373417094105,False,True,False,True,24,40.0,True,0.4413540481528167,1.2859021134176485,True,2.166981657763886,True,1.2602714643086488,True,2,0,0.49191753425058105,False,0.5706536811555893,False,5,2,True,False,False,35.0,18.070877771534693,7.1158039319869175,0.6219687386978626,14.0,False,1,3,4,4,-6.831356716810022,39.66999816894531,107169915.27666779,31.368563685636857,False,0.0,0,,,,0.0,0,,,,False,False,False,False,0,,none,0,0,False,-2,0.5,risk_on,7,False
REZI,21.799999237060547,-29.60314810868342,16.933932073322055,-4.579348525195204,-26.61795719528487,0.7644123270720691,False,1.2852880582292057,25.596330821057624,-11.929721793858516,-7.998240053938188,False,True,False,False,25,41.66666666666667,True,0.39805612046237837,2.086025470017609,False,-0.847211331977543,True,-16.378981617753574,False,0,0,0.5479142574714304,False,0.7458192905674261,False,6,3,True,False,False,25.0,24.570388032813646,30.825694751763816,0.17410712258345784,7.0,False,1,2,2,3,-20.292508471661442,27.350000381469727,53722010.751744464,25.338753387533874,False,0.0,0,,,,0.0,0,,,,False,False,False,False,0,,none,0,0,False,-3,0.375,risk_on,7,False
RF,31.795000076293945,-1.867288336704942,40.24998207935364,27.97333107322877,5.934722403139105,0.07920396221619137,True,0.8209392729630657,2.4532120692725985,8.822617966199164,3.7018924805299225,False,True,False,True,29,48.333333333333336,True,0.45088972766983815,0.8480516400798896,True,2.8634074390302215,True,1.2902220277808185,True,2,0,0.5792588156290802,False,0.609438656805291,False,4,1,False,False,False,55.0,16.476748322567122,4.906436136334964,0.873831570788833,20.0,True,5,3,6,6,-2.0788454543660295,32.470001220703125,282181096.8910772,57.04607046070461,False,0.0,0,,,,0.0,0,,,,True,True,False,False,2,power_play,sepa_vcp,6,6,True,0,0.75,risk_on,7,False
RGA,249.3249969482422,0.0,39.201511849168114,36.21599969321778,14.177391023128116,0.07954826280475653,True,0.9965695963591537,4.0629291869166035,14.660014792338849,3.50589168641795,False,True,False,True,36,60.0,True,0.44840796331695865,0.9305991487879597,True,5.126583883332103,False,5.5075957530833275,False,1,1,0.5138830866414248,False,0.8642374304607956,False,2,1,False,False,False,35.0,17.509074851818028,7.0028677894532505,0.9875449655656366,0.0,True,7,2,4,5,-0.21807613019323435,249.86990356445312,82763590.78018722,65.17615176151762,False,0.0,0,,,,0.0,0,,,,False,False,False,False,0,,none,0,0,False,-1,0.625,risk_on,7,False
RGEN,166.46499633789062,-3.3640998222110974,61.820736748664665,48.7888813232922,26.750272653202536,0.06647743106701806,False,1.1043728842847327,5.2623642805091,16.360267844762678,21.51616151748923,False,True,False,True,30,50.0,True,0.3815327518524834,1.950565452349498,False,3.4779885871459606,True,4.406042266002874,True,2,2,0.7578783435550722,True,1.4747912469787232,True,3,0,False,True,False,25.0,23.30558719350313,16.952513646425803,0.9557397769024734,2.0,True,5,4,4,6,-1.0315104886033044,168.1999969482422,193095412.26359406,72.76422764227642,False,0.0,0,,,,0.0,0,,,,False,True,False,False,1,,power_play,6,6,True,0,0.75,risk_on,7,False
RGLD,228.52499389648438,-24.58356232785126,38.26241658874183,33.80777036039952,11.769161690309858,0.12358183657289702,False,0.9877589084307589,4.76972298277835,-15.865717842848593,14.46854067077985,False,True,False,True,29,48.333333333333336,True,0.4049574441313129,1.0053319668517464,False,3.2563455363668132,True,4.775110383287262,True,2,0,0.587766340325057,False,1.0299678516381428,False,4,1,False,False,False,65.0,24.44019344858645,19.017616398472978,0.7001068381985626,64.0,False,3,1,2,4,-7.329446888335367,246.59936325309303,145725263.40033263,63.00813008130082,False,0.0,0,,,,0.0,0,,,,False,False,False,False,0,,none,0,0,False,-2,0.5,risk_on,7,False
RGTI,19.094999313354492,-66.10756254590213,48.02325486835968,10.759858276471522,-11.278750393618143,0.2314560336656689,False,0.8001057006030212,14.480227751119513,27.384920646533928,28.585850658844446,False,True,False,False,21,35.0,False,0.5203683491815356,3.586197636679076,True,0.941095178819775,True,15.517232426863913,False,0,2,0.6017251512686879,True,1.9109698650644793,True,3,0,False,False,False,35.0,35.66878876725842,23.356900751642222,0.8193680518830287,34.0,False,1,3,3,4,-6.442922802002638,20.40999984741211,324294902.2795272,40.37940379403794,False,0.0,0,,,,0.0,0,,,,False,False,False,False,0,,none,0,0,False,-2,0.5,risk_on,7,False
RH,186.6699981689453,-25.62948280121701,65.41426733980215,-24.01904764980606,-46.05765631989573,0.08886378041722931,False,1.0529098991107566,12.058710412834156,-4.399260770024194,12.397637350001878,False,True,False,False,24,40.0,True,0.5020057528143104,2.6270529432546748,True,1.801412837424327,True,-0.6916013424032585,True,1,0,0.5370358549122856,False,0.7127714438462782,False,7,2,True,False,False,25.0,19.896514453562805,19.553222455686612,0.6419103436565762,6.0,False,2,2,2,3,-7.1247360231082695,200.99000549316406,123497065.1599823,11.517615176151761,False,0.0,0,,,,0.0,0,,,,False,False,False,False,0,,none,0,0,False,-3,0.375,risk_on,7,False
RHI,42.41999816894531,-0.7487213311989871,98.35885207407107,25.947515922181786,3.9089072520921206,0.05284901665268119,True,1.1557936818985115,8.510138534127423,75.15980362831142,12.07397590240018,False,True,False,False,33,55.00000000000001,True,0.49223339573013875,3.053717862682815,True,3.1086633248910798,True,4.277280852301635,True,1,1,0.6464653987790548,True,0.9902556333522888,False,5,1,False,False,False,25.0,26.799456928027247,18.953326880181812,0.8513511728421911,4.0,False,8,2,4,4,-3.983707840817463,44.18000030517578,92172334.24077606,54.607046070460704,False,0.0,0,,,,0.0,0,,,,False,False,False,False,0,,none,0,0,False,-2,0.5,risk_on,7,False
RHP,124.1050033569336,-8.739614424699694,49.58330689574948,33.54151822851313,11.502909558423461,0.13052033992755643,False,1.1654116428120054,9.226055870859046,26.66178915686901,-3.712464935506188,False,False,False,False,30,50.0,True,0.3973177830556196,1.1938592380339201,False,-0.41427352651421867,True,-0.10061981536042541,True,1,1,0.38388504539763296,False,2.280487450052372,True,7,1,False,False,False,65.0,25.080522236560842,16.937267696300374,0.612625467223294,11.0,False,3,2,1,3,-9.715555583183544,137.4600067138672,106926932.63737412,62.53387533875339,False,0.0,0,,,,0.0,0,,,,False,False,False,False,0,,none,0,0,False,-3,0.375,risk_on,7,False
RIG,5.739999771118164,-24.27440858981259,104.99999531677781,90.69766741875452,68.65905874866485,0.2869249052263918,False,1.11155534333075,13.066202611605652,-4.809294006631593,7.894729058356886,False,False,False,False,17,28.333333333333332,False,0.5007162761389085,2.222207243875482,True,1.3833465607837492,True,11.240308931345066,False,0,1,0.5564802188310907,False,1.160897448921618,False,2,1,False,False,False,45.0,22.204211809053692,14.459929561014059,0.6861311378866993,43.0,False,3,3,2,3,-6.9692106946304015,6.170000076293945,228180808.1496605,87.05962059620596,True,0.0,0,,,,0.0,0,,,,False,False,False,False,0,,none,0,0,False,-3,0.375,risk_on,7,False
RIO,99.16999816894531,-11.486971297229264,68.89201536143837,64.25197262317593,42.213363953086265,0.10877913130569708,True,0.9857773414245237,3.720878168945279,4.11931161667487,8.370665341381422,False,True,False,True,23,38.333333333333336,False,0.3714650251116335,0.5568385865671474,False,1.1002155063438612,True,-0.48168926200060636,True,2,1,0.4772765430967644,False,1.4306923647098615,True,4,1,False,False,False,45.0,19.25512105341336,8.046784183603995,0.6020307913209366,41.0,False,4,3,4,5,-7.662945288646483,107.4000015258789,239919899.35993347,80.14905149051489,True,0.0,0,,,,0.0,0,,,,False,False,False,False,0,,none,0,0,False,-1,0.625,risk_on,7,False
RIOT,20.290000915527344,-29.278492374228836,79.08209225204004,75.06471655219833,53.02610788210867,0.31143677008318055,False,1.105178039735132,22.375548562466463,42.88733231030495,-14.96227830470126,False,False,False,False,25,41.66666666666667,True,0.5496076135098169,6.008176539589825,True,-1.2808123126797977,True,-4.337568169056738,True,1,0,0.2860148194242276,False,0.8335836580734091,False,4,2,True,False,False,25.0,30.711162172449626,23.262686546960257,0.3686934735115401,15.0,False,4,2,2,2,-19.38815711551296,25.170000076293945,471973471.2519844,84.5528455284553,True,0.0,0,,,,0.0,0,,,,False,False,False,False,0,,none,0,0,False,-4,0.25,risk_on,7,False
RITM,10.3149995803833,-9.811812434642908,24.06535417671527,-7.765400025667956,-29.804008695757624,0.08702640483611948,False,1.2916242319035518,4.061081016462462,2.9378717867309945,14.86637089309375,False,True,False,True,28,46.666666666666664,True,0.49508519066586065,1.3161676808745641,True,3.3761100133315587,True,3.7726359741510063,True,2,0,0.582409688317951,False,1.0837069121036982,False,4,1,False,True,True,65.0,16.17736116085185,6.290839151147538,0.9678667852803303,0.0,True,3,2,3,5,-0.5198306197792935,10.368900299072266,60723732.60676322,22.696476964769648,False,0.0,0,,,,0.0,0,,,,False,False,False,False,0,,none,0,0,False,-1,0.625,risk_on,7,False
RIVN,15.954999923706055,-28.930960438787025,32.29684385212608,29.926712301692238,7.888103631602572,0.09204939526924069,False,0.6942691726103795,6.330305444760111,13.96428516932897,-3.0680388144309623,False,True,False,True,30,50.0,True,0.4437976292597984,2.3834094900337814,True,-0.7915004136500435,True,3.738620318508623,True,2,0,0.5080851301579772,False,0.7715561320597254,False,3,3,True,False,False,25.0,19.638107260592736,13.036665206218997,0.23170715948275195,24.0,False,1,2,3,4,-15.08781720962319,18.790000915527344,363049058.49001396,59.14634146341463,False,0.0,0,,,,0.0,0,,,,False,False,False,False,0,,none,0,0,False,-2,0.5,risk_on,7,False
RJF,180.39999389648438,-0.43051043759156915,28.980607896985646,10.880195644883074,-11.158413025206592,0.05531462194144919,False,0.9819575835002721,4.1103068386951405,4.635676015914103,7.176797793857692,False,True,False,True,30,50.0,True,0.4919471375847039,1.033374897042554,True,4.6432705224209565,False,0.5966609348711849,True,2,2,0.5245729487515686,False,1.797096643217395,True,2,0,False,False,False,35.0,20.03549132819953,5.8813752601564415,0.9363576187043603,5.0,True,5,4,5,6,-1.2751063785547578,182.72999572753906,187391151.80390778,40.447154471544714,False,0.0,0,,,,0.0,0,,,,False,True,False,False,1,,power_play,6,6,True,0,0.75,risk_on,7,False
RKLB,83.43499755859375,-44.46182524699422,111.33484935665633,94.03487804324129,71.99626937315162,0.31239240891000297,False,0.7975051204935809,13.627378293619818,26.397507738905745,19.209887277027704,False,False,False,False,19,31.666666666666664,False,0.5245003967161059,4.306932203764856,True,-0.46733752393203365,True,10.26166192354312,False,0,2,0.6308504564693922,True,1.3969078455339874,True,4,2,True,False,False,25.0,32.97247548585878,29.555947005081933,0.8814179481033307,3.0,False,3,4,3,4,-3.909943799225757,86.83000183105469,1378168227.4024148,87.73712737127371,True,0.0,0,,,,0.0,0,,,,False,False,False,False,0,,none,0,0,False,-2,0.5,risk_on,7,False
RKT,14.979999542236328,-36.092153579643316,21.295539105510652,-23.649343009805733,-45.6879516798954,0.17238440286564458,False,0.9915712642696543,12.817090353577628,-15.605636381767162,17.21439636332187,True,True,False,False,28,46.666666666666664,True,0.48818322470581554,2.433682171080432,True,1.2021774639301335,True,13.313156124489844,False,0,0,0.5460386976405438,False,0.7324305604987461,False,4,2,True,False,False,25.0,18.057369166951194,15.253671009598623,0.8700359022170686,20.0,True,2,3,4,3,-2.3468096921161363,15.34000015258789,391414003.91687906,11.720867208672086,False,0.0,0,,,,0.0,0,,,,False,False,False,False,0,,none,0,0,False,-2,0.5,risk_on,7,False
RL,388.06500244140625,-6.092077827080555,37.463106307560665,36.07541309689497,14.036804426805304,0.10230929205934425,True,1.1080629864569298,5.540308934002951,12.043956504848484,3.0771863357969442,False,True,False,True,19,31.666666666666664,False,0.537729942152101,2.083698554436148,True,0.016402938233829958,True,-1.9616967875782043,True,2,0,0.4355346321768271,False,0.9895575134749325,False,5,2,True,False,False,65.0,24.755686718481503,10.116864318769084,0.6877795787610513,38.0,False,4,3,4,6,-7.729230935303743,420.5719821943956,224783502.61866456,64.76964769647697,False,0.0,0,,,,0.0,0,,,,False,True,False,False,1,,power_play,6,6,True,0,0.75,risk_on,7,False
RLI,63.56999969482422,-3.1683195471591263,38.95722630786569,2.17806219138712,-19.860546478702545,0.015630075890504722,False,1.1425341723006,4.719207195850051,6.600556322753182,3.9404837367966072,False,True,False,True,31,51.66666666666667,True,0.5132342769530617,1.8225833311051556,True,2.3537184335750934,True,-1.258150967924665,True,2,2,0.599415992275995,False,2.8609948614486083,True,2,2,True,False,False,35.0,18.696759006926776,9.186723581286056,0.7330133175907217,12.0,False,4,5,4,7,-4.991785659065173,66.91000366210938,55609408.412662886,31.639566395663955,False,0.0,0,,,,0.0,0,,,,False,True,False,False,1,,power_play,7,7,True,1,0.875,risk_on,7,False
RMBS,101.91999816894531,-40.27891949965192,46.26865344800346,32.72561134757916,10.687002677489495,0.07998579594102792,False,0.701011674711738,8.398741868504029,6.388303676651308,-1.230743523997957,False,True,False,False,20,33.33333333333333,False,0.49821988208724444,3.141186312273704,True,-1.9855184814061142,True,4.3407021401748125,True,1,1,0.46973545315013715,False,0.7878855280599455,False,2,2,True,False,False,25.0,26.789978949785027,17.15070255256849,0.6342913471263997,24.0,False,2,3,2,4,-9.797327112237985,112.98999786376953,249444412.75439987,61.856368563685635,False,0.0,0,,,,0.0,0,,,,False,False,False,False,0,,none,0,0,False,-2,0.5,risk_on,7,False
RMD,226.38999938964844,-22.333265141686464,23.832179367634133,-20.699917122574462,-42.73852579266413,0.086383569523796,False,1.2320029109609587,11.378592065146584,-7.596465337997305,17.97905055486759,False,True,False,False,27,45.0,True,0.5188976756313266,1.7771623058887642,True,2.7738952575043507,True,1.4110346797052253,True,1,2,0.7642729480000863,True,4.3120130148462765,True,5,2,True,False,False,45.0,18.92781948107119,11.378592065146584,0.968220944147736,0.0,True,2,5,4,5,-0.6015082324505316,227.75999450683594,288757005.69576037,13.685636856368562,False,0.0,0,,,,0.0,0,,,,False,False,False,False,0,,none,0,0,False,-1,0.625,risk_on,7,False
RNG,64.24500274658203,0.0,160.23229924831907,115.08378322202786,93.0451745519382,0.04165922675342362,True,1.2231743842124436,5.619109100040246,127.42836130491919,66.69055627417933,False,True,False,True,26,43.333333333333336,True,0.43824875613224873,2.9279071512970685,False,6.0356584888115306,False,3.9226837006290705,True,2,2,0.6949215707859004,True,5.161574003250789,True,4,1,False,True,False,,,,,,False,11,2,5,6,,,134980945.99741173,90.4471544715447,True,0.0,0,,,,0.0,0,,,,False,True,False,False,1,,power_play,6,6,True,0,0.75,risk_on,7,False
RNR,319.9750061035156,-4.267886712435731,38.54793154438339,31.681910226090395,9.64330155600073,0.026228597871355855,True,0.838104241360108,3.900308070403067,3.20461737201867,0.8081038441802635,False,True,False,True,23,38.333333333333336,False,0.4398877878529393,1.3199141225666984,False,1.0495772326407435,True,-1.0865820386939062,True,2,0,0.4368889588242057,False,1.1775427055702918,False,5,2,True,False,False,55.0,18.08065147288156,4.775372603431912,0.7366886763833085,11.0,False,3,3,5,5,-4.760840271176525,335.9700012207031,99351921.26724243,61.24661246612466,False,0.0,0,,,,0.0,0,,,,False,False,False,False,0,,none,0,0,False,-1,0.625,risk_on,7,False
ROAD,121.08000183105469,-13.80979106385415,29.483476703014876,7.895206303666491,-14.143402366423174,0.09114223987734336,False,0.9708350534704844,10.95143866510046,-4.390396071849811,18.184485541980443,False,True,False,False,22,36.666666666666664,False,0.4443412435696777,2.2281803124491355,True,1.7745261850516094,True,20.88657887785139,False,0,0,0.3869796935956498,False,0.8653543471256089,False,3,2,True,True,True,35.0,28.09144209922612,20.23868259236589,0.7579122444952119,31.0,False,1,2,2,3,-6.800594166694363,129.9149932861328,105499241.9450924,37.53387533875339,False,0.0,0,,,,0.0,0,,,,False,False,False,False,0,,none,0,0,False,-3,0.375,risk_on,7,False
ROIV,35.82500076293945,-2.67590484543222,207.7749115659635,199.54013920295952,177.50153053286985,0.1608960831061375,True,1.1340972539234513,6.196782578445667,33.92523649696992,2.065533676170661,True,True,False,True,26,43.333333333333336,True,0.5378531107434542,1.9456840442222696,True,1.7230258578296518,True,2.0074084638272316,True,2,0,0.5510343706249847,False,1.0642615391131787,False,7,2,True,False,False,45.0,23.472971529574007,12.030697744052507,0.8647093483807081,24.0,False,9,3,5,6,-3.1756736136771546,37.0,177390075.41559905,95.25745257452574,True,0.0,0,,,,0.0,0,,,,False,True,False,False,1,,power_play,6,6,True,0,0.75,risk_on,7,False
ROK,447.4200134277344,-9.626721830245998,35.4345073653129,30.010394759664848,7.971786089575183,0.0492876349915427,False,1.1027871885408123,4.340443620068646,17.894932966775734,-2.872024453282207,False,True,False,True,27,45.0,True,0.4092750002624202,1.1748654598225865,False,-0.9541163399765954,True,1.2720746469099486,True,2,0,0.44696478392145844,False,0.8304054365822054,False,4,1,False,False,False,65.0,15.787355502306735,12.563137492318937,0.3639839669981029,31.0,False,2,1,2,5,-10.041011218167807,497.3599853515625,397515196.1545807,59.34959349593496,False,0.0,0,,,,0.0,0,,,,False,False,False,False,0,,none,0,0,False,-1,0.625,risk_on,7,False
ROKU,153.3000030517578,0.0,84.85469973185343,81.80740465677178,59.768795986682115,0.08811578524072697,True,0.6012357699251026,2.0156531483220954,74.42257835515844,8.209222159333551,False,True,True,True,27,45.0,True,0.5008096783415601,0.6153411714013336,True,6.913254607277912,False,2.1523259611501366,True,3,2,0.577972119681755,False,2.0278095238095237,True,1,2,True,False,False,35.0,12.491854575008322,5.675144667351936,0.9874874699677003,4.0,True,10,5,6,5,-0.15630470552890907,153.5399932861328,382304978.48905945,85.77235772357723,True,0.0,0,,,,0.0,0,,,,True,False,False,False,1,,sepa_vcp,6,6,True,0,0.75,risk_on,7,True
ROL,36.619998931884766,-43.542730197579296,0.273818381346258,-35.8120796986394,-57.85068836872907,0.09299314587167552,False,0.7466034252498558,3.731478025226896,-43.542730197579296,-6.697683486920669,False,True,False,True,21,35.0,False,0.41704908769767535,1.3560133473652638,False,-6.250400946108597,True,-0.08571028902321087,True,2,0,0.47980593514650094,False,0.7890103199968305,False,8,3,True,False,False,25.0,21.591900664689927,5.897003153876943,0.0447987992606785,18.0,False,0,2,3,4,-20.62460944115597,46.135204720330734,252760445.64516774,6.1653116531165315,False,0.0,0,,,,0.0,0,,,,False,False,False,False,0,,none,0,0,False,-2,0.5,risk_on,7,False
ROP,396.56500244140625,-25.987427255511996,26.31857576766774,-23.439269908076277,-45.47787857816594,0.051952457868014425,False,1.0959159284136033,4.054817362417525,24.624170332128003,11.670705083937083,False,True,False,True,31,51.66666666666667,True,0.4309283367637883,1.5029064780022032,False,3.0437850305003313,True,-0.1296927944681614,True,2,3,0.6683071431740879,True,1.269638436593266,True,2,2,True,False,False,25.0,18.222592498921404,6.175529883778252,0.8168137301325531,11.0,False,2,6,5,5,-3.3381287471919263,410.260009765625,315599870.4067383,12.127371273712736,False,0.0,0,,,,0.0,0,,,,False,False,False,False,0,,none,0,0,False,-1,0.625,risk_on,7,False
ROST,246.56500244140625,-3.3949745058111436,71.51960197910776,65.55911309103615,43.52050442094649,0.15538474161069893,True,0.8473741208325641,5.657742205464189,27.05846571338977,6.099661383444732,False,True,False,True,30,50.0,True,0.43623590109534066,0.9273210682321436,False,2.6638594131505102,True,-3.0454937641226754,True,2,1,0.43494351116327057,False,1.2559174893676774,True,3,1,False,False,False,35.0,19.8754870937956,5.880802164307881,0.7957126627930214,8.0,False,5,3,5,5,-4.060310334083173,257.0,502463123.64823914,81.02981029810297,True,0.0,0,,,,0.0,0,,,,False,False,False,False,0,,none,0,0,False,-1,0.625,risk_on,7,False
RPM,114.2750015258789,-9.078297875905083,23.85513047857235,-7.1374841106289,-29.176092780718566,0.09686939499946146,False,1.0609844923820293,3.6972202298892936,-3.911008649851866,9.072258458873916,True,True,False,True,26,43.333333333333336,True,0.4761081620906628,1.6039044958730608,True,1.7660141442405288,True,-1.1889321070975623,True,2,1,0.6112811367410721,True,1.1426972289212312,False,5,1,False,False,False,25.0,15.500719691335904,10.500984327077397,0.8000547580212989,2.0,False,3,2,3,5,-3.0992951495281695,117.93000030517578,111229768.99419975,23.170731707317074,False,0.0,0,,,,0.0,0,,,,False,False,False,False,0,,none,0,0,False,-1,0.625,risk_on,7,False
RPRX,59.099998474121094,-1.450729913078086,71.93226720681021,66.80914923265063,44.77054056256096,0.08025855112726077,True,1.0040822666137357,5.160749797808131,34.97420126282043,1.1639854955306284,False,False,False,True,24,40.0,True,0.5612894615206903,1.430538657998446,True,1.736512018089865,True,3.2134128650435967,True,2,0,0.4026409808906927,False,1.0919419350020316,False,3,0,False,False,False,65.0,16.846706099177432,5.600672832577387,0.8683971172349191,10.0,True,7,3,4,5,-2.217075087747822,60.439998626708984,163128080.80660743,81.36856368563686,True,0.0,0,,,,0.0,0,,,,False,False,False,False,0,,none,0,0,False,-1,0.625,risk_on,7,False
RRC,39.709999084472656,-16.44328394988397,22.322704581940766,17.34821089075169,-4.6903977793379745,0.08329013699410441,False,1.1428545834138135,6.648198062237494,9.69720280899351,2.477416992187509,False,True,False,True,21,35.0,False,0.4040354085898096,1.229687609355709,False,1.4050492534673233,True,2.9556634655649727,True,2,1,0.5304414639752555,False,1.029850063073222,False,2,1,False,False,False,55.0,15.28469793398056,7.051118865815835,0.7693048043684376,54.0,False,1,3,3,5,-3.526106380048988,41.1613936106965,117292224.16739273,47.696476964769644,False,0.0,0,,,,0.0,0,,,,False,False,False,False,0,,none,0,0,False,-1,0.625,risk_on,7,False
RRX,172.1300048828125,-27.734160494349148,34.50049662485273,25.83562465022302,3.797015980133356,0.06202604795244853,False,1.0423789059459345,7.668620562248199,-22.446019167549057,-19.305233297595247,False,True,False,True,23,38.333333333333336,False,0.43304036919038313,2.0372653592114105,False,-3.134143416664,True,-3.848731552459439,True,2,0,0.34010426017299633,False,0.5066844749188633,False,5,3,True,False,False,25.0,23.180094501957374,29.820484735360676,0.03935328658490001,7.0,False,0,2,2,3,-22.267881599956784,221.44000244140625,240306516.96296996,54.53929539295393,False,0.0,0,,,,0.0,0,,,,False,False,False,False,0,,none,0,0,False,-3,0.375,risk_on,7,False
RS,428.635009765625,0.0,63.12376013911645,48.33337240869619,26.294763738606527,0.03994333474996459,True,0.9405612264645336,4.115385754538532,21.21963653731318,8.413641667111783,True,True,False,True,28,46.666666666666664,True,0.4511959990945127,1.2541800616267338,True,2.901171901482506,True,2.5123776720488378,True,2,2,0.6362162136453242,True,1.1493737613628598,False,1,1,False,False,False,65.0,19.04676896518241,10.024846370854974,0.9468334739728899,2.0,True,7,4,6,6,-1.0126505379197237,433.0199890136719,138901636.6651062,72.62872628726286,False,0.0,0,,,,0.0,0,,,,True,True,False,False,2,power_play,sepa_vcp,6,6,True,0,0.75,risk_on,7,True
RSG,215.89500427246094,-7.507898886667674,9.505536536995795,-6.1686434354800035,-28.20725210556967,0.09367175900189291,False,1.0298286066171929,3.4322185584103915,-1.6886142841687768,-0.7014046128817397,False,True,False,True,24,40.0,True,0.31222520166763823,0.6808281654235725,False,0.5038978842749378,True,3.0082580489221966,True,2,0,0.5110317258288168,False,0.8746024321154466,False,5,1,False,False,False,55.0,13.660175715278546,6.711591258539978,0.6046544714348976,19.0,False,3,2,3,6,-5.40048938844897,228.22000122070312,299754893.358078,24.32249322493225,False,0.0,0,,,,0.0,0,,,,False,True,False,False,1,,power_play,6,6,True,0,0.75,risk_on,7,False
RSI,24.55500030517578,-28.86732335006886,54.53115024943473,27.957267440386914,5.918658770297249,0.03162146890788513,False,1.1303360633418247,7.94135137998672,54.53115024943473,-21.599615119940076,False,True,False,True,28,46.666666666666664,True,0.41948000121998175,2.497996404102058,False,-3.2328086225565333,True,-2.093299920762892,True,2,0,0.33853560889047013,False,0.5186889117836445,False,7,1,False,False,False,25.0,29.973932348722336,19.344328816802253,0.03623188939956288,18.0,False,2,1,2,3,-28.88792014699345,34.529998779296875,81304799.81618461,56.978319783197826,False,0.0,0,,,,0.0,0,,,,False,False,False,False,0,,none,0,0,False,-3,0.375,risk_on,7,False
RTX,219.2899932861328,-2.1550963485115093,46.16674335356483,43.0767976354887,21.038188965399037,0.08599575907689304,True,0.9397307140289689,3.652701906545011,9.841320236907203,4.843177207238947,False,True,False,True,32,53.333333333333336,True,0.29739401687270417,0.7396361093850496,False,4.394168376158915,False,-1.7737991999405067,True,2,0,0.5971402459861828,False,0.9903577622438078,False,3,2,True,False,False,35.0,18.74559144216537,6.767299945746371,0.8215374602744071,3.0,False,6,2,5,5,-3.3453858574271744,226.8800048828125,1091300371.7072022,69.44444444444444,False,0.0,0,,,,0.0,0,,,,False,False,False,False,0,,none,0,0,False,-1,0.625,risk_on,7,False
RUN,9.755000114440918,-54.437178029125334,3.997867755061879,-10.750230173172593,-32.788838843262255,0.1877225203728874,False,0.764428010138116,7.893382829893344,-46.40110051915512,-6.02119453862514,True,True,False,True,20,33.33333333333333,False,0.436591257221859,2.594462222142439,False,-3.199493829154126,True,3.997867755061879,True,2,0,0.48533943044293704,False,0.5920154266614506,False,7,3,True,False,False,25.0,35.50562239212944,26.447974304856487,0.24156124107213098,21.0,False,0,2,3,4,-26.92884018204821,13.350000381469727,98238213.95900115,20.392953929539296,False,0.0,0,,,,0.0,0,,,,False,False,False,False,0,,none,0,0,False,-2,0.5,risk_on,7,False
RVMD,204.16000366210938,-1.357683501000373,488.35734632074656,483.3142961774554,461.2756875073657,0.05076872924457543,True,1.0145208030519715,6.010479953781177,111.03990921067629,13.177007790280504,False,True,False,True,32,53.333333333333336,True,0.4323163874360393,1.8174005475591337,False,3.475585878417781,True,3.210154280313704,True,2,0,0.5909070274731515,False,0.9746735753742645,False,5,2,True,False,False,25.0,15.693065916468399,14.018907564595365,0.8595586916780196,3.0,True,11,4,5,6,-2.2039547088918976,208.76100158691406,328449800.2636719,98.91598915989161,True,0.0,0,,,,0.0,0,,,,False,True,False,False,1,,power_play,6,6,True,0,0.75,risk_on,7,True
RVTY,117.6500015258789,-0.19511005505422618,43.11181036945304,35.85363391193022,13.815025241840551,0.06393765042368643,True,0.9911530516711339,4.810876293503355,14.584606289549873,10.531753877630369,True,True,False,True,25,41.66666666666667,True,0.3997993829209991,1.2791253683416814,False,2.3774375062325923,True,2.9849472390359955,True,2,2,0.692046164589971,True,1.3553079778991652,True,3,2,True,False,False,45.0,18.202380398471078,9.018268460135296,0.9679678501335581,0.0,True,7,5,6,6,-0.5830613768498139,118.33999633789062,172676648.84776306,64.63414634146342,False,0.0,0,,,,0.0,0,,,,True,True,False,False,2,power_play,sepa_vcp,6,6,True,0,0.75,risk_on,7,True
RY,214.89500427246094,-0.7727522145367649,60.15539328274251,60.15539328274251,38.11678461265284,0.06417042548075172,True,1.023042977588528,2.433751777541139,28.530965836805343,3.7064138384997225,False,True,False,True,34,56.666666666666664,True,0.4854791837641647,0.7750372537352674,True,2.8967937477728336,True,1.6292302548777116,True,2,0,0.45766486493904573,False,0.8696192114963713,False,5,0,False,False,False,65.0,18.067440194972583,3.317901645481025,0.9396401038894999,20.0,True,7,3,5,6,-1.0905488131512153,217.26437837219933,272526762.2584648,78.31978319783198,False,0.0,0,,,,0.0,0,,,,False,True,False,False,1,,power_play,6,6,True,0,0.75,risk_on,7,False
RYAAY,59.67499923706055,-18.626062101906847,12.086771892789816,-5.89767782642604,-27.936286496515706,0.11003975247506911,False,0.8534952342982831,2.597401352119223,-14.161389357586728,1.2985900384144156,False,True,False,True,28,46.666666666666664,True,0.44484245558428237,1.1987200617929337,True,-1.0236034572448718,True,-1.4450867234106268,True,2,0,0.3239890481266886,False,0.8324070849686338,False,4,3,True,False,False,45.0,17.517379759426294,4.893168338964767,0.33150341647485776,18.0,False,1,2,3,4,-11.710308521488955,67.58999633789062,73683246.44465446,24.390243902439025,False,0.0,0,,,,0.0,0,,,,False,False,False,False,0,,none,0,0,False,-2,0.5,risk_on,7,False
RYAN,43.060001373291016,-28.465245577336663,47.57561750820199,-28.465245577336663,-50.50385424742633,0.04744020011352428,False,1.1289456755550014,7.0706214485943555,-1.9435433045900008,8.034706871019083,True,True,False,True,26,43.333333333333336,True,0.5318666360042883,2.5641136191786025,True,1.8321715149952975,True,-2.8732359511967287,True,2,1,0.46744396901358387,False,1.206817933133331,True,4,2,True,True,False,35.0,28.69736473787906,16.331533754698057,0.6373167365932435,9.0,False,2,3,3,4,-10.408053894307956,48.062357438349345,97195327.04866639,9.010840108401084,False,0.0,0,,,,0.0,0,,,,False,False,False,False,0,,none,0,0,False,-2,0.5,risk_on,7,False
RYN,21.7450008392334,-11.064171070432117,12.875295377492613,-6.54847573586056,-28.587084405950225,0.09275630035079664,False,1.0153158519894945,3.311111487308216,-0.5963013621113511,2.329415714039529,True,True,False,True,27,45.0,True,0.4587818311634827,1.209153125888907,True,0.6863611123656791,True,1.4699044777033432,True,2,3,0.6255792996171373,True,1.57911214556568,True,1,3,True,False,False,65.0,14.420285027694913,6.8521486024954905,0.7435585531259836,5.0,False,3,6,5,7,-3.6979587568377936,22.579999923706055,59367163.920007706,23.78048780487805,False,0.0,0,,,,0.0,0,,,,False,True,False,False,1,,power_play,7,7,True,1,0.875,risk_on,7,False
RYTM,116.62999725341797,-0.8416982401344364,53.82484532162246,19.180458334353332,-2.858150335736333,0.0987556858244964,False,1.1617788387172459,6.070481006418098,21.413699997521984,13.608019767161528,False,True,False,True,28,46.666666666666664,True,0.4309057096300454,1.9544729765073785,False,2.249955463912606,True,4.0410337564301235,True,2,3,0.6597912459348512,True,1.8136641343102198,True,2,3,True,False,False,25.0,17.66666460640823,17.949925449372525,0.9106757599876385,1.0,True,5,6,4,6,-1.5780613895207019,118.5,75194597.37610626,48.983739837398375,False,0.0,0,,,,0.0,0,,,,False,True,False,False,1,,power_play,6,6,True,0,0.75,risk_on,7,False
S,22.700000762939453,0.0,90.11726600253978,32.0535198237206,10.014911153630933,0.13978795390992205,False,0.9323204976590382,7.45374175575889,70.54846015995217,30.609907129237147,False,True,False,True,28,46.666666666666664,True,0.5072712379366692,2.1787071625162215,True,5.884050735963806,False,9.344896496478071,False,1,2,0.7968788788583646,True,2.498171974596652,True,3,1,False,False,False,25.0,23.750827301443035,19.66960353533359,0.9972197611907794,0.0,True,8,3,5,4,-0.06603297181456691,22.71500015258789,119097228.9602933,61.31436314363143,False,0.0,0,,,,0.0,0,,,,False,False,False,False,0,,none,0,0,False,-1,0.625,risk_on,7,False
SAIA,376.74749755859375,-22.66135274670724,50.41021398307706,20.28591291367805,-1.7526957564116152,0.06494384554708335,False,0.9963669529993822,6.691482124883215,-0.6153026000562112,-11.675651543693688,False,True,False,True,23,38.333333333333336,False,0.4871699789969836,2.1306323040321535,True,-2.4789089513841205,True,4.1256674402194715,True,2,0,0.575044209865846,False,0.5563194623933833,False,5,1,False,False,False,25.0,22.36414374883129,9.454606957713818,0.3572917012341322,19.0,False,0,1,2,4,-14.373620782166673,439.989990234375,195922585.61697388,49.728997289972895,False,0.0,0,,,,0.0,0,,,,False,False,False,False,0,,none,0,0,False,-2,0.5,risk_on,7,False
SAIL,19.69499969482422,-16.65255863603985,87.75023950953684,7.388219907103588,-14.650388762986077,0.17689721716284967,False,0.8581733481815575,8.174666845893201,29.48717715600777,37.58295684348782,True,True,False,False,28,46.666666666666664,True,0.42887595039620363,2.464321838096453,False,4.323644392820305,False,11.397055174589287,False,0,3,0.7047517752707142,True,1.9182159287859677,True,1,1,False,False,False,55.0,38.45237497905391,19.624269261267738,0.9416548755077666,49.0,True,2,4,6,3,-2.2435086051749376,20.14699935913086,53487250.47264347,37.05962059620596,False,0.0,0,,,,0.0,0,,,,True,False,False,False,1,,sepa_vcp,6,6,True,0,0.75,risk_on,7,False
SAM,186.97999572753906,-28.098440874991404,16.078963001036616,-16.8016413823455,-38.84025005243517,0.03728780167460187,False,0.8686715887034978,7.487431981975402,-24.115259594490233,7.145723232610979,True,True,False,True,25,41.66666666666667,True,0.44772754251155955,1.7858924021721654,True,1.31690809037008,True,2.14695034704262,True,2,2,0.559706287200995,False,2.4942405651608106,True,1,0,False,False,False,55.0,17.534562838702577,7.524873058998829,0.8387669959772701,33.0,True,2,5,7,6,-2.827150240709342,192.4199981689453,51077290.07711792,15.514905149051492,False,0.0,0,,,,0.0,0,,,,True,True,False,False,2,power_play,sepa_vcp,7,7,True,1,0.875,risk_on,7,False
SAN,14.954999923706055,0.0,61.57291069174511,58.86024694399663,36.82163827390696,0.11306800009426689,True,0.9644363000583751,2.4740881808536375,25.638018513224736,13.209688724602465,False,True,False,True,33,55.00000000000001,True,0.514922640534393,0.8032693573995034,True,4.12531280946522,False,2.081913400120472,True,2,1,0.3784295079038752,False,0.3298438133074522,False,1,0,False,False,False,45.0,20.600001017252602,6.954195701495538,0.9854368692324311,0.0,True,7,2,5,4,-0.3000005086262969,15.0,154266540.40866727,77.50677506775068,False,0.0,0,,,,0.0,0,,,,False,False,False,False,0,,none,0,0,False,-1,0.625,risk_on,7,False
SANM,211.13999938964844,-25.31833670132745,92.62840818715257,75.45288832883921,53.41427965874954,0.0685865493659576,False,1.028098860140318,8.671970072711591,49.4373341515129,-3.3949479556322215,True,True,False,False,22,36.666666666666664,False,0.4676081696149081,2.9507628306893077,True,-0.7064265448666117,True,2.6645899202367263,True,1,0,0.4231196825969006,False,0.9425660490551235,False,3,1,False,False,False,25.0,27.336581068574027,19.574690703101787,0.7975450577623919,16.0,False,4,1,3,4,-5.534425941211851,223.50999450683594,164753053.1626091,84.62059620596206,True,0.0,0,,,,0.0,0,,,,False,False,False,False,0,,none,0,0,False,-2,0.5,risk_on,7,False
SAP,205.60000610351562,-25.41748753803241,40.456345979843974,-24.182068793528256,-46.22067746361792,0.12757364541204141,False,1.2375143861323272,4.3579797898235455,3.2193948434281694,38.21849149816177,False,True,False,True,28,46.666666666666664,True,0.452295599669004,1.464172401869194,True,4.377828806853772,False,3.0783110312717854,True,2,2,0.6687114374388939,True,1.9532500588383992,True,3,1,False,True,False,25.0,31.45302498685265,16.026270052950075,0.9114552163057079,2.0,True,2,3,4,4,-2.785001293992029,211.49000549316406,600722778.2803726,11.314363143631438,False,0.0,0,,,,0.0,0,,,,False,False,False,False,0,,none,0,0,False,-2,0.5,risk_on,7,False
SARO,27.239999771118164,-17.753621227040263,12.237326977076446,-3.267045743178487,-25.30565441326815,0.15253591266875,False,1.1156692833187143,13.766519939460586,-9.26049515074725,-3.6093434164987226,False,True,False,False,29,48.333333333333336,True,0.5552534406631275,1.989293428904006,True,-0.6121055721986906,True,-9.200000762939453,False,0,1,0.42077124124838805,False,1.4210626979062744,True,4,2,True,False,False,25.0,17.19342203428984,16.776797845900372,0.19117633652931182,5.0,False,1,3,2,3,-13.906446597371957,31.639999389648438,94239590.60576916,26.76151761517615,False,0.0,0,,,,0.0,0,,,,False,False,False,False,0,,none,0,0,False,-3,0.375,risk_on,7,False
SBAC,184.41009521484375,-17.08395120443185,12.33706454805652,-14.53060360255044,-36.56921227264011,0.07613528468061422,False,1.0789602901164699,3.1288982665177283,1.1691353230418366,1.340932009546525,False,True,False,True,21,35.0,False,0.42061687394414904,1.6094486945570956,False,-0.513525904434174,True,0.9912864462348292,True,2,0,0.5328499198553119,False,0.5661639780398912,False,5,2,True,False,False,25.0,11.06029077669618,9.261966819742668,0.6245348148509328,20.0,False,1,3,3,5,-4.1527541242747485,192.39999389648438,201239514.8435974,17.073170731707318,False,0.0,0,,,,0.0,0,,,,False,False,False,False,0,,none,0,0,False,-1,0.625,risk_on,7,False
SBRA,20.420000076293945,-8.7985679636297,24.01804882733245,17.223458222867947,-4.815150447221718,0.04616931114461859,False,1.0257224355339833,6.856021612632439,3.825104974681759,-7.308218611756734,False,True,False,True,23,38.333333333333336,False,0.5456649925549197,1.8145307142253506,True,0.8608230455376542,True,-2.3433752974360123,True,2,0,0.5372602835645772,False,0.9166493372925414,False,4,2,True,False,False,35.0,17.391308354019312,9.010774464805168,0.4065657088664235,12.0,False,1,2,2,5,-10.320598744952903,22.770000457763672,64742747.06037321,47.425474254742554,False,0.0,0,,,,0.0,0,,,,False,False,False,False,0,,none,0,0,False,-1,0.625,risk_on,7,False
SBUX,110.2249984741211,0.0,43.24776587633272,20.12505055302347,-1.913558117066195,0.11466776573029559,False,1.0815383603327455,6.205402476609823,15.32249708928135,6.796821482293569,False,True,False,True,20,33.33333333333333,False,0.4425304238597245,1.3053853664671418,True,2.3251793156930765,True,4.816465039584927,True,2,0,0.5950343926266762,False,0.5314326779682716,False,3,1,False,False,False,55.0,15.265512966254036,7.901927895593197,0.9831116710956904,0.0,True,4,2,3,6,-0.25780900386710437,110.50990295410156,802927344.3174785,49.59349593495935,False,0.0,0,,,,0.0,0,,,,False,True,False,False,1,,power_play,6,6,True,0,0.75,risk_on,7,False
SCCO,191.30999755859375,-11.252507188879235,112.98248287311559,111.40823126315223,89.36962259306256,0.08791921334810372,True,0.9400743995372669,6.1889062197412406,-2.3509861873642235,1.7552274603347406,False,True,False,True,23,38.333333333333336,False,0.41481995683462547,1.5147135918117787,False,1.1519056048506449,True,-1.972743406062516,True,2,0,0.46439689139965,False,1.1674812040932239,False,5,1,False,False,False,25.0,20.090172308502723,15.989753137977866,0.740320641508795,4.0,False,5,1,3,6,-5.217003057049762,201.83999633789062,207833717.259494,90.2439024390244,True,0.0,0,,,,0.0,0,,,,False,True,False,False,1,,power_play,6,6,True,0,0.75,risk_on,7,False
SCHW,109.91000366210938,0.0,28.775636352747092,16.11167387005277,-5.926934800036896,0.06980890978046707,False,0.8708164741912232,3.6211405649430755,16.40395201186169,8.168490307943422,True,True,False,True,32,53.333333333333336,True,0.43678566422632126,1.0033665704693637,False,5.786238103379496,False,2.0899126170027094,True,2,3,0.6353600687785643,True,2.4141631875910092,True,1,1,False,False,False,35.0,20.45929135894359,5.568187529136914,0.9884651953737574,0.0,True,5,4,5,5,-0.23599392861678448,110.16999816894531,806301634.1091728,46.476964769647694,False,0.0,0,,,,0.0,0,,,,False,False,False,False,0,,none,0,0,False,-1,0.625,risk_on,7,False
SCI,84.43000030517578,-3.309005953537092,23.34886822177542,4.701912863336322,-17.336695806753344,0.06537012178357135,False,1.112898589558262,4.394171587187858,8.212418622447949,6.415432571496482,False,True,False,True,25,41.66666666666667,True,0.40864121927529623,1.231411471154915,False,2.7103125133843897,True,-0.6238215454427154,True,2,2,0.5606839140357782,False,1.3305275313113767,True,2,2,True,False,False,35.0,20.540713540838222,6.277393145328354,0.6490101990623476,10.0,False,4,5,4,7,-7.209580956816152,90.98999786376953,94355023.2170105,34.010840108401084,False,0.0,0,,,,0.0,0,,,,False,True,False,False,1,,power_play,7,7,True,1,0.875,risk_on,7,False
SCO,26.905000686645508,-67.97023727780297,15.373074780172335,-62.673418419567994,-84.71202708965765,0.3073155573834167,False,1.0501404960486507,14.792787365405383,-58.06577439063545,5.925201144559389,False,True,False,False,26,43.333333333333336,True,0.47383444876436365,1.7705878829767878,True,-1.5275393959341177,True,-8.205386636364265,False,0,0,0.400632645515363,False,0.8633821236010568,False,6,1,False,False,False,25.0,27.355978549342126,20.36795912425442,0.25000010298860575,24.0,False,1,1,3,3,-20.516981094652508,33.849998474121094,119934735.38579483,1.151761517615176,False,0.0,0,,,,0.0,0,,,,False,False,False,False,0,,none,0,0,False,-3,0.375,risk_on,7,False
SE,124.72000122070312,-36.52926146529103,59.57010667486091,-28.592695175947824,-50.63130384603749,0.19581930908810619,False,1.0335925363265024,16.100065454234034,14.359072082039859,25.346734895179026,False,False,False,False,28,46.666666666666664,True,0.4801164087627575,1.7384722849743388,True,4.746011864990451,False,12.360361460092895,False,0,1,0.5902853454273789,False,3.04394201551027,True,5,1,False,True,True,25.0,26.034565308402396,21.58435337945716,0.7898107732806435,2.0,False,2,1,1,2,-5.472185150147679,131.94000244140625,549085005.7266327,8.94308943089431,False,0.0,0,,,,0.0,0,,,,False,False,False,False,0,,none,0,0,False,-4,0.25,risk_on,7,False
SEDG,31.479999542236328,-59.90319871904695,22.63342208287671,18.97203564420955,-3.066573025880114,0.17718401215052607,False,0.8273225126277665,12.16645482655548,-8.514967504122605,-30.261409021074638,False,True,False,False,19,31.666666666666664,False,0.5409639731500833,4.92742244641525,True,-4.789105591359677,True,-3.642481461294189,True,1,0,0.350233697367365,False,0.3418244214947443,False,5,2,True,False,False,,,,,,False,0,2,2,2,,,137307268.83826676,48.84823848238483,False,0.0,0,,,,0.0,0,,,,False,False,False,False,0,,none,0,0,False,-4,0.25,risk_on,7,False
SEI,61.349998474121094,-25.977315990329597,148.68231510259622,121.64389202681801,99.60528335672834,0.04336462064962875,False,0.9129523220412799,11.719639454827206,19.694671873556846,1.606487891432118,False,True,False,False,25,41.66666666666667,True,0.3816820928727812,3.717000473397186,False,-1.071848357113901,True,7.612700018180196,False,0,0,0.37011077823407285,False,0.7437841234550615,False,3,1,False,True,False,,,,,,False,4,1,3,4,,,179041473.68678817,91.32791327913279,True,0.0,0,,,,0.0,0,,,,False,False,False,False,0,,none,0,0,False,-2,0.5,risk_on,7,False
SEIC,105.5999984741211,0.0,41.28449928338034,20.705498948279043,-1.3331097218106223,0.040325353616921515,False,0.867851459107199,2.471591522788879,37.35636392938433,9.169848867323239,True,True,False,True,25,41.66666666666667,True,0.4366031999814599,1.138633057313303,False,5.067626915887024,False,0.8692291637151905,True,2,2,0.504342936581262,False,1.8809825109913698,True,2,0,False,False,False,35.0,19.682240708966123,5.577651017761967,0.9335231866963052,5.0,True,6,4,7,5,-1.3084126410083274,107.0,70295537.61267357,50.33875338753388,False,0.0,0,,,,0.0,0,,,,True,False,False,False,1,,sepa_vcp,7,7,True,1,0.875,risk_on,7,True
SEZL,129.8300018310547,-31.142933052397893,154.7184593323494,48.70004061553863,26.661431945448967,0.1277113313905735,False,1.1537577792151297,14.01832911619727,89.28416498446981,-25.487834172417834,False,False,False,False,32,53.333333333333336,True,0.4889039436965182,3.991715970714073,True,-1.6704941284761547,True,-27.278327049364016,False,0,0,0.5849625192634595,False,0.6416451393609789,False,4,1,False,True,False,,,,,,False,4,1,1,2,,,126503525.92222366,72.69647696476966,False,0.0,0,,,,0.0,0,,,,False,False,False,False,0,,none,0,0,False,-4,0.25,risk_on,7,False
SF,84.67500305175781,-3.753322470174736,24.55869207179351,11.167133897910531,-10.871474772179134,0.030660572588218016,False,1.0233720160377922,3.3185680039198013,7.974586207688272,6.4291172072962866,True,True,False,True,27,45.0,True,0.44405148116588444,1.0502744925445524,True,4.1488608079055425,False,1.540956555359907,True,2,2,0.49769845240719945,False,1.5853753790943665,True,2,0,False,False,False,35.0,20.73641713657374,4.2869852400166435,0.9506764527024993,6.0,True,4,4,7,6,-1.0227936514164981,85.55000305175781,87876772.22394256,41.05691056910569,False,0.0,0,,,,0.0,0,,,,True,True,False,False,2,power_play,sepa_vcp,7,7,True,1,0.875,risk_on,7,False
SFM,85.6500015258789,-43.300673301906656,30.643692366415777,-41.40784935196594,-63.44645802205561,0.0586757985279035,False,1.0183541902755824,6.456516415846799,26.64498743795265,16.54647437145218,False,True,False,True,26,43.333333333333336,True,0.3854985009184311,1.5003178726916933,False,0.8847402222055871,True,-1.7775177484046112,True,2,1,0.4454742505610357,False,1.833856633104314,True,3,3,True,True,True,25.0,24.98928393815416,10.169301294449461,0.6710978443688557,10.0,False,2,4,4,4,-8.219029354937636,93.31999969482422,157145563.57878494,4.13279132791328,False,0.0,0,,,,0.0,0,,,,False,False,False,False,0,,none,0,0,False,-2,0.5,risk_on,7,False
SGI,65.375,-32.97804508869378,6.593952301101158,-18.605307030429895,-40.64391570051956,0.2638427430605304,False,0.9882707467452098,5.353722654382768,-28.961808160955194,-5.047201962433235,False,True,False,True,27,45.0,True,0.4150643431566861,1.5234795284073146,False,-2.1895809833288107,True,0.7784757700578071,True,2,0,0.4420646348844371,False,0.5812144541692273,False,7,1,False,False,False,25.0,16.956461979650893,10.738050413405235,0.14302235260103877,24.0,False,1,1,2,4,-14.531308895531158,76.48999786376953,176862075.73746186,14.566395663956639,False,0.0,0,,,,0.0,0,,,,False,False,False,False,0,,none,0,0,False,-2,0.5,risk_on,7,False
SGOL,41.630001068115234,-19.02353395900502,31.698830320434567,29.971909630616288,7.933300960526623,0.11929129563048069,False,0.9289682716467442,2.762425370347717,-11.04700481458819,7.961617182282277,True,True,False,True,27,45.0,True,0.36441748291448367,0.44072153046451684,False,2.782587225542833,True,2.91718240523966,True,2,2,0.5482895922054282,False,2.8944311610997424,True,1,1,False,False,False,55.0,13.84825820619782,9.608455194260452,0.6485151631129956,52.0,False,2,4,5,6,-4.867452776774561,43.7599983215332,79131467.9941061,59.28184281842819,False,0.0,0,,,,0.0,0,,,,False,True,False,False,1,,power_play,6,6,True,0,0.75,risk_on,7,False
SHAK,73.864501953125,-31.67653173979128,41.12438238018012,-31.67653173979128,-53.715140409880945,0.06571285020456014,False,1.1410494852297748,6.2411584569772165,-16.940850444564724,31.924450328303088,False,True,False,True,25,41.66666666666667,True,0.3957011824386206,1.7909437159426083,False,4.420048699208634,False,5.1601711269769535,False,1,2,0.7099072811947091,True,2.3352844112769486,True,3,2,True,True,False,25.0,27.12617400508599,16.8551881265514,0.9685537108025645,6.0,True,2,4,4,3,-0.8530175125838979,74.5,132495169.8094902,7.8590785907859075,False,0.0,0,,,,0.0,0,,,,False,False,False,False,0,,none,0,0,False,-2,0.5,risk_on,7,False
SHC,19.020000457763672,-1.70542592868409,44.85910351854976,36.14889115395068,14.110282483861013,0.03598064793310212,False,1.0527360001556834,6.2197714831931705,9.247562461012194,9.184847155351573,False,True,False,True,30,50.0,True,0.5429226672189857,1.5817405740527462,True,3.270967042854618,True,0.5817060351093417,True,2,1,0.5606762883174533,False,1.2932169328369634,True,3,1,False,True,True,35.0,21.139076925390263,12.607784749995938,0.8163998218045075,4.0,False,5,3,3,5,-3.881138290389874,19.788000106811523,54107268.95928307,65.04065040650406,False,0.0,0,,,,0.0,0,,,,False,False,False,False,0,,none,0,0,False,-1,0.625,risk_on,7,False
SHEL,89.25,-4.344851818111417,29.631499914064197,27.39473838678521,5.356129716695545,0.08991242987294651,False,1.0899077045959644,2.9635816729035365,16.21157937882478,1.4781160851237374,False,True,False,True,26,43.333333333333336,True,0.38088846041603625,0.5957124949727531,False,2.6352400213103913,True,-0.3906233036624296,True,2,1,0.515131296576006,False,1.2924100485282954,True,3,1,False,False,False,35.0,17.171714576949782,4.9523789007790615,0.8216318703166803,9.0,False,4,3,4,6,-3.062886612546334,92.06999969482422,590631353.9647728,56.30081300813008,False,0.0,0,,,,0.0,0,,,,False,True,False,False,1,,power_play,6,6,True,0,0.75,risk_on,7,False
SHLS,8.265000343322754,-35.2779949330546,80.06536097091106,69.36475716188875,47.32614849179908,0.05807705606488366,False,0.84071587281155,11.736239887908367,-14.440988883276972,-16.43073754893366,True,True,False,False,20,33.33333333333333,False,0.5109476350651179,4.130855547089643,True,-2.1323879501864287,True,-3.8953491079929625,True,1,1,0.4877628888027547,False,1.3544358822432425,True,5,2,True,False,False,25.0,32.953960935260234,18.874777432731925,0.1116593933828719,21.0,False,1,3,3,2,-29.274341647666226,11.685999870300293,52578541.02196608,82.72357723577237,True,0.0,0,,,,0.0,0,,,,False,False,False,False,0,,none,0,0,False,-3,0.375,risk_on,7,False
SHOP,154.77499389648438,-13.538350569261704,62.23793649992655,3.1214589065927,-18.917149763496965,0.0803166349396904,False,1.280488902584034,6.473906902799414,39.86534319036919,38.19195883614677,True,True,False,True,27,45.0,True,0.49474982997530037,2.35831660376886,True,3.9889183961606247,True,4.9748991682180055,True,2,0,0.5716902000330559,False,1.018259507960709,False,4,0,False,True,True,25.0,28.63706220942409,26.07010180281947,0.9810389022983714,3.0,True,3,2,4,4,-0.5429901344405019,155.6199951171875,1516713667.5980086,32.72357723577235,False,0.0,0,,,,0.0,0,,,,False,False,False,False,0,,none,0,0,False,-2,0.5,risk_on,7,False
SHW,362.3800048828125,-2.733280412406436,23.679182553860922,-0.8311846489984842,-22.86979331908815,0.07854046971071464,False,1.1191095007401983,3.5956726650827644,-2.2751045723803154,16.693500003685212,False,True,False,True,29,48.333333333333336,True,0.5374381248768602,1.3275896553378657,True,2.6630330964000257,True,-0.28617261199036514,True,2,0,0.5510756775510868,False,1.0685120427884351,False,3,2,True,False,False,25.0,19.093937247246583,9.570062423007077,0.8623698407640303,4.0,True,4,4,5,5,-2.62790162378016,372.1600036621094,690106701.0854187,29.132791327913278,False,0.0,0,,,,0.0,0,,,,False,False,False,False,0,,none,0,0,False,-1,0.625,risk_on,7,False
SIG,93.57499694824219,-11.029862042941351,27.05121676433626,13.242490509699433,-8.796118160390233,0.04182617158698794,False,1.0384443433066792,7.149340133788154,5.549355153927871,4.763767653331663,False,True,False,True,20,33.33333333333333,False,0.4934855956359011,1.817040375642175,True,1.2370898679813658,True,-0.32488316371853676,True,2,0,0.46622060759433487,False,0.9635974928633486,False,5,2,True,False,False,25.0,17.373865802828107,8.730962794969972,0.6081990362629772,11.0,False,1,3,3,5,-6.807097365385751,100.41000366210938,59446425.677848816,43.360433604336045,False,0.0,0,,,,0.0,0,,,,False,False,False,False,0,,none,0,0,False,-1,0.625,risk_on,7,False
SIGI,94.55000305175781,-5.591610972341366,29.71207838119816,21.54411538987,-0.49449328021966465,0.020276561619489358,False,0.9830800067374157,3.9344193244205656,8.811869295718445,-3.31321999533295,True,True,False,True,26,43.333333333333336,True,0.46102251741244904,1.34368208332906,True,-0.036996051663861426,True,-2.3041906960801772,True,2,2,0.4763062170102724,False,1.895598232143359,True,2,2,True,False,False,65.0,17.26856931454554,5.118980625776556,0.6625839979789185,28.0,False,2,5,6,6,-5.82669161873789,100.4000015258789,52250839.73112259,51.28726287262872,False,0.0,0,,,,0.0,0,,,,True,True,False,False,2,power_play,sepa_vcp,6,6,True,0,0.75,risk_on,7,False
SIMO,246.47500610351562,-26.69169731582368,239.21991951158842,226.02998356224546,203.9913748921558,0.08574505031203318,False,1.0453200644943599,21.349018689176106,78.88024171721636,-14.564941966204437,False,False,False,False,28,46.666666666666664,True,0.47919445901005925,4.276527168389711,True,-1.2348824116556791,True,-7.835690515712046,False,0,0,0.4530795754694796,False,0.443602501344048,False,6,1,False,True,True,25.0,37.88145934042712,21.349018689176106,0.3418572041863434,24.0,False,6,1,2,2,-24.931409559810056,328.333068009172,312649065.82883227,96.40921409214093,True,0.0,0,,,,0.0,0,,,,False,False,False,False,0,,none,0,0,False,-4,0.25,risk_on,7,False
SIRI,28.729999542236328,-11.041084544666813,48.88913819953671,43.341940819133825,21.30333214904416,0.11097747887728597,False,1.1578127616789227,5.671944828838052,38.98178098596572,-2.9403802987477023,False,True,False,True,29,48.333333333333336,True,0.43566926278126256,1.3264440050064779,False,-0.36090814661087495,True,-2.972859985403542,True,2,1,0.5032785974808879,False,1.4126291930306132,True,4,2,True,False,False,45.0,18.27923298473345,9.500621522424572,0.3855459426352727,11.0,False,4,3,2,5,-11.231748872984626,32.36517468517835,125030643.70141335,69.71544715447155,False,0.0,0,,,,0.0,0,,,,False,False,False,False,0,,none,0,0,False,-1,0.625,risk_on,7,False
SITE,97.0199966430664,-40.56968046366529,3.443859362415602,-26.666670895607858,-48.70527956569752,0.06629940405761862,False,1.1461895570266811,10.338073723293284,-33.3882590396674,-5.604205297374176,False,True,False,False,17,28.333333333333332,False,0.5035007940495593,2.240832583535153,True,-1.6585789859659255,True,-1.5225335476151458,True,1,0,0.47915402812107166,False,0.7465062688512727,False,6,3,True,False,False,25.0,18.998156444064726,15.233971645734062,0.3289939383783284,24.0,False,0,2,2,3,-12.747878133604251,111.19499969482422,89510927.13588715,10.094850948509485,False,0.0,0,,,,0.0,0,,,,False,False,False,False,0,,none,0,0,False,-3,0.375,risk_on,7,False
SITM,684.0499877929688,-24.11922587151879,242.7619194710307,242.7619194710307,220.72331080094102,0.061438051122330556,True,1.0575585492790032,14.145166507174899,63.89927443972865,23.21894221565688,False,True,False,False,23,38.333333333333336,False,0.4574172895579125,3.0977947431216486,True,0.7096507079903125,True,-0.5018199573863624,True,1,0,0.38766469957457017,False,0.643549598571214,False,6,3,True,True,False,25.0,39.81380776611415,39.7763367752326,0.7411407165419256,4.0,False,7,2,3,3,-10.306173750073832,762.6500244140625,296695968.3163269,96.54471544715447,True,0.0,0,,,,0.0,0,,,,False,False,False,False,0,,none,0,0,False,-3,0.375,risk_on,7,False
SIVR,61.45000076293945,-44.57472784284398,72.85513947037836,67.30193718700501,45.263328516915344,0.4465027804829212,False,0.8016964442016934,5.0610261541724935,-13.535949026583937,12.298975497263065,True,False,False,True,24,40.0,True,0.37738613433682366,0.8032972093148062,False,1.520468241798284,True,4.702678822306927,True,2,2,0.5681248559689209,False,1.6012542649057349,True,2,0,False,False,False,25.0,17.264362089948044,15.117983401442284,0.8556985716274205,1.0,True,3,4,4,4,-2.4912721095209145,63.02000045776367,61833868.23206425,81.57181571815718,True,0.0,0,,,,0.0,0,,,,False,False,False,False,0,,none,0,0,False,-2,0.5,risk_on,7,False
SJM,120.32460021972656,-4.768815454816688,35.88762757355,10.921952335561436,-11.11665633452823,0.05715362196784167,False,1.017790474456985,4.246846115441159,10.690742514092522,3.988074645031392,False,True,False,True,28,46.666666666666664,True,0.5411332490200141,1.5272303641742282,True,1.70374629202508,True,1.28333091650219,True,2,1,0.4734111654490696,False,1.2598444121404344,True,3,0,False,False,False,45.0,16.09870960134038,4.78705279361996,0.6435328360924141,11.0,False,4,3,4,6,-5.738661354161634,127.6500015258789,141886145.48625642,40.65040650406504,False,0.0,0,,,,0.0,0,,,,False,True,False,False,1,,power_play,6,6,True,0,0.75,risk_on,7,False
SKM,36.36000061035156,-20.95652041227921,84.75609779736126,61.313217096206515,39.27460842611685,0.08402913395049993,True,0.9308106746139355,9.873487602653753,18.128654318474545,3.2954540405391697,False,True,False,False,26,43.333333333333336,True,0.4922840514031136,1.8893327539768827,True,1.2140931462324205,True,1.9344055980551556,True,1,0,0.5288889444535302,False,0.2951362248422545,False,3,0,False,False,False,25.0,19.951203103213363,13.916389936753243,0.9279892836012822,15.0,True,4,3,5,4,-1.436700428478721,36.88999938964844,84240374.30935173,78.99728997289974,False,0.0,0,,,,0.0,0,,,,False,False,False,False,0,,none,0,0,False,-1,0.625,risk_on,7,False
SKY,94.75,-2.780627036661254,47.44786313441305,27.38639889590204,5.347790225812375,0.11144682638525538,True,1.0692698673448044,3.9894446219492083,2.977934789864123,18.570886819927956,False,True,False,True,27,45.0,True,0.3651884147960652,1.7947324641392697,False,3.0858131373309647,True,3.5292870142148436,True,2,0,0.5527416236439044,False,0.9960812177869214,False,4,2,True,True,False,25.0,18.509995289206103,18.67018727325198,0.9536461514044294,4.0,True,5,3,4,5,-0.858009519140579,95.56999969482422,55160393.54967956,56.09756097560976,False,0.0,0,,,,0.0,0,,,,False,False,False,False,0,,none,0,0,False,-1,0.625,risk_on,7,False
SLAB,219.03500366210938,-0.5922631830219571,88.69314283858954,62.669894980090476,40.63128631000081,0.01690025193617617,True,0.8728798478001182,0.6619932540458239,5.814011430970711,1.0495521373533157,False,True,False,True,22,36.666666666666664,False,0.40079907016570554,0.18578428662380658,False,0.5967022188008386,True,0.25861785977447926,True,2,1,0.47281771867657535,False,0.7596282868105177,False,2,2,True,False,False,,,,,,False,6,3,2,6,,,54273131.14747162,79.53929539295393,False,0.0,0,,,,0.0,0,,,,False,True,False,False,1,,power_play,6,6,True,0,0.75,risk_on,7,False
SLB,51.744998931884766,-10.799861353077954,66.25601223205982,58.44534892481501,36.40674025472534,0.07559042822818958,False,1.0363329432084214,7.169780608274115,2.7178118232579873,9.582798801787629,True,True,False,True,20,33.33333333333333,False,0.5053248086763186,1.6970943883437637,True,1.0433520280158959,True,0.3977454651066248,True,2,1,0.5025664610116467,False,1.0421784677900598,False,1,2,True,False,False,35.0,17.410633883399143,10.996236465085953,0.7611699593450734,2.0,False,3,3,3,5,-4.15818239820026,53.9900016784668,621137067.6397903,77.1680216802168,False,0.0,0,,,,0.0,0,,,,False,False,False,False,0,,none,0,0,False,-1,0.625,risk_on,7,False
SLF,80.86000061035156,-3.818245624033567,45.898719259400124,45.898719259400124,23.86011058931046,0.07973620849131875,True,1.0859831458701903,3.660646873769281,27.932898516453864,0.26038323682520126,False,False,False,True,34,56.666666666666664,True,0.5073769573773719,0.8409424792066813,True,1.5460622141681004,True,-1.7735654639032372,True,2,0,0.3918130943356632,False,0.6346304823088291,False,5,1,False,False,False,65.0,18.735493499359873,4.340829186670318,0.7773423580634693,11.0,False,5,2,3,4,-4.171600803084674,84.37999725341797,53576891.55748596,71.40921409214093,False,0.0,0,,,,0.0,0,,,,False,False,False,False,0,,none,0,0,False,-2,0.5,risk_on,7,False
SLG,58.150001525878906,-7.473782362562186,69.45411907152186,9.920453789949946,-12.11815488013972,0.12300600213264294,False,0.9931875833297307,6.0361170148351375,55.259702971365975,8.468570908112838,True,True,False,True,30,50.0,True,0.5057629735130849,1.6424272817987102,True,3.6346599231796795,True,6.658109019876801,False,1,1,0.5952183237254514,False,0.893340232622035,False,2,1,False,False,False,25.0,17.97076610271251,9.767842056973928,1.0,0.0,True,4,3,5,5,0.0,58.150001525878906,55505779.60514412,39.22764227642276,False,0.0,0,,,,0.0,0,,,,False,False,False,False,0,,none,0,0,False,-1,0.625,risk_on,7,False
SLGN,41.93000030517578,-13.323318032281172,15.700878485582104,-7.7562028147047934,-29.794811484794458,0.08677290524155332,False,1.2442395485420141,5.866682290579672,-12.949401558210505,-8.986323892061044,False,True,False,True,29,48.333333333333336,True,0.5364443482112707,1.8552172535457274,True,-0.3909113072371797,True,0.9388526265117658,True,2,0,0.4903516715839598,False,0.9362273287148973,False,5,0,False,False,False,25.0,16.708074166245773,6.582404283669366,0.21065685591410455,16.0,False,1,1,2,4,-13.188403794004767,48.29999923706055,71157537.03928986,22.76422764227642,False,0.0,0,,,,0.0,0,,,,False,False,False,False,0,,none,0,0,False,-2,0.5,risk_on,7,False
SLM,28.190000534057617,-12.980961375189736,52.345271359827564,-12.980961375189736,-35.0195700452794,0.09323568248456578,False,0.9473890052525328,4.576093973353548,15.304950379956782,16.583954417996782,False,True,False,True,28,46.666666666666664,True,0.45191510571850796,1.575805952981589,True,4.240034874257453,False,2.8456792812392218,True,2,1,0.5852198459152824,False,1.864061982454702,True,3,0,False,False,False,25.0,18.64167093183189,9.613341399363275,0.98481975014097,0.0,True,2,2,4,3,-0.282985222535026,28.270000457763672,67718618.88441953,18.69918699186992,False,0.0,0,,,,0.0,0,,,,False,False,False,False,0,,none,0,0,False,-2,0.5,risk_on,7,False
SLS,11.720000267028809,-24.14239215717985,743.1654955140001,656.1290727470482,634.0904640769586,0.19004943489134016,True,0.83451922251106,13.651871939769448,230.14085702682357,-5.024310193619064,False,True,False,False,27,45.0,True,0.4140344999997789,4.151414785757904,False,0.7099135505266847,True,0.170944086236946,True,1,0,0.4660841526459964,False,0.9713980941660268,False,6,3,True,False,False,25.0,33.066279047475895,22.610917731677553,0.5572688783928698,21.0,False,9,2,3,5,-14.63947081006336,13.729999542236328,69767089.65184335,99.45799457994579,True,0.0,0,,,,0.0,0,,,,False,False,False,False,0,,none,0,0,False,-1,0.625,risk_on,7,False
SLV,58.5,-44.60227192679711,72.71922599598572,67.14285714285715,45.10424847276749,0.23672935955593824,False,0.8044510184604549,5.076918642745059,-13.627643436383662,12.370338948959336,True,True,False,True,24,40.0,True,0.36480058570276386,0.7953875815038283,False,1.5260684886379943,True,4.744855144636806,True,2,2,0.5788138317250183,False,1.2147615685027686,True,0,0,False,False,False,25.0,17.261505390518504,15.111111371945112,0.8589372657277964,1.0,True,3,4,5,5,-2.434955148040918,59.959999084472656,792071271.0382812,81.5040650406504,True,0.0,0,,,,0.0,0,,,,False,False,False,False,0,,none,0,0,False,-1,0.625,risk_on,7,False
SM,31.889999389648438,-7.758372424915361,84.31216011695764,22.570742181686754,0.5321335115970882,0.20055359409350368,True,1.1465582175445856,13.98557281227287,47.87052238367062,-4.834374852366885,False,True,False,False,28,46.666666666666664,True,0.5075813454261028,2.3725922622523083,True,1.1817658846418684,True,11.114977497938794,False,0,1,0.5718987535604863,False,1.37106032344997,True,4,1,False,False,False,25.0,19.82456296899443,14.016925341983011,0.6592918673531996,15.0,False,5,3,4,5,-6.754389829704999,34.20000076293945,110188060.45677003,52.30352303523035,False,0.0,0,,,,0.0,0,,,,False,False,False,False,0,,none,0,0,False,-1,0.625,risk_on,7,False
SMCI,41.31999969482422,-29.584186298684035,101.26643113900298,-10.310397289917162,-32.34900596000683,0.6040046269798177,False,0.9313656666680566,28.290171799859486,35.78704988641152,32.43589321929019,False,False,False,False,22,36.666666666666664,False,0.5270812537308724,3.691501194737427,True,3.9874835231472394,True,40.63989406099788,False,0,2,0.5588921547961359,False,1.3877451309042002,True,2,2,True,True,False,,,,,,False,2,4,3,4,,,1736529966.2997365,20.59620596205962,False,0.0,0,,,,0.0,0,,,,False,False,False,False,0,,none,0,0,False,-2,0.5,risk_on,7,False
SMG,62.6150016784668,-14.774737119750448,22.623688646495822,11.956016562303095,-10.08259210778657,0.029374511336982018,False,1.0056742235326133,6.931252656626019,-4.047242192552902,-9.64646620332501,False,True,False,True,26,43.333333333333336,True,0.4018458307157123,2.1095445071074233,False,-0.7616090396335627,True,0.8942963146865823,True,2,1,0.3997246612666877,False,1.3302963188794494,True,4,2,True,False,False,25.0,19.564638412859022,17.232293581871787,0.13670308659260527,16.0,False,1,3,2,4,-16.89009195375295,75.33999633789062,76044586.52506408,42.140921409214094,False,0.0,0,,,,0.0,0,,,,False,False,False,False,0,,none,0,0,False,-2,0.5,risk_on,7,False
SMMT,15.069999694824219,-44.14381041321882,20.079677018250287,-43.91514989154661,-65.95375856163628,0.0863125454401719,False,0.930878217547274,14.797608410053387,3.007515905273217,0.6008021050610379,False,True,False,False,26,43.333333333333336,True,0.45452333268456924,2.827217459359601,True,1.0505526665138771,True,11.299850349200469,False,0,0,0.45723148276143843,False,0.7784656343367653,False,3,2,True,False,False,35.0,23.676008832985413,19.774383560603567,0.7421053318435934,27.0,False,2,2,2,4,-6.105916441250924,16.049999237060547,51038493.469644785,3.590785907859079,False,0.0,0,,,,0.0,0,,,,False,False,False,False,0,,none,0,0,False,-2,0.5,risk_on,7,False
SMR,9.829999923706055,-81.60209644851186,29.512512860153393,-73.64611226603147,-95.68472093612112,0.2011242792837764,False,0.8661184971578756,8.697859093308931,-29.735524771060216,11.57774637352098,True,True,False,False,24,40.0,True,0.5137415951826073,3.9732680174696924,True,0.47614344241249323,True,3.801474620128964,True,1,1,0.5391607753224154,False,2.1632262947127305,True,6,0,False,False,False,25.0,28.079797381538423,17.6500475090861,0.9307283396476859,4.0,True,2,3,5,3,-1.9451341869757277,10.024999618530273,261338252.05288345,0.33875338753387535,False,0.0,0,,,,0.0,0,,,,False,False,False,False,0,,none,0,0,False,-1,0.625,risk_on,7,False
SMTC,138.3000030517578,-20.849306682630186,185.33113176957247,159.7670899542702,137.72848128418053,0.12922090831355285,False,0.8813887325167511,9.942154516695243,59.828966835542595,-0.27400464673502656,True,True,False,False,22,36.666666666666664,False,0.48507544203870734,3.6363190673388397,True,-0.3196862713192772,True,2.6116666451562853,True,1,0,0.4221377191385721,False,0.8997994038734546,False,3,2,True,False,False,25.0,30.337838868837096,22.415039274003824,0.7839644405657442,22.0,False,5,2,3,4,-6.554051992055532,148.0,251872046.93603212,93.76693766937669,True,0.0,0,,,,0.0,0,,,,False,False,False,False,0,,none,0,0,False,-2,0.5,risk_on,7,False
SN,189.7550048828125,0.0,124.37626293904991,56.835282447454816,34.79667377736515,0.1278550165023621,True,1.1949910825985237,6.345028186401436,47.0740959534407,30.12069018736303,False,True,False,True,34,56.666666666666664,True,0.5347161019417278,2.1182637643829114,True,5.4224244422941315,False,5.460463850924002,False,1,1,0.5811253994979032,False,1.3817296728299815,True,6,0,False,True,True,25.0,25.80273821928449,17.153699356630835,0.970308138495633,2.0,True,8,2,4,3,-0.7661313296404293,191.22000122070312,304673252.00450134,76.49051490514906,False,0.0,0,,,,0.0,0,,,,False,False,False,False,0,,none,0,0,False,-2,0.5,risk_on,7,False
SNA,405.7300109863281,-3.238650795672471,28.995510613174357,24.895463740236966,2.856855070147301,0.049665524555392394,False,0.9451657005192814,3.3470274941009603,8.599132429658463,2.609950994825505,False,True,False,True,26,43.333333333333336,True,0.48484696487169565,1.1097214906653863,True,0.6283638500302623,True,-2.1582863527372265,True,2,0,0.3825397891558442,False,0.7791356870667265,False,4,1,False,False,False,65.0,16.526399306049306,4.5226834437498535,0.7526822368551256,5.0,False,3,2,3,5,-4.087272109211115,423.0199890136719,157713198.47912902,53.929539295392956,False,0.0,0,,,,0.0,0,,,,False,False,False,False,0,,none,0,0,False,-1,0.625,risk_on,7,False
SNAP,5.25,-42.24422539195069,33.58778399034434,-28.27869020652716,-50.317298876616825,0.10815811546081361,False,1.0399089383991431,8.380953470865887,8.921157946565161,19.04762316671784,True,True,False,False,21,35.0,False,0.45215807829073207,2.349420362423264,True,1.1677516750903776,True,0.5747166860948782,True,1,1,0.5942022082277909,False,2.4415463729148645,True,4,3,True,True,False,25.0,26.460479663756075,23.428571791875928,0.6298700092333016,7.0,False,1,3,3,3,-9.793817093628443,5.820000171661377,193382100.52117777,9.146341463414634,False,0.0,0,,,,0.0,0,,,,False,False,False,False,0,,none,0,0,False,-3,0.375,risk_on,7,False
SNDK,1390.1099853515625,-40.46638178365899,3030.87823778863,2857.051765549233,2835.0131568791435,0.20979520857937387,False,0.8152722934480808,16.590053848067505,120.55086290635191,-13.675456379304062,False,True,False,False,28,46.666666666666664,True,0.560180707335674,6.133633468251871,True,-1.7111013920860663,True,10.4506693169647,False,0,0,0.49825712223839436,False,0.736873987374056,False,6,1,False,False,False,,,,,,False,8,1,2,4,,,20610906749.823967,99.86449864498645,True,0.0,0,,,,0.0,0,,,,False,False,False,False,0,,none,0,0,False,-2,0.5,risk_on,7,False
SNEX,68.0,-26.623983000077633,82.7738599775534,66.7938454168117,44.75523674672204,0.09181217744738883,False,0.9567937460014885,8.955882577335133,22.44898071333923,-9.16377311570976,False,True,False,False,26,43.333333333333336,True,0.4759068930377588,2.1365726084610475,True,-2.598830437216134,True,1.9031868412673347,True,1,0,0.3797400757422576,False,0.8312727574678308,False,7,1,False,False,False,25.0,23.76002896475789,23.558818592744714,0.2366153779546674,24.0,False,2,1,2,3,-18.138040731047855,83.06666564941406,76547658.15531921,81.30081300813008,True,0.0,0,,,,0.0,0,,,,False,False,False,False,0,,none,0,0,False,-3,0.375,risk_on,7,False
SNN,30.260000228881836,-19.964445245334772,5.325446261828981,-14.295076217904723,-36.33368488799439,0.08270240471845045,False,1.0698707629311142,2.6602785825739814,-12.382122831720622,-0.5586594629939268,False,True,False,True,24,40.0,True,0.5126882099773648,1.0374959512140203,True,-0.19359316285626996,True,1.9198372669962271,True,2,1,0.5657174980228057,False,1.4594860008644406,True,5,2,True,False,False,35.0,13.244225229380124,11.36813813843153,0.38990854785543516,8.0,False,1,3,2,4,-8.080188602722204,32.91999816894531,50651038.45517864,17.276422764227643,False,0.0,0,,,,0.0,0,,,,False,False,False,False,0,,none,0,0,False,-2,0.5,risk_on,7,False
SNOW,334.9898986816406,0.0,176.59970026703826,70.15792502165543,48.119316351565764,0.10299844159943188,False,1.1002841752842207,5.916598501095341,93.73656329118951,26.349297519044,True,True,False,True,29,48.333333333333336,True,0.38732937586153743,1.8326831339156362,False,4.469720702256835,False,5.342735434478185,False,1,1,0.5435478613449926,False,2.033969364960585,True,4,1,False,False,False,25.0,25.84003881118263,14.722834186439238,0.9212300557335977,1.0,True,8,2,4,4,-2.0354184169985245,341.95001220703125,1467886741.470134,83.06233062330624,True,0.0,0,,,,0.0,0,,,,False,False,False,False,0,,none,0,0,False,-2,0.5,risk_on,7,False
SNPS,416.6600036621094,-33.36958209664096,11.906109818860845,-32.641415081782284,-54.68002375187195,0.11948845948902038,False,0.8177358369686507,4.610471676243846,-1.5802532998595131,11.549586613116558,False,True,False,True,21,35.0,False,0.5216276843516591,1.7805043674053,True,-0.8952466772119547,True,2.6306695863755003,True,2,1,0.6337733418526706,True,0.41994603395966085,False,5,0,False,False,False,25.0,19.36727610161894,11.006572492797432,0.5762712040921533,23.0,False,1,2,3,4,-8.206472582553815,453.9100036621094,742740550.8266815,7.452574525745257,False,0.0,0,,,,0.0,0,,,,False,False,False,False,0,,none,0,0,False,-2,0.5,risk_on,7,False
SNX,258.2049865722656,-10.831058492034739,82.66624120846251,69.87483947858952,47.836230808499856,0.04695896240295163,False,0.8664211662535208,3.9116172692117273,64.74355922614623,4.13170655791304,False,True,False,True,24,40.0,True,0.4456570349892099,1.2904012002245073,True,-0.24787695102418988,True,-0.3877184197919603,True,2,0,0.34670501739307175,False,0.7148408680663944,False,4,2,True,False,False,25.0,12.163122297196118,7.149361040206193,0.6697732961066324,7.0,False,6,3,4,6,-4.016587785254999,269.010009765625,162642019.02948913,82.99457994579946,True,0.0,0,,,,0.0,0,,,,False,True,False,False,1,,power_play,6,6,True,0,0.75,risk_on,7,False
SNY,44.02000045776367,-11.230258877855693,6.564413427384319,-4.673616659628443,-26.71222532971811,0.09906021850566976,False,0.9928991256496382,1.7719190622118883,-1.2075632906786704,1.5221398480666615,False,True,False,True,26,43.333333333333336,True,0.40330808967580783,0.7039658958087565,False,0.6787885212264806,True,2.6346492986613512,True,2,0,0.4336108729151539,False,0.9760138954448903,False,3,0,False,False,False,45.0,10.466387061401678,3.6801429237583103,0.6548121061603386,11.0,False,3,2,4,6,-3.6128701058359303,45.66999816894531,145953916.5528763,25.067750677506773,False,0.0,0,,,,0.0,0,,,,False,True,False,False,1,,power_play,6,6,True,0,0.75,risk_on,7,False
SO,92.66000366210938,-5.733820661028089,11.989846610156295,0.9478102584136172,-21.090798411676047,0.07389834770376741,False,1.0731947264584067,2.7627859458423343,1.729755600792493,-4.078669642077926,False,True,False,True,24,40.0,True,0.4829797018343335,0.960934986332376,True,-0.9327584403824218,True,-0.25833999981439426,True,2,0,0.528801968726257,False,1.0848051736058049,False,5,2,True,False,False,55.0,10.31634623492155,4.619035840862002,0.35546924476485237,27.0,False,2,2,2,5,-6.649202430061263,99.26000213623047,491462388.2678093,30.21680216802168,False,0.0,0,,,,0.0,0,,,,False,False,False,False,0,,none,0,0,False,-1,0.625,risk_on,7,False
SOFI,18.225000381469727,-43.4181903151454,20.297035249943885,-23.456527550373906,-45.49513622046357,0.11558017382060252,False,0.9432937285430131,4.855968232415842,-5.5699424771300965,9.45946425840507,False,True,False,True,24,40.0,True,0.530768247457189,2.278158923123371,True,0.9134196459525734,True,0.6906077202516014,True,2,0,0.5415768849336218,False,0.6176697837236834,False,6,1,False,False,False,25.0,24.620059336515148,16.62002863586952,0.688271708503734,24.0,False,2,1,3,4,-7.674769033508555,19.739999771118164,1209826234.5209203,12.059620596205962,False,0.0,0,,,,0.0,0,,,,False,False,False,False,0,,none,0,0,False,-2,0.5,risk_on,7,False
SOLV,86.02010345458984,-2.8570293732110175,37.65418650041612,15.649511469479084,-6.389097200610582,0.052784524877854226,False,1.2277047148132074,6.300850558505243,13.258863608921745,11.367304290072667,False,True,False,True,28,46.666666666666664,True,0.4976118391634191,1.7923846335948452,True,1.8391312458316211,True,3.688650438630403,True,2,1,0.5857899109032658,False,1.1224545842062779,False,2,2,True,True,True,45.0,18.84444342719184,10.206914926499538,0.7653362759285842,5.0,False,4,4,3,5,-4.422107272677955,90.0,98663745.6754303,45.867208672086726,False,0.0,0,,,,0.0,0,,,,False,False,False,False,0,,none,0,0,False,-1,0.625,risk_on,7,False
SON,58.314998626708984,-2.802440231830672,54.91240977248937,33.90733519101048,11.868726520920816,0.038853590987129843,True,0.9947431054149712,4.417622150522284,18.261808463538376,7.827151552360068,False,True,False,True,31,51.66666666666667,True,0.6141783013356139,2.0033471054818266,True,2.7944135720723,True,3.141481749463848,True,2,0,0.588444577832109,False,1.0467611811847013,False,4,0,False,False,False,35.0,17.784733511550286,5.521309455347931,0.8325157499583781,11.0,True,6,3,6,6,-2.9786627543720967,60.10533381855325,63990803.3335989,63.07588075880759,False,0.0,0,,,,0.0,0,,,,True,True,False,False,2,power_play,sepa_vcp,6,6,True,0,0.75,risk_on,7,False
SONY,23.405000686645508,-22.65366652473959,21.143897807180867,-16.350961152393072,-38.38956982248274,0.10079587113020212,False,1.2802418662611574,2.9480902107015092,2.3393083855699714,13.1222816940906,False,True,False,True,21,35.0,False,0.5175948234833635,0.9782788341712624,True,3.130551880197068,True,1.3203476196495867,True,2,0,0.5428086136431223,False,0.621148614103641,False,3,2,True,False,False,35.0,19.43286045191278,7.519761492192828,0.8766096836011398,9.0,True,1,4,4,4,-2.397826799696412,23.979999542236328,120054067.27361564,16.124661246612465,False,0.0,0,,,,0.0,0,,,,False,False,False,False,0,,none,0,0,False,-2,0.5,risk_on,7,False
SOUN,7.414999961853027,-65.35046685032472,30.087722982029263,-55.06060629179983,-77.09921496188949,0.08046774768727853,False,1.1650064891433134,14.025623293369899,-0.6032181777994028,19.212222057399075,False,True,False,False,18,30.0,False,0.48867262503808834,3.4151509811090524,True,1.253009206816595,True,4.731639007866195,True,1,0,0.44264616540422513,False,0.4719930885397697,False,4,2,True,True,False,25.0,31.013426314449145,29.399856543717064,0.6948819780861367,5.0,False,1,2,2,3,-9.462755289836078,8.1899995803833,250030761.97983998,1.6937669376693765,False,0.0,0,,,,0.0,0,,,,False,False,False,False,0,,none,0,0,False,-3,0.375,risk_on,7,False
SPG,223.0998992919922,-5.74571095546903,35.7276360137849,35.41307397678031,13.374465306690645,0.05955800610572472,True,0.9590971460897249,2.3307930504425975,19.182185024318876,-0.9325478173663804,False,True,False,True,31,51.66666666666667,True,0.4636737201673061,0.8217732489777169,True,0.38847292343098333,True,0.5724642521098833,True,2,0,0.49165426644847,False,0.21924135724834243,False,7,1,False,False,False,65.0,17.616602581539148,6.069027072222802,0.6334670515220141,11.0,False,4,2,5,5,-6.45706528637644,238.5,312227969.65417176,64.29539295392954,False,0.0,0,,,,0.0,0,,,,False,False,False,False,0,,none,0,0,False,-1,0.625,risk_on,7,False
SPGI,417.6199951171875,-21.097799467864842,13.491741299737958,-20.87759065335356,-42.91619932344322,0.19453064882187351,False,0.9175353190874791,3.677382091306911,11.651648363572953,-0.5666678292410743,False,True,False,True,25,41.66666666666667,True,0.41340590615447104,0.9148649683558966,False,0.3467966167971604,True,3.054981043616256,True,2,0,0.42033701365092674,False,0.9054329939368397,False,6,2,True,False,False,35.0,19.51963182861541,4.439437345939647,0.5076765491246017,19.0,False,1,2,3,4,-9.609972501681197,462.0199890136719,836595837.552536,13.617886178861788,False,0.0,0,,,,0.0,0,,,,False,False,False,False,0,,none,0,0,False,-2,0.5,risk_on,7,False
SPHR,178.0500030517578,0.0,352.13305795443307,347.36182528858717,325.3232166184975,0.4093847618281516,True,1.0634403962457295,15.007020928236559,53.862773222908864,33.560877888021466,False,True,False,False,24,40.0,True,0.5008268528361057,2.816991226359967,True,3.0640054492807476,True,15.444471233921897,False,0,1,0.5096418304314916,False,1.9215080233043687,True,4,1,False,True,False,25.0,26.900841984712816,23.240665079227007,0.9267293944671744,0.0,True,10,3,4,4,-1.971040981562766,181.6300048828125,110032626.25712585,98.17073170731707,True,0.0,0,,,,0.0,0,,,,False,False,False,False,0,,none,0,0,False,-2,0.5,risk_on,7,False
SPOT,496.1050109863281,-32.82534341106618,20.195035974882636,-28.61798403074416,-50.656592700833826,0.08461091347603256,False,1.2054131676341633,8.349041535659039,11.286704833434168,5.781577713077102,False,True,False,False,18,30.0,False,0.5436657032726612,2.268297276769295,True,0.5408657586976511,True,4.427769241966417,True,1,1,0.35879308053126985,False,1.5163886807064877,True,4,1,False,False,False,35.0,16.92704086473922,11.691073203370323,0.6421858079458351,11.0,False,1,3,3,5,-6.056735450884498,528.0900268554688,992057722.3189499,8.875338753387533,False,0.0,0,,,,0.0,0,,,,False,False,False,False,0,,none,0,0,False,-1,0.625,risk_on,7,False
SPXC,217.1999969482422,-11.854229243842518,20.19256758268653,7.754124649548233,-14.284484020541433,0.045401021784133855,False,0.9260696978485448,4.848065804442036,-2.975075334562205,2.0388970804501527,False,True,False,True,25,41.66666666666667,True,0.42461427009482205,1.5841460663113718,False,-0.6752600652988054,True,1.4194962804208622,True,2,0,0.3661190144738244,False,0.5946666604620429,False,4,1,False,False,False,25.0,18.088124885512443,14.185081948198938,0.7153546821312646,24.0,False,3,2,4,6,-5.148700057686073,228.99000549316406,108497739.52063903,37.330623306233065,False,0.0,0,,,,0.0,0,,,,False,True,False,False,1,,power_play,6,6,True,0,0.75,risk_on,7,False
SPY,778.469970703125,0.0,23.84479303728351,22.051132770256785,0.012524100167119911,0.11993821270719218,False,0.9023823546634476,1.2151992104404015,14.874712282998615,5.458015447059084,False,True,False,True,28,46.666666666666664,True,0.48765598819874306,0.49087200641209466,True,3.6072871944101808,True,1.289420887895698,True,2,1,0.5671176940522737,False,1.5337804456926183,True,3,1,False,False,False,35.0,7.972665630157478,5.2641697189342205,0.9969393914963652,0.0,True,5,3,3,6,-0.024401208224300586,778.6599731445312,35338630258.1887,51.76151761517615,False,0.0,0,,,,0.0,0,,,,False,True,False,False,1,,power_play,6,6,True,0,0.75,risk_on,7,False
SQM,73.22000122070312,-22.62495683623359,81.63523898043745,59.424515740424425,37.38590707033476,0.1577520243282028,False,0.8077803589977718,4.479648626896564,5.623573168193663,5.626084164812983,True,True,False,True,20,33.33333333333333,False,0.4190284623864792,1.651656612114983,False,0.03113132083533438,True,1.06280787425157,True,2,1,0.5619357391337995,False,0.6858688147295742,False,2,1,False,False,False,25.0,11.828109944267291,10.857684807022794,0.8849656720944237,24.0,True,2,4,5,5,-1.360638677832049,74.2300033569336,63884928.638989255,77.91327913279133,False,0.0,0,,,,0.0,0,,,,False,False,False,False,0,,none,0,0,False,-1,0.625,risk_on,7,False
SRE,86.45999908447266,-12.703863613096544,12.029043660689908,9.9657162685723,-12.072892401517365,0.14907898475900547,False,1.000305165131501,3.585471324250595,-2.2464076962908974,-7.470037644006455,False,False,False,True,28,46.666666666666664,True,0.48854991555339805,1.094568845767089,True,-2.1824862321628347,True,2.501482689414525,True,2,0,0.34225552463224057,False,0.6814911416367343,False,9,1,False,False,False,25.0,12.882728129194051,7.321306844880006,0.22716238219766122,24.0,False,1,1,1,3,-9.956256918161511,96.0199966430664,307519470.50421447,39.295392953929536,False,0.0,0,,,,0.0,0,,,,False,False,False,False,0,,none,0,0,False,-3,0.375,risk_on,7,False
SRPT,18.625,-23.824133256342495,25.33647665079841,-8.700978684911142,-30.739587355000808,0.11122942839708026,False,0.9555328736440014,12.053695781118916,7.0402322317590915,17.285893361315786,False,True,False,False,26,43.333333333333336,True,0.5055345051344259,2.5072104569822433,True,1.9418379974819817,True,10.995227877570057,False,0,2,0.6723016229903898,True,1.2418090144926481,True,3,2,True,False,False,25.0,28.188902908715825,20.80536912751678,0.6692572344173924,24.0,False,2,4,3,4,-9.323275706768285,20.540000915527344,50332948.29129734,21.747967479674795,False,0.0,0,,,,0.0,0,,,,False,False,False,False,0,,none,0,0,False,-2,0.5,risk_on,7,False
SSB,111.44499969482422,0.0,32.99836056946492,16.981185716610447,-5.057422953479218,0.05126562408543561,False,0.9731273188073302,4.737761939750888,10.005889144018187,10.742467030821778,False,True,False,True,29,48.333333333333336,True,0.47903419487901433,0.9902740092906793,True,5.211494526544536,False,3.2950230098127697,True,2,2,0.6640806551427135,True,1.5105848513902205,True,5,1,False,False,False,55.0,18.02677003028668,7.155084054803719,0.9917990280772683,0.0,True,5,3,4,5,-0.14783703487591948,111.61000061035156,96378454.4823616,47.22222222222222,False,0.0,0,,,,0.0,0,,,,False,False,False,False,0,,none,0,0,False,-1,0.625,risk_on,7,False
SSD,196.47999572753906,-6.3266698864681725,24.974042423095398,9.095902458118443,-12.942706211971222,0.04578245317263132,False,1.1112696218565234,3.868073600360594,0.527537756634211,5.816460296083625,False,True,False,True,25,41.66666666666667,True,0.5515473275410642,1.5440075434610765,True,0.3834378186417171,True,1.571543242227591,True,2,1,0.5606924009930521,False,1.6208699752765026,True,3,2,True,False,False,65.0,17.66827831361094,7.985547018824119,0.5567387946465774,31.0,False,3,3,3,6,-7.831662341810919,213.17515398421855,50342180.60147858,38.82113821138211,False,0.0,0,,,,0.0,0,,,,False,True,False,False,1,,power_play,6,6,True,0,0.75,risk_on,7,False
SSNC,81.11499786376953,-8.989490982885473,30.72521976007061,-6.458346933888015,-28.496955603977682,0.0626588672319066,False,1.0418131164240017,3.624486862890517,14.859149360577128,21.157582615691606,False,True,False,True,27,45.0,True,0.5086778304844676,1.367804004606811,True,5.084665867494758,False,1.59694587219541,True,2,3,0.725920523422075,True,3.200918603288261,True,1,0,False,False,False,25.0,19.379181829875186,7.717441041845276,0.9349871996764216,6.0,True,3,5,6,5,-1.2598948787399977,82.1500015258789,149423641.67520523,23.848238482384822,False,0.0,0,,,,0.0,0,,,,True,False,False,False,1,,sepa_vcp,6,6,True,0,0.75,risk_on,7,False
SSRM,31.600000381469727,-11.583662849941623,96.51741624005359,93.27216907764473,71.23356040755507,0.08249878389416973,False,0.9669636883951173,9.113927320722661,21.86656386256263,16.17646873203533,True,True,False,False,23,38.333333333333336,False,0.5374186660730809,2.4620626095491325,True,2.058527689808332,True,9.836634962382739,False,0,0,0.5699254524951652,False,1.0243317609784321,False,5,2,True,False,False,45.0,28.575650214807812,25.632918326064985,0.7683557648970929,39.0,False,4,2,3,4,-6.619384636577374,33.84000015258789,87251445.75109443,87.66937669376695,True,0.0,0,,,,0.0,0,,,,False,False,False,False,0,,none,0,0,False,-2,0.5,risk_on,7,False
ST,45.779998779296875,-14.287320250663992,61.85022206449071,39.86978456750274,17.831175897413075,0.026663423363942004,False,1.0076834326558097,4.575254218768916,27.45282893629404,0.6118813038298976,False,True,False,True,21,35.0,False,0.401558056771871,1.5540574528247066,False,-0.7296146375329398,True,-0.9299872449221813,True,2,0,0.26044945945180387,False,0.7088329762843936,False,4,2,True,False,False,25.0,16.078429570616137,8.170082804375607,0.37794388316777056,10.0,False,1,2,2,4,-10.001685463457965,50.86761792712108,76269643.7644516,67.47967479674797,False,0.0,0,,,,0.0,0,,,,False,False,False,False,0,,none,0,0,False,-2,0.5,risk_on,7,False
STAG,37.23500061035156,-11.429591342851442,12.761044039842439,11.621374367043735,-10.41723430304593,0.02349437389779898,False,1.022632651603855,2.202228229845265,-2.920510728596537,-10.96365164498103,False,True,False,True,23,38.333333333333336,False,0.508976627690094,1.1628828432433322,True,-1.4533899281813671,True,1.182068973667083,True,2,0,0.5210775928014976,False,0.7145878284923928,False,5,3,True,False,False,55.0,15.699288637369612,6.928969487749735,0.1964980150597827,16.0,False,1,2,2,5,-12.614409582275886,42.61000061035156,64891701.174359895,41.59891598915989,False,0.0,0,,,,0.0,0,,,,False,False,False,False,0,,none,0,0,False,-1,0.625,risk_on,7,False
STE,236.5749969482422,-11.45266890248381,18.64343239200734,-3.467803173222739,-25.506411843312403,0.05880289093298292,False,1.1909274354454973,5.905104681776442,-2.5950358092927783,12.312475139452683,False,True,False,True,27,45.0,True,0.48862494439818593,1.4329493198997683,True,2.835133199744732,True,2.0687713323836787,True,2,2,0.6772958691808986,True,2.975207196052388,True,4,2,True,False,False,45.0,17.970920498984338,11.349469068952313,0.8890041055916527,2.0,True,3,5,4,6,-1.994698394126071,241.38999938964844,168232669.62961578,26.422764227642276,False,0.0,0,,,,0.0,0,,,,False,True,False,False,1,,power_play,6,6,True,0,0.75,risk_on,7,False
STEP,49.93000030517578,-32.887838289883156,26.277185506003086,-17.20685139658189,-39.245460066671555,0.0266628881961693,False,1.0204088270477023,11.035446200391936,-9.516618674230791,23.010594031723365,False,True,False,False,22,36.666666666666664,False,0.5389796781046113,2.8651232760373997,True,2.337890145436742,True,-0.7947576223454433,True,1,2,0.6297376313994357,True,1.597674210516802,True,3,0,False,False,False,25.0,21.42997422925094,16.242740958907774,0.9101741928558517,4.0,True,1,4,4,4,-1.9249647322207686,50.90999984741211,65687146.60614605,15.24390243902439,False,0.0,0,,,,0.0,0,,,,False,False,False,False,0,,none,0,0,False,-2,0.5,risk_on,7,False
STLA,5.394999980926514,-55.48679841693209,1.219513286132723,-44.60985515703805,-66.64846382712771,0.14734208215897282,False,0.9563529002301383,6.3021344539374855,-31.708861825328995,-6.173913375191065,False,True,False,True,19,31.666666666666664,False,0.48657169816130214,1.517479614671032,True,-2.7545565291020644,True,-2.792796477144377,True,2,1,0.3361300992687891,False,1.5153642138252275,True,5,3,True,False,False,35.0,14.355629657621593,11.67748130988361,0.1647726841702005,11.0,False,0,3,2,4,-11.990214025981949,6.130000114440918,117385029.88401452,3.4552845528455287,False,0.0,0,,,,0.0,0,,,,False,False,False,False,0,,none,0,0,False,-2,0.5,risk_on,7,False
STLD,262.6050109863281,-6.91732415571008,111.83421399203243,105.62209467579908,83.5834860057094,0.03779120660709679,True,0.9333636008861982,5.788159521843069,32.33179428832247,9.159497439933384,True,True,False,True,31,51.66666666666667,True,0.5004400410816411,1.5432861945142053,True,1.4773377761578144,True,0.4302432127627709,True,2,1,0.5110771139869393,False,1.1509878426675106,False,1,0,False,False,False,25.0,18.766458348683667,10.75378955196146,0.7903513270093123,6.0,False,7,3,5,5,-3.934363089536541,273.3599853515625,281866096.341893,89.43089430894308,True,0.0,0,,,,0.0,0,,,,False,False,False,False,0,,none,0,0,False,-1,0.625,risk_on,7,False
STM,54.672298431396484,-31.505514106207634,159.79867979918737,111.2874745740661,89.24886590397642,0.09848576212671357,False,0.62964645661937,5.212881789476218,63.31442472121087,2.2103135461400525,True,True,True,True,23,38.333333333333336,False,0.4838776898890073,2.1001537144914995,True,-4.312194362377112,True,2.613175082580188,True,3,0,0.3847463372826531,False,0.6250075546283405,False,4,1,False,False,False,25.0,33.527694183611345,11.450043835427188,0.28125457586011954,24.0,False,4,1,4,4,-24.09787677643194,72.02999877929688,598996335.5875059,90.17615176151762,True,0.0,0,,,,0.0,0,,,,False,False,False,False,0,,none,0,0,False,-2,0.5,risk_on,7,False
STNG,77.87000274658203,-9.556019240102609,80.3969161754092,73.96264275664922,51.92403408655955,0.0690949942450704,True,0.9773433050613747,6.2925307867662195,16.368334324677125,-0.14106258735083754,False,True,False,True,21,35.0,False,0.4079357144097294,1.3304710058385012,False,0.4986374591798386,True,1.9507797155588147,True,2,0,0.5214324883231549,False,0.8943954406204289,False,4,1,False,False,False,35.0,18.377143208803833,6.690636831525398,0.644676964108452,34.0,False,5,2,4,6,-6.529822315965916,83.30999755859375,52744155.96535988,84.28184281842819,True,0.0,0,,,,0.0,0,,,,False,True,False,False,1,,power_play,6,6,True,0,0.75,risk_on,7,False
STRC,95.77010345458984,-1.0663396825224214,30.63542614561159,10.094954513661246,-11.943654156428419,0.1589526919401083,False,0.5591991151376926,1.7542012011842159,2.220736345905494,13.383724176702527,False,True,True,True,30,50.0,True,0.44250722728228936,0.9154372690797415,True,4.420114797307109,False,1.8181011486108067,True,3,2,0.5105833187539204,False,2.1417553486810674,True,2,2,True,False,False,55.0,27.653666655556396,7.977436709433026,0.9607202935292247,54.0,True,4,5,6,5,-1.0862279090709248,96.82180896564198,109997338.74893112,39.43089430894309,False,0.0,0,,,,0.0,0,,,,True,False,False,False,1,,sepa_vcp,6,6,True,0,0.75,risk_on,7,False
STRL,545.8699951171875,-45.06913272269104,99.35358283401324,77.00065042816142,54.962041758071756,0.06676493946509887,False,0.8781035030318015,8.05136984999442,25.802583602627106,-23.903591786162714,False,True,False,False,24,40.0,True,0.4211852202643759,3.4466137531920698,False,-3.324486401608788,True,1.826215810186227,True,1,0,0.39378114842447937,False,0.9848029269327301,False,5,3,True,False,False,25.0,33.2335117371257,21.898988699545395,0.21675839774584316,15.0,False,3,2,2,2,-26.029868981518668,737.9600219726562,486701867.20599365,84.89159891598916,True,0.0,0,,,,0.0,0,,,,False,False,False,False,0,,none,0,0,False,-4,0.25,risk_on,7,False
STT,190.8800048828125,0.0,78.27108494086399,78.27108494086399,56.23247627077432,0.06314555893435732,True,0.9218724528876916,4.662619932735986,46.04238873494104,3.6208663622198323,False,True,False,True,30,50.0,True,0.40577630547148946,0.981731488786693,False,3.6760178316542897,True,3.223019020594009,True,2,0,0.5960173442216894,False,0.9151274119622008,False,4,0,False,False,False,45.0,17.981365185162453,5.207461330226152,0.9529121461323911,18.0,True,9,3,6,6,-0.8467038961790463,192.50999450683594,323967475.37205505,85.02710027100271,True,0.0,0,,,,0.0,0,,,,True,True,False,False,2,power_play,sepa_vcp,6,6,True,0,0.75,risk_on,7,False
STWD,16.475500106811523,-11.437365098933261,3.4243552491239226,-8.74964861686831,-30.788257286957975,0.17749652474703392,False,1.2144933510741638,5.826839765697871,-3.5017899504712457,0.8909992883358697,False,True,False,True,22,36.666666666666664,False,0.4387686035083861,1.015238115763935,False,0.07590324678891311,True,3.4243552491239226,True,2,0,0.5800666414305482,False,0.6070490034277009,False,6,1,False,False,False,25.0,9.7731253809288,8.254684844372601,0.5747022038955318,19.0,False,2,1,2,6,-4.156488685561655,17.190000534057617,74580256.15045604,21.544715447154474,False,0.0,0,,,,0.0,0,,,,False,True,False,False,1,,power_play,6,6,True,0,0.75,risk_on,7,False
STX,886.140380859375,-18.945175240258195,478.55148974221953,469.37101930420846,447.3324106341188,0.11498702123486067,False,0.9736060448473132,15.257177658004354,106.0252476119679,-2.9801617028044403,False,True,False,False,29,48.333333333333336,True,0.4284058555669978,3.5178721611540307,False,-0.01802482448462234,True,3.891244290678042,True,1,0,0.5156614175235814,False,0.6439981662229209,False,3,1,False,False,False,25.0,25.360655477007388,18.053577622628858,0.7880016447368421,15.0,False,8,1,2,5,-5.376417249521159,936.489990234375,4486694165.410135,98.84823848238482,True,0.0,0,,,,0.0,0,,,,False,False,False,False,0,,none,0,0,False,-1,0.625,risk_on,7,False
STZ,136.99000549316406,-17.242880572371234,9.59288065596715,-16.43355660468684,-38.4721652747765,0.13268767482093485,False,0.7510712739438014,4.292287500569461,-16.083621224697342,6.8070039439150465,False,True,False,True,24,40.0,True,0.4365496769689547,1.0145876069804607,False,0.5010611331015574,True,3.3730765745470404,True,2,3,0.6489744835530831,True,2.2099369073734976,True,1,3,True,False,False,25.0,8.207517193576052,6.263231978250296,0.8534793212081339,21.0,True,2,7,5,6,-1.202570990398677,138.65745988172537,222138185.2188568,15.989159891598916,False,0.0,0,,,,0.0,0,,,,False,True,False,False,1,,power_play,6,6,True,0,0.75,risk_on,7,False
SU,63.970001220703125,-7.651732359642827,70.01052544710846,66.64873243686036,44.61012376677069,0.11085397558219721,True,1.1432612590956046,6.88134520642181,17.794539699523114,-3.6741489336770017,False,True,False,True,23,38.333333333333336,False,0.43805280333389734,1.0907217569716154,False,1.6354591327615902,True,4.270583230229774,True,2,1,0.5236885494682392,False,1.2511535108594904,True,5,0,False,False,False,35.0,21.02845544679159,11.771146553546016,0.7526425981444284,9.0,False,3,3,4,5,-5.201544104354017,67.4800033569336,286097941.0133171,81.16531165311653,True,0.0,0,,,,0.0,0,,,,False,False,False,False,0,,none,0,0,False,-1,0.625,risk_on,7,False
SUI,120.0,-10.917396805050583,3.0911874844210985,-2.9487915894678807,-24.987400259557546,0.022794301851556627,False,1.057609791567381,2.8000005086263022,-5.187751416595166,0.0,False,True,False,True,20,33.33333333333333,False,0.45121115896378183,0.9185629945338893,True,-0.3594086042737415,True,-0.265957193846289,True,2,1,0.46102051968484703,False,1.5696100010597798,True,5,3,True,False,False,35.0,9.174415084806183,6.433334350585937,0.30838949953096056,11.0,False,1,3,2,5,-6.345121808313515,128.1300048828125,193009127.9113125,27.03252032520325,False,0.0,0,,,,0.0,0,,,,False,False,False,False,0,,none,0,0,False,-1,0.625,risk_on,7,False
SW,49.72999954223633,-2.9743764168960296,54.751204755490065,13.581864778691987,-8.456743891397679,0.08209817345216673,False,0.9915334479530208,6.666001351137709,-1.316760999124178,13.772593419939438,False,True,False,True,28,46.666666666666664,True,0.4849353640357421,2.142210117594978,True,2.4126798898675603,True,5.966331171644468,False,1,1,0.6467964429915661,True,0.8735812634003389,False,4,0,False,False,False,25.0,18.407392191882128,9.410819119756871,0.7638452134336289,12.0,False,4,3,4,5,-4.34699377431741,51.9900016784668,237613583.59901905,43.56368563685637,False,0.0,0,,,,0.0,0,,,,False,False,False,False,0,,none,0,0,False,-1,0.625,risk_on,7,False
SWK,103.20999908447266,-0.7596162649301408,71.77918963753518,42.03066733496685,19.992058664877185,0.05239345687340689,True,1.0318776155038984,4.137192792310374,17.62112668280109,18.075729047489197,False,True,False,True,30,50.0,True,0.5024052074536552,1.6689710379402911,True,3.8856452681383895,True,2.147662459701971,True,2,2,0.6773625899006533,True,1.8242567834828909,True,5,2,True,False,False,25.0,18.293849321790702,10.454414311830602,0.9232375402833991,2.0,True,7,5,5,6,-1.4042808716255295,104.68000030517578,207537652.31884384,68.90243902439023,False,0.0,0,,,,0.0,0,,,,False,True,False,False,1,,power_play,6,6,True,0,0.75,risk_on,7,True
SWKS,69.5999984741211,-16.566770556426334,33.723370353746596,-1.5244764695748092,-23.563085139664473,0.0891834011512547,False,0.8952634625481656,5.201153485553642,16.99095862295912,15.09839105194548,False,True,False,True,26,43.333333333333336,True,0.4694897481027274,2.2054199499295493,True,0.9382539772848434,True,4.129267336099285,True,2,2,0.6088788009281789,True,2.7455063211376722,True,3,2,True,False,False,25.0,21.65370981600596,15.56034779954993,0.9249346247528041,3.0,True,2,5,4,5,-1.6254438528323756,70.75,359566191.76935923,28.455284552845526,False,0.0,0,,,,0.0,0,,,,False,False,False,False,0,,none,0,0,False,-1,0.625,risk_on,7,False
SXT,131.64999389648438,-0.18953753720125643,59.77298709797909,10.715170230168813,-11.323438439920853,0.04442912398825299,False,0.8917382122977873,3.4333493976573903,35.34940524513783,12.866702048375966,False,True,False,True,25,41.66666666666667,True,0.46010553027956613,1.638517100628583,True,3.296501954869952,True,2.4513571178866655,True,2,1,0.5362189292710264,False,2.019579891365848,True,3,2,True,False,False,25.0,19.088489687994485,8.552983409239003,0.9675713683650009,2.0,True,6,4,4,5,-0.6190136005604474,132.47000122070312,64613146.73219605,40.243902439024396,False,0.0,0,,,,0.0,0,,,,False,False,False,False,0,,none,0,0,False,-1,0.625,risk_on,7,False
SYF,80.00499725341797,-8.437988226635563,26.49180022155091,12.050988341217339,-9.987620328872326,0.07345280512569245,False,0.8528043299167265,4.02724858781576,13.453056949860741,11.95550099758802,False,True,False,True,26,43.333333333333336,True,0.4702469684035036,1.2363428608699383,True,2.881521981216301,True,1.6969608688762294,True,2,1,0.5052175402804691,False,1.5931618564960592,True,4,0,False,False,False,35.0,15.829284458129326,6.344212561911827,0.9611536297911757,0.0,True,3,3,4,5,-0.6149102442012833,80.5,261807472.9220787,42.34417344173442,False,0.0,0,,,,0.0,0,,,,False,False,False,False,0,,none,0,0,False,-1,0.625,risk_on,7,False
SYK,345.82000732421875,-11.411228881185686,22.706208429562192,-7.813448130578859,-29.852056800668525,0.09809684719188665,False,1.0634412543834355,4.982355012385466,-4.966130886881748,8.417721416045465,False,True,False,True,25,41.66666666666667,True,0.4499364168439147,1.307292065185435,True,2.078497213194163,True,2.4864460274872657,True,2,1,0.7408444974167694,True,1.0490431599917307,False,6,0,False,False,False,55.0,17.675589249957138,9.296742009013549,0.8929457208005624,11.0,True,3,4,5,5,-1.8922474665794886,352.489990234375,728666824.8902466,22.628726287262875,False,0.0,0,,,,0.0,0,,,,False,False,False,False,0,,none,0,0,False,-1,0.625,risk_on,7,False
SYM,41.7400016784668,-52.18785770978693,8.218828127364407,-22.242918328668004,-44.28152699875767,0.11464211290360346,False,1.076835001260915,8.457121351327663,-23.70681342176607,2.8839092739550765,False,True,False,False,26,43.333333333333336,True,0.5106069020733817,2.6727537854497863,True,-0.24947608620863085,True,5.404048704052888,False,0,0,0.48980547477981407,False,0.649759347464277,False,5,2,True,False,False,25.0,18.90547767259508,21.84955050274217,0.2872809163970864,6.0,False,1,2,2,3,-13.474294721887304,48.2400016784668,69222932.61662026,12.872628726287264,False,0.0,0,,,,0.0,0,,,,False,False,False,False,0,,none,0,0,False,-3,0.375,risk_on,7,False
SYNA,110.88999938964844,-24.856004685276247,89.49076986026749,72.94135159025632,50.90274292016665,0.06459063664107612,False,0.7083977995665066,7.20534361722607,28.971848174167402,-5.705781608448957,False,True,False,True,24,40.0,True,0.4702642473823857,2.178212498905992,True,-2.0619727947532214,True,8.609207685497978,False,1,0,0.38857749165888605,False,0.6846910537800026,False,5,2,True,False,False,25.0,27.446791726789566,12.98584327273713,0.3319024379059961,23.0,False,4,2,2,4,-18.33713463996999,135.7899932861328,73619968.51461944,84.14634146341463,True,0.0,0,,,,0.0,0,,,,False,False,False,False,0,,none,0,0,False,-2,0.5,risk_on,7,False
SYRE,101.72000122070312,-3.4273241693680623,586.3697929509952,484.5977209814164,462.5591123113267,0.09085438743395027,True,0.9817693984873084,7.864726606365549,191.96326284501302,1.7301764115353002,False,True,False,True,30,50.0,True,0.4681843956906069,2.7670708991939112,True,1.4524835568388739,True,-1.6437797121840014,True,2,0,0.50886066457319,False,0.769054644466092,False,3,1,False,False,False,35.0,21.573887518708386,15.169091742043065,0.724817931201376,6.0,False,11,1,3,7,-5.9367469994269895,108.13999938964844,81023897.74867287,98.98373983739837,True,0.0,0,,,,0.0,0,,,,False,True,False,False,1,,power_play,7,7,True,1,0.875,risk_on,7,False
SYY,84.7699966430664,-5.68763270799213,24.062278499556268,6.065397576288567,-15.973211093801098,0.05340762368783841,False,1.0941572146410654,2.99634424455896,-4.376422340703224,3.719556051963524,False,True,False,True,28,46.666666666666664,True,0.42618070560240007,0.9151768390058187,False,1.5766521676348304,True,0.49792314942858074,True,2,0,0.5905722674121316,False,0.8840014798629932,False,3,1,False,False,False,65.0,17.523010198863332,7.089775125904815,0.8761825975388366,12.0,True,3,3,4,6,-2.1696536061237337,86.6500015258789,297398091.8498192,35.50135501355013,False,0.0,0,,,,0.0,0,,,,False,True,False,False,1,,power_play,6,6,True,0,0.75,risk_on,7,False
T,24.354999542236328,-14.297511614169755,20.513234571699712,-10.199088982767746,-32.23769765285741,0.05858228736321299,False,0.8885726862317582,4.72182155674423,-13.404780811055083,6.075786208140932,False,True,False,True,25,41.66666666666667,True,0.48835036855162206,1.442004592193477,True,2.9990102463926243,True,2.720373187133829,True,2,1,0.7614087544040123,True,1.1372789228144558,False,3,1,False,False,False,25.0,18.562396967767615,8.006572775982896,0.7946807686048716,12.0,False,2,3,4,5,-3.81121707827331,25.31999969482422,1592054231.4283195,20.663956639566393,False,0.0,0,,,,0.0,0,,,,False,False,False,False,0,,none,0,0,False,-1,0.625,risk_on,7,False
TAK,17.434999465942383,-7.260637375066126,31.783825164027668,20.74099704010921,-1.2976116299804552,0.08883778777076788,False,1.2072114838227288,1.6633152684931047,-1.6638470609725453,2.258065959586575,False,True,False,True,26,43.333333333333336,True,0.41118037395714424,0.6148707680687222,False,2.7584482044965855,True,2.4383019801236694,True,2,1,0.4986349674795676,False,1.4948186365951421,True,4,2,True,False,False,55.0,16.76948841229539,7.685690815221726,0.8678928133777233,10.0,True,3,5,4,6,-2.2153699352432166,17.829999923706055,68380264.68082543,50.47425474254743,False,0.0,0,,,,0.0,0,,,,False,True,False,False,1,,power_play,6,6,True,0,0.75,risk_on,7,False
TAL,11.8100004196167,-8.520522391918629,31.955314763145125,1.1130146493516069,-20.92559402073806,0.07928314440702636,False,1.4475108190201726,7.620656956415956,2.8745722172397015,14.216636802088424,False,True,False,True,21,35.0,False,0.3977267757505235,1.3191039487610199,False,2.726356749163975,True,-5.216690341414642,False,1,2,0.682545731185284,True,1.5441849175107774,True,3,2,True,True,True,25.0,20.42925048021065,8.044028581803977,0.7003892624422972,3.0,False,2,5,4,6,-6.120822804126968,12.579999923706055,60706191.370298386,30.35230352303523,False,0.0,0,,,,0.0,0,,,,False,True,False,False,1,,power_play,6,6,True,0,0.75,risk_on,7,False
TAP,42.310001373291016,-20.453439178218503,10.096281647941275,-14.670806399285807,-36.709415069375474,0.048120014247964284,False,1.0532008079406765,5.483336373249948,-20.453439178218503,5.669331682965506,True,True,False,True,25,41.66666666666667,True,0.4903649590200826,1.477626435412543,True,1.3074759853436313,True,-0.23578984786815083,True,2,0,0.5754587312401143,False,0.894312473435675,False,3,1,False,False,False,55.0,14.516851875219453,8.295906895784116,0.6609908766128318,5.0,False,2,2,5,5,-4.921345228559515,44.5,118334737.37353611,17.005420054200542,False,0.0,0,,,,0.0,0,,,,False,False,False,False,0,,none,0,0,False,-1,0.625,risk_on,7,False
TARS,69.16000366210938,-16.17985471880028,40.113457874644844,31.183615441477386,9.14500677138772,0.09814745591274902,False,0.9578606905380476,12.283114946155187,9.343879307682812,18.060774155602655,False,True,False,False,23,38.333333333333336,False,0.48661776039789345,2.6738834291181814,True,2.1796751312381017,True,5.8625466458108955,False,0,3,0.637894885955257,True,2.2695354785370707,True,2,1,False,False,False,35.0,25.668966359105603,20.27906417472151,0.8205268012708824,27.0,False,1,4,3,4,-4.60689150053879,72.5,51511618.91791229,60.84010840108402,False,0.0,0,,,,0.0,0,,,,False,False,False,False,0,,none,0,0,False,-2,0.5,risk_on,7,False
TCOM,45.11000061035156,-42.8698060620642,13.227912744928405,-27.07727099051641,-49.115879660606076,0.12333600052385539,False,0.8170618940653481,4.943470432418043,-17.16856157051776,4.85820578881635,False,True,False,True,28,46.666666666666664,True,0.4779450604710745,1.0271140767214502,True,0.4395375849598335,True,-2.443773847528763,True,2,1,0.622828560053235,True,0.8342372236405092,False,4,3,True,False,False,35.0,19.88205290168871,5.65284682455843,0.7489407545908716,8.0,False,1,4,3,4,-4.991573198682342,47.47999954223633,135724696.66264343,9.75609756097561,False,0.0,0,,,,0.0,0,,,,False,False,False,False,0,,none,0,0,False,-2,0.5,risk_on,7,False
TD,123.95999908447266,-0.6730800855323626,72.64542375561231,68.86704933408055,46.82844066399088,0.05219044854115256,True,1.0261705762449664,2.960637161540244,31.519607065414302,3.9758411468179045,False,True,False,True,33,55.00000000000001,True,0.41058962189608195,0.7543024265823628,False,2.3614842875573285,True,2.294106925479311,True,2,0,0.5057193607245146,False,0.9479541712703563,False,3,0,False,False,False,65.0,15.823595566508732,4.098097667452317,0.9539446757300174,21.0,True,8,3,6,6,-0.7287608249326172,124.87000274658203,268641678.6121006,82.52032520325203,True,0.0,0,,,,0.0,0,,,,True,True,False,False,2,power_play,sepa_vcp,6,6,True,0,0.75,risk_on,7,False
TDC,27.2549991607666,-28.049106673051348,33.47208158146662,27.300323937466043,5.261715267376378,0.02949029584565205,False,1.1385188776617456,5.320127710833762,-18.738824040553624,-1.5354087417755902,True,True,False,True,21,35.0,False,0.47539258001027107,2.255332601709823,True,-2.3349720234634086,True,1.1317194404186104,True,2,1,0.6176935334621552,True,0.8027933471886949,False,6,3,True,False,False,25.0,28.076592163509257,34.48907723583011,0.17201591689544016,24.0,False,0,3,3,4,-23.246971419203877,35.5099983215332,93381081.17747307,56.02981029810298,False,0.0,0,,,,0.0,0,,,,False,False,False,False,0,,none,0,0,False,-2,0.5,risk_on,7,False
TDG,1217.8900146484375,-16.00758519665948,7.503884736178978,-8.709193227924628,-30.747801898014295,0.07188686776529624,False,1.106526465482425,5.000443522096671,-6.0248275669786855,0.3344833082671972,False,True,False,True,28,46.666666666666664,True,0.4783653113101162,1.476958374145833,True,-1.1764821807207635,True,-3.5005929560821714,True,2,0,0.4058479550698021,False,0.6070258293015621,False,5,2,True,False,False,65.0,16.03574700464878,12.078264360218123,0.34111824838572813,34.0,False,1,2,2,4,-10.565661074866306,1361.77001953125,528570532.24868166,21.612466124661246,False,0.0,0,,,,0.0,0,,,,False,False,False,False,0,,none,0,0,False,-2,0.5,risk_on,7,False
TDW,90.44999694824219,-1.2662412994005612,91.2666424130763,60.88579684152302,38.84718817143335,0.11437597060717397,False,1.3861969543142088,13.466004108486029,33.841365045181405,16.80009568269285,False,True,False,False,24,40.0,True,0.5537066822044325,2.974143221631977,True,3.5176076971812478,True,10.88635195125718,False,0,2,0.6512669991052421,True,2.2258220732076235,True,3,0,False,True,False,25.0,24.583108364000026,23.946928428432397,0.8905908023218737,1.0,True,6,4,4,5,-2.6896181625396753,92.94999694824219,51237107.32888184,78.7940379403794,False,0.0,0,,,,0.0,0,,,,False,False,False,False,0,,none,0,0,False,-1,0.625,risk_on,7,False
TDY,678.0250244140625,-1.9202898326799667,39.951910893484666,25.08993741427963,3.051328744189963,0.054046159076314826,True,0.8374914260548963,3.6208085113354667,2.74352072565911,4.717527161719981,False,True,False,True,22,36.666666666666664,False,0.40247100422214127,1.1269877118820908,False,2.51430628275293,True,-1.381049983629734,True,2,1,0.5560799735653669,False,1.5155977100877485,True,3,3,True,False,False,65.0,14.06108589862759,9.831491573948565,0.7997455312424173,3.0,True,4,5,5,6,-2.815795286784406,697.6699829101562,282516530.53023684,54.132791327913274,False,0.0,0,,,,0.0,0,,,,False,True,False,False,1,,power_play,6,6,True,0,0.75,risk_on,7,False
TEAM,157.61000061035156,-13.572055229854541,175.78302082631077,-3.8904839740849018,-25.929092644174567,0.11114213710729166,False,1.3841210295075008,10.30391817160963,82.2502248986269,96.64378990618272,False,True,False,False,28,46.666666666666664,True,0.5397250683794063,3.40861364884422,True,6.261228478037347,False,43.06072726683463,False,0,2,0.7676176249867924,True,6.453603872197277,True,3,1,False,True,True,,,,,,False,4,2,3,3,,,610240796.9849014,25.880758807588077,False,0.0,0,,,,0.0,0,,,,False,False,False,False,0,,none,0,0,False,-3,0.375,risk_on,7,False
TECH,72.19999694824219,-0.12450403395392051,67.05227882700093,32.76747371576229,10.728865045672627,0.16059968774203737,False,0.24017631385038105,0.5955683148906978,21.65091460916162,0.5991365825392281,False,True,True,True,32,53.333333333333336,True,0.43272491986634615,0.20948356176994665,False,19.96052749734403,False,0.41723979971726166,True,3,1,0.4517239834900123,False,1.1539793298218008,False,1,2,True,False,False,45.0,28.208313774161063,0.6925208048948169,0.9906952762760182,3.0,True,6,4,5,5,-0.2624705663879623,72.38999938964844,253675539.155468,61.92411924119241,False,0.0,0,,,,0.0,0,,,,False,False,False,False,0,,none,0,0,False,-1,0.625,risk_on,7,False
TECK,64.66500091552734,-8.228616099729912,107.89450172742163,98.62086468259935,76.58225601250967,0.11055244836770504,True,0.9493891598441947,5.80684636241352,10.754549474489705,8.045117066273999,True,True,False,True,25,41.66666666666667,True,0.4953652568203417,1.4197065859513402,True,1.4005600432201823,True,-2.2005471424907053,True,2,1,0.407674304732462,False,2.0686611282962453,True,4,1,False,False,False,45.0,21.647677319624048,13.87148732545983,0.7439272437859301,41.0,False,6,3,5,5,-5.543380396868935,68.45999908447266,197669119.57920685,88.41463414634147,True,0.0,0,,,,0.0,0,,,,False,False,False,False,0,,none,0,0,False,-1,0.625,risk_on,7,False
TEL,215.53500366210938,-12.838876744527294,10.482098371939319,6.693074117130848,-15.345534552958817,0.048110801181572085,False,0.9494734616222191,4.727771484107031,-5.00254957617583,8.423467448823875,True,True,False,True,23,38.333333333333336,False,0.5063285863461259,1.753274122570512,True,1.174369112387607,True,0.21155004053425852,True,2,1,0.46091293324713495,False,1.590165202555339,True,3,1,False,False,False,55.0,14.345723825867317,9.914860581387924,0.7437696825362872,47.0,False,1,3,4,4,-3.6758093701487304,223.75999450683594,489482707.30682755,36.11111111111111,False,0.0,0,,,,0.0,0,,,,False,False,False,False,0,,none,0,0,False,-2,0.5,risk_on,7,False
TEM,54.97269821166992,-46.75767727683301,32.304931940015514,-21.050265144206303,-43.088873814295965,0.10651455536392904,False,0.866427680945474,17.834302042161127,8.256596166131501,19.479896146707908,False,True,False,False,29,48.333333333333336,True,0.4356393307875935,3.175465652181616,False,1.0822913649771504,True,19.19492516220529,False,0,1,0.6171827605100082,True,1.1962185834710135,False,4,2,True,False,False,25.0,35.23431300454219,26.79511834314394,0.6403380323936245,24.0,False,2,3,2,3,-12.672442342472545,62.95000076293945,240607169.52157593,13.346883468834688,False,0.0,0,,,,0.0,0,,,,False,False,False,False,0,,none,0,0,False,-3,0.375,risk_on,7,False
TENB,38.03889846801758,-10.811495645699875,137.15022628954122,24.026404869230333,1.9877961991406679,0.03928954673676562,False,0.9505839422831518,12.066595872767136,71.9660805823725,20.3001184643226,False,True,False,False,26,43.333333333333336,True,0.46255660438916035,3.1323526064113163,True,2.1390393440962887,True,5.166990306006869,False,0,2,0.6380106014561351,True,1.3163968880040968,True,4,0,False,False,False,25.0,37.02770516817688,19.84810165680389,0.6517563179603612,21.0,False,5,3,4,5,-12.89466438524408,43.66999816894531,117364493.6941307,53.387533875338754,False,0.0,0,,,,0.0,0,,,,False,False,False,False,0,,none,0,0,False,-1,0.625,risk_on,7,False
TER,407.4104919433594,-15.796442000044275,273.6993975124127,258.26106068406796,236.22245201397828,0.061472919453964936,True,0.9283017961684968,11.20243427223031,31.091786158797486,9.006151690530938,False,True,False,False,26,43.333333333333336,True,0.5038359737303071,3.5848074741550238,True,0.7922979825356222,True,5.851146155478282,False,0,1,0.46538311303435104,False,1.2166808980629833,True,5,2,True,False,False,25.0,27.58719735549004,14.871954940615476,0.9779853845817539,0.0,True,7,4,4,3,-0.6073215402483734,409.89990234375,1281594236.218576,96.7479674796748,True,0.0,0,,,,0.0,0,,,,False,False,False,False,0,,none,0,0,False,-2,0.5,risk_on,7,False
TEVA,36.959999084472656,0.0,125.09134538819482,125.09134538819482,103.05273671810517,0.14424815710038258,True,1.0002990762407962,6.815479084084558,7.535642226003003,17.894732487208742,False,True,False,True,28,46.666666666666664,True,0.46136457941990894,1.4919451118492946,True,2.912281309487706,True,6.176379277109967,False,1,3,0.6090583757525346,True,1.8803019838486303,True,2,3,True,True,True,25.0,20.83232921503694,9.764613769117094,0.9449222135236388,0.0,True,9,6,5,6,-1.1473985803110653,37.388999938964844,189890346.64612675,91.59891598915989,True,0.0,0,,,,0.0,0,,,,False,True,False,False,1,,power_play,6,6,True,0,0.75,risk_on,7,True
TEX,67.73999786376953,-8.938012163728292,63.43334160426044,30.395226546365926,8.35661787627626,0.02847676784657358,True,0.9189503657096731,4.648347490562844,4.073228084245373,-0.8843565968351563,False,True,False,True,33,55.00000000000001,True,0.46188506278905705,1.9253500997963295,True,0.5763493008508198,True,3.9235428136015216,True,2,0,0.44146530026867853,False,1.1417247508977884,False,4,2,True,False,False,25.0,15.468532668539565,10.346737146722978,0.6757715150405675,13.0,False,4,3,5,6,-5.015338911666067,71.31677587476216,90753337.22040024,59.959349593495936,False,0.0,0,,,,0.0,0,,,,False,True,False,False,1,,power_play,6,6,True,0,0.75,risk_on,7,False
TFC,53.28499984741211,-2.542328299260266,33.906823539336564,22.790253850836528,0.7516451807468627,0.11135036591740721,True,0.7579447659662962,2.9464196290139784,4.457702250212536,4.072263776179197,False,True,False,True,28,46.666666666666664,True,0.3925406706437363,0.7150450960407161,False,2.684947646214127,True,1.3215434356488087,True,2,0,0.539753144139868,False,0.8483908204126401,False,3,1,False,False,False,65.0,14.717815128320726,4.20380570551568,0.8828319013876799,19.0,True,5,3,5,6,-1.7244584143129793,54.220001220703125,375767589.81651723,52.574525745257446,False,0.0,0,,,,0.0,0,,,,False,True,False,False,1,,power_play,6,6,True,0,0.75,risk_on,7,False
TFX,136.21499633789062,-2.786896171407216,36.49902912294765,16.354605913487408,-5.684002756602258,0.025383763538637447,False,1.1638091993139004,5.564733718636951,28.955009914325757,1.6302302309139982,False,True,False,True,23,38.333333333333336,False,0.37379796397446646,1.2938746404786348,False,0.8604449820225747,True,-1.9259867978350553,True,2,0,0.43206433635197694,False,0.7412502224739099,False,3,2,True,True,True,35.0,16.648275441136853,10.989980268816373,0.6360810321363759,5.0,False,3,3,3,6,-6.058623215247849,145.0,72287195.15074463,46.81571815718157,False,0.0,0,,,,0.0,0,,,,False,True,False,False,1,,power_play,6,6,True,0,0.75,risk_on,7,False
TGT,155.83999633789062,0.0,91.36238333352851,57.58963905673626,35.551030386646595,0.16789197258820623,True,0.9817460672864791,7.746718158588512,41.421913955699075,16.77286577522681,False,True,False,True,29,48.333333333333336,True,0.44909109464057245,1.1958971952106925,True,5.0268644943003595,False,6.769204778700044,False,1,3,0.6441010632629425,True,2.3078303477344573,True,2,1,False,False,False,25.0,18.612319531930755,10.580456572745549,0.9785655262707723,0.0,True,8,4,6,5,-0.39894527404715774,156.46420288085938,485935638.7089752,76.6260162601626,False,0.0,0,,,,0.0,0,,,,True,False,False,False,1,,sepa_vcp,6,6,True,0,0.75,risk_on,7,True
TGTX,48.560001373291016,-17.778529894766415,80.25241429339,79.0560467204752,57.01743805038553,0.08870136456129704,False,0.8418145275483236,4.21128111843527,68.4941078677801,-12.504502030106279,False,True,False,True,27,45.0,True,0.5026748930553662,2.41985186554898,True,-1.3995198953838104,True,-1.9979775560300506,True,2,0,0.41129687200149434,False,0.6412526407756473,False,7,1,False,False,False,25.0,23.499153014971434,16.670093033519294,0.2292788126721884,24.0,False,5,1,2,3,-18.11129511289671,59.29999923706055,115556862.7789917,85.23035230352303,True,0.0,0,,,,0.0,0,,,,False,False,False,False,0,,none,0,0,False,-3,0.375,risk_on,7,False
THC,266.8399963378906,0.0,65.35911533250678,55.25688248024267,33.21827381015301,0.2054817243707204,True,1.1304938756096907,5.57082476489376,14.888488180876514,34.07697246985446,False,True,False,True,23,38.333333333333336,False,0.4577618043139967,1.8087789919969826,True,6.01306663328806,False,3.9744315411708975,True,2,0,0.486288538156536,False,0.9040796597502977,False,3,0,False,False,False,25.0,33.50585615866671,9.7905799220546,0.9589081491919615,0.0,True,6,1,5,4,-1.3768176424675316,270.565185546875,297729732.907637,75.88075880758808,False,0.0,0,,,,0.0,0,,,,False,False,False,False,0,,none,0,0,False,-1,0.625,risk_on,7,False
THG,223.4550018310547,-3.9440325233968565,34.770374448275,32.635672100216716,10.59706343012705,0.0827597814943461,True,1.0422378664083403,5.406010933775334,31.700210873625466,4.354829652829606,False,True,False,True,30,50.0,True,0.441049226319897,0.9469575432578079,True,2.1411502637904105,True,-3.458482956283826,True,2,1,0.403571172536748,False,1.657834949470301,True,4,2,True,False,False,45.0,18.202300884501845,7.531718553241055,0.7064241402053776,8.0,False,6,4,4,5,-5.343756132408051,236.07000732421875,65714186.290886685,61.58536585365854,False,0.0,0,,,,0.0,0,,,,False,False,False,False,0,,none,0,0,False,-1,0.625,risk_on,7,False
TIGO,95.0250015258789,-8.9013481449841,147.2222641257763,147.2222641257763,125.18365545568662,0.13317193740350675,True,1.1454702803639412,11.775842812235325,43.84195895778789,-2.418356740563987,False,True,False,False,26,43.333333333333336,True,0.418802933143027,1.7655688023803715,False,0.7420500808940156,True,-8.9013481449841,False,0,0,0.4004056104294757,False,0.6764599082797085,False,5,2,True,True,False,65.0,35.00087537471933,18.2583511660308,0.6771694392405303,5.0,False,7,2,3,4,-11.299352224292958,107.12999725341797,134231801.53901672,92.95392953929539,True,0.0,0,,,,0.0,0,,,,False,False,False,False,0,,none,0,0,False,-2,0.5,risk_on,7,False
TJX,152.9199981689453,-9.1977941668136,16.346578370290075,15.428320867849665,-6.61028780224,0.127269786881352,False,0.947492714479579,6.915378678306666,-0.4923668150644711,-0.3648668062174454,False,True,False,True,22,36.666666666666664,False,0.35946111952053256,0.6920455657306219,False,-1.449189616954065,True,-5.639886170147457,False,1,0,0.4617003594989386,False,1.0351174356565918,False,3,2,True,False,False,25.0,9.059120229323586,6.915378678306666,0.31482717368172025,11.0,False,1,2,2,5,-6.20706301148275,163.0399932861328,748260195.4038429,45.66395663956639,False,0.0,0,,,,0.0,0,,,,False,False,False,False,0,,none,0,0,False,-1,0.625,risk_on,7,False
TKO,196.41000366210938,-11.997866387216805,12.591811575225531,4.277559424454558,-17.761049245635107,0.06371413394962212,False,0.8646307542843553,6.109668436564971,-1.0102518654506842,9.463306960620542,False,True,False,True,29,48.333333333333336,True,0.34263206673888186,0.9856473948744152,False,0.6005403280609201,True,4.86945950285953,True,2,0,0.5603311372866498,False,1.0626078941005803,False,3,2,True,False,False,25.0,9.546973085796708,9.337608062693958,0.9506373218390246,0.0,True,3,3,3,5,-0.4712641598456746,197.33999633789062,189640995.1681877,33.53658536585366,False,0.0,0,,,,0.0,0,,,,False,False,False,False,0,,none,0,0,False,-1,0.625,risk_on,7,False
TKR,130.5,-10.198187845638017,86.35723804800584,64.85523347951133,42.81662480942166,0.05422769268297641,False,1.0718964922290157,4.191489968720067,22.35157654952722,-7.37454711807729,False,True,False,True,27,45.0,True,0.3660287301649359,1.3011678612293833,False,-1.3013788703198932,True,1.438014917438868,True,2,0,0.5692826891663489,False,1.1111743306093211,False,4,0,False,False,False,55.0,15.467645361419708,12.260536398467432,0.2990282291070269,31.0,False,3,1,2,5,-10.842382760538849,146.3699951171875,126306211.14776763,80.48780487804879,True,0.0,0,,,,0.0,0,,,,False,False,False,False,0,,none,0,0,False,-1,0.625,risk_on,7,False
TLN,361.82501220703125,-18.84420079422093,19.426019325079746,-4.845493173693294,-26.884101843782958,0.12924631456914382,False,0.933799623542463,12.130177065626475,-1.6271948536714431,-4.599619614514705,False,True,False,False,22,36.666666666666664,False,0.5468035864499872,2.873370082435138,True,-0.4944586555346019,True,6.950730045855291,False,0,0,0.4563720703330286,False,0.8261336279352162,False,5,1,False,False,False,25.0,24.566646205859264,12.746491691071451,0.48022571628713356,21.0,False,1,1,2,4,-12.769110934877903,414.7900085449219,249213030.44717103,25.0,False,0.0,0,,,,0.0,0,,,,False,False,False,False,0,,none,0,0,False,-2,0.5,risk_on,7,False
TM,187.9801025390625,-24.290101243656792,12.90096248592343,-3.3024133533874456,-25.341022023477112,0.11860763629574309,False,1.1388239655004475,2.0746844180883195,-22.206545682057577,6.3235855737127755,False,True,False,True,24,40.0,True,0.4592668966267978,0.6063397767759443,True,2.422399915203106,True,0.26139902476898236,True,2,0,0.4575307805479033,False,0.6699091537273393,False,3,2,True,False,False,35.0,15.190196105623697,3.2131105703949454,0.735465426404937,11.0,False,2,3,4,5,-4.018332049626549,195.85000610351562,76462522.82357788,26.6260162601626,False,0.0,0,,,,0.0,0,,,,False,False,False,False,0,,none,0,0,False,-1,0.625,risk_on,7,False
TMDX,88.81500244140625,-40.95532274794138,43.15764205473709,-32.73628676355451,-54.774895433644176,0.0768843396972708,False,1.1153941190825523,11.41698937219315,-30.894024674073727,24.86293528872374,True,True,False,False,28,46.666666666666664,True,0.41616597415297807,2.205195456292131,False,2.9333817057486367,True,10.728093074619395,False,0,2,0.8225206582679678,True,2.8325556871585222,True,4,0,False,False,False,25.0,24.149471452746475,24.376514024375577,0.9614319156756383,2.0,True,2,4,5,4,-0.9313988513782956,89.6500015258789,78749615.59927063,7.317073170731707,False,0.0,0,,,,0.0,0,,,,False,False,False,False,0,,none,0,0,False,-1,0.625,risk_on,7,False
TME,8.6850004196167,-66.1688390907351,6.433830662032314,-65.16447650528538,-87.20308517537504,0.40878921732428275,False,1.3116220938953496,19.74669049772573,-41.13600756095623,-0.8561621838531597,False,False,False,False,26,43.333333333333336,True,0.41656897050238473,1.2596983586516048,False,-0.6629381951910449,True,-9.43691051690937,False,0,2,0.6978286095966556,True,1.3202496202287821,True,6,1,False,True,False,25.0,17.40442268881481,19.74669049772573,0.27456676714243816,11.0,False,1,3,2,3,-12.625746617166422,9.9399995803833,75473259.31657791,1.0162601626016259,False,0.0,0,,,,0.0,0,,,,False,False,False,False,0,,none,0,0,False,-3,0.375,risk_on,7,False
TMO,601.375,-5.766991331226712,37.33125906282473,24.50078491160259,2.4621762415129247,0.10179656231544236,False,0.9566054414500805,5.317810096653503,18.19327194307776,5.076703994959519,False,True,False,True,26,43.333333333333336,True,0.42460041881828464,1.1041572944778797,False,5.090857449416357,False,3.681766102833528,True,2,1,0.7297516477880203,True,1.185057712093987,False,3,0,False,False,False,25.0,18.411205843440975,7.358137601330285,0.9518843397086693,0.0,True,3,2,4,5,-0.8858673259167671,606.75,1245915102.31474,53.72628726287263,False,0.0,0,,,,0.0,0,,,,False,False,False,False,0,,none,0,0,False,-1,0.625,risk_on,7,False
TMUS,181.5800018310547,-28.573555925638395,8.257322158413217,-26.247144020097913,-48.28575269018758,0.10274003707408357,False,0.9122098186562264,4.772493373334363,-14.550464657721529,6.548529387405555,False,True,False,True,25,41.66666666666667,True,0.4809929465937628,1.5581862279408776,True,0.022149212190155122,True,0.8945938764411965,True,2,1,0.6756012299960575,True,0.8065762444564788,False,4,0,False,False,False,35.0,16.695160839959275,6.655968091500969,0.4795180612144067,19.0,False,2,2,3,5,-8.68952968231932,198.86000061035156,884980387.8848114,10.365853658536585,False,0.0,0,,,,0.0,0,,,,False,False,False,False,0,,none,0,0,False,-1,0.625,risk_on,7,False
TNGX,25.639999389648438,-22.066874770567424,303.1446360281805,300.0,277.9613913299103,0.10427808291972436,False,0.7896738184336259,15.035107415569321,102.04885923939474,-8.754451809344143,False,True,False,False,24,40.0,True,0.4240247564254647,2.627056675210117,False,-1.5921642309371773,True,-11.58620900121229,False,0,0,0.4836876393951256,False,0.4417339529412795,False,7,4,True,False,False,25.0,21.26204113944314,18.993763475671336,0.04532157097527724,24.0,False,7,2,2,4,-20.2984120328626,32.16999816894531,57873079.444348715,97.49322493224932,True,0.0,0,,,,0.0,0,,,,False,False,False,False,0,,none,0,0,False,-2,0.5,risk_on,7,False
TNL,75.06999969482422,-4.308473403316948,32.446188215104854,26.07733346197878,4.038724791889116,0.016681574746090874,True,0.9270924607603104,6.021052738558322,5.702135275357367,2.205585859620385,False,True,False,True,27,45.0,True,0.4806810104717407,1.382100636121923,True,0.15341294687482593,True,-2.9225424579298,True,2,0,0.4904951703339745,False,1.1784656287701116,False,5,1,False,False,False,55.0,16.02545753878427,8.698546431121262,0.6530242155303044,6.0,False,4,2,4,5,-5.5604457010054675,79.48999786376953,64060658.117456056,54.67479674796748,False,0.0,0,,,,0.0,0,,,,False,False,False,False,0,,none,0,0,False,-1,0.625,risk_on,7,False
TOL,150.03500366210938,-9.356016821052627,21.071841129296942,13.347971926915548,-8.690636743174117,0.12047815273578465,False,0.9221672430457171,5.185455786583006,-7.39944149756705,2.3780283437597305,True,True,False,True,29,48.333333333333336,True,0.554858086697155,1.6126691387778467,True,-0.1368735754957185,True,-0.8557445009424236,True,2,0,0.49805427355278536,False,1.1792430873525015,False,4,3,True,False,False,65.0,25.915894965101476,6.87172813473093,0.6301900559719575,33.0,False,2,3,5,5,-9.583955666480804,165.93847338495888,114210854.42307587,43.42818428184282,False,0.0,0,,,,0.0,0,,,,False,False,False,False,0,,none,0,0,False,-1,0.625,risk_on,7,False
TOST,34.712501525878906,-23.032144788658147,55.452313678815976,-21.69524003592166,-43.73384870601133,0.07705211981408423,False,1.1917763431089887,8.224701236549793,32.79457665031629,22.22711969062805,False,True,False,False,28,46.666666666666664,True,0.4611839198806499,1.9327078806251237,True,3.8028273680246074,True,-0.02160050276653891,True,1,0,0.48125286215977037,False,1.1574381731653225,False,5,0,False,False,False,25.0,22.607263703848563,13.424557846797589,0.7995743503877811,6.0,False,3,2,3,3,-4.531075513798588,36.36000061035156,328055045.733741,13.211382113821138,False,0.0,0,,,,0.0,0,,,,False,False,False,False,0,,none,0,0,False,-3,0.375,risk_on,7,False
TPC,94.66000366210938,-4.489957542970091,69.48704160577306,64.32173365836714,42.28312498827747,0.024095210308353546,True,1.2820467141017011,9.116835959802941,16.007338210201883,7.985397795535021,False,True,False,False,25,41.66666666666667,True,0.5330052126805186,2.1078952246034093,True,2.6216062746380233,True,-1.1590195466895103,True,1,1,0.2872886502342854,False,2.3535293797572123,True,4,2,True,False,False,25.0,28.152494811937295,20.462710751336555,0.7347222715248244,5.0,False,6,3,3,5,-7.468229874619892,102.30000305175781,99057730.84263611,80.21680216802169,True,0.0,0,,,,0.0,0,,,,False,False,False,False,0,,none,0,0,False,-1,0.625,risk_on,7,False
TPG,51.439998626708984,-24.20163384261724,37.43550904348678,-17.17165692656042,-39.21026559665009,0.11953976676650803,False,1.087735222811715,6.220841462616077,8.332257483755612,22.388770213448783,True,False,False,True,29,48.333333333333336,True,0.43207341919835296,1.6962008255645429,False,4.242049404606763,False,6.0399925923624975,False,1,3,0.7143145303578974,True,2.972373352585174,True,2,0,False,True,True,25.0,20.466477041491377,17.64191486239169,0.9990501297467701,0.0,True,2,4,4,3,-0.01944049773012768,51.45000076293945,119871395.88652039,15.311653116531165,False,0.0,0,,,,0.0,0,,,,False,False,False,False,0,,none,0,0,False,-2,0.5,risk_on,7,False
TPL,342.5849914550781,-36.436608826061104,25.56578749857106,17.203230082004907,-4.835378588084758,0.14644505741950012,False,1.0798007069691624,9.88656958397267,-16.504149940832015,-19.49594612096507,False,False,False,False,22,36.666666666666664,False,0.6474233613177901,3.1257229281982304,True,-2.470632783328509,True,-3.6708532942404504,True,1,0,0.4640943240895138,False,0.587188000549174,False,5,1,False,False,False,25.0,23.370659270428177,22.28932840125336,0.0732377871327958,15.0,False,0,1,1,1,-21.659043901627463,437.29998779296875,132691134.97254638,47.357723577235774,False,0.0,0,,,,0.0,0,,,,False,False,False,False,0,,none,0,0,False,-5,0.125,risk_on,7,False
TPR,129.3300018310547,-21.513531503130558,36.89611491056368,15.384398616765615,-6.65421005332405,1.361070204855289,False,1.1617807153019324,28.62445198200848,-14.812621902351076,-7.043773958041788,False,False,False,False,28,46.666666666666664,True,0.45467043046695904,1.5450080157515562,True,-2.712838983676457,True,-20.166665536386,False,0,2,0.49223939901401453,False,1.441245583656738,True,2,1,False,False,False,25.0,22.463594409542743,28.62445198200848,0.041869337462795884,3.0,False,1,3,2,3,-21.523058594582224,164.8000030517578,355484320.5332718,45.52845528455284,False,0.0,0,,,,0.0,0,,,,False,False,False,False,0,,none,0,0,False,-3,0.375,risk_on,7,False
TREX,50.81999969482422,-22.80115709969438,68.66910424942473,-22.80115709969438,-44.839765769784044,0.05053859478770866,False,1.0333224516503294,6.532860517042359,19.15591530281182,19.915050528535396,True,True,False,True,30,50.0,True,0.3926726292239711,1.929386950171998,False,2.2074579905292713,True,4.93495637949235,True,2,0,0.597367901906538,False,0.8813947455043137,False,3,2,True,True,True,25.0,18.058555191451482,16.096025884094754,0.992383057096355,0.0,True,2,3,4,4,-0.13755098381560416,50.88999938964844,99234679.02875748,12.669376693766937,False,0.0,0,,,,0.0,0,,,,False,False,False,False,0,,none,0,0,False,-2,0.5,risk_on,7,False
TRGP,267.25,-5.980539800498008,86.60063417275316,63.72598912413097,41.6873804540413,0.07445639491715988,False,1.1050884074079224,5.530396078768125,23.63660338911695,-5.980539800498008,False,True,False,True,24,40.0,True,0.4035467253702627,1.136929920100577,False,-0.14246231050101618,True,-0.3653621691042108,True,2,0,0.5526146453652802,False,0.4303784193850685,False,6,1,False,False,False,65.0,13.376172220754807,5.912068494577292,0.4210314137411576,14.0,False,3,1,2,5,-7.744383520205211,289.6842600997971,301701201.95714873,80.01355013550136,True,0.0,0,,,,0.0,0,,,,False,False,False,False,0,,none,0,0,False,-1,0.625,risk_on,7,False
TRI,104.57499694824219,-39.433410242424486,36.6100493523636,-37.833325683550434,-59.8719343536401,0.04339873427887627,False,1.374905505228114,7.248388288078359,18.64971430104818,15.2976851894689,False,True,False,True,28,46.666666666666664,True,0.5134367466721736,3.060783484572407,True,2.150563264000021,True,4.418367803239476,True,2,3,0.611802005715905,True,1.8943714113025083,True,2,1,False,True,False,25.0,25.40983788444271,16.380585946271843,0.6918140280289594,6.0,False,2,4,3,5,-7.830955586043542,113.45999908447266,225450003.59805107,5.420054200542006,False,0.0,0,,,,0.0,0,,,,False,False,False,False,0,,none,0,0,False,-1,0.625,risk_on,7,False
TRMB,55.880001068115234,-33.846335668787276,14.344183117337582,-33.846335668787276,-55.88494433887694,0.16403248975493,False,1.2086735831336486,11.578384210867286,-15.346160794252196,10.983123657563665,False,True,False,False,25,41.66666666666667,True,0.45696461803286925,1.8836443342639446,True,1.0216086471088226,True,-4.56020188511852,True,1,0,0.4399866859021061,False,0.8926507386038043,False,7,2,True,False,False,25.0,20.080646391837828,11.578384210867286,0.5084338508554573,1.0,False,1,2,2,3,-9.87096601916898,62.0,143497844.43990403,6.842818428184281,False,0.0,0,,,,0.0,0,,,,False,False,False,False,0,,none,0,0,False,-3,0.375,risk_on,7,False
TROW,111.76000213623047,-8.152529704196066,31.222915903552995,6.963293497583245,-15.075315172506421,0.08373936204768401,False,1.0390054824606059,3.8922677084585584,23.21322364266887,-2.775115177643772,False,True,False,True,27,45.0,True,0.40521601250617245,0.9497912010234496,False,-0.3986516779119318,True,-1.6370362307595698,True,2,0,0.42055724732306754,False,0.6556989568592029,False,5,2,True,False,False,55.0,17.676348651136813,5.9681442747423015,0.525159803215217,12.0,False,2,2,2,5,-8.393440871942238,122.0,207403055.15742645,36.38211382113821,False,0.0,0,,,,0.0,0,,,,False,False,False,False,0,,none,0,0,False,-1,0.625,risk_on,7,False
TRP,63.25,-10.398068733077315,29.484489451540053,26.338096541777634,4.299487871687969,0.08377297555918824,False,1.1575453577610868,3.367590621526062,5.00053353260328,-9.61703777378683,False,True,False,True,26,43.333333333333336,True,0.523376745297204,1.2734367419207901,True,-2.5265614684290174,True,-1.0172167611227079,True,2,0,0.23874434217297677,False,0.37951728712730376,False,5,1,False,False,False,25.0,11.974614239419864,10.418972573261486,0.09893992774093134,19.0,False,2,1,2,5,-10.789846771846134,70.9000015258789,158096141.16339606,54.94579945799458,False,0.0,0,,,,0.0,0,,,,False,False,False,False,0,,none,0,0,False,-1,0.625,risk_on,7,False
TRU,80.38999938964844,-13.79412273152666,24.77106783932541,-12.804901915757327,-34.84351058584699,0.06590542875737786,False,1.1173359723672134,4.2542582347446745,13.922404505225394,8.885273460516775,True,True,False,True,26,43.333333333333336,True,0.3899911557527756,1.636848910315974,False,1.7020899779535223,True,1.5025283930047761,True,2,0,0.5361063985976949,False,0.5671665068665445,False,6,0,False,True,True,35.0,22.869695072084944,6.7981047137491775,0.6916077426402181,12.0,False,2,2,5,4,-7.052836888410152,86.48999786376953,168536920.1942196,18.97018970189702,False,0.0,0,,,,0.0,0,,,,False,False,False,False,0,,none,0,0,False,-1,0.625,risk_on,7,False
TRV,371.9700012207031,-6.356678898948653,43.88814543421504,40.322245669294965,18.2836369992053,0.06464022346621226,True,0.978575403731667,4.621341071858858,26.041482470525,-1.1690607523361152,False,True,False,True,32,53.333333333333336,True,0.4744929595591795,1.3292321826140476,True,3.544097778658143,True,-3.634714709662401,True,2,1,0.4508965760604302,False,2.4197248072754536,True,3,2,True,False,False,25.0,18.38725741511299,4.715436322112105,0.6353838238097894,12.0,False,4,4,5,5,-6.704291489323588,398.70001220703125,793164092.3533081,67.75067750677508,False,0.0,0,,,,0.0,0,,,,False,False,False,False,0,,none,0,0,False,-1,0.625,risk_on,7,False
TS,52.529998779296875,-17.947514005397778,58.995006994641216,48.91690886998366,26.878300199893992,0.10454003808865513,False,1.0054286541588988,3.89301738276178,13.775302761465479,-8.420505194665273,False,False,False,True,24,40.0,True,0.5671440242270199,1.3147710123998113,True,-3.3143883580964433,True,-1.6292185800039882,True,2,0,0.4955971271044063,False,0.5194428473126752,False,5,2,True,False,False,25.0,11.119609099174092,11.717119240482356,0.03284951679544545,15.0,False,2,2,2,4,-10.75433531331198,58.86000061035156,74559937.89750251,72.8319783197832,False,0.0,0,,,,0.0,0,,,,False,False,False,False,0,,none,0,0,False,-2,0.5,risk_on,7,False
TSCO,36.47999954223633,-40.77900368039135,25.188745045737093,-37.19901966771937,-59.237628337809035,0.12803288654088874,False,1.0635631791989582,9.662822794447733,-32.256184758236095,20.316622392524806,True,False,False,False,30,50.0,True,0.43517825087886725,1.535108513104086,False,4.450420646211993,False,7.010851800970164,False,0,3,0.7841575028563919,True,3.315959554522513,True,1,2,True,False,False,25.0,21.56702827261171,18.9555896243161,0.949088764263159,0.0,True,2,5,5,3,-1.0980040605300445,36.8849983215332,407633492.35486317,5.691056910569105,False,0.0,0,,,,0.0,0,,,,False,False,False,False,0,,none,0,0,False,-1,0.625,risk_on,7,False
TSEM,265.75,-16.127506744254603,466.99382559451124,466.1482909562497,444.10968228616,0.22993595980013412,True,1.0887107812510823,16.09783585298095,98.94445003534835,2.0466885406043023,False,True,False,False,23,38.333333333333336,False,0.5735496491590217,5.206928877279433,True,0.8340768652729535,True,18.268804454507116,False,0,1,0.5008339664083629,False,1.5273691860465117,True,4,1,False,True,False,25.0,32.45620170648951,25.907810387023755,0.9072303982968081,22.0,False,7,2,3,5,-3.0109489051094895,274.0,479337024.26710206,98.78048780487805,True,0.0,0,,,,0.0,0,,,,False,False,False,False,0,,none,0,0,False,-1,0.625,risk_on,7,False
TSLA,332.510009765625,-32.12419236315493,11.460847949178298,-2.0242781007560273,-24.062886770845694,0.1942161330411398,False,0.6253157234156244,4.496108919418398,-20.274773077331144,4.01013707851825,False,True,True,True,21,35.0,False,0.4497570344597809,1.7482923029226594,True,-3.8514410898631577,True,4.062219834105019,True,3,1,0.6035993980598556,True,0.8194547501573538,False,4,2,True,False,False,25.0,28.023041376963516,10.294430236989164,0.3034203252133239,24.0,False,1,3,3,5,-19.520281048898813,413.1600036621094,12367419156.397873,27.981029810298104,False,0.0,0,,,,0.0,0,,,,False,False,False,False,0,,none,0,0,False,-1,0.625,risk_on,7,False
TSM,434.7598876953125,-8.964155824769538,93.36123633166373,82.0609966828612,60.022388012771536,0.17123700018385168,True,0.8180545488386118,5.276476301209051,18.71935340832225,4.615212893489917,False,True,False,True,25,41.66666666666667,True,0.4665213098662321,1.507735869837834,True,0.6311868230875659,True,3.95979794474115,True,2,0,0.49877735024652414,False,0.7266829757067124,False,6,1,False,False,False,25.0,15.22540187504785,8.703653995883256,0.9267983897806692,24.0,True,6,3,6,6,-1.1145239334899193,439.6600036621094,5369195285.00018,85.90785907859079,True,0.0,0,,,,0.0,0,,,,True,True,False,False,2,power_play,sepa_vcp,6,6,True,0,0.75,risk_on,7,False
TSN,56.43000030517578,-17.228198438095387,14.104897649287862,1.2207773208532835,-20.817831349236382,0.06241499562711284,False,1.242318624881939,5.52897202731115,-9.389437190192751,-0.5638761142277016,False,True,False,True,18,30.0,False,0.40890557597302973,1.0987590761881039,False,-0.7187595515306182,True,-3.6043740644901456,True,2,0,0.35232437564612096,False,0.6606114247676339,False,3,3,True,True,False,25.0,13.485642019069735,10.827575008521045,0.22352959127987132,12.0,False,0,2,2,4,-10.471201970400424,63.029998779296875,184245240.8027111,30.555555555555557,False,0.0,0,,,,0.0,0,,,,False,False,False,False,0,,none,0,0,False,-2,0.5,risk_on,7,False
TT,477.5899963378906,-5.138441098848623,27.46815122554871,10.589965779984922,-11.448642890104743,0.07820677690100976,False,1.0345287020085459,4.074622920139716,4.208563501513751,-0.44193265826234507,False,True,False,True,27,45.0,True,0.48321512559646385,1.5943281165426588,True,0.23736341245583226,True,-0.22354224627760821,True,2,0,0.4524693336523102,False,1.000815887826047,False,4,1,False,False,False,25.0,10.915311633056698,9.045411759188006,0.7008721494880419,1.0,False,3,1,2,6,-3.2650737064644164,493.7099914550781,572454163.4214356,40.040650406504064,False,0.0,0,,,,0.0,0,,,,False,True,False,False,1,,power_play,6,6,True,0,0.75,risk_on,7,False
TTAN,92.32350158691406,-22.819345036712868,66.98046673568861,-9.919500915951673,-31.95810958604134,0.08776204146054681,False,1.0886621777597336,9.954131162101461,50.90470926183301,33.666573034359445,False,True,False,False,30,50.0,True,0.5556281303410502,3.475817508462283,True,3.2075869282351177,True,7.867163847561143,False,0,3,0.6247353658686963,True,1.943925747377274,True,1,1,False,False,False,25.0,28.07074124839787,15.965604899948152,0.9627147241765848,0.0,True,3,5,5,4,-1.046625330014228,93.30000305175781,108928225.3913517,20.934959349593495,False,0.0,0,,,,0.0,0,,,,False,False,False,False,0,,none,0,0,False,-1,0.625,risk_on,7,False
TTD,13.925000190734863,-74.84645947035796,3.9955178020506965,-74.38373797942309,-96.42234664951275,0.1574245142247751,False,1.169598985895903,12.495509854828512,-46.729148753349904,-17.06373179612478,False,False,False,False,24,40.0,True,0.44609116502511564,2.5500597799523046,True,-3.5153183719491112,True,-21.194113578886565,False,0,0,0.5618621181660858,False,1.1012729355853528,False,6,0,False,False,False,25.0,37.521304996148146,48.25852223560981,0.1421155454732465,23.0,False,1,1,1,1,-32.188944269752504,20.53499984741211,460518093.73882926,0.27100271002710025,False,0.0,0,,,,0.0,0,,,,False,False,False,False,0,,none,0,0,False,-5,0.125,risk_on,7,False
TTE,86.18000030517578,-7.927348600328044,54.10642222361681,46.471143332379185,24.43253466228952,0.15438630729308014,True,0.9960134413676879,3.9568387677350443,14.433434811868606,-0.057987996997788116,False,True,False,True,22,36.666666666666664,False,0.4393142853313295,0.6743771625624246,False,1.6290915726271473,True,-0.10431939421879921,True,2,1,0.4921028758125634,False,1.7724707697088775,True,3,0,False,False,False,45.0,17.588714415040922,4.861919733776802,0.7142858508663618,43.0,False,4,3,4,6,-5.025344573447976,90.73999786376953,133235231.87787399,71.81571815718158,False,0.0,0,,,,0.0,0,,,,False,True,False,False,1,,power_play,6,6,True,0,0.75,risk_on,7,False
TTEK,35.59000015258789,-16.117283433916352,35.943467294581176,-3.381475665239053,-25.420084335328717,0.07723572014946745,False,1.2358483638665343,3.9196416178217857,0.06996538306343059,16.42132976080337,False,True,False,True,31,51.66666666666667,True,0.4921741976282152,1.8196494984212914,True,3.913962441908402,True,2.4762471111054563,True,2,2,0.7010689269771748,True,2.10257073329371,True,4,0,False,False,False,35.0,21.155193838812174,11.534142826595268,0.9900595411290847,0.0,True,2,4,4,5,-0.21029233426095306,35.665000915527344,91630229.05254593,26.558265582655828,False,0.0,0,,,,0.0,0,,,,False,False,False,False,0,,none,0,0,False,-1,0.625,risk_on,7,False
TTMI,139.8249969482422,-36.86503988009583,249.03892200429866,210.99866502562276,188.96005635553308,0.1263643487029294,False,0.9336917906065381,12.572860514749106,51.440478907488576,-3.4691121460377228,False,True,False,False,26,43.333333333333336,True,0.4718681937648222,4.112781130457581,True,-1.4407749097143565,True,2.541065064814596,True,1,0,0.3778815373273452,False,0.8874666587746379,False,6,2,True,False,False,25.0,33.96138185303266,28.557125819181188,0.7966084862328376,16.0,False,6,2,2,4,-6.907456864712957,150.1999969482422,381818831.63928604,95.6639566395664,True,0.0,0,,,,0.0,0,,,,False,False,False,False,0,,none,0,0,False,-2,0.5,risk_on,7,False
TTWO,241.9600067138672,-7.7509631204929486,27.55548716311853,4.0419716434272335,-17.996637026662434,0.07341138815565591,False,1.084592947896818,10.559591289474216,18.671836499182206,5.085779245979238,True,False,False,False,25,41.66666666666667,True,0.5005105092762792,1.6803637373199116,True,0.5541527135264147,True,4.082249513198222,True,1,0,0.3804255483430822,False,0.7318479694959074,False,6,4,True,False,False,25.0,11.074740359170805,11.745742015354518,0.4841664550373067,3.0,False,3,2,3,6,-5.712722579012485,256.6199951171875,505272032.0629326,33.33333333333333,False,0.0,0,,,,0.0,0,,,,False,True,False,False,1,,power_play,6,6,True,0,0.75,risk_on,7,False
TU,9.595000267028809,-39.38826352220123,0.787813084651412,-38.1588916123628,-60.19750028245247,0.0712115233427815,False,1.3485007901044852,5.627930659977396,-27.77064934995941,-5.093960505807749,False,True,False,True,17,28.333333333333332,False,0.5239497093127571,1.5919497175642312,True,-2.816484283986861,True,-2.1916426441528247,True,2,0,0.5772250977096401,False,0.8245719105256503,False,5,2,True,False,False,25.0,17.414725980869843,8.858784344077336,0.203608427332495,11.0,False,0,2,2,4,-13.868941011478586,11.140000343322754,95045149.21888714,5.284552845528456,False,0.0,0,,,,0.0,0,,,,False,False,False,False,0,,none,0,0,False,-2,0.5,risk_on,7,False
TVTX,61.40999984741211,-2.1510492514750457,256.41324131713554,252.72831927416894,230.68971060407927,0.09407949322012342,True,1.1564465995446462,5.7156787660879935,103.2097989501756,9.153931175834696,False,True,False,True,29,48.333333333333336,True,0.4194351019435014,1.822552081382589,False,1.955819054007874,True,-1.6653337114841515,True,2,1,0.3889773227583378,False,1.7735544715558584,True,5,1,False,True,True,25.0,19.987920124935947,20.876078369448926,0.6351964655844526,6.0,False,11,2,3,6,-7.29166390719228,66.23999786376953,96043415.19599266,96.61246612466124,True,0.0,0,,,,0.0,0,,,,False,True,False,False,1,,power_play,6,6,True,0,0.75,risk_on,7,False
TW,104.625,-19.568058190335734,14.344262295081966,-19.568058190335734,-41.6066668604254,0.08476534605824898,False,1.0832910749951874,2.3464772578778375,-9.584985475216879,4.787419220648714,False,True,False,True,26,43.333333333333336,True,0.35899196984919585,1.0301131771825436,False,1.2369598279843848,True,1.2630665011908127,True,2,3,0.6268867874324472,True,1.636443451260033,True,2,2,True,False,False,35.0,15.93949659534183,8.014338959360066,0.76175382338974,11.0,False,2,6,4,6,-3.7975241209324495,108.75499725341797,159124364.29144135,13.956639566395665,False,0.0,0,,,,0.0,0,,,,False,True,False,False,1,,power_play,6,6,True,0,0.75,risk_on,7,False
TWLO,250.88999938964844,-1.9769476924889284,150.66441059971356,146.6719119535908,124.63330328350114,0.082232358487445,True,1.1521481415096622,12.488737147728541,127.23484382579468,35.572248297588786,False,False,False,False,25,41.66666666666667,True,0.4096899044322483,1.971477725863116,False,3.2983132164272932,True,29.86025018254077,False,0,1,0.5783984346586,False,2.1984264156073685,True,5,1,False,True,True,25.0,30.465291101952335,28.400092030769127,0.9051811995912533,2.0,True,11,3,3,5,-2.888682356390382,258.3529968261719,500887470.15515745,92.81842818428184,True,0.0,0,,,,0.0,0,,,,False,False,False,False,0,,none,0,0,False,-1,0.625,risk_on,7,False
TWST,124.44999694824219,-0.60698198369743,415.10760651586924,334.38044888402135,312.3418402139317,0.0704225708422008,True,1.2407750541558147,13.716352039705956,161.1204308574913,34.62785986740502,False,True,False,False,30,50.0,True,0.5961680576106472,5.202704518523592,True,3.6423435778381417,True,14.090571011350782,False,0,2,0.632794566682026,True,1.339715932696586,True,4,1,False,True,False,25.0,36.20676389630208,36.753721667174474,0.9588980179922919,0.0,True,12,4,5,6,-1.4881697582231457,126.33000183105469,154823306.61561966,97.8319783197832,True,0.0,0,,,,0.0,0,,,,False,True,False,False,1,,power_play,6,6,True,0,0.75,risk_on,7,True
TXG,59.07500076293945,0.0,420.9435623284185,335.3353138649771,313.2967051948874,0.16200054902925948,True,1.2277537591145338,27.592042364028725,237.37864072382084,22.91926565730382,False,False,False,False,33,55.00000000000001,True,0.41658758390991113,3.3238443696820816,False,4.847558509659483,False,29.550444604654302,False,0,1,0.5771609096841683,False,1.794083179105605,True,4,0,False,True,False,25.0,31.718570498580128,27.592042364028725,0.9161040070769074,2.0,True,12,2,3,3,-2.661060966079487,60.689998626708984,147746191.94682923,97.89972899728997,True,0.0,0,,,,0.0,0,,,,False,False,False,False,0,,none,0,0,False,-3,0.375,risk_on,7,False
TXN,277.67498779296875,-16.005567224456875,84.14257830662812,47.377500104473036,25.33889143438337,0.08306074097740791,False,0.7646759062592127,4.901408463087769,25.7913966649745,-2.0678871262356457,True,True,False,True,23,38.333333333333336,False,0.4648901291630154,1.6296123824833537,True,-1.3622483674344041,True,-0.26041886473072706,True,2,0,0.4013436894446099,False,0.9107505077347325,False,4,1,False,False,False,25.0,14.966450053476347,8.960117395003811,0.27759926513255023,24.0,False,1,1,4,4,-10.811774516988294,311.3359261148877,2136057800.0400696,72.35772357723577,False,0.0,0,,,,0.0,0,,,,False,False,False,False,0,,none,0,0,False,-2,0.5,risk_on,7,False
TXRH,214.38499450683594,0.0,38.12267316288622,24.436655825128216,2.398047155038551,0.045692957792795016,True,0.9374245651232876,5.462139148686453,18.872486290046986,12.325785298781167,False,True,False,True,26,43.333333333333336,True,0.41246223597252457,0.9955376514386919,False,4.555052097925178,False,2.9855389309494607,True,2,2,0.4112560876132795,False,1.362527451493625,True,2,1,False,False,False,35.0,16.05532463198644,5.462139148686453,0.9479974766513317,0.0,True,6,3,5,5,-0.8349173940453203,216.19000244140625,181760084.8079788,53.59078590785907,False,0.0,0,,,,0.0,0,,,,False,False,False,False,0,,none,0,0,False,-1,0.625,risk_on,7,False
TXT,88.1500015258789,-12.485777230874762,11.839080615535202,8.457092789694753,-13.581515880394912,0.027259091798360977,False,1.106500847682711,3.539424495263414,-10.69561364163889,-5.408306452933376,False,True,False,True,24,40.0,True,0.40485733184172645,1.1996907937771286,False,-0.7909586860402782,True,0.2958267584890706,True,2,0,0.4051839108129055,False,0.6476584180136217,False,5,2,True,False,False,25.0,12.792845239707,6.10322990390252,0.2634537817906837,13.0,False,1,2,2,4,-9.42252178144325,97.31999969482422,159423946.98928222,38.41463414634146,False,0.0,0,,,,0.0,0,,,,False,False,False,False,0,,none,0,0,False,-2,0.5,risk_on,7,False
TYL,321.239990234375,-45.95103837302561,16.699968414798725,-45.95103837302561,-67.98964704311527,0.19887827221907553,False,1.0453871780519808,5.472539878811277,-9.570994520512166,1.0315759427111049,False,True,False,True,31,51.66666666666667,True,0.4338173454769716,1.7494707903896316,False,1.0145150469931838,True,4.867301379452771,True,2,2,0.6437181971776468,True,2.3984474525687487,True,3,3,True,False,False,35.0,22.348116790008035,9.81197546129766,0.6485688153531888,10.0,False,2,5,4,6,-7.853825158137817,348.6199951171875,259413204.0696228,3.2520325203252036,False,0.0,0,,,,0.0,0,,,,False,True,False,False,1,,power_play,6,6,True,0,0.75,risk_on,7,False
U,44.915000915527344,-9.207600955686901,162.20083546996102,18.384297683943785,-3.6543109861458802,0.1736768801629157,False,1.309715458241426,7.5028379852283775,128.5750727097814,55.20041495047583,False,True,False,True,32,53.333333333333336,True,0.4215131166333395,2.6004338436323953,False,5.670332845854674,False,10.05880765523064,False,1,2,0.6900686506027224,True,2.174136338773661,True,3,1,False,True,True,25.0,38.34722762840744,32.70599831937598,0.9870074761665444,0.0,True,6,3,4,5,-0.498227268909035,45.13990020751953,419828335.0560554,48.44173441734417,False,0.0,0,,,,0.0,0,,,,False,False,False,False,0,,none,0,0,False,-1,0.625,risk_on,7,False
UAA,5.375,-33.96806175310404,28.89688013571905,6.225297643924965,-15.813311026164701,0.15509536717192235,False,1.052503472378944,20.65116527468659,-23.54196529751551,-20.252222811154653,False,False,False,False,25,41.66666666666667,True,0.4933272770109974,2.403665645124465,True,-2.947507861545346,True,-16.01562625146469,False,0,0,0.3427043550958661,False,0.6896603941965126,False,6,2,True,False,False,25.0,30.666669209798176,32.93023220328398,0.07608703314017974,19.0,False,1,2,2,2,-28.333333333333332,7.5,55058030.72602463,35.636856368563684,False,0.0,0,,,,0.0,0,,,,False,False,False,False,0,,none,0,0,False,-4,0.25,risk_on,7,False
UAL,127.25499725341797,-6.505769831184727,49.34279852211259,29.232249086905515,7.19364041681585,0.1008564792112297,True,0.9099600016059972,5.257162850810216,11.685970270940583,10.320761973800785,False,True,False,True,27,45.0,True,0.41408749073214274,1.3742698796232644,False,1.1907598922666605,True,-1.444391213054863,True,2,1,0.3789535382724837,False,1.4815416337534282,True,3,1,False,False,False,25.0,17.544502642587453,11.292283546689191,0.6583157696583861,6.0,False,4,3,5,5,-5.994679882158904,135.3699951171875,434643510.6360382,58.13008130081301,False,0.0,0,,,,0.0,0,,,,False,False,False,False,0,,none,0,0,False,-1,0.625,risk_on,7,False
UBER,75.37999725341797,-24.695306291232367,14.316036491506079,-17.009803221598506,-39.048411891688176,0.09736480147412693,False,1.0422912195120857,10.293175031656727,5.8410502125989305,9.38904839278969,True,True,False,False,21,35.0,False,0.5067436335537676,1.7794092313163372,True,1.224191686364239,True,6.967498151926166,False,0,1,0.687726513969346,True,1.0872657394230447,False,7,0,False,False,False,25.0,17.190994978772842,16.256299083612316,0.7342217722406572,2.0,False,1,2,3,3,-4.568992178878006,78.98899841308594,1469475890.75829,15.379403794037941,False,0.0,0,,,,0.0,0,,,,False,False,False,False,0,,none,0,0,False,-3,0.375,risk_on,7,False
UBS,53.720001220703125,-2.4514227012933376,51.34803303860196,38.98062672450495,16.942018054415286,0.15266632468720032,True,0.9243426259636947,1.4426684815119268,30.39711537651324,4.209509244924514,False,True,False,True,29,48.333333333333336,True,0.40877913035121066,0.62412696858001,False,2.654789445415463,True,1.665407012819875,True,2,0,0.46356381266366703,False,0.762968645979809,False,3,2,True,False,False,65.0,20.04533091443029,3.723008106018473,0.8706467421347536,21.0,True,7,4,6,6,-2.592928858768495,55.150001525878906,89488600.09094238,66.66666666666666,False,0.0,0,,,,0.0,0,,,,True,True,False,False,2,power_play,sepa_vcp,6,6,True,0,0.75,risk_on,7,True
UCO,40.082401275634766,-22.859118587604645,120.47525084047139,80.71416016293469,58.675551492845024,0.29336796948358773,True,1.1161138904780217,13.27265714007542,77.27731178071615,-9.356851720599224,False,True,False,False,25,41.66666666666667,True,0.4738727245792977,1.785693853617873,True,0.46130246085906695,True,7.835359833627065,False,0,1,0.5832345945668733,False,1.411247188853596,True,3,1,False,False,False,35.0,30.83168604597627,17.56382025895941,0.6094235788487107,15.0,False,6,2,4,3,-12.042129593897554,45.56999969482422,117253379.66041946,85.63685636856368,True,0.0,0,,,,0.0,0,,,,False,False,False,False,0,,none,0,0,False,-2,0.5,risk_on,7,False
UCTT,90.55000305175781,-36.4962442125431,318.24482516043975,290.3017244568619,268.26311578677223,0.04972394582926673,False,0.8741259358482755,11.695191585843956,78.3182458221627,-1.3186563386040961,True,True,False,False,27,45.0,True,0.4634161223265246,4.979236378482264,True,-0.8818088285955257,True,8.91268188177541,False,0,0,0.5135063928610453,False,0.5699284652383034,False,5,1,False,False,False,,,,,,False,7,1,3,4,,,116968157.29244499,97.289972899729,True,0.0,0,,,,0.0,0,,,,False,False,False,False,0,,none,0,0,False,-2,0.5,risk_on,7,False
UDR,37.959999084472656,-7.623285166048099,16.298407337176446,5.328746606262991,-16.709862063826677,0.07729257953657975,False,1.0014471337457673,4.135931856400964,-2.0468891993328464,-3.8500518626844227,False,True,False,True,26,43.333333333333336,True,0.5371862004388246,1.1534350847700345,True,-1.2028656750980518,True,-0.47194627177847837,True,2,0,0.5521235758702561,False,1.0940414816839974,False,4,3,True,False,False,55.0,13.309519614262832,4.820858958097218,0.30163819633524963,25.0,False,2,2,2,5,-9.294860123727966,41.84988759871014,128274402.7120018,34.959349593495936,False,0.0,0,,,,0.0,0,,,,False,False,False,False,0,,none,0,0,False,-1,0.625,risk_on,7,False
UEC,11.345000267028809,-43.66931176343572,25.49779109405328,11.007827501036482,-11.030781169053183,0.12074147444519368,False,0.8052927497131754,7.492290537357007,-25.410912303909726,15.412007681395545,False,True,False,True,27,45.0,True,0.4282992582169906,2.2995988677841606,False,1.1260723743111578,True,5.4368032128542465,False,1,1,0.49380315095558147,False,1.70087279982014,True,3,0,False,False,False,45.0,28.203062393508926,22.56500137229906,0.6957144056047712,40.0,False,2,2,2,3,-8.581785604174586,12.40999984741211,78585524.60036564,40.853658536585364,False,0.0,0,,,,0.0,0,,,,False,False,False,False,0,,none,0,0,False,-3,0.375,risk_on,7,False
UFPT,325.30999755859375,-2.8461351342508268,75.57750415688353,58.25549787033146,36.216889200241795,0.11233977596695625,True,1.2484748149056462,6.3662420854207005,22.568853121581057,32.449817495290986,True,True,False,True,30,50.0,True,0.49665422944767784,2.408520730323959,True,4.588002388693555,False,4.309488777962134,True,2,2,0.5045765571938381,False,1.515059004012273,True,2,1,False,True,True,25.0,32.544063803372765,26.439394778005283,0.8784360481188278,7.0,False,6,2,5,5,-3.9561850062109993,338.7099914550781,55086597.13945313,77.03252032520325,False,0.0,0,,,,0.0,0,,,,False,False,False,False,0,,none,0,0,False,-1,0.625,risk_on,7,False
UGL,51.39500045776367,-39.97313850843649,49.534483721164605,45.30676282105552,23.268154150965856,0.412395279843003,False,0.9181630240345633,5.603652549404579,-25.911779698904535,16.199414401271483,True,False,False,True,26,43.333333333333336,True,0.3656448843944626,0.8711159939409855,False,2.5533366237706008,True,5.903568412387883,False,1,1,0.5528099631217973,False,1.866853009971493,True,3,1,False,True,True,25.0,19.87155408133347,18.406457827054343,0.8531370625744491,1.0,True,3,3,3,3,-2.9183948035953255,52.939998626708984,90908111.74686432,71.07046070460704,False,0.0,0,,,,0.0,0,,,,False,False,False,False,0,,none,0,0,False,-3,0.375,risk_on,7,False
UHS,171.58999633789062,-29.50489972366963,21.54848662145632,-3.4649303156078393,-25.503538985697503,0.044689117133554584,False,1.2961815629174847,5.8744694015876116,-26.514150701732188,13.43292886329943,False,True,False,True,23,38.333333333333336,False,0.4475644541177708,1.9225157415817369,True,2.4612016972781605,True,1.1018118688060685,True,2,1,0.5571553083471013,False,1.6592090046034553,True,4,2,True,False,False,25.0,19.116056427787694,8.78255864972119,0.8680533953419194,8.0,True,1,5,4,4,-2.5222987400988606,176.02999877929688,153859642.23638,26.490514905149055,False,0.0,0,,,,0.0,0,,,,False,False,False,False,0,,none,0,0,False,-2,0.5,risk_on,7,False
UL,62.53900146484375,-13.988317806777195,14.824539168997998,-7.177555687893012,-29.216164357982677,0.0832555424670455,False,1.1619064944495205,3.3099401350134046,-12.66525134526917,4.741805139076161,False,True,False,True,25,41.66666666666667,True,0.43794535461746403,0.6025314188449785,False,1.4619674996892618,True,-0.9345884750685318,True,2,0,0.5210889612870669,False,1.0097265463713752,False,5,2,True,True,True,55.0,18.82875626827614,4.3500769080509265,0.6547277443394258,12.0,False,1,3,4,4,-6.501047148030881,66.88738168421814,289876749.86221313,23.102981029810298,False,0.0,0,,,,0.0,0,,,,False,False,False,False,0,,none,0,0,False,-2,0.5,risk_on,7,False
ULS,77.08999633789062,-26.39677345501252,23.91337245678937,16.456995805660735,-5.58161286442893,0.054634406689201206,False,1.1342526592428332,5.020100273743758,7.11353472417231,-9.98365613345774,False,True,False,True,22,36.666666666666664,False,0.4327014233793105,1.8302753162683987,False,-3.5854117561969345,True,0.2992398200789115,True,2,0,0.33695741525199285,False,0.6165355145348611,False,4,2,True,False,False,25.0,19.517150040954714,23.58282678532195,0.09578541821349437,10.0,False,0,2,2,4,-17.647691661946354,93.61000061035156,86231324.74862365,46.883468834688344,False,0.0,0,,,,0.0,0,,,,False,False,False,False,0,,none,0,0,False,-2,0.5,risk_on,7,False
ULTA,522.5700073242188,-26.067456791087185,15.933445884463392,4.889507694936923,-17.14910097515274,0.3007702494527175,False,1.0646926430550856,9.48389629407973,-24.94506178467235,7.066468960174532,False,True,False,False,27,45.0,True,0.41654276016262204,1.3277512785812577,False,2.3059876394327703,True,-3.0104440254272613,True,1,1,0.5029501354326594,False,1.2510107097409726,True,4,2,True,False,False,25.0,21.479361365012927,11.81276759162544,0.6372300975118631,4.0,False,2,4,3,5,-7.792065827893191,566.72998046875,273246264.86047363,34.28184281842818,False,0.0,0,,,,0.0,0,,,,False,False,False,False,0,,none,0,0,False,-1,0.625,risk_on,7,False
UMAC,27.63990020751953,-17.29532698417916,256.18427051905195,163.73951731701558,141.7009086469259,0.3002872651199099,True,0.9408803934587294,18.252598737391374,133.0514418856506,28.438195258253394,True,False,False,False,25,41.66666666666667,True,0.48295985104089467,5.3314877265521865,True,2.0852126120093324,True,14.073052949667876,False,0,1,0.5588545001685412,False,1.972868456796573,True,3,1,False,False,False,,,,,,False,9,2,3,3,,,80963097.1436739,93.83468834688347,True,0.0,0,,,,0.0,0,,,,False,False,False,False,0,,none,0,0,False,-3,0.375,risk_on,7,False
UMBF,151.00999450683594,0.0,46.79689712793804,31.260363110321432,9.221754440231766,0.07682430986518296,True,0.9198527304992622,4.933446274580812,17.899088886029734,8.54657835463042,False,True,False,True,29,48.333333333333336,True,0.4632482014145668,1.0219181616776734,True,2.9331224397130615,True,4.051532712874462,True,2,1,0.5113801686738457,False,1.6780607952532767,True,3,1,False,False,False,65.0,18.48166630579092,4.933446274580812,0.9914141227761102,0.0,True,6,3,4,5,-0.15868131779441796,151.25,85799355.6764473,60.97560975609756,False,0.0,0,,,,0.0,0,,,,False,False,False,False,0,,none,0,0,False,-1,0.625,risk_on,7,False
UMC,19.395000457763672,-29.538652148334776,199.94261350572188,188.54127420855437,166.5026655384647,0.06028028300542902,False,0.8117528997740263,7.682391007738948,91.80002452066809,-7.067562636111068,False,True,False,True,27,45.0,True,0.5253765985354735,2.522403841769642,True,-1.9076871293307398,True,1.01562337018557,True,2,1,0.42711688384352753,False,1.3834339526301929,True,4,2,True,False,False,25.0,35.891467423889026,17.324055328942155,0.30831534122390836,21.0,False,6,3,3,5,-24.82557739806589,25.799999237060547,285595297.01285267,94.78319783197831,True,0.0,0,,,,0.0,0,,,,False,False,False,False,0,,none,0,0,False,-1,0.625,risk_on,7,False
UNG,10.010000228881836,-40.76922807793314,3.9460032183289195,-19.27418921914221,-41.312797889231874,0.29009121518627934,False,0.8322205151814263,6.19380490891696,-19.469026684466538,-5.655037202737412,True,True,False,True,30,50.0,True,0.39479806198572254,0.8338532920355831,False,-3.2806421545090574,True,3.9460032183289195,True,2,0,0.516904211759367,False,0.44662119813597173,False,5,0,False,False,False,25.0,11.737518853136972,7.492507321188928,0.3622048958805008,14.0,False,1,1,4,4,-7.4861320590410845,10.819999694824219,84173257.489779,14.29539295392954,False,0.0,0,,,,0.0,0,,,,False,False,False,False,0,,none,0,0,False,-2,0.5,risk_on,7,False
UNH,404.3450012207031,-7.334709392720839,56.997302877965005,52.74425046522195,30.705641795132287,0.09004636788121857,False,0.9341695888941874,3.1087332071054044,44.11360343151427,-4.536546522014861,False,True,False,True,22,36.666666666666664,False,0.5308705401293591,1.634770847031592,True,-0.9619116161589943,True,0.09282867511617443,True,2,0,0.3336456613427051,False,0.5467459194919735,False,5,4,True,False,False,55.0,19.285999668354055,6.185314444378111,0.3566633628920116,20.0,False,3,2,3,5,-12.407390169904675,461.6199951171875,1918090633.5960877,74.45799457994579,False,0.0,0,,,,0.0,0,,,,False,False,False,False,0,,none,0,0,False,-1,0.625,risk_on,7,False
UNM,93.95999908447266,0.0,40.31872812277611,38.68075463437475,16.642145964285085,0.05931520355320717,True,1.233916175597604,6.045125969051258,32.600460351083925,6.3726461466758755,False,True,False,True,32,53.333333333333336,True,0.4990513588456475,1.332585670253397,True,1.9967917714475316,True,4.620868097865571,True,2,2,0.7096394651018257,True,1.7300358445706818,True,6,1,False,False,False,65.0,16.503305777375253,12.611756299467542,0.9621886278195626,0.0,True,8,4,5,7,-0.6240126369558952,94.55000305175781,132628146.9693222,66.53116531165311,False,0.0,0,,,,0.0,0,,,,False,True,False,False,1,,power_play,7,7,True,1,0.875,risk_on,7,True
UNP,297.0450134277344,-3.343418473124138,40.47947987684195,36.118801402530146,14.08019273244048,0.04208694227737166,True,0.9298682022909616,2.433978238819032,14.661227930510389,-2.3937743455988314,False,True,False,True,25,41.66666666666667,True,0.4660566226705151,1.0656080245875217,True,2.5707240965532527,True,0.5636835660499218,True,2,0,0.5746593261310133,False,0.6870664214424919,False,4,1,False,False,False,35.0,17.082813423524005,3.447285687852896,0.6490369829309549,15.0,False,6,2,5,6,-5.99543573914757,315.989990234375,901219823.2323761,64.83739837398373,False,0.0,0,,,,0.0,0,,,,False,True,False,False,1,,power_play,6,6,True,0,0.75,risk_on,7,False
UPS,104.9749984741211,-10.826539767602894,33.343014773257096,27.233185919471815,5.194577249382149,0.07619694618084373,False,1.0123769219120735,3.1531294181535476,-8.331367396178702,-7.99737083438229,False,True,False,True,29,48.333333333333336,True,0.523550839559776,1.4460025071598668,True,-1.3543183052250343,True,1.7199627697364495,True,2,0,0.5682812931852856,False,0.5989033701592148,False,6,0,False,False,False,65.0,20.73973816783457,6.649198217668754,0.45256510458732924,19.0,False,2,1,2,5,-11.353656394794697,118.41999816894531,612527244.3061253,55.894308943089435,False,0.0,0,,,,0.0,0,,,,False,False,False,False,0,,none,0,0,False,-1,0.625,risk_on,7,False
UPST,29.6299991607666,-59.8291780062022,22.336911646521518,-55.66362659143594,-77.7022352615256,0.14753603773606289,False,0.8575253296441216,8.285521408170494,-1.8549233633145312,7.39397969154183,False,True,False,False,23,38.333333333333336,False,0.4869536495258672,2.701283330152352,True,-0.7461584978408714,True,-0.2692693576953564,True,1,0,0.5321026366745042,False,0.7407673684445899,False,6,3,True,False,False,25.0,25.36753988305187,28.653385434486374,0.42500001083720906,24.0,False,1,2,2,4,-14.58633515784149,34.689998626708984,124292675.65578766,1.6260162601626018,False,0.0,0,,,,0.0,0,,,,False,False,False,False,0,,none,0,0,False,-2,0.5,risk_on,7,False
URBN,77.83999633789062,-5.876663590922737,30.669794756862846,-2.0757347719479013,-24.114343442037566,0.08416687609952249,False,0.92902266568062,6.076562114683213,14.034564755126745,11.823007693402033,False,True,False,True,23,38.333333333333336,False,0.4629187873125923,1.6405906820946115,True,1.6430473271200026,True,0.2188723740865095,True,2,0,0.5545218781306367,False,0.972693271312301,False,6,1,False,False,False,35.0,18.385096958705358,8.196296959886084,0.8202700598907348,6.0,False,2,2,4,5,-3.304352375291153,80.5,66907486.88124657,27.84552845528455,False,0.0,0,,,,0.0,0,,,,False,False,False,False,0,,none,0,0,False,-1,0.625,risk_on,7,False
URI,1116.27001953125,-3.839193654816331,57.71333290101288,29.652396418442862,7.613787748353197,0.11598719693039554,True,0.9163298096655627,5.7046019069630365,28.11490727326742,8.032022758297641,False,True,False,True,28,46.666666666666664,True,0.5503098611041979,1.9602728359376393,True,0.8718217539813365,True,-3.8243166040253684,True,2,0,0.4353843637882052,False,0.8277267571295815,False,6,2,True,False,False,55.0,21.073118835992386,11.345060572379172,0.7545826285321025,4.0,False,5,3,4,5,-5.1717094333598945,1177.1487315241613,553091284.2410278,58.67208672086721,False,0.0,0,,,,0.0,0,,,,False,False,False,False,0,,none,0,0,False,-1,0.625,risk_on,7,False
USAR,18.780000686645508,-51.44777523661872,57.81513687951663,10.53561471242761,-11.502993957662056,0.23154903162560309,False,0.834543396363612,9.680504896899075,-1.5723230516778486,24.042273849274487,False,False,False,False,23,38.333333333333336,False,0.4998088960826815,3.6739529626955667,True,-0.26186204938831736,True,7.869045670537678,False,0,0,0.5823508812678378,False,1.1150147588378312,False,4,2,True,False,False,25.0,34.59125589473304,29.701809716285453,0.8555134458607769,3.0,False,1,2,2,3,-4.997971367578069,19.76799964904785,188596522.89198858,39.97289972899729,False,0.0,0,,,,0.0,0,,,,False,False,False,False,0,,none,0,0,False,-3,0.375,risk_on,7,False
USB,65.45999908447266,0.0,48.7339631606656,46.040017984425255,24.00140931433559,0.07852535409355953,True,0.8332659939609436,3.651083750496651,15.341379293656843,3.3633304781834017,True,True,False,True,31,51.66666666666667,True,0.5338797430036001,0.9120193366207316,True,4.2143803096893455,False,2.5857979559177346,True,2,2,0.660953848761299,True,0.8586028808167063,False,2,1,False,False,False,55.0,19.58893934691897,4.521844066409067,0.9968824192591442,0.0,True,7,3,6,6,-0.061070100041749065,65.5,469422665.92639315,71.54471544715447,False,0.0,0,,,,0.0,0,,,,True,True,False,False,2,power_play,sepa_vcp,6,6,True,0,0.75,risk_on,7,False
USFD,110.43499755859375,-0.4552054008464812,57.651667019909624,40.413217312216254,18.37460864212659,0.10610892784147709,True,1.0484689516479344,6.2299066469102184,8.290835382763607,15.541949615983963,True,True,False,True,30,50.0,True,0.42511740600151476,1.2217573393911643,False,3.935206379489969,True,3.2392224907444422,True,2,2,0.6817189338998503,True,2.058105106132913,True,4,2,True,False,False,25.0,16.410874468862797,12.939739422682075,0.9461306631628885,1.0,True,7,5,6,6,-0.8840429245547177,111.41999816894531,240721618.3309021,67.88617886178862,False,0.0,0,,,,0.0,0,,,,True,True,False,False,2,power_play,sepa_vcp,6,6,True,0,0.75,risk_on,7,True
USO,123.70999908447266,-19.12265059200129,86.95783966717991,70.72867878490257,48.690070114812904,0.16800364334768064,True,1.1094856837434868,8.358254316072045,61.96648799818685,-11.312643047723391,True,True,False,False,24,40.0,True,0.43542025638458426,1.1734008970288266,False,0.5535932410199428,True,4.071671764161544,True,1,1,0.5788328967222023,False,1.5160501382377334,True,3,2,True,False,False,25.0,24.478327491796243,13.83881274261225,0.4655568132521955,15.0,False,5,3,5,3,-13.082275350971972,142.3300018310547,819553944.1837158,83.33333333333334,True,0.0,0,,,,0.0,0,,,,False,False,False,False,0,,none,0,0,False,-1,0.625,risk_on,7,False
UTHR,505.6449890136719,-15.268285284018646,65.91579367730596,63.2587456479295,41.220136977839836,0.054404064693790485,False,1.0714930541012362,7.111713307552217,6.198933868518486,-4.510611100737449,True,True,False,True,18,30.0,False,0.43166544307048904,1.1440019395924685,False,-2.1972836638731676,True,-5.12159216847966,False,1,1,0.5017792783741132,False,1.831609391200044,True,4,3,True,False,False,25.0,11.323104455069291,9.93385529279874,0.23687578217445718,24.0,False,1,3,3,4,-8.640935230631674,553.469970703125,263116377.00030366,79.8780487804878,False,0.0,0,,,,0.0,0,,,,False,False,False,False,0,,none,0,0,False,-2,0.5,risk_on,7,False
UTZ,14.149999618530273,-0.14114649016221392,109.96449565310726,13.184332551632028,-8.854276118457637,0.01716220266958193,False,0.13240357265411198,0.35335824793510967,29.35962697319563,0.6401080812771909,False,True,True,True,22,36.666666666666664,False,0.4184368464137873,0.5171329075834052,False,96.89787071840442,False,-0.07062308608473122,True,3,1,0.3891494838111107,False,0.2543400141125566,False,2,1,False,False,False,,,,,,False,4,1,3,5,,,97005734.74326038,43.292682926829265,False,93.48,7,14.19,14.1,0.63,0.0,0,,,,False,False,True,False,1,,qm_breakout,7,7,True,1,0.875,risk_on,7,False
UUUU,14.499500274658203,-47.69299915648675,71.1865385778138,52.46582466552707,30.427215995437408,0.16835457715161867,False,0.9179664350092512,10.62105543419723,-31.927226319191316,20.728559519837297,True,True,False,False,21,35.0,False,0.523296676494818,3.4582834657998065,True,0.8435030827540705,True,12.399230259125883,False,0,1,0.4954096322347256,False,1.6608619656454482,True,5,1,False,False,False,35.0,30.674451832087517,27.380255814522503,0.805391182848381,34.0,False,2,2,3,3,-5.969518787816863,15.420000076293945,84584726.32971926,74.32249322493224,False,0.0,0,,,,0.0,0,,,,False,False,False,False,0,,none,0,0,False,-3,0.375,risk_on,7,False
V,362.42999267578125,-1.9884788798858688,23.123995725740333,6.649706078332418,-15.388902591757248,0.07914688005891637,False,1.001287159682799,3.134093239292547,12.238902283846587,3.271699276469775,True,True,False,True,27,45.0,True,0.43711920938392657,0.9075696753399966,False,2.019820646976094,True,-1.9884788798858688,True,2,2,0.5293665367890621,False,1.4617074206289604,True,2,3,True,False,False,55.0,17.373049636628913,3.7262095663758807,0.8327428508819931,11.0,True,4,6,7,7,-2.905766753708172,373.27653822285373,2267736888.2603316,36.043360433604335,False,0.0,0,,,,0.0,0,,,,True,True,False,False,2,power_play,sepa_vcp,7,7,True,1,0.875,risk_on,7,False
VAC,121.40499877929688,-2.6813637039704408,176.54913076555107,65.41830535593978,43.379696685850114,0.054441168688815815,True,1.4054068584543413,15.164116978562408,132.78206883638194,29.402045591772087,False,True,False,False,32,53.333333333333336,True,0.5076474427278266,2.4633876943320594,True,3.396477984597872,True,-2.6813637039704408,True,1,0,0.4597554457095138,False,0.9285619242579325,False,3,1,False,True,False,25.0,29.541644970466447,28.38433296071916,0.743943331682264,4.0,False,9,1,3,5,-7.564335187763039,131.33999633789062,55279021.800863646,80.89430894308943,True,0.0,0,,,,0.0,0,,,,False,False,False,False,0,,none,0,0,False,-1,0.625,risk_on,7,False
VAL,85.4800033569336,-24.63409915630007,93.17514882922846,80.71882607972265,58.68021740963298,0.3590746181109603,False,1.1002447689194252,13.27795745015077,-3.8361976106751405,7.997475311462909,False,False,False,False,18,30.0,False,0.5280844606236763,2.243562690709209,True,1.4382483308602623,True,10.711053452303542,False,0,2,0.5414581331357735,False,1.518662883601545,True,2,2,True,True,True,45.0,21.58217939507624,15.07954946588439,0.7122523355568605,43.0,False,3,4,3,5,-6.210221714526032,91.13999938964844,72336981.5790062,85.70460704607046,True,0.0,0,,,,0.0,0,,,,False,False,False,False,0,,none,0,0,False,-1,0.625,risk_on,7,False
VALE,13.824999809265137,-22.418630493688628,49.91417705318395,44.41137912691091,22.372770456821243,0.14876420091258175,False,0.9632336791443623,8.354428563515366,-18.86737637045902,-6.77680458267842,False,True,False,False,22,36.666666666666664,False,0.5301053016772311,1.1153413533001306,True,-2.796078093349996,True,-6.080166042988299,False,0,0,0.36155669907101595,False,0.6954423368091748,False,4,2,True,False,False,25.0,8.806068941846751,9.584085551864948,0.0,15.0,False,1,2,2,4,-8.806068941846757,15.15999984741211,314516974.7859794,70.18970189701898,False,0.0,0,,,,0.0,0,,,,False,False,False,False,0,,none,0,0,False,-2,0.5,risk_on,7,False
VCTR,116.79000091552734,0.0,96.21496678371963,67.35930787045466,45.32069920036499,0.0771614264386415,True,1.1677281915135427,9.076118153118204,56.639660097471676,21.038453208817142,True,True,False,False,31,51.66666666666667,True,0.4228863265841568,1.4755540042950641,False,6.333468097461706,False,9.364172595063614,False,0,2,0.6508165562505054,True,2.070541669049934,True,5,1,False,True,True,25.0,22.46358538520221,16.741160886938175,0.9772469316788803,0.0,True,8,3,6,4,-0.5111154930068085,117.38999938964844,60658393.966183856,81.70731707317073,True,0.0,0,,,,0.0,0,,,,True,False,False,False,1,,sepa_vcp,6,6,True,0,0.75,risk_on,7,False
VCYT,44.470001220703125,-26.48371633863992,55.43516348130786,54.570735186424926,32.53212651633526,0.05770150712891755,False,1.1469713955039846,7.9154494291421935,23.562098212710005,-23.168624049662245,False,True,False,True,24,40.0,True,0.46917497261680297,2.487443298525143,True,-2.628169253053382,True,-3.6403038995214576,True,2,0,0.4043200705351186,False,0.7702303574079914,False,3,3,True,False,False,25.0,29.151594263728924,15.920840616170953,0.07783424160997872,19.0,False,2,2,2,3,-26.88260203248978,60.81999969482422,65473021.603881836,75.60975609756098,False,0.0,0,,,,0.0,0,,,,False,False,False,False,0,,none,0,0,False,-3,0.375,risk_on,7,False
VEEV,244.85499572753906,-20.03951578882538,61.69517768635513,-11.100823353044609,-33.139432023134276,0.23410092382305306,False,1.1062807119507232,8.870556696695676,38.304905678460656,36.34869875872582,True,True,False,False,30,50.0,True,0.5745930647653217,2.1005285919301118,True,6.465509350499357,False,12.421943203256935,False,0,3,0.7809972153668883,True,3.2703423957074365,True,0,2,True,False,False,25.0,26.845691999756387,18.79479899347017,0.9973395704620643,0.0,True,3,5,5,3,-0.07142107196247416,245.02999877929688,334398731.35301816,20.121951219512198,False,0.0,0,,,,0.0,0,,,,False,False,False,False,0,,none,0,0,False,-1,0.625,risk_on,7,False
VERA,29.610000610351562,-46.811565323763446,39.21015502161751,34.77469975319065,12.736091083100987,0.0705909181305933,False,0.7462111188657828,12.137797014306981,-29.9005695223582,-18.541948133967555,False,True,False,False,21,35.0,False,0.5335832790542939,2.9906172606519803,True,-4.013892159584485,True,-7.5265453246668335,False,0,0,0.4015097990163075,False,0.8210177570651441,False,4,3,True,False,False,25.0,31.6971499467541,12.137797014306981,0.008035107478897255,22.0,False,1,2,2,2,-31.442459940157207,43.189998626708984,59520318.14111233,63.68563685636857,False,0.0,0,,,,0.0,0,,,,False,False,False,False,0,,none,0,0,False,-4,0.25,risk_on,7,False
VFC,14.744999885559082,-31.213775598547365,27.771178546495022,27.771178546495022,5.732569876405357,0.05682763287542208,False,1.1041482880070512,4.035268034227238,-28.73704061816207,-10.798552492066849,False,True,False,True,22,36.666666666666664,False,0.4037203344040555,1.7473374136050182,False,-2.1485915175439785,True,-0.033899080955379635,True,2,0,0.40506987422171264,False,0.5880515071722014,False,4,1,False,True,False,25.0,21.796278455766277,7.7314367729445985,0.11683419463531906,12.0,False,0,1,2,4,-19.249727816339668,18.260000228881836,134692925.80966854,56.70731707317073,False,0.0,0,,,,0.0,0,,,,False,False,False,False,0,,none,0,0,False,-2,0.5,risk_on,7,False
VG,13.244999885559082,-24.33969327708798,124.34969205684929,-2.238298735004085,-24.276907405093752,0.1753746875053946,False,1.1614596449298107,10.268023166689815,43.119629943893486,-12.63192599688534,False,True,False,False,26,43.333333333333336,True,0.5247822610986818,3.0329989907724566,True,0.7644652137025129,True,-2.4668633286380026,True,1,1,0.481643680207711,False,1.8937155848520684,True,3,2,True,False,False,25.0,22.00647029452611,14.722535493497482,0.35147053791164373,15.0,False,2,3,2,2,-14.271844342572415,15.449999809265137,213391242.55000234,27.371273712737125,False,0.0,0,,,,0.0,0,,,,False,False,False,False,0,,none,0,0,False,-4,0.25,risk_on,7,False
VIAV,43.17499923706055,-21.9681948160934,309.2416915307485,291.4324594949953,269.39385082490566,0.14265251779424123,False,0.9268271378359427,15.703538422241184,62.92452542286999,3.2894737442504596,False,True,False,False,19,31.666666666666664,False,0.5194159040000345,3.96198367852193,True,-0.14023542955525872,True,6.368561406146833,False,0,0,0.49866981657398,False,0.8879552764421766,False,6,0,False,False,False,25.0,28.532424796000495,19.84944955706659,0.9381976499763026,0.0,True,6,2,3,4,-1.7633709042672474,43.95000076293945,198946009.88710403,97.35772357723577,True,0.0,0,,,,0.0,0,,,,False,False,False,False,0,,none,0,0,False,-2,0.5,risk_on,7,False
VICI,26.344999313354492,-16.960983821469178,1.600458940588112,-14.998250100972276,-37.036858771061944,0.0758803705102099,False,0.9521497820794507,3.3023376804279816,-6.319151968042469,0.09498335417985615,False,True,False,True,27,45.0,True,0.42139149154155087,0.7352422718831184,False,-0.7074318721759003,True,-0.7347460265487937,True,2,0,0.5854921262981035,False,0.7757022520637465,False,4,2,True,False,False,35.0,6.636524809363434,3.3782551535156866,0.2888278167447623,12.0,False,1,2,3,4,-4.7197118379025405,27.649999618530273,240472571.1886053,16.666666666666664,False,0.0,0,,,,0.0,0,,,,False,False,False,False,0,,none,0,0,False,-2,0.5,risk_on,7,False
VICR,229.6300048828125,-39.53604570517197,393.9341720634361,364.0865137575424,342.0479050874527,0.16426008644330845,False,0.682485540953437,11.21804379178674,39.77114508908733,-0.7563315598019482,False,True,False,False,27,45.0,True,0.4929328277705745,4.278844519114079,True,-2.151002454664993,True,4.988114301947388,True,1,0,0.3460939043377037,False,0.6953005840593105,False,5,2,True,False,False,25.0,35.9426518922211,15.507555569022646,0.5076785428982266,21.0,False,6,2,3,4,-17.69533875168011,279.0,184895410.1376953,98.23848238482384,True,0.0,0,,,,0.0,0,,,,False,False,False,False,0,,none,0,0,False,-2,0.5,risk_on,7,False
VIK,105.0,-3.011271080641764,83.95234168138057,75.02916663142783,52.99055796133816,0.11098798942114578,True,0.9897426900615173,5.3333318801153276,39.72055604528744,5.305386585196681,False,True,False,True,26,43.333333333333336,True,0.3299955663231606,0.9185126338676287,False,1.7223902961100797,True,-1.1206351012778892,True,2,0,0.3346091935167387,False,1.147983708066828,False,5,3,True,False,False,45.0,20.555906990823658,8.380948021298364,0.7750774655033664,6.0,False,8,3,4,6,-4.623486699253121,110.08999633789062,202074942.8634594,84.4850948509485,True,0.0,0,,,,0.0,0,,,,False,True,False,False,1,,power_play,6,6,True,0,0.75,risk_on,7,False
VIRT,57.32500076293945,-14.209815886335953,80.1272939555179,38.21234185382205,16.173733183732388,0.09339416232328615,False,0.891376051395212,5.79153885850551,47.56436974763509,1.1736691092802953,False,True,False,True,28,46.666666666666664,True,0.4921804940357803,2.104933794933575,True,-0.4469045336328908,True,3.1396165426352374,True,2,0,0.4884402377870135,False,0.7347421587186879,False,7,0,False,False,False,25.0,21.331959773056347,11.1818574131728,0.26292232134477167,21.0,False,3,1,3,4,-15.723311390691086,68.0199966430664,56734982.21088505,66.12466124661248,False,0.0,0,,,,0.0,0,,,,False,False,False,False,0,,none,0,0,False,-2,0.5,risk_on,7,False
VISN,11.75,-8.773292736030136,61.06679181682671,58.001872821037345,35.96326415094768,0.08391083835762704,False,1.2299417356396602,15.199994026346408,28.492445803450096,-1.5912863237906527,False,False,False,False,26,43.333333333333336,True,0.514223616599366,2.2700991678109705,True,-0.7091887102300828,True,16.33662926941564,False,0,0,0.5727677524067917,False,1.0198901226913826,False,3,2,True,True,True,25.0,20.53712053027306,20.978716586498507,0.6499999816601053,24.0,False,3,2,2,4,-7.187992562244194,12.65999984741211,88504479.79476061,76.82926829268293,False,0.0,0,,,,0.0,0,,,,False,False,False,False,0,,none,0,0,False,-2,0.5,risk_on,7,False
VIST,65.40570068359375,-17.469147402405362,94.08219348030897,52.21247108571412,30.173862415624455,0.06067251623753831,False,0.9999889766520409,6.803683626553392,17.06766052266202,-2.408678066741843,True,True,False,True,19,31.666666666666664,False,0.3852395623330007,1.5241987588086678,False,-0.7207455866738512,True,-1.3637413788183839,True,2,1,0.5455042291119143,False,1.7987049260282881,True,6,3,True,False,False,35.0,15.651436492819313,9.051201839853604,0.5032163744699804,14.0,False,1,3,3,4,-7.7753773656556335,70.91999816894531,57147615.02190781,74.1869918699187,False,0.0,0,,,,0.0,0,,,,False,False,False,False,0,,none,0,0,False,-2,0.5,risk_on,7,False
VKTX,33.20000076293945,-21.19629736238998,43.785190747252756,-19.554154604585417,-41.59276327467508,0.17521291970822064,False,0.7845684343089562,5.832223873087323,8.88816337213736,-6.188184980160127,False,True,False,True,27,45.0,True,0.45801482022883694,2.102048765190936,True,-0.8828254242755785,True,-0.3002957249614635,True,2,0,0.45345637552483636,False,0.3864246863992664,False,4,2,True,False,False,25.0,25.133690583353825,10.753005136857432,0.232108461359958,24.0,False,1,2,3,4,-19.2999483337543,41.13999938964844,63795377.444309995,14.02439024390244,False,0.0,0,,,,0.0,0,,,,False,False,False,False,0,,none,0,0,False,-2,0.5,risk_on,7,False
VLO,329.6650085449219,-0.16504131439353253,147.86814310387277,147.26741390017298,125.22880523008331,0.08769177454172652,True,1.0877219031238994,12.361005078193742,68.86464496839082,8.412181867740799,True,True,False,False,30,50.0,True,0.5263558041384354,1.9763088218027618,True,4.158553610645787,False,8.803927248524834,False,0,1,0.658923774570546,True,0.8730913462567512,False,3,1,False,False,False,25.0,17.59666479360957,12.361005078193742,0.9564662262915887,0.0,True,11,2,5,3,-0.7660492231477689,332.20989990234375,810088506.3503449,93.02168021680217,True,0.0,0,,,,0.0,0,,,,False,False,False,False,0,,none,0,0,False,-1,0.625,risk_on,7,False
VLTO,96.86000061035156,-11.27442076691274,17.9651977767342,-11.27442076691274,-33.313029437002406,0.04741005092848322,False,1.1423557954703245,3.324386950663512,5.620370344179593,5.857924164318651,False,True,False,True,28,46.666666666666664,True,0.41484814673829024,1.1742684192698716,False,2.2334161718938437,True,-1.1834279457679342,True,2,2,0.6558244829017432,True,1.7161937002524377,True,3,2,True,False,False,35.0,17.139262802133718,6.829450187363624,0.6924375857370779,11.0,False,3,5,4,7,-5.271393046110939,102.25,158680763.2830223,19.850948509485093,False,0.0,0,,,,0.0,0,,,,False,True,False,False,1,,power_play,7,7,True,1,0.875,risk_on,7,False
VLY,15.0649995803833,-0.822909831817431,61.39674705309477,56.232059958594064,34.1934512885044,0.0686599889168131,True,0.8452040053288453,4.912046410421049,15.197222629788687,4.256053835542861,False,True,False,True,28,46.666666666666664,True,0.5143450334919651,1.0844106803838003,True,2.25274736255879,True,4.111950949373866,True,2,1,0.6507735443646664,True,0.6786909317007844,False,6,1,False,False,False,65.0,16.6185127807587,6.173251450911219,0.9465560231892918,20.0,True,7,4,5,6,-0.8881594116833313,15.199999809265137,97027219.42153645,76.21951219512195,False,0.0,0,,,,0.0,0,,,,False,True,False,False,1,,power_play,6,6,True,0,0.75,risk_on,7,True
VMC,279.8999938964844,-14.947547932495986,9.118533367137328,-4.6356764117133515,-26.674285081803017,0.05030550275833295,False,0.9359751547840577,4.369378057413825,-12.715024033966271,1.8077333696233433,False,True,False,True,28,46.666666666666664,True,0.5249682900819536,1.7558661779616718,True,-1.0501389617814691,True,-0.6142850393543786,True,2,0,0.525860210721324,False,0.6020506516088155,False,8,3,True,False,False,25.0,11.292955345646613,8.15291454870781,0.38939606678448213,11.0,False,1,2,2,4,-6.895522951679034,300.6300048828125,294802599.5826324,25.2710027100271,False,0.0,0,,,,0.0,0,,,,False,False,False,False,0,,none,0,0,False,-2,0.5,risk_on,7,False
VMI,492.7900085449219,-15.441498441549651,36.35837625563296,34.74368919206239,12.705080521972725,0.046139854486661275,False,0.8303931151601852,3.2021750655803727,4.161978453711845,-6.292309277905406,False,True,False,True,27,45.0,True,0.41505971689173304,1.3312510143003786,False,-2.4786164060721867,True,0.17889550451528624,True,2,0,0.35574733588920604,False,0.6276343865512607,False,5,2,True,False,False,25.0,18.639155817075224,10.282266692007669,0.361500191283726,22.0,False,2,2,3,4,-11.90109742383536,559.3599853515625,95642958.96859589,63.617886178861795,False,0.0,0,,,,0.0,0,,,,False,False,False,False,0,,none,0,0,False,-2,0.5,risk_on,7,False
VNO,40.11000061035156,-4.591411880862717,62.32295465990529,8.429173693607694,-13.609434976481971,0.02335847426843883,False,0.9940525353879739,4.238346390103813,36.660988378300715,2.846155411157847,False,True,False,True,27,45.0,True,0.5292344910618064,1.6080622321123197,True,1.1109407119558434,True,3.00462769621177,True,2,1,0.47509680556019945,False,1.0393803688769867,False,2,1,False,False,False,55.0,21.322113599121153,7.953125350702965,0.8320182589409935,7.0,False,5,3,3,6,-3.581725765438293,41.599998474121094,67096935.22625198,38.27913279132791,False,0.0,0,,,,0.0,0,,,,False,True,False,False,1,,power_play,6,6,True,0,0.75,risk_on,7,False
VNOM,41.09000015258789,-18.20212915250654,18.2364666325874,12.254918103857948,-9.783690566231718,0.11998358160036512,False,1.165060205961083,5.463613831949264,-3.573980839402091,-8.972085272090846,False,True,False,True,19,31.666666666666664,False,0.5494834369454663,1.3199778368498747,True,-1.7075554971567082,True,-0.7727594687354622,True,2,0,0.446562396837369,False,0.6610843338832949,False,6,0,False,False,False,35.0,12.67391702403193,9.637379094103633,0.15780475037623504,15.0,False,0,1,2,4,-10.673912711765453,46.0,66704427.38722992,42.47967479674797,False,0.0,0,,,,0.0,0,,,,False,False,False,False,0,,none,0,0,False,-2,0.5,risk_on,7,False
VNT,33.15999984741211,-23.923199381072113,19.385406589349774,-22.98942456118467,-45.028033231274335,0.04811983521738064,False,1.2968651824598383,8.956577908232143,-21.117266614209427,9.547404512533486,False,True,False,False,25,41.66666666666667,True,0.4563975808079516,1.4881202843042203,True,2.2134905912465124,True,-6.009067475163377,False,0,2,0.44864473433422514,False,1.3127774454874293,True,2,1,False,False,False,45.0,24.002192877257688,15.048256035671331,0.610478249063162,5.0,False,2,3,3,4,-9.349376195873116,36.58000183105469,51602613.70718002,12.533875338753386,False,0.0,0,,,,0.0,0,,,,False,False,False,False,0,,none,0,0,False,-2,0.5,risk_on,7,False
VOD,16.149999618530273,-1.4643061626331888,50.479041256372994,47.96224182625464,25.923633156164975,0.08377709400612185,True,1.0845571833526892,3.0340543819948174,6.277764588111179,4.870129990766703,False,True,False,True,24,40.0,True,0.49873253503517845,0.8270772630718978,True,3.272459514478714,True,0.937497615814209,True,2,1,0.5213870334761852,False,0.48903645196922746,False,1,2,True,False,False,25.0,20.670728466469566,6.253871533984288,0.9262536740379984,11.0,True,6,5,6,6,-1.5243902793602881,16.399999618530273,69070173.62368965,72.5609756097561,False,0.0,0,,,,0.0,0,,,,True,True,False,False,2,power_play,sepa_vcp,6,6,True,0,0.75,risk_on,7,True
VOYA,101.12999725341797,-0.36453472569658585,55.25906513629681,38.67307159766984,16.634462927580174,0.045027942183228864,True,0.985191103350514,4.855140705487785,38.1921945083262,4.483930464757746,False,True,False,True,28,46.666666666666664,True,0.44311528844271464,1.017478116919302,True,2.5473918549443653,True,-0.36453472569658585,True,2,1,0.51717789570294,False,1.9213050545707873,True,3,2,True,False,False,45.0,15.589788204037564,8.098489729890156,0.8319949294433933,20.0,True,8,5,5,6,-2.619163467181884,103.8499984741211,93989305.62768097,66.46341463414635,False,0.0,0,,,,0.0,0,,,,False,True,False,False,1,,power_play,6,6,True,0,0.75,risk_on,7,True
VOYG,44.90769958496094,-13.255361815963884,149.6259041484674,50.243226838316566,28.2046181682269,0.15453162212225457,False,0.9471662187836356,15.364851884307242,70.68681298565893,70.16938470478378,False,True,False,False,26,43.333333333333336,True,0.5313730505466084,4.948210203140709,True,3.3261980130533852,True,17.221868898886818,False,0,2,0.7289033195896227,True,1.4680460466984457,True,3,3,True,True,False,,,,,,False,5,4,3,4,,,50929474.287735365,73.44173441734418,False,0.0,0,,,,0.0,0,,,,False,False,False,False,0,,none,0,0,False,-2,0.5,risk_on,7,False
VPG,71.45999908447266,-52.33140061450443,164.27513559527193,157.14284537696867,135.104236706879,0.10373095944609298,False,0.8995206186026866,11.740833329329663,53.084829942790975,-35.35371947474373,False,True,False,False,21,35.0,False,0.47275449438893746,3.851845591341961,True,-4.142564083135988,True,5.01101525318266,False,0,0,0.4846895366497549,False,0.8849952091481709,False,4,2,True,False,False,,,,,,False,4,2,2,2,,,50207064.218307495,93.69918699186992,True,0.0,0,,,,0.0,0,,,,False,False,False,False,0,,none,0,0,False,-4,0.25,risk_on,7,False
VRNS,43.070701599121094,-31.968566316772183,113.32689677975507,-25.86798153134953,-47.906590201439194,0.05266028509710152,False,0.9781312590099008,9.356705671539633,71.25527734555916,-3.8170996578187455,False,True,False,False,30,50.0,True,0.43576735712162445,1.9987018945429476,False,1.070164521617742,True,1.486105072621724,True,1,0,0.5527480735418677,False,0.643500267141585,False,6,2,True,False,False,45.0,36.39483317206471,14.603897039038943,0.6411925085949696,21.0,False,3,3,3,3,-13.058738790573122,49.540000915527344,80155043.90711442,10.636856368563684,False,0.0,0,,,,0.0,0,,,,False,False,False,False,0,,none,0,0,False,-3,0.375,risk_on,7,False
VRSK,182.83999633789062,-32.424586875666584,16.895405427763798,-30.163462440705747,-52.202071110795416,0.08310021613268083,False,1.1822214838251128,10.003286431444524,2.6831238198396834,-5.3476222648302425,False,True,False,False,27,45.0,True,0.4317862409709199,1.5235562490266557,False,-0.5986681406577687,True,-3.641635658555664,True,1,0,0.5513451509707954,False,1.1266455015810948,False,3,3,True,False,False,25.0,21.855096984222662,12.464454715261343,0.12487346107356892,11.0,False,1,2,2,3,-19.125975381704265,226.0800018310547,333079511.4161186,8.197831978319783,False,0.0,0,,,,0.0,0,,,,False,False,False,False,0,,none,0,0,False,-3,0.375,risk_on,7,False
VRSN,286.1099853515625,-7.706456338205648,35.64285061667369,8.2842813911159,-13.754327278973765,0.06176818861568054,False,1.094675013820277,5.267207750788992,31.990942919358446,9.37762827375943,True,True,False,True,22,36.666666666666664,False,0.4064943282933714,1.578332919573866,False,1.2104266409972808,True,-2.1946513022679914,True,2,1,0.44358753515217525,False,1.2856441701611414,True,4,1,False,False,False,35.0,19.085809185166564,7.916533870236235,0.7079368128366966,8.0,False,3,3,4,5,-5.574262260210395,303.0,245497533.29277343,38.07588075880759,False,0.0,0,,,,0.0,0,,,,False,False,False,False,0,,none,0,0,False,-1,0.625,risk_on,7,False
VRT,288.68499755859375,-23.253046064577056,137.23773749859006,110.33697701923057,88.2983683491409,0.0928252427335702,False,0.9842987709466012,10.658683267738802,22.114835422200475,-5.050325797520627,False,True,False,False,25,41.66666666666667,True,0.4846048764513848,2.965127583020997,True,-0.44116267590076413,True,4.911503242125148,True,1,0,0.41749025608633283,False,0.48351285405031524,False,5,1,False,True,False,25.0,31.774806264599782,22.55746260688843,0.6586159956422951,24.0,False,4,1,2,4,-10.847410600299357,323.80999755859375,1618103210.9780183,89.97289972899729,True,0.0,0,,,,0.0,0,,,,False,False,False,False,0,,none,0,0,False,-2,0.5,risk_on,7,False
VRTX,526.9400024414062,-0.5116627674386032,39.91291202620451,33.092540051044026,11.05393138095436,0.055346624704048046,True,1.0836652272972715,12.158875110979066,13.315559522305588,11.382613566205023,False,True,False,False,30,50.0,True,0.43248238033945985,1.171117648503759,False,3.037588818490751,True,8.865153765329946,False,0,1,0.5151447421246246,False,0.8673379392743964,False,2,1,False,False,False,45.0,20.574179950067325,15.307240439294667,0.8288690815666976,3.0,False,7,2,3,4,-3.5208783108670594,546.1699829101562,645916355.5987641,62.05962059620597,False,0.0,0,,,,0.0,0,,,,False,False,False,False,0,,none,0,0,False,-2,0.5,risk_on,7,False
VSAT,86.0999984741211,-4.1309421949958125,231.5363910304229,213.20479880316475,191.16619013307508,0.09919690815302468,True,0.9739415971805321,9.907083542934927,84.64507077396304,15.928372648121147,False,True,False,False,23,38.333333333333336,False,0.4662703575180902,3.301295752439511,True,2.113551593805999,True,5.012807314839218,False,0,1,0.566568485034377,False,2.9076553384616988,True,4,1,False,False,False,25.0,25.95022855818686,15.90011926135054,0.8997383257638041,5.0,True,9,3,4,4,-2.6018133620557604,88.4000015258789,166479423.11682588,95.86720867208672,True,0.0,0,,,,0.0,0,,,,False,False,False,False,0,,none,0,0,False,-2,0.5,risk_on,7,False
VSEC,238.5,-1.6900272054264476,54.22424749706729,45.1742848091055,23.135676139015835,0.0646922464796042,True,1.052913572357924,14.561849470158544,17.660684869831165,20.85127571513732,True,True,False,False,30,50.0,True,0.42558267722604154,2.18862749485155,False,2.676655140138368,True,5.788424585675989,False,0,2,0.6112021000498211,True,1.337620622109821,True,3,2,True,False,False,25.0,26.084328248219645,24.95178606525157,0.8553750227465675,1.0,False,6,4,5,5,-3.772445379569833,247.85000610351562,87505646.86660461,70.86720867208672,False,0.0,0,,,,0.0,0,,,,False,False,False,False,0,,none,0,0,False,-1,0.625,risk_on,7,False
VSH,34.0099983215332,-47.59630582139247,191.94466111168958,124.67680169509636,102.6381930250067,0.05187281725342205,False,0.6966975754963514,10.614527458138435,76.79180447464549,-16.64215941788466,True,True,False,False,20,33.33333333333333,False,0.5966263295670379,5.105431818005967,True,-3.715435312380065,True,3.7522867237358426,True,1,0,0.4094740082316438,False,1.024868314059452,False,3,3,True,False,False,25.0,33.79433617462889,22.610993843654832,0.28580842113850696,24.0,False,5,2,3,2,-24.13563030913427,44.83000183105469,186323342.26022512,91.53116531165311,True,0.0,0,,,,0.0,0,,,,False,False,False,False,0,,none,0,0,False,-3,0.375,risk_on,7,False
VST,146.25,-32.60872392972342,8.71858229727307,-28.382121623157452,-50.42073029324712,0.10218548319286296,False,1.045329885553918,10.003422142094017,-10.083030674987059,-13.451293823079858,False,True,False,False,24,40.0,True,0.4909027033136759,2.504941496241998,True,-1.074923130984668,True,3.4446137706843016,True,1,0,0.41967309408935033,False,0.8743976459679474,False,5,0,False,False,False,25.0,20.623230230739757,15.206841362847223,0.32847762937393626,14.0,False,1,1,2,2,-13.84896045451346,169.75999450683594,668565984.0975701,9.078590785907858,False,0.0,0,,,,0.0,0,,,,False,False,False,False,0,,none,0,0,False,-4,0.25,risk_on,7,False
VSXY,92.55500030517578,-7.417225992782872,338.23388554626257,338.23388554626257,316.1952768761729,0.11825849086317214,True,0.9382348975813283,13.18134828806213,49.76537451099501,5.886050140158816,False,True,False,False,31,51.66666666666667,True,0.3923833864139101,1.9117744366173937,False,2.380225714116822,True,-1.031860962927189,True,1,2,0.4091759110585641,False,3.2898682551696763,True,2,1,False,False,False,25.0,27.16182127633085,16.530706468495023,0.644089179748304,3.0,False,8,3,4,6,-9.667186089988878,102.45999908447266,147747626.607798,98.03523035230353,True,0.0,0,,,,0.0,0,,,,False,True,False,False,1,,power_play,6,6,True,0,0.75,risk_on,7,False
VTR,90.20500183105469,-10.270563089242291,37.816380815613826,36.03312100767611,13.994512337586443,0.05596431309282715,True,1.231444413725741,7.183640846291449,7.1773717129914205,-7.8788771263860085,False,True,False,True,26,43.333333333333336,True,0.5776425548446992,1.6643684803878074,True,0.16226425571315414,True,-2.2274011029626672,True,2,0,0.5785986762347635,False,0.8305577929868198,False,7,3,True,False,False,35.0,15.710233344469884,7.98182410230603,0.28609920683180373,12.0,False,4,2,3,5,-11.215548045474499,101.5999984741211,314174434.5253647,64.70189701897019,False,0.0,0,,,,0.0,0,,,,False,False,False,False,0,,none,0,0,False,-1,0.625,risk_on,7,False
VTRS,16.295000076293945,-8.762600675111686,76.47097219633035,67.36385665468501,45.32524798459534,0.1406106536196731,False,1.0697103134297716,4.909488436106396,2.634633222356597,-5.700234787101599,False,False,False,True,26,43.333333333333336,True,0.3853096416664624,1.5605144399911888,False,-0.4612314576124383,True,0.030688523545974178,True,2,0,0.4423198842099084,False,0.5652291775310324,False,7,2,True,False,False,45.0,18.760195344036333,14.789811820364395,0.39275378864419846,5.0,False,3,2,2,5,-11.39205754696081,18.389999389648438,179743993.9636976,81.77506775067751,True,0.0,0,,,,0.0,0,,,,False,False,False,False,0,,none,0,0,False,-1,0.625,risk_on,7,False
VVV,33.459999084472656,-17.728053624497207,15.898850404609611,-16.07725111395957,-38.115859784049235,0.05422010716269105,False,1.1015933967876772,9.190080236333385,-11.199578520500864,-12.659885447562747,False,True,False,False,28,46.666666666666664,True,0.43209088248443955,1.373889809330831,False,-3.3103461778840346,True,-6.06400873717774,False,0,0,0.3788655290959726,False,0.6627830877357289,False,5,3,True,False,False,25.0,20.094938413256873,20.756126374334226,0.07692286364272811,19.0,False,1,2,2,2,-18.549178205784887,41.08000183105469,79609306.93941955,16.395663956639567,False,0.0,0,,,,0.0,0,,,,False,False,False,False,0,,none,0,0,False,-4,0.25,risk_on,7,False
VVX,80.18499755859375,-11.700253590629583,53.72890681205031,33.264085090131346,11.22547642004168,0.022002958417794337,False,1.263124458746694,9.004179635258128,25.74093928649428,-4.518939803098398,False,True,False,False,31,51.66666666666667,True,0.48472417824333763,2.4345156099826784,True,-0.17148437148537005,True,-5.185056346285921,False,0,0,0.4680817763020335,False,0.5799900526344011,False,4,1,False,False,False,25.0,21.43009821201192,22.797289973518573,0.31504463800353893,8.0,False,3,1,2,4,-14.678660678428335,93.9800033569336,69540206.56421356,62.33062330623306,False,0.0,0,,,,0.0,0,,,,False,False,False,False,0,,none,0,0,False,-2,0.5,risk_on,7,False
VZ,47.5099983215332,-4.541316697024945,29.941726621031894,16.118408048887645,-5.920200621202021,0.08994772918949845,False,0.9607981402903556,3.1256591513675303,-0.8356757324006314,8.420809339131118,False,True,False,True,23,38.333333333333336,False,0.471540253451887,1.3058200755931868,True,2.0534466630065684,True,1.1066112459934052,True,2,2,0.7575204913205582,True,1.5381402999556284,True,5,0,False,False,False,35.0,18.22728718263008,5.725113274673228,0.8320869171738107,12.0,False,3,4,4,6,-3.060599982393708,49.0099983215332,1131569698.2013946,46.54471544715447,False,0.0,0,,,,0.0,0,,,,False,True,False,False,1,,power_play,6,6,True,0,0.75,risk_on,7,False
W,103.25,-13.271736788522926,79.87804399874368,31.21107738798392,9.172468717894255,0.08337639438954991,False,1.2704535461346398,9.520582887220035,25.12118783353756,24.87905130490975,False,True,False,False,27,45.0,True,0.47255496265114205,2.6482988012485467,True,1.9736765905307903,True,-0.7879309092233999,True,1,0,0.3671637578357259,False,0.9276548308931651,False,6,1,False,True,False,25.0,33.248805192515405,32.46973513402315,0.6172619637579021,7.0,False,2,1,2,3,-12.725582406779413,118.30500030517578,390956115.9057236,60.90785907859079,False,0.0,0,,,,0.0,0,,,,False,False,False,False,0,,none,0,0,False,-3,0.375,risk_on,7,False
WAB,294.05999755859375,-3.835969344500323,58.970860549555404,54.37751184175428,32.33890317166461,0.10548832031008391,True,0.8600445156670096,3.28504514123331,20.443956373343397,14.043044637563963,False,True,False,True,20,33.33333333333333,False,0.521534513079709,1.1466661071202475,True,3.068809631724773,True,-0.3963057223842159,True,2,0,0.4444293170883548,False,0.8804140163964714,False,5,1,False,False,False,55.0,18.096144697740243,4.56709269784484,0.7732922619352064,10.0,False,5,2,5,5,-4.102536032117898,306.6400146484375,316738805.0454941,75.40650406504065,False,0.0,0,,,,0.0,0,,,,False,False,False,False,0,,none,0,0,False,-1,0.625,risk_on,7,False
WAL,83.08499908447266,-12.635540811880663,25.267003346398997,9.43910698648136,-12.599501683608306,0.06363664676875162,False,0.8776609598424017,4.501411692822034,-11.567870199593798,3.211178986922558,False,True,False,True,28,46.666666666666664,True,0.4750007409632386,1.1699412687510724,True,0.8660805183465726,True,2.1578718970935107,True,2,0,0.45113964805703527,False,1.1279985745979562,False,6,1,False,False,False,65.0,13.603412609765414,6.716015998726184,0.7890232009949663,39.0,True,2,3,4,5,-2.870004447953023,85.54000091552734,80306517.03826904,38.956639566395665,False,0.0,0,,,,0.0,0,,,,False,False,False,False,0,,none,0,0,False,-1,0.625,risk_on,7,False
WAT,419.0799865722656,0.0,47.91754049783332,41.185192039294606,19.14658336920494,0.1148091278590973,False,1.0543493295466841,5.31879575716227,31.03211211171859,9.589179822439275,False,True,False,True,25,41.66666666666667,True,0.5280673692546465,1.7517584802604496,True,3.3841372270811103,True,4.848629915776992,True,2,3,0.7694111379597268,True,2.213143988964737,True,2,2,True,True,True,25.0,17.685634165715587,11.601602719056004,0.9959549918264584,0.0,True,7,6,4,6,-0.07153853475458938,419.3800048828125,336699418.45578307,68.29268292682927,False,0.0,0,,,,0.0,0,,,,False,True,False,False,1,,power_play,6,6,True,0,0.75,risk_on,7,True
WAY,24.96500015258789,-38.945951271136636,44.22299782103869,-29.377648570864345,-51.41625724095401,0.038031887884634914,False,1.2140809517567785,5.007009783136028,14.834408534604382,15.68582131996834,False,True,False,True,26,43.333333333333336,True,0.42196551319280945,1.9387253229611843,False,2.5589090872049556,True,6.824986119285104,False,1,1,0.5043126301060138,False,0.7757479541447755,False,2,2,True,False,False,25.0,20.0119122177268,16.422993616704293,0.9573327700995539,4.0,True,2,4,3,3,-0.8538528593412975,25.18000030517578,67404582.42721252,8.536585365853659,False,0.0,0,,,,0.0,0,,,,False,False,False,False,0,,none,0,0,False,-3,0.375,risk_on,7,False
WBD,27.954999923706055,-6.754501832721582,142.2443675573219,131.99169693956026,109.95308826947058,0.2571517427520013,False,0.996103880092906,6.45680668968676,-0.551407624617517,7.7263934559494984,False,True,False,True,22,36.666666666666664,False,0.47594695572326323,1.0853586496092629,True,2.661780704280305,True,5.890152756230793,False,1,1,0.6093278867946672,True,0.9601885314699166,False,5,0,False,False,False,25.0,10.062335480569638,9.568954218242578,0.9575218382919883,0.0,True,5,3,3,6,-0.42742951370390303,28.075000762939453,620728608.108629,91.93766937669376,True,0.0,0,,,,0.0,0,,,,False,True,False,False,1,,power_play,6,6,True,0,0.75,risk_on,7,False
WBS,79.29000091552734,0.0,49.97698977809315,46.32561144067671,24.287002770587044,0.1816096601828503,True,1.0327931762409897,1.1350756911173892,9.456341263434286,5.764252560504279,False,True,False,True,32,53.333333333333336,True,0.5907996386310603,0.4658855185590983,True,4.8544737306343375,False,1.1593806215140612,True,2,2,0.4183405475969814,False,1.6703915679746189,True,2,0,False,False,False,65.0,10.83144352081369,3.719157366983313,0.9872094787183929,0.0,True,7,3,4,6,-0.1385398088634915,79.4000015258789,348269924.50393295,71.7479674796748,False,0.0,0,,,,0.0,0,,,,False,True,False,False,1,,power_play,6,6,True,0,0.75,risk_on,7,False
WCC,362.8299865722656,-3.0125686574117627,77.19588401411461,69.62832743744328,47.58971876735361,0.024898497840149424,True,1.1281304937900856,4.76394022043343,23.1152795657771,9.729021518740954,False,True,False,True,26,43.333333333333336,True,0.4819731196406907,1.9972146022741455,True,1.1543440029349037,True,-2.4047133188788594,True,2,1,0.30656176482558756,False,1.0004489409533353,False,2,2,True,False,False,25.0,19.936680993781657,12.245402618323013,0.7066248537773603,5.0,False,6,4,4,5,-5.8489267017448165,385.3699951171875,224629935.58205566,82.85907859078591,True,0.0,0,,,,0.0,0,,,,False,False,False,False,0,,none,0,0,False,-1,0.625,risk_on,7,False
WCN,166.05499267578125,-12.303080260646304,11.66893577233803,-11.047525896974786,-33.08613456706445,0.05223019772729872,False,0.9934451714510689,2.7822078955541794,-2.7449624807881934,-2.6107204829649455,False,True,False,True,23,38.333333333333336,False,0.37407033802043294,0.8490473830619525,False,0.7290412301243658,True,-0.7975426959406229,True,2,1,0.49909903070922723,False,1.2335355463640543,True,4,2,True,False,False,55.0,16.875109647554538,4.9600664606101885,0.6545624656837661,16.0,False,0,4,3,4,-5.829296267967332,176.33402543990627,220192981.2622551,20.18970189701897,False,0.0,0,,,,0.0,0,,,,False,False,False,False,0,,none,0,0,False,-2,0.5,risk_on,7,False
WDAY,179.7884979248047,-27.413906030649905,59.81199815538194,-19.40265745206482,-41.44126612215449,0.055557191888236726,False,1.2373791659711881,7.03605030426597,24.8184575846641,40.60256046221946,True,True,False,True,28,46.666666666666664,True,0.5294600575361685,2.9019205429707475,True,3.6233168423941757,True,5.608841707905166,False,1,2,0.6687291264126413,True,2.406465363484354,True,6,1,False,False,False,25.0,31.59509439230081,18.755371789582604,0.8972660754612138,3.0,False,2,3,4,4,-3.245888043094458,185.82000732421875,676740281.4951096,14.092140921409213,False,0.0,0,,,,0.0,0,,,,False,False,False,False,0,,none,0,0,False,-2,0.5,risk_on,7,False
WDC,477.4949951171875,-36.012354419579154,541.292507276071,529.4058579206793,507.3672492505896,0.19209459258067016,False,0.9146012507749123,12.356150452534091,68.1971244108177,-14.473400401675395,False,True,False,False,31,51.66666666666667,True,0.387136116801071,3.1611946266834328,False,-1.5559936016901192,True,5.752792065807988,False,0,0,0.4372550419842397,False,0.8312467703758873,False,4,0,False,False,False,25.0,30.894599488697967,36.13021932749929,0.3843386889721774,22.0,False,6,1,2,2,-19.020609624891282,589.6500244140625,3910342302.0141983,99.1869918699187,True,0.0,0,,,,0.0,0,,,,False,False,False,False,0,,none,0,0,False,-4,0.25,risk_on,7,False
WEC,109.75499725341797,-7.6525042805814625,7.874121673833501,3.191682808067986,-18.846925862021678,0.08212141442125155,False,1.0156067373927145,4.592039918233297,-2.106334388996789,-4.327932282473812,False,False,False,True,21,35.0,False,0.4681942795038205,0.9310830028057582,True,-1.5107272890998198,True,1.6532333171564106,True,2,0,0.4978288785441669,False,0.7820636277531625,False,6,1,False,False,False,25.0,9.92313857267513,4.728709345259532,0.36789980145181794,22.0,False,1,1,1,4,-6.272417862009072,117.0999984741211,245142555.3313507,32.79132791327913,False,0.0,0,,,,0.0,0,,,,False,False,False,False,0,,none,0,0,False,-2,0.5,risk_on,7,False
WELL,234.41000366210938,-6.654934652413258,46.93667477630892,45.89125772723585,23.852649057146188,0.11358730791058248,True,1.0585323030888396,5.44423056781726,13.834873974861072,-4.758180800752498,False,True,False,True,29,48.333333333333336,True,0.5592784512056983,1.349506494783515,True,1.1650182441745447,True,-0.2987605144438743,True,2,0,0.5489802947006172,False,1.0291672608061195,False,5,2,True,False,False,45.0,20.493736098482028,5.801222834100826,0.6194057643981168,12.0,False,4,3,4,5,-7.799797825028487,254.2402273882886,724384267.7630402,71.34146341463415,False,0.0,0,,,,0.0,0,,,,False,False,False,False,0,,none,0,0,False,-1,0.625,risk_on,7,False
WEN,8.539999961853027,-14.514823042979529,38.4116670381411,-12.297622267931219,-34.33623093802088,0.2932793489359757,False,0.9084753182166323,20.37471025442222,21.8718270480432,19.107390111315215,False,False,False,False,24,40.0,True,0.6203533771308779,3.488675522825429,True,2.4157871326672433,True,15.561571260410979,False,0,2,0.6760819605431274,True,1.7234488300837831,True,4,2,True,True,False,35.0,26.24338697490767,20.37471025442222,0.6330645804784791,29.0,False,2,4,3,4,-9.629628209303364,9.449999809265137,74133185.64229369,19.308943089430894,False,0.0,0,,,,0.0,0,,,,False,False,False,False,0,,none,0,0,False,-2,0.5,risk_on,7,False
WERN,38.54999923706055,-16.756644150535482,68.56094670272743,47.450743790378084,25.41213512028842,0.04626027337691516,False,1.0515630147936224,8.041500740526265,9.202668717520247,-16.756644150535482,False,True,False,False,32,53.333333333333336,True,0.49441654212759356,2.0588943978104615,True,-1.9172235454077775,True,4.556551000393272,True,1,0,0.47783425547448655,False,0.4323180047014675,False,6,0,False,False,False,25.0,24.023892848594116,8.326846038914267,0.2611011602982782,15.0,False,2,1,2,3,-17.751226550944686,46.869998931884766,57228470.90083103,72.42547425474255,False,0.0,0,,,,0.0,0,,,,False,False,False,False,0,,none,0,0,False,-3,0.375,risk_on,7,False
WEX,197.1300048828125,0.0,55.391773556973334,11.840469208211136,-10.19813946187853,0.11997446907276314,False,1.0365573632054437,8.532444025564605,29.13856060583342,14.964718889271932,False,True,False,False,31,51.66666666666667,True,0.48515890322303995,1.9477171438537697,True,6.136283874302863,False,4.004438042382796,True,1,2,0.6082254467872156,True,2.9501842185342104,True,4,1,False,False,False,25.0,23.166741262118176,8.532444025564605,0.966109111449827,0.0,True,5,3,5,5,-0.7851414461851447,198.69000244140625,151252590.55354157,42.00542005420054,False,0.0,0,,,,0.0,0,,,,False,False,False,False,0,,none,0,0,False,-1,0.625,risk_on,7,False
WFC,88.62999725341797,-6.536914741977718,21.409483243335448,16.270032388112888,-5.768576281976777,0.0683493044209903,False,0.8873939749052571,3.85873662972885,3.892060535989472,3.4213158689415657,False,True,False,True,34,56.666666666666664,True,0.4160798122992211,0.9560179020399739,False,2.0794744052750787,True,1.768286807077657,True,2,0,0.5841520808962802,False,0.9811926336715416,False,4,1,False,False,False,65.0,19.285794743219736,5.30632383632159,0.9407038852201239,5.0,True,3,3,4,6,-1.1435726987150896,89.65527044923459,1162864929.8789444,46.680216802168026,False,0.0,0,,,,0.0,0,,,,False,True,False,False,1,,power_play,6,6,True,0,0.75,risk_on,7,False
WFRD,90.66000366210938,-18.37575627689213,65.92594288877176,59.40999862429421,37.371389954204545,0.07166319833520089,False,0.9571085781138151,9.221266570327261,-9.457202121856568,6.245019340582814,True,True,False,False,19,31.666666666666664,False,0.5524904082863813,2.216619880726853,True,0.6211257734366358,True,1.9109763884130215,True,1,1,0.5381110050833204,False,1.0868625928739573,False,1,2,True,False,False,25.0,18.03610419001363,12.122429110859766,0.774702555195154,2.0,False,2,3,3,4,-4.063488188244047,94.5,99622161.7404068,77.84552845528455,False,0.0,0,,,,0.0,0,,,,False,False,False,False,0,,none,0,0,False,-2,0.5,risk_on,7,False
WGS,82.23999786376953,-50.90589012123321,138.30774228828125,-21.7730428875325,-43.81165155762217,0.058055846075641696,False,1.2229783685836284,17.33949721138387,-9.864094926260192,35.597684739840176,True,True,False,False,24,40.0,True,0.4696134841780842,3.763377716609778,True,3.1180958393937046,True,18.17790227270235,False,0,2,0.670679053149344,True,2.0535044032024556,True,4,2,True,False,False,25.0,29.915348927668482,25.85725164970354,0.9350336936997753,1.0,True,2,5,5,4,-1.9434897215130142,83.87000274658203,57133490.77963333,13.008130081300814,False,0.0,0,,,,0.0,0,,,,False,False,False,False,0,,none,0,0,False,-1,0.625,risk_on,7,False
WH,74.43000030517578,-16.766404839919957,9.145354338778011,-16.562210730582027,-38.600819400671696,0.07573576190081044,False,0.8215222112077885,5.3741770570997085,-3.1352666387064576,1.2928645955927909,True,True,False,True,27,45.0,True,0.4318162263173922,1.1882230820271367,False,-2.041385020977639,True,-1.0370945203985626,True,2,1,0.2836739260003423,False,1.7071925290958354,True,3,2,True,False,False,25.0,12.302298490601652,8.921133094751175,0.3181590226439146,24.0,False,1,3,3,4,-8.388211226558129,81.24500274658203,104963273.11989288,15.650406504065039,False,0.0,0,,,,0.0,0,,,,False,False,False,False,0,,none,0,0,False,-2,0.5,risk_on,7,False
WHD,71.87999725341797,-0.7182379302506869,116.99851717547496,79.77868882958677,57.740080159497104,0.23267666789193164,True,1.2940226213932355,7.575125073568785,26.62767709982996,29.770713207213472,False,True,False,True,25,41.66666666666667,True,0.554861376008028,2.3299575094044003,True,5.077090616110784,False,4.873061414176272,True,2,3,0.6365008218571704,True,2.041586003804507,True,2,0,False,True,False,25.0,28.715523896064767,15.811076951489976,0.9526879164263301,1.0,True,8,4,5,5,-1.3585912664323296,72.87000274658203,52122281.02988128,85.36585365853658,True,0.0,0,,,,0.0,0,,,,False,False,False,False,0,,none,0,0,False,-1,0.625,risk_on,7,False
WHR,43.900001525878906,-52.84037430937369,23.00365148522556,-49.57352219078902,-71.6121308608787,0.06806885038858079,False,1.050787203554386,6.719819271988949,-50.802928058295784,23.00365148522556,False,True,False,True,25,41.66666666666667,True,0.433384376914525,2.246186299204274,False,1.9156751358632003,True,2.0930268043695577,True,2,0,0.5574136254321685,False,0.9754026102885056,False,6,1,False,True,True,25.0,24.73460316051323,22.619589886169088,0.725322096400857,6.0,False,2,1,2,4,-6.7940489424865085,47.099998474121094,93728697.37257004,2.4390243902439024,False,0.0,0,,,,0.0,0,,,,False,False,False,False,0,,none,0,0,False,-2,0.5,risk_on,7,False
WING,114.01000213623047,-66.53352430263017,2.379670897408892,-66.47776828429204,-88.51637695438171,0.08211959538292497,False,0.8592854898465014,7.547579656438352,-53.031472252379984,-15.460476330830364,False,True,False,True,23,38.333333333333336,False,0.381493976410754,2.215792978287711,False,-4.077702105752471,True,-2.2380385430303518,True,2,0,0.3733270830921674,False,0.7947422845412477,False,7,4,True,False,False,25.0,31.93220188511171,25.98017240785119,0.06890561403302095,23.0,False,0,2,2,3,-29.731893906791697,162.25,166341574.3980934,0.8807588075880758,False,0.0,0,,,,0.0,0,,,,False,False,False,False,0,,none,0,0,False,-3,0.375,risk_on,7,False
WIX,73.34500122070312,-60.19051289953177,81.41231923590566,-39.248737528929354,-61.28734619901902,0.3710776134496271,False,1.4403505805490473,19.42191357215642,3.3756227984168774,50.20478900342269,False,True,False,False,25,41.66666666666667,True,0.6376533569845493,4.5160407677804635,True,4.204179109640473,False,20.47470422781612,False,0,2,0.6193124197347898,True,2.2196827792989287,True,4,1,False,True,False,25.0,35.198803689368965,29.74981681963943,0.9963249047469439,0.0,True,2,3,4,3,-0.12935895635205474,73.44000244140625,90809619.96669427,4.8102981029810294,False,0.0,0,,,,0.0,0,,,,False,False,False,False,0,,none,0,0,False,-2,0.5,risk_on,7,False
WKC,37.13999938964844,-7.726709590935554,66.97177171615051,47.35272866622857,25.314119996138906,0.010574295922656579,True,1.081825602462717,4.173395968047751,43.14580076840669,2.3986736170513057,False,True,False,True,31,51.66666666666667,True,0.45384591665186363,1.4592531157031103,True,2.211630982050225,True,-0.24174094465349016,True,2,1,0.4172870539000417,False,0.7416041264024498,False,2,1,False,False,False,45.0,26.212457271648265,10.473881135099447,0.6240576768266086,14.0,False,5,3,5,5,-9.85437208278671,41.20000076293945,52966186.299151614,72.289972899729,False,0.0,0,,,,0.0,0,,,,False,False,False,False,0,,none,0,0,False,-1,0.625,risk_on,7,False
WLK,79.73500061035156,-34.99155968488993,44.24445889967878,-3.7559933639595644,-25.79460203404923,0.04806226228574301,False,1.1878387982289857,5.83181976582969,-18.349031046588436,5.988298620756027,True,True,False,True,21,35.0,False,0.45969556553241825,1.7454870847087283,True,0.49083951654964214,True,2.923711570877252,True,2,1,0.6640443098327415,True,0.4452049375390188,False,5,0,False,True,True,25.0,15.43590946138154,15.67692971005909,0.9003997802734375,2.0,True,1,3,4,5,-1.5374199740329275,80.9800033569336,88398916.12199707,26.151761517615174,False,0.0,0,,,,0.0,0,,,,False,False,False,False,0,,none,0,0,False,-1,0.625,risk_on,7,False
WM,226.97999572753906,-7.155871054961449,16.76322914904631,0.31225858207022394,-21.72635008801944,0.07946917782085133,False,0.983828508772947,3.5685923857578987,-0.9263346064406597,-4.336834981090021,False,True,False,True,26,43.333333333333336,True,0.3083434076415509,0.6696258104637506,False,-0.07547522377778548,True,-0.8864236618442822,True,2,0,0.5303247842990066,False,0.9347494398013433,False,7,2,True,False,False,55.0,15.349645545149487,4.141331427183515,0.4683241873642895,19.0,False,2,2,3,5,-8.161035268887462,247.14999389648438,433853667.81429595,29.878048780487802,False,0.0,0,,,,0.0,0,,,,False,False,False,False,0,,none,0,0,False,-1,0.625,risk_on,7,False
WMB,73.47000122070312,-6.785215397525213,34.112795793169994,31.00683755439737,8.968228884307706,0.055874281956442354,True,0.9802767201836587,4.988836805519499,4.800874898693741,-2.3654468827865482,False,True,False,True,24,40.0,True,0.46150447133961126,1.2673563711461246,True,0.20435810186702427,True,2.382941797056204,True,2,0,0.5852278958126453,False,0.8637430752897947,False,5,0,False,False,False,25.0,10.337610200426854,7.329930030135433,0.6265827369047262,14.0,False,4,2,4,6,-3.8602421079891758,76.41999816894531,450775392.6860336,60.50135501355014,False,0.0,0,,,,0.0,0,,,,False,True,False,False,1,,power_play,6,6,True,0,0.75,risk_on,7,False
WMG,25.149999618530273,-27.22801325474793,6.927641010782337,-18.74678142901255,-40.785390099102216,0.06287835611213245,False,1.1531076138687442,8.807157797950422,-14.012632063849217,-10.370634008543366,False,True,False,False,20,33.33333333333333,False,0.4822885792586677,2.0690005718789095,True,-2.2781628182381515,True,-4.878974619783694,True,1,0,0.5103159194362377,False,0.7022407673372911,False,5,3,True,False,False,25.0,17.927690991395348,17.713717659159144,0.11858077628177889,10.0,False,0,2,2,3,-15.801811476695837,29.8700008392334,58236069.44519167,14.43089430894309,False,0.0,0,,,,0.0,0,,,,False,False,False,False,0,,none,0,0,False,-3,0.375,risk_on,7,False
WMS,146.66000366210938,-16.167442701032208,13.250968078848935,12.15417948477393,-9.884429185315735,0.21845975577145912,False,1.1029765391434931,9.332467010906715,-14.861583228329545,2.5307679990834497,False,True,False,False,28,46.666666666666664,True,0.43043913873476536,1.632067557534394,False,0.5245281368985216,True,-1.2057886985049282,True,1,0,0.5464572565744824,False,0.546569163542587,False,6,2,True,False,False,45.0,18.162545937413952,13.861994629355845,0.6051577299479516,28.0,False,2,3,3,4,-7.171340867853138,157.99000549316406,96471160.28963165,42.41192411924119,False,0.0,0,,,,0.0,0,,,,False,False,False,False,0,,none,0,0,False,-2,0.5,risk_on,7,False
WMT,115.43000030517578,-13.986584999927798,20.899389743253316,15.254074990971045,-6.784533679118621,0.13434235072540274,False,0.974218117161311,5.042016529010834,-13.283719133458549,6.48523863499999,True,True,False,True,23,38.333333333333336,False,0.5692667829208599,1.2318662220406122,True,0.34763623946340705,True,2.9981267239235443,True,2,1,0.6574983577839453,True,0.9741864286872252,False,6,0,False,False,False,25.0,9.568969237691084,6.722690908528498,0.7646020256388271,19.0,True,1,4,5,5,-2.2525159752768587,118.08999633789062,2402047470.0835266,45.392953929539296,False,0.0,0,,,,0.0,0,,,,False,False,False,False,0,,none,0,0,False,-1,0.625,risk_on,7,False
WOLF,32.74250030517578,-55.452380537175806,121.23310731896701,,,0.23723082741512636,False,0.5850776283543125,16.828276002679637,104.64062690734863,26.126739059709415,False,True,True,False,18,30.0,False,0.5551661496992624,5.866927925794546,True,-1.759087962958958,True,18.675245103630765,False,1,0,0.4685537224188626,False,0.8882515970537413,False,4,3,True,False,False,,,,,,False,4,2,3,4,,,115368802.7839346,,False,0.0,0,,,,0.0,0,,,,False,False,False,False,0,,none,0,0,False,-2,0.5,risk_on,7,False
WPC,71.33000183105469,-6.989177780306866,16.472524323852955,14.31564273560111,-7.722965934488556,0.03319781724895102,False,1.0359842876056689,3.2524879227104813,2.429115067468124,-5.10841616526343,False,True,False,True,25,41.66666666666667,True,0.48321649219698104,0.9271189570472784,True,-1.003179811126288,True,-0.7237253362694207,True,2,0,0.48859515697514305,False,0.4539033336050208,False,6,2,True,False,False,35.0,9.550418189327583,6.448907872469642,0.201337934594542,11.0,False,2,2,2,5,-7.627556716574224,77.22000122070312,98410551.62620392,44.24119241192412,False,0.0,0,,,,0.0,0,,,,False,False,False,False,0,,none,0,0,False,-1,0.625,risk_on,7,False
WPM,132.6750030517578,-19.693645879840115,46.2136912016746,39.91137540457892,17.872766734489254,0.19120483254416462,False,0.978194374245186,6.489542424953039,-4.373286250543851,20.580754815678315,True,True,False,True,26,43.333333333333336,True,0.43258500267173716,1.3772220078983406,False,3.3972085200209823,True,5.885873759279647,False,1,2,0.5615533435105945,False,1.7182794637041523,True,2,2,True,True,True,65.0,29.43873126172277,22.596566827169074,0.7334108201601912,64.0,False,3,4,4,4,-7.848047222587207,143.97416338232776,214953470.28675842,67.54742547425474,False,0.0,0,,,,0.0,0,,,,False,False,False,False,0,,none,0,0,False,-2,0.5,risk_on,7,False
WRB,70.12000274658203,-8.267216897541463,11.350770527687004,0.9977723008378403,-21.040836369251824,0.055416899329929804,False,0.9180985335390958,3.7079378232659312,-1.127727339327711,-4.507691059290986,False,True,False,True,25,41.66666666666667,True,0.3639307746139725,0.8263804955892277,False,-0.2917061326310636,True,-2.786627732390068,True,2,1,0.43266573661386537,False,1.2239846615927448,True,6,2,True,False,False,55.0,19.550468905478034,5.8756454438143315,0.5159111853198431,12.0,False,2,3,3,5,-9.464163318894126,77.44999694824219,138446073.51943055,30.284552845528456,False,0.0,0,,,,0.0,0,,,,False,False,False,False,0,,none,0,0,False,-1,0.625,risk_on,7,False
WRBY,25.7549991607666,-15.112066475814457,56.18556408882345,-3.9351000603934483,-25.973708730483114,0.057758350561664,False,0.9922489207656577,8.736168019090815,20.51941108716637,5.944054819287925,False,True,False,False,23,38.333333333333336,False,0.36924205226835854,2.2622592562206214,False,-0.492887738307233,True,-4.469584438524931,True,1,2,0.6359170732067784,True,1.348658048788862,True,6,2,True,False,False,25.0,24.02198587735693,24.966028012809264,0.3034992016347235,6.0,False,0,4,3,4,-16.731332341898497,30.93000030517578,74850892.45059243,25.8130081300813,False,0.0,0,,,,0.0,0,,,,False,False,False,False,0,,none,0,0,False,-2,0.5,risk_on,7,False
WSC,22.2549991607666,-23.44341453595198,49.99585417014563,-11.935575463506943,-33.97418413359661,0.1076223601765848,False,1.1028246745940555,21.321056024115126,5.518615289562323,-17.20610172767616,False,False,False,False,24,40.0,True,0.5175532862316681,2.7317540011524795,True,-3.4042407114426543,True,-13.807128490292907,False,0,0,0.36490249372082617,False,0.3780485780756073,False,5,0,False,False,False,25.0,20.628616072499092,24.803417955166207,0.049912398933087486,18.0,False,1,1,1,1,-19.598992357651014,27.68000030517578,67560838.58543205,19.579945799457995,False,0.0,0,,,,0.0,0,,,,False,False,False,False,0,,none,0,0,False,-5,0.125,risk_on,7,False
WSM,246.76499938964844,-1.9918180212735836,46.81506810763152,19.048516788043912,-2.9900918820457534,0.053367912974569554,False,0.9720292901300484,5.110125277710085,20.206704805483476,12.88426006392498,True,True,False,True,26,43.333333333333336,True,0.5152789988877461,1.4454865961338599,True,2.6957799667125832,True,-0.05062983527441833,True,2,1,0.4555404620150492,False,2.32778453676762,True,4,3,True,False,False,45.0,19.08221457596592,10.686278516974193,0.8329518007844815,2.0,False,4,3,3,5,-3.1876495819592288,254.88999938964844,204824583.27809983,48.9159891598916,False,0.0,0,,,,0.0,0,,,,False,False,False,False,0,,none,0,0,False,-1,0.625,risk_on,7,False
WSO,312.05999755859375,-31.107519848158162,0.8923407289212149,-25.453577317481745,-47.49218598757141,0.05345354204991149,False,1.1459936918697031,8.66821076785654,-23.56492056025481,-13.280535704972152,False,True,False,False,21,35.0,False,0.41420860510961627,1.8880914937607993,False,-3.7684787686771353,True,-2.7911007917630126,True,1,0,0.4218326945284246,False,0.3643424335739237,False,6,1,False,False,False,25.0,24.206003730901962,10.074986440869576,0.11872458782809879,22.0,False,0,1,2,3,-21.332155914985208,396.6805003850832,186492758.19692078,10.840108401084011,False,0.0,0,,,,0.0,0,,,,False,False,False,False,0,,none,0,0,False,-3,0.375,risk_on,7,False
WST,347.8949890136719,-4.817018313406518,50.84850624909565,44.8171150572694,22.778506387179732,0.041715690520130314,True,1.0279532682659285,3.52693195324173,39.95284988939871,-1.1914673866973535,False,True,False,True,29,48.333333333333336,True,0.44859636227919947,1.4922183804348081,True,0.6359731546992923,True,-0.20224242039582618,True,2,1,0.5502392001718026,False,1.2265641877612814,True,4,1,False,False,False,45.0,19.541445715781357,6.987748844872415,0.49784212846444204,14.0,False,6,2,4,5,-9.812890787364415,385.74802103195736,264417205.73316193,70.52845528455285,False,0.0,0,,,,0.0,0,,,,False,False,False,False,0,,none,0,0,False,-1,0.625,risk_on,7,False
WT,22.600000381469727,-0.571927687570073,111.64155372421618,72.72630796831399,50.687699298224324,0.03689973539955059,True,1.2248686000778357,10.33234325785204,39.83458818403407,13.551735627985973,False,True,False,False,28,46.666666666666664,True,0.5534863479853747,2.471837089385573,True,3.2580513399488864,True,5.357827682566141,False,0,2,0.5011595948493682,False,1.3963560308891876,True,2,1,False,True,True,25.0,22.335670310699957,23.014141535426923,0.8680110229562906,0.0,True,9,4,5,5,-2.948062275894836,23.286500930786133,52327567.561226174,84.01084010840108,True,0.0,0,,,,0.0,0,,,,False,False,False,False,0,,none,0,0,False,-1,0.625,risk_on,7,False
WTFC,162.82000732421875,-2.1110765975083767,37.393331128119044,28.61170861861375,6.573099948524085,0.032039946048311285,True,0.88346897120451,4.167733463585645,8.935654637561807,3.553650434426503,False,True,False,True,27,45.0,True,0.42433224147711246,0.8387417629583375,False,1.4105923841299226,True,2.31886025776451,True,2,0,0.510297322239583,False,1.0755612072837981,False,3,0,False,False,False,65.0,14.352344800250691,4.216304015878459,0.8398585227569251,20.0,True,5,3,5,6,-2.298405698214112,166.6503074876052,106775043.16733399,57.45257452574526,False,0.0,0,,,,0.0,0,,,,False,True,False,False,1,,power_play,6,6,True,0,0.75,risk_on,7,False
WTRG,40.439998626708984,-1.113163369522463,13.268130444384774,7.05099833351055,-14.987610336579117,0.044951250290806294,False,1.0793565487614474,4.608426774999075,6.755736667847567,3.0824674091527227,False,True,False,True,26,43.333333333333336,True,0.4413873009963138,1.1194555836477291,True,2.0755397657095966,True,2.3328694404161743,True,2,0,0.5937355509840387,False,1.060383819835248,False,4,2,True,False,False,55.0,12.75669527269367,6.250175348422485,0.8902179279942946,11.0,True,4,4,4,6,-1.400456438981701,41.01438725391533,78728604.47355862,36.58536585365854,False,0.0,0,,,,0.0,0,,,,False,True,False,False,1,,power_play,6,6,True,0,0.75,risk_on,7,False
WTS,382.5400085449219,-2.470489806998477,45.95010828307291,38.983782064907004,16.94517339481734,0.04452994555353902,True,0.998599713379177,4.582526895938603,14.202647281632519,11.310266708899498,False,True,False,True,26,43.333333333333336,True,0.40375058103114436,1.159508526066575,False,3.0331623031702,True,1.437211894863899,True,2,1,0.4994604450536671,False,0.7265333131023377,False,2,4,True,False,False,25.0,15.105320807146,13.128038923752406,0.8144659963923045,4.0,True,6,5,5,5,-2.802550645128421,393.57000732421875,71128200.30227204,66.73441734417345,False,0.0,0,,,,0.0,0,,,,False,False,False,False,0,,none,0,0,False,-1,0.625,risk_on,7,False
WTW,340.8699951171875,-1.6382141836254638,41.298016676504304,5.269255113692695,-16.769353556396972,0.04849123615010584,False,1.230824928717796,2.892594095344984,18.32469950934399,16.21889168225841,False,True,False,True,26,43.333333333333336,True,0.4475745444186436,1.1498407157321164,True,5.571282100955477,False,0.25292942174122146,True,2,1,0.5963253131085349,False,1.855284563511847,True,5,1,False,True,True,25.0,18.149453996595476,6.5802191442723075,0.9258492340919012,3.0,True,4,3,5,4,-1.345795914661363,345.5199890136719,178355783.81022033,34.68834688346883,False,0.0,0,,,,0.0,0,,,,False,False,False,False,0,,none,0,0,False,-1,0.625,risk_on,7,False
WU,7.329899787902832,-24.518740443872755,15.249994245715225,-1.631516844481129,-23.670125514570795,0.07903389394550546,False,1.3389972707217388,6.071026678915846,-21.621477752398157,-11.794230833012097,False,True,False,True,24,40.0,True,0.4951687911193276,2.7352677771933265,True,-0.6398439264833858,True,2.372904247367136,True,2,0,0.5987761924098147,False,0.9163397682289143,False,4,1,False,True,True,25.0,29.944132798352218,15.5527346822263,0.3954850279350085,18.0,False,1,1,2,4,-18.101676602106288,8.949999809265137,99968583.86652887,28.319783197831978,False,0.0,0,,,,0.0,0,,,,False,False,False,False,0,,none,0,0,False,-2,0.5,risk_on,7,False
WULF,17.114999771118164,-40.94202884242891,213.46153207952528,213.46153207952528,191.4229234094356,0.11421715653266011,False,0.8029201843266028,15.892488166693022,7.573852515794077,-14.638401883414097,False,True,False,False,23,38.333333333333336,False,0.47287835655718347,4.221255128280996,True,-2.9059976836708494,True,-2.8660672194224857,True,1,0,0.27308239188330335,False,0.7595075724309481,False,5,2,True,False,False,25.0,37.37843273361936,21.32631999615744,0.26074655660429774,24.0,False,3,2,3,2,-27.63213510706275,23.649999618530273,562418238.9159935,95.9349593495935,True,0.0,0,,,,0.0,0,,,,False,False,False,False,0,,none,0,0,False,-3,0.375,risk_on,7,False
WWD,359.5950012207031,-17.6072314157362,51.9408314238446,46.241460685878025,24.20285201578836,0.07459694149724379,False,1.095619753810723,5.100181113650789,-5.314522893864071,-12.706947834751393,False,True,False,True,29,48.333333333333336,True,0.36808095128485935,1.372654848799124,False,-2.2072875576973754,True,-1.6909064408209051,True,2,0,0.3460067278468431,False,0.7468757080380913,False,6,3,True,False,False,25.0,19.818475271747005,7.858843885396584,0.18772082488716688,13.0,False,2,2,2,3,-16.098134745728743,428.5899963378906,248048750.60492554,71.68021680216802,False,0.0,0,,,,0.0,0,,,,False,False,False,False,0,,none,0,0,False,-3,0.375,risk_on,7,False
WY,24.979900360107422,-6.227427091142246,20.16107522945376,2.308903682239105,-19.72970498785056,0.06802142449167622,False,1.0482597958775906,5.684570618070467,-5.670503614532807,5.667939953694345,False,True,False,True,26,43.333333333333336,True,0.4401470992054351,1.3049352779582044,True,0.8522443421448082,True,-1.8471528044769148,True,2,1,0.5947995306019375,False,0.7167714658873015,False,2,2,True,True,True,65.0,14.387957568777912,8.727017617160769,0.7273094437012407,5.0,False,3,4,3,6,-3.9234601534329894,26.0,131749590.58895798,31.775067750677504,False,0.0,0,,,,0.0,0,,,,False,True,False,False,1,,power_play,6,6,True,0,0.75,risk_on,7,False
WYNN,103.19999694824219,-22.08523291893624,9.356780697963863,-6.8593842580686015,-28.897992928158267,0.05122875473680261,False,1.0369185742141207,6.220928642241268,-3.8509299640030026,6.644621812784246,True,True,False,True,20,33.33333333333333,False,0.47000701290546754,1.2067723628673013,True,0.8354695073412828,True,1.6748738406326957,True,2,0,0.5276677376767571,False,0.6635387235318688,False,6,1,False,False,False,25.0,15.30575022672027,11.928292560674759,0.6387559524787317,6.0,False,1,2,4,5,-5.52911116225,109.23999786376953,154034334.31923065,23.509485094850948,False,0.0,0,,,,0.0,0,,,,False,False,False,False,0,,none,0,0,False,-1,0.625,risk_on,7,False
XEL,79.0199966430664,-4.41610800316099,13.528220736910669,11.706640387934142,-10.331968282155524,0.06822288927151107,False,1.0259546980367076,4.264737104975819,1.550309387314086,-2.166646121991922,False,True,False,True,24,40.0,True,0.5125757186019108,1.156999794289961,True,-0.06822819208733259,True,2.663369351502465,True,2,0,0.577735456761377,False,0.7751122346308642,False,5,2,True,False,False,55.0,8.795958654983952,4.264737104975819,0.4705140189050659,34.0,False,4,2,2,6,-4.65733679810465,82.87999725341797,373715186.86362725,41.80216802168022,False,0.0,0,,,,0.0,0,,,,False,True,False,False,1,,power_play,6,6,True,0,0.75,risk_on,7,False
XMTR,94.64360046386719,-9.734285320731818,162.17064948552306,97.58579843204001,75.54718976195034,0.034340697352642745,True,0.9447537771114741,7.998427424276061,74.84500017794402,9.40191668800152,False,True,False,True,26,43.333333333333336,True,0.45423461136673215,2.7532686729226605,True,0.8338137619216733,True,8.67333154622052,False,1,0,0.562240532965401,False,1.1982261447274147,False,3,1,False,False,False,55.0,27.582957797107305,14.612717355712467,0.6091455730610948,17.0,False,8,2,5,4,-10.78092116306838,106.08000183105469,77235497.30981521,88.07588075880759,True,0.0,0,,,,0.0,0,,,,False,False,False,False,0,,none,0,0,False,-1,0.625,risk_on,7,False
XOM,158.1999969482422,-7.1127439570574325,52.02348609884302,51.712658036229,29.674049366139336,0.1039769682925159,False,1.1346425108774756,6.4096078288584994,6.232098978961065,0.8349783693607282,False,True,False,True,26,43.333333333333336,True,0.40978187595202653,0.9376494414189309,False,2.6392583760054205,True,2.169982362321554,True,2,2,0.6560168267864716,True,2.7533960688046757,True,4,1,False,False,False,65.0,17.552539719651435,7.951960855707505,0.809258735033983,58.0,False,4,4,5,7,-3.347993629492574,163.67999267578125,2155411966.528665,73.91598915989161,False,0.0,0,,,,0.0,0,,,,False,True,False,False,1,,power_play,7,7,True,1,0.875,risk_on,7,False
XP,15.739999771118164,-30.52773391484124,5.354753769774456,-7.018501782326236,-29.057110452415902,0.11184947713712147,False,0.8982033416476839,9.68868894984703,-22.148994477510662,-6.309520917144096,False,True,False,False,19,31.666666666666664,False,0.464333813284936,1.5103391153764194,True,-0.8078159945314857,True,-5.6354947053923965,False,0,0,0.3668531022755805,False,0.6778955267358805,False,4,2,True,False,False,45.0,15.161934940440865,13.024137654831208,0.3553874316157698,7.0,False,0,2,2,3,-9.773573823632187,17.44499969482422,54463731.71055031,23.3739837398374,False,0.0,0,,,,0.0,0,,,,False,False,False,False,0,,none,0,0,False,-3,0.375,risk_on,7,False
XPEV,11.658599853515625,-58.46597798265978,0.0,-42.19831527309649,-64.23692394318616,0.31856984343381856,False,0.7464335734264923,5.875494726840109,-34.13220705658618,-8.631664228917701,True,True,False,True,20,33.33333333333333,False,0.41411993958763976,1.1294949451363399,False,-4.19032584670428,True,-0.18322304024832592,True,2,2,0.6443533201374063,True,1.2813775287653357,True,6,3,True,False,False,25.0,20.539420879624075,13.380684123456597,0.05676769940702013,20.0,False,0,4,4,5,-19.373445209135298,14.460000038146973,77913506.9171556,3.9295392953929538,False,0.0,0,,,,0.0,0,,,,False,False,False,False,0,,none,0,0,False,-1,0.625,risk_on,7,False
XPO,211.66000366210938,-7.317069585478353,71.16286381524995,62.42806202719533,40.389453357105666,0.04492334842769735,True,0.9024721603066064,7.776524995764651,11.511514875169105,-1.1673514929259943,True,True,False,True,24,40.0,True,0.49896656226514835,1.707566966710838,True,0.4086762445738905,True,7.797299252704026,False,1,0,0.515331673185755,False,0.392594410116396,False,3,0,False,False,False,25.0,12.032290860512223,8.924596380309053,0.6671691580345896,19.0,False,5,2,5,6,-4.004717497876998,220.49000549316406,197979131.1937317,79.40379403794037,False,0.0,0,,,,0.0,0,,,,False,True,False,False,1,,power_play,6,6,True,0,0.75,risk_on,7,False
XRAY,11.675000190734863,-20.470027601984686,21.109956171543853,-13.363908772179133,-35.4025174422688,0.06299196406121035,False,1.1675823208625205,20.214129491407743,-8.860266914150483,-8.215409232361914,False,True,False,False,25,41.66666666666667,True,0.5622764787384129,2.9522404084841773,True,-0.2777938704777859,True,-11.351555633246257,False,0,0,0.39185412736884856,False,0.58538942660579,False,4,2,True,False,False,25.0,22.299164867905205,26.809422383777324,0.1413043542646133,11.0,False,1,2,2,3,-19.148195775605714,14.4399995803833,66670780.93769641,18.495934959349594,False,0.0,0,,,,0.0,0,,,,False,False,False,False,0,,none,0,0,False,-3,0.375,risk_on,7,False
XYL,120.75499725341797,-20.246161812282082,14.000811019493288,-14.776125510788141,-36.81473418087781,0.04978260109922475,False,1.1826068193292933,3.3124923116892213,-3.5372990941796134,3.324201604803645,False,True,False,True,27,45.0,True,0.46957720404324116,1.3556467762401099,True,1.0520949979842504,True,-0.004144487184465362,True,2,0,0.4800998239886508,False,0.6031693767559815,False,4,0,False,False,False,65.0,17.522186369454335,7.602170108049869,0.7125378022361478,12.0,False,2,2,3,5,-5.036966203391158,127.16000366210938,228303639.7677559,16.869918699186993,False,0.0,0,,,,0.0,0,,,,False,False,False,False,0,,none,0,0,False,-1,0.625,risk_on,7,False
XYZ,80.69000244140625,-4.666820624676515,64.3715668987475,4.860306226756128,-17.178302443333536,0.12345088996413134,False,0.8966375634603998,4.312796656644164,64.3715668987475,5.490919982919884,False,True,False,True,25,41.66666666666667,True,0.4285938541013537,1.3416015738313178,False,1.4261062014663792,True,2.1133964430336105,True,2,0,0.5396584007375134,False,0.996670902610844,False,8,2,True,False,False,45.0,24.541787798878783,11.798235661201566,0.715359450540275,6.0,False,6,3,3,6,-6.985587963796835,86.75,384701554.1972183,34.21409214092141,False,0.0,0,,,,0.0,0,,,,False,True,False,False,1,,power_play,6,6,True,0,0.75,risk_on,7,False
YETI,44.83000183105469,-14.901287829624088,39.61383051672218,26.781677198079024,4.743068527989358,1.360949876108081,False,1.074631743868622,19.56279299477634,-5.322062775659219,-10.53681643381611,False,False,False,False,26,43.333333333333336,True,0.38820342653040785,1.4248415134059949,False,-2.319902383511939,True,-13.589049907312711,False,0,2,0.4764522312498084,False,1.2583578967728963,True,2,2,True,False,False,25.0,18.503429094078317,22.28418753163314,0.08308325241263333,6.0,False,1,4,3,4,-16.966104024155747,53.9900016784668,67437350.01518631,55.28455284552846,False,0.0,0,,,,0.0,0,,,,False,False,False,False,0,,none,0,0,False,-2,0.5,risk_on,7,False
YMM,8.975000381469727,-34.594848509552165,20.196368617421246,-18.967077073482052,-41.00568574357172,0.11402064535440141,False,0.9012393687511142,8.91365077138701,-3.9168775734171435,-1.0474015055226937,False,True,False,False,23,38.333333333333336,False,0.38230058741686745,1.0524977759151046,False,0.8938600800536741,True,-5.823707943887124,False,0,1,0.5452462956196691,False,1.3721222431931377,True,4,1,False,False,False,35.0,24.356849424669278,9.582179095247355,0.6697836040025216,7.0,False,0,3,3,4,-8.043031034867543,9.760000228881836,55821952.008124016,14.363143631436316,False,0.0,0,,,,0.0,0,,,,False,False,False,False,0,,none,0,0,False,-2,0.5,risk_on,7,False
YOU,45.68000030517578,-26.54075322925633,56.44348301633293,36.229067334353495,14.19045866426383,0.23466009781216526,False,1.3547228371898141,20.577936652977293,41.5041194847932,-11.899707522700941,False,False,False,False,23,38.333333333333336,False,0.4826880428780015,3.3772231540359585,True,-2.07692479281286,True,-13.843832684299983,False,0,0,0.297979960706578,False,0.5011097743319565,False,3,2,True,False,False,25.0,35.19617993441615,53.21804117969011,0.03784458789267567,6.0,False,2,2,2,3,-33.86419500940171,69.06999969482422,78962133.9446949,65.2439024390244,False,0.0,0,,,,0.0,0,,,,False,False,False,False,0,,none,0,0,False,-3,0.375,risk_on,7,False
YPF,48.290000915527344,-14.303456569382744,104.87909011781377,43.081484194155095,21.04287552406543,0.1319700474233617,False,1.037678090328669,10.623319467500187,29.39443009219669,-6.991520380270666,False,True,False,False,23,38.333333333333336,False,0.4546940905583741,1.6020085010535405,True,-0.9009750255385738,True,-2.660753232381108,True,1,0,0.3141709753843482,False,0.9319202579469502,False,5,1,False,False,False,35.0,17.827140734486957,11.617313116570479,0.4471205025015229,15.0,False,1,1,2,4,-9.856260611117785,53.56999969482422,51719519.52327347,69.51219512195121,False,0.0,0,,,,0.0,0,,,,False,False,False,False,0,,none,0,0,False,-2,0.5,risk_on,7,False
YUM,154.02999877929688,-8.036304419618967,13.040666043970317,8.427334209029036,-13.61127446106063,0.19031195614587054,False,1.1777852255116863,7.40765029704265,-4.766563450434791,4.519239928598351,True,True,False,True,27,45.0,True,0.43493975607931357,1.379799586693456,False,0.11300367834977758,True,1.149198853446487,True,2,0,0.48646966177845063,False,0.7176419673220025,False,5,1,False,False,False,25.0,14.015992965414634,9.770825924190476,0.4731874703792245,24.0,False,3,1,3,6,-7.383800709257082,166.30999755859375,371336125.80678403,38.21138211382114,False,0.0,0,,,,0.0,0,,,,False,True,False,False,1,,power_play,6,6,True,0,0.75,risk_on,7,False
YUMC,48.2599983215332,-15.704902002069288,20.109502127894707,7.101544595473541,-14.937064074616124,0.49418023274050377,False,1.1165180015240987,2.735183880508438,-8.948720798039844,11.946178701619004,True,True,False,True,21,35.0,False,0.48464170183284305,0.9487379933120691,True,3.8350307434825965,True,0.14525772321856145,True,2,1,0.6136082034512399,True,0.9000697040287484,False,5,2,True,False,False,35.0,18.236428265629094,4.216742474489705,0.9056391504320129,8.0,True,1,5,5,4,-1.7208048642304186,49.10499954223633,72769898.00553818,36.72086720867209,False,0.0,0,,,,0.0,0,,,,False,False,False,False,0,,none,0,0,False,-1,0.625,risk_on,7,False
YXT,5.020100116729736,-78.57405014364949,93.0807808025353,-40.66075538896441,-62.699364059054076,1.612863208851198,False,2.5281711064012935,52.19019192122884,-19.030640787636564,48.9644002138268,False,True,False,False,9,15.0,False,0.4241976525195554,8.877101720486332,False,0.1516213684355707,True,-36.854085067031306,False,0,1,0.45757618579843357,False,9.124830426788058,True,3,3,True,True,False,,,,,,False,1,3,2,3,,,75255140.1158298,4.403794037940379,False,0.0,0,,,,0.0,0,,,,False,False,False,False,0,,none,0,0,False,-3,0.375,risk_on,7,False
Z,34.56769943237305,-61.72752485698475,17.53723091370496,-59.255420881088995,-81.29402955117865,0.13872230951680828,False,1.195003340046166,6.76932567400321,-21.114332101522137,16.861729281715586,False,True,False,True,25,41.66666666666667,True,0.46604281612443105,2.5049506834608963,True,0.754049973128947,True,3.403227989265445,True,2,2,0.6685593150288922,True,2.663830157334115,True,5,1,False,False,False,25.0,20.236156060879836,20.19225941226357,0.6951977540617827,6.0,False,2,3,3,5,-6.168025816512445,36.84000015258789,125226810.53122596,1.4227642276422763,False,0.0,0,,,,0.0,0,,,,False,False,False,False,0,,none,0,0,False,-1,0.625,risk_on,7,False
ZBH,99.94000244140625,-6.237692625993763,25.91802013771516,-2.159099608952675,-24.19770827904234,0.11027399857426703,False,1.1291468956201252,5.663401564781604,5.565961358965521,11.477970708742236,False,True,False,True,33,55.00000000000001,True,0.4438910719583656,1.274655341238933,True,2.6988536145972515,True,2.8295091376892456,True,2,3,0.7438620195876797,True,1.4129312600402089,True,2,0,False,False,False,35.0,17.760315608106943,10.73644496179043,0.8971238704657222,6.0,True,3,6,5,6,-1.8271125290692636,101.80000305175781,238397894.95363045,27.57452574525745,False,0.0,0,,,,0.0,0,,,,False,True,False,False,1,,power_play,6,6,True,0,0.75,risk_on,7,False
ZBRA,381.8450927734375,-0.3171578324281721,91.5931193810735,13.038811892279622,-8.999796777810044,0.04949017657299179,False,1.3493561366011477,5.428905956538766,39.28327604399562,48.60676187311292,False,True,False,True,27,45.0,True,0.42520008485909067,2.0595435176150327,False,6.473420399107625,False,4.833379917382019,True,2,1,0.5884052198459051,False,1.879611390284757,True,3,0,False,True,False,25.0,35.18887704117854,26.172917848836747,0.9677366044092521,1.0,True,6,2,3,4,-1.135312660373733,386.2300109863281,258841365.31499022,43.15718157181572,False,0.0,0,,,,0.0,0,,,,False,False,False,False,0,,none,0,0,False,-2,0.5,risk_on,7,False
ZETA,28.920000076293945,-0.7890207384089298,98.76288451672734,56.83296767199315,34.79435900190349,0.1481579025241914,True,1.1759157159912372,16.90871153785655,93.05741628865596,49.22601304772181,False,True,False,False,29,48.333333333333336,True,0.5359181735584398,3.468581614640848,True,4.136988924523413,False,13.145542568686764,False,0,3,0.6670278682591758,True,3.148302734268998,True,2,1,False,True,True,25.0,36.199397510096375,31.06846016355317,0.9103512624109874,1.0,False,9,3,4,5,-3.245230288262979,29.889999389648438,233815227.30574474,76.42276422764228,False,0.0,0,,,,0.0,0,,,,False,False,False,False,0,,none,0,0,False,-1,0.625,risk_on,7,False
ZION,71.83999633789062,-2.0051851993695857,56.69852820526646,37.68698673783648,15.648378067746812,0.08340276268628849,True,0.8207222795466207,3.5773939669157833,20.262789224155163,3.8750615006828415,False,True,False,True,32,53.333333333333336,True,0.49331592537365826,0.9621665496192308,True,2.3830928698500458,True,1.7852004450948478,True,2,1,0.5877219502583696,False,1.2894732856248192,True,6,0,False,False,False,55.0,17.357507994532302,5.470490681390776,0.8821680672873268,20.0,True,6,4,5,6,-2.045268714071413,73.33999633789062,109998969.66725464,65.78590785907859,False,0.0,0,,,,0.0,0,,,,False,True,False,False,1,,power_play,6,6,True,0,0.75,risk_on,7,True
ZM,106.29000091552734,-4.99642159020508,47.91260786632401,46.82967510941367,24.791066439324005,0.09714383964765866,True,0.9818857143669915,4.9110934008286025,15.232007130473324,26.37022963289106,False,True,False,True,23,38.333333333333336,False,0.4401413083028012,1.5887508150724066,True,3.781165982976249,True,4.925960230445359,True,2,3,0.7563264092018345,True,5.6903012284219505,True,2,1,False,False,False,25.0,22.466738623065748,15.368330928376503,0.9511285940619338,3.0,True,5,5,5,6,-1.0979811033522746,107.47000122070312,277122203.9805454,71.95121951219512,False,0.0,0,,,,0.0,0,,,,False,True,False,False,1,,power_play,6,6,True,0,0.75,risk_on,7,False
ZS,181.57000732421875,-46.004694663121846,53.80771082624305,-34.632964500969955,-56.67157317105962,0.14240183409945578,False,1.0266145095026495,9.38480618977203,6.243425283091164,29.971375297516367,False,True,False,False,26,43.333333333333336,True,0.4834920554295819,2.2675784312859397,True,4.907778123078784,False,11.666666979474961,False,0,2,0.7566027351351623,True,3.888553550333922,True,3,1,False,False,False,65.0,37.51633986928105,20.339258239846608,0.8650872100936411,55.0,False,2,2,3,3,-5.061434078839866,191.25,328775848.15042114,6.639566395663957,False,0.0,0,,,,0.0,0,,,,False,False,False,False,0,,none,0,0,False,-3,0.375,risk_on,7,False
ZSL,24.75,-89.73455023913452,60.818709862721086,-89.00976894520637,-111.04837761529603,0.26627370158685965,False,0.854132603005766,10.42424211598406,-7.30337343527766,-21.97351659594785,False,True,False,False,25,41.66666666666667,True,0.3677396993015341,1.6499679516849715,False,-2.0808062079343292,True,-9.10760038166586,False,0,0,0.4052137559886484,False,0.6780001984572109,False,8,2,True,False,False,25.0,33.22937643490533,37.53535723445391,0.10238913293111933,19.0,False,1,2,2,2,-29.827049393893613,35.27000045776367,56803518.45146637,0.13550135501355012,False,0.0,0,,,,0.0,0,,,,False,False,False,False,0,,none,0,0,False,-4,0.25,risk_on,7,False
ZTS,74.22989654541016,-51.73798035522814,4.01801182877537,-50.370284711813404,-72.40889338190307,0.13200074703228643,False,1.1909188142529854,10.50789966679552,-40.24795707932047,-0.45608575942862606,False,True,False,False,22,36.666666666666664,False,0.4207306606629266,1.6272649533560835,False,-0.6093682289027826,True,-3.9343862168124577,True,1,0,0.5932091820614888,False,0.5129049632611694,False,5,1,False,False,False,35.0,11.469074158227103,11.747290009179338,0.353968580246282,8.0,False,0,1,2,4,-7.409382261700137,80.16999816894531,507589626.642543,2.303523035230352,False,0.0,0,,,,0.0,0,,,,False,False,False,False,0,,none,0,0,False,-2,0.5,risk_on,7,False
